<?xml version='1.0' encoding='ISO-8859-1'?>
<rdf:RDF
  xmlns:rdf='http://www.w3.org/1999/02/22-rdf-syntax-ns#'
  xmlns:NS0='http://www.daml.org/2001/12/factbook/factbook-ont#'
  xml:base="http://www.daml.org/2001/12/factbook/agricultureProducts">
  <rdf:Description rdf:about='http://www.daml.org/2001/12/factbook/agricultureProducts#cinnamon'>
    <rdf:type rdf:resource='http://www.daml.org/2001/12/factbook/factbook-ont#AgricultureProduct'/>
    <NS0:name>cinnamon</NS0:name>
  </rdf:Description>
  <rdf:Description rdf:about='http://www.daml.org/2001/12/factbook/agricultureProducts#cardamom'>
    <rdf:type rdf:resource='http://www.daml.org/2001/12/factbook/factbook-ont#AgricultureProduct'/>
    <NS0:name>cardamom</NS0:name>
  </rdf:Description>
  <rdf:Description rdf:about='http://www.daml.org/2001/12/factbook/agricultureProducts#avocados'>
    <rdf:type rdf:resource='http://www.daml.org/2001/12/factbook/factbook-ont#AgricultureProduct'/>
    <NS0:name>avocados</NS0:name>
  </rdf:Description>
  <rdf:Description rdf:about='http://www.daml.org/2001/12/factbook/agricultureProducts#sugar_beets'>
    <rdf:type rdf:resource='http://www.daml.org/2001/12/factbook/factbook-ont#AgricultureProduct'/>
    <NS0:name>sugar beets</NS0:name>
  </rdf:Description>
  <rdf:Description rdf:about='http://www.daml.org/2001/12/factbook/agricultureProducts#donkeys'>
    <rdf:type rdf:resource='http://www.daml.org/2001/12/factbook/factbook-ont#AgricultureProduct'/>
    <NS0:name>donkeys</NS0:name>
  </rdf:Description>
  <rdf:Description rdf:about='http://www.daml.org/2001/12/factbook/agricultureProducts#sesame'>
    <rdf:type rdf:resource='http://www.daml.org/2001/12/factbook/factbook-ont#AgricultureProduct'/>
    <NS0:name>sesame</NS0:name>
  </rdf:Description>
  <rdf:Description rdf:about='http://www.daml.org/2001/12/factbook/agricultureProducts#coconuts'>
    <rdf:type rdf:resource='http://www.daml.org/2001/12/factbook/factbook-ont#AgricultureProduct'/>
    <NS0:name>coconuts</NS0:name>
  </rdf:Description>
  <rdf:Description rdf:about='http://www.daml.org/2001/12/factbook/agricultureProducts#citrus_fruit'>
    <rdf:type rdf:resource='http://www.daml.org/2001/12/factbook/factbook-ont#AgricultureProduct'/>
    <NS0:name>citrus fruit</NS0:name>
  </rdf:Description>
  <rdf:Description rdf:about='http://www.daml.org/2001/12/factbook/agricultureProducts#dates'>
    <rdf:type rdf:resource='http://www.daml.org/2001/12/factbook/factbook-ont#AgricultureProduct'/>
    <NS0:name>dates</NS0:name>
  </rdf:Description>
  <rdf:Description rdf:about='http://www.daml.org/2001/12/factbook/agricultureProducts#sweet_peppers'>
    <rdf:type rdf:resource='http://www.daml.org/2001/12/factbook/factbook-ont#AgricultureProduct'/>
    <NS0:name>sweet peppers</NS0:name>
  </rdf:Description>
  <rdf:Description rdf:about='http://www.daml.org/2001/12/factbook/agricultureProducts#Norfolk_Island_pine_seed'>
    <rdf:type rdf:resource='http://www.daml.org/2001/12/factbook/factbook-ont#AgricultureProduct'/>
    <NS0:name>Norfolk Island pine seed</NS0:name>
  </rdf:Description>
  <rdf:Description rdf:about='http://www.daml.org/2001/12/factbook/agricultureProducts#onions'>
    <rdf:type rdf:resource='http://www.daml.org/2001/12/factbook/factbook-ont#AgricultureProduct'/>
    <NS0:name>onions</NS0:name>
  </rdf:Description>
  <rdf:Description rdf:about='http://www.daml.org/2001/12/factbook/agricultureProducts#cauliflower'>
    <rdf:type rdf:resource='http://www.daml.org/2001/12/factbook/factbook-ont#AgricultureProduct'/>
    <NS0:name>cauliflower</NS0:name>
  </rdf:Description>
  <rdf:Description rdf:about='http://www.daml.org/2001/12/factbook/agricultureProducts#sunflower_seed'>
    <rdf:type rdf:resource='http://www.daml.org/2001/12/factbook/factbook-ont#AgricultureProduct'/>
    <NS0:name>sunflower seed</NS0:name>
  </rdf:Description>
  <rdf:Description rdf:about='http://www.daml.org/2001/12/factbook/agricultureProducts#forest_products'>
    <rdf:type rdf:resource='http://www.daml.org/2001/12/factbook/factbook-ont#AgricultureProduct'/>
    <NS0:name>forest products</NS0:name>
  </rdf:Description>
  <rdf:Description rdf:about='http://www.daml.org/2001/12/factbook/agricultureProducts#sunflower_seeds'>
    <rdf:type rdf:resource='http://www.daml.org/2001/12/factbook/factbook-ont#AgricultureProduct'/>
    <NS0:name>sunflower seeds</NS0:name>
  </rdf:Description>
  <rdf:Description rdf:about='http://www.daml.org/2001/12/factbook/agricultureProducts#water_buffalo_meat'>
    <rdf:type rdf:resource='http://www.daml.org/2001/12/factbook/factbook-ont#AgricultureProduct'/>
    <NS0:name>water buffalo meat</NS0:name>
  </rdf:Description>
  <rdf:Description rdf:about='http://www.daml.org/2001/12/factbook/agricultureProducts#flowers'>
    <rdf:type rdf:resource='http://www.daml.org/2001/12/factbook/factbook-ont#AgricultureProduct'/>
    <NS0:name>flowers</NS0:name>
  </rdf:Description>
  <rdf:Description rdf:about='http://www.daml.org/2001/12/factbook/agricultureProducts#limes'>
    <rdf:type rdf:resource='http://www.daml.org/2001/12/factbook/factbook-ont#AgricultureProduct'/>
    <NS0:name>limes</NS0:name>
  </rdf:Description>
  <rdf:Description rdf:about='http://www.daml.org/2001/12/factbook/agricultureProducts#Sarawak_-_rubber'>
    <rdf:type rdf:resource='http://www.daml.org/2001/12/factbook/factbook-ont#AgricultureProduct'/>
    <NS0:name>Sarawak - rubber</NS0:name>
  </rdf:Description>
  <rdf:Description rdf:about='http://www.daml.org/2001/12/factbook/agricultureProducts#flax'>
    <rdf:type rdf:resource='http://www.daml.org/2001/12/factbook/factbook-ont#AgricultureProduct'/>
    <NS0:name>flax</NS0:name>
  </rdf:Description>
  <rdf:Description rdf:about='http://www.daml.org/2001/12/factbook/agricultureProducts#sugar'>
    <rdf:type rdf:resource='http://www.daml.org/2001/12/factbook/factbook-ont#AgricultureProduct'/>
    <NS0:name>sugar</NS0:name>
  </rdf:Description>
  <rdf:Description rdf:about='http://www.daml.org/2001/12/factbook/agricultureProducts#mace'>
    <rdf:type rdf:resource='http://www.daml.org/2001/12/factbook/factbook-ont#AgricultureProduct'/>
    <NS0:name>mace</NS0:name>
  </rdf:Description>
  <rdf:Description rdf:about='http://www.daml.org/2001/12/factbook/agricultureProducts#rice'>
    <rdf:type rdf:resource='http://www.daml.org/2001/12/factbook/factbook-ont#AgricultureProduct'/>
    <NS0:name>rice</NS0:name>
  </rdf:Description>
  <rdf:Description rdf:about='http://www.daml.org/2001/12/factbook/agricultureProducts#oats'>
    <rdf:type rdf:resource='http://www.daml.org/2001/12/factbook/factbook-ont#AgricultureProduct'/>
    <NS0:name>oats</NS0:name>
  </rdf:Description>
  <rdf:Description rdf:about='http://www.daml.org/2001/12/factbook/agricultureProducts#chickens'>
    <rdf:type rdf:resource='http://www.daml.org/2001/12/factbook/factbook-ont#AgricultureProduct'/>
    <NS0:name>chickens</NS0:name>
  </rdf:Description>
  <rdf:Description rdf:about='http://www.daml.org/2001/12/factbook/agricultureProducts#Senepol_cattle'>
    <rdf:type rdf:resource='http://www.daml.org/2001/12/factbook/factbook-ont#AgricultureProduct'/>
    <NS0:name>Senepol cattle</NS0:name>
  </rdf:Description>
  <rdf:Description rdf:about='http://www.daml.org/2001/12/factbook/agricultureProducts#rape'>
    <rdf:type rdf:resource='http://www.daml.org/2001/12/factbook/factbook-ont#AgricultureProduct'/>
    <NS0:name>rape</NS0:name>
  </rdf:Description>
  <rdf:Description rdf:about='http://www.daml.org/2001/12/factbook/agricultureProducts#pineapples'>
    <rdf:type rdf:resource='http://www.daml.org/2001/12/factbook/factbook-ont#AgricultureProduct'/>
    <NS0:name>pineapples</NS0:name>
  </rdf:Description>
  <rdf:Description rdf:about='http://www.daml.org/2001/12/factbook/agricultureProducts#qat'>
    <rdf:type rdf:resource='http://www.daml.org/2001/12/factbook/factbook-ont#AgricultureProduct'/>
    <NS0:name>qat</NS0:name>
  </rdf:Description>
  <rdf:Description rdf:about='http://www.daml.org/2001/12/factbook/agricultureProducts#mulberry_leaves'>
    <rdf:type rdf:resource='http://www.daml.org/2001/12/factbook/factbook-ont#AgricultureProduct'/>
    <NS0:name>mulberry leaves</NS0:name>
  </rdf:Description>
  <rdf:Description rdf:about='http://www.daml.org/2001/12/factbook/agricultureProducts#cassava'>
    <rdf:type rdf:resource='http://www.daml.org/2001/12/factbook/factbook-ont#AgricultureProduct'/>
    <NS0:name>cassava</NS0:name>
  </rdf:Description>
  <rdf:Description rdf:about='http://www.daml.org/2001/12/factbook/agricultureProducts#livestock'>
    <rdf:type rdf:resource='http://www.daml.org/2001/12/factbook/factbook-ont#AgricultureProduct'/>
    <NS0:name>livestock</NS0:name>
  </rdf:Description>
  <rdf:Description rdf:about='http://www.daml.org/2001/12/factbook/agricultureProducts#wool'>
    <rdf:type rdf:resource='http://www.daml.org/2001/12/factbook/factbook-ont#AgricultureProduct'/>
    <NS0:name>wool</NS0:name>
  </rdf:Description>
  <rdf:Description rdf:about='http://www.daml.org/2001/12/factbook/agricultureProducts#vanilla'>
    <rdf:type rdf:resource='http://www.daml.org/2001/12/factbook/factbook-ont#AgricultureProduct'/>
    <NS0:name>vanilla</NS0:name>
  </rdf:Description>
  <rdf:Description rdf:about='http://www.daml.org/2001/12/factbook/agricultureProducts#dairy_products'>
    <rdf:type rdf:resource='http://www.daml.org/2001/12/factbook/factbook-ont#AgricultureProduct'/>
    <NS0:name>dairy products</NS0:name>
  </rdf:Description>
  <rdf:Description rdf:about='http://www.daml.org/2001/12/factbook/agricultureProducts#veal'>
    <rdf:type rdf:resource='http://www.daml.org/2001/12/factbook/factbook-ont#AgricultureProduct'/>
    <NS0:name>veal</NS0:name>
  </rdf:Description>
  <rdf:Description rdf:about='http://www.daml.org/2001/12/factbook/agricultureProducts#breadfruit'>
    <rdf:type rdf:resource='http://www.daml.org/2001/12/factbook/factbook-ont#AgricultureProduct'/>
    <NS0:name>breadfruit</NS0:name>
  </rdf:Description>
  <rdf:Description rdf:about='http://www.daml.org/2001/12/factbook/agricultureProducts#sugarcane'>
    <rdf:type rdf:resource='http://www.daml.org/2001/12/factbook/factbook-ont#AgricultureProduct'/>
    <NS0:name>sugarcane</NS0:name>
  </rdf:Description>
  <rdf:Description rdf:about='http://www.daml.org/2001/12/factbook/agricultureProducts#fresh_vegetables'>
    <rdf:type rdf:resource='http://www.daml.org/2001/12/factbook/factbook-ont#AgricultureProduct'/>
    <NS0:name>fresh vegetables</NS0:name>
  </rdf:Description>
  <rdf:Description rdf:about='http://www.daml.org/2001/12/factbook/agricultureProducts#wheat'>
    <rdf:type rdf:resource='http://www.daml.org/2001/12/factbook/factbook-ont#AgricultureProduct'/>
    <NS0:name>wheat</NS0:name>
  </rdf:Description>
  <rdf:Description rdf:about='http://www.daml.org/2001/12/factbook/agricultureProducts#balsa_wood'>
    <rdf:type rdf:resource='http://www.daml.org/2001/12/factbook/factbook-ont#AgricultureProduct'/>
    <NS0:name>balsa wood</NS0:name>
  </rdf:Description>
  <rdf:Description rdf:about='http://www.daml.org/2001/12/factbook/agricultureProducts#wood'>
    <rdf:type rdf:resource='http://www.daml.org/2001/12/factbook/factbook-ont#AgricultureProduct'/>
    <NS0:name>wood</NS0:name>
  </rdf:Description>
  <rdf:Description rdf:about='http://www.daml.org/2001/12/factbook/agricultureProducts#other_fish'>
    <rdf:type rdf:resource='http://www.daml.org/2001/12/factbook/factbook-ont#AgricultureProduct'/>
    <NS0:name>other fish</NS0:name>
  </rdf:Description>
  <rdf:Description rdf:about='http://www.daml.org/2001/12/factbook/agricultureProducts#papayas'>
    <rdf:type rdf:resource='http://www.daml.org/2001/12/factbook/factbook-ont#AgricultureProduct'/>
    <NS0:name>papayas</NS0:name>
  </rdf:Description>
  <rdf:Description rdf:about='http://www.daml.org/2001/12/factbook/agricultureProducts#grains'>
    <rdf:type rdf:resource='http://www.daml.org/2001/12/factbook/factbook-ont#AgricultureProduct'/>
    <NS0:name>grains</NS0:name>
  </rdf:Description>
  <rdf:Description rdf:about='http://www.daml.org/2001/12/factbook/agricultureProducts#tropical_fruit'>
    <rdf:type rdf:resource='http://www.daml.org/2001/12/factbook/factbook-ont#AgricultureProduct'/>
    <NS0:name>tropical fruit</NS0:name>
  </rdf:Description>
  <rdf:Description rdf:about='http://www.daml.org/2001/12/factbook/agricultureProducts#cereals'>
    <rdf:type rdf:resource='http://www.daml.org/2001/12/factbook/factbook-ont#AgricultureProduct'/>
    <NS0:name>cereals</NS0:name>
  </rdf:Description>
  <rdf:Description rdf:about='http://www.daml.org/2001/12/factbook/agricultureProducts#meat'>
    <rdf:type rdf:resource='http://www.daml.org/2001/12/factbook/factbook-ont#AgricultureProduct'/>
    <NS0:name>meat</NS0:name>
  </rdf:Description>
  <rdf:Description rdf:about='http://www.daml.org/2001/12/factbook/agricultureProducts#perfume_essences'>
    <rdf:type rdf:resource='http://www.daml.org/2001/12/factbook/factbook-ont#AgricultureProduct'/>
    <NS0:name>perfume essences</NS0:name>
  </rdf:Description>
  <rdf:Description rdf:about='http://www.daml.org/2001/12/factbook/agricultureProducts#cultured_shrimp'>
    <rdf:type rdf:resource='http://www.daml.org/2001/12/factbook/factbook-ont#AgricultureProduct'/>
    <NS0:name>cultured shrimp</NS0:name>
  </rdf:Description>
  <rdf:Description rdf:about='http://www.daml.org/2001/12/factbook/agricultureProducts#carrots'>
    <rdf:type rdf:resource='http://www.daml.org/2001/12/factbook/factbook-ont#AgricultureProduct'/>
    <NS0:name>carrots</NS0:name>
  </rdf:Description>
  <rdf:Description rdf:about='http://www.daml.org/2001/12/factbook/agricultureProducts#fish'>
    <rdf:type rdf:resource='http://www.daml.org/2001/12/factbook/factbook-ont#AgricultureProduct'/>
    <NS0:name>fish</NS0:name>
  </rdf:Description>
  <rdf:Description rdf:about='http://www.daml.org/2001/12/factbook/agricultureProducts#oilseed'>
    <rdf:type rdf:resource='http://www.daml.org/2001/12/factbook/factbook-ont#AgricultureProduct'/>
    <NS0:name>oilseed</NS0:name>
  </rdf:Description>
  <rdf:Description rdf:about='http://www.daml.org/2001/12/factbook/agricultureProducts#fruits_and_berries'>
    <rdf:type rdf:resource='http://www.daml.org/2001/12/factbook/factbook-ont#AgricultureProduct'/>
    <NS0:name>fruits and berries</NS0:name>
  </rdf:Description>
  <rdf:Description rdf:about='http://www.daml.org/2001/12/factbook/agricultureProducts#grain'>
    <rdf:type rdf:resource='http://www.daml.org/2001/12/factbook/factbook-ont#AgricultureProduct'/>
    <NS0:name>grain</NS0:name>
  </rdf:Description>
  <rdf:Description rdf:about='http://www.daml.org/2001/12/factbook/agricultureProducts#sweet_potatoes'>
    <rdf:type rdf:resource='http://www.daml.org/2001/12/factbook/factbook-ont#AgricultureProduct'/>
    <NS0:name>sweet potatoes</NS0:name>
  </rdf:Description>
  <rdf:Description rdf:about='http://www.daml.org/2001/12/factbook/agricultureProducts#cocoa'>
    <rdf:type rdf:resource='http://www.daml.org/2001/12/factbook/factbook-ont#AgricultureProduct'/>
    <NS0:name>cocoa</NS0:name>
  </rdf:Description>
  <rdf:Description rdf:about='http://www.daml.org/2001/12/factbook/agricultureProducts#okoume'>
    <rdf:type rdf:resource='http://www.daml.org/2001/12/factbook/factbook-ont#AgricultureProduct'/>
    <NS0:name>okoume</NS0:name>
  </rdf:Description>
  <rdf:Description rdf:about='http://www.daml.org/2001/12/factbook/agricultureProducts#peppers'>
    <rdf:type rdf:resource='http://www.daml.org/2001/12/factbook/factbook-ont#AgricultureProduct'/>
    <NS0:name>peppers</NS0:name>
  </rdf:Description>
  <rdf:Description rdf:about='http://www.daml.org/2001/12/factbook/agricultureProducts#lentils'>
    <rdf:type rdf:resource='http://www.daml.org/2001/12/factbook/factbook-ont#AgricultureProduct'/>
    <NS0:name>lentils</NS0:name>
  </rdf:Description>
  <rdf:Description rdf:about='http://www.daml.org/2001/12/factbook/agricultureProducts#quinine'>
    <rdf:type rdf:resource='http://www.daml.org/2001/12/factbook/factbook-ont#AgricultureProduct'/>
    <NS0:name>quinine</NS0:name>
  </rdf:Description>
  <rdf:Description rdf:about='http://www.daml.org/2001/12/factbook/agricultureProducts#mangos'>
    <rdf:type rdf:resource='http://www.daml.org/2001/12/factbook/factbook-ont#AgricultureProduct'/>
    <NS0:name>mangos</NS0:name>
  </rdf:Description>
  <rdf:Description rdf:about='http://www.daml.org/2001/12/factbook/agricultureProducts#ginger'>
    <rdf:type rdf:resource='http://www.daml.org/2001/12/factbook/factbook-ont#AgricultureProduct'/>
    <NS0:name>ginger</NS0:name>
  </rdf:Description>
  <rdf:Description rdf:about='http://www.daml.org/2001/12/factbook/agricultureProducts#milk'>
    <rdf:type rdf:resource='http://www.daml.org/2001/12/factbook/factbook-ont#AgricultureProduct'/>
    <NS0:name>milk</NS0:name>
  </rdf:Description>
  <rdf:Description rdf:about='http://www.daml.org/2001/12/factbook/agricultureProducts#opium_poppies'>
    <rdf:type rdf:resource='http://www.daml.org/2001/12/factbook/factbook-ont#AgricultureProduct'/>
    <NS0:name>opium poppies</NS0:name>
  </rdf:Description>
  <rdf:Description rdf:about='http://www.daml.org/2001/12/factbook/agricultureProducts#none'>
    <rdf:type rdf:resource='http://www.daml.org/2001/12/factbook/factbook-ont#AgricultureProduct'/>
    <NS0:name>none</NS0:name>
  </rdf:Description>
  <rdf:Description rdf:about='http://www.daml.org/2001/12/factbook/agricultureProducts#manioc'>
    <rdf:type rdf:resource='http://www.daml.org/2001/12/factbook/factbook-ont#AgricultureProduct'/>
    <NS0:name>manioc</NS0:name>
  </rdf:Description>
  <rdf:Description rdf:about='http://www.daml.org/2001/12/factbook/agricultureProducts#wine'>
    <rdf:type rdf:resource='http://www.daml.org/2001/12/factbook/factbook-ont#AgricultureProduct'/>
    <NS0:name>wine</NS0:name>
  </rdf:Description>
  <rdf:Description rdf:about='http://www.daml.org/2001/12/factbook/agricultureProducts#cabbages'>
    <rdf:type rdf:resource='http://www.daml.org/2001/12/factbook/factbook-ont#AgricultureProduct'/>
    <NS0:name>cabbages</NS0:name>
  </rdf:Description>
  <rdf:Description rdf:about='http://www.daml.org/2001/12/factbook/agricultureProducts#hardwood'>
    <rdf:type rdf:resource='http://www.daml.org/2001/12/factbook/factbook-ont#AgricultureProduct'/>
    <NS0:name>hardwood</NS0:name>
  </rdf:Description>
  <rdf:Description rdf:about='http://www.daml.org/2001/12/factbook/agricultureProducts#tropical_fruits_and_vegetables'>
    <rdf:type rdf:resource='http://www.daml.org/2001/12/factbook/factbook-ont#AgricultureProduct'/>
    <NS0:name>tropical fruits and vegetables</NS0:name>
  </rdf:Description>
  <rdf:Description rdf:about='http://www.daml.org/2001/12/factbook/agricultureProducts#cacao'>
    <rdf:type rdf:resource='http://www.daml.org/2001/12/factbook/factbook-ont#AgricultureProduct'/>
    <NS0:name>cacao</NS0:name>
  </rdf:Description>
  <rdf:Description rdf:about='http://www.daml.org/2001/12/factbook/agricultureProducts#pigs'>
    <rdf:type rdf:resource='http://www.daml.org/2001/12/factbook/factbook-ont#AgricultureProduct'/>
    <NS0:name>pigs</NS0:name>
  </rdf:Description>
  <rdf:Description rdf:about='http://www.daml.org/2001/12/factbook/agricultureProducts#tomatoes'>
    <rdf:type rdf:resource='http://www.daml.org/2001/12/factbook/factbook-ont#AgricultureProduct'/>
    <NS0:name>tomatoes</NS0:name>
  </rdf:Description>
  <rdf:Description rdf:about='http://www.daml.org/2001/12/factbook/agricultureProducts#fruit'>
    <rdf:type rdf:resource='http://www.daml.org/2001/12/factbook/factbook-ont#AgricultureProduct'/>
    <NS0:name>fruit</NS0:name>
  </rdf:Description>
  <rdf:Description rdf:about='http://www.daml.org/2001/12/factbook/agricultureProducts#mutton'>
    <rdf:type rdf:resource='http://www.daml.org/2001/12/factbook/factbook-ont#AgricultureProduct'/>
    <NS0:name>mutton</NS0:name>
  </rdf:Description>
  <rdf:Description rdf:about='http://www.daml.org/2001/12/factbook/agricultureProducts#tea'>
    <rdf:type rdf:resource='http://www.daml.org/2001/12/factbook/factbook-ont#AgricultureProduct'/>
    <NS0:name>tea</NS0:name>
  </rdf:Description>
  <rdf:Description rdf:about='http://www.daml.org/2001/12/factbook/agricultureProducts#Peninsular_Malaysia_-_rubber'>
    <rdf:type rdf:resource='http://www.daml.org/2001/12/factbook/factbook-ont#AgricultureProduct'/>
    <NS0:name>Peninsular Malaysia - rubber</NS0:name>
  </rdf:Description>
  <rdf:Description rdf:about='http://www.daml.org/2001/12/factbook/agricultureProducts#grapes'>
    <rdf:type rdf:resource='http://www.daml.org/2001/12/factbook/factbook-ont#AgricultureProduct'/>
    <NS0:name>grapes</NS0:name>
  </rdf:Description>
  <rdf:Description rdf:about='http://www.daml.org/2001/12/factbook/agricultureProducts#chickpeas'>
    <rdf:type rdf:resource='http://www.daml.org/2001/12/factbook/factbook-ont#AgricultureProduct'/>
    <NS0:name>chickpeas</NS0:name>
  </rdf:Description>
  <rdf:Description rdf:about='http://www.daml.org/2001/12/factbook/agricultureProducts#salmon'>
    <rdf:type rdf:resource='http://www.daml.org/2001/12/factbook/factbook-ont#AgricultureProduct'/>
    <NS0:name>salmon</NS0:name>
  </rdf:Description>
  <rdf:Description rdf:about='http://www.daml.org/2001/12/factbook/agricultureProducts#vegetables'>
    <rdf:type rdf:resource='http://www.daml.org/2001/12/factbook/factbook-ont#AgricultureProduct'/>
    <NS0:name>vegetables</NS0:name>
  </rdf:Description>
  <rdf:Description rdf:about='http://www.daml.org/2001/12/factbook/agricultureProducts#fodder_and_vegetable_crops'>
    <rdf:type rdf:resource='http://www.daml.org/2001/12/factbook/factbook-ont#AgricultureProduct'/>
    <NS0:name>fodder and vegetable crops</NS0:name>
  </rdf:Description>
  <rdf:Description rdf:about='http://www.daml.org/2001/12/factbook/agricultureProducts#small_quantities_of_tobacco'>
    <rdf:type rdf:resource='http://www.daml.org/2001/12/factbook/factbook-ont#AgricultureProduct'/>
    <NS0:name>small quantities of tobacco</NS0:name>
  </rdf:Description>
  <rdf:Description rdf:about='http://www.daml.org/2001/12/factbook/agricultureProducts#spices'>
    <rdf:type rdf:resource='http://www.daml.org/2001/12/factbook/factbook-ont#AgricultureProduct'/>
    <NS0:name>spices</NS0:name>
  </rdf:Description>
  <rdf:Description rdf:about='http://www.daml.org/2001/12/factbook/agricultureProducts#forage_crops'>
    <rdf:type rdf:resource='http://www.daml.org/2001/12/factbook/factbook-ont#AgricultureProduct'/>
    <NS0:name>forage crops</NS0:name>
  </rdf:Description>
  <rdf:Description rdf:about='http://www.daml.org/2001/12/factbook/agricultureProducts#coffee'>
    <rdf:type rdf:resource='http://www.daml.org/2001/12/factbook/factbook-ont#AgricultureProduct'/>
    <NS0:name>coffee</NS0:name>
  </rdf:Description>
  <rdf:Description rdf:about='http://www.daml.org/2001/12/factbook/agricultureProducts#Kentia_palm_seed'>
    <rdf:type rdf:resource='http://www.daml.org/2001/12/factbook/factbook-ont#AgricultureProduct'/>
    <NS0:name>Kentia palm seed</NS0:name>
  </rdf:Description>
  <rdf:Description rdf:about='http://www.daml.org/2001/12/factbook/agricultureProducts#taro'>
    <rdf:type rdf:resource='http://www.daml.org/2001/12/factbook/factbook-ont#AgricultureProduct'/>
    <NS0:name>taro</NS0:name>
  </rdf:Description>
  <rdf:Description rdf:about='http://www.daml.org/2001/12/factbook/agricultureProducts#citrus_fruits'>
    <rdf:type rdf:resource='http://www.daml.org/2001/12/factbook/factbook-ont#AgricultureProduct'/>
    <NS0:name>citrus fruits</NS0:name>
  </rdf:Description>
  <rdf:Description rdf:about='http://www.daml.org/2001/12/factbook/agricultureProducts#vanilla_beans'>
    <rdf:type rdf:resource='http://www.daml.org/2001/12/factbook/factbook-ont#AgricultureProduct'/>
    <NS0:name>vanilla beans</NS0:name>
  </rdf:Description>
  <rdf:Description rdf:about='http://www.daml.org/2001/12/factbook/agricultureProducts#sesame_seeds'>
    <rdf:type rdf:resource='http://www.daml.org/2001/12/factbook/factbook-ont#AgricultureProduct'/>
    <NS0:name>sesame seeds</NS0:name>
  </rdf:Description>
  <rdf:Description rdf:about='http://www.daml.org/2001/12/factbook/agricultureProducts#wide_variety_of_fruits_and_vegetables'>
    <rdf:type rdf:resource='http://www.daml.org/2001/12/factbook/factbook-ont#AgricultureProduct'/>
    <NS0:name>wide variety of fruits and vegetables</NS0:name>
  </rdf:Description>
  <rdf:Description rdf:about='http://www.daml.org/2001/12/factbook/agricultureProducts#shea_nuts'>
    <rdf:type rdf:resource='http://www.daml.org/2001/12/factbook/factbook-ont#AgricultureProduct'/>
    <NS0:name>shea nuts</NS0:name>
  </rdf:Description>
  <rdf:Description rdf:about='http://www.daml.org/2001/12/factbook/agricultureProducts#passion_fruit'>
    <rdf:type rdf:resource='http://www.daml.org/2001/12/factbook/factbook-ont#AgricultureProduct'/>
    <NS0:name>passion fruit</NS0:name>
  </rdf:Description>
  <rdf:Description rdf:about='http://www.daml.org/2001/12/factbook/agricultureProducts#soy_beans'>
    <rdf:type rdf:resource='http://www.daml.org/2001/12/factbook/factbook-ont#AgricultureProduct'/>
    <NS0:name>soy beans</NS0:name>
  </rdf:Description>
  <rdf:Description rdf:about='http://www.daml.org/2001/12/factbook/agricultureProducts#pork'>
    <rdf:type rdf:resource='http://www.daml.org/2001/12/factbook/factbook-ont#AgricultureProduct'/>
    <NS0:name>pork</NS0:name>
  </rdf:Description>
  <rdf:Description rdf:about='http://www.daml.org/2001/12/factbook/agricultureProducts#wine_grapes'>
    <rdf:type rdf:resource='http://www.daml.org/2001/12/factbook/factbook-ont#AgricultureProduct'/>
    <NS0:name>wine grapes</NS0:name>
  </rdf:Description>
  <rdf:Description rdf:about='http://www.daml.org/2001/12/factbook/agricultureProducts#sunflowers'>
    <rdf:type rdf:resource='http://www.daml.org/2001/12/factbook/factbook-ont#AgricultureProduct'/>
    <NS0:name>sunflowers</NS0:name>
  </rdf:Description>
  <rdf:Description rdf:about='http://www.daml.org/2001/12/factbook/agricultureProducts#copra'>
    <rdf:type rdf:resource='http://www.daml.org/2001/12/factbook/factbook-ont#AgricultureProduct'/>
    <NS0:name>copra</NS0:name>
  </rdf:Description>
  <rdf:Description rdf:about='http://www.daml.org/2001/12/factbook/agricultureProducts#root_crops'>
    <rdf:type rdf:resource='http://www.daml.org/2001/12/factbook/factbook-ont#AgricultureProduct'/>
    <NS0:name>root crops</NS0:name>
  </rdf:Description>
  <rdf:Description rdf:about='http://www.daml.org/2001/12/factbook/agricultureProducts#sisal'>
    <rdf:type rdf:resource='http://www.daml.org/2001/12/factbook/factbook-ont#AgricultureProduct'/>
    <NS0:name>sisal</NS0:name>
  </rdf:Description>
  <rdf:Description rdf:about='http://www.daml.org/2001/12/factbook/agricultureProducts#green_peppers'>
    <rdf:type rdf:resource='http://www.daml.org/2001/12/factbook/factbook-ont#AgricultureProduct'/>
    <NS0:name>green peppers</NS0:name>
  </rdf:Description>
  <rdf:Description rdf:about='http://www.daml.org/2001/12/factbook/agricultureProducts#turnips'>
    <rdf:type rdf:resource='http://www.daml.org/2001/12/factbook/factbook-ont#AgricultureProduct'/>
    <NS0:name>turnips</NS0:name>
  </rdf:Description>
  <rdf:Description rdf:about='http://www.daml.org/2001/12/factbook/agricultureProducts#alfalfa'>
    <rdf:type rdf:resource='http://www.daml.org/2001/12/factbook/factbook-ont#AgricultureProduct'/>
    <NS0:name>alfalfa</NS0:name>
  </rdf:Description>
  <rdf:Description rdf:about='http://www.daml.org/2001/12/factbook/agricultureProducts#beans'>
    <rdf:type rdf:resource='http://www.daml.org/2001/12/factbook/factbook-ont#AgricultureProduct'/>
    <NS0:name>beans</NS0:name>
  </rdf:Description>
  <rdf:Description rdf:about='http://www.daml.org/2001/12/factbook/agricultureProducts#cotton'>
    <rdf:type rdf:resource='http://www.daml.org/2001/12/factbook/factbook-ont#AgricultureProduct'/>
    <NS0:name>cotton</NS0:name>
  </rdf:Description>
  <rdf:Description rdf:about='http://www.daml.org/2001/12/factbook/agricultureProducts#cut_flowers'>
    <rdf:type rdf:resource='http://www.daml.org/2001/12/factbook/factbook-ont#AgricultureProduct'/>
    <NS0:name>cut flowers</NS0:name>
  </rdf:Description>
  <rdf:Description rdf:about='http://www.daml.org/2001/12/factbook/agricultureProducts#other_livestock_products'>
    <rdf:type rdf:resource='http://www.daml.org/2001/12/factbook/factbook-ont#AgricultureProduct'/>
    <NS0:name>other livestock products</NS0:name>
  </rdf:Description>
  <rdf:Description rdf:about='http://www.daml.org/2001/12/factbook/agricultureProducts#cassara'>
    <rdf:type rdf:resource='http://www.daml.org/2001/12/factbook/factbook-ont#AgricultureProduct'/>
    <NS0:name>cassara</NS0:name>
  </rdf:Description>
  <rdf:Description rdf:about='http://www.daml.org/2001/12/factbook/agricultureProducts#watermelons'>
    <rdf:type rdf:resource='http://www.daml.org/2001/12/factbook/factbook-ont#AgricultureProduct'/>
    <NS0:name>watermelons</NS0:name>
  </rdf:Description>
  <rdf:Description rdf:about='http://www.daml.org/2001/12/factbook/agricultureProducts#pyrethrum'>
    <rdf:type rdf:resource='http://www.daml.org/2001/12/factbook/factbook-ont#AgricultureProduct'/>
    <NS0:name>pyrethrum</NS0:name>
  </rdf:Description>
  <rdf:Description rdf:about='http://www.daml.org/2001/12/factbook/agricultureProducts#other_grains'>
    <rdf:type rdf:resource='http://www.daml.org/2001/12/factbook/factbook-ont#AgricultureProduct'/>
    <NS0:name>other grains</NS0:name>
  </rdf:Description>
  <rdf:Description rdf:about='http://www.daml.org/2001/12/factbook/agricultureProducts#forest_and_fishery_resources_not_fully_exploited'>
    <rdf:type rdf:resource='http://www.daml.org/2001/12/factbook/factbook-ont#AgricultureProduct'/>
    <NS0:name>forest and fishery resources not fully exploited</NS0:name>
  </rdf:Description>
  <rdf:Description rdf:about='http://www.daml.org/2001/12/factbook/agricultureProducts#broiler_chickens'>
    <rdf:type rdf:resource='http://www.daml.org/2001/12/factbook/factbook-ont#AgricultureProduct'/>
    <NS0:name>broiler chickens</NS0:name>
  </rdf:Description>
  <rdf:Description rdf:about='http://www.daml.org/2001/12/factbook/agricultureProducts#practically_no_crops'>
    <rdf:type rdf:resource='http://www.daml.org/2001/12/factbook/factbook-ont#AgricultureProduct'/>
    <NS0:name>practically no crops</NS0:name>
  </rdf:Description>
  <rdf:Description rdf:about='http://www.daml.org/2001/12/factbook/agricultureProducts#cheese'>
    <rdf:type rdf:resource='http://www.daml.org/2001/12/factbook/factbook-ont#AgricultureProduct'/>
    <NS0:name>cheese</NS0:name>
  </rdf:Description>
  <rdf:Description rdf:about='http://www.daml.org/2001/12/factbook/agricultureProducts#oilseeds'>
    <rdf:type rdf:resource='http://www.daml.org/2001/12/factbook/factbook-ont#AgricultureProduct'/>
    <NS0:name>oilseeds</NS0:name>
  </rdf:Description>
  <rdf:Description rdf:about='http://www.daml.org/2001/12/factbook/agricultureProducts#greenhouse_flowers'>
    <rdf:type rdf:resource='http://www.daml.org/2001/12/factbook/factbook-ont#AgricultureProduct'/>
    <NS0:name>greenhouse flowers</NS0:name>
  </rdf:Description>
  <rdf:Description rdf:about='http://www.daml.org/2001/12/factbook/agricultureProducts#soya'>
    <rdf:type rdf:resource='http://www.daml.org/2001/12/factbook/factbook-ont#AgricultureProduct'/>
    <NS0:name>soya</NS0:name>
  </rdf:Description>
  <rdf:Description rdf:about='http://www.daml.org/2001/12/factbook/agricultureProducts#vegetable_oils'>
    <rdf:type rdf:resource='http://www.daml.org/2001/12/factbook/factbook-ont#AgricultureProduct'/>
    <NS0:name>vegetable oils</NS0:name>
  </rdf:Description>
  <rdf:Description rdf:about='http://www.daml.org/2001/12/factbook/agricultureProducts#cowpeas'>
    <rdf:type rdf:resource='http://www.daml.org/2001/12/factbook/factbook-ont#AgricultureProduct'/>
    <NS0:name>cowpeas</NS0:name>
  </rdf:Description>
  <rdf:Description rdf:about='http://www.daml.org/2001/12/factbook/agricultureProducts#beef'>
    <rdf:type rdf:resource='http://www.daml.org/2001/12/factbook/factbook-ont#AgricultureProduct'/>
    <NS0:name>beef</NS0:name>
  </rdf:Description>
  <rdf:Description rdf:about='http://www.daml.org/2001/12/factbook/agricultureProducts#lumber'>
    <rdf:type rdf:resource='http://www.daml.org/2001/12/factbook/factbook-ont#AgricultureProduct'/>
    <NS0:name>lumber</NS0:name>
  </rdf:Description>
  <rdf:Description rdf:about='http://www.daml.org/2001/12/factbook/agricultureProducts#forest_and_fishery_potential_not_exploited'>
    <rdf:type rdf:resource='http://www.daml.org/2001/12/factbook/factbook-ont#AgricultureProduct'/>
    <NS0:name>forest and fishery potential not exploited</NS0:name>
  </rdf:Description>
  <rdf:Description rdf:about='http://www.daml.org/2001/12/factbook/agricultureProducts#sorghum'>
    <rdf:type rdf:resource='http://www.daml.org/2001/12/factbook/factbook-ont#AgricultureProduct'/>
    <NS0:name>sorghum</NS0:name>
  </rdf:Description>
  <rdf:Description rdf:about='http://www.daml.org/2001/12/factbook/agricultureProducts#ornamental_fish'>
    <rdf:type rdf:resource='http://www.daml.org/2001/12/factbook/factbook-ont#AgricultureProduct'/>
    <NS0:name>ornamental fish</NS0:name>
  </rdf:Description>
  <rdf:Description rdf:about='http://www.daml.org/2001/12/factbook/agricultureProducts#caviar'>
    <rdf:type rdf:resource='http://www.daml.org/2001/12/factbook/factbook-ont#AgricultureProduct'/>
    <NS0:name>caviar</NS0:name>
  </rdf:Description>
  <rdf:Description rdf:about='http://www.daml.org/2001/12/factbook/agricultureProducts#ylang-ylang'>
    <rdf:type rdf:resource='http://www.daml.org/2001/12/factbook/factbook-ont#AgricultureProduct'/>
    <NS0:name>ylang-ylang</NS0:name>
  </rdf:Description>
  <rdf:Description rdf:about='http://www.daml.org/2001/12/factbook/agricultureProducts#dairy_cattle'>
    <rdf:type rdf:resource='http://www.daml.org/2001/12/factbook/factbook-ont#AgricultureProduct'/>
    <NS0:name>dairy cattle</NS0:name>
  </rdf:Description>
  <rdf:Description rdf:about='http://www.daml.org/2001/12/factbook/agricultureProducts#barley'>
    <rdf:type rdf:resource='http://www.daml.org/2001/12/factbook/factbook-ont#AgricultureProduct'/>
    <NS0:name>barley</NS0:name>
  </rdf:Description>
  <rdf:Description rdf:about='http://www.daml.org/2001/12/factbook/agricultureProducts#tropical_fruits'>
    <rdf:type rdf:resource='http://www.daml.org/2001/12/factbook/factbook-ont#AgricultureProduct'/>
    <NS0:name>tropical fruits</NS0:name>
  </rdf:Description>
  <rdf:Description rdf:about='http://www.daml.org/2001/12/factbook/agricultureProducts#corn'>
    <rdf:type rdf:resource='http://www.daml.org/2001/12/factbook/factbook-ont#AgricultureProduct'/>
    <NS0:name>corn</NS0:name>
  </rdf:Description>
  <rdf:Description rdf:about='http://www.daml.org/2001/12/factbook/agricultureProducts#almonds'>
    <rdf:type rdf:resource='http://www.daml.org/2001/12/factbook/factbook-ont#AgricultureProduct'/>
    <NS0:name>almonds</NS0:name>
  </rdf:Description>
  <rdf:Description rdf:about='http://www.daml.org/2001/12/factbook/agricultureProducts#olive_oil'>
    <rdf:type rdf:resource='http://www.daml.org/2001/12/factbook/factbook-ont#AgricultureProduct'/>
    <NS0:name>olive oil</NS0:name>
  </rdf:Description>
  <rdf:Description rdf:about='http://www.daml.org/2001/12/factbook/agricultureProducts#pepper'>
    <rdf:type rdf:resource='http://www.daml.org/2001/12/factbook/factbook-ont#AgricultureProduct'/>
    <NS0:name>pepper</NS0:name>
  </rdf:Description>
  <rdf:Description rdf:about='http://www.daml.org/2001/12/factbook/agricultureProducts#squash'>
    <rdf:type rdf:resource='http://www.daml.org/2001/12/factbook/factbook-ont#AgricultureProduct'/>
    <NS0:name>squash</NS0:name>
  </rdf:Description>
  <rdf:Description rdf:about='http://www.daml.org/2001/12/factbook/agricultureProducts#Guernsey_cattle'>
    <rdf:type rdf:resource='http://www.daml.org/2001/12/factbook/factbook-ont#AgricultureProduct'/>
    <NS0:name>Guernsey cattle</NS0:name>
  </rdf:Description>
  <rdf:Description rdf:about='http://www.daml.org/2001/12/factbook/agricultureProducts#groundnuts'>
    <rdf:type rdf:resource='http://www.daml.org/2001/12/factbook/factbook-ont#AgricultureProduct'/>
    <NS0:name>groundnuts</NS0:name>
  </rdf:Description>
  <rdf:Description rdf:about='http://www.daml.org/2001/12/factbook/agricultureProducts#horses'>
    <rdf:type rdf:resource='http://www.daml.org/2001/12/factbook/factbook-ont#AgricultureProduct'/>
    <NS0:name>horses</NS0:name>
  </rdf:Description>
  <rdf:Description rdf:about='http://www.daml.org/2001/12/factbook/agricultureProducts#karakul_pelts'>
    <rdf:type rdf:resource='http://www.daml.org/2001/12/factbook/factbook-ont#AgricultureProduct'/>
    <NS0:name>karakul pelts</NS0:name>
  </rdf:Description>
  <rdf:Description rdf:about='http://www.daml.org/2001/12/factbook/agricultureProducts#Sabah_-_subsistence_crops'>
    <rdf:type rdf:resource='http://www.daml.org/2001/12/factbook/factbook-ont#AgricultureProduct'/>
    <NS0:name>Sabah - subsistence crops</NS0:name>
  </rdf:Description>
  <rdf:Description rdf:about='http://www.daml.org/2001/12/factbook/agricultureProducts#black_pepper'>
    <rdf:type rdf:resource='http://www.daml.org/2001/12/factbook/factbook-ont#AgricultureProduct'/>
    <NS0:name>black pepper</NS0:name>
  </rdf:Description>
  <rdf:Description rdf:about='http://www.daml.org/2001/12/factbook/agricultureProducts#water_buffalo'>
    <rdf:type rdf:resource='http://www.daml.org/2001/12/factbook/factbook-ont#AgricultureProduct'/>
    <NS0:name>water buffalo</NS0:name>
  </rdf:Description>
  <rdf:Description rdf:about='http://www.daml.org/2001/12/factbook/agricultureProducts#paddy_rice'>
    <rdf:type rdf:resource='http://www.daml.org/2001/12/factbook/factbook-ont#AgricultureProduct'/>
    <NS0:name>paddy rice</NS0:name>
  </rdf:Description>
  <rdf:Description rdf:about='http://www.daml.org/2001/12/factbook/agricultureProducts#orchids'>
    <rdf:type rdf:resource='http://www.daml.org/2001/12/factbook/factbook-ont#AgricultureProduct'/>
    <NS0:name>orchids</NS0:name>
  </rdf:Description>
  <rdf:Description rdf:about='http://www.daml.org/2001/12/factbook/agricultureProducts#apples'>
    <rdf:type rdf:resource='http://www.daml.org/2001/12/factbook/factbook-ont#AgricultureProduct'/>
    <NS0:name>apples</NS0:name>
  </rdf:Description>
  <rdf:Description rdf:about='http://www.daml.org/2001/12/factbook/agricultureProducts#citrus'>
    <rdf:type rdf:resource='http://www.daml.org/2001/12/factbook/factbook-ont#AgricultureProduct'/>
    <NS0:name>citrus</NS0:name>
  </rdf:Description>
  <rdf:Description rdf:about='http://www.daml.org/2001/12/factbook/agricultureProducts#cattle'>
    <rdf:type rdf:resource='http://www.daml.org/2001/12/factbook/factbook-ont#AgricultureProduct'/>
    <NS0:name>cattle</NS0:name>
  </rdf:Description>
  <rdf:Description rdf:about='http://www.daml.org/2001/12/factbook/agricultureProducts#livestock_and_dairy_products'>
    <rdf:type rdf:resource='http://www.daml.org/2001/12/factbook/factbook-ont#AgricultureProduct'/>
    <NS0:name>livestock and dairy products</NS0:name>
  </rdf:Description>
  <rdf:Description rdf:about='http://www.daml.org/2001/12/factbook/agricultureProducts#tobacco'>
    <rdf:type rdf:resource='http://www.daml.org/2001/12/factbook/factbook-ont#AgricultureProduct'/>
    <NS0:name>tobacco</NS0:name>
  </rdf:Description>
  <rdf:Description rdf:about='http://www.daml.org/2001/12/factbook/agricultureProducts#bananas'>
    <rdf:type rdf:resource='http://www.daml.org/2001/12/factbook/factbook-ont#AgricultureProduct'/>
    <NS0:name>bananas</NS0:name>
  </rdf:Description>
  <rdf:Description rdf:about='http://www.daml.org/2001/12/factbook/agricultureProducts#pulses'>
    <rdf:type rdf:resource='http://www.daml.org/2001/12/factbook/factbook-ont#AgricultureProduct'/>
    <NS0:name>pulses</NS0:name>
  </rdf:Description>
  <rdf:Description rdf:about='http://www.daml.org/2001/12/factbook/agricultureProducts#small_numbers_of_cattle'>
    <rdf:type rdf:resource='http://www.daml.org/2001/12/factbook/factbook-ont#AgricultureProduct'/>
    <NS0:name>small numbers of cattle</NS0:name>
  </rdf:Description>
  <rdf:Description rdf:about='http://www.daml.org/2001/12/factbook/agricultureProducts#lemons'>
    <rdf:type rdf:resource='http://www.daml.org/2001/12/factbook/factbook-ont#AgricultureProduct'/>
    <NS0:name>lemons</NS0:name>
  </rdf:Description>
  <rdf:Description rdf:about='http://www.daml.org/2001/12/factbook/agricultureProducts#rubber'>
    <rdf:type rdf:resource='http://www.daml.org/2001/12/factbook/factbook-ont#AgricultureProduct'/>
    <NS0:name>rubber</NS0:name>
  </rdf:Description>
  <rdf:Description rdf:about='http://www.daml.org/2001/12/factbook/agricultureProducts#goats'>
    <rdf:type rdf:resource='http://www.daml.org/2001/12/factbook/factbook-ont#AgricultureProduct'/>
    <NS0:name>goats</NS0:name>
  </rdf:Description>
  <rdf:Description rdf:about='http://www.daml.org/2001/12/factbook/agricultureProducts#crawfish'>
    <rdf:type rdf:resource='http://www.daml.org/2001/12/factbook/factbook-ont#AgricultureProduct'/>
    <NS0:name>crawfish</NS0:name>
  </rdf:Description>
  <rdf:Description rdf:about='http://www.daml.org/2001/12/factbook/agricultureProducts#green_vegetables'>
    <rdf:type rdf:resource='http://www.daml.org/2001/12/factbook/factbook-ont#AgricultureProduct'/>
    <NS0:name>green vegetables</NS0:name>
  </rdf:Description>
  <rdf:Description rdf:about='http://www.daml.org/2001/12/factbook/agricultureProducts#nuts'>
    <rdf:type rdf:resource='http://www.daml.org/2001/12/factbook/factbook-ont#AgricultureProduct'/>
    <NS0:name>nuts</NS0:name>
  </rdf:Description>
  <rdf:Description rdf:about='http://www.daml.org/2001/12/factbook/agricultureProducts#rye'>
    <rdf:type rdf:resource='http://www.daml.org/2001/12/factbook/factbook-ont#AgricultureProduct'/>
    <NS0:name>rye</NS0:name>
  </rdf:Description>
  <rdf:Description rdf:about='http://www.daml.org/2001/12/factbook/agricultureProducts#melons'>
    <rdf:type rdf:resource='http://www.daml.org/2001/12/factbook/factbook-ont#AgricultureProduct'/>
    <NS0:name>melons</NS0:name>
  </rdf:Description>
  <rdf:Description rdf:about='http://www.daml.org/2001/12/factbook/agricultureProducts#camels'>
    <rdf:type rdf:resource='http://www.daml.org/2001/12/factbook/factbook-ont#AgricultureProduct'/>
    <NS0:name>camels</NS0:name>
  </rdf:Description>
  <rdf:Description rdf:about='http://www.daml.org/2001/12/factbook/agricultureProducts#peanuts'>
    <rdf:type rdf:resource='http://www.daml.org/2001/12/factbook/factbook-ont#AgricultureProduct'/>
    <NS0:name>peanuts</NS0:name>
  </rdf:Description>
  <rdf:Description rdf:about='http://www.daml.org/2001/12/factbook/agricultureProducts#palm_oil_nuts'>
    <rdf:type rdf:resource='http://www.daml.org/2001/12/factbook/factbook-ont#AgricultureProduct'/>
    <NS0:name>palm oil nuts</NS0:name>
  </rdf:Description>
  <rdf:Description rdf:about='http://www.daml.org/2001/12/factbook/agricultureProducts#cattle_raising'>
    <rdf:type rdf:resource='http://www.daml.org/2001/12/factbook/factbook-ont#AgricultureProduct'/>
    <NS0:name>cattle raising</NS0:name>
  </rdf:Description>
  <rdf:Description rdf:about='http://www.daml.org/2001/12/factbook/agricultureProducts#fruits_and_vegetables'>
    <rdf:type rdf:resource='http://www.daml.org/2001/12/factbook/factbook-ont#AgricultureProduct'/>
    <NS0:name>fruits and vegetables</NS0:name>
  </rdf:Description>
  <rdf:Description rdf:about='http://www.daml.org/2001/12/factbook/agricultureProducts#fruits'>
    <rdf:type rdf:resource='http://www.daml.org/2001/12/factbook/factbook-ont#AgricultureProduct'/>
    <NS0:name>fruits</NS0:name>
  </rdf:Description>
  <rdf:Description rdf:about='http://www.daml.org/2001/12/factbook/agricultureProducts#papaya'>
    <rdf:type rdf:resource='http://www.daml.org/2001/12/factbook/factbook-ont#AgricultureProduct'/>
    <NS0:name>papaya</NS0:name>
  </rdf:Description>
  <rdf:Description rdf:about='http://www.daml.org/2001/12/factbook/agricultureProducts#olives'>
    <rdf:type rdf:resource='http://www.daml.org/2001/12/factbook/factbook-ont#AgricultureProduct'/>
    <NS0:name>olives</NS0:name>
  </rdf:Description>
  <rdf:Description rdf:about='http://www.daml.org/2001/12/factbook/agricultureProducts#hides'>
    <rdf:type rdf:resource='http://www.daml.org/2001/12/factbook/factbook-ont#AgricultureProduct'/>
    <NS0:name>hides</NS0:name>
  </rdf:Description>
  <rdf:Description rdf:about='http://www.daml.org/2001/12/factbook/agricultureProducts#hops'>
    <rdf:type rdf:resource='http://www.daml.org/2001/12/factbook/factbook-ont#AgricultureProduct'/>
    <NS0:name>hops</NS0:name>
  </rdf:Description>
  <rdf:Description rdf:about='http://www.daml.org/2001/12/factbook/agricultureProducts#turtle_farming'>
    <rdf:type rdf:resource='http://www.daml.org/2001/12/factbook/factbook-ont#AgricultureProduct'/>
    <NS0:name>turtle farming</NS0:name>
  </rdf:Description>
  <rdf:Description rdf:about='http://www.daml.org/2001/12/factbook/agricultureProducts#reindeer'>
    <rdf:type rdf:resource='http://www.daml.org/2001/12/factbook/factbook-ont#AgricultureProduct'/>
    <NS0:name>reindeer</NS0:name>
  </rdf:Description>
  <rdf:Description rdf:about='http://www.daml.org/2001/12/factbook/agricultureProducts#coca'>
    <rdf:type rdf:resource='http://www.daml.org/2001/12/factbook/factbook-ont#AgricultureProduct'/>
    <NS0:name>coca</NS0:name>
  </rdf:Description>
  <rdf:Description rdf:about='http://www.daml.org/2001/12/factbook/agricultureProducts#aloes'>
    <rdf:type rdf:resource='http://www.daml.org/2001/12/factbook/factbook-ont#AgricultureProduct'/>
    <NS0:name>aloes</NS0:name>
  </rdf:Description>
  <rdf:Description rdf:about='http://www.daml.org/2001/12/factbook/agricultureProducts#NA'>
    <rdf:type rdf:resource='http://www.daml.org/2001/12/factbook/factbook-ont#AgricultureProduct'/>
    <NS0:name>NA</NS0:name>
  </rdf:Description>
  <rdf:Description rdf:about='http://www.daml.org/2001/12/factbook/agricultureProducts#eggplant'>
    <rdf:type rdf:resource='http://www.daml.org/2001/12/factbook/factbook-ont#AgricultureProduct'/>
    <NS0:name>eggplant</NS0:name>
  </rdf:Description>
  <rdf:Description rdf:about='http://www.daml.org/2001/12/factbook/agricultureProducts#livestock_products'>
    <rdf:type rdf:resource='http://www.daml.org/2001/12/factbook/factbook-ont#AgricultureProduct'/>
    <NS0:name>livestock products</NS0:name>
  </rdf:Description>
  <rdf:Description rdf:about='http://www.daml.org/2001/12/factbook/agricultureProducts#plantains'>
    <rdf:type rdf:resource='http://www.daml.org/2001/12/factbook/factbook-ont#AgricultureProduct'/>
    <NS0:name>plantains</NS0:name>
  </rdf:Description>
  <rdf:Description rdf:about='http://www.daml.org/2001/12/factbook/agricultureProducts#millet'>
    <rdf:type rdf:resource='http://www.daml.org/2001/12/factbook/factbook-ont#AgricultureProduct'/>
    <NS0:name>millet</NS0:name>
  </rdf:Description>
  <rdf:Description rdf:about='http://www.daml.org/2001/12/factbook/agricultureProducts#yams'>
    <rdf:type rdf:resource='http://www.daml.org/2001/12/factbook/factbook-ont#AgricultureProduct'/>
    <NS0:name>yams</NS0:name>
  </rdf:Description>
  <rdf:Description rdf:about='http://www.daml.org/2001/12/factbook/agricultureProducts#tuna_fish'>
    <rdf:type rdf:resource='http://www.daml.org/2001/12/factbook/factbook-ont#AgricultureProduct'/>
    <NS0:name>tuna fish</NS0:name>
  </rdf:Description>
  <rdf:Description rdf:about='http://www.daml.org/2001/12/factbook/agricultureProducts#shrimp'>
    <rdf:type rdf:resource='http://www.daml.org/2001/12/factbook/factbook-ont#AgricultureProduct'/>
    <NS0:name>shrimp</NS0:name>
  </rdf:Description>
  <rdf:Description rdf:about='http://www.daml.org/2001/12/factbook/agricultureProducts#pawpaws'>
    <rdf:type rdf:resource='http://www.daml.org/2001/12/factbook/factbook-ont#AgricultureProduct'/>
    <NS0:name>pawpaws</NS0:name>
  </rdf:Description>
  <rdf:Description rdf:about='http://www.daml.org/2001/12/factbook/agricultureProducts#jute'>
    <rdf:type rdf:resource='http://www.daml.org/2001/12/factbook/factbook-ont#AgricultureProduct'/>
    <NS0:name>jute</NS0:name>
  </rdf:Description>
  <rdf:Description rdf:about='http://www.daml.org/2001/12/factbook/agricultureProducts#foodgrains'>
    <rdf:type rdf:resource='http://www.daml.org/2001/12/factbook/factbook-ont#AgricultureProduct'/>
    <NS0:name>foodgrains</NS0:name>
  </rdf:Description>
  <rdf:Description rdf:about='http://www.daml.org/2001/12/factbook/agricultureProducts#wood_products'>
    <rdf:type rdf:resource='http://www.daml.org/2001/12/factbook/factbook-ont#AgricultureProduct'/>
    <NS0:name>wood products</NS0:name>
  </rdf:Description>
  <rdf:Description rdf:about='http://www.daml.org/2001/12/factbook/agricultureProducts#potatoes'>
    <rdf:type rdf:resource='http://www.daml.org/2001/12/factbook/factbook-ont#AgricultureProduct'/>
    <NS0:name>potatoes</NS0:name>
  </rdf:Description>
  <rdf:Description rdf:about='http://www.daml.org/2001/12/factbook/agricultureProducts#deer'>
    <rdf:type rdf:resource='http://www.daml.org/2001/12/factbook/factbook-ont#AgricultureProduct'/>
    <NS0:name>deer</NS0:name>
  </rdf:Description>
  <rdf:Description rdf:about='http://www.daml.org/2001/12/factbook/agricultureProducts#poultry'>
    <rdf:type rdf:resource='http://www.daml.org/2001/12/factbook/factbook-ont#AgricultureProduct'/>
    <NS0:name>poultry</NS0:name>
  </rdf:Description>
  <rdf:Description rdf:about='http://www.daml.org/2001/12/factbook/agricultureProducts#soybeans'>
    <rdf:type rdf:resource='http://www.daml.org/2001/12/factbook/factbook-ont#AgricultureProduct'/>
    <NS0:name>soybeans</NS0:name>
  </rdf:Description>
  <rdf:Description rdf:about='http://www.daml.org/2001/12/factbook/agricultureProducts#cashew_nuts'>
    <rdf:type rdf:resource='http://www.daml.org/2001/12/factbook/factbook-ont#AgricultureProduct'/>
    <NS0:name>cashew nuts</NS0:name>
  </rdf:Description>
  <rdf:Description rdf:about='http://www.daml.org/2001/12/factbook/agricultureProducts#gum_arabic'>
    <rdf:type rdf:resource='http://www.daml.org/2001/12/factbook/factbook-ont#AgricultureProduct'/>
    <NS0:name>gum arabic</NS0:name>
  </rdf:Description>
  <rdf:Description rdf:about='http://www.daml.org/2001/12/factbook/agricultureProducts#palm_oil'>
    <rdf:type rdf:resource='http://www.daml.org/2001/12/factbook/factbook-ont#AgricultureProduct'/>
    <NS0:name>palm oil</NS0:name>
  </rdf:Description>
  <rdf:Description rdf:about='http://www.daml.org/2001/12/factbook/agricultureProducts#mangoes'>
    <rdf:type rdf:resource='http://www.daml.org/2001/12/factbook/factbook-ont#AgricultureProduct'/>
    <NS0:name>mangoes</NS0:name>
  </rdf:Description>
  <rdf:Description rdf:about='http://www.daml.org/2001/12/factbook/agricultureProducts#pork_and_beef'>
    <rdf:type rdf:resource='http://www.daml.org/2001/12/factbook/factbook-ont#AgricultureProduct'/>
    <NS0:name>pork and beef</NS0:name>
  </rdf:Description>
  <rdf:Description rdf:about='http://www.daml.org/2001/12/factbook/agricultureProducts#eggs'>
    <rdf:type rdf:resource='http://www.daml.org/2001/12/factbook/factbook-ont#AgricultureProduct'/>
    <NS0:name>eggs</NS0:name>
  </rdf:Description>
  <rdf:Description rdf:about='http://www.daml.org/2001/12/factbook/agricultureProducts#palm_kernels'>
    <rdf:type rdf:resource='http://www.daml.org/2001/12/factbook/factbook-ont#AgricultureProduct'/>
    <NS0:name>palm kernels</NS0:name>
  </rdf:Description>
  <rdf:Description rdf:about='http://www.daml.org/2001/12/factbook/agricultureProducts#timber'>
    <rdf:type rdf:resource='http://www.daml.org/2001/12/factbook/factbook-ont#AgricultureProduct'/>
    <NS0:name>timber</NS0:name>
  </rdf:Description>
  <rdf:Description rdf:about='http://www.daml.org/2001/12/factbook/agricultureProducts#goat_meat'>
    <rdf:type rdf:resource='http://www.daml.org/2001/12/factbook/factbook-ont#AgricultureProduct'/>
    <NS0:name>goat meat</NS0:name>
  </rdf:Description>
  <rdf:Description rdf:about='http://www.daml.org/2001/12/factbook/agricultureProducts#pulse'>
    <rdf:type rdf:resource='http://www.daml.org/2001/12/factbook/factbook-ont#AgricultureProduct'/>
    <NS0:name>pulse</NS0:name>
  </rdf:Description>
  <rdf:Description rdf:about='http://www.daml.org/2001/12/factbook/agricultureProducts#sheep'>
    <rdf:type rdf:resource='http://www.daml.org/2001/12/factbook/factbook-ont#AgricultureProduct'/>
    <NS0:name>sheep</NS0:name>
  </rdf:Description>
  <rdf:Description rdf:about='http://www.daml.org/2001/12/factbook/agricultureProducts#cloves'>
    <rdf:type rdf:resource='http://www.daml.org/2001/12/factbook/factbook-ont#AgricultureProduct'/>
    <NS0:name>cloves</NS0:name>
  </rdf:Description>
  <rdf:Description rdf:about='http://www.daml.org/2001/12/factbook/agricultureProducts#root_starches'>
    <rdf:type rdf:resource='http://www.daml.org/2001/12/factbook/factbook-ont#AgricultureProduct'/>
    <NS0:name>root starches</NS0:name>
  </rdf:Description>
  <rdf:Description rdf:about='http://www.daml.org/2001/12/factbook/agricultureProducts#clover'>
    <rdf:type rdf:resource='http://www.daml.org/2001/12/factbook/factbook-ont#AgricultureProduct'/>
    <NS0:name>clover</NS0:name>
  </rdf:Description>
  <rdf:Description rdf:about='http://www.daml.org/2001/12/factbook/agricultureProducts#nutmeg'>
    <rdf:type rdf:resource='http://www.daml.org/2001/12/factbook/factbook-ont#AgricultureProduct'/>
    <NS0:name>nutmeg</NS0:name>
  </rdf:Description>
  <rdf:Description rdf:about='http://www.daml.org/2001/12/factbook/agricultureProducts#cucumbers'>
    <rdf:type rdf:resource='http://www.daml.org/2001/12/factbook/factbook-ont#AgricultureProduct'/>
    <NS0:name>cucumbers</NS0:name>
  </rdf:Description>
  <rdf:Description rdf:about='http://www.daml.org/2001/12/factbook/agricultureProducts#cocoa_beans'>
    <rdf:type rdf:resource='http://www.daml.org/2001/12/factbook/factbook-ont#AgricultureProduct'/>
    <NS0:name>cocoa beans</NS0:name>
  </rdf:Description>
  <rdf:Description rdf:about='http://www.daml.org/2001/12/factbook/agricultureProducts#honey'>
    <rdf:type rdf:resource='http://www.daml.org/2001/12/factbook/factbook-ont#AgricultureProduct'/>
    <NS0:name>honey</NS0:name>
  </rdf:Description>
  <rdf:Description rdf:about='http://www.daml.org/2001/12/factbook/agricultureProducts#beef_cattle'>
    <rdf:type rdf:resource='http://www.daml.org/2001/12/factbook/factbook-ont#AgricultureProduct'/>
    <NS0:name>beef cattle</NS0:name>
  </rdf:Description>
  <rdf:Description rdf:about='http://www.daml.org/2001/12/factbook/agricultureProducts#garden_and_greenhouse_vegetables'>
    <rdf:type rdf:resource='http://www.daml.org/2001/12/factbook/factbook-ont#AgricultureProduct'/>
    <NS0:name>garden and greenhouse vegetables</NS0:name>
  </rdf:Description>
</rdf:RDF>
