<?xml version='1.0' encoding='ISO-8859-1'?>
<rdf:RDF
  xmlns:rdf='http://www.w3.org/1999/02/22-rdf-syntax-ns#'
  xmlns:NS0='http://www.daml.org/2001/12/factbook/factbook-ont#'
  xml:base="http://www.daml.org/2001/12/factbook/internationalOrganizations">
  <rdf:Description rdf:about='http://www.daml.org/2001/12/factbook/internationalOrganizations#LAES'>
    <rdf:type rdf:resource='http://www.daml.org/2001/12/factbook/factbook-ont#InternationalOrganization'/>
    <NS0:name>LAES</NS0:name>
  </rdf:Description>
  <rdf:Description rdf:about='http://www.daml.org/2001/12/factbook/internationalOrganizations#ILO'>
    <rdf:type rdf:resource='http://www.daml.org/2001/12/factbook/factbook-ont#InternationalOrganization'/>
    <NS0:name>ILO</NS0:name>
  </rdf:Description>
  <rdf:Description rdf:about='http://www.daml.org/2001/12/factbook/internationalOrganizations#ICFTU'>
    <rdf:type rdf:resource='http://www.daml.org/2001/12/factbook/factbook-ont#InternationalOrganization'/>
    <NS0:name>ICFTU</NS0:name>
  </rdf:Description>
  <rdf:Description rdf:about='http://www.daml.org/2001/12/factbook/internationalOrganizations#AMF'>
    <rdf:type rdf:resource='http://www.daml.org/2001/12/factbook/factbook-ont#InternationalOrganization'/>
    <NS0:name>AMF</NS0:name>
  </rdf:Description>
  <rdf:Description rdf:about='http://www.daml.org/2001/12/factbook/internationalOrganizations#APEC'>
    <rdf:type rdf:resource='http://www.daml.org/2001/12/factbook/factbook-ont#InternationalOrganization'/>
    <NS0:name>APEC</NS0:name>
  </rdf:Description>
  <rdf:Description rdf:about='http://www.daml.org/2001/12/factbook/internationalOrganizations#CAEU'>
    <rdf:type rdf:resource='http://www.daml.org/2001/12/factbook/factbook-ont#InternationalOrganization'/>
    <NS0:name>CAEU</NS0:name>
  </rdf:Description>
  <rdf:Description rdf:about='http://www.daml.org/2001/12/factbook/internationalOrganizations#OPEC'>
    <rdf:type rdf:resource='http://www.daml.org/2001/12/factbook/factbook-ont#InternationalOrganization'/>
    <NS0:name>OPEC</NS0:name>
  </rdf:Description>
  <rdf:Description rdf:about='http://www.daml.org/2001/12/factbook/internationalOrganizations#OAPEC'>
    <rdf:type rdf:resource='http://www.daml.org/2001/12/factbook/factbook-ont#InternationalOrganization'/>
    <NS0:name>OAPEC</NS0:name>
  </rdf:Description>
  <rdf:Description rdf:about='http://www.daml.org/2001/12/factbook/internationalOrganizations#NEA'>
    <rdf:type rdf:resource='http://www.daml.org/2001/12/factbook/factbook-ont#InternationalOrganization'/>
    <NS0:name>NEA</NS0:name>
  </rdf:Description>
  <rdf:Description rdf:about='http://www.daml.org/2001/12/factbook/internationalOrganizations#G-_9'>
    <rdf:type rdf:resource='http://www.daml.org/2001/12/factbook/factbook-ont#InternationalOrganization'/>
    <NS0:name>G- 9</NS0:name>
  </rdf:Description>
  <rdf:Description rdf:about='http://www.daml.org/2001/12/factbook/internationalOrganizations#G-_8'>
    <rdf:type rdf:resource='http://www.daml.org/2001/12/factbook/factbook-ont#InternationalOrganization'/>
    <NS0:name>G- 8</NS0:name>
  </rdf:Description>
  <rdf:Description rdf:about='http://www.daml.org/2001/12/factbook/internationalOrganizations#G-_7'>
    <rdf:type rdf:resource='http://www.daml.org/2001/12/factbook/factbook-ont#InternationalOrganization'/>
    <NS0:name>G- 7</NS0:name>
  </rdf:Description>
  <rdf:Description rdf:about='http://www.daml.org/2001/12/factbook/internationalOrganizations#G-_6'>
    <rdf:type rdf:resource='http://www.daml.org/2001/12/factbook/factbook-ont#InternationalOrganization'/>
    <NS0:name>G- 6</NS0:name>
  </rdf:Description>
  <rdf:Description rdf:about='http://www.daml.org/2001/12/factbook/internationalOrganizations#G-_5'>
    <rdf:type rdf:resource='http://www.daml.org/2001/12/factbook/factbook-ont#InternationalOrganization'/>
    <NS0:name>G- 5</NS0:name>
  </rdf:Description>
  <rdf:Description rdf:about='http://www.daml.org/2001/12/factbook/internationalOrganizations#Interpol'>
    <rdf:type rdf:resource='http://www.daml.org/2001/12/factbook/factbook-ont#InternationalOrganization'/>
    <NS0:name>Interpol</NS0:name>
  </rdf:Description>
  <rdf:Description rdf:about='http://www.daml.org/2001/12/factbook/internationalOrganizations#G-_3'>
    <rdf:type rdf:resource='http://www.daml.org/2001/12/factbook/factbook-ont#InternationalOrganization'/>
    <NS0:name>G- 3</NS0:name>
  </rdf:Description>
  <rdf:Description rdf:about='http://www.daml.org/2001/12/factbook/internationalOrganizations#WTrO'>
    <rdf:type rdf:resource='http://www.daml.org/2001/12/factbook/factbook-ont#InternationalOrganization'/>
    <NS0:name>WTrO</NS0:name>
  </rdf:Description>
  <rdf:Description rdf:about='http://www.daml.org/2001/12/factbook/internationalOrganizations#MINURSO'>
    <rdf:type rdf:resource='http://www.daml.org/2001/12/factbook/factbook-ont#InternationalOrganization'/>
    <NS0:name>MINURSO</NS0:name>
  </rdf:Description>
  <rdf:Description rdf:about='http://www.daml.org/2001/12/factbook/internationalOrganizations#MIPONUH'>
    <rdf:type rdf:resource='http://www.daml.org/2001/12/factbook/factbook-ont#InternationalOrganization'/>
    <NS0:name>MIPONUH</NS0:name>
  </rdf:Description>
  <rdf:Description rdf:about='http://www.daml.org/2001/12/factbook/internationalOrganizations#CEPGL'>
    <rdf:type rdf:resource='http://www.daml.org/2001/12/factbook/factbook-ont#InternationalOrganization'/>
    <NS0:name>CEPGL</NS0:name>
  </rdf:Description>
  <rdf:Description rdf:about='http://www.daml.org/2001/12/factbook/internationalOrganizations#UNTAET'>
    <rdf:type rdf:resource='http://www.daml.org/2001/12/factbook/factbook-ont#InternationalOrganization'/>
    <NS0:name>UNTAET</NS0:name>
  </rdf:Description>
  <rdf:Description rdf:about='http://www.daml.org/2001/12/factbook/internationalOrganizations#UNCTAD'>
    <rdf:type rdf:resource='http://www.daml.org/2001/12/factbook/factbook-ont#InternationalOrganization'/>
    <NS0:name>UNCTAD</NS0:name>
  </rdf:Description>
  <rdf:Description rdf:about='http://www.daml.org/2001/12/factbook/internationalOrganizations#CEMAC'>
    <rdf:type rdf:resource='http://www.daml.org/2001/12/factbook/factbook-ont#InternationalOrganization'/>
    <NS0:name>CEMAC</NS0:name>
  </rdf:Description>
  <rdf:Description rdf:about='http://www.daml.org/2001/12/factbook/internationalOrganizations#OPCW'>
    <rdf:type rdf:resource='http://www.daml.org/2001/12/factbook/factbook-ont#InternationalOrganization'/>
    <NS0:name>OPCW</NS0:name>
  </rdf:Description>
  <rdf:Description rdf:about='http://www.daml.org/2001/12/factbook/internationalOrganizations#IFAD'>
    <rdf:type rdf:resource='http://www.daml.org/2001/12/factbook/factbook-ont#InternationalOrganization'/>
    <NS0:name>IFAD</NS0:name>
  </rdf:Description>
  <rdf:Description rdf:about='http://www.daml.org/2001/12/factbook/internationalOrganizations#UN'>
    <rdf:type rdf:resource='http://www.daml.org/2001/12/factbook/factbook-ont#InternationalOrganization'/>
    <NS0:name>UN</NS0:name>
  </rdf:Description>
  <rdf:Description rdf:about='http://www.daml.org/2001/12/factbook/internationalOrganizations#WHO'>
    <rdf:type rdf:resource='http://www.daml.org/2001/12/factbook/factbook-ont#InternationalOrganization'/>
    <NS0:name>WHO</NS0:name>
  </rdf:Description>
  <rdf:Description rdf:about='http://www.daml.org/2001/12/factbook/internationalOrganizations#PCA'>
    <rdf:type rdf:resource='http://www.daml.org/2001/12/factbook/factbook-ont#InternationalOrganization'/>
    <NS0:name>PCA</NS0:name>
  </rdf:Description>
  <rdf:Description rdf:about='http://www.daml.org/2001/12/factbook/internationalOrganizations#ECOWAS'>
    <rdf:type rdf:resource='http://www.daml.org/2001/12/factbook/factbook-ont#InternationalOrganization'/>
    <NS0:name>ECOWAS</NS0:name>
  </rdf:Description>
  <rdf:Description rdf:about='http://www.daml.org/2001/12/factbook/internationalOrganizations#OIC'>
    <rdf:type rdf:resource='http://www.daml.org/2001/12/factbook/factbook-ont#InternationalOrganization'/>
    <NS0:name>OIC</NS0:name>
  </rdf:Description>
  <rdf:Description rdf:about='http://www.daml.org/2001/12/factbook/internationalOrganizations#CACM'>
    <rdf:type rdf:resource='http://www.daml.org/2001/12/factbook/factbook-ont#InternationalOrganization'/>
    <NS0:name>CACM</NS0:name>
  </rdf:Description>
  <rdf:Description rdf:about='http://www.daml.org/2001/12/factbook/internationalOrganizations#NATO'>
    <rdf:type rdf:resource='http://www.daml.org/2001/12/factbook/factbook-ont#InternationalOrganization'/>
    <NS0:name>NATO</NS0:name>
  </rdf:Description>
  <rdf:Description rdf:about='http://www.daml.org/2001/12/factbook/internationalOrganizations#CEEAC'>
    <rdf:type rdf:resource='http://www.daml.org/2001/12/factbook/factbook-ont#InternationalOrganization'/>
    <NS0:name>CEEAC</NS0:name>
  </rdf:Description>
  <rdf:Description rdf:about='http://www.daml.org/2001/12/factbook/internationalOrganizations#AsDB'>
    <rdf:type rdf:resource='http://www.daml.org/2001/12/factbook/factbook-ont#InternationalOrganization'/>
    <NS0:name>AsDB</NS0:name>
  </rdf:Description>
  <rdf:Description rdf:about='http://www.daml.org/2001/12/factbook/internationalOrganizations#CIS'>
    <rdf:type rdf:resource='http://www.daml.org/2001/12/factbook/factbook-ont#InternationalOrganization'/>
    <NS0:name>CIS</NS0:name>
  </rdf:Description>
  <rdf:Description rdf:about='http://www.daml.org/2001/12/factbook/internationalOrganizations#ICRM'>
    <rdf:type rdf:resource='http://www.daml.org/2001/12/factbook/factbook-ont#InternationalOrganization'/>
    <NS0:name>ICRM</NS0:name>
  </rdf:Description>
  <rdf:Description rdf:about='http://www.daml.org/2001/12/factbook/internationalOrganizations#BDEAC'>
    <rdf:type rdf:resource='http://www.daml.org/2001/12/factbook/factbook-ont#InternationalOrganization'/>
    <NS0:name>BDEAC</NS0:name>
  </rdf:Description>
  <rdf:Description rdf:about='http://www.daml.org/2001/12/factbook/internationalOrganizations#G-77'>
    <rdf:type rdf:resource='http://www.daml.org/2001/12/factbook/factbook-ont#InternationalOrganization'/>
    <NS0:name>G-77</NS0:name>
  </rdf:Description>
  <rdf:Description rdf:about='http://www.daml.org/2001/12/factbook/internationalOrganizations#EIB'>
    <rdf:type rdf:resource='http://www.daml.org/2001/12/factbook/factbook-ont#InternationalOrganization'/>
    <NS0:name>EIB</NS0:name>
  </rdf:Description>
  <rdf:Description rdf:about='http://www.daml.org/2001/12/factbook/internationalOrganizations#WToO'>
    <rdf:type rdf:resource='http://www.daml.org/2001/12/factbook/factbook-ont#InternationalOrganization'/>
    <NS0:name>WToO</NS0:name>
  </rdf:Description>
  <rdf:Description rdf:about='http://www.daml.org/2001/12/factbook/internationalOrganizations#IHO'>
    <rdf:type rdf:resource='http://www.daml.org/2001/12/factbook/factbook-ont#InternationalOrganization'/>
    <NS0:name>IHO</NS0:name>
  </rdf:Description>
  <rdf:Description rdf:about='http://www.daml.org/2001/12/factbook/internationalOrganizations#ITU'>
    <rdf:type rdf:resource='http://www.daml.org/2001/12/factbook/factbook-ont#InternationalOrganization'/>
    <NS0:name>ITU</NS0:name>
  </rdf:Description>
  <rdf:Description rdf:about='http://www.daml.org/2001/12/factbook/internationalOrganizations#FZ'>
    <rdf:type rdf:resource='http://www.daml.org/2001/12/factbook/factbook-ont#InternationalOrganization'/>
    <NS0:name>FZ</NS0:name>
  </rdf:Description>
  <rdf:Description rdf:about='http://www.daml.org/2001/12/factbook/internationalOrganizations#NAM'>
    <rdf:type rdf:resource='http://www.daml.org/2001/12/factbook/factbook-ont#InternationalOrganization'/>
    <NS0:name>NAM</NS0:name>
  </rdf:Description>
  <rdf:Description rdf:about='http://www.daml.org/2001/12/factbook/internationalOrganizations#Intelsat'>
    <rdf:type rdf:resource='http://www.daml.org/2001/12/factbook/factbook-ont#InternationalOrganization'/>
    <NS0:name>Intelsat</NS0:name>
  </rdf:Description>
  <rdf:Description rdf:about='http://www.daml.org/2001/12/factbook/internationalOrganizations#UNMIK'>
    <rdf:type rdf:resource='http://www.daml.org/2001/12/factbook/factbook-ont#InternationalOrganization'/>
    <NS0:name>UNMIK</NS0:name>
  </rdf:Description>
  <rdf:Description rdf:about='http://www.daml.org/2001/12/factbook/internationalOrganizations#UNAMSIL'>
    <rdf:type rdf:resource='http://www.daml.org/2001/12/factbook/factbook-ont#InternationalOrganization'/>
    <NS0:name>UNAMSIL</NS0:name>
  </rdf:Description>
  <rdf:Description rdf:about='http://www.daml.org/2001/12/factbook/internationalOrganizations#UNHCR'>
    <rdf:type rdf:resource='http://www.daml.org/2001/12/factbook/factbook-ont#InternationalOrganization'/>
    <NS0:name>UNHCR</NS0:name>
  </rdf:Description>
  <rdf:Description rdf:about='http://www.daml.org/2001/12/factbook/internationalOrganizations#MONUC'>
    <rdf:type rdf:resource='http://www.daml.org/2001/12/factbook/factbook-ont#InternationalOrganization'/>
    <NS0:name>MONUC</NS0:name>
  </rdf:Description>
  <rdf:Description rdf:about='http://www.daml.org/2001/12/factbook/internationalOrganizations#ANZUS'>
    <rdf:type rdf:resource='http://www.daml.org/2001/12/factbook/factbook-ont#InternationalOrganization'/>
    <NS0:name>ANZUS</NS0:name>
  </rdf:Description>
  <rdf:Description rdf:about='http://www.daml.org/2001/12/factbook/internationalOrganizations#IAEA'>
    <rdf:type rdf:resource='http://www.daml.org/2001/12/factbook/factbook-ont#InternationalOrganization'/>
    <NS0:name>IAEA</NS0:name>
  </rdf:Description>
  <rdf:Description rdf:about='http://www.daml.org/2001/12/factbook/internationalOrganizations#UNITAR'>
    <rdf:type rdf:resource='http://www.daml.org/2001/12/factbook/factbook-ont#InternationalOrganization'/>
    <NS0:name>UNITAR</NS0:name>
  </rdf:Description>
  <rdf:Description rdf:about='http://www.daml.org/2001/12/factbook/internationalOrganizations#CBSS'>
    <rdf:type rdf:resource='http://www.daml.org/2001/12/factbook/factbook-ont#InternationalOrganization'/>
    <NS0:name>CBSS</NS0:name>
  </rdf:Description>
  <rdf:Description rdf:about='http://www.daml.org/2001/12/factbook/internationalOrganizations#MINURCA'>
    <rdf:type rdf:resource='http://www.daml.org/2001/12/factbook/factbook-ont#InternationalOrganization'/>
    <NS0:name>MINURCA</NS0:name>
  </rdf:Description>
  <rdf:Description rdf:about='http://www.daml.org/2001/12/factbook/internationalOrganizations#FAO'>
    <rdf:type rdf:resource='http://www.daml.org/2001/12/factbook/factbook-ont#InternationalOrganization'/>
    <NS0:name>FAO</NS0:name>
  </rdf:Description>
  <rdf:Description rdf:about='http://www.daml.org/2001/12/factbook/internationalOrganizations#WEU'>
    <rdf:type rdf:resource='http://www.daml.org/2001/12/factbook/factbook-ont#InternationalOrganization'/>
    <NS0:name>WEU</NS0:name>
  </rdf:Description>
  <rdf:Description rdf:about='http://www.daml.org/2001/12/factbook/internationalOrganizations#WIPO'>
    <rdf:type rdf:resource='http://www.daml.org/2001/12/factbook/factbook-ont#InternationalOrganization'/>
    <NS0:name>WIPO</NS0:name>
  </rdf:Description>
  <rdf:Description rdf:about='http://www.daml.org/2001/12/factbook/internationalOrganizations#RG'>
    <rdf:type rdf:resource='http://www.daml.org/2001/12/factbook/factbook-ont#InternationalOrganization'/>
    <NS0:name>RG</NS0:name>
  </rdf:Description>
  <rdf:Description rdf:about='http://www.daml.org/2001/12/factbook/internationalOrganizations#ISO'>
    <rdf:type rdf:resource='http://www.daml.org/2001/12/factbook/factbook-ont#InternationalOrganization'/>
    <NS0:name>ISO</NS0:name>
  </rdf:Description>
  <rdf:Description rdf:about='http://www.daml.org/2001/12/factbook/internationalOrganizations#EU'>
    <rdf:type rdf:resource='http://www.daml.org/2001/12/factbook/factbook-ont#InternationalOrganization'/>
    <NS0:name>EU</NS0:name>
  </rdf:Description>
  <rdf:Description rdf:about='http://www.daml.org/2001/12/factbook/internationalOrganizations#UN_Security_Council'>
    <rdf:type rdf:resource='http://www.daml.org/2001/12/factbook/factbook-ont#InternationalOrganization'/>
    <NS0:name>UN Security Council</NS0:name>
  </rdf:Description>
  <rdf:Description rdf:about='http://www.daml.org/2001/12/factbook/internationalOrganizations#C'>
    <rdf:type rdf:resource='http://www.daml.org/2001/12/factbook/factbook-ont#InternationalOrganization'/>
    <NS0:name>C</NS0:name>
  </rdf:Description>
  <rdf:Description rdf:about='http://www.daml.org/2001/12/factbook/internationalOrganizations#UNDOF'>
    <rdf:type rdf:resource='http://www.daml.org/2001/12/factbook/factbook-ont#InternationalOrganization'/>
    <NS0:name>UNDOF</NS0:name>
  </rdf:Description>
  <rdf:Description rdf:about='http://www.daml.org/2001/12/factbook/internationalOrganizations#IADB'>
    <rdf:type rdf:resource='http://www.daml.org/2001/12/factbook/factbook-ont#InternationalOrganization'/>
    <NS0:name>IADB</NS0:name>
  </rdf:Description>
  <rdf:Description rdf:about='http://www.daml.org/2001/12/factbook/internationalOrganizations#Entente'>
    <rdf:type rdf:resource='http://www.daml.org/2001/12/factbook/factbook-ont#InternationalOrganization'/>
    <NS0:name>Entente</NS0:name>
  </rdf:Description>
  <rdf:Description rdf:about='http://www.daml.org/2001/12/factbook/internationalOrganizations#Sparteca'>
    <rdf:type rdf:resource='http://www.daml.org/2001/12/factbook/factbook-ont#InternationalOrganization'/>
    <NS0:name>Sparteca</NS0:name>
  </rdf:Description>
  <rdf:Description rdf:about='http://www.daml.org/2001/12/factbook/internationalOrganizations#WADB'>
    <rdf:type rdf:resource='http://www.daml.org/2001/12/factbook/factbook-ont#InternationalOrganization'/>
    <NS0:name>WADB</NS0:name>
  </rdf:Description>
  <rdf:Description rdf:about='http://www.daml.org/2001/12/factbook/internationalOrganizations#ESA'>
    <rdf:type rdf:resource='http://www.daml.org/2001/12/factbook/factbook-ont#InternationalOrganization'/>
    <NS0:name>ESA</NS0:name>
  </rdf:Description>
  <rdf:Description rdf:about='http://www.daml.org/2001/12/factbook/internationalOrganizations#SAARC'>
    <rdf:type rdf:resource='http://www.daml.org/2001/12/factbook/factbook-ont#InternationalOrganization'/>
    <NS0:name>SAARC</NS0:name>
  </rdf:Description>
  <rdf:Description rdf:about='http://www.daml.org/2001/12/factbook/internationalOrganizations#UNMOGIP'>
    <rdf:type rdf:resource='http://www.daml.org/2001/12/factbook/factbook-ont#InternationalOrganization'/>
    <NS0:name>UNMOGIP</NS0:name>
  </rdf:Description>
  <rdf:Description rdf:about='http://www.daml.org/2001/12/factbook/internationalOrganizations#IFC'>
    <rdf:type rdf:resource='http://www.daml.org/2001/12/factbook/factbook-ont#InternationalOrganization'/>
    <NS0:name>IFC</NS0:name>
  </rdf:Description>
  <rdf:Description rdf:about='http://www.daml.org/2001/12/factbook/internationalOrganizations#BCIE'>
    <rdf:type rdf:resource='http://www.daml.org/2001/12/factbook/factbook-ont#InternationalOrganization'/>
    <NS0:name>BCIE</NS0:name>
  </rdf:Description>
  <rdf:Description rdf:about='http://www.daml.org/2001/12/factbook/internationalOrganizations#AFESD'>
    <rdf:type rdf:resource='http://www.daml.org/2001/12/factbook/factbook-ont#InternationalOrganization'/>
    <NS0:name>AFESD</NS0:name>
  </rdf:Description>
  <rdf:Description rdf:about='http://www.daml.org/2001/12/factbook/internationalOrganizations#UPU'>
    <rdf:type rdf:resource='http://www.daml.org/2001/12/factbook/factbook-ont#InternationalOrganization'/>
    <NS0:name>UPU</NS0:name>
  </rdf:Description>
  <rdf:Description rdf:about='http://www.daml.org/2001/12/factbook/internationalOrganizations#none'>
    <rdf:type rdf:resource='http://www.daml.org/2001/12/factbook/factbook-ont#InternationalOrganization'/>
    <NS0:name>none</NS0:name>
  </rdf:Description>
  <rdf:Description rdf:about='http://www.daml.org/2001/12/factbook/internationalOrganizations#G-7'>
    <rdf:type rdf:resource='http://www.daml.org/2001/12/factbook/factbook-ont#InternationalOrganization'/>
    <NS0:name>G-7</NS0:name>
  </rdf:Description>
  <rdf:Description rdf:about='http://www.daml.org/2001/12/factbook/internationalOrganizations#Caricom'>
    <rdf:type rdf:resource='http://www.daml.org/2001/12/factbook/factbook-ont#InternationalOrganization'/>
    <NS0:name>Caricom</NS0:name>
  </rdf:Description>
  <rdf:Description rdf:about='http://www.daml.org/2001/12/factbook/internationalOrganizations#G-6'>
    <rdf:type rdf:resource='http://www.daml.org/2001/12/factbook/factbook-ont#InternationalOrganization'/>
    <NS0:name>G-6</NS0:name>
  </rdf:Description>
  <rdf:Description rdf:about='http://www.daml.org/2001/12/factbook/internationalOrganizations#G-5'>
    <rdf:type rdf:resource='http://www.daml.org/2001/12/factbook/factbook-ont#InternationalOrganization'/>
    <NS0:name>G-5</NS0:name>
  </rdf:Description>
  <rdf:Description rdf:about='http://www.daml.org/2001/12/factbook/internationalOrganizations#Australia_Group'>
    <rdf:type rdf:resource='http://www.daml.org/2001/12/factbook/factbook-ont#InternationalOrganization'/>
    <NS0:name>Australia Group</NS0:name>
  </rdf:Description>
  <rdf:Description rdf:about='http://www.daml.org/2001/12/factbook/internationalOrganizations#G-3'>
    <rdf:type rdf:resource='http://www.daml.org/2001/12/factbook/factbook-ont#InternationalOrganization'/>
    <NS0:name>G-3</NS0:name>
  </rdf:Description>
  <rdf:Description rdf:about='http://www.daml.org/2001/12/factbook/internationalOrganizations#IEA'>
    <rdf:type rdf:resource='http://www.daml.org/2001/12/factbook/factbook-ont#InternationalOrganization'/>
    <NS0:name>IEA</NS0:name>
  </rdf:Description>
  <rdf:Description rdf:about='http://www.daml.org/2001/12/factbook/internationalOrganizations#EADB'>
    <rdf:type rdf:resource='http://www.daml.org/2001/12/factbook/factbook-ont#InternationalOrganization'/>
    <NS0:name>EADB</NS0:name>
  </rdf:Description>
  <rdf:Description rdf:about='http://www.daml.org/2001/12/factbook/internationalOrganizations#SPF'>
    <rdf:type rdf:resource='http://www.daml.org/2001/12/factbook/factbook-ont#InternationalOrganization'/>
    <NS0:name>SPF</NS0:name>
  </rdf:Description>
  <rdf:Description rdf:about='http://www.daml.org/2001/12/factbook/internationalOrganizations#WCL'>
    <rdf:type rdf:resource='http://www.daml.org/2001/12/factbook/factbook-ont#InternationalOrganization'/>
    <NS0:name>WCL</NS0:name>
  </rdf:Description>
  <rdf:Description rdf:about='http://www.daml.org/2001/12/factbook/internationalOrganizations#ARF'>
    <rdf:type rdf:resource='http://www.daml.org/2001/12/factbook/factbook-ont#InternationalOrganization'/>
    <NS0:name>ARF</NS0:name>
  </rdf:Description>
  <rdf:Description rdf:about='http://www.daml.org/2001/12/factbook/internationalOrganizations#WFTU'>
    <rdf:type rdf:resource='http://www.daml.org/2001/12/factbook/factbook-ont#InternationalOrganization'/>
    <NS0:name>WFTU</NS0:name>
  </rdf:Description>
  <rdf:Description rdf:about='http://www.daml.org/2001/12/factbook/internationalOrganizations#SPC'>
    <rdf:type rdf:resource='http://www.daml.org/2001/12/factbook/factbook-ont#InternationalOrganization'/>
    <NS0:name>SPC</NS0:name>
  </rdf:Description>
  <rdf:Description rdf:about='http://www.daml.org/2001/12/factbook/internationalOrganizations#OPANAL'>
    <rdf:type rdf:resource='http://www.daml.org/2001/12/factbook/factbook-ont#InternationalOrganization'/>
    <NS0:name>OPANAL</NS0:name>
  </rdf:Description>
  <rdf:Description rdf:about='http://www.daml.org/2001/12/factbook/internationalOrganizations#CP'>
    <rdf:type rdf:resource='http://www.daml.org/2001/12/factbook/factbook-ont#InternationalOrganization'/>
    <NS0:name>CP</NS0:name>
  </rdf:Description>
  <rdf:Description rdf:about='http://www.daml.org/2001/12/factbook/internationalOrganizations#EAPC'>
    <rdf:type rdf:resource='http://www.daml.org/2001/12/factbook/factbook-ont#InternationalOrganization'/>
    <NS0:name>EAPC</NS0:name>
  </rdf:Description>
  <rdf:Description rdf:about='http://www.daml.org/2001/12/factbook/internationalOrganizations#SADC'>
    <rdf:type rdf:resource='http://www.daml.org/2001/12/factbook/factbook-ont#InternationalOrganization'/>
    <NS0:name>SADC</NS0:name>
  </rdf:Description>
  <rdf:Description rdf:about='http://www.daml.org/2001/12/factbook/internationalOrganizations#CEI'>
    <rdf:type rdf:resource='http://www.daml.org/2001/12/factbook/factbook-ont#InternationalOrganization'/>
    <NS0:name>CEI</NS0:name>
  </rdf:Description>
  <rdf:Description rdf:about='http://www.daml.org/2001/12/factbook/internationalOrganizations#UNOMIG'>
    <rdf:type rdf:resource='http://www.daml.org/2001/12/factbook/factbook-ont#InternationalOrganization'/>
    <NS0:name>UNOMIG</NS0:name>
  </rdf:Description>
  <rdf:Description rdf:about='http://www.daml.org/2001/12/factbook/internationalOrganizations#CE'>
    <rdf:type rdf:resource='http://www.daml.org/2001/12/factbook/factbook-ont#InternationalOrganization'/>
    <NS0:name>CE</NS0:name>
  </rdf:Description>
  <rdf:Description rdf:about='http://www.daml.org/2001/12/factbook/internationalOrganizations#IGAD'>
    <rdf:type rdf:resource='http://www.daml.org/2001/12/factbook/factbook-ont#InternationalOrganization'/>
    <NS0:name>IGAD</NS0:name>
  </rdf:Description>
  <rdf:Description rdf:about='http://www.daml.org/2001/12/factbook/internationalOrganizations#ICAO'>
    <rdf:type rdf:resource='http://www.daml.org/2001/12/factbook/factbook-ont#InternationalOrganization'/>
    <NS0:name>ICAO</NS0:name>
  </rdf:Description>
  <rdf:Description rdf:about='http://www.daml.org/2001/12/factbook/internationalOrganizations#ECLAC'>
    <rdf:type rdf:resource='http://www.daml.org/2001/12/factbook/factbook-ont#InternationalOrganization'/>
    <NS0:name>ECLAC</NS0:name>
  </rdf:Description>
  <rdf:Description rdf:about='http://www.daml.org/2001/12/factbook/internationalOrganizations#InOC'>
    <rdf:type rdf:resource='http://www.daml.org/2001/12/factbook/factbook-ont#InternationalOrganization'/>
    <NS0:name>InOC</NS0:name>
  </rdf:Description>
  <rdf:Description rdf:about='http://www.daml.org/2001/12/factbook/internationalOrganizations#SACU'>
    <rdf:type rdf:resource='http://www.daml.org/2001/12/factbook/factbook-ont#InternationalOrganization'/>
    <NS0:name>SACU</NS0:name>
  </rdf:Description>
  <rdf:Description rdf:about='http://www.daml.org/2001/12/factbook/internationalOrganizations#OSCE'>
    <rdf:type rdf:resource='http://www.daml.org/2001/12/factbook/factbook-ont#InternationalOrganization'/>
    <NS0:name>OSCE</NS0:name>
  </rdf:Description>
  <rdf:Description rdf:about='http://www.daml.org/2001/12/factbook/internationalOrganizations#ESCAP'>
    <rdf:type rdf:resource='http://www.daml.org/2001/12/factbook/factbook-ont#InternationalOrganization'/>
    <NS0:name>ESCAP</NS0:name>
  </rdf:Description>
  <rdf:Description rdf:about='http://www.daml.org/2001/12/factbook/internationalOrganizations#IDB'>
    <rdf:type rdf:resource='http://www.daml.org/2001/12/factbook/factbook-ont#InternationalOrganization'/>
    <NS0:name>IDB</NS0:name>
  </rdf:Description>
  <rdf:Description rdf:about='http://www.daml.org/2001/12/factbook/internationalOrganizations#IDA'>
    <rdf:type rdf:resource='http://www.daml.org/2001/12/factbook/factbook-ont#InternationalOrganization'/>
    <NS0:name>IDA</NS0:name>
  </rdf:Description>
  <rdf:Description rdf:about='http://www.daml.org/2001/12/factbook/internationalOrganizations#UNMEE'>
    <rdf:type rdf:resource='http://www.daml.org/2001/12/factbook/factbook-ont#InternationalOrganization'/>
    <NS0:name>UNMEE</NS0:name>
  </rdf:Description>
  <rdf:Description rdf:about='http://www.daml.org/2001/12/factbook/internationalOrganizations#MTCR'>
    <rdf:type rdf:resource='http://www.daml.org/2001/12/factbook/factbook-ont#InternationalOrganization'/>
    <NS0:name>MTCR</NS0:name>
  </rdf:Description>
  <rdf:Description rdf:about='http://www.daml.org/2001/12/factbook/internationalOrganizations#WAEMU'>
    <rdf:type rdf:resource='http://www.daml.org/2001/12/factbook/factbook-ont#InternationalOrganization'/>
    <NS0:name>WAEMU</NS0:name>
  </rdf:Description>
  <rdf:Description rdf:about='http://www.daml.org/2001/12/factbook/internationalOrganizations#BSEC'>
    <rdf:type rdf:resource='http://www.daml.org/2001/12/factbook/factbook-ont#InternationalOrganization'/>
    <NS0:name>BSEC</NS0:name>
  </rdf:Description>
  <rdf:Description rdf:about='http://www.daml.org/2001/12/factbook/internationalOrganizations#UNRWA'>
    <rdf:type rdf:resource='http://www.daml.org/2001/12/factbook/factbook-ont#InternationalOrganization'/>
    <NS0:name>UNRWA</NS0:name>
  </rdf:Description>
  <rdf:Description rdf:about='http://www.daml.org/2001/12/factbook/internationalOrganizations#G-24'>
    <rdf:type rdf:resource='http://www.daml.org/2001/12/factbook/factbook-ont#InternationalOrganization'/>
    <NS0:name>G-24</NS0:name>
  </rdf:Description>
  <rdf:Description rdf:about='http://www.daml.org/2001/12/factbook/internationalOrganizations#UNU'>
    <rdf:type rdf:resource='http://www.daml.org/2001/12/factbook/factbook-ont#InternationalOrganization'/>
    <NS0:name>UNU</NS0:name>
  </rdf:Description>
  <rdf:Description rdf:about='http://www.daml.org/2001/12/factbook/internationalOrganizations#LAIA'>
    <rdf:type rdf:resource='http://www.daml.org/2001/12/factbook/factbook-ont#InternationalOrganization'/>
    <NS0:name>LAIA</NS0:name>
  </rdf:Description>
  <rdf:Description rdf:about='http://www.daml.org/2001/12/factbook/internationalOrganizations#NIB'>
    <rdf:type rdf:resource='http://www.daml.org/2001/12/factbook/factbook-ont#InternationalOrganization'/>
    <NS0:name>NIB</NS0:name>
  </rdf:Description>
  <rdf:Description rdf:about='http://www.daml.org/2001/12/factbook/internationalOrganizations#CDB'>
    <rdf:type rdf:resource='http://www.daml.org/2001/12/factbook/factbook-ont#InternationalOrganization'/>
    <NS0:name>CDB</NS0:name>
  </rdf:Description>
  <rdf:Description rdf:about='http://www.daml.org/2001/12/factbook/internationalOrganizations#ACCT'>
    <rdf:type rdf:resource='http://www.daml.org/2001/12/factbook/factbook-ont#InternationalOrganization'/>
    <NS0:name>ACCT</NS0:name>
  </rdf:Description>
  <rdf:Description rdf:about='http://www.daml.org/2001/12/factbook/internationalOrganizations#ICC'>
    <rdf:type rdf:resource='http://www.daml.org/2001/12/factbook/factbook-ont#InternationalOrganization'/>
    <NS0:name>ICC</NS0:name>
  </rdf:Description>
  <rdf:Description rdf:about='http://www.daml.org/2001/12/factbook/internationalOrganizations#NC'>
    <rdf:type rdf:resource='http://www.daml.org/2001/12/factbook/factbook-ont#InternationalOrganization'/>
    <NS0:name>NC</NS0:name>
  </rdf:Description>
  <rdf:Description rdf:about='http://www.daml.org/2001/12/factbook/internationalOrganizations#IOM'>
    <rdf:type rdf:resource='http://www.daml.org/2001/12/factbook/factbook-ont#InternationalOrganization'/>
    <NS0:name>IOM</NS0:name>
  </rdf:Description>
  <rdf:Description rdf:about='http://www.daml.org/2001/12/factbook/internationalOrganizations#EFTA'>
    <rdf:type rdf:resource='http://www.daml.org/2001/12/factbook/factbook-ont#InternationalOrganization'/>
    <NS0:name>EFTA</NS0:name>
  </rdf:Description>
  <rdf:Description rdf:about='http://www.daml.org/2001/12/factbook/internationalOrganizations#ECO'>
    <rdf:type rdf:resource='http://www.daml.org/2001/12/factbook/factbook-ont#InternationalOrganization'/>
    <NS0:name>ECO</NS0:name>
  </rdf:Description>
  <rdf:Description rdf:about='http://www.daml.org/2001/12/factbook/internationalOrganizations#OECS'>
    <rdf:type rdf:resource='http://www.daml.org/2001/12/factbook/factbook-ont#InternationalOrganization'/>
    <NS0:name>OECS</NS0:name>
  </rdf:Description>
  <rdf:Description rdf:about='http://www.daml.org/2001/12/factbook/internationalOrganizations#GCC'>
    <rdf:type rdf:resource='http://www.daml.org/2001/12/factbook/factbook-ont#InternationalOrganization'/>
    <NS0:name>GCC</NS0:name>
  </rdf:Description>
  <rdf:Description rdf:about='http://www.daml.org/2001/12/factbook/internationalOrganizations#G-19'>
    <rdf:type rdf:resource='http://www.daml.org/2001/12/factbook/factbook-ont#InternationalOrganization'/>
    <NS0:name>G-19</NS0:name>
  </rdf:Description>
  <rdf:Description rdf:about='http://www.daml.org/2001/12/factbook/internationalOrganizations#IOC'>
    <rdf:type rdf:resource='http://www.daml.org/2001/12/factbook/factbook-ont#InternationalOrganization'/>
    <NS0:name>IOC</NS0:name>
  </rdf:Description>
  <rdf:Description rdf:about='http://www.daml.org/2001/12/factbook/internationalOrganizations#UNIDO'>
    <rdf:type rdf:resource='http://www.daml.org/2001/12/factbook/factbook-ont#InternationalOrganization'/>
    <NS0:name>UNIDO</NS0:name>
  </rdf:Description>
  <rdf:Description rdf:about='http://www.daml.org/2001/12/factbook/internationalOrganizations#G-15'>
    <rdf:type rdf:resource='http://www.daml.org/2001/12/factbook/factbook-ont#InternationalOrganization'/>
    <NS0:name>G-15</NS0:name>
  </rdf:Description>
  <rdf:Description rdf:about='http://www.daml.org/2001/12/factbook/internationalOrganizations#AL'>
    <rdf:type rdf:resource='http://www.daml.org/2001/12/factbook/factbook-ont#InternationalOrganization'/>
    <NS0:name>AL</NS0:name>
  </rdf:Description>
  <rdf:Description rdf:about='http://www.daml.org/2001/12/factbook/internationalOrganizations#ZC'>
    <rdf:type rdf:resource='http://www.daml.org/2001/12/factbook/factbook-ont#InternationalOrganization'/>
    <NS0:name>ZC</NS0:name>
  </rdf:Description>
  <rdf:Description rdf:about='http://www.daml.org/2001/12/factbook/internationalOrganizations#ECE'>
    <rdf:type rdf:resource='http://www.daml.org/2001/12/factbook/factbook-ont#InternationalOrganization'/>
    <NS0:name>ECE</NS0:name>
  </rdf:Description>
  <rdf:Description rdf:about='http://www.daml.org/2001/12/factbook/internationalOrganizations#WMO'>
    <rdf:type rdf:resource='http://www.daml.org/2001/12/factbook/factbook-ont#InternationalOrganization'/>
    <NS0:name>WMO</NS0:name>
  </rdf:Description>
  <rdf:Description rdf:about='http://www.daml.org/2001/12/factbook/internationalOrganizations#BIS'>
    <rdf:type rdf:resource='http://www.daml.org/2001/12/factbook/factbook-ont#InternationalOrganization'/>
    <NS0:name>BIS</NS0:name>
  </rdf:Description>
  <rdf:Description rdf:about='http://www.daml.org/2001/12/factbook/internationalOrganizations#ASEAN'>
    <rdf:type rdf:resource='http://www.daml.org/2001/12/factbook/factbook-ont#InternationalOrganization'/>
    <NS0:name>ASEAN</NS0:name>
  </rdf:Description>
  <rdf:Description rdf:about='http://www.daml.org/2001/12/factbook/internationalOrganizations#ACP'>
    <rdf:type rdf:resource='http://www.daml.org/2001/12/factbook/factbook-ont#InternationalOrganization'/>
    <NS0:name>ACP</NS0:name>
  </rdf:Description>
  <rdf:Description rdf:about='http://www.daml.org/2001/12/factbook/internationalOrganizations#G-11'>
    <rdf:type rdf:resource='http://www.daml.org/2001/12/factbook/factbook-ont#InternationalOrganization'/>
    <NS0:name>G-11</NS0:name>
  </rdf:Description>
  <rdf:Description rdf:about='http://www.daml.org/2001/12/factbook/internationalOrganizations#ECA'>
    <rdf:type rdf:resource='http://www.daml.org/2001/12/factbook/factbook-ont#InternationalOrganization'/>
    <NS0:name>ECA</NS0:name>
  </rdf:Description>
  <rdf:Description rdf:about='http://www.daml.org/2001/12/factbook/internationalOrganizations#G-10'>
    <rdf:type rdf:resource='http://www.daml.org/2001/12/factbook/factbook-ont#InternationalOrganization'/>
    <NS0:name>G-10</NS0:name>
  </rdf:Description>
  <rdf:Description rdf:about='http://www.daml.org/2001/12/factbook/internationalOrganizations#Mercosur'>
    <rdf:type rdf:resource='http://www.daml.org/2001/12/factbook/factbook-ont#InternationalOrganization'/>
    <NS0:name>Mercosur</NS0:name>
  </rdf:Description>
  <rdf:Description rdf:about='http://www.daml.org/2001/12/factbook/internationalOrganizations#UNMIBH'>
    <rdf:type rdf:resource='http://www.daml.org/2001/12/factbook/factbook-ont#InternationalOrganization'/>
    <NS0:name>UNMIBH</NS0:name>
  </rdf:Description>
  <rdf:Description rdf:about='http://www.daml.org/2001/12/factbook/internationalOrganizations#OECD'>
    <rdf:type rdf:resource='http://www.daml.org/2001/12/factbook/factbook-ont#InternationalOrganization'/>
    <NS0:name>OECD</NS0:name>
  </rdf:Description>
  <rdf:Description rdf:about='http://www.daml.org/2001/12/factbook/internationalOrganizations#CCC'>
    <rdf:type rdf:resource='http://www.daml.org/2001/12/factbook/factbook-ont#InternationalOrganization'/>
    <NS0:name>CCC</NS0:name>
  </rdf:Description>
  <rdf:Description rdf:about='http://www.daml.org/2001/12/factbook/internationalOrganizations#OAU'>
    <rdf:type rdf:resource='http://www.daml.org/2001/12/factbook/factbook-ont#InternationalOrganization'/>
    <NS0:name>OAU</NS0:name>
  </rdf:Description>
  <rdf:Description rdf:about='http://www.daml.org/2001/12/factbook/internationalOrganizations#IBRD'>
    <rdf:type rdf:resource='http://www.daml.org/2001/12/factbook/factbook-ont#InternationalOrganization'/>
    <NS0:name>IBRD</NS0:name>
  </rdf:Description>
  <rdf:Description rdf:about='http://www.daml.org/2001/12/factbook/internationalOrganizations#OAS'>
    <rdf:type rdf:resource='http://www.daml.org/2001/12/factbook/factbook-ont#InternationalOrganization'/>
    <NS0:name>OAS</NS0:name>
  </rdf:Description>
  <rdf:Description rdf:about='http://www.daml.org/2001/12/factbook/internationalOrganizations#ACC'>
    <rdf:type rdf:resource='http://www.daml.org/2001/12/factbook/factbook-ont#InternationalOrganization'/>
    <NS0:name>ACC</NS0:name>
  </rdf:Description>
  <rdf:Description rdf:about='http://www.daml.org/2001/12/factbook/internationalOrganizations#UNMOT'>
    <rdf:type rdf:resource='http://www.daml.org/2001/12/factbook/factbook-ont#InternationalOrganization'/>
    <NS0:name>UNMOT</NS0:name>
  </rdf:Description>
  <rdf:Description rdf:about='http://www.daml.org/2001/12/factbook/internationalOrganizations#UNIKOM'>
    <rdf:type rdf:resource='http://www.daml.org/2001/12/factbook/factbook-ont#InternationalOrganization'/>
    <NS0:name>UNIKOM</NS0:name>
  </rdf:Description>
  <rdf:Description rdf:about='http://www.daml.org/2001/12/factbook/internationalOrganizations#Benelux'>
    <rdf:type rdf:resource='http://www.daml.org/2001/12/factbook/factbook-ont#InternationalOrganization'/>
    <NS0:name>Benelux</NS0:name>
  </rdf:Description>
  <rdf:Description rdf:about='http://www.daml.org/2001/12/factbook/internationalOrganizations#UNMOP'>
    <rdf:type rdf:resource='http://www.daml.org/2001/12/factbook/factbook-ont#InternationalOrganization'/>
    <NS0:name>UNMOP</NS0:name>
  </rdf:Description>
  <rdf:Description rdf:about='http://www.daml.org/2001/12/factbook/internationalOrganizations#UNESCO'>
    <rdf:type rdf:resource='http://www.daml.org/2001/12/factbook/factbook-ont#InternationalOrganization'/>
    <NS0:name>UNESCO</NS0:name>
  </rdf:Description>
  <rdf:Description rdf:about='http://www.daml.org/2001/12/factbook/internationalOrganizations#UNIFIL'>
    <rdf:type rdf:resource='http://www.daml.org/2001/12/factbook/factbook-ont#InternationalOrganization'/>
    <NS0:name>UNIFIL</NS0:name>
  </rdf:Description>
  <rdf:Description rdf:about='http://www.daml.org/2001/12/factbook/internationalOrganizations#AfDB'>
    <rdf:type rdf:resource='http://www.daml.org/2001/12/factbook/factbook-ont#InternationalOrganization'/>
    <NS0:name>AfDB</NS0:name>
  </rdf:Description>
  <rdf:Description rdf:about='http://www.daml.org/2001/12/factbook/internationalOrganizations#ABEDA'>
    <rdf:type rdf:resource='http://www.daml.org/2001/12/factbook/factbook-ont#InternationalOrganization'/>
    <NS0:name>ABEDA</NS0:name>
  </rdf:Description>
  <rdf:Description rdf:about='http://www.daml.org/2001/12/factbook/internationalOrganizations#NSG'>
    <rdf:type rdf:resource='http://www.daml.org/2001/12/factbook/factbook-ont#InternationalOrganization'/>
    <NS0:name>NSG</NS0:name>
  </rdf:Description>
  <rdf:Description rdf:about='http://www.daml.org/2001/12/factbook/internationalOrganizations#IMO'>
    <rdf:type rdf:resource='http://www.daml.org/2001/12/factbook/factbook-ont#InternationalOrganization'/>
    <NS0:name>IMO</NS0:name>
  </rdf:Description>
  <rdf:Description rdf:about='http://www.daml.org/2001/12/factbook/internationalOrganizations#PFP'>
    <rdf:type rdf:resource='http://www.daml.org/2001/12/factbook/factbook-ont#InternationalOrganization'/>
    <NS0:name>PFP</NS0:name>
  </rdf:Description>
  <rdf:Description rdf:about='http://www.daml.org/2001/12/factbook/internationalOrganizations#IFRCS'>
    <rdf:type rdf:resource='http://www.daml.org/2001/12/factbook/factbook-ont#InternationalOrganization'/>
    <NS0:name>IFRCS</NS0:name>
  </rdf:Description>
  <rdf:Description rdf:about='http://www.daml.org/2001/12/factbook/internationalOrganizations#UNFICYP'>
    <rdf:type rdf:resource='http://www.daml.org/2001/12/factbook/factbook-ont#InternationalOrganization'/>
    <NS0:name>UNFICYP</NS0:name>
  </rdf:Description>
  <rdf:Description rdf:about='http://www.daml.org/2001/12/factbook/internationalOrganizations#ESCWA'>
    <rdf:type rdf:resource='http://www.daml.org/2001/12/factbook/factbook-ont#InternationalOrganization'/>
    <NS0:name>ESCWA</NS0:name>
  </rdf:Description>
  <rdf:Description rdf:about='http://www.daml.org/2001/12/factbook/internationalOrganizations#EMU'>
    <rdf:type rdf:resource='http://www.daml.org/2001/12/factbook/factbook-ont#InternationalOrganization'/>
    <NS0:name>EMU</NS0:name>
  </rdf:Description>
  <rdf:Description rdf:about='http://www.daml.org/2001/12/factbook/internationalOrganizations#IMF'>
    <rdf:type rdf:resource='http://www.daml.org/2001/12/factbook/factbook-ont#InternationalOrganization'/>
    <NS0:name>IMF</NS0:name>
  </rdf:Description>
  <rdf:Description rdf:about='http://www.daml.org/2001/12/factbook/internationalOrganizations#CAN'>
    <rdf:type rdf:resource='http://www.daml.org/2001/12/factbook/factbook-ont#InternationalOrganization'/>
    <NS0:name>CAN</NS0:name>
  </rdf:Description>
  <rdf:Description rdf:about='http://www.daml.org/2001/12/factbook/internationalOrganizations#EBRD'>
    <rdf:type rdf:resource='http://www.daml.org/2001/12/factbook/factbook-ont#InternationalOrganization'/>
    <NS0:name>EBRD</NS0:name>
  </rdf:Description>
  <rdf:Description rdf:about='http://www.daml.org/2001/12/factbook/internationalOrganizations#CERN'>
    <rdf:type rdf:resource='http://www.daml.org/2001/12/factbook/factbook-ont#InternationalOrganization'/>
    <NS0:name>CERN</NS0:name>
  </rdf:Description>
  <rdf:Description rdf:about='http://www.daml.org/2001/12/factbook/internationalOrganizations#UNTSO'>
    <rdf:type rdf:resource='http://www.daml.org/2001/12/factbook/factbook-ont#InternationalOrganization'/>
    <NS0:name>UNTSO</NS0:name>
  </rdf:Description>
  <rdf:Description rdf:about='http://www.daml.org/2001/12/factbook/internationalOrganizations#AMU'>
    <rdf:type rdf:resource='http://www.daml.org/2001/12/factbook/factbook-ont#InternationalOrganization'/>
    <NS0:name>AMU</NS0:name>
  </rdf:Description>
  <rdf:Description rdf:about='http://www.daml.org/2001/12/factbook/internationalOrganizations#Inmarsat'>
    <rdf:type rdf:resource='http://www.daml.org/2001/12/factbook/factbook-ont#InternationalOrganization'/>
    <NS0:name>Inmarsat</NS0:name>
  </rdf:Description>
</rdf:RDF>
