<?xml version='1.0' encoding='ISO-8859-1'?>
<rdf:RDF
  xmlns:rdf='http://www.w3.org/1999/02/22-rdf-syntax-ns#'
  xmlns:NS0='http://www.daml.org/2001/12/factbook/factbook-ont#'
  xml:base="http://www.daml.org/2001/12/factbook/naturalResources">
  <rdf:Description rdf:about='http://www.daml.org/2001/12/factbook/naturalResources#sea'>
    <rdf:type rdf:resource='http://www.daml.org/2001/12/factbook/factbook-ont#NaturalResource'/>
    <NS0:name>sea</NS0:name>
  </rdf:Description>
  <rdf:Description rdf:about='http://www.daml.org/2001/12/factbook/naturalResources#terrestrial_and_aquatic'>
    <rdf:type rdf:resource='http://www.daml.org/2001/12/factbook/factbook-ont#NaturalResource'/>
    <NS0:name>terrestrial and aquatic</NS0:name>
  </rdf:Description>
  <rdf:Description rdf:about='http://www.daml.org/2001/12/factbook/naturalResources#minerals'>
    <rdf:type rdf:resource='http://www.daml.org/2001/12/factbook/factbook-ont#NaturalResource'/>
    <NS0:name>minerals</NS0:name>
  </rdf:Description>
  <rdf:Description rdf:about='http://www.daml.org/2001/12/factbook/naturalResources#limited_petroleum'>
    <rdf:type rdf:resource='http://www.daml.org/2001/12/factbook/factbook-ont#NaturalResource'/>
    <NS0:name>limited petroleum</NS0:name>
  </rdf:Description>
  <rdf:Description rdf:about='http://www.daml.org/2001/12/factbook/naturalResources#tantalum'>
    <rdf:type rdf:resource='http://www.daml.org/2001/12/factbook/factbook-ont#NaturalResource'/>
    <NS0:name>tantalum</NS0:name>
  </rdf:Description>
  <rdf:Description rdf:about='http://www.daml.org/2001/12/factbook/naturalResources#some_diamonds_and_other_minerals'>
    <rdf:type rdf:resource='http://www.daml.org/2001/12/factbook/factbook-ont#NaturalResource'/>
    <NS0:name>some diamonds and other minerals</NS0:name>
  </rdf:Description>
  <rdf:Description rdf:about='http://www.daml.org/2001/12/factbook/naturalResources#building_stone'>
    <rdf:type rdf:resource='http://www.daml.org/2001/12/factbook/factbook-ont#NaturalResource'/>
    <NS0:name>building stone</NS0:name>
  </rdf:Description>
  <rdf:Description rdf:about='http://www.daml.org/2001/12/factbook/naturalResources#terrestrial_and_aquatic_wildlife'>
    <rdf:type rdf:resource='http://www.daml.org/2001/12/factbook/factbook-ont#NaturalResource'/>
    <NS0:name>terrestrial and aquatic wildlife</NS0:name>
  </rdf:Description>
  <rdf:Description rdf:about='http://www.daml.org/2001/12/factbook/naturalResources#fertile_soil_in_west'>
    <rdf:type rdf:resource='http://www.daml.org/2001/12/factbook/factbook-ont#NaturalResource'/>
    <NS0:name>fertile soil in west</NS0:name>
  </rdf:Description>
  <rdf:Description rdf:about='http://www.daml.org/2001/12/factbook/naturalResources#copra'>
    <rdf:type rdf:resource='http://www.daml.org/2001/12/factbook/factbook-ont#NaturalResource'/>
    <NS0:name>copra</NS0:name>
  </rdf:Description>
  <rdf:Description rdf:about='http://www.daml.org/2001/12/factbook/naturalResources#phosphate_deposits'>
    <rdf:type rdf:resource='http://www.daml.org/2001/12/factbook/factbook-ont#NaturalResource'/>
    <NS0:name>phosphate deposits</NS0:name>
  </rdf:Description>
  <rdf:Description rdf:about='http://www.daml.org/2001/12/factbook/naturalResources#magnesite'>
    <rdf:type rdf:resource='http://www.daml.org/2001/12/factbook/factbook-ont#NaturalResource'/>
    <NS0:name>magnesite</NS0:name>
  </rdf:Description>
  <rdf:Description rdf:about='http://www.daml.org/2001/12/factbook/naturalResources#copper_and_manganese_ore;_salt;_arable_land'>
    <rdf:type rdf:resource='http://www.daml.org/2001/12/factbook/factbook-ont#NaturalResource'/>
    <NS0:name>copper and manganese ore; salt; arable land</NS0:name>
  </rdf:Description>
  <rdf:Description rdf:about='http://www.daml.org/2001/12/factbook/naturalResources#calcium_carbide'>
    <rdf:type rdf:resource='http://www.daml.org/2001/12/factbook/factbook-ont#NaturalResource'/>
    <NS0:name>calcium carbide</NS0:name>
  </rdf:Description>
  <rdf:Description rdf:about='http://www.daml.org/2001/12/factbook/naturalResources#hydroelectric_potential'>
    <rdf:type rdf:resource='http://www.daml.org/2001/12/factbook/factbook-ont#NaturalResource'/>
    <NS0:name>hydroelectric potential</NS0:name>
  </rdf:Description>
  <rdf:Description rdf:about='http://www.daml.org/2001/12/factbook/naturalResources#calcium_carbonate'>
    <rdf:type rdf:resource='http://www.daml.org/2001/12/factbook/factbook-ont#NaturalResource'/>
    <NS0:name>calcium carbonate</NS0:name>
  </rdf:Description>
  <rdf:Description rdf:about='http://www.daml.org/2001/12/factbook/naturalResources#diamonds'>
    <rdf:type rdf:resource='http://www.daml.org/2001/12/factbook/factbook-ont#NaturalResource'/>
    <NS0:name>diamonds</NS0:name>
  </rdf:Description>
  <rdf:Description rdf:about='http://www.daml.org/2001/12/factbook/naturalResources#calcium'>
    <rdf:type rdf:resource='http://www.daml.org/2001/12/factbook/factbook-ont#NaturalResource'/>
    <NS0:name>calcium</NS0:name>
  </rdf:Description>
  <rdf:Description rdf:about='http://www.daml.org/2001/12/factbook/naturalResources#and_many_strategic_minerals'>
    <rdf:type rdf:resource='http://www.daml.org/2001/12/factbook/factbook-ont#NaturalResource'/>
    <NS0:name>and many strategic minerals</NS0:name>
  </rdf:Description>
  <rdf:Description rdf:about='http://www.daml.org/2001/12/factbook/naturalResources#fishes'>
    <rdf:type rdf:resource='http://www.daml.org/2001/12/factbook/factbook-ont#NaturalResource'/>
    <NS0:name>fishes</NS0:name>
  </rdf:Description>
  <rdf:Description rdf:about='http://www.daml.org/2001/12/factbook/naturalResources#NEGL;_white_sandy_beaches'>
    <rdf:type rdf:resource='http://www.daml.org/2001/12/factbook/factbook-ont#NaturalResource'/>
    <NS0:name>NEGL; white sandy beaches</NS0:name>
  </rdf:Description>
  <rdf:Description rdf:about='http://www.daml.org/2001/12/factbook/naturalResources#quarry_stone'>
    <rdf:type rdf:resource='http://www.daml.org/2001/12/factbook/factbook-ont#NaturalResource'/>
    <NS0:name>quarry stone</NS0:name>
  </rdf:Description>
  <rdf:Description rdf:about='http://www.daml.org/2001/12/factbook/naturalResources#cultivable_land'>
    <rdf:type rdf:resource='http://www.daml.org/2001/12/factbook/factbook-ont#NaturalResource'/>
    <NS0:name>cultivable land</NS0:name>
  </rdf:Description>
  <rdf:Description rdf:about='http://www.daml.org/2001/12/factbook/naturalResources#iron'>
    <rdf:type rdf:resource='http://www.daml.org/2001/12/factbook/factbook-ont#NaturalResource'/>
    <NS0:name>iron</NS0:name>
  </rdf:Description>
  <rdf:Description rdf:about='http://www.daml.org/2001/12/factbook/naturalResources#negligible_mineral_resources'>
    <rdf:type rdf:resource='http://www.daml.org/2001/12/factbook/factbook-ont#NaturalResource'/>
    <NS0:name>negligible mineral resources</NS0:name>
  </rdf:Description>
  <rdf:Description rdf:about='http://www.daml.org/2001/12/factbook/naturalResources#semiprecious_stones'>
    <rdf:type rdf:resource='http://www.daml.org/2001/12/factbook/factbook-ont#NaturalResource'/>
    <NS0:name>semiprecious stones</NS0:name>
  </rdf:Description>
  <rdf:Description rdf:about='http://www.daml.org/2001/12/factbook/naturalResources#and_asbestos'>
    <rdf:type rdf:resource='http://www.daml.org/2001/12/factbook/factbook-ont#NaturalResource'/>
    <NS0:name>and asbestos</NS0:name>
  </rdf:Description>
  <rdf:Description rdf:about='http://www.daml.org/2001/12/factbook/naturalResources#and_copper'>
    <rdf:type rdf:resource='http://www.daml.org/2001/12/factbook/factbook-ont#NaturalResource'/>
    <NS0:name>and copper</NS0:name>
  </rdf:Description>
  <rdf:Description rdf:about='http://www.daml.org/2001/12/factbook/naturalResources#lead_and_zinc'>
    <rdf:type rdf:resource='http://www.daml.org/2001/12/factbook/factbook-ont#NaturalResource'/>
    <NS0:name>lead and zinc</NS0:name>
  </rdf:Description>
  <rdf:Description rdf:about='http://www.daml.org/2001/12/factbook/naturalResources#sugarcane'>
    <rdf:type rdf:resource='http://www.daml.org/2001/12/factbook/factbook-ont#NaturalResource'/>
    <NS0:name>sugarcane</NS0:name>
  </rdf:Description>
  <rdf:Description rdf:about='http://www.daml.org/2001/12/factbook/naturalResources#miro_trees'>
    <rdf:type rdf:resource='http://www.daml.org/2001/12/factbook/factbook-ont#NaturalResource'/>
    <NS0:name>miro trees</NS0:name>
  </rdf:Description>
  <rdf:Description rdf:about='http://www.daml.org/2001/12/factbook/naturalResources#placer_deposits'>
    <rdf:type rdf:resource='http://www.daml.org/2001/12/factbook/factbook-ont#NaturalResource'/>
    <NS0:name>placer deposits</NS0:name>
  </rdf:Description>
  <rdf:Description rdf:about='http://www.daml.org/2001/12/factbook/naturalResources#fluorite'>
    <rdf:type rdf:resource='http://www.daml.org/2001/12/factbook/factbook-ont#NaturalResource'/>
    <NS0:name>fluorite</NS0:name>
  </rdf:Description>
  <rdf:Description rdf:about='http://www.daml.org/2001/12/factbook/naturalResources#some_petroleum'>
    <rdf:type rdf:resource='http://www.daml.org/2001/12/factbook/factbook-ont#NaturalResource'/>
    <NS0:name>some petroleum</NS0:name>
  </rdf:Description>
  <rdf:Description rdf:about='http://www.daml.org/2001/12/factbook/naturalResources#tar_sands'>
    <rdf:type rdf:resource='http://www.daml.org/2001/12/factbook/factbook-ont#NaturalResource'/>
    <NS0:name>tar sands</NS0:name>
  </rdf:Description>
  <rdf:Description rdf:about='http://www.daml.org/2001/12/factbook/naturalResources#salt'>
    <rdf:type rdf:resource='http://www.daml.org/2001/12/factbook/factbook-ont#NaturalResource'/>
    <NS0:name>salt</NS0:name>
  </rdf:Description>
  <rdf:Description rdf:about='http://www.daml.org/2001/12/factbook/naturalResources#titanium'>
    <rdf:type rdf:resource='http://www.daml.org/2001/12/factbook/factbook-ont#NaturalResource'/>
    <NS0:name>titanium</NS0:name>
  </rdf:Description>
  <rdf:Description rdf:about='http://www.daml.org/2001/12/factbook/naturalResources#small_reserves_of_gold'>
    <rdf:type rdf:resource='http://www.daml.org/2001/12/factbook/factbook-ont#NaturalResource'/>
    <NS0:name>small reserves of gold</NS0:name>
  </rdf:Description>
  <rdf:Description rdf:about='http://www.daml.org/2001/12/factbook/naturalResources#guano'>
    <rdf:type rdf:resource='http://www.daml.org/2001/12/factbook/factbook-ont#NaturalResource'/>
    <NS0:name>guano</NS0:name>
  </rdf:Description>
  <rdf:Description rdf:about='http://www.daml.org/2001/12/factbook/naturalResources#squid'>
    <rdf:type rdf:resource='http://www.daml.org/2001/12/factbook/factbook-ont#NaturalResource'/>
    <NS0:name>squid</NS0:name>
  </rdf:Description>
  <rdf:Description rdf:about='http://www.daml.org/2001/12/factbook/naturalResources#diatomite'>
    <rdf:type rdf:resource='http://www.daml.org/2001/12/factbook/factbook-ont#NaturalResource'/>
    <NS0:name>diatomite</NS0:name>
  </rdf:Description>
  <rdf:Description rdf:about='http://www.daml.org/2001/12/factbook/naturalResources#industrial_and_gem_diamonds'>
    <rdf:type rdf:resource='http://www.daml.org/2001/12/factbook/factbook-ont#NaturalResource'/>
    <NS0:name>industrial and gem diamonds</NS0:name>
  </rdf:Description>
  <rdf:Description rdf:about='http://www.daml.org/2001/12/factbook/naturalResources#cinnamon_trees'>
    <rdf:type rdf:resource='http://www.daml.org/2001/12/factbook/factbook-ont#NaturalResource'/>
    <NS0:name>cinnamon trees</NS0:name>
  </rdf:Description>
  <rdf:Description rdf:about='http://www.daml.org/2001/12/factbook/naturalResources#tin'>
    <rdf:type rdf:resource='http://www.daml.org/2001/12/factbook/factbook-ont#NaturalResource'/>
    <NS0:name>tin</NS0:name>
  </rdf:Description>
  <rdf:Description rdf:about='http://www.daml.org/2001/12/factbook/naturalResources#natural_gas_and_crude_oil_reserves'>
    <rdf:type rdf:resource='http://www.daml.org/2001/12/factbook/factbook-ont#NaturalResource'/>
    <NS0:name>natural gas and crude oil reserves</NS0:name>
  </rdf:Description>
  <rdf:Description rdf:about='http://www.daml.org/2001/12/factbook/naturalResources#nickel'>
    <rdf:type rdf:resource='http://www.daml.org/2001/12/factbook/factbook-ont#NaturalResource'/>
    <NS0:name>nickel</NS0:name>
  </rdf:Description>
  <rdf:Description rdf:about='http://www.daml.org/2001/12/factbook/naturalResources#rubber'>
    <rdf:type rdf:resource='http://www.daml.org/2001/12/factbook/factbook-ont#NaturalResource'/>
    <NS0:name>rubber</NS0:name>
  </rdf:Description>
  <rdf:Description rdf:about='http://www.daml.org/2001/12/factbook/naturalResources#probable_large_and_possible_giant_oil_and_gas_fields_on_the_continental_margin'>
    <rdf:type rdf:resource='http://www.daml.org/2001/12/factbook/factbook-ont#NaturalResource'/>
    <NS0:name>probable large and possible giant oil and gas fields on the continental margin</NS0:name>
  </rdf:Description>
  <rdf:Description rdf:about='http://www.daml.org/2001/12/factbook/naturalResources#coastal_scenery_and_beaches'>
    <rdf:type rdf:resource='http://www.daml.org/2001/12/factbook/factbook-ont#NaturalResource'/>
    <NS0:name>coastal scenery and beaches</NS0:name>
  </rdf:Description>
  <rdf:Description rdf:about='http://www.daml.org/2001/12/factbook/naturalResources#cinnabar'>
    <rdf:type rdf:resource='http://www.daml.org/2001/12/factbook/factbook-ont#NaturalResource'/>
    <NS0:name>cinnabar</NS0:name>
  </rdf:Description>
  <rdf:Description rdf:about='http://www.daml.org/2001/12/factbook/naturalResources#tourism'>
    <rdf:type rdf:resource='http://www.daml.org/2001/12/factbook/factbook-ont#NaturalResource'/>
    <NS0:name>tourism</NS0:name>
  </rdf:Description>
  <rdf:Description rdf:about='http://www.daml.org/2001/12/factbook/naturalResources#small_offshore_oil_deposits'>
    <rdf:type rdf:resource='http://www.daml.org/2001/12/factbook/factbook-ont#NaturalResource'/>
    <NS0:name>small offshore oil deposits</NS0:name>
  </rdf:Description>
  <rdf:Description rdf:about='http://www.daml.org/2001/12/factbook/naturalResources#chrome'>
    <rdf:type rdf:resource='http://www.daml.org/2001/12/factbook/factbook-ont#NaturalResource'/>
    <NS0:name>chrome</NS0:name>
  </rdf:Description>
  <rdf:Description rdf:about='http://www.daml.org/2001/12/factbook/naturalResources#unexploited_deposits_of_uranium'>
    <rdf:type rdf:resource='http://www.daml.org/2001/12/factbook/factbook-ont#NaturalResource'/>
    <NS0:name>unexploited deposits of uranium</NS0:name>
  </rdf:Description>
  <rdf:Description rdf:about='http://www.daml.org/2001/12/factbook/naturalResources#some_copper_and_nickel;_potential_for_onshore_and_offshore_oil'>
    <rdf:type rdf:resource='http://www.daml.org/2001/12/factbook/factbook-ont#NaturalResource'/>
    <NS0:name>some copper and nickel; potential for onshore and offshore oil</NS0:name>
  </rdf:Description>
  <rdf:Description rdf:about='http://www.daml.org/2001/12/factbook/naturalResources#alumina'>
    <rdf:type rdf:resource='http://www.daml.org/2001/12/factbook/factbook-ont#NaturalResource'/>
    <NS0:name>alumina</NS0:name>
  </rdf:Description>
  <rdf:Description rdf:about='http://www.daml.org/2001/12/factbook/naturalResources#and_coal_and_hydrocarbons_have_been_found_in_small_uncommercial_quantities;_none_presently_exploited;_krill'>
    <rdf:type rdf:resource='http://www.daml.org/2001/12/factbook/factbook-ont#NaturalResource'/>
    <NS0:name>and coal and hydrocarbons have been found in small uncommercial quantities; none presently exploited; krill</NS0:name>
  </rdf:Description>
  <rdf:Description rdf:about='http://www.daml.org/2001/12/factbook/naturalResources#sand_and_gravel'>
    <rdf:type rdf:resource='http://www.daml.org/2001/12/factbook/factbook-ont#NaturalResource'/>
    <NS0:name>sand and gravel</NS0:name>
  </rdf:Description>
  <rdf:Description rdf:about='http://www.daml.org/2001/12/factbook/naturalResources#hydropower_potential'>
    <rdf:type rdf:resource='http://www.daml.org/2001/12/factbook/factbook-ont#NaturalResource'/>
    <NS0:name>hydropower potential</NS0:name>
  </rdf:Description>
  <rdf:Description rdf:about='http://www.daml.org/2001/12/factbook/naturalResources#feldspar'>
    <rdf:type rdf:resource='http://www.daml.org/2001/12/factbook/factbook-ont#NaturalResource'/>
    <NS0:name>feldspar</NS0:name>
  </rdf:Description>
  <rdf:Description rdf:about='http://www.daml.org/2001/12/factbook/naturalResources#polymetallic_nodules'>
    <rdf:type rdf:resource='http://www.daml.org/2001/12/factbook/factbook-ont#NaturalResource'/>
    <NS0:name>polymetallic nodules</NS0:name>
  </rdf:Description>
  <rdf:Description rdf:about='http://www.daml.org/2001/12/factbook/naturalResources#pearls'>
    <rdf:type rdf:resource='http://www.daml.org/2001/12/factbook/factbook-ont#NaturalResource'/>
    <NS0:name>pearls</NS0:name>
  </rdf:Description>
  <rdf:Description rdf:about='http://www.daml.org/2001/12/factbook/naturalResources#vanadium'>
    <rdf:type rdf:resource='http://www.daml.org/2001/12/factbook/factbook-ont#NaturalResource'/>
    <NS0:name>vanadium</NS0:name>
  </rdf:Description>
  <rdf:Description rdf:about='http://www.daml.org/2001/12/factbook/naturalResources#shale_oil'>
    <rdf:type rdf:resource='http://www.daml.org/2001/12/factbook/factbook-ont#NaturalResource'/>
    <NS0:name>shale oil</NS0:name>
  </rdf:Description>
  <rdf:Description rdf:about='http://www.daml.org/2001/12/factbook/naturalResources#cassiterite'>
    <rdf:type rdf:resource='http://www.daml.org/2001/12/factbook/factbook-ont#NaturalResource'/>
    <NS0:name>cassiterite</NS0:name>
  </rdf:Description>
  <rdf:Description rdf:about='http://www.daml.org/2001/12/factbook/naturalResources#mineral_sands'>
    <rdf:type rdf:resource='http://www.daml.org/2001/12/factbook/factbook-ont#NaturalResource'/>
    <NS0:name>mineral sands</NS0:name>
  </rdf:Description>
  <rdf:Description rdf:about='http://www.daml.org/2001/12/factbook/naturalResources#beaches_and_climate_that_foster_tourism'>
    <rdf:type rdf:resource='http://www.daml.org/2001/12/factbook/factbook-ont#NaturalResource'/>
    <NS0:name>beaches and climate that foster tourism</NS0:name>
  </rdf:Description>
  <rdf:Description rdf:about='http://www.daml.org/2001/12/factbook/naturalResources#manganese'>
    <rdf:type rdf:resource='http://www.daml.org/2001/12/factbook/factbook-ont#NaturalResource'/>
    <NS0:name>manganese</NS0:name>
  </rdf:Description>
  <rdf:Description rdf:about='http://www.daml.org/2001/12/factbook/naturalResources#pyrite'>
    <rdf:type rdf:resource='http://www.daml.org/2001/12/factbook/factbook-ont#NaturalResource'/>
    <NS0:name>pyrite</NS0:name>
  </rdf:Description>
  <rdf:Description rdf:about='http://www.daml.org/2001/12/factbook/naturalResources#and_seals_-_none_exploited;_krill'>
    <rdf:type rdf:resource='http://www.daml.org/2001/12/factbook/factbook-ont#NaturalResource'/>
    <NS0:name>and seals - none exploited; krill</NS0:name>
  </rdf:Description>
  <rdf:Description rdf:about='http://www.daml.org/2001/12/factbook/naturalResources#bauxite'>
    <rdf:type rdf:resource='http://www.daml.org/2001/12/factbook/factbook-ont#NaturalResource'/>
    <NS0:name>bauxite</NS0:name>
  </rdf:Description>
  <rdf:Description rdf:about='http://www.daml.org/2001/12/factbook/naturalResources#sulfur'>
    <rdf:type rdf:resource='http://www.daml.org/2001/12/factbook/factbook-ont#NaturalResource'/>
    <NS0:name>sulfur</NS0:name>
  </rdf:Description>
  <rdf:Description rdf:about='http://www.daml.org/2001/12/factbook/naturalResources#NEGL;_pleasant_climate_fosters_tourism'>
    <rdf:type rdf:resource='http://www.daml.org/2001/12/factbook/factbook-ont#NaturalResource'/>
    <NS0:name>NEGL; pleasant climate fosters tourism</NS0:name>
  </rdf:Description>
  <rdf:Description rdf:about='http://www.daml.org/2001/12/factbook/naturalResources#deep-seabed_minerals'>
    <rdf:type rdf:resource='http://www.daml.org/2001/12/factbook/factbook-ont#NaturalResource'/>
    <NS0:name>deep-seabed minerals</NS0:name>
  </rdf:Description>
  <rdf:Description rdf:about='http://www.daml.org/2001/12/factbook/naturalResources#pleasant_climate_fostering_tourism'>
    <rdf:type rdf:resource='http://www.daml.org/2001/12/factbook/factbook-ont#NaturalResource'/>
    <NS0:name>pleasant climate fostering tourism</NS0:name>
  </rdf:Description>
  <rdf:Description rdf:about='http://www.daml.org/2001/12/factbook/naturalResources#conch'>
    <rdf:type rdf:resource='http://www.daml.org/2001/12/factbook/factbook-ont#NaturalResource'/>
    <NS0:name>conch</NS0:name>
  </rdf:Description>
  <rdf:Description rdf:about='http://www.daml.org/2001/12/factbook/naturalResources#hardwood_forests'>
    <rdf:type rdf:resource='http://www.daml.org/2001/12/factbook/factbook-ont#NaturalResource'/>
    <NS0:name>hardwood forests</NS0:name>
  </rdf:Description>
  <rdf:Description rdf:about='http://www.daml.org/2001/12/factbook/naturalResources#magnetite'>
    <rdf:type rdf:resource='http://www.daml.org/2001/12/factbook/factbook-ont#NaturalResource'/>
    <NS0:name>magnetite</NS0:name>
  </rdf:Description>
  <rdf:Description rdf:about='http://www.daml.org/2001/12/factbook/naturalResources#marble;_small_deposits_of_gold'>
    <rdf:type rdf:resource='http://www.daml.org/2001/12/factbook/factbook-ont#NaturalResource'/>
    <NS0:name>marble; small deposits of gold</NS0:name>
  </rdf:Description>
  <rdf:Description rdf:about='http://www.daml.org/2001/12/factbook/naturalResources#offshore_oil_and_gas_deposits'>
    <rdf:type rdf:resource='http://www.daml.org/2001/12/factbook/factbook-ont#NaturalResource'/>
    <NS0:name>offshore oil and gas deposits</NS0:name>
  </rdf:Description>
  <rdf:Description rdf:about='http://www.daml.org/2001/12/factbook/naturalResources#antimony'>
    <rdf:type rdf:resource='http://www.daml.org/2001/12/factbook/factbook-ont#NaturalResource'/>
    <NS0:name>antimony</NS0:name>
  </rdf:Description>
  <rdf:Description rdf:about='http://www.daml.org/2001/12/factbook/naturalResources#arable_land_potential'>
    <rdf:type rdf:resource='http://www.daml.org/2001/12/factbook/factbook-ont#NaturalResource'/>
    <NS0:name>arable land potential</NS0:name>
  </rdf:Description>
  <rdf:Description rdf:about='http://www.daml.org/2001/12/factbook/naturalResources#phosphate_rock'>
    <rdf:type rdf:resource='http://www.daml.org/2001/12/factbook/factbook-ont#NaturalResource'/>
    <NS0:name>phosphate rock</NS0:name>
  </rdf:Description>
  <rdf:Description rdf:about='http://www.daml.org/2001/12/factbook/naturalResources#pumicite'>
    <rdf:type rdf:resource='http://www.daml.org/2001/12/factbook/factbook-ont#NaturalResource'/>
    <NS0:name>pumicite</NS0:name>
  </rdf:Description>
  <rdf:Description rdf:about='http://www.daml.org/2001/12/factbook/naturalResources#gypsum'>
    <rdf:type rdf:resource='http://www.daml.org/2001/12/factbook/factbook-ont#NaturalResource'/>
    <NS0:name>gypsum</NS0:name>
  </rdf:Description>
  <rdf:Description rdf:about='http://www.daml.org/2001/12/factbook/naturalResources#mercury'>
    <rdf:type rdf:resource='http://www.daml.org/2001/12/factbook/factbook-ont#NaturalResource'/>
    <NS0:name>mercury</NS0:name>
  </rdf:Description>
  <rdf:Description rdf:about='http://www.daml.org/2001/12/factbook/naturalResources#pyrites'>
    <rdf:type rdf:resource='http://www.daml.org/2001/12/factbook/factbook-ont#NaturalResource'/>
    <NS0:name>pyrites</NS0:name>
  </rdf:Description>
  <rdf:Description rdf:about='http://www.daml.org/2001/12/factbook/naturalResources#unexploited_deposits_of_petroleum'>
    <rdf:type rdf:resource='http://www.daml.org/2001/12/factbook/factbook-ont#NaturalResource'/>
    <NS0:name>unexploited deposits of petroleum</NS0:name>
  </rdf:Description>
  <rdf:Description rdf:about='http://www.daml.org/2001/12/factbook/naturalResources#quartz'>
    <rdf:type rdf:resource='http://www.daml.org/2001/12/factbook/factbook-ont#NaturalResource'/>
    <NS0:name>quartz</NS0:name>
  </rdf:Description>
  <rdf:Description rdf:about='http://www.daml.org/2001/12/factbook/naturalResources#copper_ore'>
    <rdf:type rdf:resource='http://www.daml.org/2001/12/factbook/factbook-ont#NaturalResource'/>
    <NS0:name>copper ore</NS0:name>
  </rdf:Description>
  <rdf:Description rdf:about='http://www.daml.org/2001/12/factbook/naturalResources#amber'>
    <rdf:type rdf:resource='http://www.daml.org/2001/12/factbook/factbook-ont#NaturalResource'/>
    <NS0:name>amber</NS0:name>
  </rdf:Description>
  <rdf:Description rdf:about='http://www.daml.org/2001/12/factbook/naturalResources#outstanding_deepwater_harbor'>
    <rdf:type rdf:resource='http://www.daml.org/2001/12/factbook/factbook-ont#NaturalResource'/>
    <NS0:name>outstanding deepwater harbor</NS0:name>
  </rdf:Description>
  <rdf:Description rdf:about='http://www.daml.org/2001/12/factbook/naturalResources#offshore_oil_potential'>
    <rdf:type rdf:resource='http://www.daml.org/2001/12/factbook/factbook-ont#NaturalResource'/>
    <NS0:name>offshore oil potential</NS0:name>
  </rdf:Description>
  <rdf:Description rdf:about='http://www.daml.org/2001/12/factbook/naturalResources#peat'>
    <rdf:type rdf:resource='http://www.daml.org/2001/12/factbook/factbook-ont#NaturalResource'/>
    <NS0:name>peat</NS0:name>
  </rdf:Description>
  <rdf:Description rdf:about='http://www.daml.org/2001/12/factbook/naturalResources#asbestos'>
    <rdf:type rdf:resource='http://www.daml.org/2001/12/factbook/factbook-ont#NaturalResource'/>
    <NS0:name>asbestos</NS0:name>
  </rdf:Description>
  <rdf:Description rdf:about='http://www.daml.org/2001/12/factbook/naturalResources#titanium_ore'>
    <rdf:type rdf:resource='http://www.daml.org/2001/12/factbook/factbook-ont#NaturalResource'/>
    <NS0:name>titanium ore</NS0:name>
  </rdf:Description>
  <rdf:Description rdf:about='http://www.daml.org/2001/12/factbook/naturalResources#finfish'>
    <rdf:type rdf:resource='http://www.daml.org/2001/12/factbook/factbook-ont#NaturalResource'/>
    <NS0:name>finfish</NS0:name>
  </rdf:Description>
  <rdf:Description rdf:about='http://www.daml.org/2001/12/factbook/naturalResources#chromium'>
    <rdf:type rdf:resource='http://www.daml.org/2001/12/factbook/factbook-ont#NaturalResource'/>
    <NS0:name>chromium</NS0:name>
  </rdf:Description>
  <rdf:Description rdf:about='http://www.daml.org/2001/12/factbook/naturalResources#water'>
    <rdf:type rdf:resource='http://www.daml.org/2001/12/factbook/factbook-ont#NaturalResource'/>
    <NS0:name>water</NS0:name>
  </rdf:Description>
  <rdf:Description rdf:about='http://www.daml.org/2001/12/factbook/naturalResources#small_gold_and_diamond_deposits'>
    <rdf:type rdf:resource='http://www.daml.org/2001/12/factbook/factbook-ont#NaturalResource'/>
    <NS0:name>small gold and diamond deposits</NS0:name>
  </rdf:Description>
  <rdf:Description rdf:about='http://www.daml.org/2001/12/factbook/naturalResources#hard_coal'>
    <rdf:type rdf:resource='http://www.daml.org/2001/12/factbook/factbook-ont#NaturalResource'/>
    <NS0:name>hard coal</NS0:name>
  </rdf:Description>
  <rdf:Description rdf:about='http://www.daml.org/2001/12/factbook/naturalResources#forests'>
    <rdf:type rdf:resource='http://www.daml.org/2001/12/factbook/factbook-ont#NaturalResource'/>
    <NS0:name>forests</NS0:name>
  </rdf:Description>
  <rdf:Description rdf:about='http://www.daml.org/2001/12/factbook/naturalResources#shrimp'>
    <rdf:type rdf:resource='http://www.daml.org/2001/12/factbook/factbook-ont#NaturalResource'/>
    <NS0:name>shrimp</NS0:name>
  </rdf:Description>
  <rdf:Description rdf:about='http://www.daml.org/2001/12/factbook/naturalResources#natural_gas'>
    <rdf:type rdf:resource='http://www.daml.org/2001/12/factbook/factbook-ont#NaturalResource'/>
    <NS0:name>natural gas</NS0:name>
  </rdf:Description>
  <rdf:Description rdf:about='http://www.daml.org/2001/12/factbook/naturalResources#fisheries'>
    <rdf:type rdf:resource='http://www.daml.org/2001/12/factbook/factbook-ont#NaturalResource'/>
    <NS0:name>fisheries</NS0:name>
  </rdf:Description>
  <rdf:Description rdf:about='http://www.daml.org/2001/12/factbook/naturalResources#fluorspar'>
    <rdf:type rdf:resource='http://www.daml.org/2001/12/factbook/factbook-ont#NaturalResource'/>
    <NS0:name>fluorspar</NS0:name>
  </rdf:Description>
  <rdf:Description rdf:about='http://www.daml.org/2001/12/factbook/naturalResources#phosphorites'>
    <rdf:type rdf:resource='http://www.daml.org/2001/12/factbook/factbook-ont#NaturalResource'/>
    <NS0:name>phosphorites</NS0:name>
  </rdf:Description>
  <rdf:Description rdf:about='http://www.daml.org/2001/12/factbook/naturalResources#manganese_deposits'>
    <rdf:type rdf:resource='http://www.daml.org/2001/12/factbook/factbook-ont#NaturalResource'/>
    <NS0:name>manganese deposits</NS0:name>
  </rdf:Description>
  <rdf:Description rdf:about='http://www.daml.org/2001/12/factbook/naturalResources#low-grade_iron_ore'>
    <rdf:type rdf:resource='http://www.daml.org/2001/12/factbook/factbook-ont#NaturalResource'/>
    <NS0:name>low-grade iron ore</NS0:name>
  </rdf:Description>
  <rdf:Description rdf:about='http://www.daml.org/2001/12/factbook/naturalResources#methane'>
    <rdf:type rdf:resource='http://www.daml.org/2001/12/factbook/factbook-ont#NaturalResource'/>
    <NS0:name>methane</NS0:name>
  </rdf:Description>
  <rdf:Description rdf:about='http://www.daml.org/2001/12/factbook/naturalResources#platinum_and_other_minerals'>
    <rdf:type rdf:resource='http://www.daml.org/2001/12/factbook/factbook-ont#NaturalResource'/>
    <NS0:name>platinum and other minerals</NS0:name>
  </rdf:Description>
  <rdf:Description rdf:about='http://www.daml.org/2001/12/factbook/naturalResources#bismuth'>
    <rdf:type rdf:resource='http://www.daml.org/2001/12/factbook/factbook-ont#NaturalResource'/>
    <NS0:name>bismuth</NS0:name>
  </rdf:Description>
  <rdf:Description rdf:about='http://www.daml.org/2001/12/factbook/naturalResources#wolframite'>
    <rdf:type rdf:resource='http://www.daml.org/2001/12/factbook/factbook-ont#NaturalResource'/>
    <NS0:name>wolframite</NS0:name>
  </rdf:Description>
  <rdf:Description rdf:about='http://www.daml.org/2001/12/factbook/naturalResources#industrial_diamonds'>
    <rdf:type rdf:resource='http://www.daml.org/2001/12/factbook/factbook-ont#NaturalResource'/>
    <NS0:name>industrial diamonds</NS0:name>
  </rdf:Description>
  <rdf:Description rdf:about='http://www.daml.org/2001/12/factbook/naturalResources#barite'>
    <rdf:type rdf:resource='http://www.daml.org/2001/12/factbook/factbook-ont#NaturalResource'/>
    <NS0:name>barite</NS0:name>
  </rdf:Description>
  <rdf:Description rdf:about='http://www.daml.org/2001/12/factbook/naturalResources#radium'>
    <rdf:type rdf:resource='http://www.daml.org/2001/12/factbook/factbook-ont#NaturalResource'/>
    <NS0:name>radium</NS0:name>
  </rdf:Description>
  <rdf:Description rdf:about='http://www.daml.org/2001/12/factbook/naturalResources#talc'>
    <rdf:type rdf:resource='http://www.daml.org/2001/12/factbook/factbook-ont#NaturalResource'/>
    <NS0:name>talc</NS0:name>
  </rdf:Description>
  <rdf:Description rdf:about='http://www.daml.org/2001/12/factbook/naturalResources#tungsten'>
    <rdf:type rdf:resource='http://www.daml.org/2001/12/factbook/factbook-ont#NaturalResource'/>
    <NS0:name>tungsten</NS0:name>
  </rdf:Description>
  <rdf:Description rdf:about='http://www.daml.org/2001/12/factbook/naturalResources#chrome_ore'>
    <rdf:type rdf:resource='http://www.daml.org/2001/12/factbook/factbook-ont#NaturalResource'/>
    <NS0:name>chrome ore</NS0:name>
  </rdf:Description>
  <rdf:Description rdf:about='http://www.daml.org/2001/12/factbook/naturalResources#possibly_oil_and_natural_gas'>
    <rdf:type rdf:resource='http://www.daml.org/2001/12/factbook/factbook-ont#NaturalResource'/>
    <NS0:name>possibly oil and natural gas</NS0:name>
  </rdf:Description>
  <rdf:Description rdf:about='http://www.daml.org/2001/12/factbook/naturalResources#gem_diamonds'>
    <rdf:type rdf:resource='http://www.daml.org/2001/12/factbook/factbook-ont#NaturalResource'/>
    <NS0:name>gem diamonds</NS0:name>
  </rdf:Description>
  <rdf:Description rdf:about='http://www.daml.org/2001/12/factbook/naturalResources#gas'>
    <rdf:type rdf:resource='http://www.daml.org/2001/12/factbook/factbook-ont#NaturalResource'/>
    <NS0:name>gas</NS0:name>
  </rdf:Description>
  <rdf:Description rdf:about='http://www.daml.org/2001/12/factbook/naturalResources#kaolin'>
    <rdf:type rdf:resource='http://www.daml.org/2001/12/factbook/factbook-ont#NaturalResource'/>
    <NS0:name>kaolin</NS0:name>
  </rdf:Description>
  <rdf:Description rdf:about='http://www.daml.org/2001/12/factbook/naturalResources#nitrates'>
    <rdf:type rdf:resource='http://www.daml.org/2001/12/factbook/factbook-ont#NaturalResource'/>
    <NS0:name>nitrates</NS0:name>
  </rdf:Description>
  <rdf:Description rdf:about='http://www.daml.org/2001/12/factbook/naturalResources#gems'>
    <rdf:type rdf:resource='http://www.daml.org/2001/12/factbook/factbook-ont#NaturalResource'/>
    <NS0:name>gems</NS0:name>
  </rdf:Description>
  <rdf:Description rdf:about='http://www.daml.org/2001/12/factbook/naturalResources#lignite_coal'>
    <rdf:type rdf:resource='http://www.daml.org/2001/12/factbook/factbook-ont#NaturalResource'/>
    <NS0:name>lignite coal</NS0:name>
  </rdf:Description>
  <rdf:Description rdf:about='http://www.daml.org/2001/12/factbook/naturalResources#clays'>
    <rdf:type rdf:resource='http://www.daml.org/2001/12/factbook/factbook-ont#NaturalResource'/>
    <NS0:name>clays</NS0:name>
  </rdf:Description>
  <rdf:Description rdf:about='http://www.daml.org/2001/12/factbook/naturalResources#minimal;_amber'>
    <rdf:type rdf:resource='http://www.daml.org/2001/12/factbook/factbook-ont#NaturalResource'/>
    <NS0:name>minimal; amber</NS0:name>
  </rdf:Description>
  <rdf:Description rdf:about='http://www.daml.org/2001/12/factbook/naturalResources#barites'>
    <rdf:type rdf:resource='http://www.daml.org/2001/12/factbook/factbook-ont#NaturalResource'/>
    <NS0:name>barites</NS0:name>
  </rdf:Description>
  <rdf:Description rdf:about='http://www.daml.org/2001/12/factbook/naturalResources#chicle'>
    <rdf:type rdf:resource='http://www.daml.org/2001/12/factbook/factbook-ont#NaturalResource'/>
    <NS0:name>chicle</NS0:name>
  </rdf:Description>
  <rdf:Description rdf:about='http://www.daml.org/2001/12/factbook/naturalResources#stone'>
    <rdf:type rdf:resource='http://www.daml.org/2001/12/factbook/factbook-ont#NaturalResource'/>
    <NS0:name>stone</NS0:name>
  </rdf:Description>
  <rdf:Description rdf:about='http://www.daml.org/2001/12/factbook/naturalResources#limestone'>
    <rdf:type rdf:resource='http://www.daml.org/2001/12/factbook/factbook-ont#NaturalResource'/>
    <NS0:name>limestone</NS0:name>
  </rdf:Description>
  <rdf:Description rdf:about='http://www.daml.org/2001/12/factbook/naturalResources#gold'>
    <rdf:type rdf:resource='http://www.daml.org/2001/12/factbook/factbook-ont#NaturalResource'/>
    <NS0:name>gold</NS0:name>
  </rdf:Description>
  <rdf:Description rdf:about='http://www.daml.org/2001/12/factbook/naturalResources#seals'>
    <rdf:type rdf:resource='http://www.daml.org/2001/12/factbook/factbook-ont#NaturalResource'/>
    <NS0:name>seals</NS0:name>
  </rdf:Description>
  <rdf:Description rdf:about='http://www.daml.org/2001/12/factbook/naturalResources#chromite'>
    <rdf:type rdf:resource='http://www.daml.org/2001/12/factbook/factbook-ont#NaturalResource'/>
    <NS0:name>chromite</NS0:name>
  </rdf:Description>
  <rdf:Description rdf:about='http://www.daml.org/2001/12/factbook/naturalResources#marble'>
    <rdf:type rdf:resource='http://www.daml.org/2001/12/factbook/factbook-ont#NaturalResource'/>
    <NS0:name>marble</NS0:name>
  </rdf:Description>
  <rdf:Description rdf:about='http://www.daml.org/2001/12/factbook/naturalResources#coal'>
    <rdf:type rdf:resource='http://www.daml.org/2001/12/factbook/factbook-ont#NaturalResource'/>
    <NS0:name>coal</NS0:name>
  </rdf:Description>
  <rdf:Description rdf:about='http://www.daml.org/2001/12/factbook/naturalResources#timber'>
    <rdf:type rdf:resource='http://www.daml.org/2001/12/factbook/factbook-ont#NaturalResource'/>
    <NS0:name>timber</NS0:name>
  </rdf:Description>
  <rdf:Description rdf:about='http://www.daml.org/2001/12/factbook/naturalResources#sand_and_gravel_aggregates'>
    <rdf:type rdf:resource='http://www.daml.org/2001/12/factbook/factbook-ont#NaturalResource'/>
    <NS0:name>sand and gravel aggregates</NS0:name>
  </rdf:Description>
  <rdf:Description rdf:about='http://www.daml.org/2001/12/factbook/naturalResources#salt_barites'>
    <rdf:type rdf:resource='http://www.daml.org/2001/12/factbook/factbook-ont#NaturalResource'/>
    <NS0:name>salt barites</NS0:name>
  </rdf:Description>
  <rdf:Description rdf:about='http://www.daml.org/2001/12/factbook/naturalResources#platinum_group_metals'>
    <rdf:type rdf:resource='http://www.daml.org/2001/12/factbook/factbook-ont#NaturalResource'/>
    <NS0:name>platinum group metals</NS0:name>
  </rdf:Description>
  <rdf:Description rdf:about='http://www.daml.org/2001/12/factbook/naturalResources#zinc'>
    <rdf:type rdf:resource='http://www.daml.org/2001/12/factbook/factbook-ont#NaturalResource'/>
    <NS0:name>zinc</NS0:name>
  </rdf:Description>
  <rdf:Description rdf:about='http://www.daml.org/2001/12/factbook/naturalResources#NEGL'>
    <rdf:type rdf:resource='http://www.daml.org/2001/12/factbook/factbook-ont#NaturalResource'/>
    <NS0:name>NEGL</NS0:name>
  </rdf:Description>
  <rdf:Description rdf:about='http://www.daml.org/2001/12/factbook/naturalResources#small_deposits_of_lignite'>
    <rdf:type rdf:resource='http://www.daml.org/2001/12/factbook/factbook-ont#NaturalResource'/>
    <NS0:name>small deposits of lignite</NS0:name>
  </rdf:Description>
  <rdf:Description rdf:about='http://www.daml.org/2001/12/factbook/naturalResources#coconuts'>
    <rdf:type rdf:resource='http://www.daml.org/2001/12/factbook/factbook-ont#NaturalResource'/>
    <NS0:name>coconuts</NS0:name>
  </rdf:Description>
  <rdf:Description rdf:about='http://www.daml.org/2001/12/factbook/naturalResources#soft_coal'>
    <rdf:type rdf:resource='http://www.daml.org/2001/12/factbook/factbook-ont#NaturalResource'/>
    <NS0:name>soft coal</NS0:name>
  </rdf:Description>
  <rdf:Description rdf:about='http://www.daml.org/2001/12/factbook/naturalResources#fertile_plains_of_the_Pampas'>
    <rdf:type rdf:resource='http://www.daml.org/2001/12/factbook/factbook-ont#NaturalResource'/>
    <NS0:name>fertile plains of the Pampas</NS0:name>
  </rdf:Description>
  <rdf:Description rdf:about='http://www.daml.org/2001/12/factbook/naturalResources#cadmium'>
    <rdf:type rdf:resource='http://www.daml.org/2001/12/factbook/factbook-ont#NaturalResource'/>
    <NS0:name>cadmium</NS0:name>
  </rdf:Description>
  <rdf:Description rdf:about='http://www.daml.org/2001/12/factbook/naturalResources#land'>
    <rdf:type rdf:resource='http://www.daml.org/2001/12/factbook/factbook-ont#NaturalResource'/>
    <NS0:name>land</NS0:name>
  </rdf:Description>
  <rdf:Description rdf:about='http://www.daml.org/2001/12/factbook/naturalResources#surf'>
    <rdf:type rdf:resource='http://www.daml.org/2001/12/factbook/factbook-ont#NaturalResource'/>
    <NS0:name>surf</NS0:name>
  </rdf:Description>
  <rdf:Description rdf:about='http://www.daml.org/2001/12/factbook/naturalResources#fresh_water_as_icebergs'>
    <rdf:type rdf:resource='http://www.daml.org/2001/12/factbook/factbook-ont#NaturalResource'/>
    <NS0:name>fresh water as icebergs</NS0:name>
  </rdf:Description>
  <rdf:Description rdf:about='http://www.daml.org/2001/12/factbook/naturalResources#lead'>
    <rdf:type rdf:resource='http://www.daml.org/2001/12/factbook/factbook-ont#NaturalResource'/>
    <NS0:name>lead</NS0:name>
  </rdf:Description>
  <rdf:Description rdf:about='http://www.daml.org/2001/12/factbook/naturalResources#lobster'>
    <rdf:type rdf:resource='http://www.daml.org/2001/12/factbook/factbook-ont#NaturalResource'/>
    <NS0:name>lobster</NS0:name>
  </rdf:Description>
  <rdf:Description rdf:about='http://www.daml.org/2001/12/factbook/naturalResources#precious_and_semiprecious_stones'>
    <rdf:type rdf:resource='http://www.daml.org/2001/12/factbook/factbook-ont#NaturalResource'/>
    <NS0:name>precious and semiprecious stones</NS0:name>
  </rdf:Description>
  <rdf:Description rdf:about='http://www.daml.org/2001/12/factbook/naturalResources#asphalt'>
    <rdf:type rdf:resource='http://www.daml.org/2001/12/factbook/factbook-ont#NaturalResource'/>
    <NS0:name>asphalt</NS0:name>
  </rdf:Description>
  <rdf:Description rdf:about='http://www.daml.org/2001/12/factbook/naturalResources#borate'>
    <rdf:type rdf:resource='http://www.daml.org/2001/12/factbook/factbook-ont#NaturalResource'/>
    <NS0:name>borate</NS0:name>
  </rdf:Description>
  <rdf:Description rdf:about='http://www.daml.org/2001/12/factbook/naturalResources#some_coal'>
    <rdf:type rdf:resource='http://www.daml.org/2001/12/factbook/factbook-ont#NaturalResource'/>
    <NS0:name>some coal</NS0:name>
  </rdf:Description>
  <rdf:Description rdf:about='http://www.daml.org/2001/12/factbook/naturalResources#chromate'>
    <rdf:type rdf:resource='http://www.daml.org/2001/12/factbook/factbook-ont#NaturalResource'/>
    <NS0:name>chromate</NS0:name>
  </rdf:Description>
  <rdf:Description rdf:about='http://www.daml.org/2001/12/factbook/naturalResources#cropland'>
    <rdf:type rdf:resource='http://www.daml.org/2001/12/factbook/factbook-ont#NaturalResource'/>
    <NS0:name>cropland</NS0:name>
  </rdf:Description>
  <rdf:Description rdf:about='http://www.daml.org/2001/12/factbook/naturalResources#some_marble'>
    <rdf:type rdf:resource='http://www.daml.org/2001/12/factbook/factbook-ont#NaturalResource'/>
    <NS0:name>some marble</NS0:name>
  </rdf:Description>
  <rdf:Description rdf:about='http://www.daml.org/2001/12/factbook/naturalResources#chromium_ore'>
    <rdf:type rdf:resource='http://www.daml.org/2001/12/factbook/factbook-ont#NaturalResource'/>
    <NS0:name>chromium ore</NS0:name>
  </rdf:Description>
  <rdf:Description rdf:about='http://www.daml.org/2001/12/factbook/naturalResources#phosphates'>
    <rdf:type rdf:resource='http://www.daml.org/2001/12/factbook/factbook-ont#NaturalResource'/>
    <NS0:name>phosphates</NS0:name>
  </rdf:Description>
  <rdf:Description rdf:about='http://www.daml.org/2001/12/factbook/naturalResources#soda_ash'>
    <rdf:type rdf:resource='http://www.daml.org/2001/12/factbook/factbook-ont#NaturalResource'/>
    <NS0:name>soda ash</NS0:name>
  </rdf:Description>
  <rdf:Description rdf:about='http://www.daml.org/2001/12/factbook/naturalResources#geothermal_power'>
    <rdf:type rdf:resource='http://www.daml.org/2001/12/factbook/factbook-ont#NaturalResource'/>
    <NS0:name>geothermal power</NS0:name>
  </rdf:Description>
  <rdf:Description rdf:about='http://www.daml.org/2001/12/factbook/naturalResources#mica'>
    <rdf:type rdf:resource='http://www.daml.org/2001/12/factbook/factbook-ont#NaturalResource'/>
    <NS0:name>mica</NS0:name>
  </rdf:Description>
  <rdf:Description rdf:about='http://www.daml.org/2001/12/factbook/naturalResources#peat_deposits'>
    <rdf:type rdf:resource='http://www.daml.org/2001/12/factbook/factbook-ont#NaturalResource'/>
    <NS0:name>peat deposits</NS0:name>
  </rdf:Description>
  <rdf:Description rdf:about='http://www.daml.org/2001/12/factbook/naturalResources#gravel_and_sand'>
    <rdf:type rdf:resource='http://www.daml.org/2001/12/factbook/factbook-ont#NaturalResource'/>
    <NS0:name>gravel and sand</NS0:name>
  </rdf:Description>
  <rdf:Description rdf:about='http://www.daml.org/2001/12/factbook/naturalResources#oil_and_gas_fields'>
    <rdf:type rdf:resource='http://www.daml.org/2001/12/factbook/factbook-ont#NaturalResource'/>
    <NS0:name>oil and gas fields</NS0:name>
  </rdf:Description>
  <rdf:Description rdf:about='http://www.daml.org/2001/12/factbook/naturalResources#tropical_fruit'>
    <rdf:type rdf:resource='http://www.daml.org/2001/12/factbook/factbook-ont#NaturalResource'/>
    <NS0:name>tropical fruit</NS0:name>
  </rdf:Description>
  <rdf:Description rdf:about='http://www.daml.org/2001/12/factbook/naturalResources#guano_deposits_and_other_fertilizers'>
    <rdf:type rdf:resource='http://www.daml.org/2001/12/factbook/factbook-ont#NaturalResource'/>
    <NS0:name>guano deposits and other fertilizers</NS0:name>
  </rdf:Description>
  <rdf:Description rdf:about='http://www.daml.org/2001/12/factbook/naturalResources#uranium'>
    <rdf:type rdf:resource='http://www.daml.org/2001/12/factbook/factbook-ont#NaturalResource'/>
    <NS0:name>uranium</NS0:name>
  </rdf:Description>
  <rdf:Description rdf:about='http://www.daml.org/2001/12/factbook/naturalResources#crayfish'>
    <rdf:type rdf:resource='http://www.daml.org/2001/12/factbook/factbook-ont#NaturalResource'/>
    <NS0:name>crayfish</NS0:name>
  </rdf:Description>
  <rdf:Description rdf:about='http://www.daml.org/2001/12/factbook/naturalResources#molybdenum'>
    <rdf:type rdf:resource='http://www.daml.org/2001/12/factbook/factbook-ont#NaturalResource'/>
    <NS0:name>molybdenum</NS0:name>
  </rdf:Description>
  <rdf:Description rdf:about='http://www.daml.org/2001/12/factbook/naturalResources#aluminum'>
    <rdf:type rdf:resource='http://www.daml.org/2001/12/factbook/factbook-ont#NaturalResource'/>
    <NS0:name>aluminum</NS0:name>
  </rdf:Description>
  <rdf:Description rdf:about='http://www.daml.org/2001/12/factbook/naturalResources#petroleum'>
    <rdf:type rdf:resource='http://www.daml.org/2001/12/factbook/factbook-ont#NaturalResource'/>
    <NS0:name>petroleum</NS0:name>
  </rdf:Description>
  <rdf:Description rdf:about='http://www.daml.org/2001/12/factbook/naturalResources#and_bauxite'>
    <rdf:type rdf:resource='http://www.daml.org/2001/12/factbook/factbook-ont#NaturalResource'/>
    <NS0:name>and bauxite</NS0:name>
  </rdf:Description>
  <rdf:Description rdf:about='http://www.daml.org/2001/12/factbook/naturalResources#natural_asphalt'>
    <rdf:type rdf:resource='http://www.daml.org/2001/12/factbook/factbook-ont#NaturalResource'/>
    <NS0:name>natural asphalt</NS0:name>
  </rdf:Description>
  <rdf:Description rdf:about='http://www.daml.org/2001/12/factbook/naturalResources#and_natural_gas;_other_deposits_of_nepheline'>
    <rdf:type rdf:resource='http://www.daml.org/2001/12/factbook/factbook-ont#NaturalResource'/>
    <NS0:name>and natural gas; other deposits of nepheline</NS0:name>
  </rdf:Description>
  <rdf:Description rdf:about='http://www.daml.org/2001/12/factbook/naturalResources#cambrian_blue_clay'>
    <rdf:type rdf:resource='http://www.daml.org/2001/12/factbook/factbook-ont#NaturalResource'/>
    <NS0:name>cambrian blue clay</NS0:name>
  </rdf:Description>
  <rdf:Description rdf:about='http://www.daml.org/2001/12/factbook/naturalResources#rubies'>
    <rdf:type rdf:resource='http://www.daml.org/2001/12/factbook/factbook-ont#NaturalResource'/>
    <NS0:name>rubies</NS0:name>
  </rdf:Description>
  <rdf:Description rdf:about='http://www.daml.org/2001/12/factbook/naturalResources#deepwater_harbors'>
    <rdf:type rdf:resource='http://www.daml.org/2001/12/factbook/factbook-ont#NaturalResource'/>
    <NS0:name>deepwater harbors</NS0:name>
  </rdf:Description>
  <rdf:Description rdf:about='http://www.daml.org/2001/12/factbook/naturalResources#iron_ore'>
    <rdf:type rdf:resource='http://www.daml.org/2001/12/factbook/factbook-ont#NaturalResource'/>
    <NS0:name>iron ore</NS0:name>
  </rdf:Description>
  <rdf:Description rdf:about='http://www.daml.org/2001/12/factbook/naturalResources#brown_coal'>
    <rdf:type rdf:resource='http://www.daml.org/2001/12/factbook/factbook-ont#NaturalResource'/>
    <NS0:name>brown coal</NS0:name>
  </rdf:Description>
  <rdf:Description rdf:about='http://www.daml.org/2001/12/factbook/naturalResources#major_deposits_of_petroleum'>
    <rdf:type rdf:resource='http://www.daml.org/2001/12/factbook/factbook-ont#NaturalResource'/>
    <NS0:name>major deposits of petroleum</NS0:name>
  </rdf:Description>
  <rdf:Description rdf:about='http://www.daml.org/2001/12/factbook/naturalResources#phosphorite'>
    <rdf:type rdf:resource='http://www.daml.org/2001/12/factbook/factbook-ont#NaturalResource'/>
    <NS0:name>phosphorite</NS0:name>
  </rdf:Description>
  <rdf:Description rdf:about='http://www.daml.org/2001/12/factbook/naturalResources#silica'>
    <rdf:type rdf:resource='http://www.daml.org/2001/12/factbook/factbook-ont#NaturalResource'/>
    <NS0:name>silica</NS0:name>
  </rdf:Description>
  <rdf:Description rdf:about='http://www.daml.org/2001/12/factbook/naturalResources#possible_oil_and_gas'>
    <rdf:type rdf:resource='http://www.daml.org/2001/12/factbook/factbook-ont#NaturalResource'/>
    <NS0:name>possible oil and gas</NS0:name>
  </rdf:Description>
  <rdf:Description rdf:about='http://www.daml.org/2001/12/factbook/naturalResources#small_quantities_of_oil_and_natural_gas'>
    <rdf:type rdf:resource='http://www.daml.org/2001/12/factbook/factbook-ont#NaturalResource'/>
    <NS0:name>small quantities of oil and natural gas</NS0:name>
  </rdf:Description>
  <rdf:Description rdf:about='http://www.daml.org/2001/12/factbook/naturalResources#water-surplus_state_in_a_water-deficit_region'>
    <rdf:type rdf:resource='http://www.daml.org/2001/12/factbook/factbook-ont#NaturalResource'/>
    <NS0:name>water-surplus state in a water-deficit region</NS0:name>
  </rdf:Description>
  <rdf:Description rdf:about='http://www.daml.org/2001/12/factbook/naturalResources#small_unexploited_deposits_of_gold'>
    <rdf:type rdf:resource='http://www.daml.org/2001/12/factbook/factbook-ont#NaturalResource'/>
    <NS0:name>small unexploited deposits of gold</NS0:name>
  </rdf:Description>
  <rdf:Description rdf:about='http://www.daml.org/2001/12/factbook/naturalResources#rock_salt'>
    <rdf:type rdf:resource='http://www.daml.org/2001/12/factbook/factbook-ont#NaturalResource'/>
    <NS0:name>rock salt</NS0:name>
  </rdf:Description>
  <rdf:Description rdf:about='http://www.daml.org/2001/12/factbook/naturalResources#chalk'>
    <rdf:type rdf:resource='http://www.daml.org/2001/12/factbook/factbook-ont#NaturalResource'/>
    <NS0:name>chalk</NS0:name>
  </rdf:Description>
  <rdf:Description rdf:about='http://www.daml.org/2001/12/factbook/naturalResources#hydro_power'>
    <rdf:type rdf:resource='http://www.daml.org/2001/12/factbook/factbook-ont#NaturalResource'/>
    <NS0:name>hydro power</NS0:name>
  </rdf:Description>
  <rdf:Description rdf:about='http://www.daml.org/2001/12/factbook/naturalResources#scenic_beauty'>
    <rdf:type rdf:resource='http://www.daml.org/2001/12/factbook/factbook-ont#NaturalResource'/>
    <NS0:name>scenic beauty</NS0:name>
  </rdf:Description>
  <rdf:Description rdf:about='http://www.daml.org/2001/12/factbook/naturalResources#potash'>
    <rdf:type rdf:resource='http://www.daml.org/2001/12/factbook/factbook-ont#NaturalResource'/>
    <NS0:name>potash</NS0:name>
  </rdf:Description>
  <rdf:Description rdf:about='http://www.daml.org/2001/12/factbook/naturalResources#rare_woods'>
    <rdf:type rdf:resource='http://www.daml.org/2001/12/factbook/factbook-ont#NaturalResource'/>
    <NS0:name>rare woods</NS0:name>
  </rdf:Description>
  <rdf:Description rdf:about='http://www.daml.org/2001/12/factbook/naturalResources#pozzuolana'>
    <rdf:type rdf:resource='http://www.daml.org/2001/12/factbook/factbook-ont#NaturalResource'/>
    <NS0:name>pozzuolana</NS0:name>
  </rdf:Description>
  <rdf:Description rdf:about='http://www.daml.org/2001/12/factbook/naturalResources#sandy_beaches'>
    <rdf:type rdf:resource='http://www.daml.org/2001/12/factbook/factbook-ont#NaturalResource'/>
    <NS0:name>sandy beaches</NS0:name>
  </rdf:Description>
  <rdf:Description rdf:about='http://www.daml.org/2001/12/factbook/naturalResources#deep_seabed_minerals'>
    <rdf:type rdf:resource='http://www.daml.org/2001/12/factbook/factbook-ont#NaturalResource'/>
    <NS0:name>deep seabed minerals</NS0:name>
  </rdf:Description>
  <rdf:Description rdf:about='http://www.daml.org/2001/12/factbook/naturalResources#pumice'>
    <rdf:type rdf:resource='http://www.daml.org/2001/12/factbook/factbook-ont#NaturalResource'/>
    <NS0:name>pumice</NS0:name>
  </rdf:Description>
  <rdf:Description rdf:about='http://www.daml.org/2001/12/factbook/naturalResources#abundant_hydropower;_significant_deposits_of_gold_and_rare_earth_metals;_locally_exploitable_coal'>
    <rdf:type rdf:resource='http://www.daml.org/2001/12/factbook/factbook-ont#NaturalResource'/>
    <NS0:name>abundant hydropower; significant deposits of gold and rare earth metals; locally exploitable coal</NS0:name>
  </rdf:Description>
  <rdf:Description rdf:about='http://www.daml.org/2001/12/factbook/naturalResources#spiny_lobster'>
    <rdf:type rdf:resource='http://www.daml.org/2001/12/factbook/factbook-ont#NaturalResource'/>
    <NS0:name>spiny lobster</NS0:name>
  </rdf:Description>
  <rdf:Description rdf:about='http://www.daml.org/2001/12/factbook/naturalResources#sun'>
    <rdf:type rdf:resource='http://www.daml.org/2001/12/factbook/factbook-ont#NaturalResource'/>
    <NS0:name>sun</NS0:name>
  </rdf:Description>
  <rdf:Description rdf:about='http://www.daml.org/2001/12/factbook/naturalResources#graphite'>
    <rdf:type rdf:resource='http://www.daml.org/2001/12/factbook/factbook-ont#NaturalResource'/>
    <NS0:name>graphite</NS0:name>
  </rdf:Description>
  <rdf:Description rdf:about='http://www.daml.org/2001/12/factbook/naturalResources#oil'>
    <rdf:type rdf:resource='http://www.daml.org/2001/12/factbook/factbook-ont#NaturalResource'/>
    <NS0:name>oil</NS0:name>
  </rdf:Description>
  <rdf:Description rdf:about='http://www.daml.org/2001/12/factbook/naturalResources#fish'>
    <rdf:type rdf:resource='http://www.daml.org/2001/12/factbook/factbook-ont#NaturalResource'/>
    <NS0:name>fish</NS0:name>
  </rdf:Description>
  <rdf:Description rdf:about='http://www.daml.org/2001/12/factbook/naturalResources#clay_earth_pigment'>
    <rdf:type rdf:resource='http://www.daml.org/2001/12/factbook/factbook-ont#NaturalResource'/>
    <NS0:name>clay earth pigment</NS0:name>
  </rdf:Description>
  <rdf:Description rdf:about='http://www.daml.org/2001/12/factbook/naturalResources#basalt_rock'>
    <rdf:type rdf:resource='http://www.daml.org/2001/12/factbook/factbook-ont#NaturalResource'/>
    <NS0:name>basalt rock</NS0:name>
  </rdf:Description>
  <rdf:Description rdf:about='http://www.daml.org/2001/12/factbook/naturalResources#wide_natural_resource_base_including_major_deposits_of_oil'>
    <rdf:type rdf:resource='http://www.daml.org/2001/12/factbook/factbook-ont#NaturalResource'/>
    <NS0:name>wide natural resource base including major deposits of oil</NS0:name>
  </rdf:Description>
  <rdf:Description rdf:about='http://www.daml.org/2001/12/factbook/naturalResources#geothermal_potential'>
    <rdf:type rdf:resource='http://www.daml.org/2001/12/factbook/factbook-ont#NaturalResource'/>
    <NS0:name>geothermal potential</NS0:name>
  </rdf:Description>
  <rdf:Description rdf:about='http://www.daml.org/2001/12/factbook/naturalResources#aragonite'>
    <rdf:type rdf:resource='http://www.daml.org/2001/12/factbook/factbook-ont#NaturalResource'/>
    <NS0:name>aragonite</NS0:name>
  </rdf:Description>
  <rdf:Description rdf:about='http://www.daml.org/2001/12/factbook/naturalResources#germanium'>
    <rdf:type rdf:resource='http://www.daml.org/2001/12/factbook/factbook-ont#NaturalResource'/>
    <NS0:name>germanium</NS0:name>
  </rdf:Description>
  <rdf:Description rdf:about='http://www.daml.org/2001/12/factbook/naturalResources#natron'>
    <rdf:type rdf:resource='http://www.daml.org/2001/12/factbook/factbook-ont#NaturalResource'/>
    <NS0:name>natron</NS0:name>
  </rdf:Description>
  <rdf:Description rdf:about='http://www.daml.org/2001/12/factbook/naturalResources#uranium_and_largely_unexploited_reserves_of_iron_ore'>
    <rdf:type rdf:resource='http://www.daml.org/2001/12/factbook/factbook-ont#NaturalResource'/>
    <NS0:name>uranium and largely unexploited reserves of iron ore</NS0:name>
  </rdf:Description>
  <rdf:Description rdf:about='http://www.daml.org/2001/12/factbook/naturalResources#other_minerals'>
    <rdf:type rdf:resource='http://www.daml.org/2001/12/factbook/factbook-ont#NaturalResource'/>
    <NS0:name>other minerals</NS0:name>
  </rdf:Description>
  <rdf:Description rdf:about='http://www.daml.org/2001/12/factbook/naturalResources#fertile_soil'>
    <rdf:type rdf:resource='http://www.daml.org/2001/12/factbook/factbook-ont#NaturalResource'/>
    <NS0:name>fertile soil</NS0:name>
  </rdf:Description>
  <rdf:Description rdf:about='http://www.daml.org/2001/12/factbook/naturalResources#possible_placer_deposits'>
    <rdf:type rdf:resource='http://www.daml.org/2001/12/factbook/factbook-ont#NaturalResource'/>
    <NS0:name>possible placer deposits</NS0:name>
  </rdf:Description>
  <rdf:Description rdf:about='http://www.daml.org/2001/12/factbook/naturalResources#precious_metals'>
    <rdf:type rdf:resource='http://www.daml.org/2001/12/factbook/factbook-ont#NaturalResource'/>
    <NS0:name>precious metals</NS0:name>
  </rdf:Description>
  <rdf:Description rdf:about='http://www.daml.org/2001/12/factbook/naturalResources#mahogany_forests'>
    <rdf:type rdf:resource='http://www.daml.org/2001/12/factbook/factbook-ont#NaturalResource'/>
    <NS0:name>mahogany forests</NS0:name>
  </rdf:Description>
  <rdf:Description rdf:about='http://www.daml.org/2001/12/factbook/naturalResources#minor_coal_and_oil_deposits;_coastal_climate_and_soils_allow_for_important_tea_and_citrus_growth'>
    <rdf:type rdf:resource='http://www.daml.org/2001/12/factbook/factbook-ont#NaturalResource'/>
    <NS0:name>minor coal and oil deposits; coastal climate and soils allow for important tea and citrus growth</NS0:name>
  </rdf:Description>
  <rdf:Description rdf:about='http://www.daml.org/2001/12/factbook/naturalResources#columbite'>
    <rdf:type rdf:resource='http://www.daml.org/2001/12/factbook/factbook-ont#NaturalResource'/>
    <NS0:name>columbite</NS0:name>
  </rdf:Description>
  <rdf:Description rdf:about='http://www.daml.org/2001/12/factbook/naturalResources#fertile_soils'>
    <rdf:type rdf:resource='http://www.daml.org/2001/12/factbook/factbook-ont#NaturalResource'/>
    <NS0:name>fertile soils</NS0:name>
  </rdf:Description>
  <rdf:Description rdf:about='http://www.daml.org/2001/12/factbook/naturalResources#associated_and_nonassociated_natural_gas'>
    <rdf:type rdf:resource='http://www.daml.org/2001/12/factbook/factbook-ont#NaturalResource'/>
    <NS0:name>associated and nonassociated natural gas</NS0:name>
  </rdf:Description>
  <rdf:Description rdf:about='http://www.daml.org/2001/12/factbook/naturalResources#minor_minerals'>
    <rdf:type rdf:resource='http://www.daml.org/2001/12/factbook/factbook-ont#NaturalResource'/>
    <NS0:name>minor minerals</NS0:name>
  </rdf:Description>
  <rdf:Description rdf:about='http://www.daml.org/2001/12/factbook/naturalResources#magnesium_bromide'>
    <rdf:type rdf:resource='http://www.daml.org/2001/12/factbook/factbook-ont#NaturalResource'/>
    <NS0:name>magnesium bromide</NS0:name>
  </rdf:Description>
  <rdf:Description rdf:about='http://www.daml.org/2001/12/factbook/naturalResources#fishing'>
    <rdf:type rdf:resource='http://www.daml.org/2001/12/factbook/factbook-ont#NaturalResource'/>
    <NS0:name>fishing</NS0:name>
  </rdf:Description>
  <rdf:Description rdf:about='http://www.daml.org/2001/12/factbook/naturalResources#brown_coal_and_lignite;_small_amounts_of_iron_ore'>
    <rdf:type rdf:resource='http://www.daml.org/2001/12/factbook/factbook-ont#NaturalResource'/>
    <NS0:name>brown coal and lignite; small amounts of iron ore</NS0:name>
  </rdf:Description>
  <rdf:Description rdf:about='http://www.daml.org/2001/12/factbook/naturalResources#silver'>
    <rdf:type rdf:resource='http://www.daml.org/2001/12/factbook/factbook-ont#NaturalResource'/>
    <NS0:name>silver</NS0:name>
  </rdf:Description>
  <rdf:Description rdf:about='http://www.daml.org/2001/12/factbook/naturalResources#nonferrous_metals'>
    <rdf:type rdf:resource='http://www.daml.org/2001/12/factbook/factbook-ont#NaturalResource'/>
    <NS0:name>nonferrous metals</NS0:name>
  </rdf:Description>
  <rdf:Description rdf:about='http://www.daml.org/2001/12/factbook/naturalResources#none'>
    <rdf:type rdf:resource='http://www.daml.org/2001/12/factbook/factbook-ont#NaturalResource'/>
    <NS0:name>none</NS0:name>
  </rdf:Description>
  <rdf:Description rdf:about='http://www.daml.org/2001/12/factbook/naturalResources#small_deposits_of_gold'>
    <rdf:type rdf:resource='http://www.daml.org/2001/12/factbook/factbook-ont#NaturalResource'/>
    <NS0:name>small deposits of gold</NS0:name>
  </rdf:Description>
  <rdf:Description rdf:about='http://www.daml.org/2001/12/factbook/naturalResources#small_deposits_of_coal'>
    <rdf:type rdf:resource='http://www.daml.org/2001/12/factbook/factbook-ont#NaturalResource'/>
    <NS0:name>small deposits of coal</NS0:name>
  </rdf:Description>
  <rdf:Description rdf:about='http://www.daml.org/2001/12/factbook/naturalResources#whales'>
    <rdf:type rdf:resource='http://www.daml.org/2001/12/factbook/factbook-ont#NaturalResource'/>
    <NS0:name>whales</NS0:name>
  </rdf:Description>
  <rdf:Description rdf:about='http://www.daml.org/2001/12/factbook/naturalResources#lithium'>
    <rdf:type rdf:resource='http://www.daml.org/2001/12/factbook/factbook-ont#NaturalResource'/>
    <NS0:name>lithium</NS0:name>
  </rdf:Description>
  <rdf:Description rdf:about='http://www.daml.org/2001/12/factbook/naturalResources#climate_and_beaches_that_foster_tourism'>
    <rdf:type rdf:resource='http://www.daml.org/2001/12/factbook/factbook-ont#NaturalResource'/>
    <NS0:name>climate and beaches that foster tourism</NS0:name>
  </rdf:Description>
  <rdf:Description rdf:about='http://www.daml.org/2001/12/factbook/naturalResources#agricultural_and_grazing_land'>
    <rdf:type rdf:resource='http://www.daml.org/2001/12/factbook/factbook-ont#NaturalResource'/>
    <NS0:name>agricultural and grazing land</NS0:name>
  </rdf:Description>
  <rdf:Description rdf:about='http://www.daml.org/2001/12/factbook/naturalResources#garnets'>
    <rdf:type rdf:resource='http://www.daml.org/2001/12/factbook/factbook-ont#NaturalResource'/>
    <NS0:name>garnets</NS0:name>
  </rdf:Description>
  <rdf:Description rdf:about='http://www.daml.org/2001/12/factbook/naturalResources#and_talc'>
    <rdf:type rdf:resource='http://www.daml.org/2001/12/factbook/factbook-ont#NaturalResource'/>
    <NS0:name>and talc</NS0:name>
  </rdf:Description>
  <rdf:Description rdf:about='http://www.daml.org/2001/12/factbook/naturalResources#mineral_springs'>
    <rdf:type rdf:resource='http://www.daml.org/2001/12/factbook/factbook-ont#NaturalResource'/>
    <NS0:name>mineral springs</NS0:name>
  </rdf:Description>
  <rdf:Description rdf:about='http://www.daml.org/2001/12/factbook/naturalResources#arable_land'>
    <rdf:type rdf:resource='http://www.daml.org/2001/12/factbook/factbook-ont#NaturalResource'/>
    <NS0:name>arable land</NS0:name>
  </rdf:Description>
  <rdf:Description rdf:about='http://www.daml.org/2001/12/factbook/naturalResources#phosphate'>
    <rdf:type rdf:resource='http://www.daml.org/2001/12/factbook/factbook-ont#NaturalResource'/>
    <NS0:name>phosphate</NS0:name>
  </rdf:Description>
  <rdf:Description rdf:about='http://www.daml.org/2001/12/factbook/naturalResources#copper'>
    <rdf:type rdf:resource='http://www.daml.org/2001/12/factbook/factbook-ont#NaturalResource'/>
    <NS0:name>copper</NS0:name>
  </rdf:Description>
  <rdf:Description rdf:about='http://www.daml.org/2001/12/factbook/naturalResources#lignite'>
    <rdf:type rdf:resource='http://www.daml.org/2001/12/factbook/factbook-ont#NaturalResource'/>
    <NS0:name>lignite</NS0:name>
  </rdf:Description>
  <rdf:Description rdf:about='http://www.daml.org/2001/12/factbook/naturalResources#poor_quality_coal'>
    <rdf:type rdf:resource='http://www.daml.org/2001/12/factbook/factbook-ont#NaturalResource'/>
    <NS0:name>poor quality coal</NS0:name>
  </rdf:Description>
  <rdf:Description rdf:about='http://www.daml.org/2001/12/factbook/naturalResources#geothermal_areas'>
    <rdf:type rdf:resource='http://www.daml.org/2001/12/factbook/factbook-ont#NaturalResource'/>
    <NS0:name>geothermal areas</NS0:name>
  </rdf:Description>
  <rdf:Description rdf:about='http://www.daml.org/2001/12/factbook/naturalResources#some_iron_ore'>
    <rdf:type rdf:resource='http://www.daml.org/2001/12/factbook/factbook-ont#NaturalResource'/>
    <NS0:name>some iron ore</NS0:name>
  </rdf:Description>
  <rdf:Description rdf:about='http://www.daml.org/2001/12/factbook/naturalResources#and_zinc'>
    <rdf:type rdf:resource='http://www.daml.org/2001/12/factbook/factbook-ont#NaturalResource'/>
    <NS0:name>and zinc</NS0:name>
  </rdf:Description>
  <rdf:Description rdf:about='http://www.daml.org/2001/12/factbook/naturalResources#hydropower'>
    <rdf:type rdf:resource='http://www.daml.org/2001/12/factbook/factbook-ont#NaturalResource'/>
    <NS0:name>hydropower</NS0:name>
  </rdf:Description>
  <rdf:Description rdf:about='http://www.daml.org/2001/12/factbook/naturalResources#hardwood_timber'>
    <rdf:type rdf:resource='http://www.daml.org/2001/12/factbook/factbook-ont#NaturalResource'/>
    <NS0:name>hardwood timber</NS0:name>
  </rdf:Description>
  <rdf:Description rdf:about='http://www.daml.org/2001/12/factbook/naturalResources#petroleum;_small_reserves_of_iron_ore'>
    <rdf:type rdf:resource='http://www.daml.org/2001/12/factbook/factbook-ont#NaturalResource'/>
    <NS0:name>petroleum; small reserves of iron ore</NS0:name>
  </rdf:Description>
  <rdf:Description rdf:about='http://www.daml.org/2001/12/factbook/naturalResources#cobalt'>
    <rdf:type rdf:resource='http://www.daml.org/2001/12/factbook/factbook-ont#NaturalResource'/>
    <NS0:name>cobalt</NS0:name>
  </rdf:Description>
  <rdf:Description rdf:about='http://www.daml.org/2001/12/factbook/naturalResources#emeralds'>
    <rdf:type rdf:resource='http://www.daml.org/2001/12/factbook/factbook-ont#NaturalResource'/>
    <NS0:name>emeralds</NS0:name>
  </rdf:Description>
  <rdf:Description rdf:about='http://www.daml.org/2001/12/factbook/naturalResources#deepwater_ports'>
    <rdf:type rdf:resource='http://www.daml.org/2001/12/factbook/factbook-ont#NaturalResource'/>
    <NS0:name>deepwater ports</NS0:name>
  </rdf:Description>
  <rdf:Description rdf:about='http://www.daml.org/2001/12/factbook/naturalResources#rare_earth_oxides'>
    <rdf:type rdf:resource='http://www.daml.org/2001/12/factbook/factbook-ont#NaturalResource'/>
    <NS0:name>rare earth oxides</NS0:name>
  </rdf:Description>
  <rdf:Description rdf:about='http://www.daml.org/2001/12/factbook/naturalResources#precious_stones'>
    <rdf:type rdf:resource='http://www.daml.org/2001/12/factbook/factbook-ont#NaturalResource'/>
    <NS0:name>precious stones</NS0:name>
  </rdf:Description>
  <rdf:Description rdf:about='http://www.daml.org/2001/12/factbook/naturalResources#chrome_and_manganese_ores'>
    <rdf:type rdf:resource='http://www.daml.org/2001/12/factbook/factbook-ont#NaturalResource'/>
    <NS0:name>chrome and manganese ores</NS0:name>
  </rdf:Description>
  <rdf:Description rdf:about='http://www.daml.org/2001/12/factbook/naturalResources#and_small_amounts_of_nickel'>
    <rdf:type rdf:resource='http://www.daml.org/2001/12/factbook/factbook-ont#NaturalResource'/>
    <NS0:name>and small amounts of nickel</NS0:name>
  </rdf:Description>
  <rdf:Description rdf:about='http://www.daml.org/2001/12/factbook/naturalResources#extensive_natural_gas_reserves'>
    <rdf:type rdf:resource='http://www.daml.org/2001/12/factbook/factbook-ont#NaturalResource'/>
    <NS0:name>extensive natural gas reserves</NS0:name>
  </rdf:Description>
  <rdf:Description rdf:about='http://www.daml.org/2001/12/factbook/naturalResources#wolfram'>
    <rdf:type rdf:resource='http://www.daml.org/2001/12/factbook/factbook-ont#NaturalResource'/>
    <NS0:name>wolfram</NS0:name>
  </rdf:Description>
  <rdf:Description rdf:about='http://www.daml.org/2001/12/factbook/naturalResources#clay'>
    <rdf:type rdf:resource='http://www.daml.org/2001/12/factbook/factbook-ont#NaturalResource'/>
    <NS0:name>clay</NS0:name>
  </rdf:Description>
  <rdf:Description rdf:about='http://www.daml.org/2001/12/factbook/naturalResources#manganese_nodules'>
    <rdf:type rdf:resource='http://www.daml.org/2001/12/factbook/factbook-ont#NaturalResource'/>
    <NS0:name>manganese nodules</NS0:name>
  </rdf:Description>
  <rdf:Description rdf:about='http://www.daml.org/2001/12/factbook/naturalResources#magnesium'>
    <rdf:type rdf:resource='http://www.daml.org/2001/12/factbook/factbook-ont#NaturalResource'/>
    <NS0:name>magnesium</NS0:name>
  </rdf:Description>
  <rdf:Description rdf:about='http://www.daml.org/2001/12/factbook/naturalResources#wildlife'>
    <rdf:type rdf:resource='http://www.daml.org/2001/12/factbook/factbook-ont#NaturalResource'/>
    <NS0:name>wildlife</NS0:name>
  </rdf:Description>
  <rdf:Description rdf:about='http://www.daml.org/2001/12/factbook/naturalResources#platinum'>
    <rdf:type rdf:resource='http://www.daml.org/2001/12/factbook/factbook-ont#NaturalResource'/>
    <NS0:name>platinum</NS0:name>
  </rdf:Description>
  <rdf:Description rdf:about='http://www.daml.org/2001/12/factbook/naturalResources#gemstones'>
    <rdf:type rdf:resource='http://www.daml.org/2001/12/factbook/factbook-ont#NaturalResource'/>
    <NS0:name>gemstones</NS0:name>
  </rdf:Description>
  <rdf:Description rdf:about='http://www.daml.org/2001/12/factbook/naturalResources#uranium_ore'>
    <rdf:type rdf:resource='http://www.daml.org/2001/12/factbook/factbook-ont#NaturalResource'/>
    <NS0:name>uranium ore</NS0:name>
  </rdf:Description>
  <rdf:Description rdf:about='http://www.daml.org/2001/12/factbook/naturalResources#mineral_water'>
    <rdf:type rdf:resource='http://www.daml.org/2001/12/factbook/factbook-ont#NaturalResource'/>
    <NS0:name>mineral water</NS0:name>
  </rdf:Description>
  <rdf:Description rdf:about='http://www.daml.org/2001/12/factbook/naturalResources#undetermined_oil_and_natural_gas_potential'>
    <rdf:type rdf:resource='http://www.daml.org/2001/12/factbook/factbook-ont#NaturalResource'/>
    <NS0:name>undetermined oil and natural gas potential</NS0:name>
  </rdf:Description>
  <rdf:Description rdf:about='http://www.daml.org/2001/12/factbook/naturalResources#guano_deposits_worked_until_depletion_about_1890'>
    <rdf:type rdf:resource='http://www.daml.org/2001/12/factbook/factbook-ont#NaturalResource'/>
    <NS0:name>guano deposits worked until depletion about 1890</NS0:name>
  </rdf:Description>
  <rdf:Description rdf:about='http://www.daml.org/2001/12/factbook/naturalResources#and_crab_have_been_taken_by_commercial_fisheries'>
    <rdf:type rdf:resource='http://www.daml.org/2001/12/factbook/factbook-ont#NaturalResource'/>
    <NS0:name>and crab have been taken by commercial fisheries</NS0:name>
  </rdf:Description>
  <rdf:Description rdf:about='http://www.daml.org/2001/12/factbook/naturalResources#sand'>
    <rdf:type rdf:resource='http://www.daml.org/2001/12/factbook/factbook-ont#NaturalResource'/>
    <NS0:name>sand</NS0:name>
  </rdf:Description>
  <rdf:Description rdf:about='http://www.daml.org/2001/12/factbook/naturalResources#dolomite'>
    <rdf:type rdf:resource='http://www.daml.org/2001/12/factbook/factbook-ont#NaturalResource'/>
    <NS0:name>dolomite</NS0:name>
  </rdf:Description>
  <rdf:Description rdf:about='http://www.daml.org/2001/12/factbook/naturalResources#marine_mammals'>
    <rdf:type rdf:resource='http://www.daml.org/2001/12/factbook/factbook-ont#NaturalResource'/>
    <NS0:name>marine mammals</NS0:name>
  </rdf:Description>
  <rdf:Description rdf:about='http://www.daml.org/2001/12/factbook/naturalResources#marine_products'>
    <rdf:type rdf:resource='http://www.daml.org/2001/12/factbook/factbook-ont#NaturalResource'/>
    <NS0:name>marine products</NS0:name>
  </rdf:Description>
</rdf:RDF>
