<?xml version='1.0' encoding='ISO-8859-1'?>
<rdf:RDF
  xmlns:rdf='http://www.w3.org/1999/02/22-rdf-syntax-ns#'
  xmlns:NS0='http://www.daml.org/2001/12/factbook/factbook-ont#'
  xml:base="http://www.daml.org/2001/12/factbook/religions">
  <rdf:Description rdf:about='http://www.daml.org/2001/12/factbook/religions#Muslims'>
    <rdf:type rdf:resource='http://www.daml.org/2001/12/factbook/factbook-ont#Religion'/>
    <NS0:name>Muslims</NS0:name>
  </rdf:Description>
  <rdf:Description rdf:about='http://www.daml.org/2001/12/factbook/religions#Latter-Day_Saints'>
    <rdf:type rdf:resource='http://www.daml.org/2001/12/factbook/factbook-ont#Religion'/>
    <NS0:name>Latter-Day Saints</NS0:name>
  </rdf:Description>
  <rdf:Description rdf:about='http://www.daml.org/2001/12/factbook/religions#Muslim_less_than'>
    <rdf:type rdf:resource='http://www.daml.org/2001/12/factbook/factbook-ont#Religion'/>
    <NS0:name>Muslim less than</NS0:name>
  </rdf:Description>
  <rdf:Description rdf:about='http://www.daml.org/2001/12/factbook/religions#Christian_80%_to'>
    <rdf:type rdf:resource='http://www.daml.org/2001/12/factbook/factbook-ont#Religion'/>
    <NS0:name>Christian 80% to</NS0:name>
  </rdf:Description>
  <rdf:Description rdf:about='http://www.daml.org/2001/12/factbook/religions#unaffiliated_or_other'>
    <rdf:type rdf:resource='http://www.daml.org/2001/12/factbook/factbook-ont#Religion'/>
    <NS0:name>unaffiliated or other</NS0:name>
  </rdf:Description>
  <rdf:Description rdf:about='http://www.daml.org/2001/12/factbook/religions#Druze'>
    <rdf:type rdf:resource='http://www.daml.org/2001/12/factbook/factbook-ont#Religion'/>
    <NS0:name>Druze</NS0:name>
  </rdf:Description>
  <rdf:Description rdf:about='http://www.daml.org/2001/12/factbook/religions#Muslim_and_Hindu'>
    <rdf:type rdf:resource='http://www.daml.org/2001/12/factbook/factbook-ont#Religion'/>
    <NS0:name>Muslim and Hindu</NS0:name>
  </rdf:Description>
  <rdf:Description rdf:about='http://www.daml.org/2001/12/factbook/religions#Parsi'>
    <rdf:type rdf:resource='http://www.daml.org/2001/12/factbook/factbook-ont#Religion'/>
    <NS0:name>Parsi</NS0:name>
  </rdf:Description>
  <rdf:Description rdf:about='http://www.daml.org/2001/12/factbook/religions#Roman_Catholic_;_Protestant_(mostly_Church_of_the_Nazarene)'>
    <rdf:type rdf:resource='http://www.daml.org/2001/12/factbook/factbook-ont#Religion'/>
    <NS0:name>Roman Catholic ; Protestant (mostly Church of the Nazarene)</NS0:name>
  </rdf:Description>
  <rdf:Description rdf:about='http://www.daml.org/2001/12/factbook/religions#Chondogyo'>
    <rdf:type rdf:resource='http://www.daml.org/2001/12/factbook/factbook-ont#Religion'/>
    <NS0:name>Chondogyo</NS0:name>
  </rdf:Description>
  <rdf:Description rdf:about='http://www.daml.org/2001/12/factbook/religions#Theravada_Buddhist'>
    <rdf:type rdf:resource='http://www.daml.org/2001/12/factbook/factbook-ont#Religion'/>
    <NS0:name>Theravada Buddhist</NS0:name>
  </rdf:Description>
  <rdf:Description rdf:about='http://www.daml.org/2001/12/factbook/religions#other_2%_(2000_est.)'>
    <rdf:type rdf:resource='http://www.daml.org/2001/12/factbook/factbook-ont#Religion'/>
    <NS0:name>other 2% (2000 est.)</NS0:name>
  </rdf:Description>
  <rdf:Description rdf:about='http://www.daml.org/2001/12/factbook/religions#Christian_and_Jewish'>
    <rdf:type rdf:resource='http://www.daml.org/2001/12/factbook/factbook-ont#Religion'/>
    <NS0:name>Christian and Jewish</NS0:name>
  </rdf:Description>
  <rdf:Description rdf:about='http://www.daml.org/2001/12/factbook/religions#none_or_unknown'>
    <rdf:type rdf:resource='http://www.daml.org/2001/12/factbook/factbook-ont#Religion'/>
    <NS0:name>none or unknown</NS0:name>
  </rdf:Description>
  <rdf:Description rdf:about='http://www.daml.org/2001/12/factbook/religions#traditionally_Buddhist_and_Confucianist'>
    <rdf:type rdf:resource='http://www.daml.org/2001/12/factbook/factbook-ont#Religion'/>
    <NS0:name>traditionally Buddhist and Confucianist</NS0:name>
  </rdf:Description>
  <rdf:Description rdf:about='http://www.daml.org/2001/12/factbook/religions#Ukrainian_Orthodox_-_Moscow_Patriarchate'>
    <rdf:type rdf:resource='http://www.daml.org/2001/12/factbook/factbook-ont#Religion'/>
    <NS0:name>Ukrainian Orthodox - Moscow Patriarchate</NS0:name>
  </rdf:Description>
  <rdf:Description rdf:about='http://www.daml.org/2001/12/factbook/religions#non-Christian'>
    <rdf:type rdf:resource='http://www.daml.org/2001/12/factbook/factbook-ont#Religion'/>
    <NS0:name>non-Christian</NS0:name>
  </rdf:Description>
  <rdf:Description rdf:about='http://www.daml.org/2001/12/factbook/religions#Christian_and_other'>
    <rdf:type rdf:resource='http://www.daml.org/2001/12/factbook/factbook-ont#Religion'/>
    <NS0:name>Christian and other</NS0:name>
  </rdf:Description>
  <rdf:Description rdf:about='http://www.daml.org/2001/12/factbook/religions#Evangelical_Christian_Baptist'>
    <rdf:type rdf:resource='http://www.daml.org/2001/12/factbook/factbook-ont#Religion'/>
    <NS0:name>Evangelical Christian Baptist</NS0:name>
  </rdf:Description>
  <rdf:Description rdf:about='http://www.daml.org/2001/12/factbook/religions#none'>
    <rdf:type rdf:resource='http://www.daml.org/2001/12/factbook/factbook-ont#Religion'/>
    <NS0:name>none</NS0:name>
  </rdf:Description>
  <rdf:Description rdf:about='http://www.daml.org/2001/12/factbook/religions#Coptic_Christian_and_other'>
    <rdf:type rdf:resource='http://www.daml.org/2001/12/factbook/factbook-ont#Religion'/>
    <NS0:name>Coptic Christian and other</NS0:name>
  </rdf:Description>
  <rdf:Description rdf:about='http://www.daml.org/2001/12/factbook/religions#Evangelical'>
    <rdf:type rdf:resource='http://www.daml.org/2001/12/factbook/factbook-ont#Religion'/>
    <NS0:name>Evangelical</NS0:name>
  </rdf:Description>
  <rdf:Description rdf:about='http://www.daml.org/2001/12/factbook/religions#Church_of_England'>
    <rdf:type rdf:resource='http://www.daml.org/2001/12/factbook/factbook-ont#Religion'/>
    <NS0:name>Church of England</NS0:name>
  </rdf:Description>
  <rdf:Description rdf:about='http://www.daml.org/2001/12/factbook/religions#Bulgarian_Orthodox'>
    <rdf:type rdf:resource='http://www.daml.org/2001/12/factbook/factbook-ont#Religion'/>
    <NS0:name>Bulgarian Orthodox</NS0:name>
  </rdf:Description>
  <rdf:Description rdf:about='http://www.daml.org/2001/12/factbook/religions#Shi_a_Muslim'>
    <rdf:type rdf:resource='http://www.daml.org/2001/12/factbook/factbook-ont#Religion'/>
    <NS0:name>Shi&apos;a Muslim</NS0:name>
  </rdf:Description>
  <rdf:Description rdf:about='http://www.daml.org/2001/12/factbook/religions#no_religion'>
    <rdf:type rdf:resource='http://www.daml.org/2001/12/factbook/factbook-ont#Religion'/>
    <NS0:name>no religion</NS0:name>
  </rdf:Description>
  <rdf:Description rdf:about='http://www.daml.org/2001/12/factbook/religions#unknown'>
    <rdf:type rdf:resource='http://www.daml.org/2001/12/factbook/factbook-ont#Religion'/>
    <NS0:name>unknown</NS0:name>
  </rdf:Description>
  <rdf:Description rdf:about='http://www.daml.org/2001/12/factbook/religions#Macedonian_Orthodox'>
    <rdf:type rdf:resource='http://www.daml.org/2001/12/factbook/factbook-ont#Religion'/>
    <NS0:name>Macedonian Orthodox</NS0:name>
  </rdf:Description>
  <rdf:Description rdf:about='http://www.daml.org/2001/12/factbook/religions#non-Anglican_Protestant'>
    <rdf:type rdf:resource='http://www.daml.org/2001/12/factbook/factbook-ont#Religion'/>
    <NS0:name>non-Anglican Protestant</NS0:name>
  </rdf:Description>
  <rdf:Description rdf:about='http://www.daml.org/2001/12/factbook/religions#Latter-day_Saints'>
    <rdf:type rdf:resource='http://www.daml.org/2001/12/factbook/factbook-ont#Religion'/>
    <NS0:name>Latter-day Saints</NS0:name>
  </rdf:Description>
  <rdf:Description rdf:about='http://www.daml.org/2001/12/factbook/religions#pagan_practices'>
    <rdf:type rdf:resource='http://www.daml.org/2001/12/factbook/factbook-ont#Religion'/>
    <NS0:name>pagan practices</NS0:name>
  </rdf:Description>
  <rdf:Description rdf:about='http://www.daml.org/2001/12/factbook/religions#Indian-_and_Nepalese-influenced_Hinduism'>
    <rdf:type rdf:resource='http://www.daml.org/2001/12/factbook/factbook-ont#Religion'/>
    <NS0:name>Indian- and Nepalese-influenced Hinduism</NS0:name>
  </rdf:Description>
  <rdf:Description rdf:about='http://www.daml.org/2001/12/factbook/religions#Cao_Dai'>
    <rdf:type rdf:resource='http://www.daml.org/2001/12/factbook/factbook-ont#Religion'/>
    <NS0:name>Cao Dai</NS0:name>
  </rdf:Description>
  <rdf:Description rdf:about='http://www.daml.org/2001/12/factbook/religions#Jewish_and_other'>
    <rdf:type rdf:resource='http://www.daml.org/2001/12/factbook/factbook-ont#Religion'/>
    <NS0:name>Jewish and other</NS0:name>
  </rdf:Description>
  <rdf:Description rdf:about='http://www.daml.org/2001/12/factbook/religions#Evangelical_Alliance'>
    <rdf:type rdf:resource='http://www.daml.org/2001/12/factbook/factbook-ont#Religion'/>
    <NS0:name>Evangelical Alliance</NS0:name>
  </rdf:Description>
  <rdf:Description rdf:about='http://www.daml.org/2001/12/factbook/religions#small_numbers_of_Jewish'>
    <rdf:type rdf:resource='http://www.daml.org/2001/12/factbook/factbook-ont#Religion'/>
    <NS0:name>small numbers of Jewish</NS0:name>
  </rdf:Description>
  <rdf:Description rdf:about='http://www.daml.org/2001/12/factbook/religions#Baptist'>
    <rdf:type rdf:resource='http://www.daml.org/2001/12/factbook/factbook-ont#Religion'/>
    <NS0:name>Baptist</NS0:name>
  </rdf:Description>
  <rdf:Description rdf:about='http://www.daml.org/2001/12/factbook/religions#Christianity'>
    <rdf:type rdf:resource='http://www.daml.org/2001/12/factbook/factbook-ont#Religion'/>
    <NS0:name>Christianity</NS0:name>
  </rdf:Description>
  <rdf:Description rdf:about='http://www.daml.org/2001/12/factbook/religions#Episcopalian'>
    <rdf:type rdf:resource='http://www.daml.org/2001/12/factbook/factbook-ont#Religion'/>
    <NS0:name>Episcopalian</NS0:name>
  </rdf:Description>
  <rdf:Description rdf:about='http://www.daml.org/2001/12/factbook/religions#Armenian_Apostolic'>
    <rdf:type rdf:resource='http://www.daml.org/2001/12/factbook/factbook-ont#Religion'/>
    <NS0:name>Armenian Apostolic</NS0:name>
  </rdf:Description>
  <rdf:Description rdf:about='http://www.daml.org/2001/12/factbook/religions#Protestant'>
    <rdf:type rdf:resource='http://www.daml.org/2001/12/factbook/factbook-ont#Religion'/>
    <NS0:name>Protestant</NS0:name>
  </rdf:Description>
  <rdf:Description rdf:about='http://www.daml.org/2001/12/factbook/religions#Eastern_Orthodox'>
    <rdf:type rdf:resource='http://www.daml.org/2001/12/factbook/factbook-ont#Religion'/>
    <NS0:name>Eastern Orthodox</NS0:name>
  </rdf:Description>
  <rdf:Description rdf:about='http://www.daml.org/2001/12/factbook/religions#Methodist_760,000'>
    <rdf:type rdf:resource='http://www.daml.org/2001/12/factbook/factbook-ont#Religion'/>
    <NS0:name>Methodist 760,000</NS0:name>
  </rdf:Description>
  <rdf:Description rdf:about='http://www.daml.org/2001/12/factbook/religions#some_Seventh-Day_Adventist'>
    <rdf:type rdf:resource='http://www.daml.org/2001/12/factbook/factbook-ont#Religion'/>
    <NS0:name>some Seventh-Day Adventist</NS0:name>
  </rdf:Description>
  <rdf:Description rdf:about='http://www.daml.org/2001/12/factbook/religions#Hindu'>
    <rdf:type rdf:resource='http://www.daml.org/2001/12/factbook/factbook-ont#Religion'/>
    <NS0:name>Hindu</NS0:name>
  </rdf:Description>
  <rdf:Description rdf:about='http://www.daml.org/2001/12/factbook/religions#atheist_and_other'>
    <rdf:type rdf:resource='http://www.daml.org/2001/12/factbook/factbook-ont#Religion'/>
    <NS0:name>atheist and other</NS0:name>
  </rdf:Description>
  <rdf:Description rdf:about='http://www.daml.org/2001/12/factbook/religions#Zoroastrian'>
    <rdf:type rdf:resource='http://www.daml.org/2001/12/factbook/factbook-ont#Religion'/>
    <NS0:name>Zoroastrian</NS0:name>
  </rdf:Description>
  <rdf:Description rdf:about='http://www.daml.org/2001/12/factbook/religions#Protestant_or_other'>
    <rdf:type rdf:resource='http://www.daml.org/2001/12/factbook/factbook-ont#Religion'/>
    <NS0:name>Protestant or other</NS0:name>
  </rdf:Description>
  <rdf:Description rdf:about='http://www.daml.org/2001/12/factbook/religions#Congregational_New_Church'>
    <rdf:type rdf:resource='http://www.daml.org/2001/12/factbook/factbook-ont#Religion'/>
    <NS0:name>Congregational New Church</NS0:name>
  </rdf:Description>
  <rdf:Description rdf:about='http://www.daml.org/2001/12/factbook/religions#nominally_85%_Roman_Catholic_prior_to_CASTRO_assuming_power;_Protestants'>
    <rdf:type rdf:resource='http://www.daml.org/2001/12/factbook/factbook-ont#Religion'/>
    <NS0:name>nominally 85% Roman Catholic prior to CASTRO assuming power; Protestants</NS0:name>
  </rdf:Description>
  <rdf:Description rdf:about='http://www.daml.org/2001/12/factbook/religions#animist'>
    <rdf:type rdf:resource='http://www.daml.org/2001/12/factbook/factbook-ont#Religion'/>
    <NS0:name>animist</NS0:name>
  </rdf:Description>
  <rdf:Description rdf:about='http://www.daml.org/2001/12/factbook/religions#other_Protestant_and_Roman_Catholic'>
    <rdf:type rdf:resource='http://www.daml.org/2001/12/factbook/factbook-ont#Religion'/>
    <NS0:name>other Protestant and Roman Catholic</NS0:name>
  </rdf:Description>
  <rdf:Description rdf:about='http://www.daml.org/2001/12/factbook/religions#indigenous_beliefs_and_other'>
    <rdf:type rdf:resource='http://www.daml.org/2001/12/factbook/factbook-ont#Religion'/>
    <NS0:name>indigenous beliefs and other</NS0:name>
  </rdf:Description>
  <rdf:Description rdf:about='http://www.daml.org/2001/12/factbook/religions#Shamanism_is_practiced_in_East_Malaysia'>
    <rdf:type rdf:resource='http://www.daml.org/2001/12/factbook/factbook-ont#Religion'/>
    <NS0:name>Shamanism is practiced in East Malaysia</NS0:name>
  </rdf:Description>
  <rdf:Description rdf:about='http://www.daml.org/2001/12/factbook/religions#Buddhist'>
    <rdf:type rdf:resource='http://www.daml.org/2001/12/factbook/factbook-ont#Religion'/>
    <NS0:name>Buddhist</NS0:name>
  </rdf:Description>
  <rdf:Description rdf:about='http://www.daml.org/2001/12/factbook/religions#other_and_none'>
    <rdf:type rdf:resource='http://www.daml.org/2001/12/factbook/factbook-ont#Religion'/>
    <NS0:name>other and none</NS0:name>
  </rdf:Description>
  <rdf:Description rdf:about='http://www.daml.org/2001/12/factbook/religions#Greek_Orthodox'>
    <rdf:type rdf:resource='http://www.daml.org/2001/12/factbook/factbook-ont#Religion'/>
    <NS0:name>Greek Orthodox</NS0:name>
  </rdf:Description>
  <rdf:Description rdf:about='http://www.daml.org/2001/12/factbook/religions#Shamanist'>
    <rdf:type rdf:resource='http://www.daml.org/2001/12/factbook/factbook-ont#Religion'/>
    <NS0:name>Shamanist</NS0:name>
  </rdf:Description>
  <rdf:Description rdf:about='http://www.daml.org/2001/12/factbook/religions#Buddhism'>
    <rdf:type rdf:resource='http://www.daml.org/2001/12/factbook/factbook-ont#Religion'/>
    <NS0:name>Buddhism</NS0:name>
  </rdf:Description>
  <rdf:Description rdf:about='http://www.daml.org/2001/12/factbook/religions#Protestant_and_other'>
    <rdf:type rdf:resource='http://www.daml.org/2001/12/factbook/factbook-ont#Religion'/>
    <NS0:name>Protestant and other</NS0:name>
  </rdf:Description>
  <rdf:Description rdf:about='http://www.daml.org/2001/12/factbook/religions#Church_of_God'>
    <rdf:type rdf:resource='http://www.daml.org/2001/12/factbook/factbook-ont#Religion'/>
    <NS0:name>Church of God</NS0:name>
  </rdf:Description>
  <rdf:Description rdf:about='http://www.daml.org/2001/12/factbook/religions#Shamanism'>
    <rdf:type rdf:resource='http://www.daml.org/2001/12/factbook/factbook-ont#Religion'/>
    <NS0:name>Shamanism</NS0:name>
  </rdf:Description>
  <rdf:Description rdf:about='http://www.daml.org/2001/12/factbook/religions#Muslim_and_other'>
    <rdf:type rdf:resource='http://www.daml.org/2001/12/factbook/factbook-ont#Religion'/>
    <NS0:name>Muslim and other</NS0:name>
  </rdf:Description>
  <rdf:Description rdf:about='http://www.daml.org/2001/12/factbook/religions#atheist'>
    <rdf:type rdf:resource='http://www.daml.org/2001/12/factbook/factbook-ont#Religion'/>
    <NS0:name>atheist</NS0:name>
  </rdf:Description>
  <rdf:Description rdf:about='http://www.daml.org/2001/12/factbook/religions#the_greatest_preponderance_of_the_population_is_Roman_Catholic_with_a_very_few_Protestants'>
    <rdf:type rdf:resource='http://www.daml.org/2001/12/factbook/factbook-ont#Religion'/>
    <NS0:name>the greatest preponderance of the population is Roman Catholic with a very few Protestants</NS0:name>
  </rdf:Description>
  <rdf:Description rdf:about='http://www.daml.org/2001/12/factbook/religions#Hindu_and_pagan_African'>
    <rdf:type rdf:resource='http://www.daml.org/2001/12/factbook/factbook-ont#Religion'/>
    <NS0:name>Hindu and pagan African</NS0:name>
  </rdf:Description>
  <rdf:Description rdf:about='http://www.daml.org/2001/12/factbook/religions#Evangelist_Church'>
    <rdf:type rdf:resource='http://www.daml.org/2001/12/factbook/factbook-ont#Religion'/>
    <NS0:name>Evangelist Church</NS0:name>
  </rdf:Description>
  <rdf:Description rdf:about='http://www.daml.org/2001/12/factbook/religions#Confucianist'>
    <rdf:type rdf:resource='http://www.daml.org/2001/12/factbook/factbook-ont#Religion'/>
    <NS0:name>Confucianist</NS0:name>
  </rdf:Description>
  <rdf:Description rdf:about='http://www.daml.org/2001/12/factbook/religions#Islam'>
    <rdf:type rdf:resource='http://www.daml.org/2001/12/factbook/factbook-ont#Religion'/>
    <NS0:name>Islam</NS0:name>
  </rdf:Description>
  <rdf:Description rdf:about='http://www.daml.org/2001/12/factbook/religions#Tibetan_Buddhist_Lamaism'>
    <rdf:type rdf:resource='http://www.daml.org/2001/12/factbook/factbook-ont#Religion'/>
    <NS0:name>Tibetan Buddhist Lamaism</NS0:name>
  </rdf:Description>
  <rdf:Description rdf:about='http://www.daml.org/2001/12/factbook/religions#Muslim_1_million'>
    <rdf:type rdf:resource='http://www.daml.org/2001/12/factbook/factbook-ont#Religion'/>
    <NS0:name>Muslim 1 million</NS0:name>
  </rdf:Description>
  <rdf:Description rdf:about='http://www.daml.org/2001/12/factbook/religions#none_and_other'>
    <rdf:type rdf:resource='http://www.daml.org/2001/12/factbook/factbook-ont#Religion'/>
    <NS0:name>none and other</NS0:name>
  </rdf:Description>
  <rdf:Description rdf:about='http://www.daml.org/2001/12/factbook/religions#some_Roman_Catholic'>
    <rdf:type rdf:resource='http://www.daml.org/2001/12/factbook/factbook-ont#Religion'/>
    <NS0:name>some Roman Catholic</NS0:name>
  </rdf:Description>
  <rdf:Description rdf:about='http://www.daml.org/2001/12/factbook/religions#other_groups_including_Buddhist'>
    <rdf:type rdf:resource='http://www.daml.org/2001/12/factbook/factbook-ont#Religion'/>
    <NS0:name>other groups including Buddhist</NS0:name>
  </rdf:Description>
  <rdf:Description rdf:about='http://www.daml.org/2001/12/factbook/religions#Russian_Orthodox'>
    <rdf:type rdf:resource='http://www.daml.org/2001/12/factbook/factbook-ont#Religion'/>
    <NS0:name>Russian Orthodox</NS0:name>
  </rdf:Description>
  <rdf:Description rdf:about='http://www.daml.org/2001/12/factbook/religions#Baha_i'>
    <rdf:type rdf:resource='http://www.daml.org/2001/12/factbook/factbook-ont#Religion'/>
    <NS0:name>Baha&apos;i</NS0:name>
  </rdf:Description>
  <rdf:Description rdf:about='http://www.daml.org/2001/12/factbook/religions#Adventist'>
    <rdf:type rdf:resource='http://www.daml.org/2001/12/factbook/factbook-ont#Religion'/>
    <NS0:name>Adventist</NS0:name>
  </rdf:Description>
  <rdf:Description rdf:about='http://www.daml.org/2001/12/factbook/religions#Pentecostal'>
    <rdf:type rdf:resource='http://www.daml.org/2001/12/factbook/factbook-ont#Religion'/>
    <NS0:name>Pentecostal</NS0:name>
  </rdf:Description>
  <rdf:Description rdf:about='http://www.daml.org/2001/12/factbook/religions#Roman_Catholic_9_million'>
    <rdf:type rdf:resource='http://www.daml.org/2001/12/factbook/factbook-ont#Religion'/>
    <NS0:name>Roman Catholic 9 million</NS0:name>
  </rdf:Description>
  <rdf:Description rdf:about='http://www.daml.org/2001/12/factbook/religions#Ukrainian_Autocephalous_Orthodox'>
    <rdf:type rdf:resource='http://www.daml.org/2001/12/factbook/factbook-ont#Religion'/>
    <NS0:name>Ukrainian Autocephalous Orthodox</NS0:name>
  </rdf:Description>
  <rdf:Description rdf:about='http://www.daml.org/2001/12/factbook/religions#Armenian_Orthodox'>
    <rdf:type rdf:resource='http://www.daml.org/2001/12/factbook/factbook-ont#Religion'/>
    <NS0:name>Armenian Orthodox</NS0:name>
  </rdf:Description>
  <rdf:Description rdf:about='http://www.daml.org/2001/12/factbook/religions#other_Muslim_sects'>
    <rdf:type rdf:resource='http://www.daml.org/2001/12/factbook/factbook-ont#Religion'/>
    <NS0:name>other Muslim sects</NS0:name>
  </rdf:Description>
  <rdf:Description rdf:about='http://www.daml.org/2001/12/factbook/religions#Christian'>
    <rdf:type rdf:resource='http://www.daml.org/2001/12/factbook/factbook-ont#Religion'/>
    <NS0:name>Christian</NS0:name>
  </rdf:Description>
  <rdf:Description rdf:about='http://www.daml.org/2001/12/factbook/religions#Mennonite'>
    <rdf:type rdf:resource='http://www.daml.org/2001/12/factbook/factbook-ont#Religion'/>
    <NS0:name>Mennonite</NS0:name>
  </rdf:Description>
  <rdf:Description rdf:about='http://www.daml.org/2001/12/factbook/religions#nominally_Christian_and_predominantly_Roman_Catholic'>
    <rdf:type rdf:resource='http://www.daml.org/2001/12/factbook/factbook-ont#Religion'/>
    <NS0:name>nominally Christian and predominantly Roman Catholic</NS0:name>
  </rdf:Description>
  <rdf:Description rdf:about='http://www.daml.org/2001/12/factbook/religions#unspecified_or_none'>
    <rdf:type rdf:resource='http://www.daml.org/2001/12/factbook/factbook-ont#Religion'/>
    <NS0:name>unspecified or none</NS0:name>
  </rdf:Description>
  <rdf:Description rdf:about='http://www.daml.org/2001/12/factbook/religions#animist_and_other'>
    <rdf:type rdf:resource='http://www.daml.org/2001/12/factbook/factbook-ont#Religion'/>
    <NS0:name>animist and other</NS0:name>
  </rdf:Description>
  <rdf:Description rdf:about='http://www.daml.org/2001/12/factbook/religions#Christian_or_other'>
    <rdf:type rdf:resource='http://www.daml.org/2001/12/factbook/factbook-ont#Religion'/>
    <NS0:name>Christian or other</NS0:name>
  </rdf:Description>
  <rdf:Description rdf:about='http://www.daml.org/2001/12/factbook/religions#Kimbanguist'>
    <rdf:type rdf:resource='http://www.daml.org/2001/12/factbook/factbook-ont#Religion'/>
    <NS0:name>Kimbanguist</NS0:name>
  </rdf:Description>
  <rdf:Description rdf:about='http://www.daml.org/2001/12/factbook/religions#some_Christian_and_syncretic_Chondogyo'>
    <rdf:type rdf:resource='http://www.daml.org/2001/12/factbook/factbook-ont#Religion'/>
    <NS0:name>some Christian and syncretic Chondogyo</NS0:name>
  </rdf:Description>
  <rdf:Description rdf:about='http://www.daml.org/2001/12/factbook/religions#Ethiopian_Orthodox'>
    <rdf:type rdf:resource='http://www.daml.org/2001/12/factbook/factbook-ont#Religion'/>
    <NS0:name>Ethiopian Orthodox</NS0:name>
  </rdf:Description>
  <rdf:Description rdf:about='http://www.daml.org/2001/12/factbook/religions#Anglican'>
    <rdf:type rdf:resource='http://www.daml.org/2001/12/factbook/factbook-ont#Religion'/>
    <NS0:name>Anglican</NS0:name>
  </rdf:Description>
  <rdf:Description rdf:about='http://www.daml.org/2001/12/factbook/religions#Congregational'>
    <rdf:type rdf:resource='http://www.daml.org/2001/12/factbook/factbook-ont#Religion'/>
    <NS0:name>Congregational</NS0:name>
  </rdf:Description>
  <rdf:Description rdf:about='http://www.daml.org/2001/12/factbook/religions#other_Protestant'>
    <rdf:type rdf:resource='http://www.daml.org/2001/12/factbook/factbook-ont#Religion'/>
    <NS0:name>other Protestant</NS0:name>
  </rdf:Description>
  <rdf:Description rdf:about='http://www.daml.org/2001/12/factbook/religions#Ukrainian_Orthodox_-_Kiev_Patriarchate'>
    <rdf:type rdf:resource='http://www.daml.org/2001/12/factbook/factbook-ont#Religion'/>
    <NS0:name>Ukrainian Orthodox - Kiev Patriarchate</NS0:name>
  </rdf:Description>
  <rdf:Description rdf:about='http://www.daml.org/2001/12/factbook/religions#other_Christian_denominations'>
    <rdf:type rdf:resource='http://www.daml.org/2001/12/factbook/factbook-ont#Religion'/>
    <NS0:name>other Christian denominations</NS0:name>
  </rdf:Description>
  <rdf:Description rdf:about='http://www.daml.org/2001/12/factbook/religions#indigenous_beliefs_and_animist'>
    <rdf:type rdf:resource='http://www.daml.org/2001/12/factbook/factbook-ont#Religion'/>
    <NS0:name>indigenous beliefs and animist</NS0:name>
  </rdf:Description>
  <rdf:Description rdf:about='http://www.daml.org/2001/12/factbook/religions#Sikh'>
    <rdf:type rdf:resource='http://www.daml.org/2001/12/factbook/factbook-ont#Religion'/>
    <NS0:name>Sikh</NS0:name>
  </rdf:Description>
  <rdf:Description rdf:about='http://www.daml.org/2001/12/factbook/religions#Albanian_Orthodox'>
    <rdf:type rdf:resource='http://www.daml.org/2001/12/factbook/factbook-ont#Religion'/>
    <NS0:name>Albanian Orthodox</NS0:name>
  </rdf:Description>
  <rdf:Description rdf:about='http://www.daml.org/2001/12/factbook/religions#Ukrainian_Catholic'>
    <rdf:type rdf:resource='http://www.daml.org/2001/12/factbook/factbook-ont#Religion'/>
    <NS0:name>Ukrainian Catholic</NS0:name>
  </rdf:Description>
  <rdf:Description rdf:about='http://www.daml.org/2001/12/factbook/religions#indigenous_beliefs_20%;_Zanzibar_-_more_than_99%_Muslim'>
    <rdf:type rdf:resource='http://www.daml.org/2001/12/factbook/factbook-ont#Religion'/>
    <NS0:name>indigenous beliefs 20%; Zanzibar - more than 99% Muslim</NS0:name>
  </rdf:Description>
  <rdf:Description rdf:about='http://www.daml.org/2001/12/factbook/religions#Christian_Congregationalist'>
    <rdf:type rdf:resource='http://www.daml.org/2001/12/factbook/factbook-ont#Religion'/>
    <NS0:name>Christian Congregationalist</NS0:name>
  </rdf:Description>
  <rdf:Description rdf:about='http://www.daml.org/2001/12/factbook/religions#Protestant_minority'>
    <rdf:type rdf:resource='http://www.daml.org/2001/12/factbook/factbook-ont#Religion'/>
    <NS0:name>Protestant minority</NS0:name>
  </rdf:Description>
  <rdf:Description rdf:about='http://www.daml.org/2001/12/factbook/religions#unaffiliated'>
    <rdf:type rdf:resource='http://www.daml.org/2001/12/factbook/factbook-ont#Religion'/>
    <NS0:name>unaffiliated</NS0:name>
  </rdf:Description>
  <rdf:Description rdf:about='http://www.daml.org/2001/12/factbook/religions#indigenous_beliefs_10%_to'>
    <rdf:type rdf:resource='http://www.daml.org/2001/12/factbook/factbook-ont#Religion'/>
    <NS0:name>indigenous beliefs 10% to</NS0:name>
  </rdf:Description>
  <rdf:Description rdf:about='http://www.daml.org/2001/12/factbook/religions#predominately_Roman_Catholic_with_mature_Protestant_and_Jewish_communities_and_a_growing_Muslim_immigrant_community'>
    <rdf:type rdf:resource='http://www.daml.org/2001/12/factbook/factbook-ont#Religion'/>
    <NS0:name>predominately Roman Catholic with mature Protestant and Jewish communities and a growing Muslim immigrant community</NS0:name>
  </rdf:Description>
  <rdf:Description rdf:about='http://www.daml.org/2001/12/factbook/religions#nominally_Roman_Catholic'>
    <rdf:type rdf:resource='http://www.daml.org/2001/12/factbook/factbook-ont#Religion'/>
    <NS0:name>nominally Roman Catholic</NS0:name>
  </rdf:Description>
  <rdf:Description rdf:about='http://www.daml.org/2001/12/factbook/religions#syncretic'>
    <rdf:type rdf:resource='http://www.daml.org/2001/12/factbook/factbook-ont#Religion'/>
    <NS0:name>syncretic</NS0:name>
  </rdf:Description>
  <rdf:Description rdf:about='http://www.daml.org/2001/12/factbook/religions#others_and_unknown'>
    <rdf:type rdf:resource='http://www.daml.org/2001/12/factbook/factbook-ont#Religion'/>
    <NS0:name>others and unknown</NS0:name>
  </rdf:Description>
  <rdf:Description rdf:about='http://www.daml.org/2001/12/factbook/religions#Evangelical_Lutheran'>
    <rdf:type rdf:resource='http://www.daml.org/2001/12/factbook/factbook-ont#Religion'/>
    <NS0:name>Evangelical Lutheran</NS0:name>
  </rdf:Description>
  <rdf:Description rdf:about='http://www.daml.org/2001/12/factbook/religions#Hoa_Hao'>
    <rdf:type rdf:resource='http://www.daml.org/2001/12/factbook/factbook-ont#Religion'/>
    <NS0:name>Hoa Hao</NS0:name>
  </rdf:Description>
  <rdf:Description rdf:about='http://www.daml.org/2001/12/factbook/religions#Church_of_Ireland'>
    <rdf:type rdf:resource='http://www.daml.org/2001/12/factbook/factbook-ont#Religion'/>
    <NS0:name>Church of Ireland</NS0:name>
  </rdf:Description>
  <rdf:Description rdf:about='http://www.daml.org/2001/12/factbook/religions#Jehovah_s_Witnesses'>
    <rdf:type rdf:resource='http://www.daml.org/2001/12/factbook/factbook-ont#Religion'/>
    <NS0:name>Jehovah&apos;s Witnesses</NS0:name>
  </rdf:Description>
  <rdf:Description rdf:about='http://www.daml.org/2001/12/factbook/religions#none_or_other'>
    <rdf:type rdf:resource='http://www.daml.org/2001/12/factbook/factbook-ont#Religion'/>
    <NS0:name>none or other</NS0:name>
  </rdf:Description>
  <rdf:Description rdf:about='http://www.daml.org/2001/12/factbook/religions#other_syncretic_sects_and_indigenous_beliefs'>
    <rdf:type rdf:resource='http://www.daml.org/2001/12/factbook/factbook-ont#Religion'/>
    <NS0:name>other syncretic sects and indigenous beliefs</NS0:name>
  </rdf:Description>
  <rdf:Description rdf:about='http://www.daml.org/2001/12/factbook/religions#other_Christian'>
    <rdf:type rdf:resource='http://www.daml.org/2001/12/factbook/factbook-ont#Religion'/>
    <NS0:name>other Christian</NS0:name>
  </rdf:Description>
  <rdf:Description rdf:about='http://www.daml.org/2001/12/factbook/religions#Muslim'>
    <rdf:type rdf:resource='http://www.daml.org/2001/12/factbook/factbook-ont#Religion'/>
    <NS0:name>Muslim</NS0:name>
  </rdf:Description>
  <rdf:Description rdf:about='http://www.daml.org/2001/12/factbook/religions#Sikh_400,000'>
    <rdf:type rdf:resource='http://www.daml.org/2001/12/factbook/factbook-ont#Religion'/>
    <NS0:name>Sikh 400,000</NS0:name>
  </rdf:Description>
  <rdf:Description rdf:about='http://www.daml.org/2001/12/factbook/religions#Ekalesia_Niue'>
    <rdf:type rdf:resource='http://www.daml.org/2001/12/factbook/factbook-ont#Religion'/>
    <NS0:name>Ekalesia Niue</NS0:name>
  </rdf:Description>
  <rdf:Description rdf:about='http://www.daml.org/2001/12/factbook/religions#Muslim_including_Shaf_i_and_Zaydi_(Shi_a)'>
    <rdf:type rdf:resource='http://www.daml.org/2001/12/factbook/factbook-ont#Religion'/>
    <NS0:name>Muslim including Shaf&apos;i and Zaydi (Shi&apos;a)</NS0:name>
  </rdf:Description>
  <rdf:Description rdf:about='http://www.daml.org/2001/12/factbook/religions#other'>
    <rdf:type rdf:resource='http://www.daml.org/2001/12/factbook/factbook-ont#Religion'/>
    <NS0:name>other</NS0:name>
  </rdf:Description>
  <rdf:Description rdf:about='http://www.daml.org/2001/12/factbook/religions#none_and_unknown'>
    <rdf:type rdf:resource='http://www.daml.org/2001/12/factbook/factbook-ont#Religion'/>
    <NS0:name>none and unknown</NS0:name>
  </rdf:Description>
  <rdf:Description rdf:about='http://www.daml.org/2001/12/factbook/religions#Jews'>
    <rdf:type rdf:resource='http://www.daml.org/2001/12/factbook/factbook-ont#Religion'/>
    <NS0:name>Jews</NS0:name>
  </rdf:Description>
  <rdf:Description rdf:about='http://www.daml.org/2001/12/factbook/religions#Church_of_Christ'>
    <rdf:type rdf:resource='http://www.daml.org/2001/12/factbook/factbook-ont#Religion'/>
    <NS0:name>Church of Christ</NS0:name>
  </rdf:Description>
  <rdf:Description rdf:about='http://www.daml.org/2001/12/factbook/religions#Lutheran'>
    <rdf:type rdf:resource='http://www.daml.org/2001/12/factbook/factbook-ont#Religion'/>
    <NS0:name>Lutheran</NS0:name>
  </rdf:Description>
  <rdf:Description rdf:about='http://www.daml.org/2001/12/factbook/religions#Georgian_Orthodox'>
    <rdf:type rdf:resource='http://www.daml.org/2001/12/factbook/factbook-ont#Religion'/>
    <NS0:name>Georgian Orthodox</NS0:name>
  </rdf:Description>
  <rdf:Description rdf:about='http://www.daml.org/2001/12/factbook/religions#Congregational_Christian_Church'>
    <rdf:type rdf:resource='http://www.daml.org/2001/12/factbook/factbook-ont#Religion'/>
    <NS0:name>Congregational Christian Church</NS0:name>
  </rdf:Description>
  <rdf:Description rdf:about='http://www.daml.org/2001/12/factbook/religions#Hindu_350,000'>
    <rdf:type rdf:resource='http://www.daml.org/2001/12/factbook/factbook-ont#Religion'/>
    <NS0:name>Hindu 350,000</NS0:name>
  </rdf:Description>
  <rdf:Description rdf:about='http://www.daml.org/2001/12/factbook/religions#Roman_Catholic'>
    <rdf:type rdf:resource='http://www.daml.org/2001/12/factbook/factbook-ont#Religion'/>
    <NS0:name>Roman Catholic</NS0:name>
  </rdf:Description>
  <rdf:Description rdf:about='http://www.daml.org/2001/12/factbook/religions#Confucian'>
    <rdf:type rdf:resource='http://www.daml.org/2001/12/factbook/factbook-ont#Religion'/>
    <NS0:name>Confucian</NS0:name>
  </rdf:Description>
  <rdf:Description rdf:about='http://www.daml.org/2001/12/factbook/religions#Sikhism;_note_-_in_addition'>
    <rdf:type rdf:resource='http://www.daml.org/2001/12/factbook/factbook-ont#Religion'/>
    <NS0:name>Sikhism; note - in addition</NS0:name>
  </rdf:Description>
  <rdf:Description rdf:about='http://www.daml.org/2001/12/factbook/religions#including_some_spiritual_cults'>
    <rdf:type rdf:resource='http://www.daml.org/2001/12/factbook/factbook-ont#Religion'/>
    <NS0:name>including some spiritual cults</NS0:name>
  </rdf:Description>
  <rdf:Description rdf:about='http://www.daml.org/2001/12/factbook/religions#Lamaistic_Buddhist'>
    <rdf:type rdf:resource='http://www.daml.org/2001/12/factbook/factbook-ont#Religion'/>
    <NS0:name>Lamaistic Buddhist</NS0:name>
  </rdf:Description>
  <rdf:Description rdf:about='http://www.daml.org/2001/12/factbook/religions#Estonian_Orthodox'>
    <rdf:type rdf:resource='http://www.daml.org/2001/12/factbook/factbook-ont#Religion'/>
    <NS0:name>Estonian Orthodox</NS0:name>
  </rdf:Description>
  <rdf:Description rdf:about='http://www.daml.org/2001/12/factbook/religions#Buddhist_and_other'>
    <rdf:type rdf:resource='http://www.daml.org/2001/12/factbook/factbook-ont#Religion'/>
    <NS0:name>Buddhist and other</NS0:name>
  </rdf:Description>
  <rdf:Description rdf:about='http://www.daml.org/2001/12/factbook/religions#Anglican_27_million'>
    <rdf:type rdf:resource='http://www.daml.org/2001/12/factbook/factbook-ont#Religion'/>
    <NS0:name>Anglican 27 million</NS0:name>
  </rdf:Description>
  <rdf:Description rdf:about='http://www.daml.org/2001/12/factbook/religions#Jewish_300,000'>
    <rdf:type rdf:resource='http://www.daml.org/2001/12/factbook/factbook-ont#Religion'/>
    <NS0:name>Jewish 300,000</NS0:name>
  </rdf:Description>
  <rdf:Description rdf:about='http://www.daml.org/2001/12/factbook/religions#eclectic_mixture_of_local_religions'>
    <rdf:type rdf:resource='http://www.daml.org/2001/12/factbook/factbook-ont#Religion'/>
    <NS0:name>eclectic mixture of local religions</NS0:name>
  </rdf:Description>
  <rdf:Description rdf:about='http://www.daml.org/2001/12/factbook/religions#Methodist'>
    <rdf:type rdf:resource='http://www.daml.org/2001/12/factbook/factbook-ont#Religion'/>
    <NS0:name>Methodist</NS0:name>
  </rdf:Description>
  <rdf:Description rdf:about='http://www.daml.org/2001/12/factbook/religions#Presbyterian_800,000'>
    <rdf:type rdf:resource='http://www.daml.org/2001/12/factbook/factbook-ont#Religion'/>
    <NS0:name>Presbyterian 800,000</NS0:name>
  </rdf:Description>
  <rdf:Description rdf:about='http://www.daml.org/2001/12/factbook/religions#mainland_-_Christian'>
    <rdf:type rdf:resource='http://www.daml.org/2001/12/factbook/factbook-ont#Religion'/>
    <NS0:name>mainland - Christian</NS0:name>
  </rdf:Description>
  <rdf:Description rdf:about='http://www.daml.org/2001/12/factbook/religions#other_20%_(1997_est.)'>
    <rdf:type rdf:resource='http://www.daml.org/2001/12/factbook/factbook-ont#Religion'/>
    <NS0:name>other 20% (1997 est.)</NS0:name>
  </rdf:Description>
  <rdf:Description rdf:about='http://www.daml.org/2001/12/factbook/religions#Orthodox'>
    <rdf:type rdf:resource='http://www.daml.org/2001/12/factbook/factbook-ont#Religion'/>
    <NS0:name>Orthodox</NS0:name>
  </rdf:Description>
  <rdf:Description rdf:about='http://www.daml.org/2001/12/factbook/religions#Daoist'>
    <rdf:type rdf:resource='http://www.daml.org/2001/12/factbook/factbook-ont#Religion'/>
    <NS0:name>Daoist</NS0:name>
  </rdf:Description>
  <rdf:Description rdf:about='http://www.daml.org/2001/12/factbook/religions#United'>
    <rdf:type rdf:resource='http://www.daml.org/2001/12/factbook/factbook-ont#Religion'/>
    <NS0:name>United</NS0:name>
  </rdf:Description>
  <rdf:Description rdf:about='http://www.daml.org/2001/12/factbook/religions#Seventh-Day_Adventist'>
    <rdf:type rdf:resource='http://www.daml.org/2001/12/factbook/factbook-ont#Religion'/>
    <NS0:name>Seventh-Day Adventist</NS0:name>
  </rdf:Description>
  <rdf:Description rdf:about='http://www.daml.org/2001/12/factbook/religions#Word_of_Life'>
    <rdf:type rdf:resource='http://www.daml.org/2001/12/factbook/factbook-ont#Religion'/>
    <NS0:name>Word of Life</NS0:name>
  </rdf:Description>
  <rdf:Description rdf:about='http://www.daml.org/2001/12/factbook/religions#Daoism'>
    <rdf:type rdf:resource='http://www.daml.org/2001/12/factbook/factbook-ont#Religion'/>
    <NS0:name>Daoism</NS0:name>
  </rdf:Description>
  <rdf:Description rdf:about='http://www.daml.org/2001/12/factbook/religions#mixture_of_Buddhist'>
    <rdf:type rdf:resource='http://www.daml.org/2001/12/factbook/factbook-ont#Religion'/>
    <NS0:name>mixture of Buddhist</NS0:name>
  </rdf:Description>
  <rdf:Description rdf:about='http://www.daml.org/2001/12/factbook/religions#Ibadhi_Muslim'>
    <rdf:type rdf:resource='http://www.daml.org/2001/12/factbook/factbook-ont#Religion'/>
    <NS0:name>Ibadhi Muslim</NS0:name>
  </rdf:Description>
  <rdf:Description rdf:about='http://www.daml.org/2001/12/factbook/religions#Jain'>
    <rdf:type rdf:resource='http://www.daml.org/2001/12/factbook/factbook-ont#Religion'/>
    <NS0:name>Jain</NS0:name>
  </rdf:Description>
  <rdf:Description rdf:about='http://www.daml.org/2001/12/factbook/religions#primarily_Anglican'>
    <rdf:type rdf:resource='http://www.daml.org/2001/12/factbook/factbook-ont#Religion'/>
    <NS0:name>primarily Anglican</NS0:name>
  </rdf:Description>
  <rdf:Description rdf:about='http://www.daml.org/2001/12/factbook/religions#United_Free_Church'>
    <rdf:type rdf:resource='http://www.daml.org/2001/12/factbook/factbook-ont#Religion'/>
    <NS0:name>United Free Church</NS0:name>
  </rdf:Description>
  <rdf:Description rdf:about='http://www.daml.org/2001/12/factbook/religions#Society_of_Friends'>
    <rdf:type rdf:resource='http://www.daml.org/2001/12/factbook/factbook-ont#Religion'/>
    <NS0:name>Society of Friends</NS0:name>
  </rdf:Description>
  <rdf:Description rdf:about='http://www.daml.org/2001/12/factbook/religions#indigenous_beliefs'>
    <rdf:type rdf:resource='http://www.daml.org/2001/12/factbook/factbook-ont#Religion'/>
    <NS0:name>indigenous beliefs</NS0:name>
  </rdf:Description>
  <rdf:Description rdf:about='http://www.daml.org/2001/12/factbook/religions#Presbyterian_Methodist_London_Missionary_Society'>
    <rdf:type rdf:resource='http://www.daml.org/2001/12/factbook/factbook-ont#Religion'/>
    <NS0:name>Presbyterian/Methodist/London Missionary Society</NS0:name>
  </rdf:Description>
  <rdf:Description rdf:about='http://www.daml.org/2001/12/factbook/religions#Baptist_(1991)'>
    <rdf:type rdf:resource='http://www.daml.org/2001/12/factbook/factbook-ont#Religion'/>
    <NS0:name>Baptist (1991)</NS0:name>
  </rdf:Description>
  <rdf:Description rdf:about='http://www.daml.org/2001/12/factbook/religions#Uniate_Catholic'>
    <rdf:type rdf:resource='http://www.daml.org/2001/12/factbook/factbook-ont#Religion'/>
    <NS0:name>Uniate Catholic</NS0:name>
  </rdf:Description>
  <rdf:Description rdf:about='http://www.daml.org/2001/12/factbook/religions#Gregorian-Armenian'>
    <rdf:type rdf:resource='http://www.daml.org/2001/12/factbook/factbook-ont#Religion'/>
    <NS0:name>Gregorian-Armenian</NS0:name>
  </rdf:Description>
  <rdf:Description rdf:about='http://www.daml.org/2001/12/factbook/religions#Uniting_Church_in_Australia'>
    <rdf:type rdf:resource='http://www.daml.org/2001/12/factbook/factbook-ont#Religion'/>
    <NS0:name>Uniting Church in Australia</NS0:name>
  </rdf:Description>
  <rdf:Description rdf:about='http://www.daml.org/2001/12/factbook/religions#nonprofessing_or_other'>
    <rdf:type rdf:resource='http://www.daml.org/2001/12/factbook/factbook-ont#Religion'/>
    <NS0:name>nonprofessing or other</NS0:name>
  </rdf:Description>
  <rdf:Description rdf:about='http://www.daml.org/2001/12/factbook/religions#United_Church'>
    <rdf:type rdf:resource='http://www.daml.org/2001/12/factbook/factbook-ont#Religion'/>
    <NS0:name>United Church</NS0:name>
  </rdf:Description>
  <rdf:Description rdf:about='http://www.daml.org/2001/12/factbook/religions#Hinduism'>
    <rdf:type rdf:resource='http://www.daml.org/2001/12/factbook/factbook-ont#Religion'/>
    <NS0:name>Hinduism</NS0:name>
  </rdf:Description>
  <rdf:Description rdf:about='http://www.daml.org/2001/12/factbook/religions#Church_of_Tuvalu'>
    <rdf:type rdf:resource='http://www.daml.org/2001/12/factbook/factbook-ont#Religion'/>
    <NS0:name>Church of Tuvalu</NS0:name>
  </rdf:Description>
  <rdf:Description rdf:about='http://www.daml.org/2001/12/factbook/religions#Alawite'>
    <rdf:type rdf:resource='http://www.daml.org/2001/12/factbook/factbook-ont#Religion'/>
    <NS0:name>Alawite</NS0:name>
  </rdf:Description>
  <rdf:Description rdf:about='http://www.daml.org/2001/12/factbook/religions#Maronite'>
    <rdf:type rdf:resource='http://www.daml.org/2001/12/factbook/factbook-ont#Religion'/>
    <NS0:name>Maronite</NS0:name>
  </rdf:Description>
  <rdf:Description rdf:about='http://www.daml.org/2001/12/factbook/religions#observe_both_Shinto_and_Buddhist'>
    <rdf:type rdf:resource='http://www.daml.org/2001/12/factbook/factbook-ont#Religion'/>
    <NS0:name>observe both Shinto and Buddhist</NS0:name>
  </rdf:Description>
  <rdf:Description rdf:about='http://www.daml.org/2001/12/factbook/religions#remainder_indigenous_beliefs_and_Christians'>
    <rdf:type rdf:resource='http://www.daml.org/2001/12/factbook/factbook-ont#Religion'/>
    <NS0:name>remainder indigenous beliefs and Christians</NS0:name>
  </rdf:Description>
  <rdf:Description rdf:about='http://www.daml.org/2001/12/factbook/religions#Coptic_Christian'>
    <rdf:type rdf:resource='http://www.daml.org/2001/12/factbook/factbook-ont#Religion'/>
    <NS0:name>Coptic Christian</NS0:name>
  </rdf:Description>
  <rdf:Description rdf:about='http://www.daml.org/2001/12/factbook/religions#Taoist'>
    <rdf:type rdf:resource='http://www.daml.org/2001/12/factbook/factbook-ont#Religion'/>
    <NS0:name>Taoist</NS0:name>
  </rdf:Description>
  <rdf:Description rdf:about='http://www.daml.org/2001/12/factbook/religions#Sunni_Muslim'>
    <rdf:type rdf:resource='http://www.daml.org/2001/12/factbook/factbook-ont#Religion'/>
    <NS0:name>Sunni Muslim</NS0:name>
  </rdf:Description>
  <rdf:Description rdf:about='http://www.daml.org/2001/12/factbook/religions#Calvinist'>
    <rdf:type rdf:resource='http://www.daml.org/2001/12/factbook/factbook-ont#Religion'/>
    <NS0:name>Calvinist</NS0:name>
  </rdf:Description>
  <rdf:Description rdf:about='http://www.daml.org/2001/12/factbook/religions#Santeria_are_also_represented'>
    <rdf:type rdf:resource='http://www.daml.org/2001/12/factbook/factbook-ont#Religion'/>
    <NS0:name>Santeria are also represented</NS0:name>
  </rdf:Description>
  <rdf:Description rdf:about='http://www.daml.org/2001/12/factbook/religions#Jewish'>
    <rdf:type rdf:resource='http://www.daml.org/2001/12/factbook/factbook-ont#Religion'/>
    <NS0:name>Jewish</NS0:name>
  </rdf:Description>
  <rdf:Description rdf:about='http://www.daml.org/2001/12/factbook/religions#Romanian_Orthodox'>
    <rdf:type rdf:resource='http://www.daml.org/2001/12/factbook/factbook-ont#Religion'/>
    <NS0:name>Romanian Orthodox</NS0:name>
  </rdf:Description>
  <rdf:Description rdf:about='http://www.daml.org/2001/12/factbook/religions#indigenous_Mayan_beliefs'>
    <rdf:type rdf:resource='http://www.daml.org/2001/12/factbook/factbook-ont#Religion'/>
    <NS0:name>indigenous Mayan beliefs</NS0:name>
  </rdf:Description>
  <rdf:Description rdf:about='http://www.daml.org/2001/12/factbook/religions#Modekngei_religion'>
    <rdf:type rdf:resource='http://www.daml.org/2001/12/factbook/factbook-ont#Religion'/>
    <NS0:name>Modekngei religion</NS0:name>
  </rdf:Description>
  <rdf:Description rdf:about='http://www.daml.org/2001/12/factbook/religions#Presbyterian'>
    <rdf:type rdf:resource='http://www.daml.org/2001/12/factbook/factbook-ont#Religion'/>
    <NS0:name>Presbyterian</NS0:name>
  </rdf:Description>
</rdf:RDF>
