<?xml version="1.0" encoding="UTF-8"?><teamInfo xmlns="http://wmdemo.ml.com/data"><teamId>43822</teamId><teamName>Korea Republic</teamName><teamDetailInfo xmlns="http://www.w3.org/1999/xhtml"><headline>How they qualified</headline><para>
Before finally securing their eighth consecutive FIFA World Cup™
qualification, Korea Republic had twice seen their campaign in
significant peril. Unlike Japan, who counted on the same starting
XI and Australia, who used their core of experienced players
throughout qualification, a proven and reliable starting line-up
was elusive for Korea Republic throughout the qualifying
competition.With the squad changing constantly, an unprepared Taeguk Warrior
side were stunned 2-1 by Lebanon in the third round’s penultimate
match, which left their hopes hanging by a thread. The defeat cost
Cho Kwangrae his job but under new boss Choi Kanghee, Korea
Republic dispatched Kuwait 2-0 to progress at the West Asian’s
expense.The next round continued nearly in the same vein, with Choi’s
side floundering with draws against Uzbekistan and Lebanon and a
defeat to Iran. A 1-0 home win against Uzbekistan in the
penultimate game saw their fortunes revived, but after losing the
closing game to Iran by the identical scoreline, they had to wait
until Uzbekistan’s 5-1 defeat of Qatar to confirm their direct
qualification by edging the central Asians on goal
difference.  </para><headline>FIFA World Cup history</headline><para>
Despite being Asia’s most frequent visitors to world football’s
showpiece event, Korea Republic had never won a match at the finals
until they co-hosted Korea/Japan 2002. They got off to a winning
start with victory over Poland before defeating Portugal to reach
the second round for the first time. The Taeguk Warriors went on to
reach the semi-finals at the expense of Italy and Spain, only to
lose to Germany in the last four. In 2010, they made history again
by reaching the knockout stage for the first time on foreign soil,
before going down at the hands of Uruguay in the Round of 16.</para><headline>The key players</headline><para>
The squad's make-up kept changing during the qualifying and under
new coach Hong Myungbo, a new-look team has taken shape. A series
of emerging stars, notably German-based Son Heungmin and Ji
Dongwon, have graduated into the team's backbone force. Mainz's Koo
Jacheol is the new man wearing the captain's armband and home-based
Kim Shinwook and Lee Keunho are proven goal-scorers.

</para><headline>Current coach:</headline><para> Hong Myungbo
</para><headline>Best performance in a FIFA competition:</headline><para> FIFA World
Cup Korea/Japan 2002 (Fourth place)
</para><headline>Former stars:</headline><para> Cha Bumkun, Hong Myungbo, Park
Jisung</para></teamDetailInfo><matchesPlayed>3</matchesPlayed><goalsScored>3</goalsScored><attemptsOnTarget>24</attemptsOnTarget><distanceCovered>333.0 km</distanceCovered><statsGoalScoring><goalsScored>3</goalsScored><minutesPerGoal>90</minutesPerGoal><attemptsPerGoal>12.3</attemptsPerGoal><Open_Play_Goals xmlns:wmd="http://wmdemo.ml.com/data">3</Open_Play_Goals><Set_Piece_Goals xmlns:wmd="http://wmdemo.ml.com/data">0</Set_Piece_Goals></statsGoalScoring><attacking><attempts>37</attempts><dribbleIntoPenaltyArea title="Dribble into penalty area">5</dribbleIntoPenaltyArea><deliveriesInPenaltyArea title="0">0</deliveriesInPenaltyArea><crosses title="Crosses">52</crosses><crossesCompleted title="Crosses Completed">15</crossesCompleted><offsides title="Offsides">2</offsides><Attempts_Off-Target xmlns:wmd="http://wmdemo.ml.com/data">13</Attempts_Off-Target><Shots_saved xmlns:wmd="http://wmdemo.ml.com/data">12</Shots_saved><Shots_blocked xmlns:wmd="http://wmdemo.ml.com/data">9</Shots_blocked><Goals_scored xmlns:wmd="http://wmdemo.ml.com/data">3</Goals_scored><Tournament_average xmlns:wmd="http://wmdemo.ml.com/data">38.5</Tournament_average></attacking><defending><defendingActions>65</defendingActions><saves title="Saves">12</saves><attemptedClearences title="Attempted Clearances">38</attemptedClearences><completedClearences title="32">32</completedClearences><recoveredBalls title="Recovered Balls">132</recoveredBalls><tackles title="Tackles">42</tackles><tacklesWon title="Tackles won">11</tacklesWon><tacklesLost title="Tackles lost">31</tacklesLost><tacklesGiven title="Offsides given">5</tacklesGiven><Tackles xmlns:wmd="http://wmdemo.ml.com/data">42</Tackles><Saves xmlns:wmd="http://wmdemo.ml.com/data">12</Saves><Blocks xmlns:wmd="http://wmdemo.ml.com/data">11</Blocks></defending><passing><passes>1150</passes><crosses title="Crosses">52</crosses><throwins title="Throw-ins">95</throwins><Short_Passes_complete xmlns:wmd="http://wmdemo.ml.com/data">276</Short_Passes_complete><Medium_Passes_complete xmlns:wmd="http://wmdemo.ml.com/data">714</Medium_Passes_complete><Long_Passes_complete xmlns:wmd="http://wmdemo.ml.com/data">160</Long_Passes_complete><Tournament_average xmlns:wmd="http://wmdemo.ml.com/data">1153</Tournament_average></passing></teamInfo>