<?xml version="1.0" encoding="UTF-8"?><teamInfo xmlns="http://wmdemo.ml.com/data"><teamId>43849</teamId><teamName>Cameroon</teamName><teamDetailInfo xmlns="http://www.w3.org/1999/xhtml"><headline>How they qualified</headline><para>
Drawn in perhaps the most open group in Africa, alongside Libya,
Congo DR and Togo, Cameroon survived the challenge with the help of
an overturned loss because of Togo's fielding of an ineligible
player. Ultimately the Lions did enough anyway with a 1-0 defeat of
the pace-setting Libyans in their final match that saw them finish
with 13 points from six matches. Once in the final play-off round,
they handled a tough task against Tunisia with aplomb. A scoreless
draw on the road gave way to a 4-1 home win that has Volker Finke's
side feeling confident about their trip to Brazil.</para><headline>FIFA World Cup finals history</headline><para>
Perhaps no team has done more to shake up perceptions of African
football. The Indomitable Lions exited Spain 1982 at the group
stage, but they ended their maiden excursion undefeated, having
drawn 0-0 with both Peru and Poland and 1-1 with eventual winners
Italy. Eight years later, they wrote themselves into the annals of
the game by beating holders Argentina in the Opening Match and
becoming the first African side to reach the quarter-finals,
powered by the goals of evergreen striker Roger Milla. That
breakthrough performance remains their finest showing, group-stage
exits having followed in 1994, 1998, 2002 and 2010.</para><headline>The key players</headline><para>
Samuel Eto'o remains the world-class threat up front, although the
charismatic figure, who still serves as captain, has gone in and
out of the team. But even without the Chelsea veteran, the side if
loaded with experience and high-level talent. Nicolas N'Koulou,
Benoit Assou-Ekotto and Aurelien Chedjou remain vital at the back,
while the midfield is even more loaded with Alex Song, Jean Makoun
and Stephane Mbia at the heart of the team.

</para><headline>Coach:</headline><para> Volker Finke
</para><headline>Best performances in a FIFA competition:</headline><para> FIFA
World Cup Italy 1990 (Quarter-finals), Men’s Olympic Football
Tournament Sydney 2000 (Winners)
</para><headline>Former stars:</headline><para> Roger Milla, Marc-Vivien Foe,
Rigobert Song</para></teamDetailInfo><matchesPlayed>3</matchesPlayed><goalsScored>1</goalsScored><attemptsOnTarget>17</attemptsOnTarget><distanceCovered>292.0 km</distanceCovered><statsGoalScoring><goalsScored>1</goalsScored><minutesPerGoal>270</minutesPerGoal><attemptsPerGoal>40</attemptsPerGoal><Open_Play_Goals xmlns:wmd="http://wmdemo.ml.com/data">1</Open_Play_Goals><Set_Piece_Goals xmlns:wmd="http://wmdemo.ml.com/data">0</Set_Piece_Goals></statsGoalScoring><attacking><attempts>40</attempts><dribbleIntoPenaltyArea title="Dribble into penalty area">6</dribbleIntoPenaltyArea><deliveriesInPenaltyArea title="5">5</deliveriesInPenaltyArea><crosses title="Crosses">49</crosses><crossesCompleted title="Crosses Completed">15</crossesCompleted><offsides title="Offsides">4</offsides><Attempts_Off-Target xmlns:wmd="http://wmdemo.ml.com/data">23</Attempts_Off-Target><Shots_blocked xmlns:wmd="http://wmdemo.ml.com/data">14</Shots_blocked><Shots_saved xmlns:wmd="http://wmdemo.ml.com/data">2</Shots_saved><Goals_scored xmlns:wmd="http://wmdemo.ml.com/data">1</Goals_scored><Tournament_average xmlns:wmd="http://wmdemo.ml.com/data">28.7</Tournament_average></attacking><defending><defendingActions>66</defendingActions><saves title="Saves">15</saves><attemptedClearences title="Attempted Clearances">41</attemptedClearences><completedClearences title="36">36</completedClearences><recoveredBalls title="Recovered Balls">108</recoveredBalls><tackles title="Tackles">38</tackles><tacklesWon title="Tackles won">8</tacklesWon><tacklesLost title="Tackles lost">25</tacklesLost><tacklesGiven title="Offsides given">12</tacklesGiven><Tackles xmlns:wmd="http://wmdemo.ml.com/data">38</Tackles><Saves xmlns:wmd="http://wmdemo.ml.com/data">15</Saves><Blocks xmlns:wmd="http://wmdemo.ml.com/data">13</Blocks></defending><passing><passes>878</passes><crosses title="Crosses">49</crosses><throwins title="Throw-ins">90</throwins><Short_Passes_complete xmlns:wmd="http://wmdemo.ml.com/data">240</Short_Passes_complete><Medium_Passes_complete xmlns:wmd="http://wmdemo.ml.com/data">544</Medium_Passes_complete><Long_Passes_complete xmlns:wmd="http://wmdemo.ml.com/data">94</Long_Passes_complete><Tournament_average xmlns:wmd="http://wmdemo.ml.com/data">868</Tournament_average></passing></teamInfo>