<?xml version="1.0" encoding="UTF-8"?><teamInfo xmlns="http://wmdemo.ml.com/data"><teamId>43901</teamId><teamName>Costa Rica</teamName><teamDetailInfo xmlns="http://www.w3.org/1999/xhtml"><headline>How they qualified</headline><para>
The arrival of the Colombian Jorge Luis Pinto as national team
coach has ushered in a new era for Costa Rica. Joining the CONCACAF
preliminaries in Round 3, Los Ticos finished second behind
Mexico in their group to advance to the final six-team phase, where
they sealed their ticket to Brazil 2014 with two games to spare,
eventually finishing second behind USA. Their successful campaign
was based on two key factors. The first was their solidity at the
back, with Pinto’s side conceding only seven goals in the final
round, fewer than any other team. The second was their formidable
home record of five wins in five games in the final phase.</para><headline>FIFA World Cup finals history</headline><para>
Costa Rica played their first game as a national team in 1921, a
7-0 win over Central American neighbours El Salvador. As they
developed as a side, things weren’t always quite so easy, but after
many years of manful efforts they finally managed to reach the
world’s biggest football tournament in 1990, taking full advantage
of Mexico’s suspension to reach the finals in Italy. Once there,
they beat Sweden and Scotland to reach the knockout rounds in an
impressive debut under the care of wily boss Bora Milutinovic,
where they lost to Czechoslovakia.They returned to the world stage in 2002 after narrowly failing
to reach USA 1994 and France 1998. Drawn into a tricky group
alongside eventual champions Brazil and semi-finalists Turkey, the
valiantTicos went out at the first hurdle, the same stage
where they would make their exit in a significantly poorer showing
four years later in Germany.</para><headline>The key players</headline><para>Costa Rica’s fortunes lie
at the skilful feet of one Bryan Ruiz. Called “a truly special
player” by former coach Rodrigo Kenton, Ruiz established himself at
club side Twente in the Netherlands before moving on to Fulham in
England. Now back in the Eredivisie with PSV Eindhoven, he ranks
among the best playmakers in the North, Central American and
Caribbean zone. Alongside Ruiz are a number of tried-and-trusted
performers like Christian Bolanos and outstanding goalkeeper Keylor
Navas.The dribbling skills and all-around attacking play of the
young Joel Campbell have made him another of Los
Ticos’ most valuable assets.</para><headline>Coach:</headline><para> Jorge Luis Pinto</para><headline>
Best performances in a FIFA competition:</headline><para> FIFA World Cup
Italy 1990 (Round of 16), FIFA U-20 World Cup Egypt 2009 (Fourth
place)</para><headline>
Former stars:</headline><para> Hernan Medford, Paulo Wanchope, Walter
Centeno</para></teamDetailInfo><matchesPlayed>5</matchesPlayed><goalsScored>5</goalsScored><attemptsOnTarget>18</attemptsOnTarget><distanceCovered>596.6 km</distanceCovered><statsGoalScoring><goalsScored>5</goalsScored><minutesPerGoal>102</minutesPerGoal><attemptsPerGoal>7.6</attemptsPerGoal><Open_Play_Goals xmlns:wmd="http://wmdemo.ml.com/data">4</Open_Play_Goals><Set_Piece_Goals xmlns:wmd="http://wmdemo.ml.com/data">1</Set_Piece_Goals></statsGoalScoring><attacking><attempts>38</attempts><dribbleIntoPenaltyArea title="Dribble into penalty area">9</dribbleIntoPenaltyArea><deliveriesInPenaltyArea title="2">2</deliveriesInPenaltyArea><crosses title="Crosses">62</crosses><crossesCompleted title="Crosses Completed">12</crossesCompleted><offsides title="Offsides">11</offsides><Attempts_Off-Target xmlns:wmd="http://wmdemo.ml.com/data">20</Attempts_Off-Target><Shots_saved xmlns:wmd="http://wmdemo.ml.com/data">8</Shots_saved><Goals_scored xmlns:wmd="http://wmdemo.ml.com/data">5</Goals_scored><Shots_blocked xmlns:wmd="http://wmdemo.ml.com/data">5</Shots_blocked><Tournament_average xmlns:wmd="http://wmdemo.ml.com/data">49.9</Tournament_average></attacking><defending><defendingActions>144</defendingActions><saves title="Saves">21</saves><attemptedClearences title="Attempted Clearances">81</attemptedClearences><completedClearences title="62">62</completedClearences><recoveredBalls title="Recovered Balls">222</recoveredBalls><tackles title="Tackles">104</tackles><tacklesWon title="Tackles won">29</tacklesWon><tacklesLost title="Tackles lost">62</tacklesLost><tacklesGiven title="Offsides given">41</tacklesGiven><Tackles xmlns:wmd="http://wmdemo.ml.com/data">104</Tackles><Saves xmlns:wmd="http://wmdemo.ml.com/data">21</Saves><Blocks xmlns:wmd="http://wmdemo.ml.com/data">19</Blocks></defending><passing><passes>1590</passes><crosses title="Crosses">62</crosses><throwins title="Throw-ins">169</throwins><Short_Passes_complete xmlns:wmd="http://wmdemo.ml.com/data">435</Short_Passes_complete><Medium_Passes_complete xmlns:wmd="http://wmdemo.ml.com/data">958</Medium_Passes_complete><Long_Passes_complete xmlns:wmd="http://wmdemo.ml.com/data">197</Long_Passes_complete><Tournament_average xmlns:wmd="http://wmdemo.ml.com/data">1458</Tournament_average></passing></teamInfo>