<?xml version="1.0" encoding="UTF-8"?><teamInfo xmlns="http://wmdemo.ml.com/data"><teamId>43911</teamId><teamName>Mexico</teamName><teamDetailInfo xmlns="http://www.w3.org/1999/xhtml"><headline>How they qualified</headline><para>In the wake of El
Tri’s historic Olympic triumph at London 2012, few Mexico fans
would have expected their side to struggle en route to Brazil. Yet
struggle they did, to such an extent that they came within a
whisker of missing out on qualification altogether. Despite their
status as regional powerhouses, the Mexicans won just two of their
ten matches in the final six-team group phase, with the defeat to
Honduras at their Estadio Azteca fortress in September 2013 costing
Jose Manuel de la Torre his job as national team coach with three
games remaining. With his success at Monterrey still fresh in the
memory, the experienced Victor Manuel Vucetich came on board for
the final two matches. And though he oversaw a crucial home win
over Panama, it was only thanks to the USA’s last-gasp defeat of
the Panamanians on the final matchday that the Mexicans were able
to scrape into the intercontinental play-off.Fresh from guiding America to the Mexican league title, Miguel
Herrera then came in for the two-legged tie against New Zealand and
took the radical decision of selecting only home-based players. His
strategy paid off as El Tri finally put their shaky form
behind them to sweep to a 9-3 aggregate win and qualify for the
world finals for the 15th time in all.</para><headline>FIFA World Cup finals
history</headline><para>Mexico have fallen in the
Round of 16 on their last five appearances in the finals, with
Argentina halting their progress at both Germany 2006 and South
Africa 2010. Those defeats proved painful for El Tri’s
legion of fans, who have been waiting a long time to see their side
return to last eight. Only twice have the Mexicans made it to the
quarters, both time on home soil, in 1970 and 1986.</para><headline>The key players</headline><para>After an agonising
qualifying competition full of setbacks, coaching changes and
tactical reshuffles, predicting how the Mexicans will fare at
Brazil 2014 is no easy task. While El Tri can count on a
band of high-profile overseas-based players, spearheaded by Javier
Chicharito Hernandez, Andres Guardado and Giovani dos
Santos, the last few months have shown that the latest wave of
young players also have much to offer, chief among them their
London 2012 hero Oribe Peralta, Raul Jimenez and Carlos Pena. Now
that they have safely secured their ticket to Brazil, the Mexicans
have time to find some stability and build for the future.</para><headline>Current coach:</headline><para> Miguel Herrera
</para><headline>Best performance in a FIFA competition:</headline><para>
FIFA Confederations Cup Mexico 1999 (winners), FIFA U-17
World Cup Peru 2005 (winners)
</para><headline>Former stars:</headline><para> Antonio Carbajal, Hugo
Sanchez, Jorge Campos, Cuauhtemoc Blanco</para></teamDetailInfo><matchesPlayed>4</matchesPlayed><goalsScored>5</goalsScored><attemptsOnTarget>22</attemptsOnTarget><distanceCovered>425.3 km</distanceCovered><statsGoalScoring><goalsScored>5</goalsScored><minutesPerGoal>72</minutesPerGoal><attemptsPerGoal>9.2</attemptsPerGoal><Open_Play_Goals xmlns:wmd="http://wmdemo.ml.com/data">4</Open_Play_Goals><Set_Piece_Goals xmlns:wmd="http://wmdemo.ml.com/data">1</Set_Piece_Goals></statsGoalScoring><attacking><attempts>46</attempts><dribbleIntoPenaltyArea title="Dribble into penalty area">6</dribbleIntoPenaltyArea><deliveriesInPenaltyArea title="4">4</deliveriesInPenaltyArea><crosses title="Crosses">60</crosses><crossesCompleted title="Crosses Completed">14</crossesCompleted><offsides title="Offsides">7</offsides><Attempts_Off-Target xmlns:wmd="http://wmdemo.ml.com/data">24</Attempts_Off-Target><Shots_saved xmlns:wmd="http://wmdemo.ml.com/data">11</Shots_saved><Shots_blocked xmlns:wmd="http://wmdemo.ml.com/data">6</Shots_blocked><Goals_scored xmlns:wmd="http://wmdemo.ml.com/data">5</Goals_scored><Tournament_average xmlns:wmd="http://wmdemo.ml.com/data">41.2</Tournament_average></attacking><defending><defendingActions>90</defendingActions><saves title="Saves">10</saves><attemptedClearences title="Attempted Clearances">68</attemptedClearences><completedClearences title="52">52</completedClearences><recoveredBalls title="Recovered Balls">158</recoveredBalls><tackles title="Tackles">68</tackles><tacklesWon title="Tackles won">18</tacklesWon><tacklesLost title="Tackles lost">49</tacklesLost><tacklesGiven title="Offsides given">10</tacklesGiven><Tackles xmlns:wmd="http://wmdemo.ml.com/data">68</Tackles><Blocks xmlns:wmd="http://wmdemo.ml.com/data">12</Blocks><Saves xmlns:wmd="http://wmdemo.ml.com/data">10</Saves></defending><passing><passes>1393</passes><crosses title="Crosses">60</crosses><throwins title="Throw-ins">118</throwins><Short_Passes_complete xmlns:wmd="http://wmdemo.ml.com/data">343</Short_Passes_complete><Medium_Passes_complete xmlns:wmd="http://wmdemo.ml.com/data">888</Medium_Passes_complete><Long_Passes_complete xmlns:wmd="http://wmdemo.ml.com/data">162</Long_Passes_complete><Tournament_average xmlns:wmd="http://wmdemo.ml.com/data">1224</Tournament_average></passing></teamInfo>