<?xml version="1.0" encoding="UTF-8"?><teamInfo xmlns="http://wmdemo.ml.com/data"><teamId>43922</teamId><teamName>Argentina</teamName><teamDetailInfo xmlns="http://www.w3.org/1999/xhtml"><headline>How they qualified  </headline><para>After a 4-1 win
against Chile to begin their FIFA World Cup™ qualifying campaign,
Argentina then stumbled against Venezuela and drew 1-1 at home to
Bolivia, which raised doubts as to whether coach Alejandro Sabella,
who took over after Copa America 2011, was up to the
task. La Albiceleste, however, got
back on track with 2-1 win over Colombia in Barranquilla, which
began Argentina's 14-match unbeaten run through the remainder of
qualifying, where they finished atop the South American table.
Argentina tallied 35 goals while only surrendering 15 on the way to
winning the preliminary competition for the third time. The rest of
South America could only chase Argentina throughout the final
qualifying fixtures.</para><headline>FIFA World Cup finals history</headline><para>Argentina
have contested four FIFA World Cup Finals in all, the first of them
at the inaugural tournament, Uruguay 1930, when they went down 4-2
to the host nation. Respective contributions from Mario Kempes and
Diego Maradona inspired them to the biggest prize in football on
home soil in 1978 and again at Mexico 1986, while their last
showpiece appearance came at Italy 1990, when they were denied by
an Andreas Brehme penalty. Since then they have been unable to
progress beyond the quarter-finals.</para><headline>The key players</headline><para>With the landmark
achievement of claiming four consecutive FIFA Ballon
d'Ors (2009-2012), Lionel Messi in the undisputed leader of the
Argentina national team and a multiple-trophy winner with
Barcelona. Breaking all kind of goal-records, La Pulga is
now looking to achieve greatness with his country after
failing, somewhat surprisingly, to find the back of the net at
South Africa 2010. Supporting him will be an all-star cast
featuring Carlos Tevez, Javier Mascherano and Angel Di Maria, all
of them on top of their game with some of Europe’s leading
clubs.</para><headline>Coach:</headline><para> Alejandro Sabella
</para><headline>Best performances in a FIFA
competition:</headline><para> FIFA World Cup Argentina 1978, Mexico 1986
(Winners), FIFA U-20 World Cup Japan 1979, Qatar 1995, Malaysia
1997, Argentina 2001, Netherlands 2005, Canada 2007 (Winners), FIFA
Confederations Cup Saudi Arabia 1992 (Winners), Men’s Olympic
Football Tournament Athens 2004, Beijing 2008 (Winners)
</para><headline>Former stars:</headline><para> Daniel Passarella, Diego Maradona,
Gabriel Batistuta, Mario Kempes</para></teamDetailInfo><matchesPlayed>7</matchesPlayed><goalsScored>8</goalsScored><attemptsOnTarget>63</attemptsOnTarget><distanceCovered>821.9 km</distanceCovered><statsGoalScoring><goalsScored>8</goalsScored><minutesPerGoal>90</minutesPerGoal><attemptsPerGoal>13.1</attemptsPerGoal><Open_Play_Goals xmlns:wmd="http://wmdemo.ml.com/data">7</Open_Play_Goals><Set_Piece_Goals xmlns:wmd="http://wmdemo.ml.com/data">1</Set_Piece_Goals></statsGoalScoring><attacking><attempts>105</attempts><dribbleIntoPenaltyArea title="Dribble into penalty area">32</dribbleIntoPenaltyArea><deliveriesInPenaltyArea title="5">5</deliveriesInPenaltyArea><crosses title="Crosses">174</crosses><crossesCompleted title="Crosses Completed">33</crossesCompleted><offsides title="Offsides">8</offsides><Attempts_Off-Target xmlns:wmd="http://wmdemo.ml.com/data">42</Attempts_Off-Target><Shots_saved xmlns:wmd="http://wmdemo.ml.com/data">29</Shots_saved><Shots_blocked xmlns:wmd="http://wmdemo.ml.com/data">27</Shots_blocked><Goals_scored xmlns:wmd="http://wmdemo.ml.com/data">7</Goals_scored><Tournament_average xmlns:wmd="http://wmdemo.ml.com/data">52.6</Tournament_average></attacking><defending><defendingActions>157</defendingActions><saves title="Saves">19</saves><attemptedClearences title="Attempted Clearances">98</attemptedClearences><completedClearences title="85">85</completedClearences><recoveredBalls title="Recovered Balls">328</recoveredBalls><tackles title="Tackles">118</tackles><tacklesWon title="Tackles won">35</tacklesWon><tacklesLost title="Tackles lost">81</tacklesLost><tacklesGiven title="Offsides given">19</tacklesGiven><Tackles xmlns:wmd="http://wmdemo.ml.com/data">118</Tackles><Blocks xmlns:wmd="http://wmdemo.ml.com/data">20</Blocks><Saves xmlns:wmd="http://wmdemo.ml.com/data">19</Saves></defending><passing><passes>3344</passes><crosses title="Crosses">174</crosses><throwins title="Throw-ins">260</throwins><Short_Passes_complete xmlns:wmd="http://wmdemo.ml.com/data">763</Short_Passes_complete><Medium_Passes_complete xmlns:wmd="http://wmdemo.ml.com/data">2232</Medium_Passes_complete><Long_Passes_complete xmlns:wmd="http://wmdemo.ml.com/data">349</Long_Passes_complete><Tournament_average xmlns:wmd="http://wmdemo.ml.com/data">1583</Tournament_average></passing></teamInfo>