<?xml version="1.0" encoding="UTF-8"?><teamInfo xmlns="http://wmdemo.ml.com/data"><teamId>43924</teamId><teamName>Brazil</teamName><teamDetailInfo xmlns="http://www.w3.org/1999/xhtml"><headline>FIFA World Cup finals history</headline><para>So demanding
are the Brazilian faithful, even a Seleção squad
that finishes runners-up at a FIFA World Cup finals cannot be sure
what kind of reception they will get on their return home. The only
nation to have taken part in every edition of the elite
competition, Brazil have lifted the coveted Trophy on a record five
occasions (1958, 1962, 1970, 1994 and 2002), finished in second
place twice (1950 and 1998) and taken the last spot on the podium
at another two editions (1938 and 1978).</para><headline>The current crop</headline><para>
Given they are set to host the next FIFA World Cup, Brazil have
been spared the rigours of South American Zone qualifying. With
that in mind, and fully aware of the enormous burden of expectation
sure to surround A Verde e Amarelo in 2014, the national
set-up have put in place an intense preparatory process featuring
friendly clashes against fellow members of the global elite. This
approach has been underlined by meetings with opponents of the
calibre of Argentina, France, USA and the Netherlands since South
Africa 2010. However, in their first major test on the road to
2014, the Brazil crashed out of the 2011 Copa America at the
quarter-final stage, eliminated by Paraguay.</para><headline>The key players</headline><para>Striker Neymar is already
being hailed as a man capable of playing a key role for the
five-time world champions come Brazil 2014. Currently among the
supporting cast in attack is the youngster’s former Santos
team-mate Robinho, while Barcelona’s Dani Alves is a lung-bursting
presence on the flank. Between the sticks, veteran goalkeeper Julio
Cesar exudes confidence and security to the rest of the
backline.</para><headline>Coach:</headline><para> Luiz Felipe Scolari
</para><headline>Best performances in a FIFA competition:</headline><para> FIFA
World Cup Sweden 1958, Chile 1962, Mexico 1970, USA 1994,
Korea/Japan 2002 (Winners), FIFA U-20 World Cup Mexico 1983, USSR
1985, Australia 1993, UAE 2003 (Winners), FIFA U-17 World Cup Egypt
1997, New Zealand 1999, Finland 2003 (Winners), FIFA Confederations
Cup Saudi Arabia 1997, Germany 2005, South Africa 2009
(Winners)
</para><headline>Former stars:</headline><para> Garrincha, Pele, Ronaldo</para></teamDetailInfo><matchesPlayed>7</matchesPlayed><goalsScored>11</goalsScored><attemptsOnTarget>72</attemptsOnTarget><distanceCovered>747.6 km</distanceCovered><statsGoalScoring><goalsScored>11</goalsScored><minutesPerGoal>60</minutesPerGoal><attemptsPerGoal>10.1</attemptsPerGoal><Open_Play_Goals xmlns:wmd="http://wmdemo.ml.com/data">8</Open_Play_Goals><Set_Piece_Goals xmlns:wmd="http://wmdemo.ml.com/data">3</Set_Piece_Goals></statsGoalScoring><attacking><attempts>111</attempts><dribbleIntoPenaltyArea title="Dribble into penalty area">26</dribbleIntoPenaltyArea><deliveriesInPenaltyArea title="7">7</deliveriesInPenaltyArea><crosses title="Crosses">155</crosses><crossesCompleted title="Crosses Completed">36</crossesCompleted><offsides title="Offsides">15</offsides><Attempts_Off-Target xmlns:wmd="http://wmdemo.ml.com/data">39</Attempts_Off-Target><Shots_saved xmlns:wmd="http://wmdemo.ml.com/data">33</Shots_saved><Shots_blocked xmlns:wmd="http://wmdemo.ml.com/data">28</Shots_blocked><Goals_scored xmlns:wmd="http://wmdemo.ml.com/data">11</Goals_scored><Tournament_average xmlns:wmd="http://wmdemo.ml.com/data">52</Tournament_average></attacking><defending><defendingActions>168</defendingActions><saves title="Saves">10</saves><attemptedClearences title="Attempted Clearances">93</attemptedClearences><completedClearences title="73">73</completedClearences><recoveredBalls title="Recovered Balls">300</recoveredBalls><tackles title="Tackles">141</tackles><tacklesWon title="Tackles won">48</tacklesWon><tacklesLost title="Tackles lost">93</tacklesLost><tacklesGiven title="Offsides given">9</tacklesGiven><Tackles xmlns:wmd="http://wmdemo.ml.com/data">141</Tackles><Blocks xmlns:wmd="http://wmdemo.ml.com/data">17</Blocks><Saves xmlns:wmd="http://wmdemo.ml.com/data">10</Saves></defending><passing><passes>2731</passes><crosses title="Crosses">155</crosses><throwins title="Throw-ins">203</throwins><Short_Passes_complete xmlns:wmd="http://wmdemo.ml.com/data">727</Short_Passes_complete><Medium_Passes_complete xmlns:wmd="http://wmdemo.ml.com/data">1688</Medium_Passes_complete><Long_Passes_complete xmlns:wmd="http://wmdemo.ml.com/data">316</Long_Passes_complete><Tournament_average xmlns:wmd="http://wmdemo.ml.com/data">1547</Tournament_average></passing></teamInfo>