<?xml version="1.0" encoding="UTF-8"?><teamInfo xmlns="http://wmdemo.ml.com/data"><teamId>43926</teamId><teamName>Colombia</teamName><teamDetailInfo xmlns="http://www.w3.org/1999/xhtml"><headline>How they qualified</headline><para>
Colombia began the South American qualifiers well enough,
collecting four points from their first two games before defeat at
home to Argentina in their third outing spelled the end of Leonel
Alvarez’s reign as coach. The arrival of Jose Nestor Pekerman as
his replacement represented a turning point for Los
Cafeteros in their journey to Brazil 2014, with the
Argentinian coach overseeing a run of five wins in their next six
games, a sequence that put them firmly on course for the
finals.Colombia’s convincing home form at
their Barranquilla citadel was central to their successful
campaign, as was the balance between attack and defence and their
cutting edge up front. No side in the group let in fewer goals than
their 13 and only two of their continental rivals scored more than
their 27. After clinching a trip to their first world finals since
France 1998 on the penultimate matchday, the Colombians eventually
took second place, their highest ever finish since the introduction
of the current qualifying system.</para><headline>FIFA World Cup finals history</headline><para>
With the exception of Italy 1990, when the golden generation that
included Rene Higuita and Carlos Valderrama slipped up against
unfancied Cameroon in the Round of 16, Colombia have never made it
past the group stage at the FIFA World Cup. In fact, an analysis of
the other three campaigns reveals a disappointing combined record
of six defeats, one draw and just two wins at the tournament.</para><headline>The key players</headline><para>
Despite the absence of Radamel Falcao, Colombia's attacking line
still boasts strikers such as Teofilo Gutierrez, who scored six
goals in qualifiers, Adrian Ramos, Bundesliga's best player, Carlos
Bacca, UEFA Europe League champion with Sevilla and Porto's star
Jackson Martinez. The creativity of James Rodriguez and the
experience of Mario Yepes, captain and team's leader, also stand
out for Colombia.</para><headline>Coach:</headline><para> Jose Pekerman
</para><headline>Best performances in a FIFA competition:</headline><para> FIFA U-20 World Cup UAE 2003 (Third place), FIFA
World Cup Italy 1990 (Round of 16)</para><headline>Former
stars:</headline><para> Rene Higuita, Carlos Valderrama, Faustino
Asprilla</para></teamDetailInfo><matchesPlayed>5</matchesPlayed><goalsScored>12</goalsScored><attemptsOnTarget>38</attemptsOnTarget><distanceCovered>516.6 km</distanceCovered><statsGoalScoring><goalsScored>12</goalsScored><minutesPerGoal>38</minutesPerGoal><attemptsPerGoal>4.8</attemptsPerGoal><Open_Play_Goals xmlns:wmd="http://wmdemo.ml.com/data">9</Open_Play_Goals><Set_Piece_Goals xmlns:wmd="http://wmdemo.ml.com/data">3</Set_Piece_Goals></statsGoalScoring><attacking><attempts>57</attempts><dribbleIntoPenaltyArea title="Dribble into penalty area">11</dribbleIntoPenaltyArea><deliveriesInPenaltyArea title="3">3</deliveriesInPenaltyArea><crosses title="Crosses">65</crosses><crossesCompleted title="Crosses Completed">19</crossesCompleted><offsides title="Offsides">10</offsides><Attempts_Off-Target xmlns:wmd="http://wmdemo.ml.com/data">19</Attempts_Off-Target><Shots_blocked xmlns:wmd="http://wmdemo.ml.com/data">16</Shots_blocked><Goals_scored xmlns:wmd="http://wmdemo.ml.com/data">12</Goals_scored><Shots_saved xmlns:wmd="http://wmdemo.ml.com/data">10</Shots_saved><Tournament_average xmlns:wmd="http://wmdemo.ml.com/data">48.5</Tournament_average></attacking><defending><defendingActions>127</defendingActions><saves title="Saves">22</saves><attemptedClearences title="Attempted Clearances">56</attemptedClearences><completedClearences title="47">47</completedClearences><recoveredBalls title="Recovered Balls">180</recoveredBalls><tackles title="Tackles">85</tackles><tacklesWon title="Tackles won">22</tacklesWon><tacklesLost title="Tackles lost">63</tacklesLost><tacklesGiven title="Offsides given">6</tacklesGiven><Tackles xmlns:wmd="http://wmdemo.ml.com/data">85</Tackles><Saves xmlns:wmd="http://wmdemo.ml.com/data">22</Saves><Blocks xmlns:wmd="http://wmdemo.ml.com/data">20</Blocks></defending><passing><passes>1477</passes><crosses title="Crosses">65</crosses><throwins title="Throw-ins">159</throwins><Short_Passes_complete xmlns:wmd="http://wmdemo.ml.com/data">407</Short_Passes_complete><Medium_Passes_complete xmlns:wmd="http://wmdemo.ml.com/data">902</Medium_Passes_complete><Long_Passes_complete xmlns:wmd="http://wmdemo.ml.com/data">168</Long_Passes_complete><Tournament_average xmlns:wmd="http://wmdemo.ml.com/data">1406</Tournament_average></passing></teamInfo>