<?xml version="1.0" encoding="UTF-8"?><teamInfo xmlns="http://wmdemo.ml.com/data"><teamId>43930</teamId><teamName>Uruguay</teamName><teamDetailInfo xmlns="http://www.w3.org/1999/xhtml"><headline>How they qualified</headline><para>
Buoyed by their fourth place finish at South Africa 2010 and their
Copa America triumph a year later, La Celeste went into the South
American qualifying competition for Brazil 2014 as firm favourites
to progress. Their plans went awry in 2012, however, when they
collected just two points out of a possible 18. The Uruguayans
recovered their poise just in time, eventually edging into fifth
and booking a place in the intercontinental play-offs for the
fourth time in a row. Waiting for them there were Jordan, who were
no match for Uruguay in the first leg in Amman, which ended in a
5-0 win for the visitors. Defending that lead comfortably in a
goalless draw back in Montevideo, the Uruguayans made sure of their
berth in Brazil.</para><headline>FIFA World Cup finals
history</headline><para>Prior to the 1970s, when
they began a lengthy period in the doldrums, Uruguay were widely
regarded as one of the giants of world football. That status was
founded on their two FIFA World Cup™ wins, the first of them coming
at home in 1930 and the second in Brazil 20 years later, when they
stunned the host nation with a shock 2-1 win at the Maracana, an
epoch-defining game that will forever be known as El
Maracanazo. Their run to the semi-finals at Mexico 1970 would
be their last flourish for some considerable time, however.In the years that followed the Uruguayans appeared only
infrequently in the global showpiece. After failing to qualify for
USA 1994 and France 1998, La Celeste made their return at
Korea/Japan 2002 only to go out in the group phase and then lose
out to Australia in the play-off for a place at Germany 2006.Another play-off followed in the qualifiers for South Africa
2010, this time against Costa Rica and this time safely negotiated.
In what was their 11th world finals, the Uruguayans brought back
memories of yesteryear by surging to fourth place, with the
inspirational Diego Forlan making off with the adidas Golden Ball
as the tournament’s outstanding player.</para><headline>The key players</headline><para>
Strikers Luis Suarez and Edinson Cavani have become the standard
bearers for Uruguayan football and the national team over the last
couple of years. The Liverpool man ended the South American
preliminaries as the leading scorer with 11 goals, and was the
second most-used player by coach Oscar Tabarez. The deadly duo have
plenty of ballast behind them, with the vastly experienced Diego
Lugano directing rearguard operations with aplomb, and Fernando
Muslera providing a safe pair of hands between the posts. Even so,
after an often-troubled qualifying campaign El Maestro
Tabarez will no doubt be looking to shuffle his pack and build up
some momentum ahead of Brazil 2014.</para><headline>Current coach:</headline><para> Oscar Washington
Tabarez
</para><headline>Best performance in a FIFA competition:</headline><para>
FIFA World Cup Uruguay 1930 and Brazil 1950 (winners), Men’s
Olympic Football Tournament Paris 1924, Amsterdam 1928 (winners),
FIFA U-20 World Cup Malaysia 1997 (runners-up), FIFA Beach Soccer
World Cup Rio de Janeiro 2006 (runners-up), FIFA U-17 World Cup
Mexico 2011 (runners-up)
</para><headline>Former stars:</headline><para> Hector Scarone, Angel
Romano, Obdulio Varela, Roque Maspoli, Alcides Ghiggia, Ladislao
Mazurkiewicz, Pedro Rocha, Rodolfo Rodriguez, Hugo De Leon, Carlos
Alberto Aguilera, Ruben Sosa, Enzo Francescoli, Alvaro Recoba</para></teamDetailInfo><matchesPlayed>4</matchesPlayed><goalsScored>4</goalsScored><attemptsOnTarget>29</attemptsOnTarget><distanceCovered>419.5 km</distanceCovered><statsGoalScoring><goalsScored>4</goalsScored><minutesPerGoal>90</minutesPerGoal><attemptsPerGoal>12.3</attemptsPerGoal><Open_Play_Goals xmlns:wmd="http://wmdemo.ml.com/data">2</Open_Play_Goals><Set_Piece_Goals xmlns:wmd="http://wmdemo.ml.com/data">2</Set_Piece_Goals></statsGoalScoring><attacking><attempts>48</attempts><dribbleIntoPenaltyArea title="Dribble into penalty area">5</dribbleIntoPenaltyArea><deliveriesInPenaltyArea title="3">3</deliveriesInPenaltyArea><crosses title="Crosses">76</crosses><crossesCompleted title="Crosses Completed">16</crossesCompleted><offsides title="Offsides">11</offsides><Attempts_Off-Target xmlns:wmd="http://wmdemo.ml.com/data">20</Attempts_Off-Target><Shots_saved xmlns:wmd="http://wmdemo.ml.com/data">13</Shots_saved><Shots_blocked xmlns:wmd="http://wmdemo.ml.com/data">11</Shots_blocked><Goals_scored xmlns:wmd="http://wmdemo.ml.com/data">4</Goals_scored><Tournament_average xmlns:wmd="http://wmdemo.ml.com/data">49.1</Tournament_average></attacking><defending><defendingActions>103</defendingActions><saves title="Saves">10</saves><attemptedClearences title="Attempted Clearances">58</attemptedClearences><completedClearences title="47">47</completedClearences><recoveredBalls title="Recovered Balls">162</recoveredBalls><tackles title="Tackles">84</tackles><tacklesWon title="Tackles won">12</tacklesWon><tacklesLost title="Tackles lost">46</tacklesLost><tacklesGiven title="Offsides given">7</tacklesGiven><Tackles xmlns:wmd="http://wmdemo.ml.com/data">84</Tackles><Saves xmlns:wmd="http://wmdemo.ml.com/data">10</Saves><Blocks xmlns:wmd="http://wmdemo.ml.com/data">9</Blocks></defending><passing><passes>1224</passes><crosses title="Crosses">76</crosses><throwins title="Throw-ins">143</throwins><Short_Passes_complete xmlns:wmd="http://wmdemo.ml.com/data">288</Short_Passes_complete><Medium_Passes_complete xmlns:wmd="http://wmdemo.ml.com/data">789</Medium_Passes_complete><Long_Passes_complete xmlns:wmd="http://wmdemo.ml.com/data">147</Long_Passes_complete><Tournament_average xmlns:wmd="http://wmdemo.ml.com/data">1427</Tournament_average></passing></teamInfo>