<?xml version="1.0" encoding="UTF-8"?><teamInfo xmlns="http://wmdemo.ml.com/data"><teamId>43938</teamId><teamName>Croatia</teamName><teamDetailInfo xmlns="http://www.w3.org/1999/xhtml"><headline>How they qualified</headline><para>Croatia put their fans
through the emotional mill in their qualification campaign. The
Balkan team looked to be cruising after winning five and drawing
one of their first six games, but they then took just one point
from the next 12 available, losing at home to Scotland (1-0) and
Belgium (2-1). Their good start eventually laid the foundation for
a second-place finish, two points ahead of Serbia but nine adrift
of runaway leaders Belgium.A day after the final group game, Igor Stimac resigned from his
post as head coach, with former Bundesliga player and Croatian
international Niko Kovac – up until then in charge of the U-21 team
– replacing him. Assisted by his brother Robert, Niko successfully
led Croatia through their play-off against Iceland, but they were
pushed all the way. Despite having a man advantage for long spells,
the first leg ended goalless, before Croatia prevailed 2-0 in the
return fixture. Mario Mandzukic grabbed the opener with Darijo
Srna’s decisive effort giving supporters the cue to celebrate,
although a red card shown to Mandzukic – one that means he will
likely miss Croatia’s tournament opener – may dampen the mood
somewhat by the time the tournament rolls around. </para><headline>FIFA World Cup history</headline><para>
The Croats arrived for their maiden shot at the FIFA World Cup™ in
1998 as virtual unknowns, but were to prove one of the surprises of
the tournament. They finished second in their group behind
Argentina after losing 1-0 to the South Americans, but beating
Jamaica 3-1 and Japan 1-0. A 1-0 win over Romania saw them through
to the last eight and a meeting with Germany, where they stunningly
won 3-0 to send the three-time world champions packing. Hosts and
eventual winners France proved too strong in a 2-1 semi-final
defeat, but the new boys crowned a dream debut by beating the
Netherlands 2-1 in the third place play-off. The next two
tournaments proved thoroughly disappointing by comparison, as
Croatia failed to survive the group stage at both Korea/Japan 2002
and Germany 2006.</para><headline>The current crop</headline><para>
Despite their absence from the 2010 finals, Croatia are a match for
anyone on their day. Their goal is to recapture the glory days of
the late 90's golden generation, of which he himself was a member.
With many of the squad playing regularly in the English Premier
League and the German Bundesliga, there is no reason why they
cannot make an impact at Brazil 2014.</para><headline>The key players</headline><para>
Experienced captain Darijo Srna is a born leader, and playmakers
Luka Modric and Ivan Rakitic can always be relied upon for moments
of inspiration. Kovac presides over a wealth of international-class
attacking talent including Eduardo, Ivica Olic, Nikita Jelavic and
Mario Mandzukic.</para><headline>Coach:</headline><para> Niko Kovac
</para><headline>Best performance in a FIFA</headline><para>
</para><headline>competition</headline><para>: 1998 FIFA World Cup France (Third
place)
</para><headline>Former stars:</headline><para> Davor Suker, Zvonimir Boban, Robert
Prosinecki</para></teamDetailInfo><matchesPlayed>3</matchesPlayed><goalsScored>6</goalsScored><attemptsOnTarget>23</attemptsOnTarget><distanceCovered>314.4 km</distanceCovered><statsGoalScoring><goalsScored>6</goalsScored><minutesPerGoal>54</minutesPerGoal><attemptsPerGoal>8.2</attemptsPerGoal><Open_Play_Goals xmlns:wmd="http://wmdemo.ml.com/data">5</Open_Play_Goals><Set_Piece_Goals xmlns:wmd="http://wmdemo.ml.com/data">1</Set_Piece_Goals></statsGoalScoring><attacking><attempts>41</attempts><dribbleIntoPenaltyArea title="Dribble into penalty area">15</dribbleIntoPenaltyArea><deliveriesInPenaltyArea title="2">2</deliveriesInPenaltyArea><crosses title="Crosses">68</crosses><crossesCompleted title="Crosses Completed">19</crossesCompleted><offsides title="Offsides">5</offsides><Attempts_Off-Target xmlns:wmd="http://wmdemo.ml.com/data">18</Attempts_Off-Target><Shots_saved xmlns:wmd="http://wmdemo.ml.com/data">10</Shots_saved><Shots_blocked xmlns:wmd="http://wmdemo.ml.com/data">8</Shots_blocked><Goals_scored xmlns:wmd="http://wmdemo.ml.com/data">5</Goals_scored><Tournament_average xmlns:wmd="http://wmdemo.ml.com/data">28.7</Tournament_average></attacking><defending><defendingActions>77</defendingActions><saves title="Saves">5</saves><attemptedClearences title="Attempted Clearances">35</attemptedClearences><completedClearences title="35">35</completedClearences><recoveredBalls title="Recovered Balls">107</recoveredBalls><tackles title="Tackles">59</tackles><tacklesWon title="Tackles won">16</tacklesWon><tacklesLost title="Tackles lost">32</tacklesLost><tacklesGiven title="Offsides given">2</tacklesGiven><Tackles xmlns:wmd="http://wmdemo.ml.com/data">59</Tackles><Blocks xmlns:wmd="http://wmdemo.ml.com/data">13</Blocks><Saves xmlns:wmd="http://wmdemo.ml.com/data">5</Saves></defending><passing><passes>1021</passes><crosses title="Crosses">68</crosses><throwins title="Throw-ins">110</throwins><Short_Passes_complete xmlns:wmd="http://wmdemo.ml.com/data">237</Short_Passes_complete><Medium_Passes_complete xmlns:wmd="http://wmdemo.ml.com/data">613</Medium_Passes_complete><Long_Passes_complete xmlns:wmd="http://wmdemo.ml.com/data">171</Long_Passes_complete><Tournament_average xmlns:wmd="http://wmdemo.ml.com/data">868</Tournament_average></passing></teamInfo>