<?xml version="1.0" encoding="UTF-8"?><teamInfo xmlns="http://wmdemo.ml.com/data"><teamId>43942</teamId><teamName>England</teamName><teamDetailInfo xmlns="http://www.w3.org/1999/xhtml"><headline>How they qualified </headline><para>
England finished top of European Group H to reach the 2014 FIFA
World Cup™ after securing victory on the final matchday against
Poland, banishing the demons of four decades earlier when a draw
against the same opponents saw the Three Lions miss out on the 1974
tournament. The road to Brazil 2014 was not as smooth as their campaign to
reach South Africa, where they won nine of their ten matches on the
way to the 2010 finals. Even though Roy Hodgson guided his side to
an undefeated campaign, automatic qualification evaded England
until the final match at Wembley. Two draws against closest rivals
Ukraine, as well as stalemates in Warsaw and Podogorica, left
England fans nervous until captain Steven Gerrard put the home
match against Poland beyond doubt with a late goal to double his
side's advantage and seal qualification.</para><headline>FIFA World Cup finals
history </headline><para>England have appeared at 13 editions of
the FIFA World Cup, including seven of the last eight. They were
below-par at South Africa in 2010, narrowly qualifying from their
group with a victory in the final match against Slovenia, before
being outclassed 4-1 by Joachim Low’s Germany at the Round of 16
stage. The Three Lions have been FIFA World Cup winners once, in
1966 when they were hosts, but have since suffered a succession of
early exits. Sir Bobby Robson came closest to matching the
achievements of Sir Alf Ramsey’s ‘Wingless Wonders’, guiding
England to the semi-finals at Italy 1990 only to be knocked out on
penalties by Germany. </para><headline>The key players</headline><para>
Wayne Rooney remains England’s greatest talent and his seven goals
in six World Cup qualifying starts underlined his importance to Roy
Hodgson's side. In midfield, Gerrard and Frank Lampard provide
experience and creativity while young guns Jack Wilshere, Alex
Oxlade-Chamberlain and Ross Barkley highlight the Three Lions'
attacking flair for the future. Danny Welbeck came into his own
during qualification, scoring four goals on the way to the finals,
while Daniel Sturridge's emergence as one of the English Premier
League's top forwards can only bolster Roy Hodgson's attacking
options for Brazil.</para><headline>Coach:</headline><para> Roy Hodgson
</para><headline>Best performance in a FIFA competition:</headline><para> FIFA World
Cup England 1966 (Winners), FIFA World Youth Championship Australia
1993 (Third place)
</para><headline>Former stars:</headline><para> Sir Bobby Charlton, Peter Shilton,
Gary Lineker</para></teamDetailInfo><matchesPlayed>3</matchesPlayed><goalsScored>2</goalsScored><attemptsOnTarget>19</attemptsOnTarget><distanceCovered>319.0 km</distanceCovered><statsGoalScoring><goalsScored>2</goalsScored><minutesPerGoal>135</minutesPerGoal><attemptsPerGoal>19.5</attemptsPerGoal><Open_Play_Goals xmlns:wmd="http://wmdemo.ml.com/data">2</Open_Play_Goals><Set_Piece_Goals xmlns:wmd="http://wmdemo.ml.com/data">0</Set_Piece_Goals></statsGoalScoring><attacking><attempts>39</attempts><dribbleIntoPenaltyArea title="Dribble into penalty area">10</dribbleIntoPenaltyArea><deliveriesInPenaltyArea title="4">4</deliveriesInPenaltyArea><crosses title="Crosses">70</crosses><crossesCompleted title="Crosses Completed">15</crossesCompleted><offsides title="Offsides">2</offsides><Attempts_Off-Target xmlns:wmd="http://wmdemo.ml.com/data">20</Attempts_Off-Target><Shots_saved xmlns:wmd="http://wmdemo.ml.com/data">10</Shots_saved><Shots_blocked xmlns:wmd="http://wmdemo.ml.com/data">7</Shots_blocked><Goals_scored xmlns:wmd="http://wmdemo.ml.com/data">2</Goals_scored><Tournament_average xmlns:wmd="http://wmdemo.ml.com/data">31.8</Tournament_average></attacking><defending><defendingActions>43</defendingActions><saves title="Saves">6</saves><attemptedClearences title="Attempted Clearances">39</attemptedClearences><completedClearences title="32">32</completedClearences><recoveredBalls title="Recovered Balls">112</recoveredBalls><tackles title="Tackles">33</tackles><tacklesWon title="Tackles won">6</tacklesWon><tacklesLost title="Tackles lost">21</tacklesLost><tacklesGiven title="Offsides given">13</tacklesGiven><Tackles xmlns:wmd="http://wmdemo.ml.com/data">33</Tackles><Saves xmlns:wmd="http://wmdemo.ml.com/data">6</Saves><Blocks xmlns:wmd="http://wmdemo.ml.com/data">4</Blocks></defending><passing><passes>1286</passes><crosses title="Crosses">70</crosses><throwins title="Throw-ins">87</throwins><Short_Passes_complete xmlns:wmd="http://wmdemo.ml.com/data">330</Short_Passes_complete><Medium_Passes_complete xmlns:wmd="http://wmdemo.ml.com/data">796</Medium_Passes_complete><Long_Passes_complete xmlns:wmd="http://wmdemo.ml.com/data">160</Long_Passes_complete><Tournament_average xmlns:wmd="http://wmdemo.ml.com/data">956</Tournament_average></passing></teamInfo>