<?xml version="1.0" encoding="UTF-8"?><teamInfo xmlns="http://wmdemo.ml.com/data"><teamId>43969</teamId><teamName>Spain</teamName><teamDetailInfo xmlns="http://www.w3.org/1999/xhtml"><headline>How they qualified</headline><para>Spain will head to
Brazil as defending champions. Remaining loyal to the style and
players that have allowed them to dominate the global and European
scenes over the last five years, La Roja won the only
qualification pool (aside from the South American group) to contain
two world champions. In what was the smallest section in Europe
with only five teams, the Spanish led the way from France thanks to
a record of six wins and two draws, conceded to the French and
Finland. In topping the group they let in a mere three goals, fewer
than any other side in the European preliminaries. At the other end
of the pitch, however, Spain enjoyed one of their less prolific
campaigns, scoring only 14 times.</para><headline>FIFA World Cup finals history</headline><para>
Prior to lifting the coveted Trophy in South Africa, so frequent
were their exits at the last eight of the finals that Spain were
said to be suffering from a ‘quarter-final jinx’. Brazil 2014 will
be La Selección's tenth consecutive world finals
appearance, and 14th in all, with their best performance before
last year’s success coming at Brazil 1950. Having topped their
first-round section, Spain went straight into the decisive
four-team final group stage – where they finished fourth behind
Uruguay, Brazil and Sweden.</para><headline>The key players</headline><para>Though there is no doubt
that Spain’s embarrassment of midfield riches, featuring the likes
of Xavi, Andres Iniesta and Xabi Alonso, has been integral to their
major trophy triumphs, La Selección are strong
across the board.The men in red have a phalanx of very reliable keepers to call
on, headed by Iker Casillas, while Sergio Ramos and Gerard Pique
have consolidated their positions as the leaders of a defence in
which left-back Jordi Alba has gone from strength to strength.
Ramos and Alba are also a threat in the opposing box, and in recent
times have made goalscoring contributions that have been almost as
decisive as those of the front men.With both David Villa and Fernando Torres struggling to find
their touch, a new star has arisen. After his amazing season with
Atletico Madrid, the Brazilian-born Diego Costa is now the new hope
in attack for La Roja. </para><headline>Coach: </headline><para>Vicente del Bosque
</para><headline>Best performances in a FIFA competition:</headline><para> FIFA
World Cup South Africa 2010 (Winners), FIFA U-20 World Cup Nigeria
1999 (Winners), Men’s Olympic Football Tournament Barcelona 1992
(Winners)
</para><headline>Former stars:</headline><para> Luis Suarez, Emilio Butragueno,
Fernando Hierro</para></teamDetailInfo><matchesPlayed>3</matchesPlayed><goalsScored>4</goalsScored><attemptsOnTarget>23</attemptsOnTarget><distanceCovered>325.5 km</distanceCovered><statsGoalScoring><goalsScored>4</goalsScored><minutesPerGoal>68</minutesPerGoal><attemptsPerGoal>8.8</attemptsPerGoal><Open_Play_Goals xmlns:wmd="http://wmdemo.ml.com/data">3</Open_Play_Goals><Set_Piece_Goals xmlns:wmd="http://wmdemo.ml.com/data">1</Set_Piece_Goals></statsGoalScoring><attacking><attempts>35</attempts><dribbleIntoPenaltyArea title="Dribble into penalty area">11</dribbleIntoPenaltyArea><deliveriesInPenaltyArea title="5">5</deliveriesInPenaltyArea><crosses title="Crosses">45</crosses><crossesCompleted title="Crosses Completed">13</crossesCompleted><offsides title="Offsides">12</offsides><Attempts_Off-Target xmlns:wmd="http://wmdemo.ml.com/data">12</Attempts_Off-Target><Shots_saved xmlns:wmd="http://wmdemo.ml.com/data">10</Shots_saved><Shots_blocked xmlns:wmd="http://wmdemo.ml.com/data">9</Shots_blocked><Goals_scored xmlns:wmd="http://wmdemo.ml.com/data">4</Goals_scored><Tournament_average xmlns:wmd="http://wmdemo.ml.com/data">28.7</Tournament_average></attacking><defending><defendingActions>39</defendingActions><saves title="Saves">7</saves><attemptedClearences title="Attempted Clearances">29</attemptedClearences><completedClearences title="25">25</completedClearences><recoveredBalls title="Recovered Balls">144</recoveredBalls><tackles title="Tackles">31</tackles><tacklesWon title="Tackles won">12</tacklesWon><tacklesLost title="Tackles lost">16</tacklesLost><tacklesGiven title="Offsides given">8</tacklesGiven><Tackles xmlns:wmd="http://wmdemo.ml.com/data">31</Tackles><Saves xmlns:wmd="http://wmdemo.ml.com/data">7</Saves><Blocks xmlns:wmd="http://wmdemo.ml.com/data">1</Blocks></defending><passing><passes>1703</passes><crosses title="Crosses">45</crosses><throwins title="Throw-ins">93</throwins><Short_Passes_complete xmlns:wmd="http://wmdemo.ml.com/data">594</Short_Passes_complete><Medium_Passes_complete xmlns:wmd="http://wmdemo.ml.com/data">964</Medium_Passes_complete><Long_Passes_complete xmlns:wmd="http://wmdemo.ml.com/data">145</Long_Passes_complete><Tournament_average xmlns:wmd="http://wmdemo.ml.com/data">868</Tournament_average></passing></teamInfo>