<?xml version="1.0" encoding="UTF-8"?><teamInfo xmlns="http://wmdemo.ml.com/data"><teamId>43965</teamId><teamName>Russia</teamName><teamDetailInfo xmlns="http://www.w3.org/1999/xhtml"><headline>How they qualified</headline><para>
Drawn alongside Portugal, Russia were not favourites to win Group F
and earn direct passage to Brazil 2014. Expectations soon shifted
after a perfect start to their campaign, as the Russians kicked off
with wins over Northern Ireland and Israel. Having set the tone,
Fabio Capello’s side then revealed their ambitions by beating the
Portuguese in Moscow courtesy of a solitary Alexander Kerzhakov
goal.A narrow 1-0 defeat of Azerbaijan made it four wins out of four,
at which point the Russians stumbled, losing to Portugal away and
then going down unexpectedly to the Northern Irish in a fixture
that had to be rescheduled due to bad weather. With the Portuguese
breathing down their necks, Capello’s charges had no option but to
react, which they did, sandwiching a home win over Israel with two
defeats of Luxembourg. That run that left them needing only a draw
away to the Azeris to book their return to the world finals, a
result they duly secured.</para><headline>FIFA World Cup finals history</headline><para>
Russia reached the quarter-finals at Sweden 1958, Chile 1962 and
Mexico 1970. In the former two tournaments, they were eliminated by
the hosts, while Uruguay were accountable for their exit after
extra time in Mexico City. The Eastern Europeans went one better at
England 1966, when, inspired by goalkeeper Lev Yashin and forward
Igor Chislenko, they topped their group and edged a formidable
Hungary, before losing 2-1 to both West Germany in the semis and
Portugal in the play-off for third place.First-phase elimination befell the Russians in the last two
appearances at the FIFA World Cup, at USA 1994 and Korea/Japan
2002, though they made their mark in the States with a crushing 6-1
defeat of Cameroon, a match in which Oleg Salenko scored five goals
en route to ending the tournament as joint leading marksman. Russia
then failed to reach Germany 2006 and South Africa 2010, the second
of those campaigns ending in frustration in the play-offs, where
they were beaten by Slovenia.</para><headline>The key
players</headline><para>
This latest Russian side is built on solid defensive foundations.
Goalkeeper Igor Akinfeev did not miss a single minute of the
qualifying competition and conceded just five goals during the
course of it, while Sergey Ignashevich marshalled the defence with
aplomb. Yet Fabio Capello’s most prized assets can be found in what
is a technically gifted and astute midfield unit, where Victor
Fayzulin had a successful qualifying campaign. Captain Roman
Shirokov will miss the tournament due to a knee ligament
injury.Perhaps not
surprisingly, the team’s top scorer was Kerzhakov. Though not
always a starter, the Zenit striker helped himself to five goals
during the campaign, the most important of them being that winner
against the Portuguese. A lethal finisher, the former Sevilla man
could wreak havoc in Brazil.

</para><headline>Current coach:</headline><para> Fabio Capello
</para><headline>Best performance in a FIFA competition:</headline><para> FIFA World
Cup England 1966 (Fourth place)
</para><headline>Former stars:</headline><para> Yashin, Eduard Streltsov, Oleg
Blokhin</para></teamDetailInfo><matchesPlayed>3</matchesPlayed><goalsScored>2</goalsScored><attemptsOnTarget>23</attemptsOnTarget><distanceCovered>347.5 km</distanceCovered><statsGoalScoring><goalsScored>2</goalsScored><minutesPerGoal>135</minutesPerGoal><attemptsPerGoal>19.5</attemptsPerGoal><Open_Play_Goals xmlns:wmd="http://wmdemo.ml.com/data">2</Open_Play_Goals><Set_Piece_Goals xmlns:wmd="http://wmdemo.ml.com/data">0</Set_Piece_Goals></statsGoalScoring><attacking><attempts>39</attempts><dribbleIntoPenaltyArea title="Dribble into penalty area">4</dribbleIntoPenaltyArea><deliveriesInPenaltyArea title="2">2</deliveriesInPenaltyArea><crosses title="Crosses">74</crosses><crossesCompleted title="Crosses Completed">15</crossesCompleted><offsides title="Offsides">3</offsides><Attempts_Off-Target xmlns:wmd="http://wmdemo.ml.com/data">16</Attempts_Off-Target><Shots_saved xmlns:wmd="http://wmdemo.ml.com/data">11</Shots_saved><Shots_blocked xmlns:wmd="http://wmdemo.ml.com/data">10</Shots_blocked><Goals_scored xmlns:wmd="http://wmdemo.ml.com/data">2</Goals_scored><Tournament_average xmlns:wmd="http://wmdemo.ml.com/data">38.5</Tournament_average></attacking><defending><defendingActions>49</defendingActions><saves title="Saves">10</saves><attemptedClearences title="Attempted Clearances">32</attemptedClearences><completedClearences title="29">29</completedClearences><recoveredBalls title="Recovered Balls">131</recoveredBalls><tackles title="Tackles">33</tackles><tacklesWon title="Tackles won">6</tacklesWon><tacklesLost title="Tackles lost">27</tacklesLost><tacklesGiven title="Offsides given">9</tacklesGiven><Tackles xmlns:wmd="http://wmdemo.ml.com/data">33</Tackles><Saves xmlns:wmd="http://wmdemo.ml.com/data">10</Saves><Blocks xmlns:wmd="http://wmdemo.ml.com/data">6</Blocks></defending><passing><passes>1177</passes><crosses title="Crosses">74</crosses><throwins title="Throw-ins">100</throwins><Short_Passes_complete xmlns:wmd="http://wmdemo.ml.com/data">309</Short_Passes_complete><Medium_Passes_complete xmlns:wmd="http://wmdemo.ml.com/data">754</Medium_Passes_complete><Long_Passes_complete xmlns:wmd="http://wmdemo.ml.com/data">114</Long_Passes_complete><Tournament_average xmlns:wmd="http://wmdemo.ml.com/data">1153</Tournament_average></passing></teamInfo>