<?xml version="1.0" encoding="UTF-8"?><teamInfo xmlns="http://wmdemo.ml.com/data"><teamId>43963</teamId><teamName>Portugal</teamName><teamDetailInfo xmlns="http://www.w3.org/1999/xhtml"><headline>How they qualified</headline><para>
For the second time in succession Portugal had to go through the
play-offs in order to advance to the world finals. Reprising their
aggregate defeat of Bosnia and Herzegovina on the road to South
Africa 2010, the Portuguese saw off Sweden 4-2 over two legs to
book their place at Brazil 2014. Their hero of the hour was none
other than Cristiano Ronaldo, who scored all four of their goals
against the Swedes to round off a qualifying tournament full of ups
and downs for Paulo Bento’s side.They began their bid to reach their sixth FIFA World Cup as the
favourites to win Group F, having made the semi-finals of UEFA EURO
2012, where they lost on penalties to Spain. And though they held
their own against Russia, losing in Moscow but winning the return
fixture in Lisbon, the Portuguese had to settle for second place in
the section after surprise draws at home to Northern Ireland and
home and away to Israel. That left them with no option but to take
the play-off route again, but in a duel that pitted together two of
the world’s best players, Ronaldo got the better of Zlatan
Ibrahimovic, the scorer of his side’s two goals, to guide the
Portuguese safely to Brazil.

</para><headline>FIFA World Cup finals history</headline><para> It was not
until England 1966 that the Portuguese made their world finals
debut, yet as entrances go it could hardly have been more
impressive. Spearheaded by the irrepressible Eusebio, Portugal’s
golden generation knocked out Brazil en route to the semi-finals,
where they came up just short against the host nation. Consolation
came in the shape of victory over the Soviet Union in the match for
third place. The Portuguese do not have happy memories of their
next appearance on the big stage, however, which came at Mexico
1986. Despite opening up with a win over England, they went out in
the group phase after defeats to Poland and Morocco.Absent from Italy 1990, USA 1994 and France 1998, the Portuguese
contested their third World Cup at Korea/Japan 2002, where they
once again fell at the first hurdle. A very different story would
follow at Germany 2006. Coached on that occasion by Luiz Felipe
Scolari, the man who had taken Brazil to the world title four years
earlier, Portugal made it all the way to last four before being
knocked out by a Zinedine Zidane penalty, with Scolari’s side then
going on to lose the match for third place against hosts Germany.
In South Africa four years later Portugal’s dream ended in the
Round of 16, when they were edged out 1-0 be eventual champions
Spain.</para><headline>The key players</headline><para> As he showed in the
play-off against Sweden, Cristiano Ronaldo is still very much
Portugal’s go-to man, though the peerless Real Madrid star is
supported is by a very able cast. The central-defensive pairing of
Pepe and Bruno Alves is the cornerstone of a very solid rearguard
that also features flying full-backs Joao Pereira and Fabio
Coentrao. Joao Moutinho is the heartbeat of a creative midfield
unit, while Nani can also be relied upon to shine alongside
Ronaldo.

</para><headline>Current coach:</headline><para> Paulo Bento
</para><headline>Best performances in a FIFA competition:</headline><para> 1966 FIFA
World Cup England (third place), FIFA U-20 World Cup Saudi Arabia
1989 and Portugal 1991 (winners), FIFA U-20 World Cup Colombia 2011
(runners-up), FIFA U-17 World Cup Scotland 1989 (third
place).
</para><headline>Former stars:</headline><para> Eusebio, Coluna, Simoes, Jose
Augusto, Torres, Jaime Graca, Rui Costa and Luis Figo. </para></teamDetailInfo><matchesPlayed>3</matchesPlayed><goalsScored>4</goalsScored><attemptsOnTarget>28</attemptsOnTarget><distanceCovered>323.1 km</distanceCovered><statsGoalScoring><goalsScored>4</goalsScored><minutesPerGoal>68</minutesPerGoal><attemptsPerGoal>13.3</attemptsPerGoal><Open_Play_Goals xmlns:wmd="http://wmdemo.ml.com/data">4</Open_Play_Goals><Set_Piece_Goals xmlns:wmd="http://wmdemo.ml.com/data">0</Set_Piece_Goals></statsGoalScoring><attacking><attempts>53</attempts><dribbleIntoPenaltyArea title="Dribble into penalty area">6</dribbleIntoPenaltyArea><deliveriesInPenaltyArea title="1">1</deliveriesInPenaltyArea><crosses title="Crosses">68</crosses><crossesCompleted title="Crosses Completed">13</crossesCompleted><offsides title="Offsides">5</offsides><Attempts_Off-Target xmlns:wmd="http://wmdemo.ml.com/data">25</Attempts_Off-Target><Shots_saved xmlns:wmd="http://wmdemo.ml.com/data">14</Shots_saved><Shots_blocked xmlns:wmd="http://wmdemo.ml.com/data">11</Shots_blocked><Goals_scored xmlns:wmd="http://wmdemo.ml.com/data">3</Goals_scored><Tournament_average xmlns:wmd="http://wmdemo.ml.com/data">36.8</Tournament_average></attacking><defending><defendingActions>52</defendingActions><saves title="Saves">7</saves><attemptedClearences title="Attempted Clearances">21</attemptedClearences><completedClearences title="14">14</completedClearences><recoveredBalls title="Recovered Balls">130</recoveredBalls><tackles title="Tackles">35</tackles><tacklesWon title="Tackles won">10</tacklesWon><tacklesLost title="Tackles lost">25</tacklesLost><tacklesGiven title="Offsides given">7</tacklesGiven><Tackles xmlns:wmd="http://wmdemo.ml.com/data">35</Tackles><Blocks xmlns:wmd="http://wmdemo.ml.com/data">10</Blocks><Saves xmlns:wmd="http://wmdemo.ml.com/data">7</Saves></defending><passing><passes>1297</passes><crosses title="Crosses">68</crosses><throwins title="Throw-ins">90</throwins><Short_Passes_complete xmlns:wmd="http://wmdemo.ml.com/data">315</Short_Passes_complete><Medium_Passes_complete xmlns:wmd="http://wmdemo.ml.com/data">839</Medium_Passes_complete><Long_Passes_complete xmlns:wmd="http://wmdemo.ml.com/data">143</Long_Passes_complete><Tournament_average xmlns:wmd="http://wmdemo.ml.com/data">1109</Tournament_average></passing></teamInfo>