<?xml version="1.0" encoding="UTF-8"?><teamInfo xmlns="http://wmdemo.ml.com/data"><teamId>43971</teamId><teamName>Switzerland</teamName><teamDetailInfo xmlns="http://www.w3.org/1999/xhtml"><headline>How they qualified</headline><para>
Switzerland secured their place at the 2014 FIFA World Cup Brazil™
on the penultimate qualifying matchday. However, it was far from
plain sailing for Die Eidgenossen, who faced several setbacks along
the way.Coach Ottmar Hitzfeld’s ensemble raced to the group summit
following opening victories over Slovenia and Albania, but dropped
points for the first time in their next qualifying games.
Hitzfeld's charges recorded a 1-1 draw with Norway and a 2-0
victory over Iceland before chalking up a draw and a win against
Cyprus.Nerves got the better of Switzerland in their next game against
Iceland, when they ended up drawing 4-4 after leading 4-1. There
were no further slip-ups in their final outings though, with a 2-0
triumph over Norway all but ensuring their qualification for a
third consecutive World Cup, before a 2-1 win over Albania sealed
Switzerland’s Brazil 2014 ticket with a game to spare.</para><headline>FIFA World Cup finals history</headline><para>
Switzerland have contested the FIFA World Cup finals nine times to
date (1934, 1938, 1950, 1954, 1962, 1966, 1994, 2006 and 2010),
reaching the last eight on three occasions. However, their most
recent appearance at the quarter-final stage came almost 50 years
ago, at the 1954 finals on home soil.Since then, the Swiss have twice made the last sixteen (1994 and
2006), but failed to survive the group stage three times. Their
group campaign in 2010 was a bittersweet affair: they handed
eventual world champions Spain a 1-0 defeat in their opening
fixture, but ultimately packed for home after just three games.</para><headline>The key players</headline><para>
There is undoubted quality throughout the side, starting with
keeper Diego Benaglio, a German championship winner in 2009 with
VfL Wolfsburg. The combination of experienced players such as
Tranquillo Barnetta, Gokhan Inler and Philippe Senderos, with
highly-talented youngsters Xherdan Shaqiri, Fabian Schar, Granit
Xhaka and Valentin Stocker, has borne fruit and the side are more
than capable of making their mark at Brazil 2014.</para><headline>Coach:</headline><para> Ottmar Hitzfeld
</para><headline>Best performances in a FIFA competition:</headline><para> FIFA U-17
World Cup Nigeria 2009 (Winners), FIFA Beach Soccer World Cup Dubai
2009 (Runners-up), FIFA World Cup Italy 1934, France 1938,
Switzerland 1954 (Quarter-finals)
</para><headline>Former stars:</headline><para> Alexander Frei, Stephane Chapuisat,
Johann Vogel, Hakan Yakin</para></teamDetailInfo><matchesPlayed>4</matchesPlayed><goalsScored>7</goalsScored><attemptsOnTarget>40</attemptsOnTarget><distanceCovered>472.9 km</distanceCovered><statsGoalScoring><goalsScored>7</goalsScored><minutesPerGoal>56</minutesPerGoal><attemptsPerGoal>9.3</attemptsPerGoal><Open_Play_Goals xmlns:wmd="http://wmdemo.ml.com/data">5</Open_Play_Goals><Set_Piece_Goals xmlns:wmd="http://wmdemo.ml.com/data">2</Set_Piece_Goals></statsGoalScoring><attacking><attempts>65</attempts><dribbleIntoPenaltyArea title="Dribble into penalty area">8</dribbleIntoPenaltyArea><deliveriesInPenaltyArea title="5">5</deliveriesInPenaltyArea><crosses title="Crosses">59</crosses><crossesCompleted title="Crosses Completed">14</crossesCompleted><offsides title="Offsides">5</offsides><Attempts_Off-Target xmlns:wmd="http://wmdemo.ml.com/data">25</Attempts_Off-Target><Shots_saved xmlns:wmd="http://wmdemo.ml.com/data">19</Shots_saved><Shots_blocked xmlns:wmd="http://wmdemo.ml.com/data">14</Shots_blocked><Goals_scored xmlns:wmd="http://wmdemo.ml.com/data">7</Goals_scored><Tournament_average xmlns:wmd="http://wmdemo.ml.com/data">47.1</Tournament_average></attacking><defending><defendingActions>120</defendingActions><saves title="Saves">22</saves><attemptedClearences title="Attempted Clearances">82</attemptedClearences><completedClearences title="60">60</completedClearences><recoveredBalls title="Recovered Balls">179</recoveredBalls><tackles title="Tackles">77</tackles><tacklesWon title="Tackles won">28</tacklesWon><tacklesLost title="Tackles lost">43</tacklesLost><tacklesGiven title="Offsides given">6</tacklesGiven><Tackles xmlns:wmd="http://wmdemo.ml.com/data">77</Tackles><Saves xmlns:wmd="http://wmdemo.ml.com/data">22</Saves><Blocks xmlns:wmd="http://wmdemo.ml.com/data">21</Blocks></defending><passing><passes>1554</passes><crosses title="Crosses">59</crosses><throwins title="Throw-ins">125</throwins><Short_Passes_complete xmlns:wmd="http://wmdemo.ml.com/data">456</Short_Passes_complete><Medium_Passes_complete xmlns:wmd="http://wmdemo.ml.com/data">976</Medium_Passes_complete><Long_Passes_complete xmlns:wmd="http://wmdemo.ml.com/data">122</Long_Passes_complete><Tournament_average xmlns:wmd="http://wmdemo.ml.com/data">1366</Tournament_average></passing></teamInfo>