{"matchInfo":{"matchId":"300186494", "matchNum":"Match 9", "matchDate":"2014-06-15", "matchDateTitle":"Sunday 15 June", "matchLink":"http://www.fifa.com/worldcup/matches/round=255931/match=300186494/index.html#nosticky", "matchReportLink":"http://www.fifa.com/worldcup/matches/round=255931/match=300186494/match-report.html", "matchReport":["Switzerland secured a dramatic 2-1 victory over Ecuador in\nthe latest turnaround of the 2014 FIFA World Cup Brazil™, with\nHaris Seferovic scoring in stoppage-time after Enner Valencia and\nAdmir Mehmedi looked to have secured a point for both sides.", "It was a cagey start from the Group E sides, but the Swiss began\nthe brighter with quick feet from Xherdan Shaqiri allowing him the\nspace to test Alexander Dominguez. Ottmar Hitzfeld's side were made\nto pay for sloppy defending soon after, though. Stephan\nLichtsteiner felled Jefferson Montero on the left flank. From\nWalter Ayovi's resulting free-kick, Enner Valencia lost Johann\nDjourou to head home unmarked from four yards.", "The pattern of play returned to Swiss dominance – with action\npredominantly around the Ecuadorian third – but Reinaldo Reuda's\nteam hinted at their continuing threat on the break. Ecuador earned\ntheir place in Brazil with the highest percentage of headed goals\nfrom all 32 sides, but it was Valon Behrami to force Dominguez into\naction from the air next, meeting Shaqiri's corner well. Despite\nconsistent pressure, and countless crosses, the central Europeans\ncould not find an equaliser – with Felipe Caicedo almost breaking\nthough their backline to make them pay for their profligacy right\non half-time.", "Hitzfeld decided they needed a change, with Valentin Stocker\nmaking way for Mehmedi – paying instant dividends. Finally a ball\ninto the box paid off, with Ricardo Rodriguez's corner being met by\nthe Freiburg youngster, nodding in ahead of Carlos Gruezo from\nclose range. Both goals did not reflect well on either 'keeper's\ndesire to command their areas.", "Enner Valencia was looking a threat with the ball on the deck as\nwell as in the air, firing narrowly over from the edge of the area,\nbefore Diego Benaglio forced Montero's near-post effort behind with\nhis feet. Josip Drmic thought he had put Switzerland ahead, but he\nwas flagged offside before slotting past Dominguez, then Shaqiri\nfired into the side-netting moments later.", "With the game getting stretched, Benaglio charged from his goal\nto meet Gruezo, but needed Steve Von Bergen to tidy up with the net\ngaping. The game ended at a frenetic pace and with seconds to go\nSeferovic struck. A superb tackle in his own area from Valon\nBehrami began a late charge before finding Rodriguez on the left,\nwho crossed for the late substitute to fire dramatically into the\nroof of the net."], "matchGroup":"Group E", "matchStadium":"Estadio Nacional", "matchVenue":"Brasilia", "matchImageUrl":"http://img.fifa.com/mm/photo/tournament/competition/02/37/25/60/2372560_full-lnd.jpg", "matchScore":"2-1", "totalGoals":3, "matchType":"Normal", "teamHome":{"teamHomeId":"43971", "teamHomeName":"Switzerland", "teamHomeFlagUrl":"http://img.fifa.com/images/flags/4/sui.png", "teamHomeShortname":"SUI", "teamHomeScore":2}, "teamAway":{"teamAwayId":"43927", "teamAwayName":"Ecuador", "teamAwayFlagUrl":"http://img.fifa.com/images/flags/4/ecu.png", "teamAwayShortname":"ECU", "teamAwayScore":1}, "matchResultInfo":{"matchScore":"2-1", "matchFinalScore":"2-1", "matchWinner":"Switzerland", "matchWinnerShort":"SUI", "matchLooser":"Ecuador", "matchLooserShort":"ECU"}}}