{"matchInfo":{"matchId":"300186459", "matchNum":"Match 52", "matchDate":"2014-06-29", "matchDateTitle":"Sunday 29 June", "matchLink":"http://www.fifa.com/worldcup/matches/round=255951/match=300186459/index.html#nosticky", "matchReportLink":"http://www.fifa.com/worldcup/matches/round=255951/match=300186459/match-report.html", "matchReport":["Costa Rica made history in Recife by overcoming Greece on\npenalties to reach the FIFA World Cup™ quarter-finals for the\nfirst time. In doing so, they denied their opponents the\nopportunity to set a similar benchmark after 120 minutes ended with\nthe score at 1-1. Outstanding goalkeeper Keylor Navas was the hero\nof the shootout as he saved a crucial spot-kick and allowed Michael\nUmana to book ", " a date with the\nNetherlands. ", "\n", "\nThe game began cautiously in north-east Brazil. The Greeks,\nsurprise qualifiers from the group stage, did their all\nto slow the game down from the start. Perhaps fearful of Costa\nRica’s lightning counter-attacks, the 2004 European champions\nrarely pressed forward in a cagey opening period.", "Local supporters in the Arena Pernambuco, site of Costa Rica’s\nfamous win over Italy in the group stage, whistled the dour Greek\ntactics at every opportunity as they have come to appreciate\n", " in this part of the country. There were\nhalf-chances for both sides over the course of the first half, but\nneither Joel Campbell nor Georgios Samaras were able to make much\nof them.", "\n", "\nThe best chance of the period fell, almost predictably, to Greece\non a sneaky break. A clever early cross from the left picked out\nDimitrios Salpingidis at the far post, but the PAOK striker was\ndenied by the sprawling Navas, who made a miraculous save from one\nof few shots on target.", "\n", "\nSamaras had another header saved shortly after the break. The\nGreeks were beginning to look dangerous from set-pieces, but it was\na false dawn as Costa Rica thrilled their adoptive fans with a goal\nof stunning quality. Christian Bolanos picked out captain and\nclassy creator Bryan Ruiz unmarked on the edge of the box, and\nhe side-footed into the bottom corner.", "\n", "\nThings suddenly went dark for the Costa Ricans mid-way through the\nsecond-half. Defensive lynchpin Oscar Duarte was shown his second\nyellow card in the 66th minute for a rash challenge on Jose\nCholevas and was promptly given his marching orders. Just when it\nseemed ", " would survive playing a man down, Greece\nbroke their hearts. Navas palmed away a shot from close-range with\ntwo minutes to go and Sokratis hammered home the rebound to\nspark wild celebrations in the Greek camp.", "\n", "\nWith an extra man and the extra options it brings, Greece were the\ndominant side in extra-time. But the spirited Costa Ricans\ngave everything to hang on for a shootout. All nine penalty\ntakers scored before Theofanis Gekas stepped up and had his kick\nsaved by Navas. Michael Umana then sealed the win for the Central\nAmericans.", "\n", "\nThey now move on to meet the Netherlands on 5 July in Salvador\nafter the ", " dispatched Costa Rica’s\nCONCACAF rivals Mexico in dramatic circumstances earlier in\nthe day."], "matchGroup":"Round of 16", "matchStadium":"Arena Pernambuco", "matchVenue":"Recife", "matchImageUrl":"http://img.fifa.com/mm/photo/tournament/competition/02/39/01/46/2390146_full-lnd.jpg", "matchScore":"1-1", "totalGoals":2, "matchType":"Penalties", "teamHome":{"teamHomeId":"43901", "teamHomeName":"Costa Rica", "teamHomeFlagUrl":"http://img.fifa.com/images/flags/4/crc.png", "teamHomeShortname":"CRC", "teamHomeScore":1}, "teamAway":{"teamAwayId":"43949", "teamAwayName":"Greece", "teamAwayFlagUrl":"http://img.fifa.com/images/flags/4/gre.png", "teamAwayShortname":"GRE", "teamAwayScore":1}, "matchResultInfo":{"matchScore":"1-1", "matchFinalScore":"5-3", "matchWinner":"Costa Rica", "matchWinnerShort":"CRC", "matchLooser":"Greece", "matchLooserShort":"GRE"}}}