{"matchInfo":{"matchId":"300186505", "matchNum":"Match 12", "matchDate":"2014-06-16", "matchDateTitle":"Monday 16 June", "matchLink":"http://www.fifa.com/worldcup/matches/round=255931/match=300186505/index.html#nosticky", "matchReportLink":"http://www.fifa.com/worldcup/matches/round=255931/match=300186505/match-report.html", "matchReport":["It was only a matter of time before the free-scoring 2014 FIFA\nWorld Cup™ produced its first goalless stalemate, and Iran and\nNigeria provided it, playing out a 0-0 draw in Curitiba at the\nArena da Baixada.", "It was a game of very few clear-cut chances and the result sees\nboth sides collect a point from their Group F opener, good enough\nfor a share of second place.", "\n", "\nNigeria took control early on but failed to turn possession and\nsuperior athleticism into goals. Emmanuel Emenike sent in a teasing\nlow cross for Victor Moses, but the Chelsea striker - who has had\nprecious few chances to shine on loan with Liverpool this term -\nfailed to poke home a sliding effort.", "Jon Obi Mikel orchestrated things in the middle of the park for\nthe Nigerians over the course of the first half, while Carlos\nQueiroz’s Iran managed to produce precious little in the way of\npossession or attack.", "\n", "\nThe African champions suffered a blow midway through the opening\nperiod. Godfrey Oboabona, one of the revelations of Nigeria’s 2013\nCAF Africa Cup of Nations campaign, left the pitch on a stretcher\nafter a heavy collision. He was unable to recover, despite\nextensive treatment on the touchline, and was replaced by veteran\nJoseph Yobo, playing in his third World Cup.", "\n", "\nA goalless opening period gave way to more uninspired football at\nthe start of the second half. Nigeria coach Stephen Keshi waited\nonly eight minutes before trying to shake things up in attack,\nbringing on former Newcastle United striker Shola Ameobi for the\nineffective Moses up front.", "The new man had a chance with 20 minutes to go, but his headed\neffort from close range slipped frustratingly wide of Alireza\nHaghighi’s post. It proved to be the best chance of the game.", "Peter Odemwingie entered the fray in the closing stages, adding\nan injection of pace, but it was a swap that failed to pay concrete\ndividends. The two teams seemed content to settle for a share of\nthe spoils on offer. Nigeria next meet Bosnia and Herzegovina on 21\nJune in Cuiaba while Iran take on rampaging Group F leaders\nArgentina in Belo Horizonte earlier that same day."], "matchGroup":"Group F", "matchStadium":"Arena da Baixada", "matchVenue":"Curitiba", "matchImageUrl":"http://img.fifa.com/mm/photo/tournament/competition/02/37/39/96/2373996_full-lnd.jpg", "matchScore":"0-0", "totalGoals":0, "matchType":"Normal", "teamHome":{"teamHomeId":"43817", "teamHomeName":"Iran", "teamHomeFlagUrl":"http://img.fifa.com/images/flags/4/irn.png", "teamHomeShortname":"IRN", "teamHomeScore":0}, "teamAway":{"teamAwayId":"43876", "teamAwayName":"Nigeria", "teamAwayFlagUrl":"http://img.fifa.com/images/flags/4/nga.png", "teamAwayShortname":"NGA", "teamAwayScore":0}, "matchResultInfo":{"matchScore":"0-0", "matchFinalScore":"0-0", "matchHomeDraw":"Iran", "matchAwayDraw":"Nigeria"}}}