{"matchInfo":{"matchId":"300186496", "matchNum":"Match 10", "matchDate":"2014-06-15", "matchDateTitle":"Sunday 15 June", "matchLink":"http://www.fifa.com/worldcup/matches/round=255931/match=300186496/index.html#nosticky", "matchReportLink":"http://www.fifa.com/worldcup/matches/round=255931/match=300186496/match-report.html", "matchReport":["France have made a perfect start to their Brazil 2014 campaign\nwith a Karim Benzema-inspired 3-0 win over ten-man\nHonduras. The Real Madrid striker scored twice and had a large\nhand in another as ", " moved to the top of Group E\nwith an emphatic victory at Porto Alegre's Estadio Beira-Rio.", "\n", "\nHowever, while the final scoreline may suggest a mismatch, this was\na game that hung in the balance until turning on Wilson Palacios's\n43rd-minute red card. Blaise Matuidi had come closest prior to that\npivotal moment, forcing a superb, instinctive save from Noel\nValladares, who tipped the French midfielder's stabbed shot on to\nthe top of the crossbar.", "But just as Honduras appeared set to return to the dressing\nrooms at half-time having kept a clean sheet, Palacios conceded a\npenalty and was sent packing for a clear barge in the back of Paul\nPogba. Benzema accepted responsibility for the resultant kick and\ndispatched it in fine style, sending Valladares the wrong way with\na powerful shot high to the keeper's right.", "That same duel, between keeper and striker, was to be reprised\nshortly after the restart - and again it ended in agony for the\nformer. This time, Valladares endured the indignity of scoring an\nown goal, spilling the ball over the line in his attempts to gather\na Benzema volley that had rebounded off the inside of the post.", "And while there was an element of revenge when the Honduras\ncaptain denied his nemesis a second goal seven minutes later with a\nsuperb point-blank save, no-one was going to prevent France's No10\nfrom stealing the headlines. With 18 minutes remaining, Benzema\nsecured the win - and pole position in Group E - with the pick of\n", " goals, smashing an unstoppable shot into the\nnet from an acute angle after Mathieu Debuchy's initial effort had\nbeen blocked.", "France will now march on to face neighbours Switzerland, who\nalso began with a win, while Honduras will aim to get off the mark\nagainst the section's other pointless team, Ecuador."], "matchGroup":"Group E", "matchStadium":"Estadio Beira-Rio", "matchVenue":"Porto Alegre", "matchImageUrl":"http://img.fifa.com/mm/photo/tournament/competition/02/37/28/02/2372802_full-lnd.jpg", "matchScore":"3-0", "totalGoals":3, "matchType":"Normal", "teamHome":{"teamHomeId":"43946", "teamHomeName":"France", "teamHomeFlagUrl":"http://img.fifa.com/images/flags/4/fra.png", "teamHomeShortname":"FRA", "teamHomeScore":3}, "teamAway":{"teamAwayId":"43909", "teamAwayName":"Honduras", "teamAwayFlagUrl":"http://img.fifa.com/images/flags/4/hon.png", "teamAwayShortname":"HON", "teamAwayScore":0}, "matchResultInfo":{"matchScore":"3-0", "matchFinalScore":"3-0", "matchWinner":"France", "matchWinnerShort":"FRA", "matchLooser":"Honduras", "matchLooserShort":"HON"}}}