{"matchInfo":{"matchId":"300186457", "matchNum":"Match 37", "matchDate":"2014-06-24", "matchDateTitle":"Tuesday 24 June", "matchLink":"http://www.fifa.com/worldcup/matches/round=255931/match=300186457/index.html#nosticky", "matchReportLink":"http://www.fifa.com/worldcup/matches/round=255931/match=300186457/match-report.html", "matchReport":["Colombia beat Japan 4-1 to storm into the Round of 16 with a\nperfect record and end their opponents' hopes of a late escape from\nelimination. A Jackson Martinez brace, alongside goals from Juan\nCuadrado and James Rodriguez, sealed the triumph, after Shinji\nOkazaki given Alberto Zaccheroni's side hope. There was even time\nfor history to be made as Faryd Mondragon took to the field to\nbecome the oldest player ever to appear at a FIFA World Cup™.", "Roared on by a legion of fans in yellow, who were unencumbered\nby nerves with their progression assured, Colombia began the game\nbrightly, with nine new starters from the previous game out to make\nan impression. Japan created the clearest opening of the early\nexchanges, however, with Makoto Hasebe's raking pass picking out\nYoshito Okubo, who turned Eder Balanta inside out before snatching\nhis shot into a crowd of bodies.", "The period of supremacy that followed for the Samurai Blue was\nfleeting, after Adrian Ramos was toppled by Yasuyuki Konno in the\nJapanese area following Martinez's through-ball. Cuadrado stepped\nup and made no mistake from 12 yards.", "With that early goal, any argument for cautious tactics from\neither side was largely null and void, and it showed. As Japan\nlooked to hash out a reply, neat interplay between Okubo and Shinji\nKagawa saw the Manchester United midfielder create space for\nhimself well, before forcing David Ospina to dive low to his right\nwith a mis-hit shot. Okubo, who was present during the side's first\nmeeting in the FIFA Confederations Cup in 2003, was looking\nconfident, attempting an audacious overhead-kick following Atsuto\nUchida's cross.", "With half-time beckoning, Jose Pekerman's side should have all\nbut ended Japan's hopes. Santiago Aris released Ramos, who, with\nevery right to shoot himself, squared to the unmarked Martinez,\nonly to see the Porto star fluff his lines. And with the last touch\nof the half Japan were level. Honda cut inside from the right wing\nand delivered a delicate cross which found Okazaki, who had got\ngoal-side of Carlos Valdes to head beyond Ospina.", "The introduction of Rodriguez and Carlos Carbonero saw the South\nAmericans emerge with bright intentions, with the former setting a\nfew pulses racing as his shot from 20 yards was deflected narrowly\nwide after a promising run. His whipped free-kick from the left was\nthen put over by the latter, when he arguably should have\nscored.", "Rodriguez's impact only took a few seconds longer to take full\neffect. A bursting run by Arias found the creative wizard on the\nedge of the area and, with a flicked pass from the Monaco man,\nMartinez was able to take aim and fire past Eiji Kawashima.", "Japan remained positive, despite the set-back. First Hasebe\nfound Kagawa, who thumped a shot over the bar, before a move down\nthe right saw Uchida pick out Okubo. The latter,\nhowever, could only produce the same result, denying the\nAsians what would have been a thrilling team goal.", "Konno's effort from distance deflected kindly into the hands\nOspina as Japan committed more and more men forward, leaving\nthemselves at the mercy of the Ramos, Martinez and Rodriguez-based\nbreakaways. And it just that which ended Japan's hopes of a\nmiraculous escape. Japan were dispossessed and when Rodriguez found\nMartinez in the area, he had time to turn and curl his effort into\nthe far corner.", "Arguably the biggest cheer of the night was still to come\nthough, as the 43-year-old Mondragon, in the squad for USA 1994 and\nFrance 1998, was brought on to become the oldest player ever to\nappear at a World Cup, eclipsing Roger Milla's 20-year record. The\nveteran then got to see Rodriguez put the icing on the cake, as he\ndanced past Maya Yoshida before elegantly chipping Kawashima."], "matchGroup":"Group C", "matchStadium":"Arena Pantanal", "matchVenue":"Cuiaba", "matchImageUrl":"http://img.fifa.com/mm/photo/tournament/competition/02/38/43/68/2384368_full-lnd.jpg", "matchScore":"1-4", "totalGoals":5, "matchType":"Normal", "teamHome":{"teamHomeId":"43819", "teamHomeName":"Japan", "teamHomeFlagUrl":"http://img.fifa.com/images/flags/4/jpn.png", "teamHomeShortname":"JPN", "teamHomeScore":1}, "teamAway":{"teamAwayId":"43926", "teamAwayName":"Colombia", "teamAwayFlagUrl":"http://img.fifa.com/images/flags/4/col.png", "teamAwayShortname":"COL", "teamAwayScore":4}, "matchResultInfo":{"matchScore":"1-4", "matchFinalScore":"1-4", "matchWinner":"Colombia", "matchWinnerShort":"COL", "matchLooser":"Japan", "matchLooserShort":"JPN"}}}