{"matchInfo":{"matchId":"300186506", "matchNum":"Match 48", "matchDate":"2014-06-26", "matchDateTitle":"Thursday 26 June", "matchLink":"http://www.fifa.com/worldcup/matches/round=255931/match=300186506/index.html#nosticky", "matchReportLink":"http://www.fifa.com/worldcup/matches/round=255931/match=300186506/match-report.html", "matchReport":["Islam Slimani’s second-half header secured Algeria a 1-1 draw\nwith Russia that sent them into the knockout phase of the FIFA\nWorld Cup™ for the first time. Fabio Capello’s side had been on\ncourse to seize the runners-up spot in Group H thanks to Alexander\nKokorin’s early goal, but Vahid Halilhodzic’s men rallied to secure\na trip to Porto Alegre to face Germany on Monday.", "Parity lasted just six minutes in Curitiba, and it owed as much\nto a gorgeous cross as it did to an assured finish. Dmitry Kombarov\ncollected the ball of the left flank and guided it on to the head\nof Kokorin, who combined power and accuracy to find the top corner\nfrom nine yards.", "Midway through the half, Oleg Shatov burst purposefully through\nthe midfield and unleashed a 25-yard strike that wasn’t far off\ntarget.", "Yacine Brahimi did well to make space for himself on the edge of\nthe box, but his low drive lacked power and went straight at\ngoalkeeper Igor Akinfeev. Algeria had a much better chance on the\nstroke of half-time. Brahimi’s handily-whipped corner gave Slimani\na free header, six yards out, but the No13’s effort went straight\ninto the arms of a relieved Akinfeev.", "Russia took merely two minutes to carve out a great opportunity\nfollowing the restart. Alexander Samedov broke forward and played a\ndefence-piercing one-two with Kokorin. It left the former\none-on-one with Adi Mbohli, but the Algeria keeper did superbly to\nmake himself big and block the shot.", " equalised on the hour. Slimani leapt\nimpressively at the back post to meet Brahimi’s corner and,\nundeterred by the flying fist of Akinfeev, sent a powerful,\ndownward header into the net.", "Russia attempted to respond and Samedov’s clever reverse pass\nfound Kerzhakov in space inside the Algeria penalty area on 70\nminutes. But the forward's fierce, low shot was saved impressively\nby Mbohli.", "Capello's side pressed relentlessly for a winning goal, but\nAlgeria, with centre-back Rafik Halliche impressing, cleared a\nseries of ball into their box.", "The final whistle was greeted with joyous celebrations from the\nAlgeria supporters. At the fourth attempt, they have made it beyond\nthe World Cup’s group stage."], "matchGroup":"Group H", "matchStadium":"Arena da Baixada", "matchVenue":"Curitiba", "matchImageUrl":"http://img.fifa.com/mm/photo/tournament/competition/02/38/73/18/2387318_full-lnd.jpg", "matchScore":"1-1", "totalGoals":2, "matchType":"Normal", "teamHome":{"teamHomeId":"43843", "teamHomeName":"Algeria", "teamHomeFlagUrl":"http://img.fifa.com/images/flags/4/alg.png", "teamHomeShortname":"ALG", "teamHomeScore":1}, "teamAway":{"teamAwayId":"43965", "teamAwayName":"Russia", "teamAwayFlagUrl":"http://img.fifa.com/images/flags/4/rus.png", "teamAwayShortname":"RUS", "teamAwayScore":1}, "matchResultInfo":{"matchScore":"1-1", "matchFinalScore":"1-1", "matchHomeDraw":"Algeria", "matchAwayDraw":"Russia"}}}