{"matchInfo":{"matchId":"300186483", "matchNum":"Match 30", "matchDate":"2014-06-22", "matchDateTitle":"Sunday 22 June", "matchLink":"http://www.fifa.com/worldcup/matches/round=255931/match=300186483/index.html#nosticky", "matchReportLink":"http://www.fifa.com/worldcup/matches/round=255931/match=300186483/match-report.html", "matchReport":["Portugal have avoided early elimination from the FIFA World Cup™\nin the most dramatic of circumstances after Varela's 95th-minute\ngoal secured a 2-2 draw with USA in Manaus. The Stars and Stripes\nhad been on the verge of qualifying for the Round of 16 with a game\nto spare after coming from a goal down to lead 2-1, but were denied\nin the dying moments of a game that was exhilarating from the first\nminute to the last.", "The US had benefited against Ghana from an early goal, but on\nthis occasion they gifted that advantage to Portugal in the most\ncalamitous of circumstances. The assist for Nani's fifth-minute\nopener belonged, after all, to Geoff Cameron, who sliced an\nattempted clearance straight to the Portugal winger. Hardly able to\nbelieve his luck, Nani even had time to wait for Tim Howard to\ncommit himself before side-footing confidently into the roof of the\nnet.", "It was just the kind of start that Jurgen Klinsmann must\nhave been dreading, although he would have been hugely encouraged\nby his team's response to falling behind. The Stars and Stripes\nwent on to dominate the first half, with Clint Dempsey again\nleading the charge, curling just over from a free-kick on 13\nminutes.", "Dempsey was again in the thick of the action four minutes later,\nracing through on to a pass from Michael Bradley and smashing in a\nshot that Beto just managed to deflect behind with his legs.\nBradley then went for goal himself shortly after, crashing in a\nferocious left-foot drive that flashed a foot or so over the\ncrossbar from 25 yards.", "The quality of Portugal's individual players ensured they always\nremained a threat, and Cristiano Ronaldo finally got a sight of\ngoal after 36 minutes, though his long-range effort was just a\nlittle too straight to cause Howard undue difficulty. The US keeper\nwas well and truly stretched in the final seconds of the half,\nthough, when he pulled off a superb double save, tipping wide from\nEder after he had diverted Nani's initial effort on to the\npost.", "If that save was spectacular, it was nothing compared to the\nnear-miraculous stop that Ricardo Costa managed 11 minutes into the\nsecond half. A US goal appeared inevitable when a lightning break\nculminated in Bradley shooting from close range with Beto stranded,\nbut Costa - positioned on the line - somehow contrived to divert\nthe ball behind with his knee.", "But the Americans would not be denied, and on 64 minutes they\ndrew level with a goal straight out of the top drawer. Jermaine\nJones was the man responsible, jinking inside Nani 25 yards from\ngoal and curling in a magnificent right-foot shot that bent just\ninside the far post, with Beto left utterly helpless. It was a goal\nreminiscent of Lionel Messi's winner for Argentina against Iran -\nonly with Jones doing the damage on his right foot - and it was\nreceived just as ecstatically.", "A draw was a positive result for the Americans, but a win would\nhave been even better - and that was exactly what Dempsey\nlooked to have secured nine minutes from time. And while this goal\nmight not have been as spectacular as its predecessor, with the US\nNo8 bundling Graham Zusi's cross over the line with his midriff,\nits importance could not be overstated.", "It was not, however, enough to secure victory - and a place in\nthe last 16 - for the US. That's because, with 95 minutes on the\nclock and the final seconds ticking down, substitute Varela saved\nPortugal with a last-gasp equaliser, bulleting a header into the\ntop corner from Ronaldo's inviting cross.", "\n", "\nIt was the final act of a pulsating match, which ended with both\nsides still with plenty to play for in their final Group G\nencounters."], "matchGroup":"Group G", "matchStadium":"Arena Amazonia", "matchVenue":"Manaus", "matchImageUrl":"http://img.fifa.com/mm/photo/tournament/competition/02/38/17/90/2381790_full-lnd.jpg", "matchScore":"2-2", "totalGoals":4, "matchType":"Normal", "teamHome":{"teamHomeId":"43921", "teamHomeName":"USA", "teamHomeFlagUrl":"http://img.fifa.com/images/flags/4/usa.png", "teamHomeShortname":"USA", "teamHomeScore":2}, "teamAway":{"teamAwayId":"43963", "teamAwayName":"Portugal", "teamAwayFlagUrl":"http://img.fifa.com/images/flags/4/por.png", "teamAwayShortname":"POR", "teamAwayScore":2}, "matchResultInfo":{"matchScore":"2-2", "matchFinalScore":"2-2", "matchHomeDraw":"USA", "matchAwayDraw":"Portugal"}}}