{"matchInfo":{"matchId":"300186461", "matchNum":"Match 57", "matchDate":"2014-07-04", "matchDateTitle":"Friday 04 July", "matchLink":"http://www.fifa.com/worldcup/matches/round=255953/match=300186461/index.html#nosticky", "matchReportLink":"http://www.fifa.com/worldcup/matches/round=255953/match=300186461/match-report.html", "matchReport":["Brazil have set up a FIFA World Cup™ semi-final with Germany\nafter a thrilling 2-1 victory over Colombia in Fortaleza. The hosts\nwere indebted to their two centre-halves, Thiago Silva and David\nLuiz, for providing the goals at the Estadio Castelao that\nultimately rendered James Rodriguez's late penalty a mere\nconsolation.", "History suggested that Luiz Felipe Scolari's side started the\ngame as massive favourites, with Colombia having won just two of\nthe teams' 25 previous meetings - and none since 1991. However,\nJose Pekerman's side had arguably been the only team in the last\neight to have genuinely impressed in the Round of 16, whereas\nBrazil - who had exited in the quarter-finals at the last two World\nCups - struggled badly against Chile.", "From the outset though, there was a pace and purpose to the\nhosts' play that had been missing from most of their previous\nshowings, with Colombia pinned back in their own half. And after\nNeymar had narrowly missed out with a free-kick, the goal that\nBrazil's early play merited arrived on seven minutes.", "Like the day's earlier match, it was a set piece that provided\nthe breakthrough, and a defender who provided the finishing\ntouch, with Thiago Silva stealing in at the back post to bundle\nhome Neymar's corner with his left thigh. The Castelao erupted as\nthe goalscorer wheeled away to accept the acclaim, and Brazil's\ncaptain would continue to prove a key player at both ends. Soon\nafter scoring, he deflected a goal-bound shot shot from Juan\nCuadrado into the side-netting and, later, he thwarted the\nColombians when they were charging towards goal with a three-on-one\nadvantage.", "Brazil remained the dominant team, though, with their first-half\nperformance easily the best we have seen from them at this World\nCup. They would, in fact, have taken a 2-0 lead into the interval\nhad it not been for a superb double save from David Ospina, who\nfirst denied Hulk and then Oscar as Brazil continued to apply\npressure.", "Colombia did improve markedly after the break and, with nerves\nbeginning to show in the hosts' play, Pekerman's side did have the\nball in the net - only for Mario Yepes' 67th-minute effort to be\nruled out. And though the net was bulging again just two minutes\nlater, it served only to nudge ", " closer to the\nexit.", "The goal was one of the best seen at Brazil 2014 thus far, with\nDavid Luiz sizing up a 35-yard free-kick before sending a sweetly\nstruck shot over the wall and into the top-right corner. It was\nexecuted with the Paris Saint-Germain defender's trademark set\npiece technique - side-footed, with minimum curl - and it left\nOspina without a hope.", "But if Brazil hoped that the strike could enable them to coast\ncalmly towards the final whistle, they had another thing coming.\nWith 10 minutes remaining, the hosts conceded a cast-iron penalty\nwhen Julio Cesar brought down substitute Carlos Bacca. James\nRodriguez assumed responsibility for the kick and coolly waited for\nthe keeper to commit before side-footing low into the net, ensuring\nthe nerviest of finishes.", "Scolari's side held on, though, and can now look forward to a\nmouth-watering meeting with the Germans on Tuesday at Belo\nHorizonte's Estadio Mineirao."], "matchGroup":"Quarter-finals", "matchStadium":"Estadio Castelao", "matchVenue":"Fortaleza", "matchImageUrl":"http://img.fifa.com/mm/photo/tournament/competition/02/39/95/32/2399532_full-lnd.jpg", "matchScore":"2-1", "totalGoals":3, "matchType":"Normal", "teamHome":{"teamHomeId":"43924", "teamHomeName":"Brazil", "teamHomeFlagUrl":"http://img.fifa.com/images/flags/4/bra.png", "teamHomeShortname":"BRA", "teamHomeScore":2}, "teamAway":{"teamAwayId":"43926", "teamAwayName":"Colombia", "teamAwayFlagUrl":"http://img.fifa.com/images/flags/4/col.png", "teamAwayShortname":"COL", "teamAwayScore":1}, "matchResultInfo":{"matchScore":"2-1", "matchFinalScore":"2-1", "matchWinner":"Brazil", "matchWinnerShort":"BRA", "matchLooser":"Colombia", "matchLooserShort":"COL"}}}