{"matchInfo":{"matchId":"300186452", "matchNum":"Match 34", "matchDate":"2014-06-23", "matchDateTitle":"Monday 23 June", "matchLink":"http://www.fifa.com/worldcup/matches/round=255931/match=300186452/index.html#nosticky", "matchReportLink":"http://www.fifa.com/worldcup/matches/round=255931/match=300186452/match-report.html", "matchReport":["Mexico booked their place in the knockout stages of the 2014\nFIFA World Cup Brazil™ with a 3-1 win over Croatia in their third\nand final Group A game in Recife. Rafael Marquez, Andres Guardado\nand Javier Hernandez provided the goals and ", " will\nnow meet the Netherlands in the Round of 16, while the Croats head\nfor home.", "The game at the Arena Pernambuco had a physical edge from the\nopening whistle, almost predictable considering the value of the\ncontest for both teams. Ivan Rakitic, Croatia’s stay-at-home\ncentral midfielder of the day, was yellow-carded inside the first\nfive minutes for a hard foul on Jose Vazquez.", "Soon after, both goals were under threat. In the 14th minute,\nIvica Olic headed a dangerous ball across the face of the Mexican\ngoal. Guillermo Ochoa – ", " hero from the goalless draw\nwith Brazil – dove out of the frame to clear with a flying punch.\nAnd just a minute later up the other end, Hector Herrera saw his\nleft-footed piledriver from 30 yards out hit the corner of post and\ncrossbar.", "\n", "\nThe Mexicans were in the ascendency and, seconds after going within\ninches of scoring, Oribe Peralta chased in a through ball from\nGiovani dos Santos. But despite the Santos Laguna striker being at\nfull stretch, he was just unable to make clean contact with the\nball and a good chance went begging.", "\n", "\nThe Croatians were content to sit back and try to break on the\ncounter-attack as the opening period wore on. One such foray, after\nthe half-hour mark, led to a second yellow card of the game. This\ntime the caution went to Marquez, the Mexican captain hauling down\nMario Mandzukic, who was racing toward goal. It was a dangerous\ngame for the Mexicans to play as Croatia packed the superior aerial\nthreat from set-pieces.", "\n", "\nA draw would do Croatia no good and it became clear shortly after\nthe interval that they would need to be a little more cavalier in\ntheir approach. Mexico coach Miguel Herrera, for his part, shook\nthings up in attack too, by bringing on Hernandez for creator Dos\nSantos.", "\n", "\nThe CONCACAF side began to turn the screw, but their goal came not\nfrom a striker, but a tried and true defender. Captain Marquez, so\noften Mexico’s hero, stepped up in the 72nd minute to nod home a\nHerrera corner-kick.", "At that moment, the game might as well have been at the Estadio\nAzteca in Mexico City, such was the noise produced by the fans in\ngreen. It didn’t diminish three minutes later, either, when\nGuardado added a second, or when Hernandez headed his first goal in\nan age for Mexico to make it three.", "\n", "\nIvan Perisic pulled one back for the Europeans in the closing\nmoments and Ante Rebic saw red, but it made no difference. As\nsecond place finisher in Group A, Mexico - who've put their\nqualifying struggles well behind them - now meet the high-flying\nNetherlands in the Round of 16 on 29 June in Fortaleza. Croatia,\ndespite producing some fine football here in Brazil, head for home\nafter just three matches."], "matchGroup":"Group A", "matchStadium":"Arena Pernambuco", "matchVenue":"Recife", "matchImageUrl":"http://img.fifa.com/mm/photo/tournament/competition/02/38/29/57/2382957_full-lnd.jpg", "matchScore":"1-3", "totalGoals":4, "matchType":"Normal", "teamHome":{"teamHomeId":"43938", "teamHomeName":"Croatia", "teamHomeFlagUrl":"http://img.fifa.com/images/flags/4/cro.png", "teamHomeShortname":"CRO", "teamHomeScore":1}, "teamAway":{"teamAwayId":"43911", "teamAwayName":"Mexico", "teamAwayFlagUrl":"http://img.fifa.com/images/flags/4/mex.png", "teamAwayShortname":"MEX", "teamAwayScore":3}, "matchResultInfo":{"matchScore":"1-3", "matchFinalScore":"1-3", "matchWinner":"Mexico", "matchWinnerShort":"MEX", "matchLooser":"Croatia", "matchLooserShort":"CRO"}}}