{"matchInfo":{"matchId":"300186453", "matchNum":"Match 18", "matchDate":"2014-06-18", "matchDateTitle":"Wednesday 18 June", "matchLink":"http://www.fifa.com/worldcup/matches/round=255931/match=300186453/index.html#nosticky", "matchReportLink":"http://www.fifa.com/worldcup/matches/round=255931/match=300186453/match-report.html", "matchReport":["Cameroon have crashed out of the FIFA World Cup™ after a\nresounding 4-0 defeat to Croatia in which they were reduced to ten\nmen. The Indomitable Lions were second best throughout this Group A\nencounter in Manaus, which ended with their European opponents\nhaving boosted their hopes of vying with Brazil and Mexico for a\nplace in the Round of 16. Croatia now know that the winner of their\nfinal group phase encounter with ", " will advance,\nwhile Cameroon will conclude their doomed campaign against the\nhosts.", "Niko Kovac's side had impressed in spells against Brazil in\ntheir opening match and their class told in this encounter, with\nthe outcome rarely in danger from the 11th minute onwards. That was\nwhen Ivica Olic, 34, became his country's oldest World Cup\ngoalscorer, firing home first time with his left foot after being\nteed up at close range by Ivan Perisic's perfectly weighted\npass.", "Perisic was a dangerous and influential player throughout, and\nhe found the net with nine minutes of the first half remaining,\ndirecting a powerful header just over. Cameroon had barely\nthreatened at this stage and their frustration boiled over four\nminutes later when Alex Song earned an inevitable straight red card\nfor a off-the-ball arm in the back of Mario Mandzukic. That show of\nindiscipline made an already difficult task near-impossible, and\nCroatia effectively moved out of sight just three minutes into the\nsecond period.", "This goal was something of a personal disaster for Charles\nItandje, whose botched clearance was seized upon at the halfway\nline by Perisic. Plenty of work remained to be done, but the\nWolfsburg midfielder's pace took him clear in the left channel and\nhe deceived Itandje by shaping to cross and instead side-footed\ninto the net at the keeper's abandoned near post.", "Croatia continued to dominate and Mandzukic could and should\nhave added a third shortly after when he raced clean through only\nto delay his shot too long and, under pressure, scoop the ball\nwide. But the Bayern Munich striker would not be denied, and he\ncompleted a brace midway through the half. The first saw him rise\nunchallenged at corner to bullet home a downward header, while the\nsecond came about when he profited from another mistake by Itandje,\nwho spilled a tame Eduardo shot at the feet of Croatia's predatory\nNo17.", "The scoreline offered just reward for Kovac's side's overall\nsuperiority, and they will now hope to continue their free-scoring\nways against a Mexico team that shut out the hosts."], "matchGroup":"Group A", "matchStadium":"Arena Amazonia", "matchVenue":"Manaus", "matchImageUrl":"http://img.fifa.com/mm/photo/tournament/competition/02/37/67/95/2376795_full-lnd.jpg", "matchScore":"0-4", "totalGoals":4, "matchType":"Normal", "teamHome":{"teamHomeId":"43849", "teamHomeName":"Cameroon", "teamHomeFlagUrl":"http://img.fifa.com/images/flags/4/cmr.png", "teamHomeShortname":"CMR", "teamHomeScore":0}, "teamAway":{"teamAwayId":"43938", "teamAwayName":"Croatia", "teamAwayFlagUrl":"http://img.fifa.com/images/flags/4/cro.png", "teamAwayShortname":"CRO", "teamAwayScore":4}, "matchResultInfo":{"matchScore":"0-4", "matchFinalScore":"0-4", "matchWinner":"Croatia", "matchWinnerShort":"CRO", "matchLooser":"Cameroon", "matchLooserShort":"CMR"}}}