{"matchInfo":{"matchId":"300186509", "matchNum":"Match 17", "matchDate":"2014-06-17", "matchDateTitle":"Tuesday 17 June", "matchLink":"http://www.fifa.com/worldcup/matches/round=255931/match=300186509/index.html#nosticky", "matchReportLink":"http://www.fifa.com/worldcup/matches/round=255931/match=300186509/match-report.html", "matchReport":["Mexico, who suffered through a disastrous qualifying campaign in\nthe CONCACAF zone, were inspired against Brazil in Fortaleza and\nearned a 0-0 draw against the much-fancied hosts. The Estadio\nCastelao crowd was treated to one of the most entertaining goalless\ndraws in FIFA World Cup™ history as Mexican goalkeeper Memo Ochoa\nput in a performance for the ages.", "The hosts’ first game in Fortaleza began at a high tempo, the\nfrenzied action on the pitch matching the atmosphere and passion up\nin the stands. The game swayed from one end to the other in the\nearly going as the Mexicans and Brazilians traded\nhalf-chances.", "\n", "\nMexico, hoping for a repeat of the Olympic final in Wembley Stadium\ntwo years ago, raised their game, bolstered by an opening-day win\nover Cameroon. The Brazilians were missing bulky striker Hulk, who\npulled out of training yesterday with a muscle strain. The best\nchance of an enthralling opening period came from the sizzling\nNeymar. The fan favourite and two-goal hero against Croatia rose\nwell at the back post to meet an inch-perfect cross from Barcelona\nteam-mate Dani Alves. The young maestro leaped over Mexican icon\nand captain Rafa Marquez and sent his powerful header screaming\ntoward goal, only to be denied by Ochoa. The Mexican keeper\nsprawled acrobatically to deny the effort after 26 minutes.", "\n", "\n", " created few clear chances on goal in the opening\nperiod, but flying right-back Miguel Layun got forward up the left,\npressing Dani Alves back toward his own goal whenever possible.\nGiovani dos Santos was a threat in the withdrawn forward’s role and\nAndres Guardado added a bit of pace and guile. Jose Juan Vazquez\nhad a chance for Mexico from distance near the end, but the his\nright-footed effort curled just wide of Julio Cesar’s goal.\nPaulinho had one more chance for Brazil as well, but he was denied\nfrom close-range again by Ochoa as the high-octane half ended\nscoreless.", "\n", "\nThe second-half saw the pace pick up even more. Three minutes in,\nsubstitute Bernard crossed for Neymar on the counter-attack, only\nfor a timely intervention to stab the ball away for a corner-kick.\nThe Mexicans responded with a pair of long-distance efforts that\nflew over Julio Cesar’s goal.", "Midway through the half, Neymar was again denied by the\nspring-loaded Mexican keeper. The Brazilian ace brought down a\ncross from the left and hammered a half-volley at goal, only for\nOchoa – currently without a club – to fly to his left\nand push away the effort. It was turning into a historic\nperformance for the Mexican, who was left out in the cold for large\nswaths of the qualifying campaign, and his reflex save from Thiago\nSilva in the dying moments was the pick of the bunch. The\nbushy-haired custodian was rightly swamped by his team-mates at the\nfinal whistle.", "Brazil, now on four points after two games, take on Cameroon in\ntheir third and final group game on 23 June in Brasilia while\nMexico, tangled with the hosts on four points, face Croatia on the\nnorthern coast in Recife."], "matchGroup":"Group A", "matchStadium":"Estadio Castelao", "matchVenue":"Fortaleza", "matchImageUrl":"http://img.fifa.com/mm/photo/tournament/competition/02/37/51/96/2375196_full-lnd.jpg", "matchScore":"0-0", "totalGoals":0, "matchType":"Normal", "teamHome":{"teamHomeId":"43924", "teamHomeName":"Brazil", "teamHomeFlagUrl":"http://img.fifa.com/images/flags/4/bra.png", "teamHomeShortname":"BRA", "teamHomeScore":0}, "teamAway":{"teamAwayId":"43911", "teamAwayName":"Mexico", "teamAwayFlagUrl":"http://img.fifa.com/images/flags/4/mex.png", "teamAwayShortname":"MEX", "teamAwayScore":0}, "matchResultInfo":{"matchScore":"0-0", "matchFinalScore":"0-0", "matchHomeDraw":"Brazil", "matchAwayDraw":"Mexico"}}}