{"matchInfo":{"matchId":"300186503", "matchNum":"Match 55", "matchDate":"2014-07-01", "matchDateTitle":"Tuesday 01 July", "matchLink":"http://www.fifa.com/worldcup/matches/round=255951/match=300186503/index.html#nosticky", "matchReportLink":"http://www.fifa.com/worldcup/matches/round=255951/match=300186503/match-report.html", "matchReport":["Angel Di Maria’s strike in the 11th hour of extra time sunk\nSwitzerland and snatched Argentina a place in the FIFA World Cup™\nquarter-finals. A goalless draw seemed inevitable until, on 118\nminutes, Lionel Messi produce one of his patented dribbles to set\nup the Real Madrid man, who duly booked ", " a\ntrip to Brasilia.", "Ottmar Hitzfeld set his charges up defending very deep and in\nnumbers, and the tactic served to limit Argentina to nothing more\nthan half-chances in the first half. Gonzalo Higuain headed over\nfrom a Messi free-kick, while goalkeeper Diego Benaglio was up to\ntame attempts from Ezequiel Lavezzi and Di Maria.", "Xherdan Shaqiri’s influence began to flower as the half\nprogressed, and just before the half-hour he carved out a big\nchance for the Swiss. The diminutive, solid-shouldered 22-year-old\nnutmegged his marker down the right, broke into the Argentinian\narea and cleverly cut it back to Granit Xhaka, whose low drive from\neight yards was excellently repelled by the outstretched leg of\nSergio Romero, who then saved Stephan Lichtsteiner's follow-up.", "Romero was nevertheless let firmly off the hook on 39 minutes.\nThe 27-year-old curiously elected against vacating his box to clear\na hopeful punt forward. Josip Drmic accepted his rival’s\ninvitation, raced clean through on goal, but elected to try a chip\nwhen he had much simpler options, allowing Romero to make a\nstraightforward catch.", "The man who had the last opportunity of the first half had the\nmaiden one of the second. Shaqiri tricked his way to the byline and\npassed it back for Drmic, whose strike curled aimlessly over.", "That was the cue for Argentina to assume the ascendancy. Marcos\nRojo broke into the left of the Swiss penalty area but fired\nstraight at Benaglio, Higuain’s close-range header was\nacrobatically tipped over, and Messi cheated the ball into his own\npath on the edge of the box and unleashed a dipping volley which\nwas just too high.", "Rodrigo Palacio came on with 16 minutes remaining, and within\nseconds he headed a Messi cross wide from six yards out.", "Swiftly, Messi gathered a poor clearance on the edge of the box,\nside-stepped his marker and fired a low drive, which Benaglio did\nwell to first keep out and then jump on amid flying boots.", "\n", "\nThat sent the game into extra time, in which Di Maria’s fizzing\nstrike brought a fine push-over from Benaglio.", "The game was on the cusp of a penalty shoot-out, until Messi\nwent on one of his mesmerising dribbles and teed up Di Maria, whose\nfirst-time strike curled around the arm of the diving Benaglio and\ninto the bottom corner.", "Play restarted on 119 minutes, but Switzerland almost equalised,\nwith Blerim Dzemaili's header coming back off the post, hitting him\nand rolling just wide. Shaqiri had the last chance, firing a\nfree-kick into the wall as Argentina hung on.", "\n", "\nThey will now face the winners of Belgium-USA for a place in the\nsemi-finals."], "matchGroup":"Round of 16", "matchStadium":"Arena de Sao Paulo", "matchVenue":"Sao Paulo", "matchImageUrl":"http://img.fifa.com/mm/photo/tournament/competition/02/39/72/70/2397270_full-lnd.jpg", "matchScore":"1-0", "totalGoals":1, "matchType":"Extra-Time", "teamHome":{"teamHomeId":"43922", "teamHomeName":"Argentina", "teamHomeFlagUrl":"http://img.fifa.com/images/flags/4/arg.png", "teamHomeShortname":"ARG", "teamHomeScore":1}, "teamAway":{"teamAwayId":"43971", "teamAwayName":"Switzerland", "teamAwayFlagUrl":"http://img.fifa.com/images/flags/4/sui.png", "teamAwayShortname":"SUI", "teamAwayScore":0}, "matchResultInfo":{"matchScore":"1-0", "matchFinalScore":"1-0", "matchWinner":"Argentina", "matchWinnerShort":"ARG", "matchLooser":"Switzerland", "matchLooserShort":"SUI"}}}