{"matchInfo":{"matchId":"300186515", "matchNum":"Match 42", "matchDate":"2014-06-25", "matchDateTitle":"Wednesday 25 June", "matchLink":"http://www.fifa.com/worldcup/matches/round=255931/match=300186515/index.html#nosticky", "matchReportLink":"http://www.fifa.com/worldcup/matches/round=255931/match=300186515/match-report.html", "matchReport":["Goals dried up for free-scoring France in a 0-0 Group E\nstalemate with ten-man Ecuador, confirming top spot and a knockout\ntie against Nigeria for Didier Deschamps’ team while the CONMEBOL\noutfit bowed out of the FIFA World Cup™.", "The first shot in earnest at the Maracana was dispatched from\nthe boot of Antoine Griezmann, following a close-range exchange\nwith team-mates Karim Benzema and Moussa Sissoko at the edge of the\narea, but the Real Sociedad winger’s drive on ten minutes dribbled\nwide. Ecuador goalkeeper Alexander Dominguez then scooped in a\nsweetly-struck volley off the left foot of Sissoko from a similar\narea.", "Enner Valencia, three times a scorer at this tournament already,\nskewed off-target after he raced onto a long ball along the edge of\nthe French penalty area. Midway through a fiercely contested clash,\nthe South Americans’ stopper failed to grasp in a centre from the\nright flank by the lively Sissoko but the delivery was marginally\ntoo strong for Benzema to connect in front of an effective open\ngoal.", "Midfielder Paul Pogba leaped to reach a precise Griezmann corner\nand the 21-year-old looped a threatening header back towards the\nnet, but Dominguez tipped over with fingertips. At the other end,\nEnner Valencia produced a prodigious leap on 40 minutes to tower\nabove diminutive full-back Lucas Digne and nod down from Michael\nArroyo’s cross – Hugo Lloris required both hands to block low on\nthe goalline.", "When the two teams returned for the second half, Griezmann was a\ncentral figure again and could consider himself hugely unlucky not\nto strike within two minutes. Bacary Sagna supported the latest\n", " attack and clipped an invitation into the\nmiddle, where his younger colleague smartly flicked with the\noutside of his boot; the Ecuador ‘keeper somehow pushed onto the\npost.", "The significant size of the task facing Reinaldo Rueda’s charges\nincreased still in the 50th minute when captain Antonio Valencia\nwas shown a straight red card by referee Noumandiez Doue for a\nchallenge on Digne. Hopes were temporarily lifted when ", " set off on a counter-attack and Enner Valencia waited\npatiently before releasing Christian Noboa wide to the right. But\nthe No6 fell as he hacked off-target.", "With the game stretching exponentially, teammates were thankful\nto Noboa for superbly blocking what looked a certain conversion by\nPogba, stationed in a central position 20 yards from goal. Next,\nBenzema dispatched a dream pass into the surge of Blaise Matuidi,\nonly for Dominguez to clutch quickly to the right and keep the\nscore goalless.", "By definition a defensive midfielder, Morgan Schneiderlin\nnevertheless felt compelled to volley a bouncing ball when the\nchance presented itself, but the hit flew over. Far simpler was a\nfour-yard header for Pogba at the back post, picked out with\naccuracy by Sagna, yet the effort travelled surprisingly the wrong\nside of goal.", "Ecuador substitute Alex Ibarra threatened an unlikely\nbreakthrough when he scurried into a dangerous area with pace from\nthe right, only to be denied by Lloris, while Dominguez thwarted\nBenzema, Olivier Giroud and Loic Remy. The deadlock-breaker never\narrived, meaning France are joined by Switzerland in the Round of\n16 and Ecuador’s challenge is at an end."], "matchGroup":"Group E", "matchStadium":"Estadio do Maracana", "matchVenue":"Rio De Janeiro", "matchImageUrl":"http://img.fifa.com/mm/photo/tournament/competition/02/38/58/66/2385866_full-lnd.jpg", "matchScore":"0-0", "totalGoals":0, "matchType":"Normal", "teamHome":{"teamHomeId":"43927", "teamHomeName":"Ecuador", "teamHomeFlagUrl":"http://img.fifa.com/images/flags/4/ecu.png", "teamHomeShortname":"ECU", "teamHomeScore":0}, "teamAway":{"teamAwayId":"43946", "teamAwayName":"France", "teamAwayFlagUrl":"http://img.fifa.com/images/flags/4/fra.png", "teamAwayShortname":"FRA", "teamAwayScore":0}, "matchResultInfo":{"matchScore":"0-0", "matchFinalScore":"0-0", "matchHomeDraw":"Ecuador", "matchAwayDraw":"France"}}}