{"matchInfo":{"matchId":"300186473", "matchNum":"Match 4", "matchDate":"2014-06-13", "matchDateTitle":"Friday 13 June", "matchLink":"http://www.fifa.com/worldcup/matches/round=255931/match=300186473/index.html#nosticky", "matchReportLink":"http://www.fifa.com/worldcup/matches/round=255931/match=300186473/match-report.html", "matchReport":["Chile secured a hard-fought 3-1 victory over Australia in Cuiaba\nto move level on points with Group B leaders the Netherlands. Early\nstrikes from Alexis Sanchez and Jorge Valdivia put the South\nAmericans well in control and, though Tim Cahill's header got\nthe Socceroos back into the game, Jean Beausejour sealed victory in\ninjury-time.", "Led by a vocal support, it took just 12 minutes for Chile to\nbreak the deadlock, with a somewhat scrambled move being polished\noff by a familiar source. Good feet from Charles Aranguz drew Maty\nRyan out of his goal, and when Eduardo Vargas's header fell at the\nfeet of Sanchez, the Barcelona man made no mistake.", "That defensive lapse may have been playing on the minds of the\nAustralians, as two minutes later Chile had doubled their lead\nthrough Valdivia. A burst of pace and flicked pass from Sanchez\nfound the Palmeiras man on the edge of the area, with his lobbed\neffort kissing the bar on its way over Ryan.", "Chile dominated possession thereafter and Australia began to\nlook demoralised by the quick-fire double. But with ten minutes of\nthe half remaining, the experienced Cahill halved the deficit,\nout-jumping Gary Medel to meet a superb deep cross from Ivan\nFranjic.", "They nearly repeated Chile's trick, as Leckie's cute pass found\nCahill again, though Bravo was at the ready to save well with his\nfeet. Jason Davidson produced the heroics at the other end too, as\nMauricio Isla dallied when through, allowing the left-back to\nmake a last-ditch tackle.", "Chile remained dangerous but Australia had regained their\nconfidence, and Cahill saw a second header denied for offside after\nthe break. Then fellow veteran Mark Bresicano went close, with his\nvolley drawing a fine Bravo save.", "The below-par Arturo Vidal departed, but Chile's continuing\nthreat was underlined as a defence-splitting Sanchez pass found\nVargas, who nudged the ball beyond Ryan, only for Alex Wilkinson to\nhook off the line.", "Chile probed for a goal to seal the victory, but the final ball\nand finish were lacking until substitute Jean Beausejour pounced on\nMauricio Pinilla's rebound to fire in from the edge of the box in\nstoppage-time."], "matchGroup":"Group B", "matchStadium":"Arena Pantanal", "matchVenue":"Cuiaba", "matchImageUrl":"http://img.fifa.com/mm/photo/tournament/competition/02/37/05/57/2370557_full-lnd.jpg", "matchScore":"3-1", "totalGoals":4, "matchType":"Normal", "teamHome":{"teamHomeId":"43925", "teamHomeName":"Chile", "teamHomeFlagUrl":"http://img.fifa.com/images/flags/4/chi.png", "teamHomeShortname":"CHI", "teamHomeScore":3}, "teamAway":{"teamAwayId":"43976", "teamAwayName":"Australia", "teamAwayFlagUrl":"http://img.fifa.com/images/flags/4/aus.png", "teamAwayShortname":"AUS", "teamAwayScore":1}, "matchResultInfo":{"matchScore":"3-1", "matchFinalScore":"3-1", "matchWinner":"Chile", "matchWinnerShort":"CHI", "matchLooser":"Australia", "matchLooserShort":"AUS"}}}