{"matchInfo":{"matchId":"300186468", "matchNum":"Match 21", "matchDate":"2014-06-19", "matchDateTitle":"Thursday 19 June", "matchLink":"http://www.fifa.com/worldcup/matches/round=255931/match=300186468/index.html#nosticky", "matchReportLink":"http://www.fifa.com/worldcup/matches/round=255931/match=300186468/match-report.html", "matchReport":["Colombia gave themselves breathing space at the top of 2014\nGroup C after goals from James Rodriguez and Juan Quintero helped\nthem to a 2-1 win over Côte d'Ivoire, putting them three points\nclear of Sabri Lamouchi's side.", "Both sides knew that, having won their opening\nmatches, another victory could see them into the knockout\nstages by the end of the day, depending on the result of\nJapan-Greece, and it was to be Colombia that ultimately claimed\nthat rich reward. Teo Gutierrez and Victor Ibarbo combined to\nbring the first sight of goal for the Colombians, though the\nformer's shot was dragged wide. Carlos Sanchez then had an effort\nfrom range after the Africans failed to clear a corner, but\nBoubacar Barry was not deceived by the huge deflection.", "The game remained tight until Juan Cuadrado released Rodriguez\nwith a superb raking pass out onto the left wing, but when the\nMonaco man found Gutierrez in the middle, he fluffed his lines with\nthe goal at his mercy. Côte d'Ivoire tested David Ospina at the\nother end after the goalkeeper's wayward throw gifted the ball to\nSerge Aurier. Quick feet saw him beat Mario Yepes, but his low shot\nwas well saved by the Colombia 'keeper.", "It was a physical encounter between the two sides, who proved a\nclose match for each other as the first half ended goalless. Ten\nminutes into the second period, though, the game kicked into life,\nwith Wilfried Bony failing to connect with a spectacular flying\nvolley after a delightful scooped pass from Yaya Toure.", "Colombia were almost the architects of their downfall as Pablo\nArmero's suicidal defending allowed Max Gradel in on goal, with the\nElephants star only denied by Yepes' timely challenge. At the other\nend they were getting closer, though, as a neat ball from Rodriguez\npicked out Cuadrado, whose impeccable control led to a shot from a\ntight angle that was just turned onto the post.", "However, the breakthrough did arrive when the pair switched\nroles. Cuadrado's whipped corner found one of the smallest men on\nthe field in the playmaker, whose header flew in at the near post.\nAurier then caused a scare when Ospina was forced to claw out\nhis goal-bound cross, but the gap was doubled minutes later.", "Serey Die was dispossessed trying to play out of defence, and\nwhen the ball fell to Gutierrez, he was able to feed substitute\nQuintero. The youngster, in turn, slotted expertly past\nBarry.", "Colombia couldn't enjoy their cushion for long, however, as\nGervinho produced a moment of magic to pull Côte d'Ivoire back into\ncontention three minutes later. Skipping inside from the left\nwing, the Roma wide-man danced between two, then dropped a shoulder\npast Sanchez, before beating Ospina at his near post.", "The pair had never met before and the second half transformed\nthe game into a pulsating encounter, and while Côte d'Ivoire pushed\nhard for a winning goal, the record now reads one-nil in favour of\nColombia in a result that lifted them into the last 16 by day's\nend."], "matchGroup":"Group C", "matchStadium":"Estadio Nacional", "matchVenue":"Brasilia", "matchImageUrl":"http://img.fifa.com/mm/photo/tournament/competition/02/37/73/95/2377395_full-lnd.jpg", "matchScore":"2-1", "totalGoals":3, "matchType":"Normal", "teamHome":{"teamHomeId":"43926", "teamHomeName":"Colombia", "teamHomeFlagUrl":"http://img.fifa.com/images/flags/4/col.png", "teamHomeShortname":"COL", "teamHomeScore":2}, "teamAway":{"teamAwayId":"43854", "teamAwayName":"Côte d'Ivoire", "teamAwayFlagUrl":"http://img.fifa.com/images/flags/4/civ.png", "teamAwayShortname":"CIV", "teamAwayScore":1}, "matchResultInfo":{"matchScore":"2-1", "matchFinalScore":"2-1", "matchWinner":"Colombia", "matchWinnerShort":"COL", "matchLooser":"Côte d'Ivoire", "matchLooserShort":"CIV"}}}