{"matchInfo":{"matchId":"300186482", "matchNum":"Match 41", "matchDate":"2014-06-25", "matchDateTitle":"Wednesday 25 June", "matchLink":"http://www.fifa.com/worldcup/matches/round=255931/match=300186482/index.html#nosticky", "matchReportLink":"http://www.fifa.com/worldcup/matches/round=255931/match=300186482/match-report.html", "matchReport":["Xherdan Shaqiri hit a hat-trick as Switzerland qualified for the\nRound of 16 with a comfortable 3-0 win over Honduras at the Arena\nAmazonia in Manaus. The Bayern Munich midfielder's treble - the\nsecond seen at Brazil 2014, following that of his club colleague\nThomas Muller - secured second spot in Group E and set up a\nknockout duel with Argentina in Sao Paulo.", "Shaqiri had never scored at the FIFA World Cup™ before today,\nbut he signalled his intent to change that as early as the third\nminute, when his close-range effort forced Noel Valladares into an\nexcellent save.", "There was nothing, however, the Honduras keeper could do three\nminutes later when Switzerland's No23 next took aim. On that\noccasion, Shaqiri scored a contender for goal of the tournament,\ncutting inside from the right, holding off two Honduran defenders\nand curling a superb left-foot shot in off the underside of the bar\nfrom 25 yards.", "Honduras attempted to respond, but suffered throughout from a\nlack of quality and composure in the final third, and had no-one to\nmatch the class of Shaqiri. With 31 minutes played, the Bayern\nmidfielder doubled his and his team's tally, racing through on to a\npass from Josip Drmic, sizing up the angles and slotting calmly and\nfirmly into the bottom-right corner.", "The Hondurans did improve markedly after half-time and carved\nout several early chances in the second period that, had they been\nconverted, might have sparked a comeback. Jerry Bengston was the\nplayer to whom most of these opportunities fell, but first he\nfailed to connect with an attempted diving header and then, after\nrounding goalkeeper Diego Benaglio, watched in agony as Ricardo\nRodriguez made a dramatic goal-line clearance.", "Those misses allowed Switzerland to put the outcome beyond doubt\nwith 19 minutes remaining, and again it was Shaqiri who did the\ndamage. Not for the first time, he was indebted to some excellent\nset-up play by Drmic on the left, leaving the Europeans' hat-trick\nhero to side-foot a casual left-foot shot low beyond the\nwrong-footed Valladares."], "matchGroup":"Group E", "matchStadium":"Arena Amazonia", "matchVenue":"Manaus", "matchImageUrl":"http://img.fifa.com/mm/photo/tournament/competition/02/38/59/26/2385926_full-lnd.jpg", "matchScore":"0-3", "totalGoals":3, "matchType":"Normal", "teamHome":{"teamHomeId":"43909", "teamHomeName":"Honduras", "teamHomeFlagUrl":"http://img.fifa.com/images/flags/4/hon.png", "teamHomeShortname":"HON", "teamHomeScore":0}, "teamAway":{"teamAwayId":"43971", "teamAwayName":"Switzerland", "teamAwayFlagUrl":"http://img.fifa.com/images/flags/4/sui.png", "teamAwayShortname":"SUI", "teamAwayScore":3}, "matchResultInfo":{"matchScore":"0-3", "matchFinalScore":"0-3", "matchWinner":"Switzerland", "matchWinnerShort":"SUI", "matchLooser":"Honduras", "matchLooserShort":"HON"}}}