{"matchInfo":{"matchId":"300186485", "matchNum":"Match 58", "matchDate":"2014-07-04", "matchDateTitle":"Friday 04 July", "matchLink":"http://www.fifa.com/worldcup/matches/round=255953/match=300186485/index.html#nosticky", "matchReportLink":"http://www.fifa.com/worldcup/matches/round=255953/match=300186485/match-report.html", "matchReport":["Mats Hummels headed Germany past France at the Maracana and into\na FIFA World Cup™ semi-final at the Mineirao. The 25-year-old\ncentre-back scored the only goal in the 13th minute, and Joachim\nLow’s side will now head to Belo Horizonte to face the\nBrazil-Colombia winners.", "France were first to threaten in Rio de Janeiro, with Karim\nBenzema’s first-time volley from Mathieu Valbuena’s clever cut-back\ngoing narrowly wide.", "Germany were the first to break through. Toni Kroos delivered a\ncurling free-kick into the box, and Hummels outmuscled Raphael\nVarane and headed home via the underside of the crossbar.", "Germany bossed possession thereafter, but they had their\ngoalkeeper to thank for keeping them ahead after 33 minutes.\nAntoine Griezmann produced a superb, volleyed pass to free\nValbuena, in space inside the area. The diminutive midfielder took\na touch and shot across goal, only for Manuel Neuer to fling\nhimself south-west and make an excellent save.", "France emerged from the break on the front foot, and within\nminutes Patrice Evra failed to connect with an attempted header\nwhen unmarked in the box.", "\nGermany put together two wonderful passing moves, with Philipp Lahm\nand Thomas Muller involved. But France did a good job in cutting\nout their final ball.", "After Evra gifted possession to the Germans on 69 minutes, they\nworked it to Muller, who fired just wide.", "Germany produced a breathtaking move with 15 minutes remaining.\nOzil skipped inside his marker and played the ball into Muller\ninside the France area. The Bayern Munich man exquisitely fooled\nVarane by letting it run through his legs, but his cut-back was\ncleared.", "Benzema did well to work himself space inside the German box,\nbut just as he was about to strike, the sliding Hummels made a\ndecisive interception.", "Germany should have put the result to rest on 82 minutes. Ozil\nfound acres of space down the left and intelligently laid the ball\nback to the onrushing Muller. The latter sliced his shot but it\nfell kindly to Schurrle, who had all the time in the world but\nelected to hit it first-time, with his tame effort being repelled\nby the legs of Lloris.", "Schurrle again hit a shot straight at the France goalkeeper\nmoments later as the team leading, and not trailing, looked most\nlikely to score the game’s second goal.", "\n", "\nBut France had a great chance to do just that moments before the\nfinal whistle. Benzema played a one-two with Oliver Giroud but\nNeuer made a superb one-hand block from his fierce,\nclose-range shot. ", "France's World Cup was over. Germany's is very much\nalive."], "matchGroup":"Quarter-finals", "matchStadium":"Estadio do Maracana", "matchVenue":"Rio De Janeiro", "matchImageUrl":"http://img.fifa.com/mm/photo/tournament/competition/02/39/90/48/2399048_full-lnd.jpg", "matchScore":"0-1", "totalGoals":1, "matchType":"Normal", "teamHome":{"teamHomeId":"43946", "teamHomeName":"France", "teamHomeFlagUrl":"http://img.fifa.com/images/flags/4/fra.png", "teamHomeShortname":"FRA", "teamHomeScore":0}, "teamAway":{"teamAwayId":"43948", "teamAwayName":"Germany", "teamAwayFlagUrl":"http://img.fifa.com/images/flags/4/ger.png", "teamAwayShortname":"GER", "teamAwayScore":1}, "matchResultInfo":{"matchScore":"0-1", "matchFinalScore":"0-1", "matchWinner":"Germany", "matchWinnerShort":"GER", "matchLooser":"France", "matchLooserShort":"FRA"}}}