{"matchInfo":{"matchId":"300186479", "matchNum":"Match 15", "matchDate":"2014-06-17", "matchDateTitle":"Tuesday 17 June", "matchLink":"http://www.fifa.com/worldcup/matches/round=255931/match=300186479/index.html#nosticky", "matchReportLink":"http://www.fifa.com/worldcup/matches/round=255931/match=300186479/match-report.html", "matchReport":["Second-half goals from substitutes Marouane Fellaini and Dries\nMertens enabled Belgium to come from behind and beat Algeria\n2-1 in their Group H opener. There was as much relief as joy for\nMarc Wilmots' side at Belo Horizonte's Estadio Mineirao, although\nthey ultimately merited a win that had looked unlikely until the\ncoach began shuffling his pack.", "Belgium had began the match as overwhelming favourites -\nconsidered even as dark horses for the Trophy - but it was Algeria\nwho began by far the brighter of the two teams. After forcing a few\nearly set-pieces and pinning the Europeans back in their own half,\n", " carved out their first big chance on 18\nminutes when an off-balance Riyad Mahrez sliced wide from the angle\nof the box after bursting through in the left channel.", "They continued to look the livelier and more determined of the\ntwo teams, though, and on 25 minutes took the lead and ended their\nlong wait for a FIFA World Cup™ goal. Algeria hadn't scored at the\ntournament since 1986 - a run of 506 consecutive minutes of\nfootball - but with Bolivia's unwanted World Cup record (517\nminutes) beckoning, they finally found a way through.", "The goal came from the penalty spot, with Sofiane Feghouli -\nhaving been tugged back by Jan Vertonghen to win the kick -\ndispatching it himself with a coolly placed side-foot shot low to\nthe left of the wrong-footed Thibaut Courtois.", "Belgium attempted to respond, but were lacking in both\npenetration and ideas. Indeed, it was holding midfielder Alex\nWitsel - frustrated by the lack of success being enjoyed by those\nin front of him - who had ", " best two\nefforts of the half, crashing in 30-yard shots that on each\noccasion forced Rais Mbolhi to parry hastily clear.", "That same duo were reunited early in the second half, with the\nAlgeria keeper flapping at a corner but applying just enough of a\ntouch to prevent Witsel heading home. But the north Africans\nremained a threat at the other end and very nearly doubled their\nlead on 57 minutes when Carl Medjani's glancing header flashed just\nwide of the far post.", "In their attempts to find a way through a packed Algerian\ndefence, Belgium introduced Mertens, Fellaini and Divock Origi from\nthe bench, and initially it was the latter who came closest to\nsaving the day. But while the 19-year-old's pace took him through\non goal and his low shot was powerfully struck, Mbolhi stuck out a\nleg to make a brilliant instinctive save.", "Ultimately, it was Wilmots' final replacement who was finally\nable to restore parity, with Fellaini looping a magnificent header\nin off the underside of the bar from Kevin de Bruyne's inswinging\ncross. There were 20 minutes still to play at that stage, and with\nBelgian tails up, it was no surprise when they went on to snatch a\nwinner with ten still remaining.", "And, once again, it was a substitute who did the damage, with\nMertens racing through on to a measured through-ball from Eden\nHazard and smashing an unstoppable right-foot shot into the roof of\nthe Algerian net."], "matchGroup":"Group H", "matchStadium":"Estadio Mineirao", "matchVenue":"Belo Horizonte", "matchImageUrl":"http://img.fifa.com/mm/photo/tournament/competition/02/37/48/05/2374805_full-lnd.jpg", "matchScore":"2-1", "totalGoals":3, "matchType":"Normal", "teamHome":{"teamHomeId":"43935", "teamHomeName":"Belgium", "teamHomeFlagUrl":"http://img.fifa.com/images/flags/4/bel.png", "teamHomeShortname":"BEL", "teamHomeScore":2}, "teamAway":{"teamAwayId":"43843", "teamAwayName":"Algeria", "teamAwayFlagUrl":"http://img.fifa.com/images/flags/4/alg.png", "teamAwayShortname":"ALG", "teamAwayScore":1}, "matchResultInfo":{"matchScore":"2-1", "matchFinalScore":"2-1", "matchWinner":"Belgium", "matchWinnerShort":"BEL", "matchLooser":"Algeria", "matchLooserShort":"ALG"}}}