{"matchInfo":{"matchId":"300186464", "matchNum":"Match 44", "matchDate":"2014-06-25", "matchDateTitle":"Wednesday 25 June", "matchLink":"http://www.fifa.com/worldcup/matches/round=255931/match=300186464/index.html#nosticky", "matchReportLink":"http://www.fifa.com/worldcup/matches/round=255931/match=300186464/match-report.html", "matchReport":["Bosnia and Herzegovina concluded their maiden FIFA World Cup™\ncampaign with a 3-1 victory over Iran that thwarted their\nopponents’ hopes of squeezing into the Round of 16 at the expense\nof Nigeria in Group F.", "With Argentina taking maximum points from the other fixture in\nthe section, the Iranians could have secured second place and\nprogression with a win of their own, but a trio of timely strikes\nby the European debutants extinguished such ambitions and provided\ncoach Safet Susic with reason to smile before returning home.", "While qualification for the next stage was beyond his country no\nmatter the result in Salvador, the determination of Edin Dzeko to\ndepart the tournament with a goal was abundantly clear. After the\nManchester City forward’s venomous volley from ten yards took a\ndeflection over the crossbar, he stretched his neck to redirect a\npromising centre but watched the header loop into the hands of Iran\ngoalkeeper Alireza Haghighi.", "On 23 minutes, though, the 28-year-old could celebrate. With\nseemingly little danger to Carlos Queiroz’s well-drilled Iranians,\nDzeko collected a simple pass into space midway inside the\nopposition half. His execution was simple but clinically effective\n– stride forward, dribble across the defence into freedom and\ncannon an unstoppable, low left-footer into the right corner from\ndistance for 1-0.", "The Asians were almost level within seconds; attacking along the\nright flank, the ball was worked back to the near edge of the\npenalty area and Masoud Shojaei, whose quickly-plotted attempt to\nloft up and over Asmir Begovic was aided by a slight nick but\ncruelly struck the top of the woodwork. The move typified an\nencouraging response by Iran, suddenly finding a sense of adventure\nand urgency.", "Boosted by clinching the opener, Dzeko was at the centre of\neverything positive for the Bosnians and it was his incisive\nthrough pass that dissected the Iranian backline to release Avdija\nVrsajevic. The No2 raced onto the delivery but snatched at the\nopportunity to blast on the diagonal and merely knocked the ball\nwell wide to the left.", "In contrast to the prolific nature of the simultaneous Group F\nfixture between Argentina and Nigeria, where the goals rained in\nfrom kick-off, fluidity and rhythm were at a premium for both sides\nat the outset of the second half in this one. At the hour mark,\nhowever, both characteristics were evident for all to see.", "Iran defender Jalal Hosseini surrendered possession far too\ncheaply deep inside his own half and, in the blink of an eye,\nBosnia and Herzegovina doubled their advantage. Seizing the chance,\nTino Susic threaded a perfectly weighted assist into the adjoining\nrun in the left channel by Miralem Pjanic, who shifted his weight\nand curled a side-foot hit around the stretch of Haghighi to end\nthe stylish play in sublime fashion.", "As a deluge unfolded above them and each team contemplated the\nclosing stages of their participation at Brazil 2014, Reza\nGhoochannejad refused to relent. Having had one effort blocked and\nsent another wide, he finally opened the tournament account for\nQueiroz’s men by tapping home after being found completely unmarked\nat the back post by a drill across the area.", "Irritated by the concession, Bosnia and Herzegovina promptly\nsprinted in the opposite direction and, when Vrsajevic took up\nresponsibility as he hurtled down the right wing, the full-back\npicked his preferred spot of the net and lashed a powerful shot\nprecisely where he hoped to. Iran hopes evaporated and their Group\nF rivals took up residence at the next stage."], "matchGroup":"Group F", "matchStadium":"Arena Fonte Nova", "matchVenue":"Salvador", "matchImageUrl":"http://img.fifa.com/mm/photo/tournament/competition/02/38/51/23/2385123_full-lnd.jpg", "matchScore":"3-1", "totalGoals":4, "matchType":"Normal", "teamHome":{"teamHomeId":"44037", "teamHomeName":"Bosnia and Herzegovina", "teamHomeFlagUrl":"http://img.fifa.com/images/flags/4/bih.png", "teamHomeShortname":"BIH", "teamHomeScore":3}, "teamAway":{"teamAwayId":"43817", "teamAwayName":"Iran", "teamAwayFlagUrl":"http://img.fifa.com/images/flags/4/irn.png", "teamAwayShortname":"IRN", "teamAwayScore":1}, "matchResultInfo":{"matchScore":"3-1", "matchFinalScore":"3-1", "matchWinner":"Bosnia and Herzegovina", "matchWinnerShort":"BIH", "matchLooser":"Iran", "matchLooserShort":"IRN"}}}