{"matchInfo":{"matchId":"300186497", "matchNum":"Match 56", "matchDate":"2014-07-01", "matchDateTitle":"Tuesday 01 July", "matchLink":"http://www.fifa.com/worldcup/matches/round=255951/match=300186497/index.html#nosticky", "matchReportLink":"http://www.fifa.com/worldcup/matches/round=255951/match=300186497/match-report.html", "matchReport":["Kevin De Bruyne and Romelu Lukaku finally took the umpteenth\nopportunities of a pulsating game as Belgium survived a late USA\nrally to reach the FIFA World Cup™ quarter-finals.", "The hands, legs and even ankle of Tim Howard, coupled with some\nsupreme defending from Matt Besler, had kept Jurgen Klinsmann’s\nside, who always looked a threat on the break, in it beforehand,\nbefore Marc Wilmots’ men scored twice before the 105-minute mark. A\nJulian Green volley nevertheless gave the Americans hope, but\ndespite their admirable efforts, the Belgians held on to book a\nBrasilia date with Argentina.", "\n", "\nThe American supporters made the decibel levels incalculable in the\nrun-up to kick-off, but they were silent, hearts in mouths, within\na minute of action. De Bruyne uncorked USA’s backline and sent the\npacy Divock Origi one-on-one with Howard. The 19-year-old striker\nshot low and hard, but the 35-year-old goalkeeper saved\nimpressively with his legs.", "\n", "\nDaMarcus Beasley was USA’s next saviour. Jan Vertonghen broke\nelegantly down the left and, from the byline, squared the ball\ntowards Marouane Fellaini, who appeared set to tap home until the\nsliding fullback hacked it clear.", "It was all Belgium, with De Bruyne and Eden Hazard snapping at\nshots from the edge of the box, but the 32nd-minute introduction of\nDeAndre Yedlin for the injured Fabian Johnson gave the US a lift.\nThe hypersonic wingback had already threatened on a couple of\noccasions when Michael Bradley’s gorgeous pass sent him racing down\nthe right. A crowd of players expected Yedlin to square the ball\nfrom the byline, but he intelligently cut it back into the path of\nGraham Zusi, who mis-kicked it from a great position nine yards\nout.", "Just like they had in the first half, Belgium came close to\nbreaking the deadlock within 60 seconds of the second. Dries\nMertens, the smallest man on the pitch, met De Bruyne’s cross with\na looping header which was heading into the net until the\nfingertips of a leaping Howard tipped it over.", "Vertonghen once again found space on the left after 54 minutes\nand delivered a teasing ball across goal, which somehow eluded Omar\nGonzalez, De Bruyne, Besler and Origi and rolled out for a US\nthrow-in.", "\n", "\nHoward’s legs again denied Origi on 71 minutes, before it was his\nankle’s turn to maintain deadlock. Origi’s delightful, delicate\npass with the outside of his boot sent substitute Kevin Mirallas\nthrough on goal, but the USA goalkeeper rapidly stuck out his boot\nand diverted the ball behind.", "Besler, a rock throughout, made a brilliant challenge to prevent\nMirallas having a clear sight of goal, before Howard made another\nfine tip-over from an Origi piledriver and Hazard blasted into the\nside-netting when well placed.", "An unlikely source then had Belgium’s final chance of normal\ntime. Vincent Kompany dispossessed Alejandro Bedoya in the Belgian\nbox, galloped upfield and fed De Bruyne out left. The Wolfsburg\nmidfielder cross low into the box and the Manchester City defender,\nwho had continued his run, forced Howard into his umpteenth save of\na pulsating match.", "Substitute Chris Wondolowski’s composure deserted him when a\ngreat opportunity fell his way in injury time, but the offside flag\nspared his blushes and it was on to an extra 30 minutes.", "Belgium required merely two of them to go ahead. Romelu Lukaku,\non for Origi, made a purposeful dash down the right. His cut-back\nwas intercepted, but the Americans failed to fully clear their\nlines. De Bruyne pounced on the loose ball, spun neatly, and fired\nthe ball across Howard and into the back of the net.", "\n", "\nBefore the referee’s whistle sounded for the next break, it was\n2-0. Lukaku raced on to De Bruyne’s through-ball and clipped it\npast Howard.", "The American dream was seemingly over. It took Green two minutes\nto revive it after being sent on by Klinsmann. With his first\ntouch, the 19-year-old volleyed the ball past Thibaut Courtois to\nprovoke an almighty roar from the pro-USA crowd.", "The momentum was now with the Stars and Stripes and Jermaine\nJones’ snap-shot went narrowly wide, but despite a valiant\neffort, Belgium held on for a 2-1 win.", "\n", "\nThey now head to Brasilia. The USA head home following a World Cup\ncampaign they can be immensely proud of."], "matchGroup":"Round of 16", "matchStadium":"Arena Fonte Nova", "matchVenue":"Salvador", "matchImageUrl":"http://img.fifa.com/mm/photo/tournament/competition/02/39/76/23/2397623_full-lnd.jpg", "matchScore":"2-1", "totalGoals":3, "matchType":"Extra-Time", "teamHome":{"teamHomeId":"43935", "teamHomeName":"Belgium", "teamHomeFlagUrl":"http://img.fifa.com/images/flags/4/bel.png", "teamHomeShortname":"BEL", "teamHomeScore":2}, "teamAway":{"teamAwayId":"43921", "teamAwayName":"USA", "teamAwayFlagUrl":"http://img.fifa.com/images/flags/4/usa.png", "teamAwayShortname":"USA", "teamAwayScore":1}, "matchResultInfo":{"matchScore":"2-1", "matchFinalScore":"2-1", "matchWinner":"Belgium", "matchWinnerShort":"BEL", "matchLooser":"USA", "matchLooserShort":"USA"}}}