{"matchInfo":{"matchId":"300186472", "matchNum":"Match 33", "matchDate":"2014-06-23", "matchDateTitle":"Monday 23 June", "matchLink":"http://www.fifa.com/worldcup/matches/round=255931/match=300186472/index.html#nosticky", "matchReportLink":"http://www.fifa.com/worldcup/matches/round=255931/match=300186472/match-report.html", "matchReport":["Brazil celebrated their 100th FIFA World Cup™ match with a\nfittingly entertaining 4-1 victory over Cameroon to arrange a\nmouthwatering Round of 16 meeting with fellow South Americans\nChile.", "A double from Neymar, now the top scorer at the tournament with\na quartet of strikes, and second-half efforts by Fred and\nFernandinho proved enough to secure top spot in Group A for Luiz\nFelipe Scolari’s team, ahead of Mexico on goal difference. Their\nopponents, on the other hand, say farewell to the competition\nwithout a point from three outings.", "Buoyed by reverberating noise in Brasilia, the hosts were fast\nand direct, causing consternation for the African side regularly\nfrom kick-off by moving the ball to their frontline as quickly as\npossible. They were thankful for the positioning of Marcelo in the\ntenth minute, however – the Real Madrid full-back crucially blocked\na goal-bound piledriver from Eyong Enoh.", "When Brazil’s breakthrough arrived on 17 minutes – the 100th\ngoal of the tournament – the conversion was sublime. Luiz Gustavo\npressed intensely on the left flank, won possession, strode forward\nand dispatched an accurate cross into the area for Neymar, who in\none swift movement opened up his body and side-footed first time\naround the goalkeeper to nestle the ball into the corner.", "Charles Itandje’s hands were no doubt sore when he was required\nto fist out a thunderous volley from the ", "\n", " No10, and Henri Bedimo’s awareness in covering was\nthe only reason Fred could not tap home an extender having been\npicked out by a low Paulinho delivery into the danger area.", "Momentum soured into misunderstanding within nine minutes of the\nopener, though, when Cameroon responded. Allan Nyom refused to\nconcede in his attempt to navigate around Dani Alves and grasped a\nmodicum of space to drill along the six-yard box. Waiting was\nmidfielder Joel Matip for one of the most straightforward finishes\nof his career.", "For all that Volker Finke’s team were competitive against the\nfive-time champions, Neymar terrified his opponents with every\ntouch. And the 22-year-old only required a couple when Marcelo\ncollected a loose clearance and knocked forward into the Barcelona\nprodigy’s path. Afforded too much freedom, he set himself and\ndispatched a daisy-cutter underneath Itandje and into the net for\nhis fourth goal of the FIFA World Cup.", "With a Round of 16 berth within touching distance, Brazil\nadopted a frenetic pace when the second half kicked off; a fine\nBedimo tackle thwarted Hulk, Itandje got important fingertips to a\nFred drive and the goalkeeper deflected a Neymar free-kick over the\ncrossbar as Finke’s charges desperately tried to hold firm.", "But their resistance soon buckled. Failure to adequately clear\ndefensive lines cost the Indomitable Lions dearly, with David Luiz\npouncing inside the left channel to side-foot at a helpful height\nacross the face of the goal for Fred at the far post. The striker\nmade no mistake, shaping at speed to nod in from close range and\nopen up a cushion for Brazil.", "Aside from a brief scare as Neymar departed proceedings as a\nprecaution after jarring a knee, the host nation played out the\nremainder of the tie comfortably, rousing themselves with six\nminutes left on the clock when half-time substitute Fernandinho\nconcluded a rapid interchange of passing with a toe-poke hit that\nrolled beyond Itandje."], "matchGroup":"Group A", "matchStadium":"Estadio Nacional", "matchVenue":"Brasilia", "matchImageUrl":"http://img.fifa.com/mm/photo/tournament/competition/02/38/28/76/2382876_full-lnd.jpg", "matchScore":"1-4", "totalGoals":5, "matchType":"Normal", "teamHome":{"teamHomeId":"43849", "teamHomeName":"Cameroon", "teamHomeFlagUrl":"http://img.fifa.com/images/flags/4/cmr.png", "teamHomeShortname":"CMR", "teamHomeScore":1}, "teamAway":{"teamAwayId":"43924", "teamAwayName":"Brazil", "teamAwayFlagUrl":"http://img.fifa.com/images/flags/4/bra.png", "teamAwayShortname":"BRA", "teamAwayScore":4}, "matchResultInfo":{"matchScore":"1-4", "matchFinalScore":"1-4", "matchWinner":"Brazil", "matchWinnerShort":"BRA", "matchLooser":"Cameroon", "matchLooserShort":"CMR"}}}