{"matchInfo":{"matchId":"300186513", "matchNum":"Match 8", "matchDate":"2014-06-14", "matchDateTitle":"Saturday 14 June", "matchLink":"http://www.fifa.com/worldcup/matches/round=255931/match=300186513/index.html#nosticky", "matchReportLink":"http://www.fifa.com/worldcup/matches/round=255931/match=300186513/match-report.html", "matchReport":["Italy held out against diligent England to earn a 2-1 win,\ncourtesy of goals from Claudio Marchisio and Mario Balotelli, which\nleaves them second on goal difference in Group D at the 2014 FIFA\nWorld Cup Brazil™. Daniel Sturridge had equalised soon after the\nJuventus midfielder had opened the scoring, but Cesare Prandelli's\nside held on to their lead for the second time following an early\ngoal after the break.", "England began brightly, looking to improve on a record of just\none competitive win over ", " ", ", as\nRaheem Sterling rippled the side-netting from range with a rasping\neffort, before Jordan Henderson forced Salvatore Sirigu into a low\nsave inside the first five minutes.", "Antonio Candreva gave Joe Hart a similar test at the other end,\nbut his left-footed strike was dealt with - albeit uncomfortably -\nby the Manchester City goalkeeper. England continued to look the\nmore threatening though, with Daniele De Rossi going agonisingly\nclose to turning into his own net, diverting Danny Welbeck's cross\naway from Sturridge and just beyond the far post.", "While clear-cut chances were hard to come by, Italy's midfield\nstill looked capable of carving out opportunities, and it was a\nroutine from the training ground that exposed England. A short\ncorner was cut back towards the edge of area and, when Andrea Pirlo\ndummied superbly, Marchisio had time and space to sweetly fire into\nthe bottom corner.", "The Three Lions were behind for just two minutes, however, as\nWayne Rooney broke well down the left wing, finding the unmarked\nSturridge at the far post who just had to side-foot past\nSirigu.", "\n", "\nItaly were almost back in front on the stroke of half-time though,\nwith Mario Balotelli almost scoring a spectacular lob from the left\nside of the area which had to be cleared off the line by Phil\nJagielka. Candreva then rattled the post from the resulting\ncorner.", "Sirigu was the first goalkeeper forced into action after the\nbreak, with a purposeful run from Sturridge ending in a low effort,\nbut Italy retook the lead as Balotelli rose at the back post to\nmeet Candreva's in-swinging cross to beat former City team-mate\nHart.", "England looked dangerous though, with Rooney, Sterling and\nSturridge all combining well, with the latter keen to test Sirigu\nat every opportunity. Rooney fired narrowly wide of the post after\nevading the offside trap, before substitute Ross Barkley tested the\nParis Saint-Germain goalkeeper as Roy Hodgson's side searched for\nan equaliser.", "While England pressed as players progressively tired in the\nManaus heat, it was Italy who came closest to scoring again as a\nPirlo free-kick smacked the bar in the final moments."], "matchGroup":"Group D", "matchStadium":"Arena Amazonia", "matchVenue":"Manaus", "matchImageUrl":"http://img.fifa.com/mm/photo/tournament/competition/02/37/18/22/2371822_full-lnd.jpg", "matchScore":"1-2", "totalGoals":3, "matchType":"Normal", "teamHome":{"teamHomeId":"43942", "teamHomeName":"England", "teamHomeFlagUrl":"http://img.fifa.com/images/flags/4/eng.png", "teamHomeShortname":"ENG", "teamHomeScore":1}, "teamAway":{"teamAwayId":"43954", "teamAwayName":"Italy", "teamAwayFlagUrl":"http://img.fifa.com/images/flags/4/ita.png", "teamAwayShortname":"ITA", "teamAwayScore":2}, "matchResultInfo":{"matchScore":"1-2", "matchFinalScore":"1-2", "matchWinner":"Italy", "matchWinnerShort":"ITA", "matchLooser":"England", "matchLooserShort":"ENG"}}}