{"matchInfo":{"matchId":"300186504", "matchNum":"Match 60", "matchDate":"2014-07-05", "matchDateTitle":"Saturday 05 July", "matchLink":"http://www.fifa.com/worldcup/matches/round=255953/match=300186504/index.html#nosticky", "matchReportLink":"http://www.fifa.com/worldcup/matches/round=255953/match=300186504/match-report.html", "matchReport":["An eighth-minute half-volley from Napoli forward Gonzalo Higuain\nproved to be enough to take Argentina through to the semi-finals of\nBrazil 2014 at the expense of Belgium side who failed to fire in\nBrasilia.", "The Napoli striker capitalised on an error from Belgium\nskipper Vincent Kompany to put ", " ahead with\ntheir first shot on target. The Belgium captain lost\npossession and Lionel Messi capitalised, finding Angel Di\nMaria on the right. The Real Madrid man then gained a slice of luck\nas his attempted pass to Pablo Zabaleta deflected off Jan\nVertonghen and into the path of Gonzalo Higuain, who shot home\nfirst time.", "The remainder of the first half was an open affair, played at an\nextremely high tempo as Argentina’s front three of Higuain, Messi\nand Di Maria constantly looked to counter against an opposition\nlooking to force an equaliser. However, the South Americans flow\nwas interrupted when Di Maria went off with a thigh injury after\nfiring a shot towards goal.", "The change made Sabella’s side ever more reliant on Messi and\nthe Barcelona star almost provided Argentina’s second when he\nblazed a free-kick just over the bar after being fouled by Marouane\nFellaini on the edge of the box. Belgium’s best chance of the half\ncame just before the break when Vertonghen’s inswinging cross from\nthe left was headed narrowly wide by Kevin Mirallas.", "The South Americans created the first opportunity of the second\nhalf when Higuain kept the ball in play and hit a low drive towards\ngoal. The ball ricocheted off the heel of Daniel van Buyten and out\nfor a corner. Higuain should then have made it two when he forced\nKompany into another error, allowing him a clear run on goal. The\nReal Madrid man just had Courtois to beat, but clipped the crossbar\nwith his effort.", "Wilmots made a double substitution on the hour mark with Romelu\nLukaku and Mertens replacing Divock Origi and Mirallas. Yet it was\ntwo of their original starting 11 who combined to go close.\nFellaini outjumped Basanta in the box and headed Vertonghen’s\nsuperb cross narrowly wide.", "Argentina were given a scare when Ezequeil Garay almost diverted\nKevin De Bryune’s low ball into his own net, but Sergio Romero was\nalert to the danger. A committed defensive display, plus the\nefforts of defensive midfielders Lucas Biglia and Javier Mascherano\nlimited ", " to a handful of half-chances as\ntheir hopes of emulating the team's showing at Mexico 1986 ebbed\naway.", "Indeed it was a quick break from Messi which almost produced the\ngame's second goal in added time, but Courtois stood his ground\nsuperbly to keep his record of clean\nsheets intact against the Barcelona man.", "And so Argentina reached the semi-finals, with another single\ngoal win enough just as it had been in their four previous\nencounters at Brazil 2014. They will now face the winners of\nNetherlands-Costa Rica in Sao Paulo on Wednesday."], "matchGroup":"Quarter-finals", "matchStadium":"Estadio Nacional", "matchVenue":"Brasilia", "matchImageUrl":"http://img.fifa.com/mm/photo/tournament/competition/02/40/00/07/2400007_full-lnd.jpg", "matchScore":"1-0", "totalGoals":1, "matchType":"Normal", "teamHome":{"teamHomeId":"43922", "teamHomeName":"Argentina", "teamHomeFlagUrl":"http://img.fifa.com/images/flags/4/arg.png", "teamHomeShortname":"ARG", "teamHomeScore":1}, "teamAway":{"teamAwayId":"43935", "teamAwayName":"Belgium", "teamAwayFlagUrl":"http://img.fifa.com/images/flags/4/bel.png", "teamAwayShortname":"BEL", "teamAwayScore":0}, "matchResultInfo":{"matchScore":"1-0", "matchFinalScore":"1-0", "matchWinner":"Argentina", "matchWinnerShort":"ARG", "matchLooser":"Belgium", "matchLooserShort":"BEL"}}}