{"matchInfo":{"matchId":"300186475", "matchNum":"Match 13", "matchDate":"2014-06-16", "matchDateTitle":"Monday 16 June", "matchLink":"http://www.fifa.com/worldcup/matches/round=255931/match=300186475/index.html#nosticky", "matchReportLink":"http://www.fifa.com/worldcup/matches/round=255931/match=300186475/match-report.html", "matchReport":["Germany sent a message to the rest of the competitors here in\nBrazil with a 4-0 demolition of Portugal. The Lusitanians got no\njoy out of superstar Cristiano Ronaldo, suffered two injuries to\nkey players, and Pepe saw red just before half-time. The Germans,\nfor their part, were in supreme form, scoring almost at will and\ngetting the tournament’s first hat-trick through Thomas\nMuller.", "\n", "\nPortugal had the first chance of the game in sunny Salvador, but\nRonaldo’s effort from a tight angle was a false dawn. The Germans\nwere in total control in short order and surged into attack.\nPortuguese keeper Rui Patricio misplayed the ball out of his area,\ngifting it to the feet of Real Madrid midfielder Sami Khedira, who\nsomehow pushed his shot at the open goal wide of the mark. Minutes\nlater, however, the Germans got their first goal. Mario Gotze was\ntoo quick and too clever for Joao Pereira, who resorted to dragging\nhim down in the area. Thomas Muller stepped up to convert the\nspot-kick low and to his left, sending the German fans in the\nstadium into delirium.", "From there on out, the Germans took control. Mesut Ozil was in\ncomplete control in the creative role. Incisive in attack, Muller\nand Gotze threatened constantly and Portugal coach Paulo Bento was\nforced into an early substitution. Ailing striker Hugo Almeida quit\nthe pitch after a collision with Mats Hummels and was replaced by\nGuinea-Bissau-born new boy Eder, just 21. If got worse for\nPortugal, too, when just after the\nhour-mark, Mats Hummels rose higher than anyone in the\npenalty area to head home from a corner.", "\n", "\nIt really turned into a half to forget for the Portuguese when Pepe\nlost his cool. He head-butted Muller while the German predator sat\non the pitch and was shown a straight red card for his efforts.\nMuller exacted revenge by adding his second goal at the death of\nthe opening period, taking advantage of some slack defending and\nhammered home from near the penalty spot. Three goals down and a\nman short, their superstar captain CR7 unable to influence the\ngame, Portuguese heads were spinning at the break.", "\n", "\nThings didn’t get much better in the second-half. Mid-way through\nthe period, creative midfielder Fabio Coentrao pulled up with a\nhamstring injury and had to be carried off on a stretcher. It\nlooked the kind injury that won’t heal in short order. Not long\nafter, German defender and scorer Hummels was also helped off the\npitch after damaging his knee. It didn’t keep the Germans from\nscoring again, however, and 12 minutes from time Muller completed\nhis hat-trick – the first of these finals – to make it 4-0", "The wounded Portuguese had a late penalty claim denied and are\nnow in desperate need of a good result in their next game on 22\nJune in Manaus. The Germans, who are oozing sunshine and\nconfidence, take on Ghana the day before in Fortaleza."], "matchGroup":"Group G", "matchStadium":"Arena Fonte Nova", "matchVenue":"Salvador", "matchImageUrl":"http://img.fifa.com/mm/photo/tournament/competition/02/37/37/22/2373722_full-lnd.jpg", "matchScore":"4-0", "totalGoals":4, "matchType":"Normal", "teamHome":{"teamHomeId":"43948", "teamHomeName":"Germany", "teamHomeFlagUrl":"http://img.fifa.com/images/flags/4/ger.png", "teamHomeShortname":"GER", "teamHomeScore":4}, "teamAway":{"teamAwayId":"43963", "teamAwayName":"Portugal", "teamAwayFlagUrl":"http://img.fifa.com/images/flags/4/por.png", "teamAwayShortname":"POR", "teamAwayScore":0}, "matchResultInfo":{"matchScore":"4-0", "matchFinalScore":"4-0", "matchWinner":"Germany", "matchWinnerShort":"GER", "matchLooser":"Portugal", "matchLooserShort":"POR"}}}