{"matchInfo":{"matchId":"300186458", "matchNum":"Match 43", "matchDate":"2014-06-25", "matchDateTitle":"Wednesday 25 June", "matchLink":"http://www.fifa.com/worldcup/matches/round=255931/match=300186458/index.html#nosticky", "matchReportLink":"http://www.fifa.com/worldcup/matches/round=255931/match=300186458/match-report.html", "matchReport":["Argentina secured top spot in Group F and preserved their\nunblemished record at Brazil 2014 with a 3-2 win over Nigeria\nilluminated by braces for Lionel Messi and Ahmed Musa. Alejandro\nSabella's side will be joined in the Round of 16 by the Super\nEagles, who contributed greatly to this enthralling match and\nprogress due to Iran's defeat to already-eliminated Bosnia and\nHerzegovina.", "Even in a World Cup packed full of thrilling games, this was one\nof the best yet, and the tone was set as early as the third minute.\nThat was when Messi opened the scoring in some style, crashing a\nfirst-time shot into the roof of the net from 12 yards after\nVincent Enyeama had tipped Angel Di Maria's initial effort on to\nthe post.", "Nigeria, though, weren't content to allow Argentina's captain to\nagain hog the headlines, and they drew level with the next attack\nof the game. The impressive Ahmed Musa was the player responsible,\nexploiting a one-on-one with Pablo Zabaleta to cut inside from the\nleft and curl an inch-perfect right-foot shot just inside the far\npost.", "It was a terrific goal from a player who would continue to cause\nproblems, although it was Argentina who carved out the better of\nthe game's opportunities.", "Di Maria was again prominent, and on 25 minutes he measured an\ninviting low pass across goal that Messi - sliding in - missed out\non converting by a matter of inches. Soon after, the Real Madrid\nwinger went directly for goal, unleashing a 35-yard drive that was\nflying into the bottom corner until Enyeama got across to tip it\nwide.", "It wasn't long, though, before Messi again took centre stage. A\nminute into first-half injury time, and having forced a brilliant\nsave from the keeper with an earlier free-kick, he re-established\n", " lead from an almost-identical position.\nThis time, there was no chance for Enyeama, with the Barcelona star\ncurling a left-foot shot from 25 yards that cleared the wall and\ndropped just inside the right-hand post.", "But once again, Nigeria wasted little time in responding to\nMessi's brilliance. Just a couple of minutes into the second half,\nMusa emulated the Argentina skipper by completing a double of his\nown, racing through and wrong-footing Sergio Romero with a low shot\ninto the bottom-left corner.", "Argentina would not be a denied a third straight win, though,\nand they secured the points just three minutes later. It was the\nscrappiest of all five goals, with Marcos Rojo bundling a corner\nhome with his knee, but that didn't matter to the\n", " fans or to the scorer, who had never before\nfound the target for his national team."], "matchGroup":"Group F", "matchStadium":"Estadio Beira-Rio", "matchVenue":"Porto Alegre", "matchImageUrl":"http://img.fifa.com/mm/photo/tournament/competition/02/38/51/91/2385191_full-lnd.jpg", "matchScore":"2-3", "totalGoals":5, "matchType":"Normal", "teamHome":{"teamHomeId":"43876", "teamHomeName":"Nigeria", "teamHomeFlagUrl":"http://img.fifa.com/images/flags/4/nga.png", "teamHomeShortname":"NGA", "teamHomeScore":2}, "teamAway":{"teamAwayId":"43922", "teamAwayName":"Argentina", "teamAwayFlagUrl":"http://img.fifa.com/images/flags/4/arg.png", "teamAwayShortname":"ARG", "teamAwayScore":3}, "matchResultInfo":{"matchScore":"2-3", "matchFinalScore":"2-3", "matchWinner":"Argentina", "matchWinnerShort":"ARG", "matchLooser":"Nigeria", "matchLooserShort":"NGA"}}}