{"matchInfo":{"matchId":"300186514", "matchNum":"Match 25", "matchDate":"2014-06-20", "matchDateTitle":"Friday 20 June", "matchLink":"http://www.fifa.com/worldcup/matches/round=255931/match=300186514/index.html#nosticky", "matchReportLink":"http://www.fifa.com/worldcup/matches/round=255931/match=300186514/match-report.html", "matchReport":["France rocketed from outsiders to FIFA World Cup™ contenders\nwith a scintillating 5-2 defeat of Switzerland in Salvador. Olivier\nGiroud, Blaise Matuidi, Mathieu Valbuena, Karim Benzema and\nMoussa Sissoko were on the score-sheet as Didier Deschamps’ side\nmade all but sure of a place in the Round of 16, before\nwonder-strikes from Blerim Dzemaili and Granit Xhaka gave Swiss\nmemorable consolations from an enrapturing encounter.", "\n", "\nFrance required 45 minutes, and a penalty, to break down Honduras\nin Porto Alegre first time out. By that time on Brazil’s vast\neast coast they had already spurned a spot-kick but scored\nthree.", "The fully outstretched leg of a sliding Johan Djourou denied\nBenzema a tap-in on 16 minutes, but it would only preserve deadlock\nfor seconds. From Mathieu Valbuena’s resulting corner, Giroud\nsprung impressively and his header took a deflection and went\ntowards the top corner. Ricardo Rodriguez was on the line, ideally\nplaced to head the ball clear, but Diego Benaglio hurled himself\nthrough the air and tipped the ball away from his defender and into\nthe back of the net.", "The pair exchanged agitated glances. Moments later their\nopponents were exchanging animated hugs. Valon Behrami needlessly\ngave the ball away to Benzema, who raced through the Switzerland\nhalf and slid the ball into Blaise Matuidi. The Paris Saint-Germain\nmidfielder took a touch and buried a low drive in at the near\npost.", "Switzerland, to their credit, didn’t throw in the towel. Granit\nXhaka had a goal ruled out for offside, before the same player\nstormed through the midfield and, from distance, unleashed a low\ndrive which Hugo Lloris pushed away. The rebound fell invitingly to\nXherdan Shaqiri, but his shot was handsomely pushed round the post\nby the fingertips of the France No1.", "That brief burst of momentum was arrested just after the\nhalf-hour. Djourou tripped Benzema when the France striker was\ngoing nowhere. The 26-year-old took the penalty himself, only for\nBenaglio to dive south-east and make an excellent save. The rebound\npresented Yohan Cabaye with an almost-open goal, but he somehow\nslammed the ball against the bar.", "It was 3-0 before the break, though. Giroud accelerated clear of\nhis marker down the left and, unselfishly, squared the ball\nperfectly for Valbuena to tap home.", "Switzerland started the second half brightly and, after fine\nwork from Stephan Lichtsteiner down the right, Admr Mehmedi would\nhave had a gilt-edged chance had it not been for his poor control,\nwhich allowed Lloris to put him off.", "France promptly punished them. Paul Pogba, on for the impressive\nGiroud, used the outside of his boot to arch a pass into the stride\nof Benzema, who slotted it past Benaglio for his third goal of the\ntournament.", "Evra then fired over after a sumptuous passing move uncorked the\nSwiss once more, before Benzema slipped Moussa Sissoko in and he\nguided the ball into the bottom corner with unerring accuracy to\nmake it 5-0.", "Switzerland would have been forgiven for praying for the final\nwhistle, but they weren’t done. First, Dzemaili fizzed a stunning\nfree-kick through a French wall and into the bottom corner, before\na thumping volley from Xhaka rounded off a game of sheer\nentertainment. "], "matchGroup":"Group E", "matchStadium":"Arena Fonte Nova", "matchVenue":"Salvador", "matchImageUrl":"http://img.fifa.com/mm/photo/tournament/competition/02/37/90/95/2379095_full-lnd.jpg", "matchScore":"2-5", "totalGoals":7, "matchType":"Normal", "teamHome":{"teamHomeId":"43971", "teamHomeName":"Switzerland", "teamHomeFlagUrl":"http://img.fifa.com/images/flags/4/sui.png", "teamHomeShortname":"SUI", "teamHomeScore":2}, "teamAway":{"teamAwayId":"43946", "teamAwayName":"France", "teamAwayFlagUrl":"http://img.fifa.com/images/flags/4/fra.png", "teamAwayShortname":"FRA", "teamAwayScore":5}, "matchResultInfo":{"matchScore":"2-5", "matchFinalScore":"2-5", "matchWinner":"France", "matchWinnerShort":"FRA", "matchLooser":"Switzerland", "matchLooserShort":"SUI"}}}