{"matchInfo":{"matchId":"300186462", "matchNum":"Match 53", "matchDate":"2014-06-30", "matchDateTitle":"Monday 30 June", "matchLink":"http://www.fifa.com/worldcup/matches/round=255951/match=300186462/index.html#nosticky", "matchReportLink":"http://www.fifa.com/worldcup/matches/round=255951/match=300186462/match-report.html", "matchReport":["France have marched through to the FIFA World Cup™\nquarter-finals with a hard-fought 2-0 win over Nigeria in Brasilia.\nDidier Deschamps' side were given a tough time of it by the African\nchampions, but edged this tight encounter in the Estadio Nacional\nthanks to a Paul Pogba header and an injury-time own goal by Joseph\nYobo.", "The French started as firm favourites and it was they who\ncreated the game's first noteworthy opportunity, when Olivier\nGiroud twisted into space only to slice his left-foot shot wide\nfrom 20 yards. However, it was Nigeria who looked the sharper and\nmore purposeful side for much of the first half, and it wasn't long\nbefore they were causing major problems at the other end.", "The Super Eagles looked, in fact, to have taken the lead after\n19 minutes when Emmanuel Emenike prodded into the net from Ahmed\nMusa's inswinging right-footed cross. Nigerian celebrations were to\nprove short-lived, though, with Emenike having strayed narrowly\noffside.", "For France, Pogba was among the most impressive performers\nthroughout and the Juventus midfielder came close to breaking the\ndeadlock midway through the half. Driving forward from midfield, he\nslipped the ball wide to Mathieu Valbuena and continued his run to\nvolley powerfully towards goal when the cross arrived in the box.\nVincent Enyeama, though, proved equal to the challenge, agilely\npalming the ball away for a corner.", "Pogba was again involved in the final move of the half, when a\nclever reverse ball by Valbuena teed up Mathieu Debuchy for a\nfirst-time shot. The ball looked sure to at least hit the target\nbut the right-back proved wayward in his finishing and his shot\nflashed wide.", "Nigeria remained the most dangerous side, though, and they very\nnearly took the lead eight minutes into the second half when Peter\nOdemwingie crashed in a left-foot shot from 20 yards that Hugo\nLloris did well to parry clear. Closer still was Karim Benzema at\nthe other end, who burst through onto a one-two with Antoine\nGriezmann and fired in a shot that squirmed past Enyeama and looked\nto be trundling over the line. Victor Moses was Nigeria's hero,\nthough, racing back to volley clear just as a goal seemed\nlikely.", "It was a good spell for France, and they again came within a\nwhisker of a breakthrough just a couple of minutes later when Yohan\nCabaye's 25-yard volley rebounded to safety off the underside of\nthe crossbar. Pressure was building, though, and after Enyeama had\nsaved brilliantly from a close-range Benzema header, an error from\nthe same keeper handed ", " the lead. Pogba was the\nman to profit, heading into an unguarded net with 11 minutes\nremaining after Enyeama had flapped unconvincingly at a floated\nValbuena corner.", "France rarely looked in danger thereafter, and they made sure of\ntheir place in the last eight - and a showdown with either Germany\nor Algeria - when Yobo diverted Valbuena's low cross into his own\nnet."], "matchGroup":"Round of 16", "matchStadium":"Estadio Nacional", "matchVenue":"Brasilia", "matchImageUrl":"http://img.fifa.com/mm/photo/tournament/competition/02/39/07/26/2390726_full-lnd.jpg", "matchScore":"2-0", "totalGoals":2, "matchType":"Normal", "teamHome":{"teamHomeId":"43946", "teamHomeName":"France", "teamHomeFlagUrl":"http://img.fifa.com/images/flags/4/fra.png", "teamHomeShortname":"FRA", "teamHomeScore":2}, "teamAway":{"teamAwayId":"43876", "teamAwayName":"Nigeria", "teamAwayFlagUrl":"http://img.fifa.com/images/flags/4/nga.png", "teamAwayShortname":"NGA", "teamAwayScore":0}, "matchResultInfo":{"matchScore":"2-0", "matchFinalScore":"2-0", "matchWinner":"France", "matchWinnerShort":"FRA", "matchLooser":"Nigeria", "matchLooserShort":"NGA"}}}