{"matchInfo":{"matchId":"300186486", "matchNum":"Match 23", "matchDate":"2014-06-19", "matchDateTitle":"Thursday 19 June", "matchLink":"http://www.fifa.com/worldcup/matches/round=255931/match=300186486/index.html#nosticky", "matchReportLink":"http://www.fifa.com/worldcup/matches/round=255931/match=300186486/match-report.html", "matchReport":["Uruguay forward Luis Suarez did something which he did not\nmanage to do in the Premier League this season – score past Joe\nHart – as he netted twice in the South Americans’ 2-1 win over\nEngland in their Group D clash in Sao Paulo.", "While Roy Hodgson named the same 11 as the one which started\nagainst Italy in Manaus, he gave Wayne Rooney the role behind\nDaniel Sturridge up front.", "Following their 3-1 defeat by Costa Rica, Oscar Tabarez named no\nfewer than five changes to his starting-line-up, with the\ntalismanic Suarez fit again after a knee injury.", "Indeed, it was Suarez who created the game’s first real chance.\nHis whipped, low corner to the near post looked to be swinging-in,\ncatching Hart off-guard, but the ‘keeper recovered and parried the\nball behind for another corner. England’s best early chance also\ncame from a set piece. A goal-bound effort from Sturridge hit the\narm of Diego Godin and referee Carlos Velasco awarded a free-kick\nin a central position. Rooney stepped up to take it and curled it\njust off-target.", "Both sides traded periods to enjoy spells of possession and\nterritorial advantage, without creating much in the way of clear\nopportunities. However, Rooney was just inches away from scoring\nhis first World Cup goal in the 31st minute. Steven Gerrard’s\nfree-kick was swept into the box, the Manchester United man rose\nwith Godin and saw his header rebound against the angle of the post\nand crossbar.", "Then, just as the Three Lions began to find their roar, Uruguay\nhit them on the counter attack. The tenacious Nicolas Lodeiro won\npossession in the middle of the park and found Edinson Cavani. The\nPSG forward produced an inch-perfect chip to evade the head of Phil\nJagielka and find Suarez, who headed the ball past Hart to put\n", " ahead in the 39th minute.", "Just as they did against Italy, England’s response was almost\nimmediate. Rooney fed Sturridge, who beat his markers for power and\npace and fired a shot which Fernando Muslera did well to save at\nhis near post.", "The start to the second half mirrored the first, with another\nin-swinging corner almost catching Hart and the England defence\nout. Cavani had a great chance to score but flashed an effort just\nwide as Hodgson’s side struggled to cope with the South Americans’\nemphatic start.", "Yet England refused to give up. Leighton Baines found Rooney in\nthe box and he forced Muslera into a fine low save, although the\nforward will feel that he should have scored.", "Just as it looked as though his World Cup curse would continue,\nwith 15 minutes on the clock, the England No10 prodded home Glen\nJohnson’s cross to equalise.", "Rather than settle for the draw, both sides went for the winner\nand given the football which had been played previously, it came\nfrom a direct route. Muslera’s goal-kick was flicked on into the\npath of Suarez and the Liverpool forward ran through a static\nEngland defence before firing past Hart to settle this topsy-turvy\nencounter with five minutes to go.", "The fit-again Suarez was hoisted aloft by his team-mates at the\nfinal whistle, as Uruguay’s hopes of reaching the Round of 16 were\nboosted. The Three Lions still have a chance in the final round of\nfixtures, should they defeat Costa Rica, but must now rely on other\nresults going their way too."], "matchGroup":"Group D", "matchStadium":"Arena de Sao Paulo", "matchVenue":"Sao Paulo", "matchImageUrl":"http://img.fifa.com/mm/photo/tournament/competition/02/37/78/14/2377814_full-lnd.jpg", "matchScore":"2-1", "totalGoals":3, "matchType":"Normal", "teamHome":{"teamHomeId":"43930", "teamHomeName":"Uruguay", "teamHomeFlagUrl":"http://img.fifa.com/images/flags/4/uru.png", "teamHomeShortname":"URU", "teamHomeScore":2}, "teamAway":{"teamAwayId":"43942", "teamAwayName":"England", "teamAwayFlagUrl":"http://img.fifa.com/images/flags/4/eng.png", "teamAwayShortname":"ENG", "teamAwayScore":1}, "matchResultInfo":{"matchScore":"2-1", "matchFinalScore":"2-1", "matchWinner":"Uruguay", "matchWinnerShort":"URU", "matchLooser":"England", "matchLooserShort":"ENG"}}}