{"matchInfo":{"matchId":"300186484", "matchNum":"Match 40", "matchDate":"2014-06-24", "matchDateTitle":"Tuesday 24 June", "matchLink":"http://www.fifa.com/worldcup/matches/round=255931/match=300186484/index.html#nosticky", "matchReportLink":"http://www.fifa.com/worldcup/matches/round=255931/match=300186484/match-report.html", "matchReport":["Costa Rica have secured top spot in Group D after a 0-0 draw\nwith England in Belo Horizonte's Estadio Mineirao. Roy Hodgson's\nThree Lions created the better chances in this match, but they\nagain failed to capitalise and head for home bottom of the section\nhaving failed to win any of their three matches.", "Both sides had rung the changes for this match, with the\noutcomes of their respective group campaigns - qualification for\n", ", elimination for England - already assured.\nCosta Rica did have pole position still to play for, but there was\na distinct lack of tension in the early play from both sides.", "Joel Campbell has certainly done enough at this tournament to\nearn the right to play with a relaxed freedom, and it was\nthe Olympiacos forward - aiming to impress parent club Arsenal -\nwho first threatened, narrowly missing the far post with a\ndeflected 20-yard effort after just two minutes. England's\nmuch-altered line-up took some time to click, but when they did it\nwas one of the Three Lions' two ever-presents, Daniel Sturridge,\nwho came close to breaking the deadlock, crashing a left-foot shot\njust wide of the right-hand post from 20 yards.", "The sharp, busy Liverpool striker went close again from a\nsimilar distance soon after, but it was England's goalkeeper, Ben\nFoster, who succeeded best in getting the fans off their\nseats. With 23 minutes played, Celso Borges curled in a magnificent\nfree-kick from 25 yards that seemed destined for the top corner,\nbut Foster matched the quality of the shot with a superb flying\nsave, somehow tipping the ball on to the crossbar and over.", "The best of the chances, though, continued to fall to Sturridge,\nwho headed over from close range as the first half neared its\nconclusion and was then denied early in the second period when\nKeylor Navas raced from his line to save bravely at the striker's\nfeet. Perhaps the most glaring of all came and went on 65 minutes,\nwhen Sturridge worked a one-two with Jack Wilshere and, with the\ngoal at his mercy, curled wide of the far post.", "Wayne Rooney entered the fray as a late substitute and also\nthreatened a breakthrough, forcing Navas into an agile tip-over\nwith a beautifully weighted chip from just outside the box. But\nEngland were forced to contend themselves with a first point at\nBrazil 2014, while Costa Rica march on the Round of 16 unbeaten and\nas Group D winners."], "matchGroup":"Group D", "matchStadium":"Estadio Mineirao", "matchVenue":"Belo Horizonte", "matchImageUrl":"http://img.fifa.com/mm/photo/tournament/competition/02/38/38/68/2383868_full-lnd.jpg", "matchScore":"0-0", "totalGoals":0, "matchType":"Normal", "teamHome":{"teamHomeId":"43901", "teamHomeName":"Costa Rica", "teamHomeFlagUrl":"http://img.fifa.com/images/flags/4/crc.png", "teamHomeShortname":"CRC", "teamHomeScore":0}, "teamAway":{"teamAwayId":"43942", "teamAwayName":"England", "teamAwayFlagUrl":"http://img.fifa.com/images/flags/4/eng.png", "teamAwayShortname":"ENG", "teamAwayScore":0}, "matchResultInfo":{"matchScore":"0-0", "matchFinalScore":"0-0", "matchHomeDraw":"Costa Rica", "matchAwayDraw":"England"}}}