{"matchInfo":{"matchId":"300186463", "matchNum":"Match 26", "matchDate":"2014-06-20", "matchDateTitle":"Friday 20 June", "matchLink":"http://www.fifa.com/worldcup/matches/round=255931/match=300186463/index.html#nosticky", "matchReportLink":"http://www.fifa.com/worldcup/matches/round=255931/match=300186463/match-report.html", "matchReport":["A pair of predatory goals from Enner Valencia propelled Ecuador\nto a 2-1 comeback victory over Honduras that lifted them second in\nGroup E, above Switzerland on goal difference. An excellent Carlo\nCostly strike had put the Central Americans ahead, but Valencia\nequalised from close-range before heading home the winner at\nthe Arena da Baixada.", "The game started off at a frenetic pace, flowing from end to\nend, and Ecuador should have been ahead on 19 minutes. Enner\nValencia timed his run to perfection to unravel the Honduran\noffside trap and go one-on-one with goalkeeper Noel Valladares, but\nthe braided-haired No13 skied his shot.", "It was then Honduras’s turn to spurn a great opportunity, with\nthe funky-haired Victor Bernardez heading wide from close-range\nwhen a corner found him unmarked at the back post.", "Costly showed his team-mate how it should be done on 31 minutes.\nA defender’s attempt to head clear a long ball bounced against\nCostly and fell into his path. Despite it bouncing awkwardly, the\nbig 31-year-old exercised immaculate technique to thump the ball\nhome from just inside the penalty area.", "Ecuador were only behind for three minutes. Juan Paredes conned\nhis marker and crossed to the back post, where Enner Valencia was\non hand to scramble home.", "A viciously struck Bernardez free-kick forced Alexander\nDominguez into a save, before Honduras forward Jerry Bengston had a\ngoal ruled out for handball on the stroke of the interval.", "\n", "\nThe second half continued in the same electrifying fashion as the\nfirst. Felipe Caicedo broke beyond the Honduras backline but Mayor\nFigueroa got back to slide it behind for a corner.", "\n", "\nBut Ecuador did get the game’s third goal on 65 minutes. Walter\nAyovi whipped in a free-kick and his Pachuca club-mate Enner\nValencia soared above Juan Carlos Garcia and directed a powerful,\ndownward header into the bottom corner.", "Honduras controlled possession thereafter, but they struggled to\nbreak down Ecuador’s steely defence. Figueroa did see one 35-yard\nthunderbolt fly just inches over, and close but not close enough\nwas how it ended for Luis Suarez’s side, leaving them requiring a\nminor miracle to reach the Round of 16."], "matchGroup":"Group E", "matchStadium":"Arena da Baixada", "matchVenue":"Curitiba", "matchImageUrl":"http://img.fifa.com/mm/photo/tournament/competition/02/37/94/82/2379482_full-lnd.jpg", "matchScore":"1-2", "totalGoals":3, "matchType":"Normal", "teamHome":{"teamHomeId":"43909", "teamHomeName":"Honduras", "teamHomeFlagUrl":"http://img.fifa.com/images/flags/4/hon.png", "teamHomeShortname":"HON", "teamHomeScore":1}, "teamAway":{"teamAwayId":"43927", "teamAwayName":"Ecuador", "teamAwayFlagUrl":"http://img.fifa.com/images/flags/4/ecu.png", "teamAwayShortname":"ECU", "teamAwayScore":2}, "matchResultInfo":{"matchScore":"1-2", "matchFinalScore":"1-2", "matchWinner":"Ecuador", "matchWinnerShort":"ECU", "matchLooser":"Honduras", "matchLooserShort":"HON"}}}