{"matchInfo":{"matchId":"300186493", "matchNum":"Match 29", "matchDate":"2014-06-21", "matchDateTitle":"Saturday 21 June", "matchLink":"http://www.fifa.com/worldcup/matches/round=255931/match=300186493/index.html#nosticky", "matchReportLink":"http://www.fifa.com/worldcup/matches/round=255931/match=300186493/match-report.html", "matchReport":["Germany and Ghana were forced to settle for a share of the\npoints after their back-and-forth thriller in Fortaleza finished\n2-2. All the goals came in the second-half of the Group G contest\nas strikers Miroslav Klose and Asamoah Gyan both equaled FIFA World\nCup™ scoring records.", "\n", "\nThe Africans had the first chance of the game at the Estadio\nCastelao. Lively winger Christian Atsu raced up the right and\ncrossed low and dangerously through the area, where Asamoah Gyan\nwas only able to slam the ball over the bar with a sliding effort.\nNot long after, in the 13th minute, Kwadwo Asamoah stretched Manuel\nNeuer with a swinging shot from the edge of the box.", "\n", "\nIt soon became clear that Ghana would be a far tougher proposition\nfor the Germans than Portugal were in their first game. The\nAfricans’ speed and agility caused the Europeans problems\nthroughout the first-half. But Thomas Muller, hat-trick hero from\ntheir opening game, continued to look dangerous in attack for the\n", ". Near the half-hour mark Sulley Muntari tested\nNeuer again with a pile-driver from well outside the area that had\nthe German No1 scrambling to punch clear.", "\n", "\nMario Gotze had a snap-shot saved ten minutes from the break. Most\nof the German attacks up to then fizzled out before any serious\ndanger was caused, slid away by a highly elastic Ghanaian central\ndefensive pairing, who stretched and dove to keep the score-sheet\nclean.", "\n", "\nGerman coach Joachim Low must have figured things out at the half,\nbecause it took his side only six second-half minutes to open the\nscoring. Gotze snuck in between the centre-backs and hit home a\nMuller cross from the right with his thigh. The early cross was the\nsecret weapon to unlocking the Ghanaians.", "\n", "\nGhana’s response, however, was immediate and similar. An early\ncross from the right picked out Andre Ayew, who headed home\nbrilliantly to the back post just seconds after seeing his side go\nbehind. Ghana were suddenly in the mood and Gyan made it 2-1 to the\nAfricans, tying the immortal Roger Milla of Cameroon as the\ntop-scoring African in World Cup history. Muntari picked off a\nslack pass in midfield and laid on a righteous ball for the racing\nGyan, who fired inside the back post to send the Ghanaian fans into\necstasy.", "\n", "\nBut the Germans weren’t done yet and second-half substitute\nMiroslav Klose slid home a flicked-on corner-kick in the 71st\nminute to level the score again. It was the striker’s 15th World\nCup goal, bringing him level with Ronaldo as the top marksman in\nWorld Cup history. There were chances at either end as the clock\nwound down, but 2-2 it was to stay.", "\n", "\nGermany close out their section campaign against USA on the\nnorthern coast in Recife on 26 June, the same time Ghana face\nPortugal."], "matchGroup":"Group G", "matchStadium":"Estadio Castelao", "matchVenue":"Fortaleza", "matchImageUrl":"http://img.fifa.com/mm/photo/tournament/competition/02/38/04/12/2380412_full-lnd.jpg", "matchScore":"2-2", "totalGoals":4, "matchType":"Normal", "teamHome":{"teamHomeId":"43948", "teamHomeName":"Germany", "teamHomeFlagUrl":"http://img.fifa.com/images/flags/4/ger.png", "teamHomeShortname":"GER", "teamHomeScore":2}, "teamAway":{"teamAwayId":"43860", "teamAwayName":"Ghana", "teamAwayFlagUrl":"http://img.fifa.com/images/flags/4/gha.png", "teamAwayShortname":"GHA", "teamAwayScore":2}, "matchResultInfo":{"matchScore":"2-2", "matchFinalScore":"2-2", "matchHomeDraw":"Germany", "matchAwayDraw":"Ghana"}}}