{"matchInfo":{"matchId":"300186495", "matchNum":"Match 32", "matchDate":"2014-06-22", "matchDateTitle":"Sunday 22 June", "matchLink":"http://www.fifa.com/worldcup/matches/round=255931/match=300186495/index.html#nosticky", "matchReportLink":"http://www.fifa.com/worldcup/matches/round=255931/match=300186495/match-report.html", "matchReport":["Algeria have moved up to second in Group H with a convincing 4-2\nwin over Korea Republic at Porto Alegre's Estadio Beira-Rio. The\nTaeguk Warriors were blown away in a first half that ended with\ntheir north African opponents three goals to the good, and not even\na much-improved second-half showing could prevent Hong Myungbo's\nteam slumping to a damaging defeat.", "There had been plenty of raised eyebrows pre-match at the\ndecision by Algeria coach Vahid Halilhodzic to bench five of the\nplayers who had been unlucky to lose 2-1 to Belgium. That shuffling\nof ", " ", " pack was quickly justified,\nthough, as they established a firm stranglehold on the match.", "The first half, in fact, was as one-sided as any seen at Brazil\n2014 thus far, with the tone set after just two minutes when\nSofiane Feghouli twisted away from his marker and fired narrowly\nover from ten yards. Algeria could easily have been 3-0 up inside\nthe opening ten minutes, in fact, with Yacine Brahimi - one of the\nplayers promoted to the starting line-up - volleying over and Islam\nSlimani heading into the side-netting shortly after.", "Slimani continued to threaten, though, and with 26 minutes\nplayed he scored the goal that he and his team so richly deserved,\nbustling through on to a long ball, holding off two Korean pursuers\nand dinking a volley over the advancing Jung Sungryoung. The Taeguk\nWarriors seemed helpless in the face of this Algerian onslaught and\ntwo minutes later their deficit was doubled, Rafik Halliche\nbulleting home Nabil Bentaleb's corner with Jung caught in no man's\nland.", "The surprise scoreline did not flatter the north Africans and\nnor could Korea Republic complain when their opponents went three\nup seven minutes before half-time. The ease with which they found\nthe net was a source of embarrassment though, with Abdelmoumene\nDjabou popping up unmarked 12 yards from goal to sweep home\nleft-footed from Slimani's clever pass.", "Some harsh words were doubtless uttered at half-time in the\nSouth Korean dressing room and, whatever was said, it certainly\nseemed to have the desired impact. The Asians were certainly a\ndifferent team altogether after the break and hauled themselves\nback into contention after just four minutes when Son Heungmin spun\naway from Madjid Bouguerra and smashed a left-foot shot through the\nlegs of Rais Mbholi.", "That goal made everyone wonder whether a comeback could be on,\nand it might have been had Mbholi not made a superb flying save to\ntip away Ki Sungyeung's sweetly struck long-range effort on the\nhour-mark. Just a couple of minutes later, though, the Algerians\nmoved out of sight when Brahimi worked a neat one-two with Slimani\nbefore nutmegging the hapless Jung.", "Halilhodzic's side duly became the first African side to score\nfour times in a single FIFA World Cup match, although their lead\nwas eroded with 18 minutes remaining when Lee Keunho crossed for\nKoo Jacheol to bundle the ball home from close range. But the South\nKoreans rarely looked like making it a nervy finale and will now go\ninto their final Group H match needing to beat Belgium to have any\nchance of making the last 16."], "matchGroup":"Group H", "matchStadium":"Estadio Beira-Rio", "matchVenue":"Porto Alegre", "matchImageUrl":"http://img.fifa.com/mm/photo/tournament/competition/02/38/14/49/2381449_full-lnd.jpg", "matchScore":"2-4", "totalGoals":6, "matchType":"Normal", "teamHome":{"teamHomeId":"43822", "teamHomeName":"Korea Republic", "teamHomeFlagUrl":"http://img.fifa.com/images/flags/4/kor.png", "teamHomeShortname":"KOR", "teamHomeScore":2}, "teamAway":{"teamAwayId":"43843", "teamAwayName":"Algeria", "teamAwayFlagUrl":"http://img.fifa.com/images/flags/4/alg.png", "teamAwayShortname":"ALG", "teamAwayScore":4}, "matchResultInfo":{"matchScore":"2-4", "matchFinalScore":"2-4", "matchWinner":"Algeria", "matchWinnerShort":"ALG", "matchLooser":"Korea Republic", "matchLooserShort":"KOR"}}}