{"matchInfo":{"matchId":"300186469", "matchNum":"Match 45", "matchDate":"2014-06-26", "matchDateTitle":"Thursday 26 June", "matchLink":"http://www.fifa.com/worldcup/matches/round=255931/match=300186469/index.html#nosticky", "matchReportLink":"http://www.fifa.com/worldcup/matches/round=255931/match=300186469/match-report.html", "matchReport":["Germany beat USA 1-0 on a rain-soaked day in Recife, a result\nthat takes both sides through from a highly competitive Group G at\nthe 2014 FIFA World Cup Brazil™. A 2-1 win for Portugal over Ghana\nin the section’s other game was enough to push both the Americans\nand Germans through on four and seven points respectively. The\nfinal whistle brought a joint celebration from the teams on the\npitch at the Arena Pernambuco.", "\n", "\nThe Germans dominated the opening quarter-hour. The European giants\npressed forward with power and speed, perhaps eager to squash\nsuspicion that both sides would play for a mutually-beneficial\ndraw. Jerome Boateng flew up the right side and the early plan of\nattack become clear for the ", ": isolate US\nleft-back DaMarcus Beasley.", "The only remaining USA veteran of the famous quarter-final game\nin Ulsan at Korea/Japan 2002, the one-time flying winger is now a\ndefender and one-on-one defending is not his strong suit. A number\nof dangerous crosses came from Beasley’s side in the early going\nbefore he came to grips with the game.", "USA had very little possession of the ball in the first-half and\nthey were clearly set up to break on the counter-attack. Their best\nchance came in the 22nd minute. Brad Davis, the MLS set-piece\nspecialist with Houston Dynamo, was playing in his first-ever World\nCup game and he rewarded the faith Jurgen Klinsmann showed in him\nwhen he raced across the pitch from right to left and fed the ball\nto Graham Zusi. The pony-tailed winger’s wicked curling shot from\nthe edge of the area stretched Manuel Neuer but kept rising over\nthe bar.", "\n", "\nUSA coach Klinsmann is not afraid to shake things up. He’s chopped\nand changed his side in every game here in Brazil and the man who\nwon the World Cup as a player with Germany in 1990 and coached them\nin 2006, turned to a new centre-back for this crucial fixture. Omar\nGonzalez had played only one minute in the Stars and Stripes’ two\ngames, but he started this one. His headed intervention early in\nthe second-half denied a clear scoring chance for substitute\nMiroslav Klose at the back post.", "\n", "\nBut Gonzalez, despite being a full stretch, could do nothing about\nthe German goal in the 55th minute. US keeper Tim Howard denied a\nheader from Benedikt Howedes, but his punch found the feet of\nThomas Muller who curled his effort home for his fourth goal of the\nfinals.", "\n", "\nUSA finish second in the group and will now meet the winner of\nGroup H, likely to be Belgium at this point, in the Round of 16.\nThe group-winning Germans take on the second-place finisher from\nthat same section."], "matchGroup":"Group G", "matchStadium":"Arena Pernambuco", "matchVenue":"Recife", "matchImageUrl":"http://img.fifa.com/mm/photo/tournament/competition/02/38/68/48/2386848_full-lnd.jpg", "matchScore":"0-1", "totalGoals":1, "matchType":"Normal", "teamHome":{"teamHomeId":"43921", "teamHomeName":"USA", "teamHomeFlagUrl":"http://img.fifa.com/images/flags/4/usa.png", "teamHomeShortname":"USA", "teamHomeScore":0}, "teamAway":{"teamAwayId":"43948", "teamAwayName":"Germany", "teamAwayFlagUrl":"http://img.fifa.com/images/flags/4/ger.png", "teamAwayShortname":"GER", "teamAwayScore":1}, "matchResultInfo":{"matchScore":"0-1", "matchFinalScore":"0-1", "matchWinner":"Germany", "matchWinnerShort":"GER", "matchLooser":"USA", "matchLooserShort":"USA"}}}