{"matchInfo":{"matchId":"300186454", "matchNum":"Match 22", "matchDate":"2014-06-19", "matchDateTitle":"Thursday 19 June", "matchLink":"http://www.fifa.com/worldcup/matches/round=255931/match=300186454/index.html#nosticky", "matchReportLink":"http://www.fifa.com/worldcup/matches/round=255931/match=300186454/match-report.html", "matchReport":["Japan and ten-man Greece have each earned their first point at\nBrazil 2014 in a 0-0 draw at Natal's Estadio das Dunas. The\nstalemate does little for either team, leaving them joint-bottom of\nGroup C, a section led by Colombia on six points, with Côte\nd'Ivoire following on three.", "With so much at stake, it was perhaps understandable that the\nearly stages were tense and forgettable, with little quality on\nshow from either side. The best of the moves that were created\ntended to come from Japan, with Yuya Osaka curling in a left-foot\nshot that forced Orestis Karnezis into an early save and then going\nfor goal with his other foot, missing the far post by a matter of\ninches.", "With 29 minutes played, a free-kick 25 yards goal offered\nKeisuke Honda to try his luck, but though the AC Milan star's\nleft-foot shot cleared the wall, Karnezis was able to parry away\nand then scramble clear as Japan's strikers looked to pounce.\nGreece had struggled to get going at this stage, and a tough task\nbecame all the more difficult nine minutes later when captain\nKonstantinos Katsouranis earned a second yellow card for a late,\nlunging tackle on fellow skipper Makoto Hasebe.", "Remarkably, though, the dismissal seemed to spark something in\nthe Europeans, who performed better with ten men than they had with\n11. The first sign that they were set to rally in the face of\nadversity came just a few minutes after Katsouranis's departure,\nwhen Vasileios Torosidis smashed a right-foot shot in from the edge\nof the box that forced a fantastic save from Eiji Kawashima.", "The Greeks were playing with a new-found freedom, and their\nambition was underlined at the start of the second half when\nGeorgios Samaras attempted an audacious shot from the kick-off,\nsending the ball sailing over Kawashima but wide of the right-hand\npost. Fernando Santos's side continued to threaten, though, and on\nthe hour-mark substitute Theofanis Gekas rose highest at a corner\nonly to see his header pushed behind by the Japan keeper.", "The Samurai Blue had yet to wake up in the second half, but they\nfinally came to life after 68 minutes when Atsuto Uchida set up\nYoshito Okubo for a seemingly certain goal, only for Japan's No13\nto lean back and fire wildly over. Then Uchida himself snatched on\nhesitancy in the Greek defence only to see his rushed effort finish\nwide of the right-hand post.", "But while Japan finished the stronger of the two teams, they\ncould not find a way through and must now beat the table-topping\nColombians if they are to have any chance of reaching the Round of\n16."], "matchGroup":"Group C", "matchStadium":"Estadio das Dunas", "matchVenue":"Natal", "matchImageUrl":"http://img.fifa.com/mm/photo/tournament/competition/02/37/82/12/2378212_full-lnd.jpg", "matchScore":"0-0", "totalGoals":0, "matchType":"Normal", "teamHome":{"teamHomeId":"43819", "teamHomeName":"Japan", "teamHomeFlagUrl":"http://img.fifa.com/images/flags/4/jpn.png", "teamHomeShortname":"JPN", "teamHomeScore":0}, "teamAway":{"teamAwayId":"43949", "teamAwayName":"Greece", "teamAwayFlagUrl":"http://img.fifa.com/images/flags/4/gre.png", "teamAwayShortname":"GRE", "teamAwayScore":0}, "matchResultInfo":{"matchScore":"0-0", "matchFinalScore":"0-0", "matchHomeDraw":"Japan", "matchAwayDraw":"Greece"}}}