<?xml version="1.0" encoding="UTF-8"?><!--[if lt IE 7]><html class="no-js lt-ie9 lt-ie8 lt-ie7" lang="en" xml:lang="en"><![endif]--><!--[if IE 7]><html class="no-js lt-ie9 lt-ie8" lang="en" xml:lang="en"><![endif]--><!--[if IE 8]><html class="no-js lt-ie9" lang="en" xml:lang="en"><![endif]--><!--[if gt IE 8]><!--><html class="no-js" lang="en" xml:lang="en" xmlns="http://www.w3.org/1999/xhtml"><!--<![endif]--><head><meta name="generator" content="HTML Tidy for Linux (vers 24 July 2007), see www.w3.org"/><meta http-equiv="X-UA-Compatible" content="IE=edge,chrome=1"/><meta charset="utf-8"/><meta name="_requires" content="_requires" data-require="lang=en/matches/main"/><script type="application/json" id="sitesUrlList">

[{"lang":"a","url":"http://ar.fifa.com","platform":"desktop"},{"lang":"a","url":"http://ar.m.fifa.com","platform":"mobile"},{"lang":"d","url":"http://de.fifa.com","platform":"desktop"},{"lang":"d","url":"http://de.m.fifa.com","platform":"mobile"},{"lang":"e","url":"http://www.fifa.com","platform":"desktop"},{"lang":"e","url":"http://m.fifa.com","platform":"mobile"},{"lang":"f","url":"http://fr.fifa.com","platform":"desktop"},{"lang":"f","url":"http://fr.m.fifa.com","platform":"mobile"},{"lang":"s","url":"http://es.fifa.com","platform":"desktop"},{"lang":"s","url":"http://es.m.fifa.com","platform":"mobile"},{"lang":"p","url":"http://pt.fifa.com","platform":"desktop"},{"lang":"p","url":"http://pt.m.fifa.com","platform":"mobile"}]

</script><!--esi 
    <esi:assign name="cookieDomain" value="'vi-esn-01'" />
    <esi:assign name="CookieName" value="'FIFA_PLFR'" />
    <esi:assign name="CookieDurationHrs" value="8760" />
    <esi:assign name="expirationDate" value="$http_time($time()+( $(CookieDurationHrs) * 3600))" />  
    <esi:assign name="redirectUrl" value="$(REQUEST_PATH)" />

                <esi:choose>
                        <esi:when test="$(QUERY_STRING{'preferredPlatform'})">
                                $add_header('Set-Cookie', $(CookieName)+'='+$(QUERY_STRING{'preferredPlatform'})+';expires='+$(expirationDate)+';domain='+$(cookieDomain)+';path=/')  
                        </esi:when>
                </esi:choose>
     

        <esi:assign name="ua_sub" value="$substr( $str($(HTTP_USER_AGENT)), 0, 4 )" />
        <esi:assign name="baseUrl" value="'http://m.fifa.com'" />
        <esi:assign name="redirectUrlFull" value="$(baseUrl) + $(redirectUrl)" />

              <esi:choose>
                      <esi:when test="($(HTTP_USER_AGENT) matches_i '''(android|bb\d+|meego).+mobile|avantgo|bada\/|blackberry|blazer|compal|elaine|fennec|hiptop|iemobile|ip(hone|od)|iris|kindle|lge |maemo|midp|mmp|mobile.+firefox|netfront|opera m(ob|in)i|palm( os)?|phone|p(ixi|re)\/|plucker|pocket|psp|series(4|6)0|symbian|treo|up\.(browser|link)|vodafone|wap|windows (ce|phone)|xda|xiino/i''') 
                      || ($(ua_sub) matches_i '''1207|6310|6590|3gso|4thp|50[1-6]i|770s|802s|a wa|abac|ac(er|oo|s\-)|ai(ko|rn)|al(av|ca|co)|amoi|an(ex|ny|yw)|aptu|ar(ch|go)|as(te|us)|attw|au(di|\-m|r |s )|avan|be(ck|ll|nq)|bi(lb|rd)|bl(ac|az)|br(e|v)w|bumb|bw\-(n|u)|c55\/|capi|ccwa|cdm\-|cell|chtm|cldc|cmd\-|co(mp|nd)|craw|da(it|ll|ng)|dbte|dc\-s|devi|dica|dmob|do(c|p)o|ds(12|\-d)|el(49|ai)|em(l2|ul)|er(ic|k0)|esl8|ez([4-7]0|os|wa|ze)|fetc|fly(\-|_)|g1 u|g560|gene|gf\-5|g\-mo|go(\.w|od)|gr(ad|un)|haie|hcit|hd\-(m|p|t)|hei\-|hi(pt|ta)|hp( i|ip)|hs\-c|ht(c(\-| |_|a|g|p|s|t)|tp)|hu(aw|tc)|i\-(20|go|ma)|i230|iac( |\-|\/)|ibro|idea|ig01|ikom|im1k|inno|ipaq|iris|ja(t|v)a|jbro|jemu|jigs|kddi|keji|kgt( |\/)|klon|kpt |kwc\-|kyo(c|k)|le(no|xi)|lg( g|\/(k|l|u)|50|54|\-[a-w])|libw|lynx|m1\-w|m3ga|m50\/|ma(te|ui|xo)|mc(01|21|ca)|m\-cr|me(rc|ri)|mi(o8|oa|ts)|mmef|mo(01|02|bi|de|do|t(\-| |o|v)|zz)|mt(50|p1|v )|mwbp|mywa|n10[0-2]|n20[2-3]|n30(0|2)|n50(0|2|5)|n7(0(0|1)|10)|ne((c|m)\-|on|tf|wf|wg|wt)|nok(6|i)|nzph|o2im|op(ti|wv)|oran|owg1|p800|pan(a|d|t)|pdxg|pg(13|\-([1-8]|c))|phil|pire|pl(ay|uc)|pn\-2|po(ck|rt|se)|prox|psio|pt\-g|qa\-a|qc(07|12|21|32|60|\-[2-7]|i\-)|qtek|r380|r600|raks|rim9|ro(ve|zo)|s55\/|sa(ge|ma|mm|ms|ny|va)|sc(01|h\-|oo|p\-)|sdk\/|se(c(\-|0|1)|47|mc|nd|ri)|sgh\-|shar|sie(\-|m)|sk\-0|sl(45|id)|sm(al|ar|b3|it|t5)|so(ft|ny)|sp(01|h\-|v\-|v)|sy(01|mb)|t2(18|50)|t6(00|10|18)|ta(gt|lk)|tcl\-|tdg\-|tel(i|m)|tim\-|t\-mo|to(pl|sh)|ts(70|m\-|m3|m5)|tx\-9|up(\.b|g1|si)|utst|v400|v750|veri|vi(rg|te)|vk(40|5[0-3]|\-v)|vm40|voda|vulc|vx(52|53|60|61|70|80|81|83|85|98)|w3c(\-| )|webc|whit|wi(g |nc|nw)|wmlb|wonu|x700|yas\-|your|zeto|zte\-/i''') ">
                  
          <esi:choose>
            <esi:when test="$(QUERY_STRING{'preferredPlatform'}) != 'desktop'">

              <esi:choose>
                <esi:when test="$(redirectUrlFull) && ((!($(HTTP_COOKIE{$(CookieName)})) || $(HTTP_COOKIE{$(CookieName)}) != 'desktop')) ">
                  $set_redirect($(redirectUrlFull))
                </esi:when>
              </esi:choose>

            </esi:when>
          </esi:choose>


                      </esi:when>
              </esi:choose>
        
      
    --><script type="application/json" id="contextPathJson">

[{"lang":"a","url":"/worldcup/matches/round=255953/match=300186504/match-report.html","platform":"desktop"},{"lang":"d","url":"/worldcup/matches/round=255953/match=300186504/match-report.html","platform":"desktop"},{"lang":"e","url":"/worldcup/matches/round=255953/match=300186504/match-report.html","platform":"desktop"},{"lang":"f","url":"/worldcup/matches/round=255953/match=300186504/match-report.html","platform":"desktop"},{"lang":"p","url":"/worldcup/matches/round=255953/match=300186504/match-report.html","platform":"desktop"},{"lang":"r","url":"/worldcup/matches/round=255953/match=300186504/match-report.html","platform":"desktop"},{"lang":"s","url":"/worldcup/matches/round=255953/match=300186504/match-report.html","platform":"desktop"},{"lang":"a","url":"/worldcup/matches/round=255953/match=300186504/match-report.html","platform":"mobile"},{"lang":"d","url":"/worldcup/matches/round=255953/match=300186504/match-report.html","platform":"mobile"},{"lang":"e","url":"/worldcup/matches/round=255953/match=300186504/match-report.html","platform":"mobile"},{"lang":"f","url":"/worldcup/matches/round=255953/match=300186504/match-report.html","platform":"mobile"},{"lang":"p","url":"/worldcup/matches/round=255953/match=300186504/match-report.html","platform":"mobile"},{"lang":"r","url":"/worldcup/matches/round=255953/match=300186504/match-report.html","platform":"mobile"},{"lang":"s","url":"/worldcup/matches/round=255953/match=300186504/match-report.html","platform":"mobile"}]

</script><meta content="/worldcup/matches/round=255953/match=300186504/match-report.html" name="mobileRedirectUrl"/><title>2014 FIFA World Cup™ - Matches - FIFA.com</title><meta http-equiv="Content-Type" content=""/><meta name="description" content="2014 FIFA World Cup™ - Matches"/><meta name="robots" content="noodp"/><meta name="keywords" content="2014 FIFA World Cup™ Matches"/><meta name="author" content="FIFA.com"/><meta name="thumb" content="http://img.fifa.com/images/fwc/2018/opengraph/generic.png"/><meta name="twitter:image:src" content="http://img.fifa.com/images/fwc/2018/opengraph/generic.png"/><meta property="og:image:type" content="png"/><meta property="og:image:width" content="600"/><meta property="og:image:height" content="313"/><meta property="og:image" content="http://img.fifa.com/images/fwc/2018/opengraph/generic.png"/><meta name="twitter:card" content="summary_large_image"/><meta name="twitter:title" content="2014 FIFA World Cup™ - Matches - FIFA.com"/><meta name="twitter:description" content="2014 FIFA World Cup™ - Matches"/><meta name="twitter:site" content="@fifacom"/><meta name="twitter:creator" content="@fifacom"/><meta name="twitter:domain" content="fifa.com"/><meta property="og:title" content="2014 FIFA World Cup™ - Matches - FIFA.com"/><meta property="og:description" content="2014 FIFA World Cup™ - Matches"/><meta property="og:type" content="website"/><meta property="og:url" content="http://www.fifa.com/worldcup/matches/round=255953/match=300186504/match-report.html"/><link rel="canonical" href="http://www.fifa.com/worldcup/matches/round=255953/match=300186504/match-report.html"/><meta property="og:site_name" content="FIFA.com"/><meta property="og:locale" content="en_GB"/><link href="/imgml/favicon/favicon.ico" rel="shortcut icon"/><link rel="apple-touch-icon" sizes="512x512" href="/imgml/favicon/touch-icon-newipad.png"/><link rel="apple-touch-icon" sizes="114x114" href="/imgml/favicon/touch-icon-iphone4.png"/><link rel="apple-touch-icon" sizes="72x72" href="/imgml/favicon/touch-icon-ipad.png"/><link rel="apple-touch-icon" href="/imgml/favicon/touch-icon-iphone.png"/><meta name="apple-itunes-app-js" content="app-id=756915899"/><meta name="google-play-app" content="app-id=com.fifa.fifaapp.android"/><script type="text/javascript">
//
(function(d, w) { var fifa = w.fifa || {}; var analytics = fifa.analytics || {}; var sc = analytics.SiteCatalyst || {}; sc.account = 'fifaprod'; w.fifa = fifa; w.fifa.analytics = analytics; w.fifa.analytics.SiteCatalyst = sc;})(document,window);
//
</script><script type="text/javascript">
//
(function(d, w) { var baseconf = w.analyticsbase || {}; baseconf.idcup = '17';  baseconf.edition = '2014';  baseconf.channel = 'worldcup';  baseconf.servicetype = 'web';  baseconf.subsection1 = 'archive';  baseconf.subsection2 = '2014';  baseconf.subsection3 = 'matches';  baseconf.subsection4 = 'round';  baseconf.subsection6 = 'match-report';  baseconf.contenttype = 'article-static';  baseconf.lang = 'en';  baseconf.webbaseurl = 'http://www.fifa.com';  baseconf.tournamentName = 'FIFA World Cup Final';  baseconf.seasonName = '2014 FIFA World Cup™';  baseconf.chartbeatDomain = 'fifa.com';  baseconf.chartbeatAuthors = 'web';  baseconf.roundId = '255953'; w.analyticsbase = baseconf;})(document,window);
//
</script><style type="text/css">
/**/
/*/components/style/framework/font-face.css*/@font-face{font-family:'Open Sans';src:url("/trunk/css/fonts/OpenSans-Light-complete.eot?v=b0cdd73ae844e1f7ec46e84210bc10aa");src:local("☺"),url("/trunk/css/fonts/OpenSans-Light-complete.eot?v=b0cdd73ae844e1f7ec46e84210bc10aa#iefix") format('embedded-opentype'),url("/trunk/css/fonts/OpenSans-Light-complete.woff?v=b0cdd73ae844e1f7ec46e84210bc10aa") format('woff'),url("/trunk/css/fonts/OpenSans-Light-complete.ttf?v=b0cdd73ae844e1f7ec46e84210bc10aa") format('truetype'),url("/trunk/css/fonts/OpenSans-Light-complete.svg?v=b0cdd73ae844e1f7ec46e84210bc10aa#svgFontName") format('svg');font-style:normal;font-weight:200}@font-face{font-family:'Open Sans';src:url("/trunk/css/fonts/OpenSans-Regular-complete.eot?v=b0cdd73ae844e1f7ec46e84210bc10aa");src:local("☺"),url("/trunk/css/fonts/OpenSans-Regular-complete.eot?v=b0cdd73ae844e1f7ec46e84210bc10aa#iefix") format('embedded-opentype'),url("/trunk/css/fonts/OpenSans-Regular-complete.woff?v=b0cdd73ae844e1f7ec46e84210bc10aa") format('woff'),url("/trunk/css/fonts/OpenSans-Regular-complete.ttf?v=b0cdd73ae844e1f7ec46e84210bc10aa") format('truetype'),url("/trunk/css/fonts/OpenSans-Regular-complete.svg?v=b0cdd73ae844e1f7ec46e84210bc10aa#svgFontName") format('svg');font-style:normal;font-weight:400}@font-face{font-family:'Open Sans';src:url("/trunk/css/fonts/OpenSans-Bold-complete.eot?v=b0cdd73ae844e1f7ec46e84210bc10aa");src:local("☺"),url("/trunk/css/fonts/OpenSans-Bold-complete.eot?v=b0cdd73ae844e1f7ec46e84210bc10aa#iefix") format('embedded-opentype'),url("/trunk/css/fonts/OpenSans-Bold-complete.woff?v=b0cdd73ae844e1f7ec46e84210bc10aa") format('woff'),url("/trunk/css/fonts/OpenSans-Bold-complete.ttf?v=b0cdd73ae844e1f7ec46e84210bc10aa") format('truetype'),url("/trunk/css/fonts/OpenSans-Bold-complete.svg?v=b0cdd73ae844e1f7ec46e84210bc10aa#svgFontName") format('svg');font-style:normal;font-weight:700}@font-face{font-family:"fifa-icons";src:url("/trunk/css/fonts/FifaIcons.eot?v=b0cdd73ae844e1f7ec46e84210bc10aa");src:local("☺"),url("/trunk/css/fonts/FifaIcons.eot?v=b0cdd73ae844e1f7ec46e84210bc10aa#iefix") format('embedded-opentype'),url("/trunk/css/fonts/FifaIcons.woff?v=b0cdd73ae844e1f7ec46e84210bc10aa") format('woff'),url("/trunk/css/fonts/FifaIcons.ttf?v=b0cdd73ae844e1f7ec46e84210bc10aa") format('truetype'),url("/trunk/css/fonts/FifaIcons.svg?v=b0cdd73ae844e1f7ec46e84210bc10aa#svgFontName") format('svg');font-style:normal}
/**/
</style><link type="text/css" title="standard" rel="stylesheet" href="http://css.fifa.com/components/style/framework/lang=en/base.css?v=78f0399b8ab5d91ec586d13da37f8e64"/><link type="text/css" title="standard" rel="stylesheet" href="http://css.fifa.com/components/style/framework/lang=en/editorial.css?v=353567a655fc3412ec3f96bf1dd93b47"/><link type="text/css" title="standard" rel="stylesheet" href="http://css.fifa.com/components/style/framework/lang=en/tournaments/archive.css?v=1ccdd0ec9496c3d6d7e4988c6b5cdeea"/><script type="text/javascript" src="/components/script/frameworks/lang=en/require-2.1.9.js?v=20150204173333">
</script><style type="text/css">
/**/
/*/components/style/framework/lang=en/layout/idcup=17/edition=2014/sectionheader.css*/.nav-pills&gt;li{float:left}.nav-pills&gt;li+li{margin-left:0}.navbar-sectionheader .nav-pills.lev1 .newslink&gt;a,.siteh-subpanel .navbar-nav .newslink&gt;a{*zoom:expression(runtimeStyle.zoom = 1, appendChild(document.createElement('small')).className='after', insertBefore(document.createElement('small'), firstChild).className='before');padding-left:37px;padding-right:15px}.navbar-sectionheader .nav-pills.lev1 .newslink&gt;a:before,.siteh-subpanel .navbar-nav .newslink&gt;a:before,.navbar-sectionheader .nav-pills.lev1 .newslink&gt;a&gt;.before,.siteh-subpanel .navbar-nav .newslink&gt;a&gt;.before{font-family:"fifa-icons";font-style:normal;font-weight:normal;text-align:center;position:absolute;top:50%;-webkit-font-smoothing:antialiased;-moz-osx-font-smoothing:grayscale;font-size:16px;line-height:16px;width:12px;height:12px;margin-top:-6px;left:10px;content:"\e610";*zoom:expression(runtimeStyle.zoom = 1, innerHTML = '\e610');color:inherit}.navbar-sectionheader .nav-pills.lev1 .newslink&gt;a:before,.siteh-subpanel .navbar-nav .newslink&gt;a:before,.navbar-sectionheader .nav-pills.lev1 .newslink&gt;a&gt;.before,.siteh-subpanel .navbar-nav .newslink&gt;a&gt;.before{margin-top:-8px}.navbar-sectionheader .nav-pills.lev1 .photoslink&gt;a,.siteh-subpanel .navbar-nav .photoslink&gt;a{*zoom:expression(runtimeStyle.zoom = 1, appendChild(document.createElement('small')).className='after', insertBefore(document.createElement('small'), firstChild).className='before');padding-left:41px;padding-right:15px}.navbar-sectionheader .nav-pills.lev1 .photoslink&gt;a:before,.siteh-subpanel .navbar-nav .photoslink&gt;a:before,.navbar-sectionheader .nav-pills.lev1 .photoslink&gt;a&gt;.before,.siteh-subpanel .navbar-nav .photoslink&gt;a&gt;.before{font-family:"fifa-icons";font-style:normal;font-weight:normal;text-align:center;position:absolute;top:50%;-webkit-font-smoothing:antialiased;-moz-osx-font-smoothing:grayscale;font-size:16px;line-height:16px;width:16px;height:16px;margin-top:-8px;left:10px;content:"\e60e";*zoom:expression(runtimeStyle.zoom = 1, innerHTML = '\e60e');color:inherit}.navbar-sectionheader .nav-pills.lev1 .videoslink&gt;a,.siteh-subpanel .navbar-nav .videoslink&gt;a{*zoom:expression(runtimeStyle.zoom = 1, appendChild(document.createElement('small')).className='after', insertBefore(document.createElement('small'), firstChild).className='before');padding-left:41px;padding-right:15px}.navbar-sectionheader .nav-pills.lev1 .videoslink&gt;a:before,.siteh-subpanel .navbar-nav .videoslink&gt;a:before,.navbar-sectionheader .nav-pills.lev1 .videoslink&gt;a&gt;.before,.siteh-subpanel .navbar-nav .videoslink&gt;a&gt;.before{font-family:"fifa-icons";font-style:normal;font-weight:normal;text-align:center;position:absolute;top:50%;-webkit-font-smoothing:antialiased;-moz-osx-font-smoothing:grayscale;font-size:16px;line-height:16px;width:16px;height:16px;margin-top:-8px;left:10px;content:"\e607";*zoom:expression(runtimeStyle.zoom = 1, innerHTML = '\e607');color:inherit}.navbar-sectionheader .nav-pills.lev1 .docslink&gt;a,.siteh-subpanel .navbar-nav .docslink&gt;a{*zoom:expression(runtimeStyle.zoom = 1, appendChild(document.createElement('small')).className='after', insertBefore(document.createElement('small'), firstChild).className='before');padding-left:41px;padding-right:15px}.navbar-sectionheader .nav-pills.lev1 .docslink&gt;a:before,.siteh-subpanel .navbar-nav .docslink&gt;a:before,.navbar-sectionheader .nav-pills.lev1 .docslink&gt;a&gt;.before,.siteh-subpanel .navbar-nav .docslink&gt;a&gt;.before{font-family:"fifa-icons";font-style:normal;font-weight:normal;text-align:center;position:absolute;top:50%;-webkit-font-smoothing:antialiased;-moz-osx-font-smoothing:grayscale;font-size:16px;line-height:16px;width:16px;height:16px;margin-top:-8px;left:10px;content:"\e615";*zoom:expression(runtimeStyle.zoom = 1, innerHTML = '\e615');color:inherit}.navbar-sectionheader{height:165px;-webkit-background-size:1400px 155px;*z-index:20}.navbar-sectionheader h1 a{background:transparent url(http://img.fifa.com/images/tournaments/17/logo/2014.png) no-repeat left 0}.navbar-sectionheader .title-wrap{width:1028px;margin:0 auto}.navbar-sectionheader .title-wrap h1.title{margin:0;margin-left:-4px;font-size:27px;line-height:1.2;padding-top:5px}.navbar-sectionheader .title-wrap h1.title a{height:100px;display:table-cell;vertical-align:middle;padding-top:5px;padding-left:118px;padding-right:200px;color:#474747}.navbar-sectionheader .title-wrap h1.title a .trn-date{display:block;font-size:13px;line-height:30px}.navbar-sectionheader .title-wrap h1.title a:before,.navbar-sectionheader .title-wrap h1.title a&gt;.before{content:""}.navbar-sectionheader .title-wrap h1.title a:hover{text-decoration:none}.navbar-sectionheader .container{width:100%;padding:0}.navbar-sectionheader .container .contentheader{height:105px;width:100%;position:relative;top:0;left:0;border-bottom:1px solid #e5e5e5;margin:0}.navbar-sectionheader .container .lev1{text-align:right;width:1008px;margin:-40px auto 0 auto}.navbar-sectionheader .container .lev1.nav-pills&gt;li{float:none;display:inline-block;*display:inline;zoom:1;margin:0}.navbar-sectionheader .container .lev1.nav-pills&gt;li&gt;a{font-size:13px;line-height:1.54;padding:9px 25px 8px;border-bottom:3px solid #d4d4d4;padding-left:32px}.navbar-sectionheader .container .lev1.nav-pills&gt;li&gt;a:hover,.navbar-sectionheader .container .lev1.nav-pills&gt;li.active&gt;a{border-bottom:3px solid #0087e6;background-color:#fff;color:#0087e6}.navbar-sectionheader .container .lev2{width:1028px;margin:0 auto}.navbar-sectionheader .container .lev2&gt;li+li{margin:0}.navbar-sectionheader .container .lev2&gt;li&gt;a{padding:20px;font-size:14px;line-height:20px;color:#326295;text-align:center}.navbar-sectionheader .container .lev2&gt;li&gt;a span{position:relative}.navbar-sectionheader .container .lev2&gt;li.active&gt;a{background-color:transparent;background:transparent url(data:image/png;base64,iVBORw0KGgoAAAANSUhEUgAAAAEAAAADCAYAAABS3WWCAAAAEElEQVQIW2NkaH/2nxFOAAAxoQdIXw3oTgAAAABJRU5ErkJggg==) repeat-x bottom center}.navbar-sectionheader .container .lev2&gt;li.active&gt;a:hover{background-color:#f2f2f2}.navbar-sectionheader .container .lev2&gt;li.menu-shown&gt;a{background-color:#f2f2f2}.navbar-sectionheader .container .lev2&gt;li.first&gt;a{padding-left:20px !important}.navbar-sectionheader .container .lev2.items8&gt;li&gt;a{padding:20px 36px}.navbar-sectionheader .container .lev2.items8&gt;li.first&gt;a{padding:20px !important}.navbar-sectionheader .container .lev2.items9&gt;li&gt;a{padding:20px 29px}.navbar-sectionheader .container .lev2.items9&gt;li.first&gt;a{padding:20px !important}.navbar-sectionheader .container .lev2.items11&gt;li&gt;a{padding:20px 19px}.navbar-sectionheader .header-additional-content{left:50%;margin-left:218px;position:relative;top:-76px;width:0}.navbar-sectionheader .header-additional-content .dropdown-wrapper{width:287px}.navbar-sectionheader .header-additional-content .dropdown-wrapper select{color:grey;font-size:14px;height:30px;width:287px;text-transform:uppercase}.de .navbar-sectionheader .container .lev2.items8&gt;li&gt;a{padding:20px 34px}.ar .navbar-sectionheader .container .lev2.items8&gt;li&gt;a{padding:20px 50px}.de .navbar-sectionheader .container .lev2.items9&gt;li&gt;a{padding:20px 27px}.es .navbar-sectionheader .container .lev2.items11&gt;li&gt;a,.pt .navbar-sectionheader .container .lev2.items11&gt;li&gt;a,.fr .navbar-sectionheader .container .lev2.items11&gt;li&gt;a{padding:20px 18px}.de .navbar-sectionheader .container .lev2.items11&gt;li&gt;a{padding:20px 14px}#siteh-sticky-subpanel.siteh-subpanel&gt;.container{width:1028px;margin:0 auto;padding:0 20px;min-height:274px;height:auto !important;height:274px;position:relative}#siteh-sticky-subpanel.siteh-subpanel .header-wrap{margin:0;position:absolute;width:100px;height:100px;top:72px;left:20px}#siteh-sticky-subpanel.siteh-subpanel .header-wrap .title-wrap{padding:0}#siteh-sticky-subpanel.siteh-subpanel .header-wrap .title-wrap .title{line-height:none}#siteh-sticky-subpanel.siteh-subpanel .header-wrap .title-wrap .title a{padding:0;width:100px;height:100px;background-image:url("http://img.fifa.com/images/tournaments/17/logo/2014.png?v=925a4eb946e8cc30bdc3336b5d8acc1b");background-color:transparent;background-repeat:no-repeat;background-position:0 0}#siteh-sticky-subpanel.siteh-subpanel .header-wrap .title-wrap .title a:before{content:""}#siteh-sticky-subpanel.siteh-subpanel .nav-wrap{float:left;margin-left:232px;margin-top:48px}#siteh-sticky-subpanel.siteh-subpanel .nav-wrap .nav&gt;li{float:none;width:206px;font-size:16px;line-height:20px;margin-bottom:24px}#siteh-sticky-subpanel.siteh-subpanel .nav-wrap .nav&gt;li&gt;a{color:#5cace5;padding:0;font-size:16px;line-height:20px;position:relative;display:block;padding-left:20px}#siteh-sticky-subpanel.siteh-subpanel .nav-wrap .nav&gt;li&gt;a:before{left:0}#siteh-sticky-subpanel.siteh-subpanel .nav-wrap .nav&gt;li&gt;a:hover{color:#fff;background-color:transparent}#siteh-sticky-subpanel.siteh-subpanel .nav-wrap+.nav-wrap{margin-left:0}#siteh-sticky-subpanel.siteh-subpanel .nav-wrap+.nav-wrap .nav{float:left}#siteh-sticky-subpanel.siteh-subpanel .nav-wrap+.nav-wrap .nav&gt;li&gt;a{padding-left:0}.navbar-sectionheader.small{height:auto}.navbar-sectionheader.small .container .contentheader{height:50px;padding-top:5px}.navbar-sectionheader.small .container .lev2&gt;li&gt;a{padding:10px 20px}
/**/
</style><style type="text/css">
/**/
/*/components/style/framework/lang=en/tournaments/match-header.css*/.navbar-pageheader{background-color:#fff}.navbar-pageheader h1{margin:0;height:62px;line-height:62px;border-bottom:1px solid #eaeef2}.navbar-pageheader h1 a{font-weight:500;color:#2e2e2e}.navbar-pageheader h1 a:hover,.navbar-pageheader h1 a:focus{text-decoration:none}.navbar-pageheader .container{width:100%;padding:0;border-bottom:3px solid #bfbfbf}.navbar-pageheader .container .header-sharebtn{display:none !important;visibility:hidden !important;float:right;position:relative}.navbar-pageheader .container .header-sharebtn .sharebtn-wrap&gt;a{padding:9px 15px 8px;position:relative;display:block;background:#fff;z-index:4;*zoom:expression(runtimeStyle.zoom = 1, insertBefore(document.createElement('small'), firstChild).className='before')}.navbar-pageheader .container .header-sharebtn .sharebtn-wrap&gt;a:before,.navbar-pageheader .container .header-sharebtn .sharebtn-wrap&gt;a&gt;.before{border-color:#fff transparent \9;border-color:#fff rgba(255,255,255,0);border-style:solid;border-width:0 0 37px 14px;position:absolute;left:-11px;top:0;width:0;content:"";left:-14px}.navbar-pageheader .container .header-sharebtn .sharebtn-wrap&gt;a span{*zoom:expression(runtimeStyle.zoom = 1, insertBefore(document.createElement('small'), firstChild).className='before');position:relative;display:inline-block;*display:inline;zoom:1;padding-left:26px}.navbar-pageheader .container .header-sharebtn .sharebtn-wrap&gt;a span:before,.navbar-pageheader .container .header-sharebtn .sharebtn-wrap&gt;a span&gt;.before{font-family:"fifa-icons";font-style:normal;font-weight:normal;text-align:center;position:absolute;top:50%;-webkit-font-smoothing:antialiased;-moz-osx-font-smoothing:grayscale;font-size:16px;line-height:16px;width:18px;height:18px;margin-top:-9px;left:4px;content:"\e606";*zoom:expression(runtimeStyle.zoom = 1, innerHTML = '\e606');color:inherit}.navbar-pageheader .container .header-sharebtn .sharebtn-wrap&gt;a:hover{background-color:#0087e6}.navbar-pageheader .container .header-sharebtn .sharebtn-wrap&gt;a:hover:before,.navbar-pageheader .container .header-sharebtn .sharebtn-wrap&gt;a:hover&gt;.before{border-color:#0087e6 transparent \9;border-color:#0087e6 rgba(0,135,230,0);border-style:solid;border-width:0 0 37px 14px;position:absolute;left:-11px;top:0;width:0;content:"";left:-14px}.navbar-pageheader .container .header-sharebtn .sharebtn-wrap&gt;a:hover span{background-color:#0087e6;color:#fff}.navbar-pageheader .container .header-sharebtn .sharebtn-wrap&gt;a:hover span:before,.navbar-pageheader .container .header-sharebtn .sharebtn-wrap&gt;a:hover span&gt;.before{color:#fff}.navbar-pageheader li{margin-left:0}.navbar-pageheader li&gt;a{color:#0087e6;padding:9px 15px 8px;margin-bottom:-3px;border-bottom:3px solid transparent}.navbar-pageheader li.active&gt;a,.navbar-pageheader li.active&gt;a:hover,.navbar-pageheader li&gt;a:hover{color:#0087e6;background-color:transparent;border-bottom:3px solid #0087e6}.navbar-pageheader li.active&gt;a:focus,.navbar-pageheader li&gt;a:focus{color:#0087e6;background-color:transparent}.navbar-pageheader.navbar-fixed-top{top:40px;box-shadow:0 2px 4px 0 #999;height:102px;border-bottom:3px solid #bfbfbf}.navbar-pageheader.navbar-fixed-top .container{width:988px;position:relative;border-bottom:none}.navbar-pageheader.navbar-fixed-top .container .nav{float:left}.navbar-pageheader.navbar-fixed-top .container .adv-nav{top:6px;position:absolute;right:0}.navbar-pageheader.navbar-fixed-top .container .header-sharebtn{display:block !important;visibility:visible !important}.navbar-pageheader .fdh-wrap&gt;h1{margin-left:106px;font-weight:400;font-size:27px;line-height:62px;color:#2e2e2e;text-transform:uppercase}.navbar-pageheader .fdh-wrap .fdh-thumb{float:left;margin-top:20px;margin-bottom:15px;margin-left:10px;margin-right:20px}.navbar-pageheader .fdh-wrap .fdh-thumb img{width:64px;height:64px;text-align:center;vertical-align:middle}.navbar-pageheader .fdh-wrap .fdh-flag{width:32px;height:62px;text-align:center;vertical-align:middle;float:left;margin-right:18px;line-height:55px}.navbar-pageheader .fdh-wrap .fdh-flag .flag{width:32px}.navbar-pageheader.team-profile .fdh-thumb{margin-top:10px;margin-left:0}.navbar-pageheader.team-profile .fdh-thumb .c-i{width:64px;height:64px}.navbar-pageheader.team-profile .fdh-wrap&gt;h1{border-bottom:0;height:85px;margin-left:85px;line-height:80px}.mh-row{margin-left:-10px;margin-right:-10px;padding-bottom:20px}.mh-row .header-wrap{margin:0}.mh-row .header-menu-simple{margin-left:-10px;margin-right:-10px;padding-left:10px;border-bottom:3px solid #bfbfbf}.mh-row .header-menu-simple .qlink-list .qlink-link{display:inline-block;*display:inline;zoom:1;padding-right:15px}.mh-row .header-menu-simple .qlink-list .qlink-link .qlink-link-wrap .item{line-height:2.54}.mh{position:relative;margin-top:16px}.mh:before,.mh:after{content:" ";display:table}.mh:after{clear:both}.mh&gt;a{display:block;text-decoration:none}.mh .mh-i-report-hl{position:absolute;top:0;right:0}.mh .mh-i .mh-i-round,.mh .mh-i .mh-i-location-date{text-align:center}.mh .mh-i .mh-i-round .mh-i-datetime,.mh .mh-i .mh-i-location-date .mh-i-datetime{display:inline-block}.mh .mh-i .mh-i-location-date span{margin-right:5px}.mh .mh-i .mh-i-location-date .mh-i-date{display:inline;margin-right:10px}.mh .mh-i .mh-i-round{font-weight:700;color:#474747;line-height:14px;margin-bottom:6px}.mh .mh-m{position:relative}.mh .mh-m:before,.mh .mh-m:after{content:" ";display:table}.mh .mh-m:after{clear:both}.mh .mh-m .t{width:44%;height:50px;margin-top:15px}.mh .mh-m .t .t-i .t-i-wrap,.mh .mh-m .t .t-i+.t-n .t-nText{height:50px}.mh .mh-m .t .c-i+.t-n .t-nText{height:42px}.mh .mh-m .t .t-n .t-nText{font-size:30px}.mh .mh-m .t .t-n .t-nText.kern{font-size:24px}.mh .mh-m .s .s-score{height:35px}.mh .mh-m .s .s-score .s-scoreText{font-size:32px;font-weight:700}.mh .mh-m .s .s-score .s-scoreText{display:inline-block;padding:3px 8px;line-height:1}.mh .mh-m .t-scorer{width:33%}.mh .mh-m .t-scorer:before,.mh .mh-m .t-scorer:after{content:" ";display:table}.mh .mh-m .t-scorer:after{clear:both}.mh .mh-m .t-scorer .ml-scorer-name{display:inline-block}.mh .mh-m .t-scorer .ml-scorer-name .p .p-i .flag{display:none !important;visibility:hidden !important}.mh .mh-m .t-scorer .ml-scorer-name .p .p-n a{color:#474747}.mh .mh-m .t-scorer .ml-scorer-name .p a{color:#474747;text-decoration:none}.mh .mh-m .t-scorer .ml-scorer-name .p a:hover,.mh .mh-m .t-scorer .ml-scorer-name .p a::after,.mh .mh-m .t-scorer .ml-scorer-name .p a:visited::after{color:#0087e6}.mh .mh-m .t-scorer .ml-scorer-name .p a:visited,.mh .mh-m .t-scorer .ml-scorer-name .p a:visited *{color:#5cace5}.mh .mh-m .t-scorer .ml-scorer-name .p a:visited:hover,.mh .mh-m .t-scorer .ml-scorer-name .p a:visited:hover *{color:#0087e6}.mh .mh-m .t-scorer.home{float:left;padding-left:63px}.mh .mh-m .t-scorer.home .mh-l-scorers .mh-scorer{display:inline}.mh .mh-m .t-scorer.home .mh-l-scorers .mh-scorer .ml-scorer-evmin{font-weight:700;margin-left:6px;margin-right:10px}.mh .mh-m .t-scorer.away{float:right;padding-right:63px}.mh .mh-m .t-scorer.away .mh-l-scorers{text-align:right}.mh .mh-m .t-scorer.away .mh-l-scorers .mh-scorer{text-align:right;display:inline}.mh .mh-m .t-scorer.away .mh-l-scorers .mh-scorer .ml-scorer-name{margin-left:10px}.mh .mh-m .t-scorer.away .mh-l-scorers .mh-scorer .ml-scorer-evmin{font-weight:700;margin-left:6px}.mh .mh-m&gt;.mu-reasonwin{margin:0 auto;text-align:center;font-size:11px;line-height:18px;width:33%}.mh .mh-m&gt;.mu-reasonwin:before,.mh .mh-m&gt;.mu-reasonwin:after{content:" ";display:table}.mh .mh-m&gt;.mu-reasonwin:after{clear:both}.mh .mh-m&gt;.mu-reasonwin-abbr{display:none !important;visibility:hidden !important}.mh.live .s-scoreText{background-color:#8ec62c;color:#fff}.navbar-matchheader{margin-bottom:20px}.navbar-matchheader .container{min-height:45px}.navbar-matchheader .container .mh-row .header-wrap .title-wrap .title a{display:inline}.navbar-matchheader.navbar-fixed-top{height:119px}.navbar-matchheader.navbar-fixed-top .container{min-height:119px}.navbar-matchheader.navbar-fixed-top .container .mh-row{padding-bottom:0}.navbar-matchheader.navbar-fixed-top .container .mh-row .header-wrap{display:none !important;visibility:hidden !important}.navbar-matchheader.navbar-fixed-top .container .mh-row .mh{border-bottom:solid 1px #e5e5e5}.navbar-matchheader.navbar-fixed-top .container .mh-row .mh .mh-i{display:none !important;visibility:hidden !important}.navbar-matchheader.navbar-fixed-top .container .mh-row .mh .mh-m .t-scorer,.navbar-matchheader.navbar-fixed-top .container .mh-row .mh .mh-m .mu-reasonwin{display:none !important;visibility:hidden !important}.col-xs-12 .mh .s .s-status{line-height:19px;min-height:19px;font-size:14px}
/**/
</style></head><body class="en fwc-matchpage" data-enablematchlive="false">
<script type="text/javascript">
//
  var amc=amc||{};if(!amc.on){amc.on=amc.call=function(){}};
  document.write("&lt;scr"+"ipt type=\"text/javascript\" src=\"//www.adobetag.com/d2/v2/ZDItZmlmYS0zNzk5LTU4Ny0=/amc.js\"&gt;&lt;\/sc"+"ript&gt;");
  //
</script>
<div id="wrap">
<div class="navbar siteh-wrap navbar-fixed-top navbar-default">
<div class="container">
<div class="navbar-header"><a href="#sitemenu" class="navbar-toggle navbar-site-toggle" data-target="#siteh-hamburger-subpanel"><span class="sr-only">Toggle navigation</span><span class="icon-bar"> </span><span class="icon-bar"> </span><span class="icon-bar"> </span></a><a class="navbar-brand" href="/index.html"> </a></div>
<div class="navbar navbar-default">
<div class="siteh-lev0">
<div class="nav-wrap">
<ul class="nav navbar-nav navbar-corporate"><li id="mitem-theOrganisation" class="first"><a title="Organisation" href="/aboutfifa/organisation/index.html"><span>Organisation</span></a></li><li id="mitem-footballDevelopment"><a title="Development" href="/aboutfifa/footballdevelopment/index.html"><span>Development</span></a></li><li id="mitem-footballGovernance"><a title="Governance" href="/aboutfifa/organisation/footballgovernance/index.html"><span>Governance</span></a></li><li id="mitem-sustainability" class="last"><a title="Sustainability" href="/aboutfifa/socialresponsibility/index.html"><span>Sustainability</span></a></li></ul>
</div>
</div>
<div class="navbar-sticky"></div>
<ul class="nav navbar-nav navbar-right"><li class="siteh-cal"> <a href="/aboutfifa/calendar/events.html" data-target="#siteh-cal-subpanel"></a></li><li class="siteh-store"> <a data-target="#siteh-store-subpanel" data-enabled="true" href="/store/index.html"></a></li><li class="siteh-search"> <a data-target="#siteh-search-subpanel" data-enabled="true" href="/search/index.html"></a></li><li class="siteh-tc"><a class="siteh-tc-label" data-target="#siteh-tc-subpanel" data-enabled="true" href="/theclub/index.html"> </a><a href="#" class="siteh-tc-screenname hidden" data-target="#siteh-tc-subpanel" data-enabled="true"><img class="siteh-tc-avatar" src="data:image/gif;base64,R0lGODlhAQABAIAAAAAAAAAAACH5BAEAAAAALAAAAAABAAEAAAICRAEAOw=="/></a></li></ul>
</div>
</div>
</div>
<div class="siteh-subpanel-wrapper">
<div id="siteh-hamburger-subpanel" class="siteh-subpanel container" style="display:none">
<div class="siteh-instruction-area">
<div class="siteh-instructions"></div>
<div class="siteh-close-subpanel" data-target="#siteh-hamburger-subpanel"><span class="glyphicon glyphicon-remove"> </span></div>
</div>
<div class="siteh-content-area"><img src="data:image/gif;base64,R0lGODlhAQABAIAAAAAAAAAAACH5BAEAAAAALAAAAAABAAEAAAICRAEAOw==" data-src="http://img.fifa.com/images/layout/brand/fifa_w.png" class="logolev0"/>
<div class="hp-link"><a href="/index.html" title="Home Page">Home
Page</a></div>
<div id="dd" class="dd-wrapper langSelect"><span class="dd-firstOpText">English</span>
<ul class="dropdown"><li><a href="#lang_e" data-attr="E" data-altlink="http://www.fifa.com">English</a></li><li><a href="#lang_d" data-attr="D" data-altlink="http://de.fifa.com">Deutsch</a></li><li><a href="#lang_f" data-attr="F" data-altlink="http://fr.fifa.com">Français</a></li><li><a href="#lang_s" data-attr="S" data-altlink="http://es.fifa.com">Español</a></li><li><a href="#lang_p" data-attr="P" data-altlink="http://pt.fifa.com">Português</a></li><li><a href="#lang_a" data-attr="A" data-altlink="http://ar.fifa.com">عربي</a></li><li><a href="#lang_r" data-attr="R" data-altlink="http://ru.fifa.com">Russian</a></li></ul>
</div>
<!--esi <esi:choose>
  <esi:when test="$exists($(HTTP_COOKIE{'FIFAComTracking'}))">
    $add_header('Set-Cookie','FIFAComTracking=' + $url_encode($(HTTP_COOKIE{'FIFAComTracking'}))+ ';path=/;domain=.fifa.com; ')
  </esi:when>
  <esi:when test="$exists($(HTTP_COOKIE{'MobileFIFAComTracking'}))">
    $add_header('Set-Cookie','FIFAComTracking=' + $url_encode($(HTTP_COOKIE{'MobileFIFAComTracking'}))+ ';path=/;domain=.fifa.com; ')
  </esi:when>
</esi:choose> -->
<div class="nav-wrap">
<ul class="nav siteh-toplink-list"><li id="mitem-orldCup" class="first"><a title="FIFA World Cup™" href="/worldcup/index.html"><span>FIFA World Cup™</span></a></li><li id="mitem-competitions"><a title="Competitions" href="/tournaments/index.html"><span>Competitions</span></a></li><li id="mitem-womensFootball"><a title="Women's Football" href="/aboutfifa/footballdevelopment/women/index.html"><span>Women's
Football</span></a></li><li id="mitem-anking"><a title="FIFA Ranking" href="/fifa-world-ranking/index.html"><span>FIFA Ranking</span></a></li></ul>
<ul class="nav siteh-toplink-list"><li id="mitem-liveScores"><a title="Live Scores" href="/world-match-centre/index.html"><span>Live Scores</span></a></li><li id="mitem-newsCentre"><a title="News Centre" href="/newscentre/index.html"><span>News Centre</span></a></li><li id="mitem-classicFootball"><a title="Classic Football" href="/classicfootball/index.html"><span>Classic
Football</span></a></li><li id="mitem-allondor"><a title="FIFA Ballon d'Or" href="/ballon-dor/index.html"><span>FIFA Ballon d'Or</span></a></li></ul>
<ul class="nav siteh-toplink-list"><li id="mitem-associations"><a title="Associations" href="/associations/index.html"><span>Associations</span></a></li><li id="mitem-media" class="last"><a title="Media" href="/aboutfifa/organisation/media/index.html"><span>Media</span></a></li></ul>
</div>
</div>
<div class="siteh-addons-area"></div>
</div>
<div id="siteh-store-subpanel" class="siteh-subpanel container" style="display:none">
<div class="siteh-instruction-area">
<div class="siteh-instructions">The Official Online Store</div>
<div class="siteh-close-subpanel" data-target="#siteh-store-subpanel"><span class="glyphicon glyphicon-remove"> </span></div>
</div>
<div class="siteh-content-area">
<div class="siteh-store-items">
<div class="siteh-store-area">
<div class="intcmp" data-intcmp="fifacom_hp_module_fifastore">
<div class="col-xs-12 clear-grid">
<div class="slider shop-list">
<div class="slider-wrap">
<ul class="slider-list items-4"><li class="shop-item">
<div class="shop-item-thumb"><a href="http://store.fifa.com/65053-rmcwc14.html?intcmp=fifacom_hp_module_fifastore" target="_blank"><img width="80" height="80" data-src="http://fifa.worldsportshops.com/65053rmcwc14.png" src="data:image/gif;base64,R0lGODlhAQABAIAAAAAAAAAAACH5BAEAAAAALAAAAAABAAEAAAICRAEAOw=="/></a></div>
<div class="shop-item-detail">
<h5><a href="http://store.fifa.com/65053-rmcwc14.html?intcmp=fifacom_hp_module_fifastore" target="_blank">Real Madrid 14/15 FIFA Club World Cup Home
Jersey</a></h5>
<span class="shop-item-price">$98.98</span></div>
</li><li class="shop-item">
<div class="shop-item-thumb"><a href="http://store.fifa.com/65040-rmcwc14.html?intcmp=fifacom_hp_module_fifastore" target="_blank"><img width="80" height="80" data-src="http://fifa.worldsportshops.com/65040rmcwc14.png" src="data:image/gif;base64,R0lGODlhAQABAIAAAAAAAAAAACH5BAEAAAAALAAAAAABAAEAAAICRAEAOw=="/></a></div>
<div class="shop-item-detail">
<h5><a href="http://store.fifa.com/65040-rmcwc14.html?intcmp=fifacom_hp_module_fifastore" target="_blank">Real Madrid 14/15 FIFA Club World Cup Away
Jersey</a></h5>
<span class="shop-item-price">$98.98</span></div>
</li><li class="shop-item">
<div class="shop-item-thumb"><a href="http://store.fifa.com/75755.html?intcmp=fifacom_hp_module_fifastore" target="_blank"><img width="80" height="80" data-src="http://fifa.worldsportshops.com/75755.png" src="data:image/gif;base64,R0lGODlhAQABAIAAAAAAAAAAACH5BAEAAAAALAAAAAABAAEAAAICRAEAOw=="/></a></div>
<div class="shop-item-detail">
<h5><a href="http://store.fifa.com/75755.html?intcmp=fifacom_hp_module_fifastore" target="_blank">2018 FIFA World Cup Russia Official Emblem
Hoody</a></h5>
<span class="shop-item-price">$49.99</span></div>
</li><li class="shop-item">
<div class="shop-item-thumb"><a href="http://store.fifa.com/73517.html?intcmp=fifacom_hp_module_fifastore" target="_blank"><img width="80" height="80" data-src="http://fifa.worldsportshops.com/73517.png" src="data:image/gif;base64,R0lGODlhAQABAIAAAAAAAAAAACH5BAEAAAAALAAAAAABAAEAAAICRAEAOw=="/></a></div>
<div class="shop-item-detail">
<h5><a href="http://store.fifa.com/73517.html?intcmp=fifacom_hp_module_fifastore" target="_blank">FIFA Women's World Cup Canada 2015 Official
Poster</a></h5>
<span class="shop-item-price">$14.99</span></div>
</li></ul>
</div>
<div class="slider-footer"></div>
</div>
</div>
<div class="qlink-wrap">
<ul class="qlink-list"><li class="qlink-link last">
<div class="qlink-link-wrap"><a href="http://en.fifa.com/store/index.html"><span class="item">Shop Now</span></a></div>
</li></ul>
</div>
</div>
 <a data-target="#siteh-store-subpanel" href="/store/index.html"></a></div>
</div>
</div>
</div>
<div id="siteh-search-subpanel" class="siteh-subpanel container" style="display:none">
<div class="siteh-instruction-area">
<div class="siteh-instructions">Search</div>
<div class="siteh-wholesite"><input id="siteh-checkbox-wholesite" name="siteh-checkbox-wholesite" type="checkbox"/> <label for="siteh-checkbox-wholesite">fifa.wholesite</label></div>
<div class="siteh-close-subpanel" data-target="#siteh-search-subpanel"><span class="glyphicon glyphicon-remove"> </span></div>
</div>
<div class="siteh-content-area">
<form action="/search/index.html"><input id="q" class="siteh-input-search" name="q" type="text"/><div class="siteh-search-suggestions"></div><button id="siteh-btn-search" type="submit" class="btn btn-primary">Search</button></form>
</div>
<div class="siteh-addons-area siteh-addons-search">
<div class="siteh-addons-sponsor">Powered by</div>
<div class="siteh-button-advanced-search"><button type="button" class="btn btn-link"><span class="siteh-button-as-descr">Advanced Search</span><span class="glyphicon glyphicon-chevron-down siteh-button-as-icon"> </span></button></div>
</div>
</div>
<div id="siteh-tc-subpanel" class="siteh-subpanel container" style="display:none">
<div class="siteh-instruction-area">
<div class="siteh-close-subpanel" data-target="#siteh-tc-subpanel">
<span class="glyphicon glyphicon-remove"> </span></div>
</div>
<div class="siteh-content-area">
<div class="siteh-tc-notlogged">
<div class="siteh-tc-descr">
<div class="siteh-instructions">The Club</div>
<div class="dcm-list teaser-sqr-2 inline-col6 customlink hasmorelink">
<!--2512025-->
<h4 class="dcm-title"><a href="http://www.fifa.com/theclub/index.htmx?action=registration&amp;redirect_uri=current">
New seasons of Trivia and Predictor are live!</a> </h4>
<div class="ph-sqr-2 figure i-wrap"><a class="dcm-internal" href="http://www.fifa.com/theclub/index.htmx?action=registration&amp;redirect_uri=current"><img alt="Prizes for the 2015 season of FIFA Predictor" title="Prizes for the 2015 season of FIFA Predictor" src="http://img.fifa.com/mm/photo/fanfest/wlpredictor/02/51/27/35/2512735_small.jpg" class="i-sqr-2" ph-data-picture-index="1" ph-data-picture-id="2512025" ph-data-picture-copyright="FIFA.com" ph-data-picture-title="New seasons of Trivia and Predictor are live!" ph-data-picture-date="Monday, 2 February 2015" ph-data-picture-comment="&lt;p&gt;Our popular FIFA Ultimate Trivia and FIFA predictor games are back with new seasons and new prizes!&amp;nbsp;&lt;/p&gt;" ph-data-picture-orientation="landscape" ph-data-picture-url="http://img.fifa.com/mm/photo/fanfest/wlpredictor/02/51/27/35/2512735_big-lnd.jpg" ph-data-picture-sizewidth="" ph-data-picture-sizeheight=""/><span class="dcm-icoFrame dcm-ico-news"><span class="dcm-ico"> </span></span></a> </div>
<div class="dmc-teaser-content">
<div class="dcm-summarysection">
<p>Our popular FIFA Ultimate Trivia and FIFA predictor games are
back with new seasons and new prizes! </p>
</div>
<div class="qlink-wrap">
<ul class="qlink-list"><li class="qlink-link last">
<div class="qlink-link-wrap"><a href="http://www.fifa.com/theclub/index.htmx?action=registration&amp;redirect_uri=current">
<span class="item">Register</span></a></div>
</li></ul>
</div>
</div>
</div>
</div>
<div class="siteh-tc-login">
<div class="megamenu siteh-tc-login login-megamenu">
<div class="siteh-intro">
<div class="siteh-sociallink hidden">
<h3>Social</h3>
<h4 class="siteh-socialfb hidden">You're logging in with
Facebook</h4>
<h4 class="siteh-socialtw hidden">You're logging in with
Twitter</h4>
<h4 class="siteh-socialgg hidden">You're logging in with
Google+</h4>
<a href="http://www.fifa.com/" class="sociallink-undo">Undo</a></div>
<div class="siteh-fifamember hidden">
<h3>fifa.memberlogin</h3>
</div>
</div>
<div class="siteh-instructions">Login</div>
<div class="siteh-login-fifacom-club">
<h4 class="siteh-linkto-fifaaccount hidden">Link your FIFA.com
account</h4>
<input type="hidden" name="cookie_domain" id="cookie_domain" value=".fifa.com"/>
<form method="post" action="https://secure.fifa.com/theclub/login.htmx" id="f_loginhp" name="f_loginhp" role="form" class="f_login_form jsredirect"><input type="hidden" id="watermark_reset" data-prepare="watermark_reset" value="1"/><div id="d_loginemail" class="form-group"><input type="text" id="cp_email" name="c_email" maxlength="100" data-required="true" data-validate="loginUserValidate" class="form-control watermark" title="Email"/></div><div id="d_loginpwd" class="form-group second-col"><input type="password" id="cp_password" name="c_password" maxlength="100" title="Password" data-required="true" data-validate="loginPasswordValidate" class="form-control watermark"/></div><input type="hidden" name="redirect_uri" id="redirect_uri" value="http://www.fifa.com" class="f_redirect_uri"/><div id="d_loginrememberMe" class="form-group"><input type="checkbox" name="c_rememberMe" id="c_rememberMe"/><label for="c_rememberMe" class="checkbox-only-style"> </label><label class="checkbox-side-label">Stay logged-in</label></div><div id="d_loginforgot" class="form-group second-col"><a href="/account/recoverpassword.html">If You Forget Your
Password...</a></div><div class="buttons-wrap form-group second-col" id="siteh-login-signin"><input type="submit" class="btn btn-default login-signin-btn" value="Sign In"/></div></form>
</div>
<div class="siteh-social-login-fifacom-club hidden">
<div class="siteh-instructions social-login hidden">Social
Login</div>
<form method="post" action="http://ump.webapi.fifa.com/gui/SocialAuth/LoginWith" id="f_facebook_login" class="f_fblogin_form social_login_form"><input type="hidden" value="PCA" name="client_id"/><input type="hidden" value="http://www.fifa.com/account/handlers/socialcontrol.htmx?current=current&amp;domain=http://www.fifa.com/&amp;action=sociallogin&amp;pv=fb" id="redirect_uri" name="redirect_uri" class="f_redirect_uri"/><input type="hidden" value="FACEBOOK" name="provider"/><button id="siteh-button-fb-login" type="submit" class="btn btn-primary"><img src="data:image/gif;base64,R0lGODlhAQABAIAAAAAAAAAAACH5BAEAAAAALAAAAAABAAEAAAICRAEAOw==" data-src="http://img.fifa.com/images/layout/icons/facebook20.png"/>Sign in with Facebook </button></form>
<form method="post" action="http://ump.webapi.fifa.com/gui/SocialAuth/LoginWith" id="f_twitter_login" class="f_twlogin_form social_login_form"><input type="hidden" value="PCA" name="client_id"/><input type="hidden" value="http://www.fifa.com/account/handlers/socialcontrol.htmx?current=current&amp;domain=http://www.fifa.com/&amp;action=sociallogin&amp;pv=tw" id="redirect_uri" name="redirect_uri" class="f_redirect_uri"/><input type="hidden" value="TWITTER" name="provider"/><button id="siteh-button-tw-login" type="submit" class="btn btn-primary"><img src="data:image/gif;base64,R0lGODlhAQABAIAAAAAAAAAAACH5BAEAAAAALAAAAAABAAEAAAICRAEAOw==" data-src="http://img.fifa.com/images/layout/icons/twitter20.png"/>Sign in with Twitter</button></form>
<form method="post" action="http://ump.webapi.fifa.com/gui/SocialAuth/LoginWith" id="f_google_login" class="f_gglogin_form social_login_form"><input type="hidden" value="PCA" name="client_id"/><input type="hidden" value="http://www.fifa.com/account/handlers/socialcontrol.htmx?current=current&amp;domain=http://www.fifa.com/&amp;action=sociallogin&amp;pv=gg" id="redirect_uri" name="redirect_uri" class="f_redirect_uri"/><input type="hidden" value="GOOGLE" name="provider"/><button id="siteh-button-gg-login" type="submit" class="btn btn-primary"><img src="data:image/gif;base64,R0lGODlhAQABAIAAAAAAAAAAACH5BAEAAAAALAAAAAABAAEAAAICRAEAOw==" data-src="http://img.fifa.com/images/layout/icons/google20.png"/>Sign in with Google+</button></form>
</div>
</div>
</div>
</div>
<div class="siteh-tc-logged hidden">
<div class="siteh-tc-theclub">
<div class="siteh-instructions">The Club</div>
<div class="dcm-list teaser-sqr-1 inline-col4 customlink hasmorelink">
<!--2512025-->
<h4 class="dcm-title"><a href="http://www.fifa.com/theclub/news/index.html">New seasons of Trivia
and Predictor are live!</a> </h4>
<div class="ph-sqr-1 figure i-wrap"><a class="dcm-internal" href="http://www.fifa.com/theclub/news/index.html"><img alt="Prizes for the 2015 season of FIFA Predictor" title="Prizes for the 2015 season of FIFA Predictor" src="http://img.fifa.com/mm/photo/fanfest/wlpredictor/02/51/27/35/2512735_small.jpg" class="i-sqr-1" ph-data-picture-index="1" ph-data-picture-id="2512025" ph-data-picture-copyright="FIFA.com" ph-data-picture-title="New seasons of Trivia and Predictor are live!" ph-data-picture-date="Monday, 2 February 2015" ph-data-picture-comment="&lt;p&gt;Our popular FIFA Ultimate Trivia and FIFA predictor games are back with new seasons and new prizes!&amp;nbsp;&lt;/p&gt;" ph-data-picture-orientation="landscape" ph-data-picture-url="http://img.fifa.com/mm/photo/fanfest/wlpredictor/02/51/27/35/2512735_big-lnd.jpg" ph-data-picture-sizewidth="" ph-data-picture-sizeheight=""/><span class="dcm-icoFrame dcm-ico-news"><span class="dcm-ico"> </span></span></a> </div>
<div class="dmc-teaser-content">
<div class="dcm-summarysection">Our popular FIFA Ultimate Trivia
and FIFA predictor games are back with new seasons and new
prizes!  </div>
<div class="qlink-wrap">
<ul class="qlink-list"><li class="qlink-link last">
<div class="qlink-link-wrap"><a href="http://www.fifa.com/theclub/news/index.html"><span class="item">FIFA.com Club News</span></a></div>
</li></ul>
</div>
</div>
</div>
</div>
<div class="siteh-tc-activities">
<div class="siteh-instructions">Activities</div>
<ul class="siteh-tc-activities-list"><li><a class="tc-activities-img" href="http://en.predictor.fifa.com/"><img src="data:image/gif;base64,R0lGODlhAQABAIAAAAAAAAAAACH5BAEAAAAALAAAAAABAAEAAAICRAEAOw==" data-src="http://img.fifa.com/images/layout/theclub/predictor.png"/></a><a href="http://en.predictor.fifa.com/"><span>FIFA
Predictor</span></a></li><li><a class="tc-activities-img" href="http://en.trivia.fifa.com/"><img src="data:image/gif;base64,R0lGODlhAQABAIAAAAAAAAAAACH5BAEAAAAALAAAAAABAAEAAAICRAEAOw==" data-src="http://img.fifa.com/images/layout/theclub/trivia.png"/></a><a href="http://en.trivia.fifa.com/"><span>FIFA
Ultimate Trivia</span></a></li></ul>
<div class="qlink-wrap" id="siteh-theclub-discover">
<ul class="qlink-list"><li class="qlink-link last">
<div class="qlink-link-wrap"><a href="/theclub/myprofile/games/index.htmx"><span class="item">Discover</span></a></div>
</li></ul>
</div>
</div>
<div class="siteh-tc-gotoclub">
<div class="siteh-instructions">Your Profile</div>
<img class="siteh-tc-avatar" src="data:image/gif;base64,R0lGODlhAQABAIAAAAAAAAAAACH5BAEAAAAALAAAAAABAAEAAAICRAEAOw=="/>
<div class="siteh-tc-userinfo">
<h2 id="siteh-tc-userinfo-screenname">Screen Name</h2>
<a class="siteh-tc-userinfo-edit chevron" href="/account/profile/edit.htmx">Edit</a></div>
<div class="siteh-tc-otherlinks"><a class="chevron" href="/theclub/profile/comments/index.html">Comments</a></div>
<div class="qlink-wrap" id="siteh-theclub-logout">
<ul class="qlink-list"><li class="qlink-link last">
<div class="qlink-link-wrap"><span class="item">Log out</span></div>
</li></ul>
</div>
<div class="socialLinkModule mmconnect" style="display:none">
<span class="socialModule-label">Connect</span>
<ul class="social-list" style="display:none"><li class="social-item fb-link">
<form method="post" action="http://ump.webapi.fifa.com/gui/SocialAuth/LoginWith" id="f_facebook_login" class="f_fblogin_form"><input type="hidden" value="PCA" name="client_id"/><input type="hidden" value="http://www.fifa.com/account/handlers/linkcontrol.htmx?domain=http://lup.fifa.com&amp;provider=FACEBOOK" id="redirect_uri" name="redirect_uri" class="f_redirect_uri"/><input type="hidden" value="FACEBOOK" name="provider"/><button id="siteh-button-fb-link" type="submit" class="ico-24-facebook-g linkButton"></button></form>
</li><li class="social-item fb-unlink">
<div id="siteh-button-fb-unlink" class="ico-24-facebook-g unlinkButton"></div>
</li><li class="social-item tw-link">
<form method="post" action="http://ump.webapi.fifa.com/gui/SocialAuth/LoginWith" id="f_twitter_login" class="f_twlogin_form"><input type="hidden" value="PCA" name="client_id"/><input type="hidden" value="http://www.fifa.com/account/handlers/linkcontrol.htmx?domain=http://lup.fifa.com&amp;provider=TWITTER" id="redirect_uri" name="redirect_uri" class="f_redirect_uri"/><input type="hidden" value="TWITTER" name="provider"/><button id="siteh-button-tw-link" type="submit" class="ico-24-twitter-g linkButton"></button></form>
</li><li class="social-item tw-unlink">
<div id="siteh-button-tw-unlink" class="ico-24-twitter-g unlinkButton"></div>
</li><li class="social-item gg-link">
<form method="post" action="http://ump.webapi.fifa.com/gui/SocialAuth/LoginWith" id="f_google_login" class="f_gglogin_form"><input type="hidden" value="PCA" name="client_id"/><input type="hidden" value="http://www.fifa.com/account/handlers/linkcontrol.htmx?domain=http://lup.fifa.com&amp;provider=GOOGLE" id="redirect_uri" name="redirect_uri" class="f_redirect_uri"/><input type="hidden" value="GOOGLE" name="provider"/><button id="siteh-button-gg-link" type="submit" class="ico-24-google-g linkButton"></button></form>
</li><li class="social-item gg-unlink">
<div id="siteh-button-gg-unlink" class="ico-24-google-g unlinkButton"></div>
</li></ul>
</div>
</div>
</div>
<div id="errorPanel" class="errorPanel megamenu">
<div class="errorList">
<ul><li class="hidden" id="error-1">Login Error </li><li class="hidden" id="error-2">The email address/password you
submitted is wrong or could not be found. Please try again. If you
are not a member of the FIFA.com Club, please register first. </li><li class="hidden" id="error-3">The email address/password you
submitted is wrong or could not be found. Please try again. If you
are not a member of the FIFA.com Club, please register first. </li><li class="hidden" id="error-4">This Facebook account is already
present </li><li class="hidden" id="error-5">Your Club account has been locked
due to a breach of our Terms of Service. Please set up a new
account in line with the Club rules. <a href="/theclub/rules.html">Review the Club Rules</a>. Alternatively, you
can email us by completing our <a href="/contact/form.html">contact
form</a>. </li><li class="hidden" id="error-70">Please enter a valid email address
</li><li class="hidden" id="error-71">The email address/password you
submitted is wrong or could not be found. Please try again. If you
are not a member of the FIFA.com Club, please register first. </li><li class="hidden" id="error-90">Log-in unsuccessful </li><li class="hidden" id="error-91">The social profile is already
linked to a FIFA.com Account </li></ul>
</div>
</div>
</div>
</div>
<div id="siteh-sticky-subpanel" class="siteh-subpanel" style="display:none">
<div class="container">
<div class="siteh-close-subpanel" data-target="#siteh-sticky-subpanel"><span class="glyphicon glyphicon-remove"> </span></div>
</div>
</div>
</div>
<div class="navbar navbar-sectionheader" data-reducedurl="/worldcup/archive/edition=2014/library/menu/_menu.html">
<div class="container">
<div class="header-wrap contentheader">
<div class="title-wrap">
<h1 class="title"><a href="/worldcup/archive/brazil2014/index.html">2014 FIFA World Cup
Brazil™<span class="trn-date">12 June - 13 July</span></a> </h1>
</div>
<div class="header-additional-content">
<div class="dropdown-wrapper" data-require="footerSectionMap">
<select id="competitionSelectByCup" class="dropdown"><option>select edition</option><option value="/worldcup/archive/brazil2014/index.html">Brazil 2014</option><option value="/worldcup/archive/southafrica2010/index.html">South Africa 2010</option><option value="/worldcup/archive/germany2006/index.html">Germany 2006</option><option value="/worldcup/archive/koreajapan2002/index.html">Korea/Japan 2002</option><option value="/worldcup/archive/france1998/index.html">France 1998</option><option value="/worldcup/archive/usa1994/index.html">USA 1994</option><option value="/worldcup/archive/italy1990/index.html">Italy 1990</option><option value="/worldcup/archive/mexico1986/index.html">Mexico 1986</option><option value="/worldcup/archive/spain1982/index.html">Spain 1982</option><option value="/worldcup/archive/argentina1978/index.html">Argentina 1978</option><option value="/worldcup/archive/germany1974/index.html">Germany 1974</option><option value="/worldcup/archive/mexico1970/index.html">Mexico 1970</option><option value="/worldcup/archive/england1966/index.html">England 1966</option><option value="/worldcup/archive/chile1962/index.html">Chile 1962</option><option value="/worldcup/archive/sweden1958/index.html">Sweden 1958</option><option value="/worldcup/archive/switzerland1954/index.html">Switzerland 1954</option><option value="/worldcup/archive/brazil1950/index.html">Brazil 1950</option><option value="/worldcup/archive/france1938/index.html">France 1938</option><option value="/worldcup/archive/italy1934/index.html">Italy 1934</option><option value="/worldcup/archive/uruguay1930/index.html">Uruguay 1930</option></select></div>
</div>
</div>
<div class="nav-wrap">
<ul class="nav nav-pills lev1"><li id="mitem-news" class="newslink first"><a title="News" href="/worldcup/archive/brazil2014/news/index.html" data-alias="/worldcup/news/index.html"><span>News</span></a></li><li id="mitem-photos" class="photoslink"><a title="Photos" href="/worldcup/archive/brazil2014/photos/index.html" data-alias="/worldcup/photos/index.html"><span>Photos</span></a></li><li id="mitem-videos" class="videoslink last"><a title="Videos" href="/worldcup/archive/brazil2014/videos/index.html" data-alias="/worldcup/videos/index.html"><span>Videos</span></a></li></ul>
</div>
<div class="nav-wrap">
<ul class="nav nav-pills lev2"><li id="mitem-matches" class="menu-2-matches first"><a title="Matches" href="/worldcup/archive/brazil2014/matches/index.html" data-alias="/worldcup/matches/index.html"><span>Matches</span></a></li><li id="mitem-teams" class="menu-2-teams"><a title="Teams" href="/worldcup/archive/brazil2014/teams/index.html"><span>Teams</span></a></li><li id="mitem-standingsgroups" class="menu-2-standings"><a title="Groups" href="/worldcup/archive/brazil2014/groups/index.html"><span>Groups</span></a></li><li id="mitem-statistics" class="menu-2-statistics"><a title="Statistics" href="/worldcup/archive/brazil2014/statistics/index.html"><span>Statistics</span></a></li><li id="mitem-awards" class="menu-2-awards"><a title="Awards" href="/worldcup/archive/brazil2014/awards/index.html"><span>Awards</span></a></li><li id="mitem-ticketing" class="menu-2-ticketing last"><a title="Ticketing" href="/worldcup/archive/brazil2014/organisation/ticketing/index.html"><span>
Ticketing</span></a></li></ul>
</div>
</div>
</div>
<div id="content-wrap">
<div class="container">
<div class="page-share hidden-print">
<div class="header-share">
<div class="header-listchannel"><span class="header-share-title">Follow us on</span>
<ul class="social-list"><li class="social-item"><a href="https://twitter.com/fifaworldcup" target="_blank" class="ico-24-twitter-g"> </a></li><li class="social-item"><a href="https://www.facebook.com/2014fifaworldcupbrazil" target="_blank" class="ico-24-facebook-g"> </a></li><li class="social-item"><a href="http://instagram.com/fifaworldcup" target="_blank" class="ico-24-instagram-g"> </a></li><li class="social-item"><a href="https://www.youtube.com/FIFATV" target="_blank" class="ico-24-youtube-g"> </a></li></ul>
</div>
<div class="header-sharebtn">
<div class="sharebtn-wrap"><a href="#" data-share-type="page"><span>Share</span></a></div>
</div>
</div>
</div>
<div class="navbar navbar-pageheader nav-scrollspy navbar-matchheader">
<div class="container">
<div class="mh-row hidden-print">
<div class="col-xs-12 clear-grid">
<div data-id="300186504" class="mh result">
<div class="mh-i">
<div class="mh-i-location-date"><span class="mh-i-stadium">Estadio Nacional</span><span class="mh-i-venue">Brasilia  <span dir="ltr">(BRA)</span></span>
<div class="mh-i-datetime">05 Jul 2014 - 13:00 Local time</div>
</div>
<div class="mh-i-round">Quarter-finals</div>
</div>
<div class="mh-m">
<div class="t home" data-team-id="43922">
<div class="t-i i-4"><span class="t-i-wrap"><img src="http://img.fifa.com/images/flags/4/arg.png" alt="Argentina" title="Argentina" class="ARG i-4-flag flag"/></span></div>
<div class="t-n"><span class="t-nText">Argentina</span><span class="t-nTri">ARG</span></div>
</div>
<div class="t away" data-team-id="43935">
<div class="t-i i-4"><span class="t-i-wrap"><img src="http://img.fifa.com/images/flags/4/bel.png" alt="Belgium" title="Belgium" class="BEL i-4-flag flag"/></span></div>
<div class="t-n"><span class="t-nText">Belgium</span><span class="t-nTri">BEL</span></div>
</div>
<div class="s">
<div class="s-fixture">
<div class="s-status">Full-time </div>
<div class="s-status-abbr">FT </div>
<div class="s-score s-date-HHmm" data-daymonthutc="0507">
<span class="s-scoreText">1-0</span> </div>
</div>
</div>
<div class="mu-reasonwin"><span class="text-reasonwin"> </span><span class="icon-mrep"> </span><span class="icon-hl"> </span> </div>
<div class="mu-reasonwin-abbr"><span class="text-reasonwin"> </span><span class="icon-mrep"> </span><span class="icon-hl"> </span> </div>
<div class="t-scorer home">
<ul class="mh-l-scorers" data-team-id="43922"><li class="mh-scorer">
<div class="p p-i-no" data-player-id="271550">
<div class="p-i"><span class="ml-scorer-name"> </span></div>
<div class="p-n"><a href="/worldcup/players/player=271550/index.html" target="true"><span class="p-n-webname">HIGUAIN</span></a></div>
</div>
<span class="ml-scorer-evmin"><span data-guid="7ef7bb7d2d0b466fbd15929a599276a8">8'</span></span></li></ul>
</div>
<div class="t-scorer away">
<ul class="mh-l-scorers" data-team-id="43935"></ul>
</div>
</div>
</div>
<script type="text/javascript">
//
(function(d, w) { var moduleconf = {}; moduleconf.matchName = 'Argentina-Belgium';  moduleconf.matchId = '300186504';  moduleconf.subsection5 = 'match Argentina-Belgium'; Page = w.fifa.analytics.Page; var NewModule = w.fifa.analytics.PageModule(moduleconf,false); Page.addModule('teamHeader',NewModule);})(document,window);
//
</script> </div>
</div>
<div class="nav-wrap">
<ul class="nav nav-pills" data-require="scrollspy"><li id="mitem-overview" class="first"><a title="Overview" href="/worldcup/matches/round=255953/match=300186504/index.html" data-ref="#overview" data-nosticky="true" data-noscroll="true"><span>Overview</span></a></li><li id="mitem-matchReport"><a title="Match Report" href="/worldcup/matches/round=255953/match=300186504/match-report.html" data-ref="#match-report" data-nosticky="true" data-noscroll="true"><span>Match Report</span></a></li><li id="mitem-officialmatchreport"><a title="Official Match Report" href="/worldcup/matches/round=255953/match=300186504/report.html" data-ref="#report" data-nosticky="true" data-noscroll="true"><span>Official Match Report</span></a></li><li id="mitem-quotes"><a title="Quotes" href="/worldcup/matches/round=255953/match=300186504/quotes.html" data-ref="#quotes" data-nosticky="true" data-noscroll="true"><span>Quotes</span></a></li><li id="mitem-news"><a title="News" href="/worldcup/matches/round=255953/match=300186504/news/index.html" data-ref="#news" data-noscroll="true"><span>News</span></a></li><li id="mitem-photos" class="last"><a title="Photos" href="/worldcup/matches/round=255953/match=300186504/photos/index.html" data-ref="#photos" data-noscroll="true"><span>Photos</span></a></li></ul>
</div>
<div class="header-sharebtn">
<div class="sharebtn-wrap"><a href="#" data-share-type="page"><span>Share</span></a></div>
</div>
</div>
</div>
<div class="row row-first">
<div class="article-wrap default news"><!--2399990-->
<!--googleoff: index-->
<div class="dcm-roofline">Brazil 2014 </div>
<!--googleon: index-->
<h1 class="dcm-articletitle">Higuain's early strike enough for
Argentina</h1>
<!--googleoff: index-->
<div class="article-credits">(FIFA.com) 05 Jul 2014</div>
<!--googleon: index-->
<div class="article-top-content">
<div class="ph-lnd-8 figure i-wrap"><img alt="Higuain's early strike enough for Argentina" title="Higuain's early strike enough for Argentina" src="http://img.fifa.com/mm/photo/tournament/competition/02/40/00/07/2400007_full-lnd.jpg" class="i-lnd-8" ph-data-picture-index="1" ph-data-picture-id="2399990" ph-data-picture-copyright="FIFA.com" ph-data-picture-title="Higuain's early strike enough for Argentina" ph-data-picture-date="Saturday, 5 July 2014" ph-data-picture-comment="Gonzalo Higuain was Argentina's hero with a well struck and decisive early goal that took &lt;em&gt;La Albiceleste&lt;/em&gt; to a 2-1 victory over a disappointing Belgium team." ph-data-picture-orientation="landscape" ph-data-picture-url="http://img.fifa.com/mm/photo/tournament/competition/02/40/00/07/2400007_big-lnd.jpg" ph-data-picture-sizewidth="" ph-data-picture-sizeheight=""/><span class="dcm-icoFrame dcm-ico-news"><span class="dcm-ico"> </span></span> </div>
</div>
<div class="article-sidebar">
<div class="dcm-icons clearfix hidden-print">
<ul><li><a href="#" class="icon-comments"> </a></li><li class="dcm-icons-share">
<div class="sharebtn-wrap"><a href="#" class="article-share icon-share" data-share-type="article" data-share-orientation="vertical" data-fb-layout="box_count" data-g-annotation="bubble" data-g-size="tall" data-twitter-count="vertical"> </a></div>
</li><li><a href="#" class="icon-print"> </a></li></ul>
</div>
</div>
<div id="article-body" class="article-body"><script src="http://www.fifa.com/components/readspeaker/ReadSpeaker.js?pids=embhl&amp;skin=FIFA&amp;forceRSLib=1" type="text/javascript">
//
 
//
</script>
<div id="readspeaker_button1" data-require="readspeaker" class="read-speaker rs_skip rsbtn_fifa2014 rs_preserve rsexpanded rsstopped pre-expanded">
<a rel="nofollow" class="rsbtn_play" accesskey="L" href="http://app.eu.readspeaker.com/cgi-bin/rsent?customerid=7389&amp;lang=en_uk&amp;voice=en_gb_amy&amp;readid=article-body&amp;url=http%3a%2f%2fwww.fifa.com%2fworldcup%2fnews%2fy%3d2014%2fm%3d7%2fnews%3dSystem.Xml.XmlElement.html" title="Listen to this page using ReadSpeaker"><span class="rsbtn_left rsimg rspart"><span class="rsbtn_text"><span><i class="icon icon-listen-icon"> </i>Listen</span></span></span><span class="rsbtn_right rsimg rsplay rspart"> </span></a></div>
<p>An eighth-minute half-volley from Napoli forward Gonzalo Higuain
proved to be enough to take Argentina through to the semi-finals of
Brazil 2014 at the expense of Belgium side who failed to fire in
Brasilia.</p>
<p>The Napoli striker capitalised on an error from Belgium
skipper Vincent Kompany to put <em>La Albiceleste</em> ahead with
their first shot on target. The Belgium captain lost
possession and Lionel Messi capitalised, finding Angel Di
Maria on the right. The Real Madrid man then gained a slice of luck
as his attempted pass to Pablo Zabaleta deflected off Jan
Vertonghen and into the path of Gonzalo Higuain, who shot home
first time.</p>
<p>The remainder of the first half was an open affair, played at an
extremely high tempo as Argentina’s front three of Higuain, Messi
and Di Maria constantly looked to counter against an opposition
looking to force an equaliser. However, the South Americans flow
was interrupted when Di Maria went off with a thigh injury after
firing a shot towards goal.</p>
<p>The change made Sabella’s side ever more reliant on Messi and
the Barcelona star almost provided Argentina’s second when he
blazed a free-kick just over the bar after being fouled by Marouane
Fellaini on the edge of the box. Belgium’s best chance of the half
came just before the break when Vertonghen’s inswinging cross from
the left was headed narrowly wide by Kevin Mirallas.</p>
<p>The South Americans created the first opportunity of the second
half when Higuain kept the ball in play and hit a low drive towards
goal. The ball ricocheted off the heel of Daniel van Buyten and out
for a corner. Higuain should then have made it two when he forced
Kompany into another error, allowing him a clear run on goal. The
Real Madrid man just had Courtois to beat, but clipped the crossbar
with his effort.</p>
<p>Wilmots made a double substitution on the hour mark with Romelu
Lukaku and Mertens replacing Divock Origi and Mirallas. Yet it was
two of their original starting 11 who combined to go close.
Fellaini outjumped Basanta in the box and headed Vertonghen’s
superb cross narrowly wide.</p>
<p>Argentina were given a scare when Ezequeil Garay almost diverted
Kevin De Bryune’s low ball into his own net, but Sergio Romero was
alert to the danger. A committed defensive display, plus the
efforts of defensive midfielders Lucas Biglia and Javier Mascherano
limited <em>Les Diables Rouges</em> to a handful of half-chances as
their hopes of emulating the team's showing at Mexico 1986 ebbed
away.</p>
<p>Indeed it was a quick break from Messi which almost produced the
game's second goal in added time, but Courtois stood his ground
superbly to keep his record of clean
sheets intact against the Barcelona man.</p>
<p>And so Argentina reached the semi-finals, with another single
goal win enough just as it had been in their four previous
encounters at Brazil 2014. They will now face the winners of
Netherlands-Costa Rica in Sao Paulo on Wednesday.</p>
</div>
<div class="clear-grid article-comments">
<div id="c_comments_2399990" class="hidden-print commentmanager" data-resource="2399990" data-enabled="1" data-title="Higuain's early strike enough for Argentina">
<div class="facebookButton" style="display:none;">
<form method="post" action="http://ump.webapi.fifa.com/gui/SocialAuth/LoginWith" id="f_facebook_login"><input type="hidden" value="PCA" name="client_id"/><input type="hidden" value="http://www.fifa.com/theclub/socialcontrol.htmx?current=current&amp;domain=http://www.fifa.com/&amp;action=sociallogin" id="redirect_uri" name="redirect_uri"/><input type="hidden" value="FACEBOOK" name="provider"/><button id="siteh-button-fb-login" type="submit" class="btn btn-primary"><img src="http://img.fifa.com/images/layout/icons/f-icon-20.png"/>Sign in with Facebook </button></form>
</div>
</div>
</div>
<div class="adv-inner">
<div class="hidden-print"><script type="text/javascript">
//
var googletag=googletag||{};googletag.cmd=googletag.cmd||[];(function(){var gscript=document.getElementById('google_adv_include');if(gscript){return;}var gads=document.createElement('script');gads.id='google_adv_include';gads.async=true;gads.type='text/javascript';var useSSL='https:'==document.location.protocol;gads.src=(useSSL?'https:':'http:')+'//www.googletagservices.com/tag/js/gpt.js';var node=document.getElementsByTagName('script')[0];node.parentNode.insertBefore(gads,node);})();
(function(){if(window.gTag){return;}googletag.cmd.push(function(){googletag.pubads().setTargeting('site',['en'])});
(function(){var DBClickKeyValues=document.location.pathname.match(/[^/]*=[^/|^\.]*/gi);if(DBClickKeyValues!=null){DBClickKeyValues=DBClickKeyValues.toString();DBClickKeyValues=DBClickKeyValues.split(',');for (var i=0;i!=DBClickKeyValues.length;i++){var key=DBClickKeyValues[i].split('=')[0];var value=DBClickKeyValues[i].split('=')[1];if(typeof value != 'undefined'){if(value.indexOf('-') != -1){value = value.split('-');value = value[value.length-1];}}googletag.cmd.push(function(){googletag.pubads().setTargeting(key,[value]);});}}
window.DBClickRefresh=function(){googletag.cmd.push(function(){googletag.pubads().refresh();});};})();(function(){function getCookie(n){var c=document.cookie.match(new RegExp('(^|;)\\s*'+escape(n)+'=([^;\\s]*)'));return(c?unescape(c[2]):null);}googletag.cmd.push(function(){googletag.pubads().setTargeting('user',[((getCookie('FIFAComClub'))?'loggedin':'notloggedin')]);});})();googletag.cmd.push(function(){googletag.display('div-gpt-ad-772a956f-ef1b-4460-a9d1-eb43a41ff45a');googletag.enableServices();window.gTag=true;});})();

          amc.on('tagload.scbase',function() {
           var s = window.s; var adUnit=s.pageName.replace(/ [^:]*/g,"");adUnit=adUnit.split(':');adUnit.splice(-1,1);if(adUnit.length&gt;4){adUnit.reverse();adUnit.splice(0,adUnit.length-4);adUnit.reverse();}adUnit=adUnit.join('/');if(adUnit.length!=0){adUnit='/'+adUnit;}wfa = window.fifa.analytics;
    if (!!window.fifa &amp;&amp; !!window.fifa.analytics) {
      wfa = window.fifa.analytics;
      wfaover = wfa.advoverride;
      if (!!wfaover) {
        if (!!wfaover.adunit) {
          adUnit = wfaover.adunit;
        }
      }
    }googletag.cmd.push(function(){
googletag.defineSlot('/8584/fifa.com'+ adUnit,[300,250],'div-gpt-ad-772a956f-ef1b-4460-a9d1-eb43a41ff45a')
.addService(googletag.pubads());
});
          });
//
</script>
<div id="div-gpt-ad-772a956f-ef1b-4460-a9d1-eb43a41ff45a" class="adv not-loaded adv-mrec" style="width:300px;height:250px;margin:0 auto;"><script type="text/javascript">
</script></div>
</div>
</div>
<div class="article-relateditem">
<h4 class="ritem-tag">Related Items</h4>
<ul class="ritem-list"><li class="ritem videos first priority-0">
<div class="ph-sqr-1 figure i-wrap"><a class="dcm-internal" href="/worldcup/videos/highlights/match=300186504/index.html"><img alt="Argentina 1:0 Belgium " title="Argentina 1:0 Belgium " src="http://img.fifa.com/mm/photo/tournament/competition/02/40/00/40/2400040_small.jpg" class="i-sqr-1" ph-data-picture-index="1" ph-data-picture-id="2400297" ph-data-picture-copyright="FIFA.com" ph-data-picture-title="Argentina 1:0 Belgium" ph-data-picture-date="Saturday, 5 July 2014" ph-data-picture-comment="Quarter finals, Brazil 2014, Saturday&amp;nbsp;5 July, Estadio Nacional, Brasilia" ph-data-picture-orientation="landscape" ph-data-picture-url="http://img.fifa.com/mm/photo/tournament/competition/02/40/00/40/2400040_big-lnd.jpg" ph-data-picture-sizewidth="" ph-data-picture-sizeheight=""/><span class="dcm-icoFrame dcm-ico-videos"><span class="dcm-ico"> </span></span></a> </div>
<div class="dcm-thumblist-title"><!--googleoff: index-->
<div class="dcm-roofline"><a href="/worldcup/videos/highlights/index.html" title="Argentina 1:0 Belgium ">Brazil 2014</a> </div>
<!--googleon: index-->
<h4 class="dcm-title"><a href="/worldcup/videos/highlights/match=300186504/index.html">Argentina
1:0 Belgium</a>  </h4>
<!--googleoff: index-->
<div class="dcm-pubdetails">Saturday 5 July 2014 </div>
<!--googleon: index--></div>
</li><li class="ritem link first priority-3">
<h4 class="dcm-title"><a alt="FIFA World Cup on Facebook" href="http://www.facebook.com/fifaworldcup">FIFA World Cup on
Facebook</a></h4>
</li><li class="ritem link first priority-4">
<h4 class="dcm-title"><a alt="FIFA World Cup on Twitter" href="https://twitter.com/fifaworldcup">FIFA World Cup on
Twitter</a></h4>
</li><li class="ritem videos first priority-5">
<div class="ph-sqr-1 figure i-wrap"><a class="dcm-internal" href="/worldcup/videos/y=2014/m=7/video=world-cup-highlights-argentina-belgium-spain-1982-2398111.html"><img alt="World Cup Highlights: Argentina - Belgium, Spain 1982" title="World Cup Highlights: Argentina - Belgium, Spain 1982" src="http://img.fifa.com/mm/photo/tournament/competition/02/39/81/12/2398112_small.jpg" class="i-sqr-1" ph-data-picture-index="1" ph-data-picture-id="2398111" ph-data-picture-copyright="YouTube" ph-data-picture-title="World Cup Highlights: Argentina - Belgium, Spain 1982" ph-data-picture-date="Wednesday, 2 July 2014" ph-data-picture-comment="In this famously difficult match for Diego Maradona, the holders were shocked by the Belgians, who will again try to stop the Argentines at the 2014 FIFA World Cup. &amp;nbsp;" ph-data-picture-orientation="landscape" ph-data-picture-url="http://img.fifa.com/mm/photo/tournament/competition/02/39/81/12/2398112_big-lnd.jpg" ph-data-picture-sizewidth="" ph-data-picture-sizeheight=""/><span class="dcm-icoFrame dcm-ico-videos"><span class="dcm-ico"> </span></span></a> </div>
<div class="dcm-thumblist-title"><!--googleoff: index-->
<div class="dcm-roofline"><a href="/worldcup/index.html" title="World Cup Highlights: Argentina - Belgium, Spain 1982">Brazil
2014</a> </div>
<!--googleon: index-->
<h4 class="dcm-title"><a href="/worldcup/videos/y=2014/m=7/video=world-cup-highlights-argentina-belgium-spain-1982-2398111.html">
World Cup Highlights: Argentina - Belgium, Spain 1...</a> </h4>
<!--googleoff: index-->
<div class="dcm-pubdetails">Wednesday 2 July 2014 </div>
<!--googleon: index--></div>
</li><li class="ritem videos first priority-6">
<div class="ph-sqr-1 figure i-wrap"><a class="dcm-internal" href="/worldcup/videos/y=2014/m=7/video=world-cup-highlights-argentina-belgium-mexico-1986-2398108.html"><img alt="World Cup Highlights: Argentina - Belgium, Mexico 1986" title="World Cup Highlights: Argentina - Belgium, Mexico 1986" src="http://img.fifa.com/mm/photo/tournament/competition/02/39/81/13/2398113_small.jpg" class="i-sqr-1" ph-data-picture-index="1" ph-data-picture-id="2398108" ph-data-picture-copyright="YouTube" ph-data-picture-title="World Cup Highlights: Argentina - Belgium, Mexico 1986" ph-data-picture-date="Wednesday, 2 July 2014" ph-data-picture-comment="Two amazing Diego Maradona goals highlighted this famous semi-final between the Argentines and Belgians, who meet again at the 2014 FIFA World Cup. &amp;nbsp;" ph-data-picture-orientation="landscape" ph-data-picture-url="http://img.fifa.com/mm/photo/tournament/competition/02/39/81/13/2398113_big-lnd.jpg" ph-data-picture-sizewidth="" ph-data-picture-sizeheight=""/><span class="dcm-icoFrame dcm-ico-videos"><span class="dcm-ico"> </span></span></a> </div>
<div class="dcm-thumblist-title"><!--googleoff: index-->
<div class="dcm-roofline"><a href="/worldcup/index.html" title="World Cup Highlights: Argentina - Belgium, Mexico 1986">Brazil
2014</a> </div>
<!--googleon: index-->
<h4 class="dcm-title"><a href="/worldcup/videos/y=2014/m=7/video=world-cup-highlights-argentina-belgium-mexico-1986-2398108.html">
World Cup Highlights: Argentina - Belgium, Mexico...</a> </h4>
<!--googleoff: index-->
<div class="dcm-pubdetails">Wednesday 2 July 2014 </div>
<!--googleon: index--></div>
</li><li class="btn-more"><span class="more-text">All Related Items (15)</span><span class="glyphicon-chevron-down"> </span></li></ul>
<div class="ritem-listall hidden">
<h4 class="ritem-tag">News</h4>
<ul class="ritem-list"><li class="ritem news first priority-7">
<div class="ph-sqr-1 figure i-wrap"><a class="dcm-internal" href="/worldcup/news/y=2014/m=2/news=dia-que-napoles-fue-argentina-2278635.html"><img alt="The day Naples belonged to Argentina" title="The day Naples belonged to Argentina" src="http://img.fifa.com/mm/photo/classic/worldcupmatches/02/27/80/64/2278064_small.jpg" class="i-sqr-1" ph-data-picture-index="1" ph-data-picture-id="2278635" ph-data-picture-copyright="FIFA.com" ph-data-picture-title="The day Naples belonged to Argentina" ph-data-picture-date="Friday, 14 February 2014" ph-data-picture-comment="We turn the clock back to 3 July 1990 and recall Italy's semi-final match with Argentina, which saw Diego Maradona return to his old stomping ground to help break the hosts' hearts." ph-data-picture-orientation="landscape" ph-data-picture-url="http://img.fifa.com/mm/photo/classic/worldcupmatches/02/27/80/64/2278064_big-lnd.jpg" ph-data-picture-sizewidth="" ph-data-picture-sizeheight=""/><span class="dcm-icoFrame dcm-ico-news"><span class="dcm-ico"> </span></span></a> </div>
<div class="dcm-thumblist-title"><!--googleoff: index-->
<div class="dcm-roofline"><a href="/classicfootball/stories/classicderby/index.html" title="The day Naples belonged to Argentina">Classic Rivalries</a> </div>
<!--googleon: index-->
<h4 class="dcm-title"><a href="/worldcup/news/y=2014/m=2/news=dia-que-napoles-fue-argentina-2278635.html">
The day Naples belonged to Argentina</a> </h4>
<!--googleoff: index-->
<div class="dcm-pubdetails">Friday 14 February 2014 </div>
<!--googleon: index--></div>
</li><li class="ritem news priority-19">
<div class="ph-sqr-1 figure i-wrap"><a class="dcm-internal" href="/worldcup/news/y=2007/m=4/news=belanov-three-not-enough-beat-brave-belgium-512281.html"><img alt="Belanov’s three not enough to beat brave Belgium" title="Belanov’s three not enough to beat brave Belgium" src="http://img.fifa.com/mm/photo/classic/worldcupmatches/51/73/70/517370_small.jpg" class="i-sqr-1" ph-data-picture-index="1" ph-data-picture-id="512281" ph-data-picture-copyright="FIFA.com" ph-data-picture-title="Belanov’s three not enough to beat brave Belgium" ph-data-picture-date="Friday, 27 April 2007" ph-data-picture-comment="&lt;p&gt;Only three times in FIFA World Cup&amp;trade; history has a player netted a hat-trick and still been on the losing side, with Igor Belanov being the latest to suffer that face when his Soviet Union side were denied in extra-time by Belgium.&lt;/p&gt;" ph-data-picture-orientation="landscape" ph-data-picture-url="http://img.fifa.com/mm/photo/classic/worldcupmatches/51/73/70/517370_big-lnd.jpg" ph-data-picture-sizewidth="" ph-data-picture-sizeheight=""/><span class="dcm-icoFrame dcm-ico-news"><span class="dcm-ico"> </span></span></a> </div>
<div class="dcm-thumblist-title">
<h4 class="dcm-title"><a href="/worldcup/news/y=2007/m=4/news=belanov-three-not-enough-beat-brave-belgium-512281.html">
Belanov’s three not enough to beat brave Belgium</a> </h4>
<!--googleoff: index-->
<div class="dcm-pubdetails">Friday 27 April 2007 </div>
<!--googleon: index--></div>
</li><li class="ritem news priority-20">
<div class="ph-sqr-1 figure i-wrap"><a class="dcm-internal" href="/worldcup/news/y=2014/m=7/news=messi-s-special-message-to-injured-neymar-2399790.html"><img alt="Messi's special message to injured Neymar" title="Messi's special message to injured Neymar" src="http://img.fifa.com/mm/photo/tournament/competition/02/39/95/39/2399539_small.jpg" class="i-sqr-1" ph-data-picture-index="1" ph-data-picture-id="2399790" ph-data-picture-copyright="AFP" ph-data-picture-title="Messi's special message to injured Neymar" ph-data-picture-date="Saturday, 5 July 2014" ph-data-picture-comment="Lionel Messi sent a special message to Barcelona team-mate and Brazil star Neymar after the forward was ruled out of the remainder of the FIFA World Cup with a fractured vertebra." ph-data-picture-orientation="landscape" ph-data-picture-url="http://img.fifa.com/mm/photo/tournament/competition/02/39/95/39/2399539_big-lnd.jpg" ph-data-picture-sizewidth="" ph-data-picture-sizeheight=""/><span class="dcm-icoFrame dcm-ico-news"><span class="dcm-ico"> </span></span></a> </div>
<div class="dcm-thumblist-title"><!--googleoff: index-->
<div class="dcm-roofline"><a href="/worldcup/index.html" title="Messi's special message to injured Neymar">Brazil 2014</a> </div>
<!--googleon: index-->
<h4 class="dcm-title"><a href="/worldcup/news/y=2014/m=7/news=messi-s-special-message-to-injured-neymar-2399790.html">
Messi's special message to injured Neymar</a> </h4>
<!--googleoff: index-->
<div class="dcm-pubdetails">Saturday 5 July 2014 </div>
<!--googleon: index--></div>
</li><li class="ritem news priority-21">
<div class="ph-sqr-1 figure i-wrap"><a class="dcm-internal" href="/worldcup/news/y=2014/m=6/news=what-was-the-best-group-stage-game-2386351.html"><img alt="What was the best group stage game?" title="What was the best group stage game?" src="http://img.fifa.com/mm/photo/tournament/competition/02/38/58/27/2385827_small.jpg" class="i-sqr-1" ph-data-picture-index="1" ph-data-picture-id="2386351" ph-data-picture-copyright="FIFA.com" ph-data-picture-title="What was the best group stage game?" ph-data-picture-date="Thursday, 26 June 2014" ph-data-picture-comment="&lt;strong&gt;FIFA.com &lt;/strong&gt;wants to know which first-phase match at Brazil 2014&amp;nbsp;you found the most thrilling." ph-data-picture-orientation="landscape" ph-data-picture-url="http://img.fifa.com/mm/photo/tournament/competition/02/38/58/27/2385827_big-lnd.jpg" ph-data-picture-sizewidth="" ph-data-picture-sizeheight=""/><span class="dcm-icoFrame dcm-ico-news"><span class="dcm-ico"> </span></span></a> </div>
<div class="dcm-thumblist-title"><!--googleoff: index-->
<div class="dcm-roofline"><a href="/worldcup/index.html" title="What was the best group stage game?">Brazil 2014</a> </div>
<!--googleon: index-->
<h4 class="dcm-title"><a href="/worldcup/news/y=2014/m=6/news=what-was-the-best-group-stage-game-2386351.html">
What was the best group stage game?</a> </h4>
<!--googleoff: index-->
<div class="dcm-pubdetails">Thursday 26 June 2014 </div>
<!--googleon: index--></div>
</li></ul>
<h4 class="ritem-tag">Teams</h4>
<ul class="ritem-list"><li class="ritem team first priority-9"><a href="/worldcup/teams/team=43922/index.html"><span class="flag-wrap"><img alt="Argentina" title="Argentina" src="http://img.fifa.com/images/flags/2/arg.png" class="flag"/></span><span>Argentina</span></a></li><li class="ritem team priority-10"><a href="/worldcup/teams/team=43935/index.html"><span class="flag-wrap"><img alt="Belgium" title="Belgium" src="http://img.fifa.com/images/flags/2/bel.png" class="flag"/></span><span>Belgium</span></a></li></ul>
<h4 class="ritem-tag">Links</h4>
<ul class="ritem-list"><li class="ritem link first priority-16">
<h4 class="dcm-title"><a alt="Panini Online Sticker Album" href="http://en.fifa.com/worldcup/games/sticker-album/index.html">Panini
Online Sticker Album</a></h4>
</li><li class="ritem link priority-17">
<h4 class="dcm-title"><a alt="McDonald’s FIFA World Cup Fantasy " href="http://en.mcdonalds.fantasy.fifa.com/">McDonald’s FIFA World
Cup Fantasy</a> </h4>
</li><li class="ritem link priority-18">
<h4 class="dcm-title"><a alt="FIFAWorldCup on Instagram" href="http://instagram.com/fifaworldcup">FIFAWorldCup on
Instagram</a></h4>
</li></ul>
</div>
</div>
</div>
</div>
</div>
</div>
<div class="navbar sitef-wrap">
<div class="container">
<div id="dd" class="dd-wrapper langSelect"><span class="dd-firstOpText">English</span>
<ul class="dropdown"><li><a href="#lang_e" data-attr="E" data-altlink="http://www.fifa.com">English</a></li><li><a href="#lang_d" data-attr="D" data-altlink="http://de.fifa.com">Deutsch</a></li><li><a href="#lang_f" data-attr="F" data-altlink="http://fr.fifa.com">Français</a></li><li><a href="#lang_s" data-attr="S" data-altlink="http://es.fifa.com">Español</a></li><li><a href="#lang_p" data-attr="P" data-altlink="http://pt.fifa.com">Português</a></li><li><a href="#lang_a" data-attr="A" data-altlink="http://ar.fifa.com">عربي</a></li><li><a href="#lang_r" data-attr="R" data-altlink="http://ru.fifa.com">Russian</a></li></ul>
</div>
<ul class="nav navbar-nav"><li class="sitef-copyright">Copyright ©1994 - 2015 FIFA. All rights
reserved</li><li class="sitef-mobileapps sep-item"><a href="/mobile/index.html">Mobile Apps</a></li><li class="sitef-platform sep-item hidden"><a href="#" data-target="#sitef-platform-gotomobile">Mobile Version</a></li><li class="sitef-contact sep-item"><a href="/contact-FIFA.html">Contact FIFA</a></li><li class="sitef-downloads sep-item"><a href="/legal/downloads.html">Downloads</a></li><li class="sitef-privacy sep-item"><a href="/legal/privacy-policy.html">Privacy Policy</a></li><li class="sitef-tos"><a href="/legal/terms-of-service.html">Terms
of Service</a></li></ul>
<ul class="social-channel-list"><li class="channel-item"><span class="footer-share-title">FIFA's Official Social Platforms</span></li><li class="channel-item"><a href="https://twitter.com/FIFAcom" target="_blank" class="ico-24-twitter"> </a></li><li class="channel-item"><a href="https://www.facebook.com/fifa" target="_blank" class="ico-24-facebook"> </a></li><li class="channel-item"><a href="https://www.youtube.com/FIFATV" target="_blank" class="ico-24-youtube"> </a></li></ul>
</div>
</div>
<script type="text/javascript">
//
(function(d,wd){
  if(!window.$j){return;}
  $j(d).ready(function(){
    var $cb_script = $j('script[src*="/js/chartbeat.js"]');
    if($cb_script.length){return;}
    wd.fifa = wd.fifa || {};
    wd.fifa.analytics = wd.fifa.analytics || {};
    wd.fifa.analytics.cbparams = wd.fifa.analytics.cbparams || {};
    var _cbcfg = wd.fifa.analytics.cbparams; 
    _cbcfg.cbdomain='fifa.com';
    var _sf_async_config=_sf_async_config || {};
    var _cbcfg = wd.fifa.analytics.cbparams || {};
    cbmanager = wd.fifa.analytics.manager(_cbcfg);
    _sf_async_config.uid =  cbmanager.Chartbeat.getUid();
    _sf_async_config.domain = cbmanager.Chartbeat.getDomain();
    _sf_async_config.authors = cbmanager.Chartbeat.getAuthors();
    _sf_async_config.title = fifacom_s.prop8;
    _sf_async_config.sections = fifacom_s.getHierarchy()+cbmanager.Chartbeat.getAddSections(true);
    _sf_async_config.path = cbmanager.Chartbeat.getPath()+'?site=web'+window.location.hash;
    _sf_async_config.useCanonical = true;
    function loadChartbeat() {
      window._sf_endpt=(new Date()).getTime();
      var e = document.createElement("script");
      e.setAttribute("language", "javascript");
      e.setAttribute("type", "text/javascript");
      e.setAttribute("src",
      (("https:" == document.location.protocol) ?
      "https://a248.e.akamai.net/chartbeat.download.akamai.com/102508/" :
      "http://static.chartbeat.com/") +
      "js/chartbeat.js");
      document.body.appendChild(e);
    }
    var dont = new RegExp("(localhost|stg\.|dev\.|dynamic|static)");
    if (!dont.test(window.location.href)) {
      loadChartbeat();
    }
  });
}(document,window));
//
</script></div>
<div id="fb-root"></div>
<!--esi <esi:choose><esi:when test="$exists($(HTTP_COOKIE{'FIFAComTracking'}))">
      <esi:assign name="omnitureCookie" value="$(HTTP_COOKIE{'FIFAComTracking'})"></esi:assign>
      </esi:when>
      <esi:otherwise>
      <esi:assign name="omnitureCookie" value="$time() + $rand()"></esi:assign>
      <esi:vars>
                      $add_header('Set-Cookie', 'FIFAComTracking='+ $(omnitureCookie)+ ';path=/;domain=.fifa.com; ')
      </esi:vars>
      </esi:otherwise></esi:choose>
      --><noscript><!--esi<esi:choose><esi:when test="$(HTTP_HOST) has_i 'm.'"><esi:assign name="siteVersion">mobile_noscript</esi:assign></esi:when><esi:when test="$(HTTP_HOST) has_i 'touch.'"><esi:assign name="siteVersion">mobile_noscript</esi:assign></esi:when><esi:otherwise><esi:assign name="siteVersion">web_noscript</esi:assign></esi:otherwise></esi:choose><img height="5" width="5" src="http://metrics.fifa.com/b/ss/<esi:include src="/library/config/_scaccount.html" onerror="continue"/>/5/<esi:vars>$(randomNumber)</esi:vars>?gn=worldcup:archive:2014:matches:round:match-report:article-static&amp;ch=worldcup&amp;ev=event2<esi:choose><esi:when test="(($exists($(HTTP_COOKIE{'FIFAComClub'}))) && ($(HTTP_REFERER) matches '''/theclub/index.html'''))">,event7</esi:when></esi:choose><esi:choose><esi:when test="($(HTTP_REFERER) matches '''/theclub/registration/validate.htmx''') || ($(HTTP_REFERER) matches '''/theclub/registration/index.html''')">,event19</esi:when></esi:choose>&amp;c1=worldcup:archive&amp;c2=worldcup:archive:2014&amp;c3=worldcup:archive:2014:matches&amp;c4=worldcup:archive:2014:matches:round&amp;c5=article-static&amp;c50=D=User-Agent&amp;c11=en&amp;c43=<esi:vars>$(siteVersion)</esi:vars>&amp;c12=en:worldcup:archive:2014:matches:round:match-report:article-static&amp;v15=worldcup:archive&amp;v51=worldcup:archive:2014&amp;v52=worldcup:archive:2014:matches&amp;v53=worldcup:archive:2014:matches:round&amp;v5=article-static&amp;h1=worldcup,archive,2014,matches,round,match-report&amp;h2=en,worldcup,archive,2014,matches,round,match-report<esi:choose><esi:when test="$(QUERY_STRING{cid})">&amp;v0=<esi:vars>$url_encode($(QUERY_STRING{cid}))</esi:vars></esi:when></esi:choose>&amp;v50=D=User-Agent&amp;v11=D=c11&amp;v8=D=gn&amp;v9=D=ch&amp;vid=<esi:vars>$(omnitureCookie)</esi:vars>&amp;g=http%3A%2F%2F<esi:vars>$(HTTP_HOST)</esi:vars>%2fworldcup%2fmatches%2fround%3d255953%2fmatch%3d300186504%2fmatch-report.html<esi:choose><esi:when test="$(HTTP_REFERER)">&amp;r=<esi:vars>$url_encode($(HTTP_REFERER))</esi:vars></esi:when></esi:choose>"/>--></noscript>
</body></html>