<?xml version="1.0" encoding="UTF-8"?><html xmlns:wmd="http://wmdemo.ml.com/data" xmlns="http://www.w3.org/1999/xhtml"><head><meta name="generator" content="HTML Tidy for Linux (vers 24 July 2007), see www.w3.org"/><title></title></head><body>
<div class="col-xs-6 clear-grid">
<div class="stats-team-defendingsaves">
<div class="generic-chart-block">
<div class="generic-doughnut-chart">
<div class="chart-teamdefendingsaves chart-item" data-attr="doughnut-teamdefendingsaves" data-require="chart" data-attrclass="d-statChart-teamdefendingsaves-tackles,d-statChart-teamdefendingsaves-blocked,d-statChart-teamdefendingsaves-save">
<div class="d-statChart-teamdefendingsaves-tackles breakdown-1 hidden"></div>
<div class="d-statChart-teamdefendingsaves-blocked breakdown-2 hidden"></div>
<div class="d-statChart-teamdefendingsaves-save breakdown-3 hidden"></div>
<script type="chart-data">

          [

          {"value":47,"color" : "#000000"},{"value":12,"color" : "#000000"},{"value":11,"color" : "#000000"}
          ]

</script> 
<div class="chart-data">
<div class="chart-data-wrap"><span class="chart-num">70</span></div>
</div>
</div>
</div>
<div class="legend">
<ul><li><span class="sbullet back-1"> </span> <span class="data">47</span><span class="description">Tackles</span></li><li><span class="sbullet back-2"> </span> <span class="data">12</span><span class="description">Blocks</span></li><li><span class="sbullet back-3"> </span> <span class="data">11</span><span class="description">Saves</span></li></ul>
</div>
</div>
</div>
</div>
<div class="col-xs-6">
<table class="table">
<tr><td></td><td>Australia</td><td>Tournament average</td></tr>
<tr id="3000105" class="save"><td>Saves</td><td class="num">11</td><td class="num">7.3</td></tr>
<tr id="3000063" class="clearances_attempted"><td>Attempted Clearances</td><td class="num">32</td><td class="num">29.4</td></tr>
<tr id="3000029" class="clearances_completed"><td>Completed Clearances</td><td class="num">28</td><td class="num">24.5</td></tr>
<tr id="2000103" class="recovered_balls"><td>Recovered Balls</td><td class="num">124</td><td class="num">88.8</td></tr>
<tr id="3000111" class="tackles"><td>Tackles</td><td class="num">47</td><td class="num">36.7</td></tr>
<tr id="3000114" class="tackles_gaining_ball"><td>Tackles won</td><td class="num">9</td><td class="num">9.3</td></tr>
<tr id="3000115" class="tackles_not_gaining_ball"><td>Tackles lost</td><td class="num">31</td><td class="num">21.8</td></tr>
<tr id="3000116" class="offside_given"><td>Offsides given</td><td class="num">8</td><td class="num">4.9</td></tr>
</table>
</div>
</body></html>