<?xml version="1.0" encoding="UTF-8"?><html xmlns:wmd="http://wmdemo.ml.com/data" xmlns="http://www.w3.org/1999/xhtml"><head><meta name="generator" content="HTML Tidy for Linux (vers 24 July 2007), see www.w3.org"/><title></title></head><body>
<div class="col-xs-6 clear-grid">
<div class="stats-team-defendingsaves">
<div class="generic-chart-block">
<div class="generic-doughnut-chart">
<div class="chart-teamdefendingsaves chart-item" data-attr="doughnut-teamdefendingsaves" data-require="chart" data-attrclass="d-statChart-teamdefendingsaves-tackles,d-statChart-teamdefendingsaves-save,d-statChart-teamdefendingsaves-blocked">
<div class="d-statChart-teamdefendingsaves-tackles breakdown-1 hidden"></div>
<div class="d-statChart-teamdefendingsaves-save breakdown-2 hidden"></div>
<div class="d-statChart-teamdefendingsaves-blocked breakdown-3 hidden"></div>
<script type="chart-data">

          [

          {"value":60,"color" : "#000000"},{"value":13,"color" : "#000000"},{"value":7,"color" : "#000000"}
          ]

</script> 
<div class="chart-data">
<div class="chart-data-wrap"><span class="chart-num">80</span></div>
</div>
</div>
</div>
<div class="legend">
<ul><li><span class="sbullet back-1"> </span> <span class="data">60</span><span class="description">Tackles</span></li><li><span class="sbullet back-2"> </span> <span class="data">13</span><span class="description">Saves</span></li><li><span class="sbullet back-3"> </span> <span class="data">7</span><span class="description">Blocks</span></li></ul>
</div>
</div>
</div>
</div>
<div class="col-xs-6">
<table class="table">
<tr><td></td><td>Bosnia and Herzegovina</td><td>Tournament average</td></tr>
<tr id="3000105" class="save"><td>Saves</td><td class="num">13</td><td class="num">9</td></tr>
<tr id="3000063" class="clearances_attempted"><td>Attempted Clearances</td><td class="num">39</td><td class="num">34.6</td></tr>
<tr id="3000029" class="clearances_completed"><td>Completed Clearances</td><td class="num">28</td><td class="num">28.9</td></tr>
<tr id="2000103" class="recovered_balls"><td>Recovered Balls</td><td class="num">135</td><td class="num">110</td></tr>
<tr id="3000111" class="tackles"><td>Tackles</td><td class="num">60</td><td class="num">45.2</td></tr>
<tr id="3000114" class="tackles_gaining_ball"><td>Tackles won</td><td class="num">20</td><td class="num">12.1</td></tr>
<tr id="3000115" class="tackles_not_gaining_ball"><td>Tackles lost</td><td class="num">38</td><td class="num">27.6</td></tr>
<tr id="3000116" class="offside_given"><td>Offsides given</td><td class="num">11</td><td class="num">5.8</td></tr>
</table>
</div>
</body></html>