<?xml version="1.0" encoding="UTF-8"?><html xmlns:wmd="http://wmdemo.ml.com/data" xmlns="http://www.w3.org/1999/xhtml"><head><meta name="generator" content="HTML Tidy for Linux (vers 24 July 2007), see www.w3.org"/><title></title></head><body>
<div class="col-xs-6 clear-grid">
<div class="stats-team-defendingsaves">
<div class="generic-chart-block">
<div class="generic-doughnut-chart">
<div class="chart-teamdefendingsaves chart-item" data-attr="doughnut-teamdefendingsaves" data-require="chart" data-attrclass="d-statChart-teamdefendingsaves-tackles,d-statChart-teamdefendingsaves-save,d-statChart-teamdefendingsaves-blocked">
<div class="d-statChart-teamdefendingsaves-tackles breakdown-1 hidden"></div>
<div class="d-statChart-teamdefendingsaves-save breakdown-2 hidden"></div>
<div class="d-statChart-teamdefendingsaves-blocked breakdown-3 hidden"></div>
<script type="chart-data">

          [

          {"value":97,"color" : "#000000"},{"value":23,"color" : "#000000"},{"value":15,"color" : "#000000"}
          ]

</script> 
<div class="chart-data">
<div class="chart-data-wrap"><span class="chart-num">135</span></div>
</div>
</div>
</div>
<div class="legend">
<ul><li><span class="sbullet back-1"> </span> <span class="data">97</span><span class="description">Tackles</span></li><li><span class="sbullet back-2"> </span> <span class="data">23</span><span class="description">Saves</span></li><li><span class="sbullet back-3"> </span> <span class="data">15</span><span class="description">Blocks</span></li></ul>
</div>
</div>
</div>
</div>
<div class="col-xs-6">
<table class="table">
<tr><td></td><td>Algeria</td><td>Tournament average</td></tr>
<tr id="3000105" class="save"><td>Saves</td><td class="num">23</td><td class="num">11.7</td></tr>
<tr id="3000063" class="clearances_attempted"><td>Attempted Clearances</td><td class="num">82</td><td class="num">44.3</td></tr>
<tr id="3000029" class="clearances_completed"><td>Completed Clearances</td><td class="num">69</td><td class="num">37</td></tr>
<tr id="2000103" class="recovered_balls"><td>Recovered Balls</td><td class="num">183</td><td class="num">139</td></tr>
<tr id="3000111" class="tackles"><td>Tackles</td><td class="num">97</td><td class="num">58.5</td></tr>
<tr id="3000114" class="tackles_gaining_ball"><td>Tackles won</td><td class="num">22</td><td class="num">15.9</td></tr>
<tr id="3000115" class="tackles_not_gaining_ball"><td>Tackles lost</td><td class="num">58</td><td class="num">37.1</td></tr>
<tr id="3000116" class="offside_given"><td>Offsides given</td><td class="num">11</td><td class="num">7.5</td></tr>
</table>
</div>
</body></html>