{"idcupseason":251164, "idteam":43954, "teamname":"Italy", "countrycode":"ITA", "idplayer":159304, "description":["Gianluigi Buffon is a player who needs no introduction, having\nlong been identified as one of the greatest goalkeepers in the\nhistory of the game – like his Juventus and Italy predecessor Dino\nZoff.", "Since winning the 2006 FIFA World Cup™ and being voted best\ngoalkeeper during that tournament, he has taken over the captain's\narmband – one of Cesare Prandelli’s first decisions when he became\ncoach in 2010. Imperious on his line and a commanding presence in\nthe box, the 36-year-old has lost none of his edge and has no plans\nto hang up his gloves just yet. ", "With his tall, slender frame, Buffon was always destined to be a\ngoalkeeper. Capable of making the most difficult saves look easy,\nespecially from point-blank range, there is no apparent weakness in\nhis game. Perhaps one of his main qualities is an ability to put\nany rare errors he makes to the back of his mind and focus on the\nmatch again.", "Buffon made his ", " debut away against Russia on 29\nOctober 1997. The following year, he travelled to the 1998 World\nCup in France as Italy's second-choice keeper. He made his mark at\nKorea/Japan 2002 by saving a penalty in Italy's fateful golden-goal\nelimination by Korea Republic in the Round of 16.", "That disappointment was forgotten at Germany 2006, however, when\nBuffon won his first major international trophy. The then\n28-year-old had a vital part to play in Italy's penalty shoot-out\nwin in the Final against France, keeping out Zinedine Zidane's\nextra-time header with a superb leaping save and then winning a\nbout of spot-kick mind games with his ", " team-mate David\nTrezeguet, forcing the Frenchman to change his usual penalty-taking\ntechnique.", "On 11 October 2013, the evergreen shot-stopper surpassed Fabio\nCannavaro to become ", "’s most capped player."], "bibnum":1, "fieldpos":1, "webname":"Gianluigi BUFFON", "webnamealt":"BUFFON", "surname":"BUFFON", "shirtname":"BUFFON", "playerletter":"B,B", "birthdate":"1978-01-28 00:00:00", "clubname":"Juventus FC", "idclub":31085}