{"idcupseason":251164, "idteam":43849, "teamname":"Cameroon", "countrycode":"CMR", "idplayer":170667, "description":["Although he is in the end part of his career, Samuel Eto'o\nremains an important part of the Cameroon team – on and off the\nfield. The winner of more honours than any other African\nfootballer, past or present, Eto'o stands alongside ‘Old Lion’\nRoger Milla in the hearts of Cameroon fans. However, things have\nnot always been easy for the Nkon-born player, who was sent to\nFrance with his brothers at the age of 14, but failed at his first\nattempts to find a club. He was finally spotted by Real Madrid, but\nmade no breakthrough, playing just a handful of games. He moved to\na number of clubs on loan and blossomed once a loan to Real\nMallorca had been made permanent. From the beautiful Balearic\nIsland he moved to Barcelona, before a falling-out with coach Pep\nGuardiola saw him move to Inter Milan. With the ", "\nhe won the Champions League in his first season, ensuring him a\nsecond consecutive treble. Amongst the titles he has won are three\nfor the Spanish league, one in Italy, and he owns a remarkable\nthree Champions League winner's medals. He is currently with\nEnglish Premier League club Chelsea after spending two seasons in\nRussia with Anzhi Makhachkala.", "As well as his club honours, Samu has not been short of trophies\nwith the national side. Since his first cap at the age of 15 in a\nfriendly against Costa Rica, he has won the CAF Africa Cup of\nNations twice with Cameroon, in 2000 and 2002, as well as the Men’s\nOlympic Football Tournament in 2000. The four-time African\nFootballer of the Year first played in the FIFA World Cup™ in 1998\nas a 17-year-old. Brazil will be his fourth appearance on\nfootball's biggest stage, making him just the third African player\nto achieve that. He is the all-time top scorer in the history of\nboth the AFCON, and the Cameroon national team. The one thing\nmissing for the Cameroon captain and icon is FIFA World Cup\nsuccess."], "bibnum":9, "fieldpos":4, "webname":"Samuel ETOO", "webnamealt":"", "surname":"ETO'O FILS", "shirtname":"ETO'O", "playerletter":"E,E", "birthdate":"1981-03-10 00:00:00", "clubname":"Chelsea FC", "idclub":33332}