{"idcupseason":251164, "idteam":43921, "teamname":"USA", "countrycode":"USA", "idplayer":175498, "description":["Very few would have predicted a return to FIFA World Cup™\nfootball at this stage in DaMarcus Beasley’s career, and even fewer\nin his transformed role as a left-back. Beasley’s experience and\nability to get forward helped USA coach Jurgen Klinsmann fill a\nvacant hole in the left side of defence, and it signaled a return\nto active duty and a fourth World Cup for the speedy winger, whose\nbest days for USA were largely considered to be between 2002 and\n2006.", "Part of a generation of players that also produced Landon\nDonovan, Beasley’s career in recent years has been defined more by\ninjuries than success at club or international level. He became the\nyoungest player to sign a Major League Soccer contract in 1999\nbefore moving on to play in Scotland with Rangers, the Netherlands\nwith PSV Eindhoven, German side Hannover 96 and now Puebla in\nMexico’s top division.", "Entering his 30s and his second decade in the US national team\nset-up, Beasley is relishing his surprise renaissance. “He’s is a\npure giver,” Klinsmann said of Beasley. “He told me he would play\nwhatever role we asked. He’s tremendous.” Beasley, for his part, is\nhappy to be back in the fold instead of on the outside looking in:\n“Defending is now what I do for the national team,” he\ntold ", ". “I get more and more\ncomfortable in the role with every game.”"], "bibnum":7, "fieldpos":2, "webname":"DaMarcus BEASLEY", "webnamealt":"BEASLEY", "surname":"BEASLEY", "shirtname":"BEASLEY", "playerletter":"B,B", "birthdate":"1982-05-24 00:00:00", "clubname":"Puebla FC", "idclub":2147481862}