{"idcupseason":251164, "idteam":43969, "teamname":"Spain", "countrycode":"ESP", "idplayer":175413, "description":["Despite Pepe Reina's undoubted talent, he has made just 26\nappearances for his country, accepting his status as an eternal\nunderstudy with plenty of good humour. It was\nReina who gave the right tip to Iker Casillas before Oscar\nCardozo's penalty kick in quarter-finals of South Africa\n2010.", "In becoming a goalkeeper, Reina maintained a family tradition,\ninheriting the talent of his father Miguel, who kept goal for\nBarcelona and Atletico Madrid in the 1960s and 70s. Sharp reflexes,\ngood positioning and an ability to play the ball out with either\nfoot are just some of the reasons why is one of the top Spanish\ngoalkeepers", "After a lengthy and successful stint in England with\nLiverpool, he is trying a new experience in Italy with Napoli since\nlast year. A La Liga debutant at the age of only 18 with Barcelona,\nReina starred for three seasons with Villarreal before signing for\nthe Reds in 2005. "], "bibnum":23, "fieldpos":1, "webname":"Pepe REINA", "webnamealt":"REINA", "surname":"REINA PAEZ", "shirtname":"REINA", "playerletter":"R,R", "birthdate":"1982-08-31 00:00:00", "clubname":"SSC Napoli", "idclub":2147481899}