{"idcupseason":251164, "idteam":43954, "teamname":"Italy", "countrycode":"ITA", "idplayer":175689, "description":["A Brazilian-born ", ", Thiago Motta is a veritable\nsentinel in the middle of the park, capable of operating as a\nholding player or deep-lying orchestrator. Since 9 February 2011,\nhe has been bringing his considerable skills to bear for Italy,\nwith Cesare Prandelli inviting him into the fold to bolster a\n", " midfield undergoing transition.", "An athletic and sturdy presence at 6'2, Motta kicked off his\ncareer at Sao Paolo side Juventus, before leaving for Europe to\njoin Barcelona aged 17. He soon displayed his talent in Spain,\nthanks to his strength, vision, percussive passing and sheer calm\nunder pressure. In short, he injects a measure of composure on the\npitch, though he has often been plagued by muscle injuries down the\nyears.", "Motta's family hail from Veneto, so, having never represented\nBrazil in a competitive match, he took his first steps with Italy\nin a 1-1 draw against Germany at the age of 28 in February 2011. He\nwent on to start three games at UEFA EURO 2012, though his\ntournament ultimately ended in anguish as he suffered a muscle tear\nin the final. Consistently excellent performances for Paris\nSaint-Germain nonetheless offered him a route back into the side\nlast September, and Motta contested Italy's decisive qualifiers on\nthe road to Brazil 2014. "], "bibnum":5, "fieldpos":3, "webname":"Thiago MOTTA", "webnamealt":"THIAGO MOTTA", "surname":"MOTTA", "shirtname":"THIAGO MOTTA", "playerletter":"M,T", "birthdate":"1982-08-28 00:00:00", "clubname":"Paris Saint-Germain FC", "idclub":33191}