{"idcupseason":251164, "idteam":43819, "teamname":"Japan", "countrycode":"JPN", "idplayer":177768, "description":["For more than a decade, midfielder Yasuhito Endo has been a\nmainstay of the Japanese national team, where his creativity,\nprecise passing and unerring free-kicks have been major weapons.\nJapan’s most-capped player, Endo has spent his entire career in the\nJ.League – a rarity these days for top-class Japanese players.", "Endo made his professional debut for Yokohama Flugels (now\nYokohama F. Marinos) in 1998, the year Japan played in its first\nFIFA World Cup™. After a stint with Kyoto Sanga, he joined Gamba\nOsaka in 2001, where he still plays and remains a fan favourite.\nEndo guided Gamba to its maiden AFC Champions League title in 2008,\nand his impressive performance in a 5-3 loss against Manchester\nUnited in the FIFA Club World Cup that year even earned praise from\nmanager Sir Alex Ferguson.", "\n", "\nGamba were demoted to the second division for the first time in\n2012, but significantly Endo stayed and helped the club bounce back\nthe following campaign. Although originally a defensive midfielder,\nthe 34-year-old showed his versatility last season by even playing\nup front at times.", "Born in Kagoshima Prefecture, Endo is the youngest (and most\nsuccessful) of three brothers who played football. As he steadily\nprogressed through the national team ranks, he helped Japan reach\nthe semi-finals of the 1999 FIFA U-20 World Cup in Nigeria, and\nplayed at the 2000 Sydney Olympics. Perhaps the biggest\ndisappointment of his career, however, was the 2006 World Cup in\nGermany. Despite being selected in the squad by coach Zico, Endo\nwas not granted any playing time. Determined to make amends for\nthis setback, the midfielder worked even harder to polish his\ngame.", "His conscientious work paid off at South Africa 2010, where he\nscored a trademark free-kick against Denmark in the group stage\nthat helped the Samurai Blue reach the Round of 16."], "bibnum":7, "fieldpos":3, "webname":"Yasuhito ENDO", "webnamealt":"ENDO", "surname":"ENDO", "shirtname":"ENDO", "playerletter":"E,E", "birthdate":"1980-01-28 00:00:00", "clubname":"Gamba Osaka", "idclub":1918505}