{"idcupseason":251164, "idteam":43954, "teamname":"Italy", "countrycode":"ITA", "idplayer":177876, "description":["The years have clearly not yet taken their toll on Andrea Pirlo,\nwho remains Italy's imperious midfield maestro. As comfortable\nplaying just in front of the defence as he is carrying out more\nadvanced duties, he is completely two-footed, endowed with\nfantastic vision and an unparalleled passer of the ball. If that\nwere not enough, he is also a remarkable free-kick taker.", "It was Carlo Ancelotti who suggested he operate in a more\nwithdrawn role while the duo were at AC Milan in 2002, and Pirlo\nquickly settled into his new duties alongside midfield comrades\nGennaro Gattuso and Clarence Seedorf. This tactical masterstroke\nbrought ", " great success, while Pirlo – dubbed \"a\nZico in front of the defence\" by former Brazil coach Carlos Alberto\nParreira – became practically irreplaceable. In the space of nine\nyears at Milan, the Italy stalwart secured two UEFA Champions\nLeague titles, a FIFA Club World Cup, a pair of Serie A crowns, two\nUEFA Super Cups and an Italian Cup", "Pirlo made his ", " debut at the age of 23 in\n2002, but he had to wait two more years until the second fixture of\nUEFA EURO 2004 before establishing himself as a starter. Nicknamed\n", " (Tinkerbell) or ", "\n(the Architect) by his team-mates, he then enjoyed his greatest\ntriumph at the 2006 FIFA World Cup™, where he was voted Man of the\nMatch in the duels with Ghana, hosts Germany and Final opponents\nFrance.", "Two years later, he contested three group games at EURO 2008,\nwhile injury kept his involvement in Italy's 2010 World Cup debacle\nto a minimum. Soon after taking the reins, Cesare Prandelli made\nPirlo his vice-captain behind Gianluigi Buffon, and the midfielder\npaid him back by performing superbly at EURO 2012, picking up three\nfurther Man of the Match awards in six outings. Pirlo then\ncelebrated another landmark achievement by collecting his\n100", " cap during the FIFA Confederations Cup on 16 June\nlast year.", " "], "bibnum":21, "fieldpos":3, "webname":"Andrea PIRLO", "webnamealt":"PIRLO", "surname":"PIRLO", "shirtname":"PIRLO", "playerletter":"P,P", "birthdate":"1979-05-19 00:00:00", "clubname":"Juventus FC", "idclub":31085}