{"idcupseason":251164, "idteam":43969, "teamname":"Spain", "countrycode":"ESP", "idplayer":177855, "description":["Arguably the finest passer on Planet Football, Xavi is the brain\nbehind the enviable styles of play of both Barcelona and Spain.\nBlessed with outstanding vision, Xavi has the intelligence and\nauthority to shape a game's tempo to his side’s needs. This\nadeptness at making his teams tick is allied with an uncanny\nability to pick a pass and make assists. In short, Xavi is a\ncoach’s dream.", "As if that were not enough, the vastly experienced central\nmidfielder is a masterful set-piece taker and, thanks to his\npowerful shooting and finely honed technique, is always a goal\nthreat from distance. Who could ask for more?", "On the podium for the FIFA Ballon d’Or Gala in 2010 and 2011,\nonly the show-stopping talents of Argentina’s Lionel Messi have\nprevented Xavi from accumulating a greater collection of individual\nawards, yet his calibre as a world-leading midfield string-puller\nis universally recognised. Indeed, in Spain’s triumph at UEFA EURO\n2008, he was chosen as the competition’s best player.", "At Barcelona since the age of 11, Xavi gradually worked his way\nthrough the youth ranks and into the club’s first team, where he\nsoon proved a worthy successor to Pep Guardiola. A virtual fixture\nin the ", " starting XI since 1999, he has helped the\nCatalan club to a vast number of titles, including seven La Ligas,\nthree UEFA Champions Leagues and two FIFA Club World Cups.", "Xavi’s first global trophy with ", " came in victory\nat the FIFA U-20 World Cup Nigeria 1999. His legendary status\nalready cemented via his integral part in the EURO wins in 2008 and\n2012, as well as Spain’s first FIFA World Cup™ triumph at South\nAfrica 2010, the Terrassa-born star is determined to add to his\nphenomenal medal collection at Brazil 2014."], "bibnum":8, "fieldpos":3, "webname":"Xavi HERNANDEZ", "webnamealt":"XAVI", "surname":"HERNANDEZ CREUS", "shirtname":"XAVI", "playerletter":"H,X", "birthdate":"1980-01-25 00:00:00", "clubname":"FC Barcelona", "idclub":1903416}