{"idcupseason":251164, "idteam":43954, "teamname":"Italy", "countrycode":"ITA", "idplayer":177927, "description":["Bari native Antonio Cassano is a player capable of changing the\noutcome of a game in the blink of an eye, but also a forthright\npersonality with a history of heated interactions with coaches and\nsometimes even team-mates. At the peak of his powers, though,\nCassano possesses a ball control that sets him apart from his\npeers, combined with the ability to dribble in tight spaces and\ndistribute laser-guided through balls. He is most effective in his\npreferred ", " role, as a second striker behind\nthe centre-forward.", "\n", "\nNicknamed ", ", Cassano has turned out for an\nimpressive list of big clubs, including Roma, Real Madrid, AC Milan\nand Inter Milan, winning league honours in both Italy and Spain. On\nthe international stage, he represented his country in every age\ngroup before making his step up to the senior squad, for whom he\nhas made over 30 appearances, collecting a runners-up medal at UEFA\nEURO 2012. Despite those achievements, the sense remains that he\nhas not enjoyed a career to match his talents, having made as many\nheadlines for run-ins with the likes of Fabio Capello, Marcello\nLippi, Luigi Del Neri and Francesco Totti as he has for his\nexploits on the pitch.", "\n", "\nCassano has nonetheless changed since joining Parma at the start of\nthe 2013/14 season, leaving the controversy behind him and\nrediscovering his best form. He asserts that fatherhood has\ntransformed him and his exemplary approach has endeared him to club\nofficials and colleagues alike, while also earning him one last\nadventure with ", " at the age of 31."], "bibnum":10, "fieldpos":4, "webname":"Antonio CASSANO", "webnamealt":"CASSANO", "surname":"CASSANO", "shirtname":"CASSANO", "playerletter":"C,C", "birthdate":"1982-07-12 00:00:00", "clubname":"Parma FC", "idclub":34551}