{"idcupseason":251164, "idteam":43911, "teamname":"Mexico", "countrycode":"MEX", "idplayer":178119, "description":["Without a doubt Mexico’s most influential defender of all time,\ncome the 2014 FIFA World Cup Brazil™ Rafael Marquez is in line to\nbecome the first player ever to captain his national side at four\nconsecutive editions of the global showpiece.", "A veteran of over 100 senior caps for ", " and a\ntrophy-laden spell at La Liga side FC Barcelona, with whom he won\ntwo UEFA Champions Leagues and the FIFA Club World Cup, just two\nyears ago few would have backed the versatile centre-back to be\nrepresenting Mexico on Brazilian soil.", "An up-and-down sojourn in the MLS had nudged the iconic No4 out\ninto the national-team wilderness and, then aged 33, a return to\nthe peak of his powers appeared unlikely. Yet it is when overcoming\nobstacles that true greats prove their worth, and that is precisely\nwhat ", " went about doing.", "Opting to return to his homeland to play for CD Leon, a\nsix-month settling-in period was all Marquez needed to rediscover\nhis flair for leadership as well as his form, to the extent that\nhis new team clinched an against-the-odds Mexican championship\ntriumph just 18 months after winning promotion.", "It therefore came as no surprise when, with Mexico floundering\non the road to Brazil 2014, coach Victor Manuel Vucetich and his\nsuccessor Miguel Herrera both looked to Marquez to steady a ship he\nhad captained for over a decade. As a result, fans will be able to\ncontinue to savour one of the finest players in Mexican football\nhistory."], "bibnum":4, "fieldpos":2, "webname":"Rafael MARQUEZ", "webnamealt":"", "surname":"MARQUEZ ALVAREZ", "shirtname":"R. MARQUEZ", "playerletter":"M,R", "birthdate":"1979-02-13 00:00:00", "clubname":"Club Leon", "idclub":543}