{"idcupseason":251164, "idteam":43909, "teamname":"Honduras", "countrycode":"HON", "idplayer":178185, "description":[" ", "Noel Valladares, 37, will captain Honduras at a FIFA World Cup™\nfor the second time this summer. Despite turning professional with\nReal Comayagua nearly two decades ago, his reflexes and\ndistribution not only remain intact, but couple perfectly with the\nexperience that he has gained over the years.", "His main strength is as a shot-stopper and is particularly\nimpressive when defending his goal from close range. Valladares is\nalso very skilled with his feet and has been known to play up front\non occasion. ", "Valladares has spent his entire career in his homeland, where he\nmade his professional debut aged 18. Two years later he took a step\nup by joining Motagua, one of Honduras’ most traditional teams. He\npicked up five titles between 1995 and 2000, the year when he made\nhis senior debut for his country against Haiti in a qualifier for\nthe 2002 FIFA World Cup Korea/Japan.", "Since then, he has made the No1 jersey his own, appearing 53\ntimes for his country over four different World Cup qualifying\ncampaigns. Moreover, he was a key member of the team that put\n", " back on the world stage at South Africa 2010\nafter a 28-year absence, before helping secure their qualification\nfor Brazil 2014. ", "As captain and mainstay of his national team, his contribution\nwill be key to Honduras’ attempts to survive the group stage in\nBrazil."], "bibnum":18, "fieldpos":1, "webname":"Noel VALLADARES", "webnamealt":"VALLADARES", "surname":"VALLADARES BONILLA", "shirtname":"VALLADARES", "playerletter":"V,V", "birthdate":"1977-05-03 00:00:00", "clubname":"CD Olimpia", "idclub":1884427}