{"idcupseason":251164, "idteam":43876, "teamname":"Nigeria", "countrycode":"NGA", "idplayer":178403, "description":["Joseph Yobo has returned to favour under Nigeria coach Stephen\nKeshi to make it a hat-trick of FIFA World Cup™ call-ups, having\nplayed in all his country’s group matches in 2002 and 2010. The\nformer Everton defender started his country’s successful CAF Africa\nCup of Nations campaign last year as captain and one of the\nguaranteed first-choice central defenders, but was restricted to\nsubstitute appearances after the opening game against Burkina Faso.\nDue to the successful nature of the partnership between Godfrey\nOboabona and Kenneth Omeruo, Yobo was sidelined during the Super\nEagles’ triumphant World Cup qualifying campaign, failing to make a\nsingle appearance on the road to Brazil. As a result, he is a\nsurprise inclusion by Keshi but adds a wealth of experience to\nNigeria’s squad.", "Making his full international debut in March 2001, after helping\nhis country to the quarter-finals of the FIFA U-20 World Cup in his\nhomeland in 1999, he played four games on the road to Korea/Japan\nand made his World Cup debut against Argentina, with Gabriel\nBatistuta scoring the deciding goal. He also played a key role in\nqualification for South Africa 2010, playing nine times as Nigeria\nreached the finals, only to be eliminated at the group stage once\nagain. Yobo took on the captains’ armband after the retirement of\nNwankwo Kanu, and is set to lead Keshi’s men at his third\nappearance at world football’s showpiece event."], "bibnum":2, "fieldpos":2, "webname":"Joseph YOBO", "webnamealt":"", "surname":"YOBO", "shirtname":"YOBO", "playerletter":"Y,Y", "birthdate":"1980-09-06 00:00:00", "clubname":"Norwich City FC", "idclub":33339}