{"idcupseason":251164, "idteam":43925, "teamname":"Chile", "countrycode":"CHI", "idplayer":178630, "description":["One of the more brusque unwritten rules in South American\nfootball is that ‘the fat guy always goes in goal.’ Johnny Herrera\nexperienced it first-hand when he began playing the game in his\nhometown of Angol as a nine-year-old, yet he gave an early\nindication of his force of character by subsequently making the\ngoalkeeper’s position his own. He has since enjoyed considerable\nsuccess with his club Universidad de Chile.", "\n", "\nHe joined ", " as a 14-year-old after being rejected by\nUniversidad Catolica, and went on to make his first team debut just\nfive years later. Herrera won seven titles while donning the club’s\nblue jersey, including their only piece of international silverware\n- the 2011 Copa Sudamericana - doing so under the guidance of\ncurrent national team coach Jorge Sampaoli. Furthermore, the\ngoalkeeper lifted the league title during a spell at Everton in\n2008.", "\n", "Herrera’s trophy cabinet also boasts a bronze medal from the\nMen’s Olympic Football Tournament at Sydney 2000, where he was\nthird-choice custodian. He played at the FIFA U-20 World Cup in\nArgentina a year later and coach Juvenal Olmos also called him up\nto the squad for the 2004 Athens Olympics qualifying campaign. That\nproved to be the first of many times he would be back-up for\nClaudio Bravo, who is the main reason the 32-year-old Herrera has\nnot earned more than eight senior caps, all of which have come in\nfriendly fixtures."], "bibnum":23, "fieldpos":1, "webname":"Johnny HERRERA", "webnamealt":"", "surname":"HERRERA MUNOZ", "shirtname":"HERRERA", "playerletter":"H,H", "birthdate":"1981-05-09 00:00:00", "clubname":"Club Universidad de Chile", "idclub":44185}