{"idcupseason":251164, "idteam":43854, "teamname":"Côte d'Ivoire", "countrycode":"CIV", "idplayer":178963, "description":["With over 100 international games for Côte d’Ivoire, defender\nKolo Toure is one of the most experienced players in Africa. A\nveteran of his country's two previous FIFA World Cup™ finals\ncampaigns, the older of the Toure brothers first broke into the\nnational team in 2000, which allowed him to obtain a work permit\nwhen Arsene Wenger wanted to sign him for Arsenal.", "At the time Toure was playing for ASEC Mimosas, with whom he had\nwon the CAF Champions League in 1998. He came agonizingly close to\nadding the UEFA Champions League in 2006, but a 10-man Arsenal side\nwere beaten 2-1 by Barcelona.", "He is one of several players to have embarked on a successful\nprofessional career after going through Jean-Marc Guillou's ASEC\nAbidjan academy, which he joined as a midfielder. When he emerged\nafter his basic training, he was an athletic, physical, powerful\nplayer at right back or in the centre of defence.", "A 14-year veteran of the national team, Toure and his\nworld-class brother Yaya form part of an impressive spine of\nplayers for ", ", with whom he finished runner-up\nat the CAF Africa Cup of Nations in 2006 and 2012."], "bibnum":4, "fieldpos":2, "webname":"Kolo TOURE", "webnamealt":"T. KOLO", "surname":"TOURE", "shirtname":"T. KOLO", "playerletter":"T,T", "birthdate":"1981-03-19 00:00:00", "clubname":"Liverpool FC", "idclub":1896769}