{"idcupseason":251164, "idteam":43819, "teamname":"Japan", "countrycode":"JPN", "idplayer":180936, "description":["After winning the J.League golden boot in 2013, striker Yoshito\nOkubo will be brimming with confidence as he appears at his second\nFIFA World Cup™. Even so, the inclusion of the seasoned Kawasaki\nFrontale forward for Brazil 2014 was something of a surprise, as\nhis last game for the Samurai Blue came more than two years\nago.", "Okubo’s playing resume includes spells both in Japan and abroad.\nAfter graduating from high school, he joined Cerezo Osaka, a noted\nfootball academy that has produced top-class players such as Shinji\nKagawa and Yoichiro Kakitani. A stint with Mallorca in the Spanish\nleague was followed by a more productive return to Vissel Kobe. In\n2009, he was signed by VfL Wolfsburg, which also had current Japan\ncaptain Makoto Hasebe on its books. Despite limited opportunities,\nOkubo helped Wolfsburg win the Bundesliga title before returning to\nJapan to link up again with Vissel prior to South Africa 2010. A\nstring of sparkling performances proved impossible for Japan coach\nTakeshi Okada to ignore. In South Africa, Okubo was used on the\nwing, but also earned plaudits for contributing heavily in\ndefence.", "Although he has mostly been on the fringes at national team\nlevel since then, the surging runs and high work rate that powered\nhis prolific 2013 season will ensure Okubo can hold his own on the\nworld stage in Brazil."], "bibnum":13, "fieldpos":4, "webname":"Yoshito OKUBO", "webnamealt":"OKUBO", "surname":"OKUBO", "shirtname":"OKUBO", "playerletter":"O,O", "birthdate":"1982-06-09 00:00:00", "clubname":"Kawasaki Frontale", "idclub":468}