{"idcupseason":251164, "idteam":43924, "teamname":"Brazil", "countrycode":"BRA", "idplayer":181406, "description":["Brazil have certainly not struggled for quality in the\nright-back position, particularly since tireless wide-man Cafu\nfirst burst onto the scene. And though the man who captained his\ncountry to their record fifth world crown had a cast-iron grip on\nthe role, since he hung up his boots several names have battled it\nout to make the position their own – with Maicon first-choice at\nthe 2010 FIFA World Cup™ South Africa.", "Hailing from Novo Hamburgo in the state of Rio Grande do Sul,\nMaicon first caught the eye globally at the 2001 edition of the\nFIFA U-20 World Cup. His senior ", " debut came two\nyears later, when Brazil sent its U-23 squad to take part in the\nCONCACAF Gold Cup. Despite a 1-0 defeat by Mexico in the final, the\nright-back and team-mate Kaka were both chosen in the tournament’s\nbest XI.", "The adventurous defender was also part of the Cruzeiro side that\nachieved a remarkable triple crown in 2003, featuring victory in\nthe Mineiro state championship, Copa do Brasil and Brazilian\nnational championship. Soon appearing on the wanted lists of\nEuropean powers, Maicon earned a switch to Ligue 1 outfit Monaco,\nwhere two further good seasons led to a move to Italian giants\nInter Milan in 2006.", "A winner of every domestic honour during his time with Inter, in\naddition to the UEFA Champions League and FIFA Club World Cup in\n2010, the Brazilian eventually moved on to Manchester City in 2012.\nInjuries hampered his progress, however, and Maicon only managed to\nregain his trademark power and verve after returning to\n", " with AS Roma in July 2013 – a fact that has not got\nunnoticed by Brazil boss Luiz Felipe Scolari."], "bibnum":23, "fieldpos":2, "webname":"MAICON", "webnamealt":"Maicon", "surname":"SISENANDO", "shirtname":"MAICON", "playerletter":"M,M", "birthdate":"1981-07-26 00:00:00", "clubname":"AS Roma", "idclub":31083}