{"idcupseason":251164, "idteam":43921, "teamname":"USA", "countrycode":"USA", "idplayer":181951, "description":["Not the flashiest player in USA’s midfield arsenal, Brad Davis\nremains dangerous from set-pieces and useful for his tireless\nwork-rate and ability to covert to a defensive role when\nneeded. Beloved at Major League Soccer club Houston Dynamo for his\nselfless toil and productivity, Brazil 2014 will be his first FIFA\nWorld Cup™.", "From his perch out on the left side of midfield, Davis’s primary\nweapon is a pin-point cross that often produces goals. Whether from\nfree-kicks or in open play, the service Davis provides will make\nany team better on the day. He has won two MLS titles with current\nclub side Dynamo, in 2006 and 2007, and was crowned a CONCACAF Gold\nCup champion when he lined up for USA in 2005, clinching victory\nwith the final spot-kick in a penalty shootout against Panama.", "Talked about in MLS circles as one of the most consistent and\nnaturally-talented wingers, Davis is not one to boast about his own\nqualities, preferring instead to let his play do the talking. “I\nwant to be remembered as a player who did his all to help his\nteam-mates win,” he told ", " in run-up to\nwhat would be his first, and likely his last, World Cup."], "bibnum":14, "fieldpos":3, "webname":"Brad DAVIS", "webnamealt":null, "surname":"DAVIS", "shirtname":"DAVIS", "playerletter":"D,D", "birthdate":"1981-11-08 00:00:00", "clubname":"Houston Dynamo", "idclub":1900946}