{"idcupseason":251164, "idteam":43927, "teamname":"Ecuador", "countrycode":"ECU", "idplayer":181930, "description":["For the vastly experienced 32-year-old centre-back Jorge Guagua,\nthis summer's tournament represents a golden opportunity to enjoy\nanother taste of FIFA World Cup™ action in the twilight of his\ncareer, having previously featured at Germany 2006. A solid\ndefender with a strong physique and great ability in the air,\nGuagua has had a somewhat nomadic career since making the\nbreakthrough at Naval.", "After cementing his reputation at El Nacional, where he won two\nleague titles, the then youngster sought out pastures new at\nArgentinian outfit Colon. Notwithstanding a season in Mexico with\nAtlante, he has spent the last seven years back in Ecuador with\nfive different clubs: Emelec, Barcelona, Deportivo Quito, El\nNacional again and most notably Liga de Quito, with whom he won\nanother domestic championship and the 2010 Recopa Sudamericana.", "Guagua featured in the 2001 FIFA U-20 World Cup in Argentina,\nshortly after making his first senior international appearance in a\nqualifier for Japan/Korea 2002. He also featured in qualifying for\nGermany 2006, South Africa 2010 and Brazil 2014 and has been a\nmember of three Copa America squads (2001, 2004 and 2007). With\nover 50 caps under his belt, including three in the World Cup\nfinals, the seasoned stopper is a steady presence in the heart of\nthe Ecuador defence."], "bibnum":2, "fieldpos":2, "webname":"Jorge GUAGUA", "webnamealt":"", "surname":"GUAGUA TAMAYO", "shirtname":"GUAGUA", "playerletter":"G,G", "birthdate":"1981-09-28 00:00:00", "clubname":"CS Emelec", "idclub":1884062}