{"idcupseason":251164, "idteam":43946, "teamname":"France", "countrycode":"FRA", "idplayer":182021, "description":["Having spent the entirety of his career in France, goalkeeper\nMickael Landreau set the all-time record for Ligue 1 appearances on\n4 December last year. Throughout his years in the game, he has won\nadmiration for his spectacular saves and rapid reflexes, and he has\nalso foiled many a forward from the penalty spot. His talent was\nevident at a young age, and Landreau made his top-flight debut for\nNantes at 17, before tying down a first-team place and being\nawarded the captain's armband. He also played a central role as\n", " lifted a pair of French Cups in 1999 and 2000\nand clinched the league title in 2001.", "\n", "\nLandreau enjoyed his first international call-ups during his time\nat Nantes, but with Fabien Barthez and Gregory Coupet ahead of him\nin the queue, his opportunities were limited. He thus travelled to\nUEFA EURO 2004 and the 2006 FIFA World Cup™ as France's\nthird-choice custodian, and after the latter tournament he left\nNantes for Paris Saint-Germain. Landreau clinched the 2008 French\nLeague Cup during his three years in the capital, but even greater\nsuccesses lay ahead at Lille, where he won a league and cup double\nin 2011.", "\n", "\nWearing the gloves for Bastia since 2012, Landreau returned to the\nFrance fold under Didier Deschamps after a five-year absence,\nthough he remains third in the pecking order behind Hugo Lloris and\nSteve Mandanda."], "bibnum":23, "fieldpos":1, "webname":"Mickael LANDREAU", "webnamealt":"LANDREAU", "surname":"LANDREAU", "shirtname":"LANDREAU", "playerletter":"L,L", "birthdate":"1979-05-14 00:00:00", "clubname":"SC Bastia", "idclub":2000006870}