{"idcupseason":251164, "idteam":43876, "teamname":"Nigeria", "countrycode":"NGA", "idplayer":182479, "description":["One of the best goalkeepers in the\nNigerian Premier League over the last few seasons, Chigozie Agbim\nis a popular figure and is considered a capable and improving\nthird-choice for the Super Eagles. Agile, powerful and adept at\nbeing in the right position, Agbim also has leadership\nqualities.", "He is one of several players\nfeaturing in the local league whom coach Stephen Keshi has roped in\nfor regular international duty. His favoured role with the ‘Big\nBoss’ has won him a handful of international caps since debuting in\nJanuary of 2012 against Angola.", "Agbim was in Nigeria's squad for\nthe 2013 Africa Cup of Nations, as well as the FIFA Confederations\nCup. Like Nigeria's other reserve goalkeeper, Austin Ejide, he has\nthough found it impossible to get past Vincent Enyeama and has yet\nto play for the Super Eagles in a FIFA World Cup™ qualifier or\nAfrica Cup of Nations match.", "Agbim was released by Enugu Rangers\nearlier in the year after the club found his many absences while on\ninternational duty to be too disruptive. The 29-year-old, who\nplayed in goal for Nigeria at the African Nations Championship – a\ncompetition for which only locally-based players are eligible –\nearlier this year, has since joined Gombe United."], "bibnum":21, "fieldpos":1, "webname":"Chigozie AGBIM", "webnamealt":"AGBIM", "surname":"AGBIM", "shirtname":"AGBIM", "playerletter":"A,A", "birthdate":"1984-11-28 00:00:00", "clubname":"Enugu Rangers FC", "idclub":2147482705}