{"idcupseason":251164, "idteam":43860, "teamname":"Ghana", "countrycode":"GHA", "idplayer":183000, "description":["Midfielder Sulley Muntari has competed at the highest levels of\nclub football and stores some of its most-prized silverware in his\ntrophy cabinet. He developed from a teenage prodigy into an\ninstantly recognisable world star, competing admirably amid the\nrigours and demands of Italy’s Serie A. Muntari, a rugged,\nbox-to-box midfielder, was barely 16 when he lined up for Ghana at\nthe FIFA U-20 World Cup in 2001 and he immediately caught the\neye of international clubs and their agents. He followed the route\nof many previous Ghanaian starlets by joining Udinese, with his\ndebut in Italy’s top flight coming in late 2002 against AC\nMilan.", "\n", "\nHis first senior club match came some six months after his debut\nfor Ghana’s Black Stars as a substitute in a friendly with\nSlovenia. Muntari hasn’t looked back since, becoming a regular for\nboth his country and an array of top-tier clubs. He won the FA Cup\nwith Portsmouth, two Serie A titles and in 2010 he played for Inter\nMilan as the ", " won the UEFA Champions League with\na famous win over Bayern Munich. Now with crosstown rivals AC\nMilan, he has lined up for the Black Stars at the last two FIFA\nWorld Cups, scoring against the Czech Republic in 2006 in what was\nGhana’s first-ever World Cup victory and then again in the dramatic\nquarter-final against Uruguay four years later in Johannesburg."], "bibnum":11, "fieldpos":3, "webname":"Sulley MUNTARI", "webnamealt":"MUNTARI", "surname":"MUNTARI", "shirtname":"MUNTARI", "playerletter":"M,M", "birthdate":"1984-08-27 00:00:00", "clubname":"AC Milan", "idclub":1907169}