{"idcupseason":251164, "idteam":43901, "teamname":"Costa Rica", "countrycode":"CRC", "idplayer":183796, "description":["A right-winger seemingly just as fast with the ball than\nwithout, Christian Bolanos has been a mainstay in the Costa Rican\nmidfield since 2005. The current Copenhagen stalwart has seen\naction in several FIFA competitions on many levels, including the\nFIFA U-17 World Cup Trinidad and Tobago 2001 where the young\nmidfielder first cut his teeth on the international stage. When he\nwas at Saprissa, the club where he began his career in 2001,\nBolanos competed at the FIFA Club World Cup Japan 2005 and was\nawarded the Bronze Ball as the tournament’s third best player.", "Bolanos earned his first cap for ", " senior side\nthat same year and subsequently helped the Central American team\nqualify for the 2006 FIFA World Cup Germany™. He appeared in two\ngroup stage matches, losses at the hands of Poland and Germany, but\nthe experience Bolanos earned there would prove useful in the next\ntwo World Cup qualifying campaigns. While ", " failed\nto reach South Africa 2010 after dropping the intercontinental\nplay-off to Uruguay, Bolanos featured in nine of his country’s\nqualfiers, only to then make an impact in 12 of Costa Rica’s Brazil\n2014 qualifiers, which ended with them finishing second in\nCONCACAF’s ", ". "], "bibnum":7, "fieldpos":3, "webname":"Christian BOLANOS", "webnamealt":"BOLAÑOS C.", "surname":"BOLANOS NAVARRO", "shirtname":"BOLAÑOS C.", "playerletter":"B,B", "birthdate":"1984-05-17 00:00:00", "clubname":"FC Kobenhavn", "idclub":44323}