{"idcupseason":251164, "idteam":43901, "teamname":"Costa Rica", "countrycode":"CRC", "idplayer":183798, "description":["A lanky defender, Roy Miller has been shoring up backlines for\nnumerous overseas sides since his 2005 transfer from Cartagines.\nRegardless of where he plays his club football, he has been a\nconstant presence in the national team picture since the days of\nhis youth. Unsurprisingly, he now holds one of 23 coveted places on\nJorge Luis Pinto’s squad at the 2014 FIFA World Cup Brazil™ and\nwill undoubtedly be a frequently used asset to the team.", "After a rocky start to his\nprofessional career, Miller joined Norway’s Bodo. He had a\nsuccessful stay with the Norwegian club and provided six goals over\nthe course of 52 appearances, and consistently impressive\nperformances earned him increased interest from other Nordic teams.\nIn 2008, Miller signed a three-year long contract with the\nNorwegian side Rosenborg. He rapidly asserted himself as the teams’\nleading left back, but his rise was cut short by a knee injury,\nfollowed by a successful and well received loan to Orgryte.", "In 2010, Miller crossed the Atlantic to join his North American\nneighbours, the New York Red Bulls. In a well-timed turn of events,\nMiller’s MLS debut was a 3-1 victory over Santos in the very first\ngame to be played in the then-brand new Red Bull Arena. Miller\ncontinued his contract with the Red Bulls in 2013 and remains\nconsistently in the starting XI for the MLS Eastern Conference\nsquad today.", "Miller featured for ", " at the FIFA U-17 World Cup Trinidad and Tobago 2001\nalongside current team-mate Carlos Johnson and helped Costa Rica\nqualify for Germany 2006, though he was unlucky not to be named to\nthat tournament’s final squad. He would continue to feature during\nthe doomed-South Africa 2010 qualification and, most recently,\nthroughout Costa Rica’s successful Brazil 2014 qualifying\ncampaign."], "bibnum":19, "fieldpos":2, "webname":"Roy MILLER", "webnamealt":"MILLER R.", "surname":"MILLER HERNANDEZ", "shirtname":"MILLER R.", "playerletter":"M,M", "birthdate":"1984-11-24 00:00:00", "clubname":"New York Red Bulls", "idclub":2147482235}