{"idcupseason":251164, "idteam":43969, "teamname":"Spain", "countrycode":"ESP", "idplayer":183864, "description":["The scorer of the goal that ended Spain’s 44-year trophy\ndrought, in the final of UEFA EURO 2008 against Germany, Fernando\nTorres has an enviable international record, having made over 100\nappearances for his country and won two European titles and a world\ntitle at the 2010 FIFA World Cup South Africa™.", "Torres is a striker who combines skill, pace and power,\nespecially when breaking into space. Still known as ", ", despite having turned 30, the Chelsea man can take on\nand beat his man and can also create space for team-mates by\npulling defenders out of position.", "\n", "\nHaving learned his trade at Atletico Madrid, where he remains an\nidol, Torres proved a revelation when he arrived in the English\nPremier League in 2007, excelling in a four-season stay at\nLiverpool. Though his form has wavered since his move to Chelsea,\nhis ability and nose for goal have remained intact, allowing him to\novercome dips in form by being top scorer at both EURO 2012 and the\nFIFA Confederations Cup Brazil 2013."], "bibnum":9, "fieldpos":4, "webname":"Fernando TORRES", "webnamealt":"TORRES", "surname":"TORRES SANZ", "shirtname":"TORRES", "playerletter":"T,T", "birthdate":"1984-03-20 00:00:00", "clubname":"Chelsea FC", "idclub":33332}