{"idcupseason":251164, "idteam":43922, "teamname":"Argentina", "countrycode":"ARG", "idplayer":184291, "description":["Maxi Rodriguez is best known for the stunning\ngoal he scored for Argentina against Mexico in the Round\nof 16 at the 2006 FIFA World Cup Germany™, and while it is far from\nhis only achievement in the game, it does serve to highlight the\nwinger's distinctive qualities: a fearsome shot, an eye for goal,\nstrength of character and courage - he rifled that effort into the\nnet with his left, even though he is right-footed. ", "Rodriguez rose through the ranks at Newell’s Old Boys, where he\nearned himself the nickname ", " ('The Beast') after\nmaking his senior debut as a 17-year-old in 1998. He moved to\nEurope three years later and despite persistent knee trouble went\non to play for Espanyol, Atletico Madrid and Liverpool before\nreturning to his beloved Newell's.", "After his sensational displays for the triumphant hosts at the\nFIFA U-20 World Cup in his homeland in 2001, Rodriguez became a\nmainstay in the national set-up. He was an unused substitute as\nArgentina took gold at the Men's Olympic Football Tournament at\nAthens 2004, has a runners-up medal from the FIFA Confederations\nCup 2005, and has featured in three World Cup qualifying campaigns\nand at two global showdowns, where he has scored three times in\ntotal.", "Rodriguez did not appear at the Copa America 2011 and was also\nnot included in Alejandro Sabella's first squads as national\nteam coach. However, his consistency and ability to play on either\nwing eventually persuaded Sabella to field him in six Brazil\n2014 qualifying matches, although he was only in the starting\nline-up once."], "bibnum":11, "fieldpos":3, "webname":"Maxi RODRIGUEZ", "webnamealt":"M. RODRIGUEZ", "surname":"RODRIGUEZ", "shirtname":"M. RODRIGUEZ", "playerletter":"R,M", "birthdate":"1981-01-02 00:00:00", "clubname":"CA Newells Old Boys", "idclub":204}