{"idcupseason":251164, "idteam":43924, "teamname":"Brazil", "countrycode":"BRA", "idplayer":184320, "description":["Jefferson de Oliveira Galvao was born in Sao Paulo state but\nbegan his career in the youth ranks at Cruzeiro, in the\nneighbouring state of Minas Gerais. Finding his opportunities at\n", " limited after turning professional, he was loaned\nout to Botafogo in 2003. Two years later he was transferred to\nTrabzonspor of Turkey, where he remained until 2008, while the\ngoalkeeper also had a short spell at fellow Turkish team Konyaspor\nin 2008/09.", "And it was not until 2009, after arriving back in his homeland\nwith Botafogo, in Rio de Janeiro, that the keeper really began to\ncarve out a reputation in the minds of Brazilian fans. The\nfollowing season he saved a crucial penalty taken by Adriano to\nseal the Rio de Janeiro state championship for ", "\nHe also helped Botafogo lift the same trophy in 2013. ", "Playing for ", ", Jefferson was part of the squad\nthat won the FIFA U-20 World Cup United Arab Emirates 2003. As a\nsenior player, he was called up for the first time by coach Mano\nMenezes in 2010 for a friendly against USA. He was also a member of\nthe squad for the 2011 Copa America, his first official tournament.\nJefferson was a sub during the FIFA Confederations Cup Brazil 2013\nand his main rivals for the No1 jersey at Brazil 2014 will be the\nexperienced Julio Cesar, who currently plies his trade at Toronto\nFC, and Victor of Atletico Mineiro."], "bibnum":1, "fieldpos":1, "webname":"JEFFERSON", "webnamealt":"JEFFERSON", "surname":"DE OLIVEIRA GALVAO", "shirtname":"JEFFERSON", "playerletter":"J,J", "birthdate":"1983-01-02 00:00:00", "clubname":"Botafogo FR", "idclub":44131}