{"idcupseason":251164, "idteam":43960, "teamname":"Netherlands", "countrycode":"NED", "idplayer":184616, "description":["Brazil 2014 will be Arjen Robben’s sixth major tournament for\nthe Netherlands and, at 30, he remains one of the team’s key\nplayers. Speed, dribbling ability and a deadly left foot have\nestablished the Bayern Munich winger as one of the most exciting\ntalents of his generation, and Louis van Gaal – like so many of his\npredecessors – puts a high value on his importance.", "Robben’s favoured method of attack, drifting in from the right\nwing to shoot on his favoured side, is so well known as to seem\nalmost predictable. But stopping him continues to prove\nconsistently difficult. It is not for nothing that three of\nEurope’s most successful clubs - Chelsea, Real Madrid and\nBayern Munich - have paid a combined €75 million to acquire\nhis services, with Robben proving a success in every league in\nwhich he has played.", "He first came to the world’s attention while with PSV Eindhoven,\nand it was during his time with the Dutch giants that he gained his\nfirst taste of international football. The winger was just 20 when\nhe was named in Dick Advocaat’s squad for UEFA EURO 2004, and even\nthen showed the ability and character that would keep him in the\nDutch line-up for years to come.", "South Africa 2010 was arguably his best tournament to date, with\nRobben’s dynamic performances for the finalists reflected by his\nplace among the nominees for the adidas Golden Ball. Cruelly,\nthough, his contribution to that FIFA World Cup is often best\nremembered for a crucial miss in the deciding match against Spain,\nand he was lampooned in 2012 after failing to convert a potentially\nmatch-winning penalty for Bayern Munich in the Champions League\nfinal against Chelsea.", "Robben, though, is made of stern stuff and he secured redemption\nlast year with the winning goal as Bayern made up for that 2012\ndisappointment with victory over Borussia Dortmund in the same\nfixture. The Dutch will now hope that this outstanding player can\nhelp write a better ending to their 2014 story than the fairy\ntale-turned-tragedy of South Africa."], "bibnum":11, "fieldpos":4, "webname":"Arjen ROBBEN", "webnamealt":"ROBBEN", "surname":"ROBBEN", "shirtname":"ROBBEN", "playerletter":"R,R", "birthdate":"1984-01-23 00:00:00", "clubname":"FC Bayern Muenchen", "idclub":1914810}