{"idcupseason":251164, "idteam":43960, "teamname":"Netherlands", "countrycode":"NED", "idplayer":184615, "description":["With 34 goals in 60 international appearances, Klaas-Jan\nHuntelaar boasts a goalscoring record of which any top-class\nstriker would be proud. Yet despite these figures, and his place\namong the top ten marksmen in his country’s history, this is a\nplayer who has rarely been the Netherlands’ first-choice No9.", "His misfortune has been to coincide with Robin van Persie,\nthe man who tops that all-time scoring list, and the player who\noutscored all others in the European Zone qualifiers for Brazil\n2014. Nonetheless, Huntelaar - as the statistics show – has\nproved himself to be a more than adequate deputy whenever he has\nbeen called upon.", "Louis van Gaal clearly values the Schalke star as a penalty box\npredator, and though he played just twice during the Netherlands’\npreliminary campaign, he was still able to contribute two goals and\nan assist. Then again, finding the net has rarely proved a problem\nfor Huntelaar in a career that has already brought him over 200\ngoals for both club and country.", "Beloved by fans of AGOVV, Heerenveen and Ajax in his homeland,\nwhere his scoring ratio was close to a goal-a-game, the striker\nmade the first big move of his career in 2009 when Real Madrid paid\n€20 million to take him to the Bernabeu. While his scoring record\nremained respectable, Madrid opted to offload him within a year,\nand a €15 million switch to AC Milan proved similarly\nunfulfilling.", "It was only when Huntelaar agreed a move to Schalke in\n2010 - with €14 million the fee on this occasion - that\nhe finally found a home, and began to rediscover the form that had\nmade him one of Europe’s sought-after strikers. Already into the\ntop five of the Gelsenkirchen club’s all-time leading marksmen, he\nfinished as the Bundesliga’s top scorer in 2011/12 with 29 goals\nand remains a dependable match-winner."], "bibnum":19, "fieldpos":4, "webname":"Klaas Jan HUNTELAAR", "webnamealt":"Klaas-Jan Huntelaar", "surname":"HUNTELAAR", "shirtname":"HUNTELAAR", "playerletter":"H,H", "birthdate":"1983-08-12 00:00:00", "clubname":"FC Schalke 04", "idclub":36721}