{"idcupseason":251164, "idteam":43921, "teamname":"USA", "countrycode":"USA", "idplayer":184982, "description":["Shorter than most goalkeepers – shorter even than most field\nplayers – Nick Rimando’s reflexes and undying commitment have made\nhim a fan favourite in Major League Soccer. Fierce competition in\nthe goalkeeper position has limited Rimando’s chances for\nfirst-team action with the ", ", but he’s\nsaid to be crucial in the locker-room as a motivator. Third in line\nbehind Tim Howard and Brad Guzan, his athleticism will serve him\nwell if an unlikely chance comes his way in Brazil.", "\n", "\nHis ability to save spot-kicks has made him a legend in MLS, as\nwell as helping Real Salt lake to a domestic title in 2009. On an\nindividual level, he’s been an MLS all-star three times, MLS Cup’s\nmost valuable player in 2009 and twice owner of the league’s Save\nof the Year award. More recently, Rimando led an experimental USA\nsquad to the title of the 2013 CONCACAF Gold Cup, rewarded with the\nNo1 spot after years on the fringes.", "“People told me I was too short,” Rimando told\n", " when asked why he opted for a career\nbetween the posts. “But there’s nothing I could do about that. So I\nworked hard on the things I could improve: reading the game, using\nmy feet and positioning.”"], "bibnum":22, "fieldpos":1, "webname":"Nick RIMANDO", "webnamealt":"", "surname":"RIMANDO", "shirtname":"RIMANDO", "playerletter":"R,R", "birthdate":"1979-06-17 00:00:00", "clubname":"Real Salt Lake", "idclub":1896360}