{"idcupseason":251164, "idteam":43942, "teamname":"England", "countrycode":"ENG", "idplayer":185385, "description":["Frank Lampard has rightly earned a reputation as one of the\nworld’s finest goalscoring midfielders and one English football’s\nmost consistent performers. He established a record of 164\nsuccessive appearances in the Premier League between 2001 and 2005\nand is now Chelsea’s all-time leading scorer.", "There is no secret to Lampard’s success. He owes his fitness\nlevels to years of hard work that began in boyhood, when his\nfather, former West Ham United defender Frank Lampard Sr. taught\nhim the habit of extra running sessions, or ‘spikes’, each day to\nimprove his speed and stamina.", "It was with West Ham that Lampard began his professional career,\nunder the tutelage of his uncle Harry Redknapp, then manager of the\neast London club. After 187 appearances at Upton Park, he joined\nChelsea in June 2001.", "Lampard had made his England debut in 1999 but it was not until\nthe 2003/04 campaign that he truly found his feet on the\ninternational stage. The Londoner began that season with his first\ngoal for his country in a friendly win over Croatia and he ended it\nwith three in four games at UEFA EURO 2004, where England reached\nthe quarter-finals.", "At 26, he was entering his prime. He hit 19 goals for Chelsea in\n2004/05 to help them to their first English title for half a\ncentury and ended 2005 second only to Ronaldinho in the vote for\nFIFA World Player of the Year. A further Premier League success\nfollowed in 2005/06.", "Lampard played for England at South Africa 2010 famously\n'scoring' a goal against Germany that clearly crossed the line but\nwas not awarded. That season he had helped Chelsea to an FA Cup and\nPremier League 'double' and since then he has continued to star for\nthe Blues, guiding them to FA Cup and UEFA Champions League success\nin 2012. However, he was ruled out of EURO 2012 with a thigh\ninjury.", "On 10 September 2013, he became only the third English player to\nreach his 100th England cap in a FIFA World Cup™ qualifier with\nUkraine."], "bibnum":8, "fieldpos":3, "webname":"Frank LAMPARD", "webnamealt":"", "surname":"LAMPARD", "shirtname":"LAMPARD", "playerletter":"L,L", "birthdate":"1978-06-20 00:00:00", "clubname":"Chelsea FC", "idclub":33332}