{"idcupseason":251164, "idteam":43817, "teamname":"Iran", "countrycode":"IRN", "idplayer":185641, "description":["According to Iran coach Carlos Queiroz, Javad Nekounam \"has been\nplaying a key educational role\" in his transitional side. It is,\nindeed, a tribute the 33-year-old midfielder more than deserves,\nconsidering his status as the squad's most experienced player.", "The ", " captain is Iran's second most capped\nplayer in history with 136 international appearances, trailing only\nlegendary goal-king Ali Daei's 149.", "Since making his national team debut against Syria in a friendly\nin May 2000, he went on to impress in Iran's opening two matches at\nthe 2006 FIFA World Cup Germany™. Although he was suspended for the\nclosing group match and his side failed to progress to the second\nround, his eye-catching displays earned him a high-profile move to\nOsasuna.", "During six years with the Spanish La Liga side Nekounam\nestablished his place as one of Iran’s most successful\noverseas-based players. That, allied with his consistent\nperformances with the national team, saw him inherit the captain’s\narmband from the talismanic Mehdi Mahdavikia in 2009.", "Deployed as a central midfielder, Nekounam plays a key role in\nboth Iran’s defence and attack. Aside from dealing with rival\noffences, he has always been at the centre of Iran’s more positive\nintentions, with his tally of 37 international goals making him the\ncurrent squad’s top marksman.", "While steering Iran to their fourth global appearance, Nekounam\nmaintained no-less-impressive form during ", "’s\nqualifying for the 2015 AFC Asian Cup. He finished as the\ntournament's second top-marksman as Iran sealed progression to the\ncontinental finals. Recently he has been found excelling with his\nnew club Al Kuwait, scoring five times in just 12 appearances.", "With the maestro in his best shape, Iran can at least harbour\ntheir own share of hopes of progression from a tough group which\nalso features Argentina, Bosnia and Herzegovina and Nigeria."], "bibnum":6, "fieldpos":3, "webname":"Javad NEKOUNAM", "webnamealt":"J. NEKOUNAM", "surname":"NEKOUNAM", "shirtname":"J. NEKOUNAM", "playerletter":"N,J", "birthdate":"1980-09-07 00:00:00", "clubname":"Kuwait SC", "idclub":43823}