{"idcupseason":251164, "idteam":43876, "teamname":"Nigeria", "countrycode":"NGA", "idplayer":186455, "description":["Although already 32 years old, Shola Ameobi only started playing\nfor the Super Eagles in late 2012, coming on as a late substitute\nin Nigeria's 3-1 victory against Venezuela.", "Born in Nigeria, the striker moved to Newcastle when still a\nyoung boy and learnt his footballing skills there. He joined\nNewcastle United as a youngster and has been with the club ever\nsince, aside from a very brief spell on loan at Stoke City. He\nplayed over 20 times for the England U-20 side, but failed to\nprogress to the Three Lions, leaving him eligible for a call up to\nthe Super Eagles. He first declared his interest in playing for the\ncountry of his birth in 2009, but had to endure a lengthy wait\nuntil a call-up materialised.", "Ameobi's two brothers, Tomi and Sammy, are also professional\nfootballers, with Sammy a team-mate at Newcastle. Shola has played\nover 300 matches for Newcastle – more than any other member of the\n2013/4 squad - but although he managed more than 20 first team\nappearances in the Premier League this season, he has been little\nmore than a bit-player, often coming on as a late substitute.", "It seems likely that he will not be playing for Newcastle next\nseason, and the World Cup could well be the perfect stage to\nshowcase his talents."], "bibnum":23, "fieldpos":4, "webname":"Shola AMEOBI", "webnamealt":"AMEOBI", "surname":"AMEOBI", "shirtname":"AMEOBI", "playerletter":"A,A", "birthdate":"1981-10-12 00:00:00", "clubname":"Newcastle United FC", "idclub":44136}