{"idcupseason":251164, "idteam":43965, "teamname":"Russia", "countrycode":"RUS", "idplayer":186787, "description":["Sergey Ignashevich is not only a guaranteed first-choice in\nFabio Capello’s team, he is a genuinely key figure in the Russia\nsquad. Aged 34 and measuring in at around 6’1 , the experienced\ndefender made his international debut back in August 2002.", "However, having featured in qualifying campaigns for the 2006\nand 2006 and 2010 FIFA World Cups™, it is only this summer that he\nwill make his debut on Planet Football's biggest stage.", "The veteran central defender has enjoyed an impressive career in\nthe Russian Premier League. After two years at Krylya Sovetov, he\nwas transferred to Lokomotiv Moscow. At the end of 2003, after\nthree years at Lokomotiv, he moved to CSKA Moscow, where he has\nplayed ever since. ", "\n", "\nHis time at CSKA has been liberally sprinkling with trophies,\nincluding three Russian Premier League titles (2005, 2006 and\n2012/13), six Russian Cup wins (2004/05, 2005/06, 2007/08, 2008/09,\n2010/11 and 2012/13) and five Russian Super Cups (2004, 2006, 2007,\n2009 and 2013/14). What is more, in 2005 he was part of the CSKA\nteam that won UEFA Cup and finished second in the UEFA Super\nCup.", "\n", "\nIgnashevich has now played for his country more than 90 times,\nalmost always as a starter, and has never been sent off. As well as\nplaying in three World Cup qualifying campaigns, the central\ndefender has competed in two UEFA EUROS. In 2008, he was part of\nthe Russia team that reached the semi-finals before being knocked\nout by eventual winners Spain, though in 2012 the Russians were\neliminated in the group phase after losing their final game 1-0 to\nGreece."], "bibnum":4, "fieldpos":2, "webname":"Sergey IGNASHEVICH", "webnamealt":"IGNASHEVICH", "surname":"IGNASHEVICH", "shirtname":"IGNASHEVICH", "playerletter":"I,I", "birthdate":"1979-07-14 00:00:00", "clubname":"CSKA Moscow", "idclub":34555}