{"idcupseason":251164, "idteam":43965, "teamname":"Russia", "countrycode":"RUS", "idplayer":186793, "description":["A cornerstone of the CSKA Moscow defence, Vasili Berezutskiy has\nplenty of experience to offer Russia at 2014 FIFA World Cup\nBrazil™.", "The versatile defender, who turns 32 during the competition,\nmade his professional debut with Torpedo-ZIL at the age of 17,\nstaying with the club for three seasons before joining CSKA, where\nhe lines up alongside his identical twin Alexei.", "Born and brought up in the Russian capital, Berezutskiy has won\nthree league titles with the Moscow club, not to mention the 2005\nUEFA Cup, six Russian Cups and five Russian Super Cups.", "His consistent performances with CSKA led to an international\ncall-up, with his debut for Russia coming in a UEFA EURO 2004\nqualifier against Albania in 2003. Within a year Berezutskiy had\ncemented place in the starting line-up and went on to form part of\nthe side that took an impressive third place at EURO\n2008. "], "bibnum":14, "fieldpos":2, "webname":"Vasily BEREZUTSKIY", "webnamealt":"", "surname":"BEREZUTSKIY", "shirtname":"V. BEREZUTSKIY", "playerletter":"B,V", "birthdate":"1982-06-20 00:00:00", "clubname":"CSKA Moscow", "idclub":34555}