{"idcupseason":251164, "idteam":43965, "teamname":"Russia", "countrycode":"RUS", "idplayer":186808, "description":["Twelve years on from his fleeting\nparticipation at the 2002 FIFA World Cup Korea/Japan™, Alexander\nKerzhakov finds himself back on the big stage in a very different\nrole: a senior player who poses one of the biggest threats in the\nRussian front line. Restricted to a late appearance in Russia’s\nill-fated 2002 campaign, Kerzhakov is now a vital cog in a side\nthat is looking to get beyond the group phase for the first time in\nits history.", "The front man proved his worth in\nthe qualifying competition for Brazil 2014, scoring five goals in\nall, including his side’s winner in a crucial 1-0 defeat of\nPortugal. Though 31, Kerzhakov has shown himself to be someone upon\nwhom coach Fabio Capello can rely. The striker has had his ups and\ndowns since his last World Cup appearance, missing out on a place\nin the Russia squad that reached the semi-finals at UEFA EURO 2008.\nThough back in the frame the following year, he was sent off as\nRussia went down to defeat against Slovenia in the South Africa\n2010 play-offs.", "After leading the Russian attack\nunder Dick Advocaat in 2011 and appearing at EURO 2012 he has\nconsolidated his place in the side under Capello, and now has\nVladimir Beschastnykh’s record as the national team’s all-time\nleading goalscorer in his sights. He achieved another landmark in\nOctober 2013, striking his 208th career goal to become Russian\nfootball’s most prolific marksman ever.", "Kerzhakov is something of an idol\nat Zenit St Petersburg, where he has spent ten seasons in two\nseparate spells, winning the 2010 and 2012 league titles after\nreturning there four years ago. He topped the championship scoring\ncharts in 2004 during the first of his two spells with Zenit and\nlater moved to Sevilla – where he lifted the UEFA Cup in 2007 – and\nDynamo Moscow before returning to where it all began."], "bibnum":11, "fieldpos":4, "webname":"Aleksandr KERZHAKOV", "webnamealt":"", "surname":"KERZHAKOV", "shirtname":"KERZHAKOV", "playerletter":"K,K", "birthdate":"1982-11-27 00:00:00", "clubname":"FC Zenit St. Petersburg", "idclub":1884644}