{"idcupseason":251164, "idteam":43938, "teamname":"Croatia", "countrycode":"CRO", "idplayer":187258, "description":["Ivica Olic is the second oldest player in the Croatia squad\nafter goalkeeper Stipe Pletikosa, and has two previous FIFA World\nCup™ campaigns - in 2002 and 2006 - under his belt. He also played\nat UEFA EURO 2004 and 2008, but was forced to miss the 2012\ncompetition through injury.", "The livewire striker will awaken bad memories for English fans\nin particular, as it was he who put Croatia 2-0 up in their last\nqualification game for EURO 2008 to ensure the Three Lions missed\nout on that year’s tournament. The father-of-two also scored his\ncountry’s second goal in their 2-1 group stage win against Germany\nto help Croatia win their EURO 2008 group.", "The 34-year-old has made a name for himself in German football\nas a true grafter. Whether at Hertha BSC, Hamburger SV, Bayern\nMunich or VfL Wolfsburg, Olic always gives 100 per cent in attack,\nputting the opposing defence under constant pressure with his\ntireless running. Olic also enjoyed success during spells with NK\nZagreb, Dinamo Zagreb and CSKA Moscow."], "bibnum":18, "fieldpos":4, "webname":"Ivica OLIC", "webnamealt":"OLIĆ", "surname":"OLIC", "shirtname":"OLIĆ", "playerletter":"O,O", "birthdate":"1979-09-14 00:00:00", "clubname":"VfL Wolfsburg", "idclub":44144}