{"idcupseason":251164, "idteam":43963, "teamname":"Portugal", "countrycode":"POR", "idplayer":187203, "description":["One of the Portugal’s most experienced forwards, Helder Postiga\nis preparing to play his second FIFA World Cup™, where he will be\ngunning to score for the first time in the planet’s biggest\nfootball event.", "The striker’s career is full of highs and lows, and even though\nhe has never won over a significant number of fans, his vast\nexperience and incredible work-rate make him one of the first names\non Paulo Bento’s team-sheet.", "After coming through the ranks at FC Porto, he made his debut\nfor the Dragons at just 18 years of age, and the following year he\nwas a vital piece in Jose Mourinho’s jigsaw as the Blue and Whites\nlifted the UEFA Cup. His excellent displays persuaded Tottenham to\nbuy him, and in the summer of 2004 he was in Luiz Felipe Scolari’s\nsquad for the European Championship that Portugal played on home\nsoil.", "Two years later Scolari selected him for the 2006 World Cup in\nGermany where Postiga played three matches, without finding the\nnet, as Portugal finished fourth.", "He did not make the South Africa 2010 squad, but upon the\nappointment of Paulo Bento as head coach Postiga was brought back\ninto the fold and he was a mainstay of ", " on the road to Brazil 2014."], "bibnum":23, "fieldpos":4, "webname":"Helder POSTIGA", "webnamealt":"H. POSTIGA", "surname":"MARQUES POSTIGA", "shirtname":"H. POSTIGA", "playerletter":"P,H", "birthdate":"1982-08-02 00:00:00", "clubname":"SS Lazio", "idclub":1890313}