{"idcupseason":251164, "idteam":43930, "teamname":"Uruguay", "countrycode":"URU", "idplayer":189259, "description":["At 35, Diego Forlan already has his own chapter in Uruguayan\nfootball history. He holds the distinction of being Uruguay's\nmost-capped player of all time, and has been an integral part of\nthe set-up throughout the reign of current coach Oscar Tabarez.", "Hard-working, technically gifted and a lethal finisher, Forlan\nis known first and foremost as a centre-forward, although in recent\ntimes he has also enjoyed success in a deeper, more creative\nrole.", "Forlan played tennis until the age of 14, but there was never\nreally any doubt that he would end up as a footballer. Indeed, his\nfather played in two FIFA World Cups™, in England in 1966 and\nGermany in 1974, while his maternal grandfather coached Uruguay at\nChile 1962.", "At the age of 18, Forlan made his professional debut for\nArgentinian side Independiente, for whom he went on to score 40\ngoals in 91 appearances. That impressive record earned him a move\nto Manchester United, but, despite winning three trophies, he never\nquite matched his previous form and eventually joined\nVillarreal.", "His time in Spain could not have been more different. In his\nfirst season with Villarreal, Forlan hit 25 goals to finish top of\nthe Spanish scoring charts and claim the European Golden Shoe. He\nachieved that same double feat again in 2008/09, after finding the\nnet 35 times for Atletico Madrid.", "Forlan's international career began in 1999 at the FIFA U-20\nWorld Cup in Nigeria, where he scored once. He made his senior\ndebut for Uruguay under Victor Pua in early 2002 and played at\nKorea/Japan 2002, his first FIFA World Cup finals, just a few\nmonths later, scoring in his only appearance.", "Since then, Forlan has been an ever-present for the national\nteam. He scored six times in the preliminaries for Germany 2006,\nbut it was not enough to take Uruguay to the finals. Tabarez then\narrived as head coach, but Forlan continued to play a leading role,\nscoring seven goals to finish as ", " leading\nmarksman in qualifying for South Africa 2010.", "The high point of Forlan's career to date came at South Africa\n2010, where he picked up the adidas Golden Ball award as the\ntournament's best player. His five goals helped fire Uruguay to a\nfourth-place finish, their best performance at a FIFA World Cup\nfinals since Mexico 1970. And, as if that were not enough, his goal\nagainst Germany in the match for third place was voted goal of the\ntournament by users of ", ".", "After winning the 2011 Copa America, Forlan struggled for\nplaying time at Inter Milan and subsequently returned to South\nAmerica. He now plays for Japanese side Cerezo Osaka. ", "Even though he recently lost his starting role with Uruguay,\nForlan has adapted to Tabarez’s needs, contributing one goal during\ntheir fourth place showing at the 2013 FIFA Confederations Cup\nBrazil and two during their Brazil 2014 qualifying\ncampaign. ", " "], "bibnum":10, "fieldpos":4, "webname":"Diego FORLAN", "webnamealt":"D.FORLAN", "surname":"FORLAN CORAZO", "shirtname":"D. FORLAN", "playerletter":"F,D", "birthdate":"1979-05-19 00:00:00", "clubname":"Cerezo Osaka", "idclub":44224}