{"idcupseason":251164, "idteam":43948, "teamname":"Germany", "countrycode":"GER", "idplayer":195223, "description":["Roman Weidenfeller has consistently been one of the Bundesliga’s\nfinest goalkeepers over the last few years, and now, at the age of\n33, participation in the 2014 FIFA World Cup Brazil™ represents the\nhigh point in his career to date.", "\n", "\nThe Borussia Dortmund custodian joined Kaiserslautern as a\n15-year-old and just two years later played a major role in helping\nGermany to a fourth-placed finish at the FIFA U-17 World\nChampionship Egypt 1997, where he was also named in the team of the\ntournament.", "\n", "\nWeidenfeller made his Bundesliga debut for Kaiserslautern three\nyears later before moving to Dortmund in time for the 2002/03\nseason, but he only took over the No1 jersey there after Jens\nLehmann signed for Arsenal the following year. Weidenfeller is now\nthe undisputed first-choice goalkeeper at the club and is a pillar\nof coach Jurgen Klopp’s side, with whom he has won the DFB Cup and\nBundesliga titles, as well as reached the UEFA Champions League\nfinal."], "bibnum":22, "fieldpos":1, "webname":"Roman WEIDENFELLER", "webnamealt":"WEIDENFELLER", "surname":"WEIDENFELLER", "shirtname":"WEIDENFELLER", "playerletter":"W,W", "birthdate":"1980-08-06 00:00:00", "clubname":"Borussia Dortmund", "idclub":33199}