{"idcupseason":251164, "idteam":43971, "teamname":"Switzerland", "countrycode":"SUI", "idplayer":196605, "description":["One of the many Swiss national team players plying their trade\nover the border in Italy, defender Stephan Lichtsteiner has\nbeen at Serie A giants Juventus since July 2011.", "The full-back began his career in his hometown\nof Adligenswil in Switzerland, where it soon became clear that\nhe was one of the most talented players in his age category. So\ntalented, in fact, that he joined Swiss side FC Luzern when he was\njust 12 years old.", "The next step for the now 30-year-old came when he switched to\nGrasshopper Zurich in 2000. Under the tutelage of former club coach\nMarcel Koller, Lichtsteiner broke into the first team in 2003 and\nwon his first league title in his homeland. ", "Lichtsteiner, who is also a trained banker, transferred to Ligue\n1 side Lille in 2005. And after three successful seasons in French\nfootball, Italian outfit Lazio lured the attacking right-back to\nthe eternal city in 2008. Lichtsteiner won the domestic cup in the\nfirst of his three seasons with the capital club before moving to\nrecord league-title winners Juventus in July 2011.", "Having represented the ", " at U-21 level,\nLichtsteiner made his senior debut for the ", " on 15\nNovember 2006. The defender was a key figure for former\ncoach Jakob ", " Kuhn's side when they co-hosted the\nUEFA EURO in 2008, and successor Ottmar Hitzfeld has continued to\nfavour Lichtsteiner too.", "He has since represented his country at the 2010 FIFA World Cup\nSouth Africa™ and during their successful Brazil 2014 qualification\ncampaign."], "bibnum":2, "fieldpos":2, "webname":"Stephan LICHTSTEINER", "webnamealt":"LICHTSTEINER", "surname":"LICHTSTEINER", "shirtname":"LICHTSTEINER", "playerletter":"L,L", "birthdate":"1984-01-16 00:00:00", "clubname":"Juventus FC", "idclub":31085}