{"idcupseason":251164, "idteam":43971, "teamname":"Switzerland", "countrycode":"SUI", "idplayer":196633, "description":["Diego Benaglio is invaluable between the posts for Switzerland,\nand the VfL Wolfsburg custodian has been the undisputed No1 in the\nnational side for several years now.", "\n", "\nThe goalkeeper started his top-flight professional career as a\n16-year-old with Grasshoppers Zurich in 1999. His age was an\nimportant factor in his limited outings with the 27-time Swiss\nchampions, where he was restricted to just 23 appearances in three\nyears.", "In 2002 Benaglio moved to Germany with VfB Stuttgart but the\nthen 19-year-old was only third-choice goalkeeper behind Timo\nHildebrand and Thomas Ernst. Benaglio was forced to settle for a\nplace in the reserves, who played in the third division at the\ntime. Given the shot-stopper’s burning ambition to succeed, that\nwas not good enough and he was soon on the move again.", "\n", "\nIn July 2005 Benaglio joined Portuguese islanders CD Nacional\nFunchal and after some initial teething problems he established\nhimself as the club’s No1. His consistently good performances\nswiftly attracted the attention of several European sides and in\nJanuary 2008 German Bundesliga outfit VfL Wolfsburg recruited the\nZurich native.", "Benaglio’s greatest achievement to date was helping Wolfsburg\ndefy the odds to win their first ever Bundesliga title in\n2008/09.", "\n", "\nThe 2014 FIFA World Cup Brazil™ will be Benaglio’s fifth major\ninternational tournament. After making his senior Switzerland debut\nin a friendly against China PR on 3 June 2006, Benaglio was\nincluded in his country’s Germany 2006 squad but was behind Pascal\nZuberbuhler and Fabio Coltorti in the pecking order.", "However, at UEFA EURO 2008 Benaglio played in all three group\nstage games but was unable to prevent the side crashing out of the\ncompetition at the first hurdle, a fate that also befell the team\nat South Africa 2010 and at the Men’s Olympic Football Tournament\nat London 2012, where Benaglio captained the side."], "bibnum":1, "fieldpos":1, "webname":"Diego BENAGLIO", "webnamealt":"", "surname":"BENAGLIO", "shirtname":"BENAGLIO", "playerletter":"B,B", "birthdate":"1983-09-08 00:00:00", "clubname":"VfL Wolfsburg", "idclub":44144}