{"idcupseason":251164, "idteam":43948, "teamname":"Germany", "countrycode":"GER", "idplayer":196789, "description":["Having made over 100 international appearances before the age of\n29, Lukas Podolski is one of the more experienced members of\nJoachim Low’s squad. Podolski has appeared at every major\ninternational tournament since UEFA EURO 2004 and now, ten years\nlater, the left-footed attacker finally wants to win his first\ntitle with Germany.", "Born in Gliwice, Poland, Podolski moved to Cologne with his\nparents when he was just two years old. It soon became clear that\n“Poldi”, as he is affectionately known by fans worldwide, possessed\nall the qualities to make it as a professional footballer. He\njoined FC Koln in 1995, making his Bundesliga debut for the club in\n2003. Blessed with a great ability to read the game and an\nextremely powerful shot, returned to Koln in 2009 after a\nthree-year stint at Bayern Munich, before joining English Premier\nLeague giants Arsenal in 2012.", "Podolski was voted Best Young Player at the 2006 FIFA World Cup™\nin Germany, while his performances at UEFA EURO 2008 in Austria and\nSwitzerland earned him a place in the UEFA Team of the Tournament.\nAt South Africa 2010, Podolski was among the creative attacking\nplayers that epitomised Germany’s new style of play. Admired for\nhis open and down to earth manner off the pitch, the fans’\nfavourite is determined to prove he still has what it takes to play\non the world’s biggest stage in Brazil this summer."], "bibnum":10, "fieldpos":4, "webname":"Lukas PODOLSKI", "webnamealt":"PODOLSKI", "surname":"PODOLSKI", "shirtname":"PODOLSKI", "playerletter":"P,P", "birthdate":"1985-06-04 00:00:00", "clubname":"Arsenal FC", "idclub":32847}