{"idcupseason":251164, "idteam":43860, "teamname":"Ghana", "countrycode":"GHA", "idplayer":196897, "description":["Despite being born in Berlin and playing for Germany at youth\nlevel, Kevin-Prince Boateng opted to represent Ghana, the country\nof his father, at senior level. The group-stage draw for South\nAfrica 2010 paired Ghana with Germany, and for the first time in\nFIFA World Cup history, two brothers played against each, as Jerome\nplays internationally for the country of his birth. Kevin-Prince,\nwho played in all five of Ghana’s matches in South Africa, briefly\nretired from international football in November 2011, saying at the\ntime that he wanted to concentrate on his club football. He had a\nchange of heart two years later and wrote to Ghanaian football\nofficials, informing them that he would be available for selection\nin time to help the Black Stars qualify for Brazil. He played his\nonly World Cup qualifier in the Black Stars’ 2-1 loss in Egypt in\nthe third round.", "\n", "\nBoateng is blessed with strength, speed, killer instinct in front\nof goal, and an uncommon flamboyance in the attacking third. After\ncoming through the youth ranks at Hertha Berlin, he made his debut\nin the first team in the 2005/06 season at the tender age of 18.\nHis performances in the Bundesliga earned him a big-money move to\nTottenham Hotspur, but after a coaching change, he found himself\nout of the team and loaned out for a spell with Borussia Dortmund,\nprior to a move to England and Portsmouth. When Pompey were\nrelegated from the Premier League in 2010, he moved on to AC Milan\nwhere he spent three seasons in the Serie A, winning the title in\n2011. A return to the Bundesliga followed at the start of the\n2013/14 season as he joined Schalke. "], "bibnum":9, "fieldpos":4, "webname":"Kevin Prince BOATENG", "webnamealt":"PRINCE", "surname":"BOATENG", "shirtname":"PRINCE", "playerletter":"B,P", "birthdate":"1987-03-06 00:00:00", "clubname":"FC Schalke 04", "idclub":36721}