{"idcupseason":251164, "idteam":43817, "teamname":"Iran", "countrycode":"IRN", "idplayer":196812, "description":["Having made his name in Germany, and now playing his football\nwith Fulham in England, Ashkan Dejagah stands as one of the most\nrecognisable members of Carlos Queiroz’ 2014 FIFA World Cup Brazil™\nsquad.", "Iranian fans were indebted to the Portuguese manager for his\nefforts in securing the services of the then VfL Wolfsburg\nmidfielder during qualifying for Brazil 2014 three years ago. Born\nin Tehran and raised in Berlin, Dejegah started his career with\nHertha BSC. He exploded on to the scene with the German U-19 team\nin 2004 as he scored seven goals from 15 matches. The prodigy\nnaturally graduated into the German U-21 side, with whom he won the\nUEFA U-21 Championship in 2009.", "Having played for two German youth teams, Dejagah was presented\nwith the options of representing either his adopted country or his\nmotherland. Both former Iran coach Afshin Ghotbi and Queiroz came\ncalling, with his debut for Iran finally coming on 29 February\n2012. He could not have made a better start with ", ", scoring a brace as Iran drew 2-2 with Qatar in a World\nCup qualifier.", "Later that year he secured a move to the English Premier League\nwith Fulham, initially being limited to showing flashes of the form\nhe had shown in Germany. However, as he has settled into the\nEnglish game, despite an injury-disrupted season, he became a key\nfigure in Fulham's fight against relegation with his pace and\ndirect attacking purpose.", "Although those spells on the sidelines saw him miss several\ncrucial World Cup qualifying matches, Dejagah played a key role\nduring Iran successfully reaching the 2015 AFC Asian Cup. He opened\nthe scoring on the road to a 3-0 victory in Thailand, before being\non target in a 4-1 triumph against Lebanon to book progression with\na game to spare."], "bibnum":21, "fieldpos":4, "webname":"Ashkan DEJAGAH", "webnamealt":"DEJAGAH", "surname":"DEJAGAH", "shirtname":"DEJAGAH", "playerletter":"D,D", "birthdate":"1986-07-05 00:00:00", "clubname":"Fulham FC", "idclub":44262}