{"idcupseason":251164, "idteam":43942, "teamname":"England", "countrycode":"ENG", "idplayer":196842, "description":["If Italia 90 is remembered in England as Gazza’s tournament,\nthere are high hopes that Brazil 2014 will go down in history as\n‘Wazza’s.’", "Wayne Rooney, as he is better known, has already surpassed the\nachievements of the talented maverick Paul Gascoigne in all ways\nbar one – he has yet to light up a FIFA World Cup™ with his talent.\nThe signs are that this could be the year for the 28-year-old\nLiverpudlian, who was England’s top scorer with seven goals in\nqualifying.", "It is now over a decade since Rooney burst on to the scene,\nthrilling the fans of his boyhood favourites Everton with his\nprodigious gifts. He was 16 but could do just about anything with\nhis strength, pace, vision and dribbling ability. His first Premier\nLeague goal summed up his ‘let-me-at-’em’ attitude: a thumping\n30-yard last-minute strike that ended champions Arsenal’s 30-game\nunbeaten run.", "Rooney soon became his country’s youngest player when making his\nsenior debut at 17 years and 111 days in a February 2003 friendly\nagainst Australia. He made international football look like child’s\nplay, becoming England’s youngest scorer with a goal in a UEFA EURO\n2004 qualifier against FYR Macedonia seven months later.", "Utterly fearless, the 18-year-old Rooney took Europe by storm\nwhen unleashed at the ensuing finals in Portugal. He registered\nfour goals and might have inflicted more damage but for the\nfractured metatarsal he sustained with England leading Portugal in\na quarter-final they eventually lost on penalties.", "By the time Rooney had recovered, he was a Manchester United\nplayer following his August 2004 switch to Old Trafford for a £27m\nfee. He rose to the occasion once more on his United debut, hitting\na hat-trick against Fenerbahce in the UEFA Champions League. His\ntalent was without question yet there were doubts over his\ntemperament and they resurfaced to unhappy effect at the FIFA World\nCup in Germany.", "Rooney had rushed back from another metatarsal injury to take\nhis place in England’s squad but he was not at his best and another\nquarter-final against Portugal ended prematurely for him – albeit\nthis time with a red card for stamping on Ricardo Carvalho. Four\nyears on from Gelsenkirchen, Rooney had a forgettable tournament in\nSouth Africa, failing to score and criticising England fans who\nbooed the team off against Algeria.", "He captained England for the first time in a Doha friendly\nagainst Brazil and is now England’s all-time scorer in competitive\ninternationals. At Manchester United he has won five Premier League\ntitles, the UEFA Champions League and the FIFA Club World Cup.", "For all his star quality, he still works tirelessly for his team\nand no defence will look forward to facing him in Brazil."], "bibnum":10, "fieldpos":4, "webname":"Wayne ROONEY", "webnamealt":"ROONEY", "surname":"ROONEY", "shirtname":"ROONEY", "playerletter":"R,R", "birthdate":"1985-10-24 00:00:00", "clubname":"Manchester United FC", "idclub":33161}