{"idcupseason":251164, "idteam":43976, "teamname":"Australia", "countrycode":"AUS", "idplayer":197409, "description":["Somewhat of a late bloomer at international level McKay didn’t\nestablish himself in the national team until he was 28, finally\nnailing down a spot at the 2011 AFC Asian Cup where he played every\ngame, subsequently becoming a virtual ever-present during Holger\nOsieck’s tenure.", "Most of McKay’s appearances for the Socceroos have been in the\ntroublesome left-back position however he plays his club football\nin central midfield for Brisbane Roar.", "McKay is another player given his international start by Ange\nPostecoglou at youth level, and he featured for the Young Socceroos\nat the 2003 FIFA U-20 World Cup alongside Mile Jedinak. Postecoglou\nalso appointed McKay captain at Brisbane where he led the team to\nthe first of the club’s successive championships during the coach’s\ntenure.", "McKay has featured for hometown club Roar since the inception of\nthe A-League in 2005 although he has had brief spells with Korea\nRepublic’s Busan IPark, China’s Changchun Yatai and Scotland’s\nRangers.", "He plays with seemingly limitless energy providing inspiration\nto his team-mates in the process, and is also a tidy and efficient\npasser of the ball making him a perfect fit for any\nPostecoglou-coached side."], "bibnum":17, "fieldpos":3, "webname":"Matt McKAY", "webnamealt":"MCKAY", "surname":"MC KAY", "shirtname":"MCKAY", "playerletter":"M,M", "birthdate":"1983-01-11 00:00:00", "clubname":"Brisbane Roar FC", "idclub":207}