{"idcupseason":251164, "idteam":43976, "teamname":"Australia", "countrycode":"AUS", "idplayer":197411, "description":["Milligan has long been earmarked as a player set for success,\nnot least of all by Ange Postecoglou. It was the current Australia\nboss who selected the 18-year-old for the 2003 FIFA U-20 World Cup\nonly for the Sydneysider to suffer a torn knee ligament on the eve\nof the tournament. He bounced back in style representing the Young\nSocceroos at Netherlands 2005, having been appointed co-captain by\nPostecoglou, and was also national team skipper of the U-23 team as\nthey successfully qualified for the 2008 Beijing Olympics.", "A strong all-round game means Milligan offers value to any team\nthrough his versatility. Throughout his career he has played in all\npositions across the back-line as well as in central midfield. It\nis in the latter position where he lines up for A-League side\nMelbourne Victory, and it is here he is likely to feature for the\nSocceroos. Milligan reads the game well, and is adept with a short\npassing game, as well an impressive ability to play long raking\nballs.", "Milligan has played for three A-League clubs, as well as stints\nin China and Japan, but it is at Melbourne Victory over the past\ntwo years that he has blossomed. One of Postecoglou’s final acts as\nVictory coach before taking the national team reins last October\nwas to appoint Milligan team captain.", "Milligan is just one of a handful of Socceroos to attend three\nFIFA World Cups™, although he failed to get on the pitch at either\nGermany 2006 or South Africa 2010. Milligan was a shock Guus\nHiddink selection for the former with the 20-year-old one of only\ntwo A-League players included in the 23-man roster. He made his\nfirst Socceroo start a few days prior to Germany 2006 against\nLiechtenstein alongside fellow debutant Josh Kennedy. In the\ncurrent World Cup campaign Milligan made six appearances including\nin the pivotal final qualifier against Iraq."], "bibnum":5, "fieldpos":3, "webname":"Mark MILLIGAN", "webnamealt":"", "surname":"MILLIGAN", "shirtname":"MILLIGAN", "playerletter":"M,M", "birthdate":"1985-08-04 00:00:00", "clubname":"Melbourne Victory FC", "idclub":1896291}