{"idcupseason":251164, "idteam":43942, "teamname":"England", "countrycode":"ENG", "idplayer":197464, "description":["Glen Johnson usually plays at right-back but also has the pace\nto be a wing-back, as he has proved with current club\nLiverpool.", "Johnson started with West Ham United but had spent seven weeks\non loan at Millwall before making his Premier League bow for the\nHammers at 18.", "After making 15 appearances in that debut season, he moved\nacross London to Chelsea and won the Premier League title and the\nLeague Cup with them in 2005. He spent most of 2006/07 on loan at\nPortsmouth and signed for the south coast club permanently at the\nstart of the following season, winning the FA Cup with them in\n2008.", "His move to Liverpool came a year later and he has been a\nregular at Anfield ever since, winning the League Cup in 2012 and\nhelping his team to the FA Cup Final in the same year.", "Johnson won his first England caps with the U-15s, made 14\nappearances for the Under-21s and was given his senior debut as a\nsubstitute for Gary Neville in a friendly against Denmark at Old\nTrafford on 16 November 2003 while still a teenager.", "He established himself in the senior side in the second half of\n2008/09, starting six consecutive games and providing a hat-trick\nof ‘assists’ against Andorra at Wembley. The Londoner was\nfirst-choice during England's 2010 FIFA World Cup™ campaign and\nscored his first England goal in a friendly against Mexico that\nyear.", "Johnson also featured in all of England’s four games at UEFA\nEURO 2012 and has since gone on to win a half-century of caps for\nthe Three Lions."], "bibnum":2, "fieldpos":2, "webname":"Glen JOHNSON", "webnamealt":"JOHNSON", "surname":"JOHNSON", "shirtname":"JOHNSON", "playerletter":"J,J", "birthdate":"1984-08-23 00:00:00", "clubname":"Liverpool FC", "idclub":1896769}