{"idcupseason":251164, "idteam":43976, "teamname":"Australia", "countrycode":"AUS", "idplayer":197514, "description":["As captain of newly-promoted Crystal Palace, Jedinak became\nsomething of a lone beacon in the English Premier League this past\nseason for Socceroo fans accustomed to watching numerous\nAustralians in the English top flight over the past two decades.\nAnd Jedinak didn’t let his club or country down with consistent\nperformances in the heart of midfield for the south London\nside.", "He is likely to be one of the first names on Ange Postecoglou’s\nteamsheet in Brazil, lining up as one of two defensive midfielders.\nIt was Postecoglou that gave Jedinak his first international\nexperience over a decade ago at the 2003 FIFA U-20 World Cup.", "Tall and athletically built, Jedinak is not only a\ntough-tackling midfielder with a venomous shot, but he also boasts\nstrong technical ability and leadership. The Sydneysider may have a\nthoughtful off-field demeanour, yet he possesses a steely\ndetermination to succeed.", "Following his time with the Young Socceroos and a season in\nCroatia – the nation of his parentage – Jedinak spent a season\nplaying semi-professional football in Sydney.", "But, perhaps proving his mental fortitude, Jedinak bounced back\nsigning for A-League side Central Coast Mariners where he made an\nimmediate impact, helping the club to an unlikely championship.", "Jedinak spent two and half seasons at Turkey’s Genclerbirligi,\nbefore making the move to London. Consistent inspirational\ndisplays saw Jedinak quickly become a fans' favourite at Selhurst\nPark, and donning the captain’s armband he led the club back into\nthe Premier League with a thrilling play-off win. 2013 proved a\nbreakthrough year for Jedinak who was named both Palace and\nAustralian player of the year.", "Jedinak made his international debut in 2008, and featured at\nSouth Africa 2010, playing just once as Australia crashed to a 4-0\ndefeat against Germany in their tournament opener. He has since\nfirmly established his place in the side, featuring at the 2011 AFC\nAsian Cup where he scored twice. Jedinak wore the captain’s armband\nfor the first time in March’s international against Ecuador."], "bibnum":15, "fieldpos":3, "webname":"Mile JEDINAK", "webnamealt":"JEDINAK", "surname":"JEDINAK", "shirtname":"JEDINAK", "playerletter":"J,J", "birthdate":"1984-08-03 00:00:00", "clubname":"Crystal Palace FC", "idclub":1882937}