{"idcupseason":251164, "idteam":43819, "teamname":"Japan", "countrycode":"JPN", "idplayer":198117, "description":["Eiji Kawashima has established himself as Japan’s first-choice\ngoalkeeper, and his growing reputation for saving penalties in key\ngames could be a valuable asset at the 2014 FIFA World Cup™.", "Currently on the books of Standard Liege in Belgium, Kawashima\nbegan his professional career with J.League side Omiya Ardija after\nfinishing high school. Kawashima transferred to Nagoya Grampus in\n2004, where he found himself competing for game time with Seigo\nNarazaki, a keeper who had played at the 2002 World Cup. Unable to\ndislodge his more experienced team-mate, Kawashima signed for\nKawasaki Frontale in 2007. This move brought almost instant\nsuccess, and Kawashima made his international debut the following\nyear. After a string of sparkling performances at South Africa\n2010, his services were procured by Belgian club Lierse.", "Known as a vocal and uncompromising keeper, Kawashima has\nmodelled his playing style on Italian legend Gianluigi Buffon, whom\nhe closely watched during a short stay in Italy early in his\ncareer.", "Kawashima came of age at South Africa 2010, not least for the\nway in which he marshalled his defence. In the Round-of-16 game\nagainst Paraguay, he kept the South Americans at bay for 120\nminutes but was unable to prevent his side losing on penalties.\nSince then, the 31-year-old has proven to be a remarkable\npenalty-stopper. At the 2011 AFC Asian Cup, for example, Kawashima\nsaved two spot-kicks against Korea Republic in the semi-final\nshoot-out."], "bibnum":1, "fieldpos":1, "webname":"Eiji KAWASHIMA", "webnamealt":"KAWASHIMA", "surname":"KAWASHIMA", "shirtname":"KAWASHIMA", "playerletter":"K,K", "birthdate":"1983-03-20 00:00:00", "clubname":"Standard Liege", "idclub":32761}