{"idcupseason":251164, "idteam":43854, "teamname":"Côte d'Ivoire", "countrycode":"CIV", "idplayer":198106, "description":["Yaya Toure arrives in Brazil on the back of a hat-trick of\nAfrican Footballer of the Year awards and with a whole array of\nwinners' medals, including two Spanish La Liga titles, two English\nPremier League titles, the Greek Super League title, a UEFA\nChampions League winner's medal, and victories in a host of\ndomestic cup competitions.", "The midfielder has also tasted success on the global stage, when\nhe was in the Barcelona side that won the FIFA Club World Cup in\n2009, beating Argentinian club Estudiantes 2-1 in the final. Brazil\n2014 will be the third FIFA World Cup that the younger of the three\nToure brothers (Kolo Toure plays for Liverpool, while Ibrahim Toure\nplays for Lebanese club Al-Safa SC) will be appearing, and he is\none of just four players to have featured in all six matches\n", " have played on the global stage in their\nhistory.", "Like his brother Kolo, Yaya got his first taste of European\nfootball at Beveren, a year after starting his professional career\nat 17 with ASEC Mimosas. He stayed in Belgium for two-and-a-half\nseasons, quickly becoming a first choice in the starting eleven.\nThen, in the winter transfer window, he left Beveren for Metalurg\nDonetsk, where he made regular first-team appearances for another\nseason-and-a-half.", "The summer of 2005 brought a further move, this time to Greece.\nAnd although his league form with Olympiakos was not outstanding,\nhe conjured up some commanding performances in the Champions\nLeague. By the end of the season, he was a target for a number of\nclubs and finally opted for a move to Monaco. A successful season\nin France marked by five goals and as many assists in 27 games was\nfollowed by a dream transfer to Barcelona, where he spent three\nseasons before making a big-money move to his current club,\nManchester City.", "Since then, he has cemented his reputation as one of the world's\nforemost midfielders and will surely be a key player in his team's\nBrazil 2014 campaign."], "bibnum":19, "fieldpos":3, "webname":"Yaya TOURE", "webnamealt":"TOURE YAYA", "surname":"TOURE", "shirtname":"TOURE YAYA", "playerletter":"T,T", "birthdate":"1983-05-13 00:00:00", "clubname":"Manchester City FC", "idclub":33337}