{"idcupseason":251164, "idteam":43901, "teamname":"Costa Rica", "countrycode":"CRC", "idplayer":199175, "description":["With more than 50 caps to his name, Keylor Navas has asserted\nhimself as Costa Rica’s first-choice goalkeeper since\n2008. In 2005, Costa Rican heavyweights Saprissa signed the\nyoungster to his first professional contract. It took Navas a few\nseasons to break into the first team, but from 2008 to 2010 he\nearned the starting role for Saprissa and was influential in his\nside’s triumphant 2008/09 Apertura season.", "During his time at Saprissa, Navas earned his first cap with\n", " in 2008, and he was named the 2009 CONCACAF Gold\nCup’s best goalkeeper as Costa Rica reached the semi-finals, who\nwere only beaten on penalties by Mexico.", "Shortly thereafter, then-Spanish second division side Albacete\nsnatched Navas up in 2010. Levante came calling a year later\nand after a spell on loan with the La Liga side, Navas’ move was\nmade permanent. After serving as Gustavo Munua’s backup for two\nseasons, Navas is now Levante’s top choice in net.", "With a starting role secured at the club level and a successful\nFIFA World Cup™ qualifying campaign under his belt, Keylor Navas\nlooks poised to offer his safe hands to Jorge Luis Pinto’s side in\nBrazil."], "bibnum":1, "fieldpos":1, "webname":"Keylor NAVAS", "webnamealt":"NAVAS K.", "surname":"NAVAS GAMBOA", "shirtname":"NAVAS K.", "playerletter":"N,N", "birthdate":"1986-12-15 00:00:00", "clubname":"Levante UD", "idclub":1883309}