{"idcupseason":251164, "idteam":43963, "teamname":"Portugal", "countrycode":"POR", "idplayer":200199, "description":["From the moment Joao Moutinho made his debut for Sporting at\njust 17 years of age in 2004/05, it was obvious that the diminutive\nmidfielder was a very special player. His mature performances\nbelied his age and the following years would see him cement his\nreputation as one of the world’s top midfielders.", "The next season he was an undisputed starter for Sporting,\nshowing what would become trademark features of his game:\nmetronomic consistency and a tireless engine. Moutinho played every\nminute of the 2005/06 league campaign, and would repeat the feat in\nsubsequent seasons, never playing fewer than 35 games a\nyear. ", "At 19 he was named a vice-captain of Sporting and one year later\nhe took over the captain's armband, thereby becoming a symbol of\nthe Lisbon club. At just 20 years of age Moutinho was the second\nyoungest captain in the long history of the Lisbon club, behind\nonly the legendary Francisco Stromp.", "So when news broke that he had transferred to domestic rivals\nPorto in the summer of 2010 it exploded like a bombshell in\nPortugal. And it was playing for the Oporto outfit that the\ntrophies befitting a player of his calibre arrived. In his very\nfirst season for Porto he won it all: the Portuguese Super Cup,\nChampionship and Cup, and the UEFA Europa League.", "Porto’s fans immediately took him to their hearts, and he\npropelled the team to the national championship in each of his\nthree seasons in northern Portugal. By now, and despite his\nsurprise omission from the 2010 FIFA World Cup South Africa™, he\nwas one of the bedrocks of ", "He played a starring role at UEFA EURO 2012 where Portugal\nreached the semi-final, and was an undisputed starter in the\nqualifying campaign for the 2014 World Cup. Now turning out for\nMonaco in France, Joao Moutinho will have the chance to show the\nworld he is one of those footballers who are always on top of his\ngame as he aims to hit new heights in Brazil."], "bibnum":8, "fieldpos":3, "webname":"Joao MOUTINHO", "webnamealt":"", "surname":"IRIA SANTOS MOUTINHO", "shirtname":"J. MOUTINHO", "playerletter":"M,J", "birthdate":"1986-09-08 00:00:00", "clubname":"AS Monaco", "idclub":30983}