{"idcupseason":251164, "idteam":43969, "teamname":"Spain", "countrycode":"ESP", "idplayer":200179, "description":["A product of the much-admired youth system at FC Barcelona, Cesc\nFabregas chose to leave ", "Barça at just 16 to try\nhis luck with English giants Arsenal. Soon becoming the club’s\nyoungest debutant and goalscorer, by the age of 21 the central\nmidfielder was the Gunners’ captain and went on to play a total of\neight seasons under Arsene Wenger – racking up 303 matches and 57\ngoals.", "Victory in just one Community Shield and one FA Cup in his time\nat Arsenal were not enough to quench his thirst for silverware,\nhowever, and in 2011 Fabregas returned ‘home’ to Camp Nou – where\nhe gelled immediately and in spectacular style with Lionel Messi\nand Co. Indeed, in his first season with ", " he won the\nSpanish Super Cup, the UEFA Super Cup, the FIFA Club World Cup and\nthe Copa del Rey. Playing in a slightly more advanced role than in\nhis spell in England, even sometimes being used up front as a\n‘false nine’, Fabregas continues to be a regular source of goals\nand assists for the Catalan club."], "bibnum":10, "fieldpos":3, "webname":"Cesc FABREGAS", "webnamealt":"FÁBREGAS", "surname":"FABREGAS SOLER", "shirtname":"FÁBREGAS", "playerletter":"F,F", "birthdate":"1987-05-04 00:00:00", "clubname":"FC Barcelona", "idclub":1903416}