{"idcupseason":251164, "idteam":43922, "teamname":"Argentina", "countrycode":"ARG", "idplayer":200130, "description":["Speed, anticipation and strength in the air are the strongest\nsuits of Ezequiel Garay, who has finally cemented his place in the\nArgentina team under Alejandro Sabella, having enjoyed notable\nsuccess as a youth international. The precocious Garay had yet to\nmake his debut for Newell’s Old Boys – the club he supports and\nwhere served his apprenticeship – when he helped his country to\nfourth place at the FIFA U-17 World Cup Finland 2003.", "Two years later, having just had his first taste of Argentinian\ntop-flight football, the centre-half joined forces with the likes\nof Lionel Messi, Pablo Zabaleta and Fernando Gago to win the U-20\nworld title in the Netherlands. By the time he won gold at the\nMen’s Olympic Football Tournament Beijing 2008 he had already made\nhis full international debut under Alfio Basile and had moved to\nSpanish side Racing Santander, where he was playing first-team\nfootball. His solid displays there earned him a move to Real Madrid\nin 2009, and two years later he was a non-playing member of the\n", " squad at the Copa America, held in\nArgentina.", "Now an undisputed first-choice in his position at Benfica, Garay\nmade his first start for his country against Ecuador on matchday\nfive of the South American qualifying competition for Brazil 2014,\nand has held on to his place in the centre of the Argentina defence\never since."], "bibnum":2, "fieldpos":2, "webname":"Ezequiel GARAY", "webnamealt":"GARAY", "surname":"GARAY", "shirtname":"GARAY", "playerletter":"G,G", "birthdate":"1986-10-10 00:00:00", "clubname":"SL Benfica", "idclub":1914613}