{"idcupseason":251164, "idteam":43963, "teamname":"Portugal", "countrycode":"POR", "idplayer":200201, "description":["Successful football families are nothing new, and Miguel Veloso\nbelongs to just such a clan. Son of Antonio Veloso, the former\nPortugal international and Benfica captain, Miguel tried his luck\nat the same club but was rejected as a youngster because he was\nconsidered overweight. At 13 he switched to Lisbon rivals Sporting,\nand it was when he was wearing the green and white that Veloso made\nhis mark.", "His senior debut for Sporting came at the start of 2006/07 and\nit did not take long for his exceptional talent and a magical left\nfoot to turn heads, putting in a man-of-the-match performance in a\nUEFA Champions League match against Inter Milan in the same season.\nA national call-up duly followed, in the qualification phase for\nEuro 2008 and he made the squad that went to Austria and\nSwitzerland, playing in one match.", "His pinpoint passing and accurate shooting gradually made him\nmore of a regular for ", ", and he played\ntwo matches in the 2010 FIFA World Cup South Africa™. Upon Paulo\nBento’s appointment as Portugal manager Veloso became a mainstay of\nthe team in front of the defence."], "bibnum":4, "fieldpos":3, "webname":"Miguel VELOSO", "webnamealt":"", "surname":"PINTO VELOSO", "shirtname":"MIGUEL", "playerletter":"V,M", "birthdate":"1986-05-11 00:00:00", "clubname":"FC Dynamo Kyiv", "idclub":36735}