{"idcupseason":251164, "idteam":43926, "teamname":"Colombia", "countrycode":"COL", "idplayer":200219, "description":["There are not many players who can claim to have played in three\nWorld Cups at youth level, but Fredy Guarin is one of them. In\nmaking a meteoric start to his career, Guarin represented his\ncountry at the FIFA U-17 World Cup in August 2003, not long after\nturning 17, and three months later formed part of the Colombia\nsquad that took third place at the U-20 world finals.", "On his return home, Envigado offered him his first professional\ncontract, and after distinguishing himself at the FIFA U-20 World\nCup Netherlands 2005, the young midfielder from Puerto Boyaca\npacked his bags for Argentina and Boca Juniors. From there he would\ndepart for Europe, enjoying spells with Saint Etienne and Porto,\nwhere he won the UEFA Europa League and a host of other trophies\nalongside compatriot Radamel Falcao, before joining current\nemployers Inter Milan.", "A creative midfielder, Guarin has excelled wherever he has gone,\nboth in the centre and out on the right. Though blessed with\nexcellent vision and playmaking and passing skills, perhaps his\nstrongest suit is his shooting with either foot. Naturally\nright-footed, he can strike the ball just as well with his\nleft.", "First capped in 2006, he took part in the South Africa 2010\npreliminaries and gained further experience at the 2011 Copa\nAmerica before taking on the challenge of helping Colombia return\nto the world finals for the first time in 16 years. After featuring\nin nine qualifiers on the road to Brazil 2014, Guarin is now\nfocused on the task of taking ", " into the world\nelite, just as he did in his youth days."], "bibnum":13, "fieldpos":3, "webname":"Fredy GUARIN", "webnamealt":"GUARIN", "surname":"GUARIN VASQUEZ", "shirtname":"GUARIN", "playerletter":"G,G", "birthdate":"1986-06-30 00:00:00", "clubname":"FC Internazionale", "idclub":1914619}