{"idcupseason":251164, "idteam":43849, "teamname":"Cameroon", "countrycode":"CMR", "idplayer":200262, "description":["Defensive midfielder Landry N’Guemo is one of the more\nexperienced players in the Cameroon squad, having started playing\ninternational football when he represented his country at the FIFA\nU-17 World Cup Finland 2003. He was also in the Cameroon squad at\nthe 2010 FIFA World Cup South Africa™, and he played four matches\nin the qualifiers for Brazil. He also has the experience of having\nbeen in the Cameroon squad at the 2008 and 2010 CAF Africa Cup of\nNations tournaments.", "Serving his apprenticeship with Nancy, the diminutive N’Guemo\nquickly adapted to life in Ligue 1, enjoying several first-team\noutings before turning 20 and also running out in the UEFA Cup. At\nthe end of the 2008/09 season, during which he played 33 league\ngames for Nancy and five UEFA Cup matches, he signed\nfor Celtic on loan. He played for the Scottish\nheavyweights in the UEFA Champions League qualifiers and\nfeatured in 33 league games for them during the season, at the end\nof which Celtic were keen to sign him. However, they could not\nreach an agreement with Nancy and he returned to the club before\nmoving to Bordeaux, where he has spent the past three seasons."], "bibnum":7, "fieldpos":3, "webname":"Landry NGUEMO", "webnamealt":"NGUEMO", "surname":"TSAFACK N'GUEMO", "shirtname":"NGUEMO", "playerletter":"N,N", "birthdate":"1985-11-28 00:00:00", "clubname":"FC Girondins Bordeaux", "idclub":31073}