{"idcupseason":251164, "idteam":43963, "teamname":"Portugal", "countrycode":"POR", "idplayer":200205, "description":["A regular presence in Paulo Bento’s squads during the qualifiers\nfor the 2014 FIFA World Cup Brazil™, Vieirinha’s chances of making\nthe world finals were dealt a major blow when he picked up a\nserious knee injury in September 2013.", "Determined not to miss out, he worked tirelessly to get back to\nfull fitness and had made a complete recovery by April. His return\ndid not go unnoticed by Bento, who promptly restored him to the\nnational fold, a sign of how far the player has come in recent\nyears.", "Denied much of an opportunity at Porto at the start of his\ncareer, Vieirinha moved abroad in search of first-team football. He\nfound it in Greece with PAOK, using his speed and technique to\ngreat effect in three and a half successful seasons before moving\nto Wolfsburg of Germany.", "He continued to develop his game in the Bundesliga, where his\nperformances earned him a call-up to the full national team, having\nalready played for his country at the FIFA U-17 World Cup in\n2003.", "The persevering Vieirinha now has the chance to show what he can\ndo on the biggest stage of all, the reward for his determination to\novercome every obstacle he has faced in his career."], "bibnum":10, "fieldpos":4, "webname":"VIEIRINHA", "webnamealt":"VIEIRINHA", "surname":"VIEIRA DE FREITAS", "shirtname":"VIEIRINHA", "playerletter":"V,V", "birthdate":"1986-01-24 00:00:00", "clubname":"VfL Wolfsburg", "idclub":44144}