{"idcupseason":251164, "idteam":43849, "teamname":"Cameroon", "countrycode":"CMR", "idplayer":200261, "description":["Although Alex Song is only 26, he is one of the most experienced\nplayers in a Cameroonian team loaded with promising\nstars-in-waiting. The nephew of former Cameroon captain Rigobert\nSong, the midfielder has represented his country at the FIFA U-17\ntournament in Finland in 2003, at the Olympic Football Tournament\nin 2008 and at the last FIFA World Cup™ finals in South Africa. He\nwas also ever-present in Cameroon’s qualifying campaign, playing in\nall eight matches as the Indomitable Lions secured a second\nconsecutive appearance on the global stage.", "But it is not only in international football that he has\nexcelled since moving to France and joining SC Bastia at the age of\n16. After breaking through into the first team, he was allowed to\nmove to Arsenal for a season on loan and although he did not\nfeature in many games, the Gunners convinced Bastia to sell him to\nthem. Arsenal coach Arsene Wenger decided to switch Song to a new\nposition, slotting him into a holding role in midfield, one in\nwhich he could give full expression to his talent, mopping up loose\nballs and launching attacks from deep. Song repaid Wenger for his\nconfidence with exceptional performances for the Gunners and in\nseven seasons in England he played 150 Premier League games. He\nmoved to Spanish giants Barcelona in 2012 and has been with the\nCatalan club since then."], "bibnum":6, "fieldpos":3, "webname":"Alexandre SONG", "webnamealt":"SONG", "surname":"SONG BILONG", "shirtname":"SONG", "playerletter":"S,S", "birthdate":"1987-09-09 00:00:00", "clubname":"FC Barcelona", "idclub":1903416}