{"idcupseason":251164, "idteam":43926, "teamname":"Colombia", "countrycode":"COL", "idplayer":200209, "description":["Standing 6’3 tall, Cristian Zapata has\nthe height and physique required to excel in the centre of defence.\nPowerfully built and strong in the air, he is also surprisingly\nfleet of foot and equally adept at snuffing out danger and bringing\nthe ball out of defence. Given those attributes it came as no\nsurprise when, at the age of 19 and following a distinguished\nseason with Deportivo Cali, he packed his bags for\nEurope. ", "\n", "\nZapata’s destination was Serie A side Udinese, where he played for\nsix seasons and polished up his game to such an extent that he was\ntwice voted the best defender in the league. Following a brief stay\nwith Villarreal, the Colombian centre-half central moved on to his\ncurrent club AC Milan.", "\n", "\nA familiar face in ", " youth teams, Zapata has\nalready played in two world finals: the FIFA U-17 World Cup Finland\n2003, where his side finished fourth, and the FIFA U-20 World Cup\nNetherlands 2005. On stepping up to the full national team, he took\npart in the preliminaries for South Africa 2010 and appeared at the\n2011 Copa America. He was also involved in Colombia’s Brazil 2014\nqualification campaign, though he played only two\ngames. ", "\n", "\nNow 27, Zapata is heading to Brazil with the aim of breaking into\nthe starting XI and proving his worth to the side. "], "bibnum":2, "fieldpos":2, "webname":"Cristian ZAPATA", "webnamealt":"C. ZAPATA", "surname":"ZAPATA VALENCIA", "shirtname":"C. ZAPATA", "playerletter":"Z,C", "birthdate":"1986-09-30 00:00:00", "clubname":"AC Milan", "idclub":1907169}