{"idcupseason":251164, "idteam":43926, "teamname":"Colombia", "countrycode":"COL", "idplayer":200213, "description":["Only goalkeeper David Ospina spent\nmore time on the pitch during Colombia’s successful qualifying\ncampaign than Pablo Armero, who missed just one game, a 2-0 defeat\nto Uruguay. ", "\n", "\nThe 27-year-old full-back brings plenty of power and attacking\nintent to the Colombian left flank. Composed on the ball, he links\nup well with his team-mates and has been known to score the odd\nstunning goal from distance with his favoured left foot. A cheerful\npresence on and off the pitch, he also doubles up as the\nchoreographer-in-chief of Colombia’s goal celebrations.", "\n", "\nArmero made his professional debut with America de Cali, winning a\nColombian league title with them in 2008 before signing for\nPalmeiras and then getting his big break in Italy with Udinese and\nNapoli. It was during his time with Udinese that he was named the\nbest full-back in Serie A in 2011. He has since joined West Ham\nUnited in the English Premier League, where he has broken into the\nfirst team. ", "\n", "\nHis many assets brought him to the attention of Colombia’s youth\nteam coaches and earned him a pace at the FIFA U-17 World Cup\nFinland 2003. A full international since 2008, he has just\ncompleted his second FIFA World Cup™ qualifying campaign and his\ninternational experience - and dancing expertise - are sure to make\nhim a valuable member of the squad in Brazil."], "bibnum":7, "fieldpos":2, "webname":"Pablo ARMERO", "webnamealt":"P. ARMERO", "surname":"ARMERO", "shirtname":"P. ARMERO", "playerletter":"A,P", "birthdate":"1986-11-02 00:00:00", "clubname":"West Ham United FC", "idclub":33741}