{"idcupseason":251164, "idteam":43849, "teamname":"Cameroon", "countrycode":"CMR", "idplayer":200935, "description":["Now in his tenth season in Europe, Stephane Mbia has plenty of\nexperience playing his club football at the highest level. Since\nstarting his professional career with Rennes in 2004, he spent\nthree seasons with Marseille before joining the exodus of\nFrance-based players who move across to the English Premier League.\nThe defensive midfielder played 29 league games for Queens Park\nRangers, but could not help the club avoid relegation at the end of\nthat season, so he joined Sevilla on loan at the start of last\nterm. A consummate professional, Mbia has not succumbed to the\nmaterialism that many players fall for, instead remembering his\nroots, saying in an interview: “Some footballers might not realise\nwhat's going on around them, but there are others like me who know\nthey're privileged and lucky to be living this life.”", "Mbia played in the FIFA U-17 World Cup Finland 2003 and scored\nhis side's equalising goal four minutes into injury time in their\ndramatic 5-5 draw against Portugal, where the African side came\nback from five goals down. He moved on from the U-17s to play for\nthe senior side and also represented his country at the Men's\nOlympic Football Tournament Beijing 2008. Mbia has become a vital\nplayer in the heart of Cameroon's side, playing seven times for the\nIndomitable Lions in the 2014 FIFA World Cup Brazil™ qualifiers to\nadd to the 10 preliminary games he played en route to South Africa\n2010, where he also featured in all three contests at the\nfinals."], "bibnum":17, "fieldpos":3, "webname":"Stephane MBIA", "webnamealt":"MBIA", "surname":"MBIA ETOUNDI", "shirtname":"MBIA", "playerletter":"M,M", "birthdate":"1986-05-20 00:00:00", "clubname":"Sevilla FC", "idclub":358}