{"idcupseason":251164, "idteam":43922, "teamname":"Argentina", "countrycode":"ARG", "idplayer":201001, "description":["Poise and elegance are two words that come to mind when Fernando\nGago is on the ball, hence his nickname of ", "\n(The Little Pretty One). The central midfielder is one of the\ngame’s thinkers, combining defensive solidity with refined\ntechnique, while his intelligence and awareness invariably allow\nhim to make the right decision when it comes to playing passes and\nmoving into space.", "Gago emerged from the youth set-up at Boca Juniors, making his\ndebut for the club in 2004. His long association with ", "\n", " began a year earlier, Gago appearing in the\nsides that finished third at the FIFA U-17 World Cup Norway 2003\nand won the FIFA U-20 World Cup Netherlands 2005, when he lined up\nwith Sergio Aguero and Lionel Messi.", "His performances with Boca earned him a move to Real Madrid,\nwhere he caught the eye of the then national team coach Alfio\nBasile, who gave him his first cap in 2007. That same year he\nplayed in the first of his two Copas America and went on to win an\nOlympic gold medal at Beijing 2008 and make 12 appearances in the\npreliminaries for South Africa 2010, though Diego Maradona decided\nagainst taking him to the world finals.", "Injury dogged Gago during subsequent stays with Roma, Valencia,\nVelez Sarsfield and on his return to Boca, though he remained in\nAlejandro Sabella’s plans at all times, playing a total of nine\nBrazil 2014 qualifiers despite his recurring fitness problems. The\nlatest of his many injuries nearly cost him a place at the World\nCup. The classy midfielder recovered just in time, however, and is\nset to play an important part in Argentina’s bid for glory."], "bibnum":5, "fieldpos":3, "webname":"Fernando GAGO", "webnamealt":"GAGO", "surname":"GAGO", "shirtname":"GAGO", "playerletter":"G,G", "birthdate":"1986-04-10 00:00:00", "clubname":"CA Boca Juniors", "idclub":1884422}