{"idcupseason":251164, "idteam":43925, "teamname":"Chile", "countrycode":"CHI", "idplayer":201787, "description":["Mauricio Pinilla is in his prime going into the 2014 FIFA World\nCup Brazil™. After several years drifting from club to club, he has\nsettled and is finally fulfilling his promise at Cagliari.", "The penalty-box predator exploded onto the scene as an\n18-year-old at Universidad de Chile, where his aerial prowess and\ngoal threat immediately drew comparisons to the great Ivan\nZamorano. Having previously represented Chile at U-17 and U-20\nlevel, he was given his first full international cap by Juvenal\nOlmos in 2003, less than a year into his professional career. The\nhype only intensified when the then teenager was snapped up by\nInter Milan, one of Zamorano's former clubs.", "However, immaturity and a string of injuries curtailed Pinilla's\nprogress and the forward became a journeyman, bouncing between\neight different clubs in four years. He resurrected his career at\nlower-league Italian outfit Grosseto, where his goalscoring form\ncaught the eye of Palermo and sparked rumours of a potential\ninternational comeback, which eventually came about in 2011 under\nClaudio Borghi. He was recalled again in 2013, this time by Jorge\nSampaoli, for a Brazil 2014 qualifying double-header. Another good\nseason in Italy and the fact that he offers something different to\nmost of Chile's other forwards secured his seat on the plane to\nBrazil."], "bibnum":9, "fieldpos":4, "webname":"Mauricio PINILLA", "webnamealt":"PINILLA", "surname":"PINILLA FERRERA", "shirtname":"PINILLA", "playerletter":"P,P", "birthdate":"1984-02-04 00:00:00", "clubname":"Cagliari Calcio", "idclub":451}