{"idcupseason":251164, "idteam":43927, "teamname":"Ecuador", "countrycode":"ECU", "idplayer":202280, "description":["Loja-born midfielder Luis Fernando Saritama is one of the\nstalwarts of the current Ecuador set-up. The 30-year-old's\ntechnical ability and consistent threat going forward have made him\na regular on the international stage.", "Having made his debut for Deportivo Quito back in 2000, Saritama\nenjoyed two further stints at the club, notably captaining them to\nthree domestic championships, the first of which broke a 40-year\ntitle drought. He also won the league at Peruvian side Alianza Lima\nand spent two years in Mexico with Tigres and Club America. He\ncurrently plies his trade for Guayaquil outfit Barcelona, his\nboyhood club, whom he joined on loan from Liga de Quito.", " has racked up vast international experience\nsince earning his first cap against Peru in 2003. He was a member\nof the Ecuador squad at the FIFA 2006 World Cup\nGermany™, albeit he was not called upon in any of the side's\nfour matches. Though he failed to score in qualifying, the\nmidfielder chalked up a record of six wins, three draws and just\ntwo defeats in the 11 qualifiers in which he featured on the road\nto Brazil 2014."], "bibnum":19, "fieldpos":3, "webname":"Luis SARITAMA", "webnamealt":"", "surname":"SARITAMA PADILLA", "shirtname":"SARITAMA", "playerletter":"S,S", "birthdate":"1983-10-20 00:00:00", "clubname":"Barcelona SC", "idclub":336}