{"idcupseason":251164, "idteam":43925, "teamname":"Chile", "countrycode":"CHI", "idplayer":202650, "description":["Not many goalkeepers can say that they have a street named after\nthem, though that is exactly the honour bestowed on Claudio Bravo\nby his hometown of Buin, close to the Chilean capital of\nSantiago.", "The Chile captain is one of the stars of Jorge Sampaoli’s side,\na keeper who possesses sharp reflexes, astute positional sense, a\ncool head and a gift for leadership. Sound in the air and on the\ndeck, Bravo inherited the skipper’s armband from the great Marcelo\nSalas in 2008, having been elected to the post, just as his\npredecessor was, by his team-mates.", "After failing to make much of an impression as a forward and\nthen a defender, Bravo decided to try his luck between the posts.\nHe joined Colo Colo at the age of 11 and eventually triumphed there\nafter almost giving up the game due to a lack of stature. No sooner\nhad he won the 2006 Apertura with ", " than he\njoined Real Sociedad, where he has also become an idol and has\nracked up the second-highest number of appearances by a foreigner\nat the club. After helping the San Sebastian side win the Spanish\nsecond division title in 2010, Bravo then played his part as they\nreached the UEFA Champions League for the first time in 2013.", "Though the custodian enjoyed little luck at the South American\nU-20 Championships in Uruguay in 2003, he made his full\ninternational debut under Nelson Acosta only a year and a half\nlater at the Copa America in Peru. By the end of the qualifiers for\nthe 2006 FIFA World Cup Germany™, he had become ", "\nfirst-choice keeper.", "Nicknamed ", " (Little Monkey) in recognition of his\nagility, Bravo retained the gloves for the successful South Africa\n2010 qualifying campaign and with 78 caps to his name, he has\nformer striker Leonel Sanchez’s record of 85 appearances for Chile\nin his sights, a record he could pass at the world finals."], "bibnum":1, "fieldpos":1, "webname":"Claudio BRAVO", "webnamealt":"C. BRAVO", "surname":"BRAVO MUNOZ", "shirtname":"C. BRAVO", "playerletter":"B,C", "birthdate":"1983-04-13 00:00:00", "clubname":"Real Sociedad", "idclub":31069}