{"idcupseason":251164, "idteam":43969, "teamname":"Spain", "countrycode":"ESP", "idplayer":207528, "description":["With a footballing father and brother, Xabi Alonso has,\nprofessionally speaking at least, enjoyed the most success of a\nfamily trio inextricably linked with Real Sociedad. And it was at\nthe Basque outfit that the cultured midfielder made his La Liga\ndebut back in 1998, his consistent and class-laden performances\nearning a pivotal switch to Liverpool come 2004.", "At Anfield, Alonso firmly established himself among the world’s\nfinest in his position, as well as picking up, among a clutch of\nother honours, a winner’s medal in the UEFA Champions League in\n2005. Strong in the tackle, a visionary playmaker and boasting a\npowerful shot, Alonso has since 2009 been the creator-in-chief that\nmakes Real Madrid tick – a genuinely indispensable cog in ", " machine.", "After making his full debut with ", " in April\n2003, Alonso has been a near-fixture in ", " squad\nand made the cut for every major international tournament. Involved\nin Spain’s triumphs at UEFA EURO 2008, the 2010 FIFA World Cup™ and\nEURO 2012, the deep-lying midfielder rose majestically to the\noccasion on his 100th senior cap for his country – scoring\ntwice against France in the last eight at the latter EURO."], "bibnum":14, "fieldpos":3, "webname":"Xabi ALONSO", "webnamealt":"ALONSO", "surname":"ALONSO OLANO", "shirtname":"ALONSO", "playerletter":"A,A", "birthdate":"1981-11-25 00:00:00", "clubname":"Real Madrid CF", "idclub":30504}