{"idcupseason":251164, "idteam":43822, "teamname":"Korea Republic", "countrycode":"KOR", "idplayer":207761, "description":["A clinical finisher with creativity and intelligence, Park\nChuyoung is arguably one of the most talented strikers in the\nhistory of Korean football. He came to prominence at the 2004 AFC\nYouth Championship in Malaysia, where he single-handedly led his\ncountry to winning their 11th continental title while grabbing the\ngolden boot as well as the Most Valuable Player award in the\nprocess.", "After rounding off the memorable year by winning the Asian Young\nPlayer of Year trophy, he joined FC Seoul and finished runner-up in\nthe scoring chart to be later voted unanimously as the Rookie of\nthe Year. His prolific form on the domestic stage earned Park his\nfirst cap against Uzbekistan in qualifying for Germany 2006.\nAlthough he had played a crucial role in the preliminary\ncompetition, his first appearance at the FIFA World Cup™ was not to\nbe a fond memory for Park, who had to wait for his chance sitting\non the bench in Korea Republic’s first two matches before coming\nout empty handed in a 2-0 defeat by Switzerland.", "After undergoing a lengthy slump at his club, Park tried his\nluck in the French Ligue 1 with Monaco in the summer of 2008 before\ntaking part in the Men’s Olympic Football Tournament. While he was\nadapting to the French top flight, Park had a successful qualifying\ncampaign for South Africa 2010. The Watford man went on to break\nhis duck at the finals, scoring off a free-kick in a 2-2 draw with\nNigeria that secured a place in the round of 16. Park was also a\nkey member of Hong Myungbo’s charges at the Asian Games later that\nyear and the 2012 Men’s Olympic Tournament where the Taeguk\nWarriors finished third and won the bronze medal respectively."], "bibnum":10, "fieldpos":4, "webname":"PARK Chuyoung", "webnamealt":"", "surname":"PARK", "shirtname":"C Y PARK", "playerletter":"P,C", "birthdate":"1985-07-10 00:00:00", "clubname":"Watford FC", "idclub":33188}