{"idcupseason":251164, "idteam":43948, "teamname":"Germany", "countrycode":"GER", "idplayer":207888, "description":["Standing at around 6'6 tall, Per Mertesacker’s stature is almost\nas imposing as his leadership qualities and international\nexperience. Regarded as the rock in Germany’s defence,\nMertesacker’s tackling and aerial strength have earned him a\nregular starting berth in Joachim Low’s side, while his technical\nability and build-up play have also come on leaps and bounds in\nrecent years.", "The Hanover-born star had wanted to quit playing football as a\nyoungster but, after experiencing a late surge, Mertesacker made\nhis Bundesliga debut for Hannover 96 just after his 19th birthday.\nAfter only 20 league appearances, he received his first call-up to\nthe national side. Before long, Mertesacker was a regular for\nJurgen Klinsmann’s team, establishing himself as an\ninternational-class defender at the 2006 FIFA World Cup™.", "He then moved to Werder Bremen, where he played a major role in\nthe northern German side’s DFB Cup win in 2009, as well as their\nrun to the UEFA Cup final that same season. Known affectionately as\n‘", "’ by fans, Mertesacker played the full 90 minutes on\nseven occasions at South Africa 2010, before completing a dream\nmove to Arsenal – the club he’d supported as a boy – a year later.\nUnder the tutelage of Arsene Wenger, Mertesacker has become a\nleading figure in the Gunners’ defence.", "Thanks to his positional play and tactical nous, the defensive\nstalwart doesn’t commit many fouls and has received widespread\npraise for his fair approach. He has even donned the captain’s\narmband in the absence of Philipp Lahm and Bastian Schweinsteiger.\nThe honorary Londoner is now determined to make his 100th\ninternational appearance at the 2014 World Cup and improve on\nGermany’s recent third-place finishes at football’s showcase\nevent."], "bibnum":17, "fieldpos":2, "webname":"Per MERTESACKER", "webnamealt":"MERTESACKER", "surname":"MERTESACKER", "shirtname":"MERTESACKER", "playerletter":"M,M", "birthdate":"1984-09-29 00:00:00", "clubname":"Arsenal FC", "idclub":32847}