{"idcupseason":251164, "idteam":43921, "teamname":"USA", "countrycode":"USA", "idplayer":207851, "description":["A striker with an indomitable personality and a will to win\nunrivaled by any in the game, Clint Dempsey is an icon of USA's\nnational team. According to many, he is the team’s beating heart.\nHe has it all: goal-scoring panache, a creative, play-making\nsensibility, and a grim desire to chase back when a foray breaks\ndown. Dempsey’s one of only three Americans to score in multiple\nFIFA World Cups™ and he is hoping to make Brazil 2014 – likely his\nlast world finals – a special moment.", "\n", "\nHe began his club career in Major League Soccer, earning Rookie of\nthe Year honours with New England Revolution, before heading for\nFulham of the English Premier League. He had a hugely successful\nseries of seasons at Craven Cottage, where he became the club’s\nall-time top-scorer in the Premier League and led them to an\nunprecedented UEFA Europa League final, though Atletico Madrid came\nout on top 2-1 to take the crown. His general play and output in\nfront of goal earned him a chance with crosstown London glamour\nclub Tottenham Hotspur, where he was unfortunate not to break into\nthe first-team on a regular basis, necessitating a huge-money\nreturn to MLS with Seattle Sounders in 2013.", "\n", "\nDempsey has been voted three times as US Soccer’s Player of the\nYear and scored the team’s only goal of an ill-fated Germany 2006\ncampaign. He can play as an out-and-out striker, dropped in behind\nthe front-men or even out on a wider perch, making him a useful and\ncrucial cog for the Americans. “I play with a lot of heart and\nevery time I go out on the field I do all I can to help get that\nwin,” Dempsey, whose temperament and character are a perfect fit\nfor his national team, told ", ". “We work\nhard as a team and we need that to not change if we’re going to\nachieve.”"], "bibnum":8, "fieldpos":4, "webname":"Clint DEMPSEY", "webnamealt":"DEMPSEY", "surname":"DEMPSEY", "shirtname":"DEMPSEY", "playerletter":"D,D", "birthdate":"1983-03-09 00:00:00", "clubname":"Seattle Sounders FC", "idclub":2000000975}