{"idcupseason":251164, "idteam":43924, "teamname":"Brazil", "countrycode":"BRA", "idplayer":207809, "description":["For someone who has played for clubs of the stature of Ajax,\nInter Milan, Barcelona and Paris Saint-Germain, and has won two\nUEFA Champions Leagues, nine league titles, four domestic cup\ncompetitions and eight Super Cups, Maxwell has surprisingly few\ninternational caps to his name.", "The reason why the experienced full-back has made so few\nappearances for Brazil is the ever-intense competition for places\nin ", ", though the 32-year-old is intent on making\nup for lost time as he readies himself for his first FIFA World\nCup™.", "Unearthed by Cruzeiro, Maxwell received his first call-up in\n2004, when Carlos Alberto Parreira drafted him into the squad as\ncover for Roberto Carlos during the qualifiers for Germany 2006. At\nthat point he was playing his club football in the Netherlands, yet\ndespite making subsequent moves to Inter, ", " and PSG,\nhe would have to wait another nine years to get the call from his\ncountry, this time from Luiz Felipe Scolari, who just happens to\nhave Parreira as his technical director. ", "Following the FIFA Confederations Cup, ", " said he\nwas willing to experiment, giving Maxwell his chance in the\nnational team. With club-mates Thiago Silva and Lucas alongside\nhim, the PSG defender has excelled, finally earning a place for\nhimself in the Brazil set-up. "], "bibnum":14, "fieldpos":2, "webname":"MAXWELL", "webnamealt":"MAXWELL", "surname":"SCHERRER CABELINO ANDRADE", "shirtname":"MAXWELL", "playerletter":"M,M", "birthdate":"1981-08-27 00:00:00", "clubname":"Paris Saint-Germain FC", "idclub":33191}