{"idcupseason":251164, "idteam":43854, "teamname":"Côte d'Ivoire", "countrycode":"CIV", "idplayer":207946, "description":["Unlike many players in a similar situation, France-born\nSouleymane 'Sol' Bamba threw in his lot with his parents'\nhomeland at an early age, representing Côte d’Ivoire at the FIFA\nU-20 World Cup in 2003 in the United Arab Emirates when he was 18\nyears old.", "He was also in his country's Olympic squad that reached the\nquarter-finals in Beijing in 2008. In the same year, the athletic\ndefender played for ", " for the first time,\nlining up alongside Kolo Toure in the centre of defence. The pair\nplayed together at the 2010 CAF Africa Cup of Nations, but he\nfailed to see any match-time at the 2010 FIFA World Cup™ finals,\nwhen Didier Zokora was given preference ahead of him.", "Since then, Bamba has again featured regularly, and in 2012,\nBamba and Toure combined as Côte d’Ivoire did not concede a\nsingle goal in open play at Africa Cup of Nations, only to be\nbeaten on penalties by Zambia in the final.", "Bamba plays his club football in Turkey for Trabzonspor, having\njoined the club from English Championship side Leicester City. He\nstarted his professional career with Paris Saint-Germain in 2004,\nbut failed to break through into the side. He was handed a lifeline\nby Scottish side Dunfermline, where he got his career on track\nbefore moving to Hibernian."], "bibnum":22, "fieldpos":2, "webname":"Souleymane BAMBA", "webnamealt":"", "surname":"BAMBA", "shirtname":"BAMBA", "playerletter":"B,B", "birthdate":"1985-01-13 00:00:00", "clubname":"Trabzonspor", "idclub":1882934}