{"idcupseason":251164, "idteam":43942, "teamname":"England", "countrycode":"ENG", "idplayer":207924, "description":["James Milner made an immediate impact on the Premier League when\nhe was just 16, becoming one of its youngest-ever players and\ngoalscorers while breaking through the ranks at his hometown club,\nLeeds United.", "He made 48 appearances for the Yorkshire club before moving to\nNewcastle United in July 2004 and Aston Villa for a fee of £12m\nfour years later. It was at Villa where he made his senior debut\nfor England, coming on as a substitute for Ashley Young in a\nfriendly against the Netherlands in Amsterdam in 2009.", "Prior to his full debut, Milner had represented England at U-16,\n17, 18, 19, 20 and U-21 levels, appearing in UEFA European U-21\nChampionship finals. The midfielder also holds the record number of\nappearances (46) with England’s U-21 side.", "After impressing Fabio Capello, Milner was included in the Three\nLions’ squad for South Africa 2010, setting up the only goal of the\ngame in their win over Slovenia. Milner also played in six matches\nduring qualifying for UEFA EURO 2012, and was named in Roy\nHodgson's 23-man squad for the tournament.", "After that FIFA World Cup™, Manchester City reportedly paid\n£28.5m for his services and he has completed the domestic treble of\nwinning the Premier League, FA Cup, and League Cup at the Etihad\nStadium.", "Despite claiming over 40 caps for England, Milner has scored\njust once for his country in a 5-0 away win to Moldova during the\nqualifiers for Brazil 2014."], "bibnum":17, "fieldpos":3, "webname":"James MILNER", "webnamealt":"MILNER", "surname":"MILNER", "shirtname":"MILNER", "playerletter":"M,M", "birthdate":"1986-01-04 00:00:00", "clubname":"Manchester City FC", "idclub":33337}