{"idcupseason":251164, "idteam":43969, "teamname":"Spain", "countrycode":"ESP", "idplayer":207906, "description":["After climbing up through the ranks at\nReal Madrid and then failing to break into the first team, Juanfran\ndecided to move in on 2005, spending a season with Espanyol, with\nwhom he won the Copa del Rey in 2006. The full-back then enjoyed\nfive years with Osasuna before returning to the Spanish capital to\npull on the red and white jersey of Atletico Madrid, where\nsustained success has come his way.", "Though originally signed to replace\nSimao on the right side of attack, Juanfran was forced by\ncircumstances to switch to a more defensive role, eventually\ncementing his place in the side at right-back. Quick, watchful and\nincisive whenever he pushes forward, he is ideally suited to the\nposition.", "He also had a distinguished youth\ncareer with Spain, forming part of the sides that won the UEFA\nEuropean Under-19 Championship in 2004 and appeared at the FIFA\nU-20 World Cups in the UAE in 2003 (where ", " finished\nrunners-up) and in the Netherlands in 2005. He eventually won his\nfirst full international cap in May 2012 and was a non-playing\nmember of the squad that retained Spain’s UEFA EURO crown in\nUkraine and Poland that year."], "bibnum":5, "fieldpos":2, "webname":"JUANFRAN", "webnamealt":"JUANFRAN", "surname":"TORRES BELEN", "shirtname":"JUANFRAN", "playerletter":"J,J", "birthdate":"1985-01-09 00:00:00", "clubname":"Atletico Madrid", "idclub":1914808}