{"idcupseason":251164, "idteam":43901, "teamname":"Costa Rica", "countrycode":"CRC", "idplayer":208120, "description":["A veteran FIFA World Cup™ participant and journeyman with an\nimpressive 65 caps to his name, Michael Umana will feature in\nprominently in Costa Rica's defence at Brazil 2014. Umana offers\ncoach Jorge Luis Pinto and fellow team-mates a calming influence,\nsteady leadership and careful decision-making abilities -\nattributes only a footballer intimately familiar with the\ninternational stage could take on with his grace and poise.", "During his time with Herediano, Umana represented Costa Rica at\nthe Men's Olympic Football Tournament Greece 2004, where they lost\nto eventual winners Argentina in the quarter-finals. After a brief\nstint with LA Galaxy, Umana returned to Costa Rica to play for\nBrujas. Umana featured for ", " at Germany 2006 where\nthey endured a searing 4-2 loss to the host country and subsequent\ndefeats to Ecuador and Poland. ", "After making an early exit from the\nWorld Cup, Umana returned back to Herediano and has since shifted\nbetween various clubs in the Americas, including another stint in\nMLS with Chivas USA. He now plays for Costa Rican club Saprissa\nwhere he has been since early 2013. Umana will look at Brazil 2014\nto improve upon his past international performances and bring his\nwealth of knowledge and experience to an exciting and gritty\n", " side."], "bibnum":4, "fieldpos":2, "webname":"Michael UMANA", "webnamealt":"UMAÑA M.", "surname":"UMANA CORRALES", "shirtname":"UMAÑA M.", "playerletter":"U,U", "birthdate":"1982-07-16 00:00:00", "clubname":"Deportivo Saprissa", "idclub":1896632}