{"idcupseason":251164, "idteam":43860, "teamname":"Ghana", "countrycode":"GHA", "idplayer":208353, "description":["Asamoah Gyan's name will forever be linked with his missed\npenalty in the South Africa 2010 quarter-finals. The miscue in the\nlast minute of extra-time, in their famous clash against Uruguay,\ndenied the Black Stars a semi-final place as they went on to lose\nthe match via a shootout. Gyan also missed a penalty against Zambia\nin the last four at the CAF Africa Cup of Nations 2012, and he\nannounced afterwards that he would be taking an indefinite break\nfrom international football. However, luckily for the Black Stars,\nhis absence lasted just a few months and he was named as\ncaptain upon his return to the fold.", "\n", "\nGyan, who played his first game for Ghana as a 17-year-old and\nscored on his debut, plies his club trade in the United Arab\nEmirates, having joined Al Ain after stints in Europe with Italian\nclubs Udinese and Modena, French outfit Rennes and Sunderland of\nthe English Premier League. Now 28, Gyan combines searing pace with\na deadly touch in the penalty area. A powerful athlete, he has a\nblistering shot, the upper body strength to hassle defenders and a\ngood spring to combat effectively in the air as well."], "bibnum":3, "fieldpos":4, "webname":"Asamoah GYAN", "webnamealt":"A. GYAN", "surname":"GYAN", "shirtname":"A. GYAN", "playerletter":"G,A", "birthdate":"1985-11-22 00:00:00", "clubname":"Al Ain FC", "idclub":1897029}