{"idcupseason":251164, "idteam":43954, "teamname":"Italy", "countrycode":"ITA", "idplayer":209119, "description":["Born and bred in the Eternal City, Daniele De Rossi rose through\nthe ranks at Roma and has never represented any other club. A\nproficient holding midfielder who protects the defence with aplomb,\nhe is also quick to try his luck from distance whenever the chance\narises – qualities which have helped him contest over 300 games for\n", ". The perfect foil to Roma ace Francesco\nTotti, he also shares his club-mate's burning will to win\nand the character to match.", "A European champion with the Italian U-21s in 2004, De Rossi\nalso won bronze at the 2004 Men's Olympic Football Tournament in\nAthens. He was promoted to full international duty in a qualifier\nfor the 2006 FIFA World Cup™ against Norway just a few months\nlater, contributing a debut goal in a 2-1 victory. On 30 March the\nfollowing year, and still only 21, he then donned the captain's\narmband for the first time in the second half of a 0-0 friendly\ndraw with Iceland.", "Germany 2006 proved to be an up-and-down affair for De Rossi.\nSent off just 26 minutes into the group match against USA, he\nreceived a four-match suspension, only making his return in the\nsecond half of the Final against France – but, crucially,\nconverting his penalty in the shoot-out. Like his team-mates, he\nwas then unable to shine in South Africa four years later, but that\ndid not dent his reputation in the eyes of incoming coach Cesare\nPrandelli.", "A versatile performer capable of playing in almost every\nposition, he has settled into the role of defensive midfielder.\nNothing short of a pillar for Italy, he was voted Italian Sportsman\nof the Year in 2010 and was included in the Team of the Tournament\nat UEFA EURO 2012. During the 2013 FIFA Confederations Cup in\nBrazil, he notched his 15th international goal against Japan,\nthereby surpassing the great Gianni Rivera to become ", "’s highest scoring midfielder. ", " "], "bibnum":16, "fieldpos":3, "webname":"Daniele DE ROSSI", "webnamealt":"DE ROSSI", "surname":"DE ROSSI", "shirtname":"DE ROSSI", "playerletter":"D,D", "birthdate":"1983-07-24 00:00:00", "clubname":"AS Roma", "idclub":31083}