{"idcupseason":251164, "idteam":43976, "teamname":"Australia", "countrycode":"AUS", "idplayer":209168, "description":["One of Australian football's quiet achievers, Eugene Galekovic\nhas been outstanding for Adelaide United since joining the club in\n2006. Indeed, he has claimed the A-League goalkeeper of the year\ncrown in four of the past eight seasons since moving from his\nhometown of Melbourne.", "Though not possessing an obvious physical presence, Galekovic is\na reliable high-quality shot-stopper and his numerous seemingly\nimpossible saves would make for a stunning career highlights reel.\nGalekovic’s form helped Adelaide to several successful runs in the\nAFC Champions League, including an unlikely run to the 2008 final,\neasily the best performance by an Australian club to date.", "He was Australia’s third choice goalkeeper at South Africa 2010\nhaving earned a late call-up following Brad Jones’ eleventh-hour\nwithdrawal for personal reasons. Though left on the bench in South\nAfrica, Galekovic did feature in all four matches for Australia at\nthe 2004 Olympic Football Tournament in Athens.", "Galekovic debuted for the Socceroos in early 2009 in an AFC\nAsian Cup qualifier and has been a semi-regular squad member ever\nsince."], "bibnum":18, "fieldpos":1, "webname":"Eugen GALEKOVIC", "webnamealt":"GALEKOVIC", "surname":"GALEKOVIC", "shirtname":"GALEKOVIC", "playerletter":"G,G", "birthdate":"1981-06-12 00:00:00", "clubname":"Adelaide United FC", "idclub":1918409}