{"idcupseason":251164, "idteam":43925, "teamname":"Chile", "countrycode":"CHI", "idplayer":209502, "description":["Known back home as ", " after a Chilean football\ncomic book character, there is nothing cartoonish about Jean\nBeausejour's ability on a pitch. In fact, the 29-year-old has a\nplace in his national team's history books, having scored\nthe winner against Honduras at South Africa 2010 to clinch Chile's\nfirst victory at the FIFA World Cup™ finals for 48 years.", "Born to a Haitian father and a Chilean mother, the versatile\nleft-sider – he is equally at home as an out-and-out winger or at\nwingback – has enjoyed a globetrotting career since making his\ndebut for Universidad Catolica in 2002. He variously plied his\ntrade in Chile, Switzerland, Brazil, Belgium and Mexico before\nmaking the move to England, where he has collected two major pieces\nof silverware: the 2011 Carling Cup with Birmingham City and the\n2013 FA Cup with current club Wigan Athletic.", "Beausejour's international career did not really take off until\nthe arrival of Marcelo Bielsa in 2008, though he did appear at the\nU-23 qualifying tournament ahead of the Athens 2004 Olympics and in\none qualifier for Germany 2006. Having established himself in the\nstarting XI and gone to South Africa under Bielsa, the buccaneering\nleft-footer has remained in and around the team under Claudio\nBorghi and Jorge Sampaoli, playing 518 minutes on the road to\nBrazil 2014."], "bibnum":15, "fieldpos":3, "webname":"Jean BEAUSEJOUR", "webnamealt":"BEAUSEJOUR", "surname":"BEAUSEJOUR COLIQUEO", "shirtname":"BEAUSEJOUR", "playerletter":"B,B", "birthdate":"1984-06-01 00:00:00", "clubname":"Wigan Athletic FC", "idclub":1886173}