{"idcupseason":251164, "idteam":43909, "teamname":"Honduras", "countrycode":"HON", "idplayer":209827, "description":["Wilson Palacios belongs among a select group of players with the\nability to change the course of a game on his own. Known\nas ", " ('The Magician') because of his ability on\nthe ball, Palacios is the kind of central midfielder every coach\nwould like in his side.", "\n", "\nPalacios' professional career began at Victoria in 2000 but\njust a year later he joined Olimpia, one of Honduras' most historic\nclubs. The stocky midfielder's knack of scoring goals and\nproviding assists, coupled with his gift for long-range\nshooting, earned him a call-up to the national side and he made his\ninternational debut in a friendly against Paraguay in\n2003. ", "\n", "\nHis talents did not go unnoticed further afield and\nPalacios has plied his trade in England ever\nsince Birmingham City secured his signature in 2007. He\nwas a pillar of the Honduran side during 2010 FIFA World Cup South\nAfrica™ qualification and was instrumental in helping end the\ncountry's 28-year absence at the finals. At that tournament, he and\nhis brothers Jerry and Johnny gave Honduras the curious honour\nof becoming the first nation to compete at a World Cup with a trio\nof siblings in their squad. ", "On the books at Stoke City for the last three seasons, Palacios\nplayed 838 minutes spread across 11 matches for Honduras en route\nto Brazil 2014 and would have appeared more often but for a series\nof injuries. Now back to full fitness and approaching his 30th\nbirthday, he is currently at the peak of his powers and will be\nintent on underlining that on the global stage this summer."], "bibnum":8, "fieldpos":3, "webname":"Wilson PALACIOS", "webnamealt":"W. PALACIOS", "surname":"PALACIOS SUAZO", "shirtname":"W. PALACIOS", "playerletter":"P,W", "birthdate":"1984-07-29 00:00:00", "clubname":"Stoke City FC", "idclub":2000000573}