{"idcupseason":251164, "idteam":43971, "teamname":"Switzerland", "countrycode":"SUI", "idplayer":209989, "description":["As one of the most experienced players in Ottmar Hitzfeld’s\nSwitzerland side, 29-year-old defensive rock Philippe Senderos will\nbe a vital component of the Swiss challenge at what will be his\nthird FIFA World Cup™.", "\n", "\nStanding at 1.89 metres tall and weighing 87 kilograms, Senderos\nboasts an unrivalled aerial game while also possessing the physique\nto deal with more robust attackers. The centre-back’s no-nonsense\nstyle is accentuated by his shaved head, which has long been his\npersonal trademark.", "\n", "\nBorn to Spanish-Serbian parents, Senderos played for FC Servette\nGeneva as a youngster and made his debut in the Swiss top flight as\na 16-year-old, before moving to Arsenal in July 2003.", "\n", "\nThe towering defender soon became a first team regular under Arsene\nWenger and received the honour of being awarded the No6 jersey last\nworn by club legend Tony Adams in 2002.  Following subsequent\nstints at AC Milan, Everton and Fulham, Senderos now plies his\ntrade in the Primera Division with Valencia.", "\n", "\nSenderos has represented Switzerland at international level since\n2002, when he captained the U-17s to continental glory in Denmark.\nThree years later he also wore the captain’s armband in leading his\ncountry at the FIFA U-20 World Cup in the Netherlands.", "\n", "\nA first senior cap arrived on 26 March 2005 in a World Cup\nqualifier against France and he has since gone on to earn many\nmore, including appearances at the global showdowns in Germany and\nSouth Africa.  ", "While Senderos may have been restricted to sporadic outings\nduring Brazil 2014 qualifying, he will nevertheless be a central\nfigure in the Swiss team at the tournament thanks to his respected\nstanding within the squad."], "bibnum":4, "fieldpos":2, "webname":"Philippe SENDEROS", "webnamealt":"", "surname":"SENDEROS", "shirtname":"SENDEROS", "playerletter":"S,S", "birthdate":"1985-02-14 00:00:00", "clubname":"Valencia CF", "idclub":32840}