{"idcupseason":251164, "idteam":43971, "teamname":"Switzerland", "countrycode":"SUI", "idplayer":209979, "description":["Tranquillo Barnetta’s outstanding technique and unwavering\nfighting spirit have helped the St. Gallen native make the\nleft-wing position his own under coach Ottmar Hitzfeld in the Swiss\nnational side.", "\n", "\nThe amicable midfielder has laced his boots in the Bundesliga since\n2004 and the experience gained at Bayern Leverkusen, Schalke and\ncurrent team Eintracht Frankfurt has undoubtedly helped him on the\ninternational stage too.", "After joining Leverkusen from St. Gallen in 2004, Barnetta was\nloaned to fellow Bundesliga outfit Hannover 96 but injuries\nprevented him from breaking into the side there. It was only after\nhis return to Leverkusen in time for the 2005/06 season that\nBarnetta established himself as a goalscoring midfielder in\nGermany’s top flight.", "At the end of June 2012 Barnetta swapped Leverkusen for Schalke,\nbut he only made 21 appearances for the Royal Blues in his first\nseason at the club, with just two of those outings coming in the\nstarting line-up. Barnetta was subsequently loaned to Eintracht\nFrankfurt in September last year for the remainder of the 2013/14\ncampaign.", "Barnetta has long been considered one of Switzerland’s finest\ntalents and represented his country at every age category, winning\nthe U-17 European Championship in 2002 as well as participating at\nthe U-21 continental showdown two years later. He was included in\nthe senior squad that travelled to Portugal for UEFA EURO 2004, but\ndid not feature at the tournament.", "\n", "\nHis maiden appearance on the international stage came shortly\nafterwards on 8 September 2004 in a FIFA World Cup™ qualifier\nagainst Republic of Ireland, while his first goal for Switzerland\narrived in a 3-1 win over Scotland on 1 March 2006. Barnetta has\nalso found the target at a World Cup, scoring in a 2-0 victory\nagainst Togo at Germany 2006.", "\n", "\nBarnetta was again part of the Swiss ensemble as the country\nco-hosted the European Championship in 2008 and was a key member of\nHitzfeld’s side at South Africa 2010, although he was unable to\nprevent the team being eliminated at the group stage in both\ntournaments.", "\n", "\n\"To play in a third World Cup with Switzerland would be\nsensational,” Barnetta told ", " in an\ninterview at the start of the Brazil 2014 qualifying campaign. “It\nwould be a dream come true to be there in Brazil.\" He was not to be\ndisappointed."], "bibnum":7, "fieldpos":3, "webname":"Tranquillo BARNETTA", "webnamealt":"Tranquillo Barnetta", "surname":"BARNETTA", "shirtname":"BARNETTA", "playerletter":"B,B", "birthdate":"1985-05-22 00:00:00", "clubname":"Eintracht Frankfurt", "idclub":31023}