{"idcupseason":251164, "idteam":43911, "teamname":"Mexico", "countrycode":"MEX", "idplayer":209960, "description":["Having accrued considerable experience of European football\nprior to his well-timed return to Mexico to join domestic\nheavyweights Club America, Francisco Javier Rodriguez, commonly\nknown as ‘Maza’, is one of the lynchpins of the Mexican national\nside.", "Coach Jose Manuel de la Torre appears to have complete\nconfidence in the centre-back, having handed him the captain’s\narmband over a year ago.", "Rodriguez forms a solid central-defensive partnership with\nHector Moreno for ", ", and his know-how and commanding\npresence have been instrumental in recently transforming Mexico\ninto CONCACAF’s most formidable team."], "bibnum":2, "fieldpos":2, "webname":"Francisco RODRIGUEZ", "webnamealt":"F. RODRIGUEZ", "surname":"RODRIGUEZ PINEDO", "shirtname":"F. RODRIGUEZ", "playerletter":"R,F", "birthdate":"1981-10-20 00:00:00", "clubname":"Club America", "idclub":1903518}