{"idcupseason":251164, "idteam":43963, "teamname":"Portugal", "countrycode":"POR", "idplayer":210212, "description":["A coach has to deal with many unexpected events at the FIFA\nWorld Cup™. As a result, players who can perform in a number of\npositions are invaluable. Ricardo Costa is just such a\nfootballer.", "After coming through the Boavista youth system, it was at\nneighbours Porto that he made his name, winning four Primeira Liga\ntitles, and lifting the UEFA Cup in 2002 and the UEFA Champions\nLeague in 2004 under Jose Mourinho.", "In 2004 he played in the UEFA European U-21 Championship and in\nthe Olympic Games, his first experience of major international\ntournaments. He was selected for the Portugal squad for the 2006\nFIFA World Cup Germany, making an appearance in the play-off for\nthird place, and also took part in the 2010 FIFA World Cup South\nAfrica™.", "Ricardo Costa certainly does not lack experience. After Porto,\nhe had spells at Wolfsburg and Lille before settling in Valencia,\nwhere he became one of the captains of the team. Along with\nCristiano Ronaldo, in June he will become the first Portuguese\nplayer to play in three World Cups"], "bibnum":13, "fieldpos":2, "webname":"Ricardo COSTA", "webnamealt":"R. COSTA", "surname":"MOREIRA COSTA", "shirtname":"R. COSTA", "playerletter":"C,R", "birthdate":"1981-05-16 00:00:00", "clubname":"Valencia CF", "idclub":32840}