{"idcupseason":251164, "idteam":43963, "teamname":"Portugal", "countrycode":"POR", "idplayer":210214, "description":["After playing for his country at practically every age level,\nRaul Meireles broke into the senior Portugal team after the 2006\nFIFA World Cup Germany™, taking his international bow during the\nqualifying phase for UEFA EURO 2008 and making the squad for the\ntournament.", "But it was on the road to South Africa 2010 that the midfielder\ncemented his place. He started all 12 qualifying games for the 2010\nWorld Cup, as well as playing every match in the tournament. Under\nPaulo Bento he continues to be a mainstay in the team, reproducing\nthe form he has shown at club level.", "A European Championship winner at U-16 level in 2000, Raul\nMeireles also represented his country at the 2004 Olympic Games and\nhas an enviable CV. He won four Portuguese championship titles at\nPorto, the UEFA Champions League at Chelsea and is currently\nshining brightly for Fenerbahce in Turkey. To put the cherry on top\nof a glittering career Raul Meireles aims to help propel Portugal\nto their first piece of silverware at Brazil 2014."], "bibnum":16, "fieldpos":3, "webname":"Raul MEIRELES", "webnamealt":"", "surname":"TRINDADE MEIRELES", "shirtname":"R. MEIRELES", "playerletter":"M,R", "birthdate":"1983-03-17 00:00:00", "clubname":"Fenerbahce SK", "idclub":33163}