{"idcupseason":251164, "idteam":43963, "teamname":"Portugal", "countrycode":"POR", "idplayer":210213, "description":["Son of the former Brazilian footballer Washington Alves, Bruno\nAlves was born in Povoa do Varzim, a small coastal town near Porto.\nAnd it was on the beach that he developed the skills that make him\none of the most versatile central defenders in Portuguese\nfootball.", "The footvolley games that he played with his family gave him a\ntremendous jumping ability. He found this talent only increased\nwhen he played on grass, and his strength in the air quickly became\none of this determined athlete’s great strengths. Although not\nespecially tall (6’2”), the central defender is fearless when it\ncomes to attacking high balls, both in defence and closer to the\nopponent’s goal. This characteristic has been a vital part of his\nsuccess with the Portuguese national team, for whom he is soon to\nmake his second FIFA World Cup™ appearance.", "Ironically, if Bruno Alves is known for his towering leaps on\nthe pitch, the player built his football career in short, gradual\nsteps. He played for a number of clubs before establishing himself\nat Porto in 2005/06. His reputation at the club continued to grow,\nand he was soon named Porto captain.", "He was first choice for Portugal when the country made it to the\nRound of 16 at the 2010 FIFA World Cup South Africa, before leaving\nPorto to spend three seasons with Zenit in Russia. He then moved to\nTurkey, where he plays for Fenerbahce.", "One thing, however, has not changed: his place in the Portuguese\nnational team. A first choice throughout the team’s World Cup\nqualifying campaign, Bruno Alves is looking forward to playing in\nhis second World Cup in the country where his father was\nborn"], "bibnum":2, "fieldpos":2, "webname":"Bruno ALVES", "webnamealt":"B. ALVES", "surname":"REGUFE ALVES", "shirtname":"B. ALVES", "playerletter":"A,B", "birthdate":"1981-11-27 00:00:00", "clubname":"Fenerbahce SK", "idclub":33163}