{"idcupseason":251164, "idteam":43938, "teamname":"Croatia", "countrycode":"CRO", "idplayer":210702, "description":["Daniel Pranjic has enjoyed varied fortunes when it comes to the\nnational team in recent seasons. His international career began\nbrightly: he made his senior debut in November 2004 and then became\na familiar face the in the squad, participating at both the 2006\nFIFA World Cup™ in Germany and UEFA EURO 2008.", "However, after publicly criticising the national team’s sporting\nset-up in 2011, he was banned from the squad by then coach Slaven\nBilic. He was recalled by Bilic’s successor Igor Stimac but only\nfeatured fleetingly in the early days of Stimac’s tenure, and did\nnot play a single minute of his country’s qualification campaign\nfor the 2014 FIFA World Cup Brazil. That period out in the cold was\nthen ended when new coach Niko Kovac brought him back into the\nfirst-team fold for the World Cup play-off against Iceland in\nNovember 2013. Pranjic soon repaid his coach’s trust, helping the\n1998 FIFA World Cup semi-finalists book their ticket for\nBrazil.", "At club level Pranjic’s most notable successes have come with\nBayern Munich, with whom he reached two UEFA Champions League\nfinals and won the league title. Previously he had helped Dutch\ntop-tier outfit SC Heerenveen win their domestic cup, before\nleaving for Germany in 2009, even financing part of the transfer\nhimself. He has also represented Dinamo Zagreb, Sporting Lisbon and\nPanathinaikos, making him one of Croatia’s most experienced\nplayers. Pranjic is able to play on the left side of both attack\nand defence, as well as in central midfield."], "bibnum":3, "fieldpos":2, "webname":"Danijel PRANJIC", "webnamealt":"PRANJIĆ", "surname":"PRANJIC", "shirtname":"PRANJIĆ", "playerletter":"P,P", "birthdate":"1981-12-02 00:00:00", "clubname":"Panathinaikos FC", "idclub":31033}