{"idcupseason":251164, "idteam":43946, "teamname":"France", "countrycode":"FRA", "idplayer":212246, "description":["Patrice Evra boasts the relentless energy of a dynamo. Watch the\nManchester United and France full-back in action and what stands\nout is the sheer distance he covers down the left, both frustrating\nopposition attacks and lending a hand during his own team's forays\nforward. Since his days as a youth player in and around Paris, Evra\nhas forged the mentality of a warrior and racked up an impressive\nlevel of experience, having first moved abroad to join third-tier\nItalian side Marsala aged just 17. Quickly spotted by Monza, he\nclimbed up a division, only to return to France a season later to\nsign for Nice.  ", "\n", "\nIt was with Nice's local rivals Monaco that Evra really began\nturning heads, however, playing a full part as the principality\nside finished runners-up in the UEFA Champions League under Didier\nDeschamps in 2003/04. From there, the defender set sail for\nManchester, since when he has amassed a formidable list of honours,\nincluding wins in the Champions League and FIFA Club World Cup.\nVoted best left-back in the Premier League in 2007, 2009 and 2010,\nhe was likewise singled out as the top player in his position in\nthe 2009 FIFA/FIFPro World XI.", "\n", "\nFor France, his opportunities were initially limited by Eric\nAbidal, yet Evra finally made the left-back spot his own after the\n2006 FIFA World Cup™. UEFA EURO 2008 proved a low point, but worse\nwas to come at South Africa 2010, where Evra captained a side that\ndisappointed supporters both on and off the pitch. Eager to shine\non African soil, the native of Dakar, Senegal, was left heartbroken\nby that experience. He also served an extended period out of the\nteam through suspension, but has forced his way back in thanks to\nhis consistent displays for the Red Devils."], "bibnum":3, "fieldpos":2, "webname":"Patrice EVRA", "webnamealt":"", "surname":"EVRA", "shirtname":"EVRA", "playerletter":"E,E", "birthdate":"1981-05-15 00:00:00", "clubname":"Manchester United FC", "idclub":33161}