{"idcupseason":251164, "idteam":43854, "teamname":"Côte d'Ivoire", "countrycode":"CIV", "idplayer":212306, "description":["Although Didier Drogba has a whole host of winners' medals -\nincluding some of the biggest: English Premier League, Champions\nLeague and two African Footballer of the Year awards - his start\ninto professional football was anything but easy.", "It was only as a 24-year-old, when he was in his second season\nwith Guingamp and scored 17 goals, that he embarked on the road to\nstardom. A move to Olympique Marseille followed and, after just a\nseason of more goals, Chelsea signed him in a big money move. He\nstayed for eight seasons with the Blues, scoring 100 goals in 226\nleague appearances. After helping the club lift the Champions\nLeague in 2012, Drogba moved to China, where he signed with\nShenghai Shenhua, but stayed just a few months before signing for\nTurkish giants Galatasary.", "Without doubt, Drogba is one of the all-time greats of African\nfootball, and he has pushed his national team to new heights.\nHanded his international debut in 2002, the Côte d'Ivoire captain\nwas his country’s first-ever scorer in a FIFA World Cup™ match.", "Frustrated by the team's disappointing performances in recent\nCAF Africa Cup of Nations tournaments – they finished as runners-up\nin 2006 and 2012, semi-finalists in 2008 and quarter-finalists 2010\nand 2013, having been considered the favourites in most – Drogba\nsaid before the World Cup finals in South Africa that the team was\ndesperate for success. Four years later, the 36-year-old and his\nteam-mates will be hoping that Brazil 2014 can bring them the major\nsuccess they have long craved."], "bibnum":11, "fieldpos":4, "webname":"Didier DROGBA", "webnamealt":"DROGBA", "surname":"DROGBA TEBILY", "shirtname":"DROGBA", "playerletter":"D,D", "birthdate":"1978-03-11 00:00:00", "clubname":"Galatasaray SK", "idclub":31018}