{"idcupseason":251164, "idteam":43822, "teamname":"Korea Republic", "countrycode":"KOR", "idplayer":212410, "description":["Despite having a roller coaster career at the international\nlevel, Kwak Taehwi has established himself as an integral part of\nKorea Republic’s central rearguard. At the age of 26, Kwak won his\nfirst cap in a friendly with Chile in January 2008, and in just a\nweek he went on to score his first international goal with a header\nagainst Turkmenistan in the third round qualifying for the 2010\nFIFA World Cup South Africa™. Kwak impressed again shortly\nafterwards by netting a last-minute winner in a 3-2 win over hosts\nChina PR at the East Asian Championship. ", "\n", "\nAlthough he played an important role for the Taeguk Warriors as\nthey reached South Africa 2010, Kwak could not make the trip to the\ntournament after suffering a serious leg injury in the build-up to\nthe competition. He returned to the national team during the\nqualifying for Brazil 2014 under the guidance of Choi Kanghee, who\ndid not hesitate to appoint him as captain ahead of the third round\nmatch against Kuwait in February 2012. With his trademark header,\nKwak opened the scoring for Ulsan Hyundai in the AFC Champions\nLeague final later that year. He subsequently left the Tigers to\nsign for Al Shabab before moving to Al Hilal earlier in 2014."], "bibnum":4, "fieldpos":2, "webname":"KWAK Taehwi", "webnamealt":"", "surname":"KWAK", "shirtname":"T H KWAK", "playerletter":"K,T", "birthdate":"1981-07-08 00:00:00", "clubname":"Al Hilal FC", "idclub":44286}