{"idcupseason":251164, "idteam":43976, "teamname":"Australia", "countrycode":"AUS", "idplayer":213001, "description":["A tireless contributor and consistent goalscorer during his\nnational team career, Tim Cahill’s status among Australia’s\nall-time greats has long been assured.", "An ability to rise to the occasion when it matters was famously\nunderlined at Germany 2006, when Cahill bagged a late double within\na matter of minutes against Japan. The goals were Australia\nfirst-ever at a FIFA World Cup™ and helped the Socceroos to their\nmaiden win on the world stage, lifting Cahill’s profile to\nstratospheric levels in his homeland. His goal against Serbia at\nSouth Africa 2010 – typically a dynamic headed strike – means\nCahill is the only Australian to score at two World Cups.", "Despite a modest build Cahill is surely one of the world’s\ngreatest exponents of the art of heading. An uncanny ability to\ntime an impressive leap, combined with a considerable dose of\nheroism, has made Cahill a fans’ favourite throughout his club and\ninternational career.", "A double against Ecuador earlier this year lifted Cahill to 31\ngoals and past Damian Mori’s long-standing national record.", "However, it could have all been so different. Born in Sydney to\na Samoan mother, Cahill briefly played for the Polynesians’ U-20\nteam and was deemed ineligible to feature for the Socceroos until\nhe was 24 following a change in FIFA’s eligibility regulations in\n2004.", "Though a fiercely proud Australian, Cahill retains a strong\nconnection to his Samoan heritage and has been known to\noccasionally celebrate a goal by mimicking a ", " stroke;\nPolynesian’s popular canoe sport.", "Cahill remains a highly regarded figure at Everton following\neight years of consistent and loyal service at Goodison Park, which\nended in 2012 with a move to New York Red Bulls. Late last year\nCahill netted after just seven seconds in a match for New\nYork, considered to be the fastest goal in Major League Soccer\nhistory.", "Cahill has mostly filled an attacking midfield role throughout\nhis national team career, though increasingly in recent years he\nhas been deployed as a central striker, including during Ange\nPostecoglou's era as coach."], "bibnum":4, "fieldpos":4, "webname":"Tim CAHILL", "webnamealt":"CAHILL", "surname":"CAHILL", "shirtname":"CAHILL", "playerletter":"C,C", "birthdate":"1979-12-06 00:00:00", "clubname":"New York Red Bulls", "idclub":2147482235}