{"idcupseason":251164, "idteam":43817, "teamname":"Iran", "countrycode":"IRN", "idplayer":213124, "description":["One of a handful of players from Iran's 2006 FIFA World Cup\nGermany™ squad, 32-year-old defender Amirhossein Sadeghi is\nexpected to provide experience as they aim to better that\nperformance in Brazil.", "A graduate from Esteghlal's youth academy, Sadeghi made a\nseamless transition into the first team of the Tehran giants in\n2003, beginning a prosperous era which saw him twice win the\nIranian league title. Meanwhile, Sadeghi made it into the 23-man\nsquad at Germany 2006 under Branko Ivankovic, although he was left\nwarming up the bench during all three games.", "A dependable stalwart at the back-line, Sadeghi can also trouble\nopposing defenders when pushing forward. He is known for his\nabilities in the air, making himself a real threat at dead-ball\nsituations. He featured in Iran's last three qualifying matches,\nhelping his side seal progression to Brazil 2014."], "bibnum":5, "fieldpos":2, "webname":"Amirhossein SADEGHI", "webnamealt":"AMIRHOSSEIN", "surname":"SADEGHI", "shirtname":"AMIRHOSSEIN", "playerletter":"S,A", "birthdate":"1981-09-06 00:00:00", "clubname":"Esteghlal Tehran FC", "idclub":2147483046}