{"idcupseason":251164, "idteam":43909, "teamname":"Honduras", "countrycode":"HON", "idplayer":213953, "description":["Jerry Palacios comes from a football family, having shared the\ndressing room at first club Olimpia – where he made the\nbreakthrough in 2001 – with no fewer than three of his brothers.\nThe forward's biggest asset is his strapping frame, which enables\nhim to bounce off defenders and makes him an ideal foil for\nHonduras strike partner and namesake Jerry Bengtson.", "The 32-year-old earned his first international call-up for a\nfriendly against USA just a year into his career. However, he has\nbeen in and out of the picture since then and was only a\nlast-minute inclusion in the squad for South Africa 2010, where he\nand siblings Johnny and Wilson made history as the first trio of\nbrothers to represent a single country at the same FIFA World\nCup™.", "Having signed for Chinese outfit Hangzhou Greentown in January\nthat year, 2010 also marked the beginning of the marksman's\ninternational adventure at club level. He spent one year there and\nanother at Hunan Billows before returning home in 2012, rejoining\nformer club Marathon and then moving on to Platense. However,\nPalacios seemingly possesses itchy feet to go along with his\npowerful legs and the industrious forward goes into Brazil 2014 on\nthe back of his debut season in Costa Rica with Alajuelense."], "bibnum":9, "fieldpos":3, "webname":"Jerry PALACIOS", "webnamealt":"J. PALACIOS", "surname":"PALACIOS SUAZO", "shirtname":"J. PALACIOS", "playerletter":"P,J", "birthdate":"1982-05-13 00:00:00", "clubname":"LD Alajuelense", "idclub":1884490}