{"idcupseason":251164, "idteam":43954, "teamname":"Italy", "countrycode":"ITA", "idplayer":214377, "description":["Formidable in the air and a fine tackler who gives away very few\nfouls, centre-back Andrea Barzagli is viewed by Italy coach Cesare\nPrandelli as a defensive stand-in of the highest quality. Since\njoining Juventus in 2011, he has played regularly alongside Giorgio\nChiellini and Leonardo Bonucci in a three-man back line, and the\ntrio have developed an understanding crucial to their performances\nwith ", ".", "Hailing from Tuscany, Barzagli turned professional in 1998 at\nthe age of 17, but he had to wait until August 2003 to make his\nSerie A debut, featuring for Chievo. The solid stopper impressed\nduring his time at the Verona club and, 15 months later, after\ntying down a regular starting place with Palermo, he was handed his\nfirst Italy cap in a 1-0 win over Finland. Barzagli quickly proved\nhis worth at international level and helped his country clinch the\n2006 FIFA World Cup™, yet his career took a serious dip following\nthe 3-0 loss to the Netherlands at UEFA EURO 2008. The experienced\ndefender decided to take his talents to Wolfsburg to get himself\nback on track, before eventually returning to Italy to sign for\n", ". After three years out in the cold, he was handed an\nItaly recall in 2011, hitherto occupying a starting berth in a\nthree-man rearguard or a place on the bench when Prandelli opts for\n4-4-2."], "bibnum":15, "fieldpos":2, "webname":"Andrea BARZAGLI", "webnamealt":"BARZAGLI", "surname":"BARZAGLI", "shirtname":"BARZAGLI", "playerletter":"B,B", "birthdate":"1981-05-08 00:00:00", "clubname":"Juventus FC", "idclub":31085}