{"idcupseason":251164, "idteam":43963, "teamname":"Portugal", "countrycode":"POR", "idplayer":214407, "description":["A product of Benfica's youth system, Joao Pereira had always\nbeen tipped to be a future Eagles star. however, it was at rivals\nSporting that he came to the fore as a right-back on his way to\nbecoming a first team regular in the Portuguese national side and\nto fulfilling his dream of playing in a FIFA World Cup™.", "Born in an underprivileged neighbourhood of Lisbon, Pereira\nfound that football was the perfect means of sidestepping life's\nproblems and by the age of 18 he was already playing in the\nPortuguese league. However, after winning the championship with\nBenfica, the upcoming young players and fierce competition from\nwithin the squad led him to seek pastures new. Two seasons at Gil\nVicente and three at Sporting Braga provided him with the maturity\nhe needed to return to one of the country´s top teams, which, as\nfate would have it, turned out to be Benfica´s rivals from the\nnearby Alvalade Stadium.", "After moving to Sporting his tigerish style of play soon won\nover the fans and his regular first-rate performances opened the\ndoors to the Portuguese national side. Manager Paulo Bento handed\nhim his chance during the UEFA EURO 2012 qualifiers and he has not\nlooked back since.", "Undisputed first choice at the EURO 2012 finals, where Portugal\nfell at the semi-final stage, he also held down his place on the\nright-hand side of the Portuguese defence throughout the qualifying\ncampaign for Brazil 2014. "], "bibnum":21, "fieldpos":2, "webname":"Joao PEREIRA", "webnamealt":"J. PEREIRA", "surname":"DA SILVA PEREIRA", "shirtname":"J. PEREIRA", "playerletter":"P,J", "birthdate":"1984-02-25 00:00:00", "clubname":"Valencia CF", "idclub":32840}