{"idcupseason":251164, "idteam":43963, "teamname":"Portugal", "countrycode":"POR", "idplayer":214410, "description":["For years Portuguese fans have yearned for a centre-forward in\nthe mould of Hugo Almeida: tall, strong, dominant in the air and\nwith a thunderous shot. Almeida has all the qualities you do not\nfind in the archetypal Portuguese striker, and as such the Besiktas\nmarksman gives Paulo Bento a different option.", "He came through the ranks at Porto, making his debut at 19, but\nopportunities were few and far between and a series of loan moves\nensued. He found time to leave his mark at Porto though, above all\non two occasions that are engraved in the memories of the club’s\nfans. He netted in the inauguration match of the new Estadio do\nDragao, and scored a quite stupendous strike in the UEFA Champions\nLeague at Inter Milan.", "In 2006/07 he was on loan again, this time at Werder Bremen, and\nit was in Germany that Almeida came to the fore. The Bundesliga\noutfit got the best out of the burly striker and they subsequently\nmade the move permanent. He played for Werder for four years,\nbefore moving to Besiktas, Turkey.", "Almeida made the 2010 FIFA World Cup South Africa™ and has been\na regular in the squad ever since, often starting to give Portugal\nmore firepower up front."], "bibnum":9, "fieldpos":4, "webname":"Hugo ALMEIDA", "webnamealt":"", "surname":"PEREIRA DE ALMEIDA", "shirtname":"H. ALMEIDA", "playerletter":"A,H", "birthdate":"1984-05-23 00:00:00", "clubname":"Besiktas JK", "idclub":44163}