{"idcupseason":251164, "idteam":43949, "teamname":"Greece", "countrycode":"GRE", "idplayer":214887, "description":["Konstantinos Katsouranis has been a key part of the Greece\nmidfield since his first call-up in 2003 and was a mainstay of the\nteam that shocked Europe at UEFA EURO 2004. The steely\nmidfielder also featured in the Greeks' failed attempt to\ndefend their continental crown in 2008. He played in all three\ngroup games at the 2010 FIFA World Cup South Africa™ and played a\npart in his country’s first victory in the competition, laying on\nthe pass for Dimitrios Salpingidis’s winner against Nigeria.", "Katsouranis’s career began back in 1996 with Panachaiki, based\nin his home city of Patras, helping them to promotion to the Greek\ntop flight before departing for AEK Athens in 2002. He was named\nGreece’s Player of the Year in 2005 and continued to impress the\nfollowing year when AEK finished league runners-up to claim a place\nin the UEFA Champions League. It was at that point that Katsouranis\ndecided to follow AEK coach - his now national team boss -\nFernando Santos to Benfica.", "Salpingidis was named the club’s Player of the Year in\n2009, when he also added a Portuguese cup triumph to his roll of\nhonour. He then moved back Greece to join Panathinaikos, the club\nhe had supported all his life. He picked up a Greek Super League\nand cup double to his trophy cabinet before joining current side\nPAOK in December 2012.", "The reliable Katsouranis featured heavily in Greece’s journey to\nBrazil, often captaining the side in the absence of Giorgios\nKaragounis. It was only suspension that prevented the No21 from\nfeaturing more often, as he picked up several yellow cards during\nqualifying as well as being dismissed against Latvia. The veteran\nmidfielder turns 35 during this summer’s tournament and his\nexperience is key to Greece achieving their goals."], "bibnum":21, "fieldpos":3, "webname":"Konstantinos KATSOURANIS", "webnamealt":"KATSOURANIS", "surname":"KATSOURANIS", "shirtname":"KATSOURANIS", "playerletter":"K,K", "birthdate":"1979-06-21 00:00:00", "clubname":"PAOK FC", "idclub":421}