{"idcupseason":251164, "idteam":43901, "teamname":"Costa Rica", "countrycode":"CRC", "idplayer":214874, "description":["In the national team picture since 2010, Patrick Pemberton has\nnot been able to establish himself as a consistent presence in goal\nfor Costa Rica, but nevertheless he has served admirably for\n", " on many occasions. En route to Costa Rica’s\nsuccessful qualification, Pemberton filled in for Keylor Navas\nduring two CONCACAF ‘Hexagonal’ matches, earning two vital draws\nfor Costa Rica along the way.", "Pemberton put together a spectacular season between the posts\nfor Alajuelense in 2013, which undoubtedly caught the eye of Costa\nRica coach Jorge Luis Pinto, and he has seen continued success with\nAlajuelense’s progression in the CONCACAF Champions League.", "In addition to his two Hexagonal appearances, Pemberton also\nfilled in for Costa Rica’s quarter-final 2013 CONCACAF Gold Cup\nrun, surrendering only two goals in four matches. Additionally,\nPemberton was named the best goalkeeper at the 2013 UNCAF Copa\nCentroamericana that saw Costa Rica claim the regional championship\nfor a record seventh time. While Navas looks prepared to take the\nstarting role for ", " at Brazil 2014, Pinto will be\ncomforted knowing there is no lack of depth or experience in his\nside’s last line of defence."], "bibnum":18, "fieldpos":1, "webname":"Patrick PEMBERTON", "webnamealt":"PEMBERTON P.", "surname":"PEMBERTON BERNARD", "shirtname":"PEMBERTON P.", "playerletter":"P,P", "birthdate":"1982-04-24 00:00:00", "clubname":"LD Alajuelense", "idclub":1884490}