{"idcupseason":251164, "idteam":43901, "teamname":"Costa Rica", "countrycode":"CRC", "idplayer":214876, "description":["Bryan Ruiz has been building a reputation as a lethal marksman\nand playmaker since his start with Alajuelense at the tender age of\n18. Starting in 2003 and before his amicable departure in 2006,\nRuiz helped usher in various regional titles, including the\nCONCACAF Champions' Cup.", "In July of 2006, Ruiz moved to Gent\nand in a little over a year he earned the captain’s armband and\nbecame top scorer for the team. His strong performance for the\nBelgians caught the eye of several Dutch teams and in July of 2009\nRuiz signed with FC Twente. In May 2010, his team won their first\nEredivise title in club history and it is more than fair to say\nRuiz was essential to Twente’s success. He finished the season as\nthe team’s top scorer and by August 2011 was being closely watched\nby a plethora of English Premier League sides. ", "Fulham successfully landed Ruiz in 2011, and the forward enjoyed\na fine run of form until he broke his foot in April 2012. Ruiz had\ndifficulty regaining his spot in the starting XI after the injury,\nbut he finished the 2012/13 campaign with five goals, and he is\ncurrently enjoying a productive loan with Dutch heavyweights\nPSV.", "While he has continually proven his\nworth at the club level, Ruiz has not been able to consistently\nreproduce his goal scoring touch for Costa Rica, despite earning\nmore than 60 caps. That will only fuel Ruiz to impress at the 2014\nFIFA World Cup Brazil™, which could prove to be very troublesome\nfor opposing defences. And with 17 appearances in South Africa 2010\nand another 11 during the Brazil 2014 qualifying campaign, Ruiz’s\nexperience at the highest levels of international football gives\nhim the added confidence needed to succeed this summer."], "bibnum":10, "fieldpos":4, "webname":"Bryan RUIZ", "webnamealt":"RUIZ B.", "surname":"RUIZ GONZALEZ", "shirtname":"RUIZ B.", "playerletter":"R,R", "birthdate":"1985-08-18 00:00:00", "clubname":"PSV Eindhoven", "idclub":1914838}