{"idcupseason":251164, "idteam":43942, "teamname":"England", "countrycode":"ENG", "idplayer":214961, "description":["It is now 14 years since Kevin Keegan handed Steven Gerrard his\nfirst England cap a day after his 20th birthday. The Liverpool\nmidfielder now has over 100 caps and is his country’s captain. His\ninternational bow, on 31 May 2000 against Ukraine, came shortly\nbefore UEFA EURO 2000, where Gerrard had a fleeting taste of the\naction as a substitute in the 1-0 win over Germany.", "It was in his next appearance against the Germans, in a FIFA\nWorld Cup™ qualifier in Munich in September 2001 that the\nLiverpudlian underlined his prodigious talent with a typically\nspectacular first goal for his country. With the sides level at 1-1\napproaching half-time, Gerrard unleashed a rocket shot past Oliver\nKahn, sending England on their way to a remarkable 5-1 success.", "Unfortunately for Gerrard he missed the subsequent 2002 finals\nthrough injury so instead had to wait until UEFA EURO 2004 for his\nfirst chance to really make his mark on a major tournament. He had\ncaptained his country for the first time against Sweden shortly\nbefore those finals and in Portugal was an ever present, scoring in\na 3-0 group-stage win over Switzerland.", "A one-club man, Gerrard resisted Chelsea’s overtures that same\nsummer and was rewarded with arguably the greatest moment of his\ncareer in 2004/05, when he played a crucial role in Liverpool’s\nunlikely UEFA Champions League triumph. It took an explosive, late\nstrike from Gerrard against Olympiacos in December 2004 just to\nprolong Liverpool’s interest beyond the group stage. Five months\nlater he played a prominent role in a stunning comeback in the\nIstanbul final against AC Milan, heading the first goal as\nLiverpool retrieved a 3-0 deficit before prevailing on\npenalties.", "Gerrard – third in the Ballon D’Or vote in 2005 – further\nenhanced his status as Liverpool’s Captain Fantastic with another\nheroic strike in the 2006 FA Cup final against West Ham United,\nfiring in an improbable injury-time volley from over 30 yards to\nsalvage a 3-3 draw and set up another shootout success.", "His scoring rate soaring, Gerrard found the net 22 times for\nLiverpool that season, earning the PFA Player of the Year award. He\ntook that form into the FIFA World Cup in Germany, netting in group\ngames against Trinidad and Tobago and Sweden but, unfortunately,\nwas one of three players foiled by Portugal goalkeeper Ricardo when\nEngland succumbed in another shoot-out in the quarter-finals.", "A dynamic, driving presence in midfield, Gerrard, captained his\ncountry during the 2010 FIFA World Cup finals in South Africa\nbefore helping England qualify for UEFA EURO 2012 in which they\nreach the Round of 16 and quarter-finals respectively."], "bibnum":4, "fieldpos":3, "webname":"Steven GERRARD", "webnamealt":"GERRARD", "surname":"GERRARD", "shirtname":"GERRARD", "playerletter":"G,G", "birthdate":"1980-05-30 00:00:00", "clubname":"Liverpool FC", "idclub":1896769}