{"idcupseason":251164, "idteam":43965, "teamname":"Russia", "countrycode":"RUS", "idplayer":215017, "description":["In a country which has produced such luminaries of the\ncustodian’s art as Lev Yashin and Rinat Dassayev, pulling on the\nnational-team’s No1 jersey has proved an overwhelming burden for\nmany contenders. Yet despite first being handed this responsibility\naged just 18, Igor Akinfeev has handled the pressure in exemplary\nfashion – taking the step in his stride and showing himself a\nworthy successor to Russia’s former goalkeeping greats.", "Even as a youngster, Akinfeev was already tipped by many as a\nfuture senior national-team keeper and wasted little time in making\nthat prediction a reality. By 15 he was in Russia’s U-21 squad and\nmade his full international debut in April 2004, starting a\nfriendly versus Norway only 20 days after turning 18. It was a\nstarting berth that, with the exception of spells sidelined through\ninjury, he has clung onto for the ten years since.", "Akinkeev’s rise was similarly meteoric in his beloved CSKA\nMoscow, a club he has been a part of from the age of four. First in\nfirst-team action at 16 back in 2003, his years of loyal service\nhave been generously replete with silverware – including four\nRussian titles, six domestic cups and the 2005 UEFA Cup – as well\nas individual honours aplenty, such as being voted Russia’s\ngoalkeeper of the year on successive occasions.", "At international level, Akinfeev spent his first major\ntournament, UEFA EURO 2004, on the bench, though was a key figure\nin the eastern Europeans’ charge to the continental semi-finals\nfour years later. Again on the bench at EURO 2012, having only\nrecently recovered from major knee surgery, he was back as Russia’s\nrock-solid last line of defence during their successful qualifying\ncampaign for the 2014 FIFA World Cup Brazil™.", "Now 28, Akinfeev seems both well-aware of and at ease with his\nstatus as a national-team icon. And prior to being a World Cup\nAmbassador at Russia 2018, Brazil 2014 should provide the vastly\nexperienced keeper with his first taste of life at a World Cup – a\nstage Yashin and Dassayev graced in such style."], "bibnum":1, "fieldpos":1, "webname":"Igor AKINFEEV", "webnamealt":"", "surname":"AKINFEEV", "shirtname":"AKINFEEV", "playerletter":"A,A", "birthdate":"1986-04-08 00:00:00", "clubname":"CSKA Moscow", "idclub":34555}