{"idcupseason":251164, "idteam":43960, "teamname":"Netherlands", "countrycode":"NED", "idplayer":215002, "description":["No player picked up more Man of the Match awards at the last\nFIFA World Cup™ than Wesley Sneijder, adjudged the best player on\nshow in four of the Netherlands’ seven matches. Nor were\nthose the only awards with which he returned from South\nAfrica, with a runners-up medal accompanied by the adidas Silver\nBall and Bronze Boot, reflecting his status as the tournament’s\nsecond-best player and third-highest scorer.", "Sneijder would also find himself on FIFA’s Team of the Year, and\nnamed UEFA’s best midfielder of 2010, and deserved no less for his\nperformances in a truly extraordinary year for club and country.\nAfter all, while he fell just short of World Cup glory with the\nNetherlands, Sneijder picked up a collection of winner’s medals for\nInter Milan, most notably the coveted UEFA Champions League.", "It was the culmination of the midfielder’s increasingly\nspectacular rise from the precocious youngster first glimpsed in\nthe famous red-and-white of Ajax at the age of 18. After\nestablishing himself with the Amsterdam giants, winning seven\ntrophies and earning a place in the national team, Sneijder\ndeparted for Real Madrid in 2007 for €27 million – making him the\nsecond-most expensive Dutchman in history.", "This gifted playmaker impressed at times in Madrid, but a new\nwave of arrivals prompted ", " to offload him to\nInter for €15 million in 2009 – and how they would regret that\ndecision. Sneijder went on to confirm his status as one of the\nfinest midfielders in the world and, while his career has stalled a\nlittle since 2010 – with exile at Inter and a not entirely\nsuccessful move to Galatasaray – the respect he holds among his\nteam-mates is evident.", "Indeed, when Louis van Gaal implied that he might not select the\nmidfielder for Brazil 2014 due to his unconvincing club form,\nArjen Robben’s response was unequivocal. \"When he plays at his own\nlevel and is fully match fit, which he is now, Wesley is a player\nwho brings something extra,” said the Bayern Munich winger. “You\nneed that at a World Cup. Wesley is an extraordinary player when\nhe's at his best and we have to take advantage of that. He still\nadds something to the ", ".\""], "bibnum":10, "fieldpos":3, "webname":"Wesley SNEIJDER", "webnamealt":"SNEIJDER", "surname":"SNEIJDER", "shirtname":"SNEIJDER", "playerletter":"S,S", "birthdate":"1984-06-09 00:00:00", "clubname":"Galatasaray SK", "idclub":31018}