{"idcupseason":251164, "idteam":43954, "teamname":"Italy", "countrycode":"ITA", "idplayer":215274, "description":["Italy have regularly produced exceptional defenders crucial to\nthe balance of their teams and Giorgio Chiellini is a centre-back\nfrom that same rich tradition. A worthy successor to the likes of\nPaolo Maldini and Fabio Cannavaro, he is adept at marking opponents\nout of the game and is a dominant presence in the air. Having\nhelped ensure a smooth transition between two talented generations,\nthe 28-year-old is now a veritable lynchpin at the back for ", ".", "Born in Pisa but raised in Livorno, Chiellini spent four years\ntraining as a left-back with the latter town’s local club. From the\nage of 16 he began rising through the ranks of Italy's youth teams,\nnotably winning the UEFA European U-19 Championship in 2003.", "After signing for Juventus in 2004, he was sent out on loan to\nFiorentina, where he made his Serie A debut on 12 September the\nsame year. Two months later, on 17 November, he was rewarded with\nhis first senior cap by Marcello Lippi, making his bow against\nFinland. Chiellini's career then entered a new phase in 2006/07,\nwhen Didier Deschamps gradually began relocating him to the centre\nof ", "'s defence.", "His versatility made him even more useful to ", ", and, with Italy operating a 4-4-2 system, he served\nwith distinction both in the middle and on the left. His playing\ntime increased when he took over from Marco Materazzi, and since\nCannavaro's retirement in 2010 he has emerged as Italy's new leader\nat the back.", "Chiellini has continued to shine in the domestic sphere as well,\nbeing voted by his peers as Serie A Defender of the Year three\ntimes in a row between 2008 and 2010. The primary outlet for\nGianluigi Buffon, he is also the goalkeeper’s natural replacement\nas captain, having first worn the armband for Italy against\nSwitzerland on 14 November 2012.", "His gifts extend beyond the realm of football too, and he\nobtained a degree in Business and Economics at the University of\nTurin in 2010, earning a final mark of 109 out of 110.", " "], "bibnum":3, "fieldpos":2, "webname":"Giorgio CHIELLINI", "webnamealt":"CHIELLINI", "surname":"CHIELLINI", "shirtname":"CHIELLINI", "playerletter":"C,C", "birthdate":"1984-08-14 00:00:00", "clubname":"Juventus FC", "idclub":31085}