{"idcupseason":251164, "idteam":43935, "teamname":"Belgium", "countrycode":"BEL", "idplayer":216006, "description":["Anthony Vanden Borre has experienced more lows than highs since\nfirst slipping on the Belgium shirt aged just 16. The lowest moment\nof all came when Genk opted not to extend his contract in June\n2012, and the defender once felt to have the same potential as\nVincent Kompany found himself without a club for the next six\nmonths. Vanden Borre's path to that point had been littered with\ninjuries and coaches who did not believe in him, yet it is true too\nthat his own approach to the game had not helped his cause.\n  ", "\n", "\nThe 26-year-old experienced plenty of success early on in his\ncareer, and perhaps those breakthroughs came too early. He is\nadamant that he has learnt from his mistakes, however, and he has\ncertainly seized the opportunity since former club Anderlecht\noffered him a fresh chance in January 2013. Asked to prove himself\nwith the youth team first, Vanden Borre got down to work without\ncomplaints and has now re-established himself as a fixture in the\nBrussels club's line-up.", "\n", "\nReunited with his childhood friend Kompany, he is back too in the\nBelgium fold, having enjoyed intermittent exposure to the\ninternational game during the first part of his career. He now\nhopes to start a new chapter on the greatest stage of all, by\nbringing his athleticism and technical prowess to bear on the\nplaying fields of Brazil."], "bibnum":21, "fieldpos":2, "webname":"Anthony VANDEN BORRE", "webnamealt":"VANDEN BORRE", "surname":"VANDEN BORRE", "shirtname":"VANDEN BORRE", "playerletter":"V,V", "birthdate":"1987-10-24 00:00:00", "clubname":"RSC Anderlecht", "idclub":31024}