{"idcupseason":251164, "idteam":43965, "teamname":"Russia", "countrycode":"RUS", "idplayer":216432, "description":["The\nleft-sided Zhirkov learned his trade with hometown club Spartak\nTambov before leaving at the age of 18 for CSKA Moscow. Slotting in\nat left-back he won the 2005 UEFA Cup with the team from the\ncapital, as well as two Russian Premier League titles, four Russian\nCups and another four Russian Super Cups.", "More winner’s medals would come Zhirkov’s way following a move\nto Chelsea in 2009, with his new employers securing an English\nleague and cup double the following year. In 2011 he was on his way\nback to Russia, this time to Anzhi Makhachkala, staying there for\ntwo years before joining current club Dinamo Moscow.", "Though a world finals novice, Zhirkov boasts an impressive CV\nwith Russia, having earned more than 50 caps while performing as\nboth full-back and winger on the left flank. In helping Russia\nfinish third at UEFA EURO 2008, he was named in the Team of the\nTournament, his performances in Austria and Switzerland also\nearning him the nod as Russian Footballer of the Year. "], "bibnum":18, "fieldpos":4, "webname":"Yury ZHIRKOV", "webnamealt":"ZHIRKOV", "surname":"ZHIRKOV", "shirtname":"ZHIRKOV", "playerletter":"Z,Z", "birthdate":"1983-08-20 00:00:00", "clubname":"FC Dynamo Moscow", "idclub":33170}