{"idcupseason":251164, "idteam":43965, "teamname":"Russia", "countrycode":"RUS", "idplayer":216435, "description":["Jinking dribbles and lightning runs down the right wing have\nbeen a hallmark of Alexander Samedov since he was a youngster\ncoming through the ranks at Spartak Moscow, earning him call-ups to\nthe national team. However, the talented midfielder needed time to\nmature. A string of transfers also hindered his progress. Samedov\nmoved to Lokomotiv Moscow, but did not stick around for long,\nmoving again to Moscow FC, where he enjoyed his first great\nseasons. But it was after moving again, to city rivals Dynamo that\nthe goals and the assists really began to flow, paving the way for\nhis international debut.", "And while that long-awaited maiden appearance eventually came in\nOctober 2011, it was not in time for the then 27-year-old to make\nthe cut for UEFA EURO 2012. Under Fabio Capello, however, he has\nbecome an important member of the national team, playing in eight\nqualifying games and scoring in both matches against Luxembourg.\nSamedov has shown excellent recent form too, ending 2013 by scoring\nin the 1-1 draw with Serbia, and starting 2014 with a decisive\ncontribution in the victory over Armenia. Moreover, he played a\nleading role in Lokomotiv Moscow’s excellent campaign in the\nRussian Championship.", "It has taken him a long time, but on cusp of turning 30, Samedov\nhas shown he still has the talent and speed to create headaches for\nthe opposition."], "bibnum":19, "fieldpos":4, "webname":"Alexander SAMEDOV", "webnamealt":"", "surname":"SAMEDOV", "shirtname":"SAMEDOV", "playerletter":"S,S", "birthdate":"1984-07-19 00:00:00", "clubname":"FC Lokomotiv Moscow", "idclub":1885655}