{"idcupseason":251164, "idteam":43971, "teamname":"Switzerland", "countrycode":"SUI", "idplayer":216642, "description":["Reto Ziegler took his first steps in the game in the FC Gland\nyouth academy, but following stints at FC Servette and\nLausanne-Sports he arrived at Grasshoppers Zurich as a 14-year-old.\nHe spent four years at the Swiss record titleholders before moving\nto England, signing a contract in summer 2004 with Tottenham\nHotspur.", "Ziegler netted his first Premier League goal shortly before his\n19", " birthday but was loaned to Hamburg after just a\nsingle season at Spurs. The midfielder failed to settle in Germany\nhowever, and after another loan spell at Wigan Athletic he joined\nSerie A outfit Sampdoria in February 2007.", "\n", "\nAfter four years in Genoa Ziegler signed for Juventus, but\nstruggled to establish himself there and was subsequently loaned to\nFenerbahce, Lokomotiv Moscow and Sassulo Calcio.", "\n", "\nHe has been part of the Swiss national set-up since youth level,\nwinning the U-17 European Championship as well as captaining the\nU-21s for the majority of his time in that age category.", "Ziegler made his full international debut in March 2005 in a\nqualifying match for the 2006 FIFA World Cup Germany™. Coach Ottmar\nHitzfeld included the left-footer in his squad at South Africa 2010\nand the tactician will be banking on Ziegler’s wealth of experience\nto aid the side in Brazil too. The 28-year-old can play both in\nmidfield and defence and is a reliable back-up in either\nposition."], "bibnum":3, "fieldpos":2, "webname":"Reto ZIEGLER", "webnamealt":"ZIEGLER", "surname":"ZIEGLER", "shirtname":"ZIEGLER", "playerletter":"Z,Z", "birthdate":"1986-01-16 00:00:00", "clubname":"US Sassuolo", "idclub":2000006977}