{"idcupseason":251164, "idteam":43971, "teamname":"Switzerland", "countrycode":"SUI", "idplayer":216650, "description":["Gelson Fernandes was just five years old when he arrived in\nSwitzerland from the Cape Verde Islands with his mother. The\nmidfielder played for FC Sion between 2004 and 2007, first in the\nsecond tier, then in the Swiss Super League. The motherland of\nfootball was Fernandes’ next port of call, when he signed for\nManchester City.", "Despite a difficult start to life in England, Fernandes\neventually managed to earn himself a regular place in the first\nteam, but left the Citizens in the summer of 2009 to join French\nside Saint-Etienne. He then went on to play for Serie A clubs\nChievo and Udinese on loan.", "After Fernandes’ contract with Saint-Etienne was terminated in\nthe summer of 2012, he joined Sporting Lisbon. The midfielder only\nmade six league appearances for the Portuguese giants, however, and\nreturned was loaned back to Sion just six months later. Since 2013,\nFernandes plies his trade at Bundesliga outfit Freiburg.", "The former captain of the Swiss Under-21 side celebrated his\nfull international debut in August 2007 and was a regular in coach\nJakub ", " Kuhn’s team at UEFA EURO 2008 on home soil.\nKuhn’s successor Ottmar Hitzfeld has continued to rely on the\n27-year-old, who was an integral part of the Swiss squad at South\nAfrica 2010 and also featured heavily during their qualifying\ncampaign for Brazil 2014."], "bibnum":16, "fieldpos":3, "webname":"Gelson FERNANDES", "webnamealt":"Gelson Fernandes", "surname":"TAVARES FERNANDES", "shirtname":"FERNANDES", "playerletter":"F,F", "birthdate":"1986-09-02 00:00:00", "clubname":"SC Freiburg", "idclub":1882249}