{"idcupseason":251164, "idteam":43971, "teamname":"Switzerland", "countrycode":"SUI", "idplayer":216646, "description":["Alongside national team colleagues Valon Behrami and Gokhan\nInler, Blerim Dzemaili pulls the strings in midfield for Serie A\noutfit Napoli. Born in Tetovo in the former Yugoslavia, Dzemaili\nmoved to Switzerland with his parents at the age of just four. It\nwas there where he took his first tentative steps as a\nfootballer.", "As a youngster, the midfielder played for FC Oerlikon (now FC\nOerlikon/Polizei), FC Unterstrass and SC Young Fellows Juventus,\nbefore signing his first professional contract at FC Zurich in\n2003. Dzemaili enjoyed his greatest success to date at Zurich,\nwinning two Swiss league titles and one Swiss Cup during his\nfour-year spell in the first team.", "Dzemaili decided to seek pastures new in February 2007, agreeing\nto join English Premier League outfit Bolton Wanderers on a free\ntransfer in the summer. He suffered a major setback just two months\nlater, however, when he tore his cruciate ligament in training at\nZurich, ruling him out for several months. Since the beginning of\nthe 2008/09 season, Dzemaili has plied his trade in Italy’s Serie\nA.", "Dzemaili made his international debut for Switzerland against\nScotland on 1 March 2006 and, though included in the Swiss squad\nfor the 2006 FIFA World Cup Germany™, he failed to make an\nappearance. The midfield maestro was a regular in Switzerland’s\nBrazil 2014 qualifying campaign, however, and is now keen to\nshowcase his talents on South American soil. "], "bibnum":15, "fieldpos":3, "webname":"Blerim DZEMAILI", "webnamealt":"", "surname":"DZEMAILI", "shirtname":"DZEMAILI", "playerletter":"D,D", "birthdate":"1986-04-12 00:00:00", "clubname":"SSC Napoli", "idclub":2147481899}