{"idcupseason":251164, "idteam":43971, "teamname":"Switzerland", "countrycode":"SUI", "idplayer":216627, "description":["Valon Behrami was born in Kosovo but moved to Switzerland aged\nfive as a refugee with his parents. Football did not feature\nprominently in the 29-year-old’s early childhood activities.\nInstead, athletics and cross-country running in particular were his\npreferred sports, and he won four regional titles in the\nlatter.", "\n", "\nIt was only when Behrami turned 13 that he discovered a love of\nfootball and he started out playing for small clubs around his\nhometown of Stabio. Behrami’s abilities were quickly picked up by\nFC Lugano, where he played until 2002 before joining Italian side\nGenoa.", "\n", "\nThe 1.84 metre midfielder won plenty of admirers for his displays\nin the 2003/04 campaign and after just a year at the club he moved\non to Hellas Verona. A sensational 2004/05 season ended with\nBehrami being voted as the best player in Serie B as well as Lazio\nawarding him a three-year deal. In July 2008 Behrami signed for\nEnglish side West Ham United, only to move back to Italy in January\n2011 when Fiorentina came calling. Despite being handed a contract\nthere until 2015, Behrami transferred to Napoli in July 2012.", "\n", "\nBehrami earned his first international cap in October 2005 in a\n2006 FIFA World Cup™ qualifier against France and has been a\nmainstay in the Switzerland squad ever since. Brazil 2014 will be\nBehrami’s fourth major international tournament after he featured\nat Germany 2006, South Africa 2010 and UEFA EURO 2008."], "bibnum":11, "fieldpos":3, "webname":"Valon BEHRAMI", "webnamealt":"", "surname":"BEHRAMI", "shirtname":"BEHRAMI", "playerletter":"B,B", "birthdate":"1985-04-19 00:00:00", "clubname":"SSC Napoli", "idclub":2147481899}