{"idcupseason":251164, "idteam":43960, "teamname":"Netherlands", "countrycode":"NED", "idplayer":216715, "description":["Firmly established as one of Louis van Gaal’s first-choice\ncentre-halves, Ron Vlaar was a near ever-present during the\nNetherlands’ impressive Brazil 2014 qualifying campaign.", "At 29, the Aston Villa captain arrives at Brazil 2014\napproaching his peak - and determined to make up for lost time.\nAfter all, Vlaar was one of the names cut from Bert van Marwijk’s\n36-man preliminary squad in 2010, and had to watch from home as his\nfellow countrymen marched all the way to the Final.", "His potential has long been recognised, with the former AZ and\nFeyenoord man a key player in the Dutch U-21 sides that won\nback-to-back European titles in 2006 and 2007. Establishing himself\nat senior level has proved more difficult, and despite finally\ngaining a place in the side by the time UEFA EURO 2012 came about,\nVlaar and his team-mates endured a campaign that brought only\ndisappointment and frustration.", "Now, at the end of another tough season with Villa, battling in\nthe lower reaches of the Premier League, this tall and commanding\ncentre-half is determined to make an impression on the biggest\nstage of all."], "bibnum":2, "fieldpos":2, "webname":"Ron VLAAR", "webnamealt":"VLAAR", "surname":"VLAAR", "shirtname":"VLAAR", "playerletter":"V,V", "birthdate":"1985-02-16 00:00:00", "clubname":"Aston Villa FC", "idclub":33162}