{"idcupseason":251164, "idteam":43969, "teamname":"Spain", "countrycode":"ESP", "idplayer":216814, "description":["A product of Sevilla's youth system, Sergio Ramos made his\ntop-flight debut at the age of only 17. In 2005 he joined Real\nMadrid and has since cemented a reputation as one of the most\nreliable defenders in world football.", "Ramos made his name as an attacking right-back but has more\nrecently been deployed in central defence, where he has excelled\nover the past season. His powerful physique and heading ability\nmakes him a real threat in the air, particularly at set-pieces,\nfrom which he has scored an impressive number of goals down the\nyears.", "A true Andalusian, with a passion for bullfighting and flamenco,\nRamos was the youngest European football player to reach 100 caps\nfor his national team (in March 2013). He made his debut with\n", " in 2005 as a 19-year-old. He made his first\nappearance in a major tournament at the 2006 FIFA World Cup\nGermany™ and has featured for Spain at every competition since,\nwinning back-to-back UEFA EUROs and the 2010 FIFA World Cup."], "bibnum":15, "fieldpos":2, "webname":"Sergio RAMOS", "webnamealt":"RAMOS", "surname":"RAMOS GARCIA", "shirtname":"RAMOS", "playerletter":"R,R", "birthdate":"1986-03-30 00:00:00", "clubname":"Real Madrid CF", "idclub":30504}