{"idcupseason":251164, "idteam":43935, "teamname":"Belgium", "countrycode":"BEL", "idplayer":216880, "description":["A charismatic, accomplished defender\nwith a fine football brain, Thomas Vermaelen is regarded as a\nlynchpin for club and country. Unfortunately, an Achilles injury\nsuffered in 2010 and other subsequent physical problems have\nhindered the Arsenal and Belgium captain’s rise to prominence.\nHowever, his talent and his aura of authority – upon which ", " are sure to rely in Brazil – remain\nunscathed.", "\n", "\nVermaelen, like Jan Vertonghen, initially played youth football for\nGerminal Beerschot, before joining Ajax (in 2000) and then going\nout on loan to RKC Waalwijk. Upon returning to the Amsterdam\ngiants, the commanding centre-back established himself in the side\nand earned various domestic honours, before agreeing to a\nhigh-profile transfer to Arsenal in 2009."], "bibnum":3, "fieldpos":2, "webname":"Thomas VERMAELEN", "webnamealt":"", "surname":"VERMAELEN", "shirtname":"VERMAELEN", "playerletter":"V,V", "birthdate":"1985-11-14 00:00:00", "clubname":"Arsenal FC", "idclub":32847}