{"idcupseason":251164, "idteam":43960, "teamname":"Netherlands", "countrycode":"NED", "idplayer":216964, "description":["A favourite of both Marco van Basten’s and Bert van Marwijk’s,\nNigel de Jong has not always been considered an automatic starter\nsince Louis van Gaal became Netherlands coach. It was only as the\nFIFA World Cup™ qualifying campaign neared its conclusion that this\ntough and vastly experienced holding midfielder returned to the\nside as Van Gaal began to formulate his final plans for Brazil.", "Few have ever questioned the ability of a player who has been\noperating at the top level in Europe for over a decade, starring\nfor Ajax, Hamburg, Manchester City – where he cost £18 million –\nand, most recently, AC Milan. At 29, De Jong also has plenty of\nfirst-rate football ahead of him.", "There have, though, been question marks over his discipline,\nwith Van Marwijk famously suspending him from international duty\nafter a typically fierce tackle while in action for City resulted\nin a leg-break for Hatem Ben Arfa. \"I have a problem,” the then\ncoach said, “with the way Nigel needlessly looks to push the\nlimit.\"", "However, critics of the midfielder’s aggressive style of play\noften overlook the fact that, in his entire career, he has been\nred-carded only once – and that was almost eight years ago,\nand for a second yellow card. At his best, De Jong remains one of\nthe finest defensive midfielders in the game and could yet prove as\ninfluential for the ", " in 2014 as he was at South\nAfrica 2010."], "bibnum":6, "fieldpos":3, "webname":"Nigel DE JONG", "webnamealt":"DE JONG", "surname":"DE JONG", "shirtname":"DE JONG", "playerletter":"D,D", "birthdate":"1984-11-30 00:00:00", "clubname":"AC Milan", "idclub":1907169}