{"idcupseason":251164, "idteam":43849, "teamname":"Cameroon", "countrycode":"CMR", "idplayer":216990, "description":["Born in France, Charles Itandje has taken over the role of\nCameroon's first-choice goalkeeper from Carlos Kameni. Itandje\nplayed at youth level for France, and he was included in the\nextended list of players for ", " before the 2006\nFIFA World Cup Germany™. He never got to play for the French,\nthough, and thereafter declared his interest to play for Cameroon.\nHe was cleared to play for the Indomitable Lions in 2010 and the\n31-year-old featured prominently for the west Africans as they\nsecured a second-consecutive appearance on football's greatest\nstage, taking over the number one position after the country's\nfirst two qualifiers and then keeping it for the remaining six\nmatches.", "Itandje first played for Paris-based Red Star before making his\nname at Lens, where he enjoyed seven successful seasons, playing in\nwell over 150 matches for the club. He moved to Premier League side\nLiverpool in August 2007 as understudy to Pepe Reina and played a\nfew cup games for the Reds, but his career with the club never\nreally took off. He went on loan to Greek club Kavala before being\nreleased from his contract with Liverpool to join Atromitos. Last\nyear he was transferred to Greek giants PAOK and was loaned to\nTurkish Super Lig club Konyasport, for whom he performed well."], "bibnum":16, "fieldpos":1, "webname":"Charles ITANDJE", "webnamealt":"ITANJDE", "surname":"ITANDJE", "shirtname":"ITANJDE", "playerletter":"I,I", "birthdate":"1982-11-02 00:00:00", "clubname":"Konyaspor", "idclub":33474}