{"idcupseason":251164, "idteam":43969, "teamname":"Spain", "countrycode":"ESP", "idplayer":216973, "description":["With Carles Puyol out injured, Gerard Pique has taken on extra\nresponsibility, assuming the role of defensive leader for both\nBarcelona and the Spanish national team.", "Strong, intelligent and technically gifted, Pique has, over the\nyears, earned the nickname ", " in honour of\nlegendary German sweeper ", " Franz Beckenbauer. His\npowerful physique and strong aerial ability means he is both a\ncommanding defensive presence and a real threat in the opposition's\npenalty area. And while clearly a danger from set-pieces, Pique is\nalso known for his ability to bring the ball out of defence and use\nhis skill and vision to join attacks.", "After spending most of his youth career at Barcelona, Pique\nmoved to England at 17 and joined Manchester United, gaining\nhis first taste of European football. He then spent 2006/07 on loan\nat Real Zaragoza, before returning to his native Catalonia to\nrejoin ", ". In his maiden season he won every club\nhonour available, and also earned his first senior cap for\nSpain.", "Pique has represented Spain at all levels, and was part of the\nside that won the UEFA European U-19 Championship in 2006. Vicente\ndel Bosque gave him his first senior outing for ", "\nin February 2009. Since then he has become a cornerstone of\nthe Spanish defence, having helped ", " win both the\n2010 FIFA World Cup and the UEFA EURO 2012."], "bibnum":3, "fieldpos":2, "webname":"Gerard PIQUE", "webnamealt":"PIQUÉ", "surname":"PIQUE BERNABEU", "shirtname":"PIQUÉ", "playerletter":"P,P", "birthdate":"1987-02-02 00:00:00", "clubname":"FC Barcelona", "idclub":1903416}