{"idcupseason":251164, "idteam":43926, "teamname":"Colombia", "countrycode":"COL", "idplayer":217117, "description":["Carlos Valdes has plenty of pedigree as a defender, with older\nbrother Diego also playing at the back, in Venezuela. Standing 6’0\ntall, the Cali-born centre-half is a commanding presence in the\nair. Quick on the deck too, he has excellent anticipation skills\nand no little technique, as shown by his ability to hit accurate\nlong balls.", "The stopper made his way up through the ranks at America de\nCali, the club he supports. After several seasons with\n", " ", ", Valdes enjoyed two separate\nspells with Santa Fe and also tried his luck in MLS with\nPhiladelphia Union. He is currently plying his trade with San\nLorenzo in Argentina.", "As a youth international the centre-back formed part of the\n", "side that appeared at the FIFA U-20 World\nCup Netherlands 2005 and won his first full cap in a friendly\nagainst Venezuela.", "His many attributes and leadership qualities are much\nappreciated by Jose Pekerman, who began to call on his services on\na regular basis from August 2012. Valdes started five of Colombia’s\nqualifying matches on the road to Brazil 2014 and is vying for a\nplace in the XI at the world finals."], "bibnum":23, "fieldpos":2, "webname":"Carlos VALDES", "webnamealt":"", "surname":"VALDES PARRA", "shirtname":"VALDES", "playerletter":"V,V", "birthdate":"1985-05-22 00:00:00", "clubname":"CA San Lorenzo de Almagro", "idclub":2147481868}