{"idcupseason":251164, "idteam":43960, "teamname":"Netherlands", "countrycode":"NED", "idplayer":217313, "description":["At 33, and with his 34th birthday beckoning just nine days after\nthe Brazil 2014 Final, Dirk Kuyt is one of the Netherlands’ elder\nstatesmen. Though not blessed with the natural skill of team-mates\nsuch as Robben, Sneijder and Van Persie, the veteran forward has\nbeen a favourite of successive coaching regimes due to the\nselflessness and tirelessness of his performances.", "Kuyt, having made his debut under Marco van Basten in 2004, has\na decade of international experience behind him and is currently\nclosing in on his 100th cap. He was certainly a key player for the\nDutch at South Africa 2010, when he started all seven games,\nincluding the Final, contributing a goal, three assists and\nboundless effort to the Netherlands’ excellent campaign.", "The former Liverpool and Feyenoord forward’s international\ncareer looked to be drawing to a close when he lost his place in\nthe team at UEFA EURO 2012, and soon after was removed as\nvice-captain by Louis van Gaal. However, while he is not a\nguaranteed starter these days, Kuyt continues to prove his worth\nand made five appearances during the Brazil 2014 qualifying\ncampaign. Van Gaal will know only too well that, in this committed\nand unfussy performer, he has the most dependable of stalwarts."], "bibnum":15, "fieldpos":4, "webname":"Dirk KUYT", "webnamealt":"KUYT", "surname":"KUIJT", "shirtname":"KUYT", "playerletter":"K,K", "birthdate":"1980-07-22 00:00:00", "clubname":"Fenerbahce SK", "idclub":33163}