{"idcupseason":251164, "idteam":43960, "teamname":"Netherlands", "countrycode":"NED", "idplayer":217315, "description":["No-one has scored more goals for the Netherlands than Robin van\nPersie. The Manchester United forward claimed the all-time record\nin October of last year, surpassing the current assistant coach,\nPatrick Kluivert, with his 39th, 40th and 41th strikes for the\nnational team in an 8-1 trouncing of Hungary.", "That hat-trick was the highlight of a spectacular Brazil 2014\ncampaign for Van Persie, who scored 11 times in nine appearances to\nfinish as the European Zone’s leading marksman. A trio of assists\nwere thrown in for good measure as this multi-talented striker\nre-affirmed his central importance to the team being built by Louis\nvan Gaal.", "The Netherlands coach underlined his belief in Van Persie by\nnaming him captain last June, stripping Wesley Sneijder of the\nrole, and that controversial decision has been justified in the\ntime since. The Manchester United star has certainly improved\nsteadily with age, maturing from the raw but talented\nwinger first seen at Feyenoord into one of the world’s most\naccomplished centre-forwards. His goal tally over recent years for\nclub and country reflects that. In 2012/13, he topped the English\nPremier League goalscoring chart for the second season in\nsuccession – the first player to do so for two different clubs\n(Arsenal and United) since Three Lions legend Alan Shearer.", "He is, though, coming into the FIFA World Cup™ at the end of his\nmost difficult and injury-plagued season in some time, with\nUnited’s struggles widely attributed to the infrequency of his\nappearances. Van Persie will also be keen to improve on his scoring\nrecord at major finals, having endured a miserable UEFA EURO 2012\nand been less than prolific at his previous three EURO and World\nCup outings.", "\n", "\nBut with Van Gaal set to make him the focal point of the Dutch\nattack, the smart money would be on the Oranje’s record goalscorer\nadding a few more to his tally on Brazilian soil."], "bibnum":9, "fieldpos":4, "webname":"Robin VAN PERSIE", "webnamealt":"", "surname":"VAN PERSIE", "shirtname":"V. PERSIE", "playerletter":"V,V", "birthdate":"1983-08-06 00:00:00", "clubname":"Manchester United FC", "idclub":33161}