{"idcupseason":251164, "idteam":43911, "teamname":"Mexico", "countrycode":"MEX", "idplayer":218253, "description":["Already a legend of Mexican football, Carlos Salcido has become\none of his country’s most integral players in recent years.\nCurrently operating as a defensive midfielder, this 33-year-ols has\nwon more than 100 caps for ", ", while on the club front\nhe enjoyed successful spells in the Netherlands and England before\nreturning home to triumph with Tigres in 2011.", " ", "Throughout his career, Salcido has been known for his\nversatility. Despite being right-footed, he started out as a\nleft-sided central-defender, a role he filled at the 2006 FIFA\nWorld Cup Germany™. After moving to PSV Eindhoven, his pace,\nstrength and tireless running saw him develop into an accomplished\nfull-back – again on the left – the same position he was deployed\nin at South Africa 2010. Following his move to Tigres in 2011,\nSalcido assumed a defensive-midfield role with the club and\ncurrently has a similar mandate with the national team.  ", " ", "This native of Ocotlan in the state of Jalisco is strong in the\ntackle and comfortable on the ball, while his stamina and physical\ncondition remain as impressive as ever. What little he has lost in\npace, he more than makes up for in experience. This all-rounder is\nunquestionably one ", " leaders, in spite of never\nhaving wanted to wear the captain’s armband.", " ", "At Brazil 2013, Salcido will be hoping to add another title to\nwhat is an already impressive list of honours, paving the way for\nwhat could well be the perfect international swansong at the FIFA\nWorld Cup the following year."], "bibnum":3, "fieldpos":2, "webname":"Carlos SALCIDO", "webnamealt":"C. SALCIDO", "surname":"SALCIDO FLORES", "shirtname":"C. SALCIDO", "playerletter":"S,C", "birthdate":"1980-04-02 00:00:00", "clubname":"Tigres UANL", "idclub":551}