{"idcupseason":251164, "idteam":43924, "teamname":"Brazil", "countrycode":"BRA", "idplayer":218284, "description":["The Rio de Janeiro-born Marcelo is yet another Brazilian star to\nhave nurtured his skills on the futsal court before switching to\ngrass. A Fluminense youth product, the left-back made his\nfirst-team debut in 2005 and became a regular starter for\n", " the following year. He continued on his upward\ntrajectory in signing for Real Madrid in 2007.", "A distinctive figure as much for his galloping runs down the\nflank as his eye-catching hairstyle, he played his first game for\nthe capital club in April 2007 and has made the left flank more or\nless his own, with versatility and freedom to attack. His Brazil\ndebut came in a 2008 friendly against Sweden. That same year,\nMarcelo formed part of the Brazil side that won bronze at the Men’s\nOlympic Football Tournament in Beijing. The flying full-back was\nback at the Games four years later in London, where he collected a\nsilver medal.", "He also appeared in several qualifiers for the 2010 FIFA World\nCup South Africa™ but did not make Dunga’s 23-man shortlist for the\nfinals. In 2011 he started to feature more regularly under Dunga’s\nsuccessor Mano Menezes and has retained his ", "\nplace under Luiz Felipe Scolari."], "bibnum":6, "fieldpos":2, "webname":"MARCELO", "webnamealt":"MARCELO", "surname":"VIEIRA DA SILVA JUNIOR", "shirtname":"MARCELO", "playerletter":"M,M", "birthdate":"1988-05-12 00:00:00", "clubname":"Real Madrid CF", "idclub":30504}