{"idcupseason":251164, "idteam":43909, "teamname":"Honduras", "countrycode":"HON", "idplayer":227839, "description":["Pint-sized midfielder Marvin Chavez may not be the tallest of\nplayers, but he more than makes up for his diminutive stature with\nexplosive pace and a muscular frame. Indeed, those qualities allow\nthe versatile La Ceiba native to play in central midfield or on the\nwing and have also helped him be part of two FIFA World Cup™\nqualifying campaigns.", "\n", "\nThe 30-year-old, nicknamed ", " (‘Son of the\nwind’) due to his speed, made his professional debut at Vida in\n2005 and was called up to the national team to face Venezuela in a\nfriendly after only a year at the club.", "\n", "\nIn total he spent three years at Vida and a further two at Marathon\nbefore moving to the USA in 2011. In the MLS he represented Dallas\nand San Jose Earthquakes prior to joining Colorado Rapids in\n2014.", "Given the fierce competition for places in the Honduran\nmidfield, with veterans and hugely promising youngsters all\njostling for a spot in the side, Chavez only played 177 minutes in\nHonduras’ Brazil 2014 qualifying campaign but still managed to\nscore once. Nevertheless, national team coach Luis Fernando Suarez\nis an admirer of his talents and will be counting on him as a\nviable attacking alternative."], "bibnum":23, "fieldpos":3, "webname":"Marvin CHAVEZ", "webnamealt":"", "surname":"CHAVEZ", "shirtname":"M. CHAVEZ", "playerletter":"C,M", "birthdate":"1983-11-03 00:00:00", "clubname":"CD Chivas USA", "idclub":1896576}