{"idcupseason":251164, "idteam":43949, "teamname":"Greece", "countrycode":"GRE", "idplayer":228351, "description":["A classy, ball-playing deep lying midfielder, Alexandros Tziolis\nhas been a steady presence in Greek squads since making his debut\nagainst Korea Republic in a 2006 friendly. He made the squad for\nUEFA EURO 2008, making one substitute appearance against eventual\nwinners Spain as Otto Rehhagel’s holders crashed out in the group\nstages. Tziolis came into favour towards the end of qualifying for\nthe 2010 FIFA World Cup™ and, despite playing just four games on\nthe road to South Africa, played in all three of his country’s\nmatches at the finals.", "He played ten games in qualifying for Brazil 2014, firmly\nestablishing himself in the side despite missing out on the squad\nfor EURO 2012. Tziolis’ club career has seen him travel all over\nEurope. After coming through the ranks at Panionios, he joined\nPanathinaikos in 2005 but enjoyed mixed success with ", " He was loaned to Werder Bremen in 2009, where he\nplayed in the last UEFA Cup final and lifted the German Cup. Since\nthen, he has turned out for Siena in Italy, Racing Santander in\nSpain, Monaco in France and won the Cypriot title in 2013 with\nAPOEL Nicosia. He spent the latter half of the 2013/14 season on\nloan at Turkish side Kayserispor after returning to Greece with\nPAOK last year."], "bibnum":6, "fieldpos":3, "webname":"Alexandros TZIOLIS", "webnamealt":"TZIOLIS", "surname":"TZIOLIS", "shirtname":"TZIOLIS", "playerletter":"T,T", "birthdate":"1985-02-13 00:00:00", "clubname":"Kayserispor", "idclub":44266}