{"idcupseason":251164, "idteam":43949, "teamname":"Greece", "countrycode":"GRE", "idplayer":228336, "description":["Vasileios Torosidis missed just one game on Greece’s road to\nBrazil, establishing himself as coach Fernando Santos’s\nfirst-choice at right-back. Torosidis has been a mainstay in the\nGreece side since making his debut in the lead-up to UEFA EURO\n2008, playing twice at the finals in Austria and Switzerland. His\nversatility was evident in that tournament, playing at\nleft-back.", "The Xanthi native can also play in midfield, but made the Greek\nright-back spot his own after featuring in eight of his country’s\nqualifiers for South Africa 2010. After being named in the squad\nfor the finals, he notched a historic goal in the group stage,\nscoring his country’s second against Nigeria which secured Greece’s\nfirst win at a FIFA World Cup™.", "Domestically, he enjoyed a fruitful spell at perennial Greek\nchampions Olympiacos, joining them in 2006 from his first club\nSkoda Xanthi. While at ", ", he picked up five Greek\nSuper League titles and a Greek Cup before departing for Rome in\n2012. One of his most notable contributions in a\n", " shirt saw his stunning Coppa Italia semi-final\ngoal against Inter Milan help his side into the final."], "bibnum":15, "fieldpos":2, "webname":"Vasileios TOROSIDIS", "webnamealt":"", "surname":"TOROSIDIS", "shirtname":"TOROSIDIS", "playerletter":"T,T", "birthdate":"1985-06-10 00:00:00", "clubname":"AS Roma", "idclub":31083}