{"idcupseason":251164, "idteam":43922, "teamname":"Argentina", "countrycode":"ARG", "idplayer":228528, "description":["Sergio Aguero has been making a splash from day one, having\nbecome the youngest player to feature in the Argentinian top flight\nwhen he made his debut for Independiente in 2003 at the age of 15\nyears, one month and three days. ", ", as he is\nnicknamed after a Japanese anime character, is a prolific forward\nwho loves running at defenders. He is equally at home leading the\nline or in a support role, as evidenced by his potent partnership\nwith Lionel Messi and Gonzalo Higuain at international level.", "Aguero was still young enough to represent the Argentina U-17s\nwhen he won the 2005 FIFA U-20 World Cup in the Netherlands, where\nhe played a bit-part role off the bench. Though Jose Pekerman\ndecided against taking him to the 2006 FIFA World CupTM in Germany,\nhis successor, Alfio Basile, handed the prodigy his first senior\ncap later that year. Still, his real breakthrough tournament was\nhis second U-20 World Cup, Canada 2007, where he captained the team\nto glory, scoring six times along the way and scooping the adidas\nGolden Ball and Golden Shoe awards.", "This was the cue for Aguero to step it up a level at Atletico\nMadrid, where he had been eased into the team following a big-money\nmove the previous year. He crowned a great second season at the\nclub with his performances at the 2008 Olympics in Beijing, bagging\na brace against Brazil in the semi-finals as Argentina took gold.\nThe tricky forward was practically ever-present in qualifying\nfor South Africa 2010, netting four times. The tournament itself,\nhowever, was a different story. Though he had given his then\nfather-in-law Diego Maradona his first grandson in 2009, Aguero was\nless productive on the pitch under the Argentinian legend's\nstewardship, failing to break his duck in three appearances at the\nfinals.", "Following the 2011 Copa America, the forward joined English side\nManchester City, where he enjoyed his most prolific season to date.\nHe capped the campaign by scoring arguably the most important goal\nof his career – a last-gasp effort that sealed City's first title\nin 44 years. Aguero has been a mainstay of the ", "\nset-up under Alejandro Sabella. However, he only forced his way\ninto the starting line-up on the road to Brazil 2014 after coming\noff the bench to grab the winner against Colombia in the fourth\nround of fixtures. He established himself as a pivotal figure in\nthe team's attacking play thereafter, scoring five times in eight\nqualifiers in all, and will be hoping to spearhead\nArgentina's bid for glory this summer."], "bibnum":20, "fieldpos":4, "webname":"Sergio AGUERO", "webnamealt":"AGUERO", "surname":"AGÜERO", "shirtname":"AGUERO", "playerletter":"A,A", "birthdate":"1988-06-02 00:00:00", "clubname":"Manchester City FC", "idclub":33337}