{"idcupseason":251164, "idteam":43925, "teamname":"Chile", "countrycode":"CHI", "idplayer":228617, "description":["If you asked Mauricio Isla, he’d say his position was right\nmidfield, but a glance at his CV reveals he can also operate at\nfull-back, in the heart of the defence or in central midfield,\nwhile he has also played a number of times for his current\nclub Juventus on the left. For Chile, however, he is a right-sided\nmidfielder, using his attacking abilities and pace to stretch\nopposition defences.", "Isla arrived at Universidad Catolica as a striker at the age of\n11, but featured as a sweeper for the youth teams at the Santiago\nside. An intelligent player, he quickly realised he wasn’t going to\nsucceed as an attacker and opted for a change of area. It was\na great decision and as a youngster he played at the 2005 U-17\nSouth American championship in Venezuela and two years later\nfeatured at the FIFA U-20 World Cup in Canada.", "Following the success in Canada, he made his full international\ndebut, but moved to Udinese after problems at ", ".\nIsla’s determination to succeed in Italy saw him distance himself\nfrom ", " for a time, but Marcelo Bielsa (the coach he\nsays changed his mentality) brought him back for the 2010 World Cup\nin South Africa, where he was a first-choice player for the\nArgentine coach.", "Although not always a starter since his 2012 move to Juventus,\nIsla remains an important player for current coach Jorge Sampaoli\nand with 1,103 minutes, was the second-most used footballer in\nChile’s qualifiers for Brazil 2014."], "bibnum":4, "fieldpos":2, "webname":"Mauricio ISLA", "webnamealt":"ISLA", "surname":"ISLA ISLA", "shirtname":"ISLA", "playerletter":"I,I", "birthdate":"1988-06-12 00:00:00", "clubname":"Juventus FC", "idclub":31085}