{"idcupseason":251164, "idteam":43925, "teamname":"Chile", "countrycode":"CHI", "idplayer":228624, "description":["Cristopher Toselli rose to prominence in 2007 thanks to his\ndazzling displays at the FIFA U-20 World Cup in Canada, where the\nfinest crop of players in Chile’s history won the bronze medal.\nToselli, who would later become known as ‘Hulk’, set a new\ntournament record for that age category after going 492 minutes\nwithout conceding.", "The goalkeeper has spent his entire career at Universidad\nCatolica since joining the club as a 12-year-old. Despite his\nsuccess with the U-20s, the custodian’s agility, exceptional\nreflexes and awareness were not enough to cement a place in the\nfirst team. It was not until 2011 that Toselli was truly able to\nmake the No1 jersey his own. He was part of the squad that won the\nChilean league title in 2010 and the domestic cup in 2011.", "Toselli has been a feature of the national set-up since he was\n15, participating at the South American U-17 Championship Venezuela\n2005 and the continent’s U-20 competition in Paraguay prior to his\nbreakthrough in Canada. Toselli also won the 2009 Toulon Tournament\nand while he has been called up to the senior squad over 30 times,\nhas not taken to the pitch as often as he would have liked, donning\n", " colours only three times, all of which were in\nfriendlies."], "bibnum":12, "fieldpos":1, "webname":"Cristopher TOSELLI", "webnamealt":"TOSELLI", "surname":"TOSELLI RIOS", "shirtname":"TOSELLI", "playerletter":"T,T", "birthdate":"1988-06-15 00:00:00", "clubname":"CD Universidad Catolica", "idclub":29517}