{"idcupseason":251164, "idteam":43925, "teamname":"Chile", "countrycode":"CHI", "idplayer":228627, "description":["Hailing from Tocopilla, a place nicknamed ", ", Alexis Sanchez was perhaps always destined to be\nsomething special. Blessed with speed, superb dribbling ability and\nmagnificent movement on the right flank, the 25-year-old is one of\nthe undisputed stars of the Chilean national team.", "As a kid, playing played barefoot on the dirt pitches of his\nhome town, he was known as ", " (the Squirrel), due to\nhis scurrying movements. Rejected by both Colo Colo and Universidad\nCatolica, Alexis was given his chance by Cobreloa aged 15 and\nresponded in style, making his debut in the Chilean top flight a\nyear later under Nelson Acosta. By then, he had already been\ndubbed ", " (the wonder boy) both by his\nclub and the Chile U-17 team.", "Bought by Udinese, he was loaned back to Colo Colo and then\nRiver Plate, where he won two Chilean championships and an\nArgentinian title, respectively. Sanchez shone too for Chile at the\n2007 FIFA U-20 World Cup in Canada, a competition which saw the\nemergence of the country’s golden generation. By that time,\nhe was already part of the senior squad as well, having made\nhis debut a year earlier, again under Acosta.", "On his return to at Udinese in 2008/09, Sanchez struggled\nto begin with but Marcelo Bielsa kept faith in him for Chile and\nAlexis was ever-present as ", " finished second in the\n2010 FIFA World Cup South Africa™ qualifiers and then made the last\n16 at the tournament itself.", "Armed with that experience he went on to triumph in Udine too,\nforming a lethal partnership with Antonio Di Natale, his fantastic\nform earning him a move to Barcelona in 2011. As well as adding a\nnumber of titles to his collection, Sanchez has developed his game\nand matured in the Catalan capital, where he has featured on the\nleft and as a centre-forward. Under Claudio Borghi and Jorge\nSampaoli, he played 1,071 minutes on the way to Brazil 2014 and\nfollowing a season of ups and downs for Barça, Chile hope he will\nbe back to his brilliant best at the World Cup."], "bibnum":7, "fieldpos":4, "webname":"Alexis SANCHEZ", "webnamealt":"ALEXIS", "surname":"SANCHEZ SANCHEZ", "shirtname":"ALEXIS", "playerletter":"S,A", "birthdate":"1988-12-19 00:00:00", "clubname":"FC Barcelona", "idclub":1903416}