{"idcupseason":251164, "idteam":43927, "teamname":"Ecuador", "countrycode":"ECU", "idplayer":228715, "description":["Ecuador's hopes of making an impact at the 2014 FIFA World Cup\nBrazil™ largely rest on the shoulders of 25-year-old forward\nFelipe Caicedo, their top scorer in qualifying. A pacey marksman\nwith a good touch, Caicedo is left-footed but can strike the ball\nfiercely from both sides, allowing him to bag a sizeable proportion\nof his goals with his supposedly weaker foot. Offering power,\nstrength in the air and a knack for peeling off and roaming across\nthe front line, he is a real handful for opposing defenders.", " came up through the ranks at Ecuadorian club\nRocafuerte, but ended up signing for Swiss side Basel before he\nmade a single first-team appearance - after attracting interest\nwith his performances at the 2005 South American U-17 Championship\nin Venezuela. These displays also earned him a senior international\ndebut at the age of just 16, in a friendly against Paraguay.", "Despite his relatively tender years, Caicedo is much travelled,\nhis career having taken in stints at Manchester City, Sporting\nLisbon, Malaga and Levante, where he broke a club record for the\nmost goals scored in a single ", " season. After a\nspell at Lokomotiv Moscow, he signed for United Arab\nEmirates side Al-Jazira in January 2014.", "The Guayaquil-born forward featured in the 2007 and 2011 Copa\nAmericas, notably twice scoring against Brazil, and also netted\nonce in ten qualifiers for South Africa 2010. However, he really\ncame of age during qualifying for this summer's tournament, his\nseven goals firing Ecuador back to the World Cup finals after they\nmissed out last time round."], "bibnum":11, "fieldpos":4, "webname":"Felipe CAICEDO", "webnamealt":"CAICEDO", "surname":"CAICEDO COROZO", "shirtname":"CAICEDO", "playerletter":"C,C", "birthdate":"1988-09-05 00:00:00", "clubname":"Al Jazira SCC", "idclub":2147482305}