{"idcupseason":251164, "idteam":43948, "teamname":"Germany", "countrycode":"GER", "idplayer":228912, "description":["Manuel Neuer’s displays as a youngster made it immediately\napparent to observers that he was destined for greatness. He is the\nperfect example of a modern goalkeeper: while his exceptional\nreflexes and penalty area domination are enough to set him apart as\na top-class all-round custodian, it is Neuer’s unerringly accurate\nlong-distance throws to team-mates that make him truly unique,\nallowing him to swiftly launch attacks both for his club Bayern\nMunich and the German national team.", "\n", "\nThe Gelsenkirchen native’s path into the game started as a\nfive-year-old with Schalke and he made his Bundesliga debut for the\nclub 15 years later, before swiftly making the Royal Blues’ No1\njersey his own. Neuer signed for Bayern in summer 2011 and in\nsubsequent seasons has been a key part of the club’s triumphs in\nwinning a host of domestic honours as well as the UEFA Champions\nLeague and FIFA Club World Cup titles.", "Neuer first made international headlines in 2009 when he lifted\nthe U-21 European Championship crown with Germany. Just a year\nlater he was Joachim Low’s first choice in the senior side at the\n2010 FIFA World Cup™ South Africa after previous incumbent Rene\nAdler pulled out through injury.", "Neuer took full advantage of the opportunity and has been the\ncountry’s undisputed No1 ever since. He was named as Germany’s\nPlayer of the Year in 2011 and was voted on to the FIFA/FIFPro\nWorld XI two years later.", "“We can go to the World Cup full of self-belief,” Neuer told\n", " in an exclusive interview just a few\nmonths ago, determined to help Germany, bronze medallists at the\ntwo most recent finals, win the Trophy for a fourth time."], "bibnum":1, "fieldpos":1, "webname":"Manuel NEUER", "webnamealt":"NEUER", "surname":"NEUER", "shirtname":"NEUER", "playerletter":"N,N", "birthdate":"1986-03-27 00:00:00", "clubname":"FC Bayern Muenchen", "idclub":1914810}