{"idcupseason":251164, "idteam":43954, "teamname":"Italy", "countrycode":"ITA", "idplayer":228942, "description":["Cesare Prandelli, who has spent considerable time on the lookout\nfor wide players, must take a lot of credit for unearthing Torino\nwinger Alessio Cerci. Boasting fine technique and an eagerness to\nsurge forward down the flanks, the natural left-footer can operate\non the left or the right but prefers the latter as it offers better\nshooting opportunities.", "After spending his youth in Roma's academy, he made his\nfirst-team debut for the capital club aged 16 on 16 May 2004,\ncatching the eye of then coach Fabio Capello. That was the\nstart of a rapid rise, but Cerci's progress was soon halted by a\nseries of injuries, the Velletri native suffering a ruptured\nmeniscus in his knee and cruciate ligament inflammation. Following\nthree seasons out on loan, he joined Fiorentina in 2010, only to\nleave two years later after falling out with the club's fans.", "Cerci represented Italy at every age group during his\nadolescence and finally made the step up to the senior side on 17\nMarch 2013 against Brazil (2-2), coming off the bench to replace\nAndrea Pirlo. Later that year, he was included in ", "’s 23-man FIFA Confederations Cup squad", " "], "bibnum":11, "fieldpos":4, "webname":"Alessio CERCI", "webnamealt":"CERCI", "surname":"CERCI", "shirtname":"CERCI", "playerletter":"C,C", "birthdate":"1987-07-23 00:00:00", "clubname":"Torino FC", "idclub":2147482132}