{"idcupseason":251164, "idteam":43922, "teamname":"Argentina", "countrycode":"ARG", "idplayer":229392, "description":["Ezequiel Lavezzi almost turned his\nback on football for good at the age of 16, when he started working\nas an electrician to help his family out. He tried his luck again\ntwo years later with third division side Club Atletico Estudiantes\nand decided to make a go of it. A speedy forward and elusive\ndribbler, his sudden changes in pace and improving finishing skills\nmake Lavezzi a handful for any defence.", "After a fleeting stay with Genoa in\n2004 he signed for San Lorenzo, winning a league title with them in\n2007, at which point he returned to Italy, this time to Napoli. A\nfirm favourite with the fans at the San Paola, he then moved on for\na big fee to Paris Saint-Germain, where he has become an integral\npart of the side.", "It was in 2007 that Alfio Basile gave\nhim his national-team debut, and though he did not feature in the\nCopa America in Venezuela that year, he made the trip to Beijing\n2008 and scored twice in Argentina’s Olympic gold-medal campaign.\nThough included in Diego Maradona’s 30-man shortlist for South\nAfrica 2010, Lavezzi failed to make the cut for the world finals. A\nfixture in Alejandro Sabella’s plans since his appointment, Lavezzi\nappeared in eight of Argentina’s Brazil 2014 qualifying matches and\nscored three goals in the process."], "bibnum":22, "fieldpos":4, "webname":"Ezequiel LAVEZZI", "webnamealt":"", "surname":"LAVEZZI", "shirtname":"LAVEZZI", "playerletter":"L,L", "birthdate":"1985-05-03 00:00:00", "clubname":"Paris Saint-Germain FC", "idclub":33191}