{"idcupseason":251164, "idteam":43926, "teamname":"Colombia", "countrycode":"COL", "idplayer":229443, "description":["Many years have passed since Camilo\nZuniga’s aunt paid in instalments for his first pair of boots,\nwhich he used on the streets of his home town of Chigorodo. Now 28,\nthe Napoli defender has come a long way, becoming a key cog in the\nColombia side.", "\n", "\nFormer ", " coach\nFrancisco ", " Maturana is among his many\nadmirers, as he explained in an interview with\n", ": “Every time I see him he plays well, and\nthat’s important because if your full-backs can’t get forward at\npace, then you’ve had it.”", "There are few right-backs with the\npower and quality of Zuniga, who has a fierce shot to go with his\nability to dribble and feint his way past opponents. A youth\nproduct at Atletico Nacional, where he played for several seasons\nbefore leaving for Italian side Siena, Vargas has flourished since\njoining Napoli.", "\n", "\nHe also has a long and impressive international career behind him\nalready, having taken part in the 2007 and 2011 Copas America and\nthe South Africa 2010 qualifiers. A knee injury cost him his place\nin the side during the Brazil 2014 preliminaries, causing him to\nmiss out on Colombia’s qualification, though he will be back in\naction at the world finals as the undisputed first choice on the\n", " right flank."], "bibnum":18, "fieldpos":2, "webname":"Juan ZUNIGA", "webnamealt":"C. ZUÑIGA", "surname":"ZUNIGA MOSQUERA", "shirtname":"C. ZUÑIGA", "playerletter":"Z,C", "birthdate":"1985-12-14 00:00:00", "clubname":"SSC Napoli", "idclub":2147481899}