{"idcupseason":251164, "idteam":43925, "teamname":"Chile", "countrycode":"CHI", "idplayer":229439, "description":["Gonzalo Jara is a right-back with good technique, but it’s his\nversatility that makes him an even more valuable member of Chile’s\nsquad, given that he can also operate on the left, as a centre-back\nor as a defensive midfielder.", "A bright future was on the cards for Jara ever since he\ncaptained Chile at the 2005 U-20 South American championship in\nColombia. That year also saw the full-back further showcase his\npotential as he played in the U-20 World Cup in Netherlands and was\nalso chosen as the best player at Huachipato, the club where he had\narrived just two years earlier as a youth player.", "2006 brought a new achievement as Nelson Acosta gave Jara his\ndebut for Chile at just 20 years of age. The following year, he\nthen moved to a big club, Colo-Colo, and went on to win three\nnational titles before establishing himself as a regular under\nMarcelo Bielsa for Chile in 2009 and securing a transfer to West\nBromwich Albion.", "A starter at the FIFA World Cup South Africa 2010, Jara was\nsuspended for indiscipline in 2011 and subsequently missed ten\ngames. He apologised, however, and returned to play in eight\nqualifiers en route to Brazil 2014, where he’ll hope to build on\nhis successful season this term with Nottingham Forest."], "bibnum":18, "fieldpos":2, "webname":"Gonzalo JARA", "webnamealt":"JARA", "surname":"JARA REYES", "shirtname":"JARA", "playerletter":"J,J", "birthdate":"1985-08-29 00:00:00", "clubname":"Nottingham Forest FC", "idclub":1914820}