{"idcupseason":251164, "idteam":43930, "teamname":"Uruguay", "countrycode":"URU", "idplayer":229498, "description":["Born in Buenos Aires to Uruguayan parents on 16 June 1986,\nFernando Muslera will turn 28 three days before Uruguay play their\nGroup D match against England.", "His assured manner and dominance of his penalty area have set\nhim apart as a reliable goalkeeper since youth level, as he showed\nin Uruguay’s U-17 and U-20 teams. Muslera is a product of the\nMontevideo Wanderers youth system and made his debut in the first\nteam aged just 18, before later joining Nacional.", "His performances between the sticks, especially at the 2007 Copa\nLibertadores, brought him to the attention of several European\nclubs, with Lazio winning the race for his signature.  Muslera\nbecame No1 at the start of 2009 and consolidated his status\nthroughout that season.", "In March that year, Oscar Tabarez called him up for the 2010\nFIFA World Cup South Africa™ qualifying matches against Paraguay\nand Chile, although he did not feature. His senior debut arrived\nagainst Ecuador in Quito, in Uruguay’s penultimate qualifying game\nfor the tournament.", "Muslera has been Uruguay’s go-to man in goal ever since and was\ncrucial to the team’s fourth-placed finish at South Africa 2010 and\nat the triumphant Copa America a year later before repeated a\nfourth-place at the Confederations Cup Brazil 2013. For three years\nnow, Nando shines at Turkish Club Galatasaray, with whom Muslera\nreached the UEFA Champions League quarter-finals in the last two\nseasons.", " "], "bibnum":1, "fieldpos":1, "webname":"Fernando MUSLERA", "webnamealt":"F.MUSLERA", "surname":"MUSLERA MICOL", "shirtname":"F. MUSLERA", "playerletter":"M,F", "birthdate":"1986-06-16 00:00:00", "clubname":"Galatasaray SK", "idclub":31018}