{"idcupseason":251164, "idteam":43930, "teamname":"Uruguay", "countrycode":"URU", "idplayer":229499, "description":["A first-team regular for Atletico Madrid, Diego Godin is a\nreliable, cool-headed centre-back, notable for his pace, covering\ntackles and strong aerial ability. The 28-year-old partners Diego\nLugano at international level with Uruguay, and together they form\none of the most solid and respected central defensive pairings in\nSouth American football.", "A swimmer until the age of 14, Godin gained much of his football\neducation at Defensor Sporting, before making his top-flight debut\nin 2003 with Atletico Cerro. He then joined Uruguayan giants\nNacional and, after an impressive 2006/07, quickly earned a move to\nVillareal in Spain, where he took six months to settle before\nfirmly establishing himself in the side.", "Godin won his first senior cap for Uruguay in 2005, under the\nthen coach Jorge Fossati. The latter's subsequent departure did no\ndamage to Godin's international prospects, and he has been a\nregular for La Celeste ever since current incumbent Oscar Tabarez\ntook charge.  ", "After making only one appearance in the 2007 Copa America, Godin\nwas first-choice throughout Uruguay's qualifying campaign for the\n2010 FIFA World Cup South Africa™, and later played in all their\ngames at the finals.", "Godin has won three European titles with Atletico Madrid since\n2010, but his only appearance in Uruguay's victorious 2011 Copa\nAmerica campaign was in the final. Since then, however, he featured\nfor ", " throughout the FIFA Confederation Cup\nBrazil 2013 and 16 out of 18 matches of the Brazil 2014 qualifying\ncampaign. "], "bibnum":3, "fieldpos":2, "webname":"Diego GODIN", "webnamealt":"D. GODIN", "surname":"GODIN LEAL", "shirtname":"D. GODIN", "playerletter":"G,D", "birthdate":"1986-02-16 00:00:00", "clubname":"Atletico Madrid", "idclub":1914808}