{"idcupseason":251164, "idteam":43930, "teamname":"Uruguay", "countrycode":"URU", "idplayer":229506, "description":["A Uruguay player at various age levels, Cristian Stuani had to\nbide his time before getting his chance with the full national\nteam, which eventually came in October 2012, just days after he\nturned 26.", "Known as ", ", his hometown, Stuani is a\nclassic penalty-box striker who makes the most of his strong\nphysical presence and sharp positional sense to cause a threat both\nin the air and on the ground.", "A debutant with Danubio at the age of 17, he made his first real\nimpact as a goalscorer in the second division with Bella Vista, for\nwhom he scored 12 goals in 14 games. The goals kept coming on this\nreturn to Danubio, Stuani helping himself to another 19 in 14\noutings for the club in the 2007/08 season.", "Those impressive statistics led to a move to Reggina. Failing to\nmake a mark in Italy, he was loaned out to Spanish clubs Albacete,\nLevante and Racing Santander, scoring 41 goals in 101 games before\nbeing bought by Espanyol, his current employers.", "Twice an unused squad member, Stuani was finally handed his\nfirst cap by Uruguay coach Oscar Tabarez in a friendly against\nPoland and was on the bench for the 2014 FIFA World Cup Brazil™\nqualifier against Chile in March. Though he sat that game out, and\nalso at the 2013 FIFA Confederations Cup Brazil, Stuani appears to\nhave now earned the confidence of ", " He\ncollected important minutes towards the end their Brazil 2014\nqualifying campaign, scoring an important goal against Colombia and\nanother against Jordan at the continental play-off."], "bibnum":11, "fieldpos":4, "webname":"Cristhian STUANI", "webnamealt":"C. STUANI", "surname":"STUANI", "shirtname":"C. STUANI", "playerletter":"S,C", "birthdate":"1986-10-12 00:00:00", "clubname":"RCD Espanyol", "idclub":44229}