{"idcupseason":251164, "idteam":44037, "teamname":"Bosnia and Herzegovina", "countrycode":"BIH", "idplayer":230121, "description":["Asmir Begovic has rocketed from the English lower-leagues into\none of the most coveted goalkeepers in Europe in recent years. The\nadmiring glances Real Madrid, Manchester City and Manchester United\nhave paid the Bosnia-Herzegovina No1, and his authorative\nperformances in 2014 FIFA World Cup Brazil™ qualifying, are\ntestament to that.", "Begovic’s family – his father was an ex-keeper – fled war-torn\nBosnia when he was an infant. He was brought up in Germany and\nCanada, whom he represented at the FIFA U-20 World Cup in 2007.", "Begovic had joined Portsmouth three years earlier but, after\nmultiple flitting loan spells, finally made his Premier League\ndebut for Pompey in 2009. The following year, aged 21, he signed\nStoke for £3.25m and, after unseating Thomas Sorensen during\n2010/11, began the next season as the Potters’ first-choice between\nthe sticks.", "It proved a breakout campaign for Begovic, who finished it as\nStoke’s player of the year and as the first defensive player to win\nBosnia’s annual Idol of the Nation award. The 6ft 6ins keeper’s\nfine form continued in 2013/14, catching the eye with some superb\nsaves and a goal, from 97.5 yards, after just 13 seconds against\nSouthampton.", "\"I firmly believe Asmir has proven over the last few years that\nhe's the best goalkeeper in the Premier League,” said Stoke\nchairman Peter Coates as some of Europe’s biggest clubs\ncircled.", "Begovic had yet to made his senior bow for Canada, despite being\nincluded in a couple of squads, when he agreed to switch\nallegiances to Bosnia-Herzegovina. The man who grew up idolizing\nOliver Kahn debuted for his birth nation in late-2009, quickly\nestablished himself as their first-choice, and produced wonderful\ndisplays in the Brazil 2014 preliminaries, particularly in a 0-0\ndraw in Greece and a 2-1 win in Slovakia."], "bibnum":1, "fieldpos":1, "webname":"Asmir BEGOVIC", "webnamealt":"", "surname":"BEGOVIC", "shirtname":"BEGOVIĆ", "playerletter":"B,B", "birthdate":"1987-06-20 00:00:00", "clubname":"Stoke City FC", "idclub":2000000573}