{"idcupseason":251164, "idteam":43909, "teamname":"Honduras", "countrycode":"HON", "idplayer":230114, "description":["Jorge Claros may lack the physique and height of many of his\ncontemporaries, but that has not prevented him from standing out in\nhis role as a consistently high-quality defensive midfielder. The\n28-year-old, known as Pitbull, has a knack of being in the right\nplace at the right time to disrupt opposition attacks, thanks in\npart to his swift turn of pace.", "\n", "\nHe cut his teeth as a professional at Vida in 2004 but joined\nMotagua, his current club, a year later. He was invited into the\nnational set-up at youth level in 2006 and has since accumulated a\nwealth of tournament experience, having represented Honduras at the\nFIFA U-20 World Youth Championship Netherlands 2005, the Men’s\nOlympic Football Tournament 2008 and the 2007 and 2011 editions of\nthe Copa Centroamericana.", "\n", "\nThat exposure drew him to the attention of Scottish club Hibernian,\nwho signed Claros on a one-and-a-half year deal in 2012. He played\n408 minutes in eight 2014 FIFA World Cup Brazil™ qualifying matches\nfor Honduras and will offer national team coach Luis Fernando\nSuarez a reliable alternative in central midfield in South\nAmerica."], "bibnum":20, "fieldpos":3, "webname":"Jorge CLAROS", "webnamealt":"CLAROS", "surname":"CLAROS JUAREZ", "shirtname":"CLAROS", "playerletter":"C,C", "birthdate":"1986-01-08 00:00:00", "clubname":"CD Motagua", "idclub":437}