{"idcupseason":251164, "idteam":43922, "teamname":"Argentina", "countrycode":"ARG", "idplayer":230739, "description":["The son of a Spanish footballer who\nplayed in Argentina, Rodrigo Palacio is a versatile centre-forward\nwho is known primarily for his poaching ability but whose pace and\ndribbling skills also make him well suited to wide\nroles. Dubbed", " (The Jewel) for\nhis array of skills, the right-footed Palacio began his\nprofessional career in the Argentinian second division in 2002.\nAfter trying his luck with Real Betis in Spain two years later, he\nsigned for Banfield, spending six months there before joining the\nmighty Boca Juniors at the start of 2005.", "His stop-start international career\nbegan that same year, when Jose Pekerman selected him for a\nfriendly in March. Though he did not make the trip to the FIFA\nConfederations Cup in Germany and was hardly used in the qualifiers\nfor Germany 2006, Palacio did make the squad for the world finals,\nwhere he played one game.", "Despite collecting the adidas Bronze\nBall at the FIFA Club World Cup Japan 2007 and staying in among the\ngoals with Boca, Palacio virtually disappeared from the\n", " set-up thereafter. His return came when\nAlejandro Sabella took over, by which time he was enjoying his most\nproductive season with Genoa. The front man has since moved on to\nInter Milan, where he has become a first-team regular. Sabella\nhas kept the player in his plans, using him in eight Brazil 2014\nqualifiers, during which Palacio scored one goal."], "bibnum":18, "fieldpos":4, "webname":"Rodrigo PALACIO", "webnamealt":"PALACIO", "surname":"PALACIO ALCALDE", "shirtname":"PALACIO", "playerletter":"P,P", "birthdate":"1982-02-05 00:00:00", "clubname":"FC Internazionale", "idclub":1914619}