{"idcupseason":251164, "idteam":44037, "teamname":"Bosnia and Herzegovina", "countrycode":"BIH", "idplayer":233167, "description":["A powerful midfielder adept at ghosting into opposition penalty\nareas, Haris Medunjanin has experience of playing in the Dutch,\nSpanish, Israeli and Turkish top flights and has been a regular in\nBosnia-Herzegovina’s squad since 2009.", "Medunjanin was born in Sarajevo but brought up in the\nNetherlands from an early age. He was part of the Oranje squads\nthat won back-to-back UEFA European U-21 titles in 2006 and ’07,\nplaying alongside the likes of Urby Emanuelson, Klass-Jan Huntelaar\nand Ryan Babel.", "Medunjanin didn’t see much playing time during four seasons with\nAZ at the start of his career, but he did impress during a loan\nspell at Sparta Rotterdam. He next played for Vallodolid and\nMaccabi Tel Aviv, before joining Gaziantepspor on loan and making\nthe move permanent in 2013.", "\n", "\nMedunjanin made his Bosnia-Herzegovina debut in late 2009 but has\nsince been unable to cement a place in the starting XI."], "bibnum":18, "fieldpos":3, "webname":"Haris MEDUNJANIN", "webnamealt":"", "surname":"MEDUNJANIN", "shirtname":"MEDUNJANIN", "playerletter":"M,M", "birthdate":"1985-03-08 00:00:00", "clubname":"Gaziantepspor", "idclub":1885714}