{"idcupseason":251164, "idteam":43954, "teamname":"Italy", "countrycode":"ITA", "idplayer":233333, "description":["The 21st", "Argentinian-born player to\nrepresent Italy, Gabriel Paletta is the most recent\n", " talent to have been brought into the\n", " fold. Athletic, tough in the tackle and strong\nin the air, he is most at home on the left side of central defence\nand could easily have been cut from the same mould as former\n", " legend Roberto Ayala. Born in Buenos Aires,\nPaletta won the 2005 FIFA U-20 World Cup with his native country\nand represented the U-20s seven times overall but never made the\nstep up to the senior team. He was therefore able to switch\nallegiances as he boasts dual nationality, his grandfather Vincenzo\nhaving emigrated to Argentina from Calabria.", "\n", "\nAt club level, Paletta started out at Banfield before leaving for\nLiverpool, where he spent most of his single season on the margins.\nThe Anfield outfit subsequently let him join Boca Juniors and,\nafter three years back in Argentina, the defender signed for Parma\nin 2010. That eventually brought him onto Cesare Prandelli's radar\nand the Italy coach handed him his debut against Spain in March,\nhaving spent several months trying to locate a new centre-back.\nPaletta has tended to suffer from ligament problems, but he is a\nsolid presence at the back and steeped in football. Indeed, all\nthree of his brothers are involved in the game at various levels:\nHector is a referee, Ariel a stock-controller and Daniel a physical\ntrainer."], "bibnum":20, "fieldpos":2, "webname":"Gabriel PALETTA", "webnamealt":"PALETTA", "surname":"PALETTA", "shirtname":"PALETTA", "playerletter":"P,P", "birthdate":"1986-02-15 00:00:00", "clubname":"Parma FC", "idclub":34551}