{"idcupseason":251164, "idteam":43925, "teamname":"Chile", "countrycode":"CHI", "idplayer":233530, "description":["Within every squad there are players considered to be among the\ncoach’s favourites and Marcelo Diaz is a prime example of that\nphenomenon. The central midfielder has played a pivotal part in the\nChile team ever since Jorge Sampaoli took over as coach at the end\nof 2012.", "Diaz, 27, began as a full-back in the youth teams at Universidad\nde Chile, but moved to Deportes La Serena in 2010 and impressed in\nmidfield for his second side. Then, in 2011, Sampaoli took charge\nat ", " and pushed for the return of the club’s former\nplayer. Diaz duly moved back and provided the balance in a very\nattacking outfit which won four local titles and the Copa\nSudamericana.", "His impressive performances brought a call-up to Claudio\nBorghi’s Chile side, for whom Diaz had participated in the 2005\nU-20 FIFA World Cup in the Netherlands, albeit without playing a\nsingle minute. Under Borghi, his performances for ", "\nwere inconsistent, but the Basel player has made the central\nmidfield position his own since Sampaoli took over, impressing with\nhis excellent positioning, his marking and his distribution. Now\nimmovable in the Argentine’s system for Chile, Diaz is equally\nimportant for a Basel side which claimed the Swiss title in\n2012/13."], "bibnum":21, "fieldpos":3, "webname":"Marcelo DIAZ", "webnamealt":"DIAZ", "surname":"DIAZ ROJAS", "shirtname":"DIAZ", "playerletter":"D,D", "birthdate":"1986-12-30 00:00:00", "clubname":"FC Basel", "idclub":655}