{"idcupseason":251164, "idteam":43924, "teamname":"Brazil", "countrycode":"BRA", "idplayer":233952, "description":["The years pass and his already vast coaching experience\ncontinues to expand, but there is one footballing trend that Luiz\nFelipe Scolari admits to being unable to leave behind: his\npreference for an out-and-out centre-forward leading the line.\nQuick to take full advantage was Fluminense target man Fred, who\nstruck in each of ", " first three friendlies back in\ncharge – against England, Italy and Russia.", "At the time the Russians were the only team in European Zone\nqualifying for the 2014 FIFA World Cup Brazil™ yet to concede a\ngoal. Far from getting carried away, however, like any good\ngoal-getter Fred knows he must remain constantly alert, ready to\nsniff out the next chance to find the net, as his opponents\nwitnessed during the FIFA Confederations Cup 2013 where he scored\nfive goals.   ", "“Now, I’ve been able to spend more time with ", "\ntoo and find out what he expects from the team. But all that will\ncount for nothing if my performances dip. I’m just concentrating on\nkeeping playing well for my club, to ensure I get selected and can\ndo an effective job for ", ",” said the experienced\nforward, who played and scored for Brazil at Germany 2006, when\nspeaking to ", ".", "Thoroughly benefitting from Fred’s hunger for goals and\ninternational recognition are his club ", ", where he is a\nhuge fan favourite. And it is hardly surprising: in the\n", " side’s 2012 Brasileirao championship win, the No9\nnot only topped the divisional scorer’s charts but was chosen as\nthe competition’s best player.", "With his classic, gutsy style of play, fighting against\ndefenders and injuries, Fred developed a strong bond with the club.\nThe striker, who spent four seasons in France playing for Lyon,\ntells ", " that “if I was asked to see out the\nrest of my career here, I’d sign up straight away”."], "bibnum":9, "fieldpos":4, "webname":"FRED", "webnamealt":"FRED", "surname":"CHAVES GUEDES", "shirtname":"FRED", "playerletter":"F,F", "birthdate":"1983-10-03 00:00:00", "clubname":"Fluminense FC", "idclub":241}