{"idcupseason":251164, "idteam":43876, "teamname":"Nigeria", "countrycode":"NGA", "idplayer":234463, "description":["Although only 27-years-old, John Obi Mikel is one of the most\nexperienced players in the Nigerian squad.", "He first rose to prominence in 2005 when the then-18-year-old\nJohn Obi Mikel was awarded the Silver Ball at the FIFA World Cup\nU-20 Netherlands 2005. The only player at the tournament considered\nbetter than the Flying Eagles midfielder was a certain Lionel\nMessi.", "Mikel was described in the tournament's official report as an\noutstanding player with good vision, who can dictate pace and\nlaunch his side's attacks. Fast-forward nine years, and the authors\nhave been proven right, even though Mikel is asked to do far less\nfor his star-studded club side Chelsea than he is with Nigeria,\nwhere he has long been thought of as having the potential to change\nthe national team's fortunes.", "\n", "\nIn fact, despite an up-and-down history with the Super Eagles,\nMikel has been a key inspiration behind Nigeria's resurgence under\ncoach Stephen Keshi. He was a cool but driving presence in\nNigeria's midfield as they won their third CAF Africa Cup of\nNations last year, finally fulfilling all of his promise as an\nall-action midfielder that could not only stop opponents, but\ncreate chances quickly in the other direction.", "In 2010, a knee injury forced Mikel out of Nigeria's 2010 FIFA\nWorld Cup South Africa™ squad, so he is particularly eager to\nperform well in Brazil and showcase his talents. Mikel has won just\nabout everything there is to win with Chelsea, including the\nPremier League, the FA Cup, the UEFA Europa League and the UEFA\nChampions League. He described winning the latter as the \"best\nnight of my life”, but a run deep into the World Cup is sure to lay\nclaim to that title."], "bibnum":10, "fieldpos":3, "webname":"John Obi MIKEL", "webnamealt":"MIKEL", "surname":"MIKEL", "shirtname":"MIKEL", "playerletter":"M,M", "birthdate":"1987-04-22 00:00:00", "clubname":"Chelsea FC", "idclub":33332}