{"idcupseason":251164, "idteam":43921, "teamname":"USA", "countrycode":"USA", "idplayer":234405, "description":["A new face on the USA team, Omar Gonzalez is a physically\nimposing centre-back who will make opposition strikers think twice\nabout taking him on. Currently the main man in the centre of\ndefence for Major League Soccer giants LA Galaxy, Gonzalez rose to\nprominence for the Stars and Stripes during the grueling qualifying\ncampaign for the Brazil 2014.", "His transition to life as an international centre-half was far\nfrom seamless, but coach Jurgen Klinsmann kept faith in his big man\nat the back and Gonzalez’s education in the exigencies of\ninternational football proved fast and thorough. His presence on\nthe pitch offers the US a focal point on attacking set-pieces, with\nhis height and leaping ability a weapon any coach would covet. “I'm\ngood in the air, it's one of my strengths,” he told\n", ". “But my best is yet to come.”", "Gonzalez became a hero for his Southern California club when he\nhelped clinch silverware in 2012, earning man of the match honours\nin MLS Cup, the one-off game that decides the league’s champion. He\novercame heavy odds and serious injury en route and has shown the\nkind of determination that this USA team needs when competing at\nthe highest level."], "bibnum":3, "fieldpos":2, "webname":"Omar GONZALEZ", "webnamealt":"", "surname":"GONZALEZ", "shirtname":"GONZALEZ", "playerletter":"G,G", "birthdate":"1988-10-11 00:00:00", "clubname":"Los Angeles Galaxy", "idclub":1884432}