{"idcupseason":251164, "idteam":43911, "teamname":"Mexico", "countrycode":"MEX", "idplayer":234551, "description":["Few Mexican players have achieved as much at international level\nas Giovani dos Santos. The talented playmaker won the FIFA U-17\nWorld Cup in 2005, picked up a gold medal at the Men's Olympic\nFootball Tournament London 2012, and was voted the third-best young\nplayer at the 2010 FIFA World Cup South Africa™ - all by the age of\n24.", "Yet, for all his success with ", ", dos Santos has\nstruggled to show his best form on a consistent basis at club\nlevel. A product of the famous youth set-up at Barcelona,\n", " spent just one year in ", "'s first team\nbefore moving to England to join Tottenham Hotspur.  ", "Playing opportunities in north London proved scarce, however,\nand his four years as a Tottenham player included loan spells at\nIpswich Town, Galatasaray and Racing Santander. Those stints away\nfrom White Hart Lane did, at least, allow him to showcase his\ntalents, and reinforced his need to find regular first-team\nfootball.", "His move to Mallorca the start of 2012/13 promised that\nmuch-needed stability, and he has duly become an important figure\nfor the team. However, with the Balearic club seemingly destined\nfor relegation from the Spanish top flight – despite their new\nrecruit's best efforts – Dos Santos could soon be on the hunt for\nnew employers once again.", "With his combination of power, skill and grace, Dos Santos is\none player sure to delight the crowds at Brazil 2014."], "bibnum":10, "fieldpos":4, "webname":"Giovani DOS SANTOS", "webnamealt":"G. DOS SANTOS", "surname":"DOS SANTOS RAMIREZ", "shirtname":"G. DOS SANTOS", "playerletter":"D,G", "birthdate":"1989-05-11 00:00:00", "clubname":"Villarreal CF", "idclub":1882482}