{"idcupseason":251164, "idteam":43860, "teamname":"Ghana", "countrycode":"GHA", "idplayer":235097, "description":["Mubarak Wakaso moved to Spain as a teenager in 2008 to sign for\nElche, where he stayed until 2011 before joining Villarreal's B\nteam. He played a number of La Liga games for the club's first team\nbut when Villarreal were relegated at the end of the season, he\nmoved to Barcelona-based outfit Espanyol on a four-year deal. In\n2013, though, the youngster was on the move once again, this time\nsigning up with Russian club Rubin Kazan.", "\n", "\nThe striker got his first taste of international football in 2005,\nwhen he played for Ghana at the FIFA U-17 World Cup. Wakaso\nreceived his first senior cap in October 2012 and a month later he\nscored his first international goal, netting in a friendly\nagainst Cape Verde islands. He was in the Black Stars' squad\nat the CAF Africa Cup of Nations in 2013, where he top-scored with\nfour goals to share the honour with Nigerian sensation Emmanuel\nEmenike. He played in five of Ghana's matches in the Brazil 2014\nqualifiers, scoring once in the 4-0 victory over Sudan."], "bibnum":22, "fieldpos":3, "webname":"Mubarak WAKASO", "webnamealt":"WAKASO", "surname":"WAKASO", "shirtname":"WAKASO", "playerletter":"W,W", "birthdate":"1990-07-25 00:00:00", "clubname":"FC Rubin Kazan", "idclub":1891257}