{"idcupseason":251164, "idteam":43901, "teamname":"Costa Rica", "countrycode":"CRC", "idplayer":236530, "description":["A veteran of the FIFA U-17 World Cup Peru 2005 and FIFA U-20\nWorld Cup Canada 2007, Celso Borges will pull the strings of the\nCosta Rican midfield when he graces football’s biggest stage at\nBrazil 2014.  It should come as no surprise that Borges has\nsettled into the heart of the Costa Rican set-up, considering his\nfather, the Brazil-born Alexandre Borges Guimaraes, also featured\n16 times for ", " and even managed the national side\non two separate occasions from 2000 to 2002 and again in 2005\nthrough Costa Rica’s exit from the 2006 FIFA World Cup Germany™ at\nthe group stage. ", "The 6ft 1ins playmaker made his\nprofessional debut at the age of 18 for Costa Rican powerhouse\nSaprissa after coming up through their youth system and stayed\nthere for three years, earning three Primera Division titles for\n", " (The Purple Monster) along the way,\nbefore moving overseas to join Fredrikstad in Norway. Two seasons\nlater, Borges made the jump to Swedish side AIK where he continues\nto ply his trade today.", "Borges, who has worn the captain’s\narmband for ", " on occasion, featured prominently in\nCosta Rica’s South Africa 2010 qualifying campaign but the Central\nAmerican side were ultimately outdone by Uruguay in an\nintercontinental play-off. Borges would not be turned away again,\nhowever, and helped lead ", " to an impressive\nsecond-place finish in CONCACAF ", " qualifying for\nBrazil 2014, finishing just four points behind leaders USA.", "While Borges has traditionally\npatrolled the midfield, he is not afraid to get forward into the\nattack and chip in his fair share of goals. In fact, he finished as\nAIK’s top scorer in the 2012 season. Coach Jorge Luis Pinto could\ncertainly use someone like Borges to contribute on the scoresheet\nwhile also helping shore up the middle of the park."], "bibnum":5, "fieldpos":3, "webname":"Celso BORGES", "webnamealt":"BORGES C.", "surname":"BORGES MORA", "shirtname":"BORGES C.", "playerletter":"B,B", "birthdate":"1988-05-27 00:00:00", "clubname":"AIK Solna", "idclub":1884117}