{"idcupseason":251164, "idteam":43901, "teamname":"Costa Rica", "countrycode":"CRC", "idplayer":237058, "description":["Randall Brenes, nicknamed ", " for his petite\nstature during his youth career, began playing professionally for\nCosta Rican club Cartagines before moving to Norway to join Bodo in\n2005, where fellow countryman Roy Miller also played for three\nyears. An impressive first season set the forward up for success\nwith the Nordic club, and he did not disappoint. He was the top\nscorer in 2006 with 13 goals, six of them headers. He helped his\nteam win promotion to the Norweigian Tippeligaen, where they\nfinished fourth, in part thanks to Brenes’ hard work.", "Because of his successes with Bodo,\nBrenes was loaned to fellow Norwegian club Kongsvinger. He is\ncredited with helping that team also remain in Norway’s top league.\nShortly afterwards, however, Brenes longed for the Costa Rican\nwarmth and terminated his contract in Norway to return home to live\nwith his family.", "He returned in 2010 to Cartagines\nand quickly became their top scorer. In a slightly surprising move\nfor a rising star, Brenes moved in 2012 to Azerbaijan to play for\nKhazar Lankaran on a two-year contract. After finding only rocky\nfooting on the Central Asian pitch, he once again returned\nhome to play for Cartagines.", "Though not quite as experienced\ninternationally as some of his team-mates in the Costa Rican front\nline, Brenes has represented Costa Rica at the 2011 CONCACAF Gold\nCup and the 2011 Copa America."], "bibnum":14, "fieldpos":4, "webname":"Randall BRENES", "webnamealt":"BRENES R.", "surname":"BRENES MOYA", "shirtname":"BRENES R.", "playerletter":"B,B", "birthdate":"1983-08-13 00:00:00", "clubname":"CSD Cartagines", "idclub":1884495}