{"idcupseason":251164, "idteam":43817, "teamname":"Iran", "countrycode":"IRN", "idplayer":237949, "description":["One of just a few players from Iran’s 2006 FIFA World Cup\nGermany™ squad to feature in Carlos Queiroz’s side, 31-year-old\nAndranik Timotian forms ", "’s experienced core\nalongside captain Javad Nekonam and Masoud Shojaei.", "After putting in a series of outstanding performances and\nhelping Iran to Brazil 2014, the midfielder is expected to play a\nkey role as ", " aim to progress from a hard group\nwhich also features Argentina, Bosnia and Herzegovina and\nNigeria.", "Timotian was still with second-division side Aboumoslem when he\nearned an unexpected call-up to the national team in the run-up to\nGermany 2006. With his international debut not coming until August\n2005 in a friendly against Libya – after Iran had secured a place\nat Germany 2006, Timotian surprised even his own supporters by\nmaking it into Branko Ivankovic’s World Cup squad.", "Aside from showcasing his talents on the global stage, the\nmidfielder cut an emotional figure as Iran crashed out with a 1-1\ndraw against Angola in the closing group match. After the final\nwhistle he collapsed on the turf, sobbing wildly and being\ncomforted by coaches – a poignant scene which made him a national\nhero in the eyes of Iranian fans.", "Eight years have elapsed but the ex-Bolton Wanderers and Fulham\nman's aspirations for success have yet to diminish. Having been an\nintegral in qualifying for Brazil 2014, the player is brimming with\nrenewed passion and added confidence heading into his second World\nCup.", "A defensive midfielder, Timotian is dangerous whenever he surges\nforward. His attacking prowess was highlighted in last year’s AFC\nChampions League quarter-final clash when the dynamic player,\nhaving seen his corner turned in by a team-mate, unleashed a\nlong-range effort in stoppage-time to seal a decisive 2-1 victory\nfor Esteghlal at Buriram United."], "bibnum":14, "fieldpos":3, "webname":"Andranik TIMOTIAN", "webnamealt":"ANDRANIK", "surname":"TIMOTIAN SAMARANI", "shirtname":"ANDRANIK", "playerletter":"T,A", "birthdate":"1983-03-06 00:00:00", "clubname":"Esteghlal Tehran FC", "idclub":2147483046}