{"idcupseason":251164, "idteam":43843, "teamname":"Algeria", "countrycode":"ALG", "idplayer":239237, "description":["Having risen through the ranks at Saint-Etienne, Carl Medjani\nwas picked up by Liverpool in 2003. Following loan spells with\nLorient and later Metz, the centre-back made a permanent switch to\nLorient in 2006, but he was on the move again soon afterwards,\nsigning for Ajaccio in 2008 after a period on loan with the\nCorsican outfit.", "Medjani spent five years with Ajaccio and notably helped the\nclub return to French Ligue 1, a feat he repeated with Monaco in\n2012/13. Despite his role in the principality side's promotion\ncampaign, he was then loaned out to Olympiacos, before ending last\nseason with a short-term stay at Valenciennes.", "\n", "\nOriginally hailing from Lyon, the defender represented France at\nU-16, U-17, U-18 and U-21 level, though he answered the call of\nAlgeria ahead of the 2010 FIFA World Cup™, where he was an unused\nsubstitute. Medjani finally made his international\nbreakthrough at the 2013 CAF Africa Cup of Nations, putting in a\nseries of excellent displays to earn recognition as a key performer\nat the back for ", ". He continued his progress\nduring the qualifiers for Brazil 2014, making eight appearances and\nscoring a goal against play-off rivals Burkina Faso as Algeria\nsecured a second consecutive ticket to the global showcase."], "bibnum":12, "fieldpos":2, "webname":"Carl MEDJANI", "webnamealt":"MEDJANI", "surname":"MEDJANI", "shirtname":"MEDJANI", "playerletter":"M,M", "birthdate":"1985-05-15 00:00:00", "clubname":"Valenciennes FC", "idclub":1891327}