{"idcupseason":251164, "idteam":43930, "teamname":"Uruguay", "countrycode":"URU", "idplayer":239433, "description":["Diego Lugano’s dressing room influence and force of character\nhave made him an indispensable member of the Uruguay squad, despite\nhis infrequent appearances with English side West Bromwich Albion.\nThe central defender rarely gives opponents space to operate, while\nhis natural authority and aerial ability at both ends of the pitch\nmake him the perfect captain for ", ". ", "Despite making his debut with Nacional aged 18 and winning two\nleague titles, Lugano did not hesitate to move to the recently\npromoted Plaza Colonia to earn more regular playing time. With\nfirst team opportunities still hard to come by upon his return to\nNacional, Lugano joined Brazilian side Sao Paulo, where he went on\nto shine. ", "In 2005 he won the Sao Paulo state title, the Copa Libertadores\nand the FIFA Club World Cup. The Brazilian league title followed a\nyear later, as did a runners-up medal at the Libertadores. In both\nseasons Lugano was chosen as the best defender in Brazilian\nfootball.", "\n", "\nDespite enjoying hero status in Brazil, Lugano joined Fenerbahce.\nHe swiftly became an idol in Turkey too, helping the club to two\nleague triumphs and the quarter-finals of the 2007/08 UEFA\nChampions League.", "National team coach Jorge Fossati had rewarded Lugano’s\nperformances with a debut international start against Paraguay in\nthe 2006 FIFA World Cup Germany™ qualifiers. Oscar Tabarez made him\n", "’s captain at the start of his tenure and,\nirrespective of Lugano's club form, the defender has subsequently\nonly been absent for Uruguay through injury or suspension.", "Lugano was vital during the South Africa 2010 qualifying\ncampaign and scored three goals, the most important of which came\nin the first leg play-off against Costa Rica. As captain, the\ncentre-back hoisted the 2011 Copa America aloft and lead the team\nto the fourth place at the FIFA Confederations Cup Brazil 2013.", "He also played for Malaga and Paris Saint-Germain during the\nBrazil 2014 qualification campaign, in which he played 16 out of 18\ngames and scored two goals."], "bibnum":2, "fieldpos":2, "webname":"Diego LUGANO", "webnamealt":"D.LUGANO", "surname":"LUGANO MORENO", "shirtname":"D. LUGANO", "playerletter":"L,D", "birthdate":"1980-11-02 00:00:00", "clubname":"West Bromwich Albion FC", "idclub":33742}