{"idcupseason":251164, "idteam":43924, "teamname":"Brazil", "countrycode":"BRA", "idplayer":239424, "description":["A utility player combining physical strength, explosive power,\nbig talent and the ability to use either foot, Hernanes was dogged\nby one question for several years, as onlookers debated whether he\nwas an attacking or deep-lying midfielder. It is to his credit that\nthat the long-running discussion was rendered largely meaningless\nby his consistently good performances over the years for Sao Paulo\nand Lazio. Nevertheless, the midfielder, now an asset for Inter\nMilan, always says that he is better suited to a more withdrawn,\nholding role.", "“It is my original position,” he\ntold ", ". “It’s been important for me to\nplay in different positions. It’s improved my game and my ability\nto adapt and score more goals. I’ve enjoyed the experience and I\nthink that’s why I’m in such great form. I also think, though, that\nI’ve experienced everything I can and that I’ve played where I’ve\nhad to play.”", "And it is as a holding midfielder that he has made his way into\nLuiz Felipe Scolari’s squad, as the coach himself explained in his\nfirst press conference after taking on the Brazil job, bringing an\nend to the Hernanes debate once and for all."], "bibnum":18, "fieldpos":3, "webname":"HERNANES", "webnamealt":"HERNANES", "surname":"DE CARVALHO VIANA LIMA", "shirtname":"HERNANES", "playerletter":"H,H", "birthdate":"1985-05-29 00:00:00", "clubname":"FC Internazionale", "idclub":1914619}