{"idcupseason":251164, "idteam":43925, "teamname":"Chile", "countrycode":"CHI", "idplayer":245156, "description":["A tough-tackling left-sided centre-back, Jose Rojas entered the\nhistory books when he captained Universidad de Chile to their first\never international trophy: the 2011 Copa Sudamericana. Rojas found\nhimself in this position thanks to Chile coach Jorge Sampaoli, who\nspotted the defender's leadership skills and handed him the armband\nduring his vastly successful spell in Santiago.", "A product of the ", " youth system, Rojas made his\ndebut in 2003 and has spent virtually his entire career at the\nclub, with the exception of a brief and unproductive loan spell at\nArgentinian side Independiente in 2006. Though he had twice lifted\nthe league title by the age of 26, he really came of age following\nthe arrival of Sampaoli, under whom he won a further four\ntrophies.", "Rojas's international career has followed a similar path. After\nfeaturing at the 2003 South American Youth Championship in Uruguay,\nhe won his first full cap in 2007, but was used sparingly under\nMarcelo Bielsa and Claudio Borghi. Having played in just two 2014\nFIFA World Cup Brazil™ qualifiers under Sampaoli's\npredecessor, the centre-half has earned a more regular\nspot under his former club boss, appearing in five of the last\nseven matches on the road to Brazil 2014. He has dropped back down\nto the bench in recent friendlies, proving that he can't take his\nplace for granted, but with such a familiar face in\ncharge, Rojas will fancy his chances of seeing more action\nthis summer."], "bibnum":13, "fieldpos":2, "webname":"Jose ROJAS", "webnamealt":"", "surname":"ROJAS BAHAMONDEZ", "shirtname":"ROJAS", "playerletter":"R,R", "birthdate":"1983-06-23 00:00:00", "clubname":"Club Universidad de Chile", "idclub":44185}