{"idcupseason":251164, "idteam":43911, "teamname":"Mexico", "countrycode":"MEX", "idplayer":251352, "description":["Of all the Mexican players at the FIFA World Cup Brazil 2014™,\nAndres Guardado is one of the most experienced in international\nfootball. The skilful 27-year-old left wingback has spent most of\nhis career in Europe, making his name with a successful spell at\nDeportivo La Coruna before joining Valencia, and now at most\nrecently Bayer Leverkusen.", " ", " (little prince) has been\never-present for Mexico, surviving the various managerial changes\nthat have taken place since his first outings. Over the years he\nhas been considered one of ", "'s most potent\nattacking threats, thanks in no small part to his speed and\ndribbling ability, but he now plays a more defensive role, both in\nclub and country.", "Guardado also has some unfinished business at international\nlevel. Indeed, having been first-choice for most of Mexico's\nqualifying campaign for the 2010 FIFA World Cup, he lost his\nstarting role at the very end and was on and off the bench\nthroughout the finals in South Africa. "], "bibnum":18, "fieldpos":2, "webname":"Andres GUARDADO", "webnamealt":"A. GUARDADO", "surname":"GUARDADO HERNANDEZ", "shirtname":"A. GUARDADO", "playerletter":"G,A", "birthdate":"1986-09-28 00:00:00", "clubname":"Bayer 04 Leverkusen", "idclub":31055}