{"idcupseason":251164, "idteam":43817, "teamname":"Iran", "countrycode":"IRN", "idplayer":251481, "description":["The past year has proved a memorable one for Pejman Montazeri\nfollowing his excellent displays with both club and country. The\n30-year-old was instrumental in Esteghlal reaching the last-four in\nthe AFC Champions League, while pulling his weight at the back\nduring the final stages of for the 2014 FIFA World Cup Brazil™.", "Montazeri began his career with Foolad, spending three years\nwith the club's youth academy, cutting his teeth before progressing\ninto the first team in 2004. From there, he made consistent\nprogress, being touted as one of Iran's most promising players. As\na result he was called up into Iran's U-23 team for the 2006 Asian\nGames, helping the side to a bronze medal.", "Usually deployed as a defender, Montazeri is also capable of\ndriving the midfield and it was during his seven-year spell with\nEsteghlal that he has truly cemented his place among the country's\nelite. He clocked up over 250 appearances with the Tehran giants,\nincluding netting 17 goals as they twice won the Iranian league in\n2009 and last year. Montazeri opened a new chapter at the start of\nthis season, leaving for Qatar to join Umm Salal."], "bibnum":15, "fieldpos":2, "webname":"Pejman MONTAZERI", "webnamealt":"MONTAZERI", "surname":"MONTAZERI", "shirtname":"MONTAZERI", "playerletter":"M,M", "birthdate":"1983-09-06 00:00:00", "clubname":"Umm Salal SC", "idclub":2147482067}