{"idcupseason":251164, "idteam":43942, "teamname":"England", "countrycode":"ENG", "idplayer":253999, "description":["Ben Foster was named on the stand-by list for England's 2006\nFIFA World Cup™ squad, because of Robert Green's injury in a B\ninternational against Belarus, but had to wait until 7 February\n2007 to make his debut in a 0-1 friendly defeat to Spain.", "It was more than two years before he picked up his second cap,\nthis time by Fabio Capello as a substitute for David James against\nSlovakia in a 4-0 victory. He won his third cap when James was\ninjured in the warm-up of a South Africa 2010 qualifier against\nBelarus.", "The former Manchester United goalkeeper won another cap against\nBrazil, where he played the whole game in a 1–0 loss on 14 November\n2009 in Qatar, but was overlooked for England's 2010 World Cup\nsquad, Joe Hart being preferred for the third goalkeeping spot.", "In May 2011, Foster announced that he would be making himself\nunavailable for international selection for an indefinite\nperiod. In February 2013 he made himself available again\nand has since been included in several of Roy Hodgson’s\nsquads."], "bibnum":13, "fieldpos":1, "webname":"Ben FOSTER", "webnamealt":"FOSTER", "surname":"FOSTER", "shirtname":"FOSTER", "playerletter":"F,F", "birthdate":"1983-04-03 00:00:00", "clubname":"West Bromwich Albion FC", "idclub":33742}