{"idcupseason":251164, "idteam":43960, "teamname":"Netherlands", "countrycode":"NED", "idplayer":254091, "description":["Paul Verhaegh was a member of the Netherlands team that won the\nUEFA U-21 Championship in 2006, but rarely in the time since has he\nseemed likely to make the breakthrough at senior level. Indeed, it\nwas only last August - a month away from his 30th\nbirthday - that the right-back finally made his first full\nOranje appearance in a friendly against Portugal.", "Verhaegh was nevertheless one of the surprise inclusions in\nLouis van Gaal’s Brazil 2014 squad. Nonetheless, Van Gaal has\nevidently been impressed with the defender’s consistent form for\nAugsburg, the German club with which he has played since 2010.", "A fine defensive record was certainly one of the main\nreasons behind the Bavarian outfit emerging as one of the\nBundesliga’s success stories of 2013/14, and Verhaegh now has the\nchance to cap the season in style with an unlikely role in\nBrazil."], "bibnum":12, "fieldpos":2, "webname":"Paul VERHAEGH", "webnamealt":"Paul Verhaegh", "surname":"VERHAEGH", "shirtname":"VERHAEGH", "playerletter":"V,V", "birthdate":"1983-09-01 00:00:00", "clubname":"FC Augsburg", "idclub":2000012821}