{"idcupseason":251164, "idteam":43960, "teamname":"Netherlands", "countrycode":"NED", "idplayer":254089, "description":["An unused squad member at both the 2010 FIFA World Cup™ and UEFA\nEURO 2012, Michel Vorm will be hoping that Brazil 2014 finally\noffers him a chance to shine on the biggest stage of all. At 30,\nthe Swansea City keeper is the most experienced of the contenders\nto claim Maarten Stekelenburg’s No1 shirt, but even he has won only\n14 caps to date.", "The first of those came in 2008, during Vorm’s time with\nUtrecht, and he has played infrequently for the national team in\nthe years since. His first run as first-choice arrived last\nSeptember and October with a sequence of three consecutive World\nCup qualifiers under Louis van Gaal, raising hopes that he would be\nthe man between the sticks in Brazil.", "Experimentation with candidates for the position has since\nfollowed, though, and Vorm has contended himself with continuing\nthe fine form that has made him a firm favourite of Swansea’s\nsupporters. His expertise in stopping penalties is particularly\nrenowned in England, with the keeper himself attributing his fine\nrecord in such situations to analysing the technique of future\nopponents.", "Now he will hope for the chance to show his reflexes and nerves\nof steel in Brazil as the Dutch aim to emulate their impressive\n2010 campaign."], "bibnum":22, "fieldpos":1, "webname":"Michel VORM", "webnamealt":"", "surname":"VORM", "shirtname":"VORM", "playerletter":"V,V", "birthdate":"1983-10-20 00:00:00", "clubname":"Swansea City AFC", "idclub":722}