{"idcupseason":251164, "idteam":43963, "teamname":"Portugal", "countrycode":"POR", "idplayer":254166, "description":["At the start of Silvestre Varela’s career his playing style and\nhaircut earned him a nickname that showed how much the fans\nbelieved in his ability: 'the Drogba of Caparica'. Varela may be no\nDrogba, but he has proved to be a useful weapon for Portugal.", "After first learning his trade for Pescadores da Caparica, he\ncompleted his football education at Sporting but never managed to\nmake the breakthrough for the Lions. He was successively loaned\nout, enjoying excellent spells at Recreativo de Huelva, in Spain,\nand Estrela da Amadora, back in his home country in 2007/08.", "His performances earned him a transfer to Porto and it was in\nthe northern city that he won his first silverware, including\nseveral Portuguese Championship titles and the UEFA Europa League\nin 2011.", "Varela has played for Portugal at all the different age-groups,\nand only missed out on the 2010 FIFA World Cup South Africa™\nbecause he broke his fibula a few months before it kicked off. But\nhe was back for EURO 2012, where he played a crucial role in\nPortugal’s run to the semi-finals, coming off the bench to score\nthe winner against Denmark.", "Silvestre Varela now has the chance to shine at a World Cup,\nwhere Bento knows he has a secret weapon to call upon if need\nbe", "."], "bibnum":18, "fieldpos":4, "webname":"VARELA", "webnamealt":"", "surname":"GONCALVES VARELA", "shirtname":"VARELA", "playerletter":"V,V", "birthdate":"1985-02-02 00:00:00", "clubname":"FC Porto", "idclub":31015}