{"idcupseason":251164, "idteam":43963, "teamname":"Portugal", "countrycode":"POR", "idplayer":254167, "description":["Nani is yet another product of the veritable conveyor belt of\ntop quality wingers churned out by Sporting’s famed academy. After\ncheering on and then seeing depart Sporting heroes such as Luis\nFigo, Simao Sabrosa, Ricardo Quaresma and Cristiano Ronaldo, in\n2005/06 fans got to see the most recent world-class wide player\nsprout from the club’s grass roots.", "Born on the African island of Cape Verde, Nani moved to Portugal\nat a young age and it was sport that moulded his character. As well\nas football, he practised the Brazilian martial art of capoeira for\nmany years, which afforded him mobility and elasticity, and was\nwhere he learned his trademark backflip when celebrating his\ngoals.", "His first club was Real Massama, from where Sporting picked him\nup, and Nani’s outstanding skills saw him successfully ascend\nthrough the youth ranks to the professional game. He made his debut\nfor the first team in 2005/06, but his extraordinary quality and\ncompetitiveness meant just two years later Manchester United were\nin for him. In the wake of their successful purchase of Cristiano\nRonaldo from Sporting in 2003, the English giants did not think\ntwice about paying a huge transfer fee for another wing wizard from\nthe same club.", "Nani’s initial months at United were spent at the home of his\nnew friend, Cristiano Ronaldo, and the winger did not waste time\nmaking his mark for the Red Devils. A triumphant first season ended\nwith Premier League and UEFA Champions league winners’ medals.", "He has been a fixture in the Portugal side since 2006, playing\nat UEFA EURO 2008 and EURO 2012, but he has yet to grace the\nbiggest stage of them all. He was selected in Carlos Queiroz’s\nsquad for the 2010 FIFA World Cup South Africa™, but an injury\nshortly before the tournament forced him out of it. Four years\nlater Nani will finally have the chance to showcase his talent on\nthe biggest football event on the planet."], "bibnum":17, "fieldpos":4, "webname":"NANI", "webnamealt":"NANI", "surname":"ALMEIDA DA CUNHA", "shirtname":"NANI", "playerletter":"N,N", "birthdate":"1986-11-17 00:00:00", "clubname":"Manchester United FC", "idclub":33161}