{"idcupseason":251164, "idteam":43971, "teamname":"Switzerland", "countrycode":"SUI", "idplayer":261029, "description":["Born in Olten, Switzerland, Gokhan Inler spent the majority of\nhis youth career playing for local outfit FC Olten, before signing\nfor FC Basel after a four-year spell at FC Solothurn. The then\n18-year-old joined FC Aarau in 2005 after failing to make a single\nfirst-team appearance for Basel.", "The holding midfielder, who also made an appearance for Turkey’s\nU-21 team, developed into a true leader at Aarau and was a key\nfactor in their Swiss Super League survival in 2006. After just one\nseason at the club, however, Inler signed for FC Zurich where he\nwon two consecutive championships in 2006 in 2007.", "He then moved on to Serie A outfit Udinese, before signing for\nNapoli after four years with the ", " It did not\ntake Inler long to settle at the Stadio San Paolo either, winning\nthe Coppa Italia in his first season with the club.", "He made his Switzerland debut in 2006, having opted against\nplaying for the full Turkish national team. Under the guidance of\nJakob ", " Kuhn, Inler managed to nail down a regular\nstarting berth and a place in the squad for UEFA EURO 2008.", "Ottmar Hitzfeld, who took over from Kuhn as the\n", " coach in 2008, is also a keen admirer of\nInler’s talents and relied heavily on the midfielder at South\nAfrica 2010. Hitzfeld even named him captain on 23 April 2011 after\nformer skipper Alexander Frei had announced his retirement from\ninternational football.", "The 29-year-old has certainly repaid the faith shown in him by\nHitzfeld, appearing in every 2014 FIFA World Cup™ qualifier and\nplaying a major role in Switzerland’s successful campaign."], "bibnum":8, "fieldpos":3, "webname":"Gokhan INLER", "webnamealt":"", "surname":"INLER", "shirtname":"INLER", "playerletter":"I,I", "birthdate":"1984-06-27 00:00:00", "clubname":"SSC Napoli", "idclub":2147481899}