{"idcupseason":251164, "idteam":43922, "teamname":"Argentina", "countrycode":"ARG", "idplayer":266783, "description":["The ideal build for a goalkeeper, perhaps owing to the fact he\ncomes from a family of basketball players, Sergio Romero has all\nthe qualities required for his position, including sharp reflexes\nand a commanding presence in the air. Those attributes are just\nsome of the reasons why Alejandro Sabella has kept faith with\nRomero despite his lack of first-team football at Monaco.", " completed his apprenticeship in the youth\nranks at Racing Club, where he made his first division debut in\nlate 2006. Though few chances came his way with his club, that did\nnot prevent him from excelling at the FIFA U-20 World Cup Canada\n2007, where he conceded just two goals in helping Argentina take\nthe title.", "His displays in Canada paved the way for a move to Dutch outfit\nAZ Alkmaar. After making the No1 spot his own there, he then won\ngold at the Men’s Olympic Football Tournament Beijing 2008, where\nhe was called into the starting line-up by coach Sergio Batista to\nreplace the injured Oscar Ustari.", "He won his first full cap for his country under Diego Maradona,\nwho named him for a vital South Africa 2010 qualifying match\nagainst Paraguay in 2009. He has remained his country’s\nfirst-choice custodian since then, playing in all five of\nArgentina’s matches at the last world finals, all four at the 2011\nCopa America and in 12 of their 14 qualifiers for Brazil 2014.\nDuring that time Romero went 27 games without experiencing defeat,\na record for an Argentina goalkeeper."], "bibnum":1, "fieldpos":1, "webname":"Sergio ROMERO", "webnamealt":"", "surname":"ROMERO", "shirtname":"ROMERO", "playerletter":"R,R", "birthdate":"1987-02-22 00:00:00", "clubname":"AS Monaco", "idclub":30983}