{"idcupseason":251164, "idteam":43925, "teamname":"Chile", "countrycode":"CHI", "idplayer":267543, "description":["When asked which player he would choose to take with him into\nbattle, Juventus coach Antonio Conte did not think twice before\ngiving Arturo Vidal’s name. This is not in the least bit\nsurprising, as Vidal is both a complete midfielder and a\nnatural-born fighter.", "Name a stat of your choice and he will be up there towards the\ntop of the charts, whether it is goals scored, assists, successful\ntackles or fouls won and conceded. The man nicknamed\n", " makes the middle of the park his own personal\narena, where he performs with a perfect combination of style and\nsteel.", "Vidal started his career at the back, operating as a centre-half\nor sweeper, and shone as part of Claudio Borghi’s easy-on-the-eye\nColo-Colo side. He won three trophies under Borghi, as well as\nreaching the 2006 Copa Sudamericana, and was still a teenager when\nNelson Acosta gave him his first senior Chile cap in a friendly\nagainst Venezuela.", "One of the stars of the 2007 FIFA U-20 World Cup in Canada,\nwhere several of the current golden crop of senior Chile\ninternationals burst onto the scene, Vidal’s performances earned\nhim a move to Bayer Leverkusen.", "Wearing the number 23 immortalised by Michael Jordan, it wasn’t\nlong before ", " began to show the leadership\nskills that had caught his new club’s attention and he played a\npivotal role in their run to the 2008/09 German Cup final and their\nrunners-up finish in the league in 2010/2011. A move to\n", " followed, where he has established himself as a firm\nfan favourite, lifting five trophies in three seasons in Turin.", "The midfielder has further enhanced his burgeoning reputation\nwith his displays for Chile, serving as a fixture in Marcelo\nBielsa’s swashbuckling side that won plaudits aplenty at South\nAfrica 2010, the country’s first FIFA World Cup™ finals\nappearance for 12 years. He was, though, only the fifth most\nused member of the ", " squad (playing 985 minutes) on\nthe road to Brazil 2014, having missed five months of international\naction owing to a disciplinary indiscretion."], "bibnum":8, "fieldpos":3, "webname":"Arturo VIDAL", "webnamealt":"", "surname":"VIDAL PARDO", "shirtname":"VIDAL", "playerletter":"V,V", "birthdate":"1987-05-22 00:00:00", "clubname":"Juventus FC", "idclub":31085}