{"idcupseason":251164, "idteam":43930, "teamname":"Uruguay", "countrycode":"URU", "idplayer":267834, "description":["Composed, opportunistic and a lethal finisher, Edinson Cavani\nhas shown since joining Paris Saint-Germain that he has all the\nattributes of a born goalscorer. His imposing physique makes him a\ndangerous aerial threat, while his skill and reading of the game\nallows him to play anywhere in attack and even in midfield, as he\nhas done more than once for Uruguay.", ", as Cavani is known, made his professional\ndebut at 19 for Danubio. In total he scored 12 times for the club,\nand won the Uruguayan league title with them in 2006/07. In early\n2007 he represented the Uruguay U-20s at the South American Youth\nChampionship, where he scored seven goals to help his side qualify\nfor the FIFA U-20 World Cup in Canada.", "Cavani had little time to celebrate that success, and on his\n20th birthday he flew to Italy to join Palermo. It took him some\ntime to settle, however, as he managed just two goals for his new\nclub in the second half of the season, and found the net only once\nat Canada 2007.", "Oscar Tabarez gave Cavani his full international debut in a\nfriendly against Colombia in early 2008, and the striker duly\nmarked the occasion with a goal. Cavani then featured throughout\nUruguay's qualifying campaign for the 2010 FIFA World Cup South\nAfrica™, but failed to score in any of his seven appearances. His\ncontribution, nonetheless, earned him a starting role in six of\nUruguay's seven games at South Africa 2010, and he scored his only\ngoal of the tournament in ", "'s defeat in the match\nfor third place.", "Cavani scored 15 times in his final two seasons with Palermo,\nbut it was not until he joined Napoli that the goals really started\nflowing, winning the Serie A scoring title during the 2012/13\nseason before his multi-million transaction to France", " As\nwell as becoming a fans' idol by breaking the 30-goal mark (in all\ncompetitions) in each of his three seasons to date, he is now also\nNapoli's all-time leading scorer in European football.", "Since winning the 2011 Copa America, and more recently\nrepresenting Uruguay at the Men's Olympic Football Tournament\nLondon 2012 as one of their three over-age players and at the 2013\nFIFA Confederations Cup Brazil, Cavani has continued to play a\npivotal role for Tabarez. He was the only player to have appeared\nin every one of ", "'s Brazil 2014 qualifiers,\nscoring five goals during the campaign. "], "bibnum":21, "fieldpos":4, "webname":"Edinson CAVANI", "webnamealt":"E.CAVANI", "surname":"CAVANI GOMEZ", "shirtname":"E. CAVANI", "playerletter":"C,E", "birthdate":"1987-02-14 00:00:00", "clubname":"Paris Saint-Germain FC", "idclub":33191}