{"idcupseason":251164, "idteam":43819, "teamname":"Japan", "countrycode":"JPN", "idplayer":268474, "description":["Schalke defender Atsuto Uchida sets many female football\nsupporters’ hearts aflutter, but beneath the handsome exterior is a\nfiercely determined, attack-minded player who is developing into a\nworld-class right back. Now a regular starter in the Bundesliga,\nUchida has also become an integral player for the Samurai Blue\nunder coach Alberto Zaccheroni.", "Uchida’s professional career began at J.League giants Kashima\nAntlers while he was still a teenager. He nailed down a regular\nstarting spot in his first season, and his penetrating runs down\nthe right flank added an edge to Kashima’s attack and contributed\nto the club winning three consecutive league titles. Uchida made\nhis national debut in 2008, but despite being selected for the 2010\nFIFA World Cup™ in South Africa, he spent the tournament on the\nbench.", "To take his game to a higher level, Uchida signed for Schalke in\n2010. He produced some eye-catching performances in the Bundesliga\nand Champions League, and the 26-year-old is now widely regarded as\none of the finest members of Japan’s European contingent.\nStrategically astute, skilful and quick, Uchida’s understanding\nwith Inter Milan’s dynamic left back Yuto Nagatomo gives Japan\ngenuine attacking options on both wings and could hold the key to\nthe Samurai Blue’s chances of reaching the quarter-finals at a FIFA\nWorld Cup for the first time."], "bibnum":2, "fieldpos":2, "webname":"Atsuto UCHIDA", "webnamealt":"UCHIDA", "surname":"UCHIDA", "shirtname":"UCHIDA", "playerletter":"U,U", "birthdate":"1988-03-27 00:00:00", "clubname":"FC Schalke 04", "idclub":36721}