{"idcupseason":251164, "idteam":43822, "teamname":"Korea Republic", "countrycode":"KOR", "idplayer":268406, "description":["A central midfielder with a sharp eye for goal, Ki Sungyueng has\nestablished himself as the dead-ball specialist for his club and\ncountry. His powerful and accurate free-kicks have made him famous\nin the Korean football scene, while he more than makes up for his\nslim physique with wide vision and creative passes.", "After coming through the ranks in Korea Republic’s youth\nnational teams, Ki took part in the AFC U-19 Championship and the\nFIFA U-20 World Cup Canada 2007. Although he joined FC Seoul in\n2006, he did not make his first-team debut until Senol Gunes took\ncharge of the Seoulites the following season. He was an integral\npart of the young Taeguk Warriors side at the 2008 Men’s Olympic\nFootball Tournament in Beijing, but even the inspirational\nmidfielder could not keep his side from making a premature exit\nfrom the group stage.", "\n", "\nKi’s outstanding performances during the Asian Zone qualifying for\nthe 2010 FIFA World Cup South Africa™ earned him a transfer to\nScottish giants Celtic at the end of 2009. Although he was\nstruggling to get more chances the following season, Ki came to\nprominence on the biggest stage of world football that summer by\nsetting up Korea Republic’s two goals with his trademark free-kicks\nagainst Greece and Nigeria.", "Despite being one of the youngest players in the national team\nfold, Ki continued his excellent form on the international stage,\nhelping the Taeguk Warriors finish third in the 2011 AFC Asian Cup\nin Qatar before going on to win the bronze medal at the 2012 Men’s\nOlympic Football Tournament under the guidance of Hong Myungbo. He\nsubsequently signed for Swansea City in the summer, before moving\non loan to Sunderland after a season."], "bibnum":16, "fieldpos":3, "webname":"KI Sungyueng", "webnamealt":"", "surname":"KI", "shirtname":"S Y KI", "playerletter":"K,S", "birthdate":"1989-01-24 00:00:00", "clubname":"Sunderland AFC", "idclub":33743}