{"idcupseason":251164, "idteam":43822, "teamname":"Korea Republic", "countrycode":"KOR", "idplayer":268414, "description":["With dazzling moves on the flank and across midfield, Lee\nChungyong is a speedy winger who has a combination of vision and\nability to provide accurate passes in the finishing third. 'The\nBlue Dragon', as his name translates, began his professional career\nat FC Seoul’s youth setup in 2004 but it was in his fourth season\nthat he was promoted to the first team by the newly-appointed coach\nSenol Gunes. Lee then went on to play an important role in the 2008\nseason as the capital club finished runners-up in the\nK.League.", "\n", "\nMeanwhile, Lee came through the ranks of Korea Republic’s youth\nteams at various age levels before taking part in the 2008 Men’s\nOlympic Football Tournament in Beijing. He had already won his\nfirst cap against Jordan in May 2008 during the Asian Zone\nqualifying for the FIFA World Cup™, and featured in ten matches\nthroughout the preliminary competition. After a successful\nqualifying campaign for South Africa 2010, Lee was offered a\ntransfer to Bolton Wanderers in the summer of 2009. He quickly\nadapted to the English Premier League, scoring the winner on his\ndebut against Birmingham City in September. Lee established himself\nat the club thereafter, helping his side escape from relegation in\nthe 2009/10 season.", "\n", "\nLee then went on to shine at the FIFA World Cup South Africa 2010,\nopening his account in a 4-1 defeat at the hands of Argentina\nduring the group stage before adding his second with a header\nagainst Uruguay in the round of 16. However, he had to cope with a\nlengthy absence following a serious leg injury suffered the\nfollowing season, as the Wanderers were relegated to the English\nChampionship. But the 25-year-old returned to the national team in\ntime for the final qualifying round for Brazil 2014, making five\nappearances in the process."], "bibnum":17, "fieldpos":3, "webname":"LEE Chungyong", "webnamealt":"", "surname":"LEE", "shirtname":"C Y LEE", "playerletter":"L,C", "birthdate":"1988-07-02 00:00:00", "clubname":"Bolton Wanderers FC", "idclub":33730}