{"idcupseason":251164, "idteam":43819, "teamname":"Japan", "countrycode":"JPN", "idplayer":268594, "description":["A talented player equally at home in a defensive or holding\nmidfield role, Masato Morishige has been knocking on the Samurai\nBlue door for several years. Born in Hiroshima Prefecture, he came\nthrough the junior system of local club Sanfrecce, but was not\npicked for the youth programme.", "Morishige kept pursuing his football dream and after finishing\nhigh school made his professional debut for Oita Trinita. Although\noriginally a defensive midfielder, Trinita converted him into a\nmainstay of a three-man backline. His improved performances saw him\nselected for the 2008 Beijing Olympics, where Japan lost all three\nof their group games. Morishige had better luck with Oita that year\nas the club won the J.League Cup.", "His reached a turning point in his career in 2010, when he was\nsigned by FC Tokyo and formed a superb partnership with Japan’s\nYasuyuki Konno. Tokyo preferred to deploy Morishige again as a\ndefensive midfielder, and he also became a free-kick specialist.\nDespite a relatively young age, his status within the side grew to\nsuch an extent that he has been captain since 2013.", "Despite frequent call-ups to the national team squad, Morishige\nhas struggled to get regular playing time. Nevertheless, his\nphysical style of play could be a useful attribute at the FIFA\nWorld Cup™ in Brazil."], "bibnum":6, "fieldpos":2, "webname":"Masato MORISHIGE", "webnamealt":"MORISHIGE", "surname":"MORISHIGE", "shirtname":"MORISHIGE", "playerletter":"M,M", "birthdate":"1987-05-21 00:00:00", "clubname":"FC Tokyo", "idclub":476}