{"idcupseason":251164, "idteam":43926, "teamname":"Colombia", "countrycode":"COL", "idplayer":269058, "description":["It took young winger James Rodriguez just two years to go from\nearning his first international cap to becoming a key member of the\nteam that got Colombia back on the world stage after a 16-year\nabsence.", "The Colombian fearlessly combines great vision and pace with a\npowerful shot and excellent link-up play, making him a dangerous\nattacking midfielder or left winger. He is also a set-piece expert,\nprovides plenty of assists and knows where the back of the net is,\nas he showed by finishing third-highest scorer for his side with\nthree goals en route to Brazil.", "James’s footballing career can only be defined as precocious.\nHis debut in Colombian football came at 14 before he became the\nyoungest foreign debutant and scorer in the Argentinian league at\n17. One year later he moved to Europe, where he shone for FC\nPorto. ", "James also impressed at both the FIFA U-17 World Cup in 2007 and\nat the U-20 equivalent four years later, where he was one of the\noutstanding performers in a team that reached the quarter-finals on\nhome soil. ", "The 22-year-old Monaco player is one of the first names on Jose\nPekerman’s team sheet, and at Brazil 2014 he is expected to don the\nNo10 shirt worn by a certain Carlos Valderrama at France\n1998."], "bibnum":10, "fieldpos":3, "webname":"James RODRIGUEZ", "webnamealt":"JAMES", "surname":"RODRIGUEZ RUBIO", "shirtname":"JAMES", "playerletter":"R,J", "birthdate":"1991-07-12 00:00:00", "clubname":"AS Monaco", "idclub":30983}