{"idcupseason":251164, "idteam":43860, "teamname":"Ghana", "countrycode":"GHA", "idplayer":269071, "description":["Still just 23, Daniel Opare is a right-back known for making\nlightning-quick runs up the flank and delivering inch-perfect\ncrosses. He first grabbed international headlines during the FIFA\nU-17 World Cup in 2007, helping the Black Starlets to fourth\nplace. His performances prompted ", " magazine\nto include him in their list of the 50 most exciting teenagers on\nthe planet. It was obviously a perception Spanish giants Real\nMadrid shared as they snapped him up for their Castilla youth\nprogram. Failing to make a breakthrough in Spain, the right-back\nmoved to Belgium in 2010 and signed for Standard Liege, where he\nplayed until a recent move to Porto.", "\n", "\nOpare was first called up for the senior national team at age 17 in\n2007 and he missed out on a place in the Ghana squad for the 2008\nCAF Africa Cup of Nations only due to injury. Opare's inclusion in\nthe team for Brazil 2014 will be his third FIFA competition as, in\naddition to playing in the U-17 finals, he won the FIFA U-20 World\nCup in 2009. The attack-minded defender has been linked with a\nmove to a number of higher-profile clubs including Tottenham\nHotspur and Roma, and he has said that a return to Real Madrid\nmight not be out of the question."], "bibnum":4, "fieldpos":2, "webname":"Daniel OPARE", "webnamealt":"D. OPARE", "surname":"OPARE", "shirtname":"D. OPARE", "playerletter":"O,D", "birthdate":"1990-10-18 00:00:00", "clubname":"Standard Liege", "idclub":32761}