{"idcupseason":251164, "idteam":43963, "teamname":"Portugal", "countrycode":"POR", "idplayer":269784, "description":["Football is full of great players. But for every success story\nthere are many more who tried and failed. Despite his undeniable\ntalent, Fabio Coentrao has had to battle hard to reach his\ngoals.", "When he made his debut in the Portuguese Championship, his\nperformances for Rio Ave soon earned him a highly flattering\nnickname. Due to his skill and speed he was christened the 'the\nFigo of Caxinas' in recognition of his similarity to one of the\ngreatest Portuguese players of all time, and a reference to his\nhometown of Vila do Conde.", "In 2007/08, Benfica swooped to sign the young left winger,\ngiving him his long-awaited opportunity to prove himself on a\nbigger stage. But his early days at the Stadium of Light made many\nobservers question whether the player would ever fulfil his\nundoubted potential. He was given few opportunities in his first\ntwo seasons with the Eagles and was eventually loaned to Nacional\nMadeira, Zaragoza in Spain, and Rio Ave.", "But Coentrao didn’t give up, and his determination was rewarded\nwhen in 2009/10 Benfica coach Jorge Jesus identified him as the\nsolution to the team’s problems at left back. He started to play\nregularly and made ​​his debut for Portugal in the qualifying\nplay-off for the 2010 FIFA World Cup™. He has never lost his place\nsince.", "He was one of Portugal’s best players in South Africa and in\n2011 made the huge move from Benfica to Real Madrid, where he has\ncontinued to shine. Now he is ready to play in his second World\nCup. Assuming he plays as well as he did in 2010, Portugal will\nhave little to worry about on the left side of\ndefence"], "bibnum":5, "fieldpos":2, "webname":"Fabio COENTRAO", "webnamealt":"", "surname":"DA SILVA COENTRAO", "shirtname":"F. COENTRÃO", "playerletter":"C,F", "birthdate":"1988-03-11 00:00:00", "clubname":"Real Madrid CF", "idclub":30504}