{"idcupseason":251164, "idteam":43969, "teamname":"Spain", "countrycode":"ESP", "idplayer":269859, "description":["David de Gea has for some time been seen as a future Spain No1.\nAlthough yet to make his bow for ", " at senior\nlevel, the keeper has been a regular in their youth national team\nset-up and featured at the Olympic Football Tournament London\n2012. He was also a runner-up with Spain at the FIFA U-17\nWorld Cup Korea 2007 and a European champion with ", " at U-17 and U-21 level (twice).", "Previously called up by ", " senior boss Vicente del\nBosque on a couple of occasions, the first of those came as part of\na 30-man shortlist for the 2010 FIFA World Cup South Africa™. Come\n2012, the Toledo-born keeper again made the preliminary\nshortlist for that year’s UEFA EURO but, as occurred two years\nearlier, he missed out on the squad for the finals. Now,\nVictor Valdes' unfortunate injury has opened the door for De\nGea. ", "A custodian gifted with superb reflexes and agility between the\nsticks, among De Gea’s other great virtues are his composure and\nability to play under pressure, a trait he has developed since\nbreaking into the first team at Atletico Madrid aged just 18.\nHighly impressed by the displays of the young ", "\nshot-stopper, legendary Manchester United boss Sir Alex Ferguson\nsaw in De Gea the perfect replacement for the retiring Edwin Van\nDer Sar.", "De Gea showed admirable resolve to help the Red Devils win the\nEnglish Premier League and was selected in the division’s team of\nthe year by the Professional Footballers’ Association."], "bibnum":12, "fieldpos":1, "webname":"David DE GEA", "webnamealt":"", "surname":"DE GEA QUINTANA", "shirtname":"DE GEA", "playerletter":"D,D", "birthdate":"1990-11-07 00:00:00", "clubname":"Manchester United FC", "idclub":33161}