{"idcupseason":251164, "idteam":43925, "teamname":"Chile", "countrycode":"CHI", "idplayer":270301, "description":["Eduardo Vargas is another product of the union between\nUniversidad de Chile and Jorge Sampaoli in 2011 and 2012, a\npartnership from which ", " still benefits today. Long\nregarded as a promising young player, ", " broke through\nand confirmed his considerable potential at ", ".", "Vargas featured for the youth teams at Universidad Catolica and,\nat 15, even participated in a football reality show. He ended up\nsigning for Cobreloa and moved from a centre-forward position to a\nwide role. Quick and lethal on diagonal runs and also in front of\ngoal, the player’s steady progress was helped by two call-ups by\nMarcelo Bielsa for the Toulon U-20 tournament and in November\n2009, at the age of 20, he made his full debut.", "By now at ", ", Vargas kept growing under Sampaoli’s\nstewardship, winning three titles and finishing as both Best Player\nand top scorer in the 2011 Copa Sudamericana. In the\nmeantime, he was also picked for Chile by Claudio\nBorghi.", "Italian football did not suit him and following a disappointing\n2012 with Napoli, he was back in business with ", "\nunder Sampaoli, finishing Chile’s World Cup qualifying campaign as\ntop scorer with five goals and ending the Brazilian season as a\nrunner-up with Gremio, earning a move to Spanish side Valencia."], "bibnum":11, "fieldpos":4, "webname":"Eduardo VARGAS", "webnamealt":"VARGAS", "surname":"VARGAS ROJAS", "shirtname":"VARGAS", "playerletter":"V,V", "birthdate":"1989-11-20 00:00:00", "clubname":"Valencia CF", "idclub":32840}