{"idcupseason":251164, "idteam":43909, "teamname":"Honduras", "countrycode":"HON", "idplayer":270400, "description":["Luis Garrido has risen to prominence in Honduran football thanks\nto the fierce on-field battling qualities that have earned him the\nnickname ", " ('The Beast'). The diminutive\ndefensive midfielder is deceptively quick and is highly effective\nat breaking up opposition attacks, although some of his best\nperformances have come when fielded on the left, from where he cuts\ninside onto his stronger right foot to instigate attacks with his\npinpoint passing.", "\n", "\nGarrido made his senior debut at club level for Juticalpa in 2007\nand after a string of consistently good displays he moved to\nOlimpia at the end of the season. After initially struggling to\nbreak into the first team he joined Deportivo Savio on loan, but\nreturned in 2011 having gained more experience and he has since\nestablished himself at Olimpia, one of the country's biggest\nclubs. ", "\n", "\nNational team coach Luis Fernando Suarez selected Garrido for\ninternational duty for the first time in 2012 and he has been\ninvolved ever since. He played almost 1000 minutes across 11 games\nin Honduras' 2014 FIFA World Cup Brazil™ qualifying campaign,\nduring which he demonstrated he has the ability to shine at his\nfirst global showdown."], "bibnum":19, "fieldpos":3, "webname":"Luis GARRIDO", "webnamealt":"GARRIDO", "surname":"GARRIDO", "shirtname":"GARRIDO", "playerletter":"G,G", "birthdate":"1990-11-05 00:00:00", "clubname":"CD Olimpia", "idclub":1884427}