{"idcupseason":251164, "idteam":43930, "teamname":"Uruguay", "countrycode":"URU", "idplayer":270775, "description":["An opportunistic, predatory finisher with a competitive, not to\nsay fiery streak, the 27-year-old Luis Suarez is now recognised as\none of the world’s best strikers. A born leader at his club side\nLiverpool, where he has garnered countless compliments after an\namazing season, he is also an undisputed first choice for his\ncountry.", "Nicknamed ", " ", ", Suarez was only\n18 when he made his debut for Nacional. In his one and only\ncomplete season with the Montevideo club he struck 12 goals to help\nfire them to the 2006 Uruguayan league title, at which point he\nmoved to Dutch side Groningen.", "His new club refused to release him for the qualifying\ncompetition for the FIFA U-20 World Cup Canada 2007, though within\na month Oscar Tabarez had given him his full international debut in\na friendly against Colombia, a game in which he was sent off with\nfive minutes remaining.", "The scorer of 14 goals in 35 games for Groningen, Suarez then\nmade the move to Dutch giants Ajax, scoring two goals for his\ncountry at Canada 2007 before the deal went through.", "It came as no surprise when Tabarez handed him a starting place\nin the qualifiers for South Africa 2010, Suarez being the only\nplayer to figure in 19 of the 20 games and ending the competition\nas his side’s second-highest scorer with five goals.", "After enjoying the most prolific season of his club career with\nAjax, amassing 49 goals in 48 appearances, the front-man had plenty\nto say for himself in South Africa, playing in six of Uruguay’s\nseven games and chipping in with three goals.  ", "Suarez had moved to Liverpool by the time he made a four-goal\ncontribution to ", " win at the 2011 Copa America,\nwhere he was named player of the tournament, although he failed to\nfind the back of the net in three outings at the Men’s Olympic\nFootball Tournament London 2012.", "He has been back in among the goals lately for his country. He\nscored three goals for Uruguay at the 2013 FIFA Confederations Cup\nBrazil and 11 for ", " during their Brazil 2014\nqualifying campaign, finishing atop of the goalscorers list, a feat\nhe repeat for his club as he helped them to a second place finish\nin England."], "bibnum":9, "fieldpos":4, "webname":"Luis SUAREZ", "webnamealt":"L.SUAREZ", "surname":"SUAREZ DIAZ", "shirtname":"L. SUAREZ", "playerletter":"S,L", "birthdate":"1987-01-24 00:00:00", "clubname":"Liverpool FC", "idclub":1896769}