{"idcupseason":251164, "idteam":43969, "teamname":"Spain", "countrycode":"ESP", "idplayer":270714, "description":["Few players make their senior national-team debuts at a FIFA\nWorld Cup™ and even fewer end up lifting the Trophy, but that is\nexactly what happened to Javi Martinez at the age of 21 at South\nAfrica 2010. A regular at youth level for ", ", for\nwhom he was a European U-19 and U-21 champion, the versatile\ncentral midfielder was also involved in Spain’s win at UEFA EURO\n2012.", "His adaptability is highly-valued by ", "\nsupremo Vicente Del Bosque, with Martinez able to play as a\ndefensive midfielder, where he is the ideal stand-in for Sergio\nBusquets, or in central defence, where his reading of the game and\ndistribution set him apart.", "Initially a product of the youth ranks at Osasuna, Martinez was\nwearing the colours of Athletic Bilbao by the time his Primera\nDivision debut came around in 2006. A pivotal figure in ", " eye-catching 2011/12 campaign, Martinez signed for\nGerman giants Bayern Munich shortly after appearing for Spain at\nthe Olympic Football Tournament London 2012.", "Forming a potent partnership with Bastian Schweinsteiger,\nMartinez has claimed winner’s medals in the Bundesliga, UEFA\nChampions League and FIFA Club World Cup, among other\nhonours, at the Bavarian outfit where his strong character and\nimpressive physical condition have been very much to the fore."], "bibnum":4, "fieldpos":3, "webname":"Javi MARTINEZ", "webnamealt":"", "surname":"MARTINEZ AGUINAGA", "shirtname":"JAVI MARTÍNEZ", "playerletter":"M,J", "birthdate":"1988-09-02 00:00:00", "clubname":"FC Bayern Muenchen", "idclub":1914810}