{"idcupseason":251164, "idteam":43969, "teamname":"Spain", "countrycode":"ESP", "idplayer":270948, "description":["Cesar Azpilicueta came up through the youth ranks at Osasuna,\nwith whom he made his La Liga debut in 2007 at Real Madrid’s\nSantiago Bernabeu stadium. Three years later the right-back’s\nremarkable upward progression had earned him a big-money move to\nMarseille, though his adventure at ", " was marred early\non by ill fortune: a rupture of the anterior cruciate ligament in\nhis left knee keeping him out of action for six months.", " ", "Despite this setback, Azpilicueta battled back to establish\nhimself in the Marseille rearguard and catch the eye in Ligue 1, to\nthe extent that come August 2012 newly crowned UEFA Champions\nLeague winners Chelsea came calling for his services. Under the\nguidance of the Blues’ interim boss Rafa Benitez, the now\n24-year-old full-back more than proved his ability and ended his\nfirst season in England with a winner’s medal in the UEFA Europa\nLeague.", " ", "Highly adept at balancing the twin demands of defensive solidity\nand attacking prowess required from a modern full-back, Azpilicueta\nhas been a regular face for Spain’s youth national teams, as well\nas featuring for ", " in their admittedly\ndisappointing campaign at the Olympic Football Tournament London\n2012.", " ", "On ", " coach Vicente del Bosque’s preliminary squad\nlist for the 2010 FIFA World Cup South Africa™, Azpilicueta missed\nout on the tournament and did not receive another call-up until a\nFebruary 2013 friendly against Uruguay. Having started that game,\nthus making his senior national team bow, the right-back has now\nbeen rewarded for a fine season in west London with a spot in\nSpain’s squad for the FIFA Confederations Cup Brazil 2013."], "bibnum":22, "fieldpos":3, "webname":"Cesar AZPILICUETA", "webnamealt":"AZPILICUETA", "surname":"AZPILICUETA TANCO", "shirtname":"AZPILICUETA", "playerletter":"A,A", "birthdate":"1989-08-28 00:00:00", "clubname":"Chelsea FC", "idclub":33332}