{"idcupseason":251164, "idteam":43924, "teamname":"Brazil", "countrycode":"BRA", "idplayer":271043, "description":["However well the first team at ", " side Vitoria are\ndoing in the pro game, the club never seem to stop churning out\ntalented young players from their youth ranks. Chelsea’s David Luiz\nis just one example of that, with the Sao Paulo state native\nheading to Salvador in his teens. And, having switched positions\nfrom midfield to central defence, he was handed his first\nopportunities with Vitoria during a period in which the club were\nrelegated to Brazil’s third tier. ", "The rangy youngster took full advantage of his chance, to the\nextent that he caught the eye of scouts from Lisbon giants Benfica.\nTaking him to Portugal in 2007, initially on loan, Luiz soon\nconvinced the powers-that-be at the Estadio da Luz to offer him a\npermanent deal. Forming a formidable backline partnership with\ncompatriot Luisao, Luiz’s defensive ability and his abundant class\nand trademark buoyant hair-style all helped make him a huge fans’\nfavourite with ", ".", "Nor was he slow to fit in at Stamford Bridge following his\nJanuary 2011 move. The fans swiftly won over by his early\nbuccaneering displays, Luiz continues to shine for the 2012 UEFA\nChampions League winners, whether at the back or as a holding\nmidfielder. It was the same package that he displayed during the\n2013 FIFA Confederations Cup in his homecoming, to become, at last,\nalso a darling of the Brazilian supporters."], "bibnum":4, "fieldpos":2, "webname":"DAVID LUIZ", "webnamealt":"DAVID LUIZ", "surname":"MOREIRA MARINHO", "shirtname":"DAVID LUIZ", "playerletter":"D,D", "birthdate":"1987-04-22 00:00:00", "clubname":"Chelsea FC", "idclub":33332}