{"idcupseason":251164, "idteam":43901, "teamname":"Costa Rica", "countrycode":"CRC", "idplayer":271182, "description":["Michael Barrantes is a highly lauded midfielder who holds a\ncoveted and well-deserved place on coach Jorge Luis Pinto’s FIFA\nWorld Cup™ squad, and the stage is set for the talented midfielder\nto shine for Costa Rica at Brazil 2014. After a youth career spent\nwith Ramonese, Barrantes began his professional career in 2004 with\nBelen but he rose to prominence with Saprissa when he signed with\nthe Costa Rican giants in 2007.", "After an impressive set of\nperformances during Saprissa’s European tour, Barrantes was signed\nby Norwegian side Aalesund FK and quickly became a favourite among\nhis team-mates and coaches. After a season of adjusting to the\nEuropean leagues, Barrantes started the 2011 season with a bang.\nThe popular midfielder was named Man of the Match for four\nconsecutive games with Aalesund FK and a local newspaper crowned\nhim 'king of the midfield'.", "Barrantes is approaching the half-century mark of Costa Rica\nappearances, scoring four goals along the way for his native\ncountry. Most recently, he put two in the net for Costa Rica\nagainst Cuba in the 2012 CONCACAF Gold Cup. Despite missing out on\naction in Germany 2006, Barrantes picked up some experience in\n", " narrowly failed bid to reach South Africa 2010,\nfeaturing in four matches for the Central American country. More\nrecently, Barrantes appeared in ten Brazil 2014 qualifiers, setting\nhim up to fit well into Pinto’s plans."], "bibnum":11, "fieldpos":3, "webname":"Michael BARRANTES", "webnamealt":"BARRANTES M.", "surname":"BARRANTES ROJAS", "shirtname":"BARRANTES M.", "playerletter":"B,B", "birthdate":"1983-10-04 00:00:00", "clubname":"Aalesunds FK", "idclub":2147482118}