{"idcupseason":251164, "idteam":43922, "teamname":"Argentina", "countrycode":"ARG", "idplayer":271550, "description":["How would Gonzalo Higuain's career have panned out had he\naccepted then France coach Raymond Domenech's invitation to feature\nin a friendly for Les Bleus back in 2006? There is no way of\nknowing, but one thing we do know for sure is that the France-born\nforward – who always dreamed of playing for Argentina – would have\nscored goals whoever he represented.", "\n", "\nThough his father, Jorge Nicolas Higuain, was a footballer, Gonzalo\nis far from a chip off the old block. While dad was an\nuncompromising defender nicknamed Pipa (The Pipe) because of his\nprominent nose, Pipita (Little Pipe) is a fox in the box – a\nnatural No9 who relies on his pace and sharp instincts to always be\nin the right place at the right time. He can set up goals as well\nas finish with both feet and his head.", "\n", "\nHiguain enjoyed a meteoric rise to the top, moving to Real Madrid\nas a teenager, just 35 appearances and 13 goals after making his\nRiver Plate debut in 2005. Following a short teething period, his\nclass soon came to the fore, allowing him to hold his own amid\ncompetition from the likes of Raul, Ruud van Nistelrooy, Rafael van\nder Vaart and Karim Benzema. He lifted six trophies in Madrid – his\nmost prolific season came in 2009/10, when he hit the target 29\ntimes in 40 games – and has continued to bang in the goals since\njoining Napoli in 2013.", "\n", "\nHaving not represented Argentina at youth level, the sharpshooter\nhad to bide his time before making the international breakthrough.\nOverlooked for the 2007 Copa America and that year's FIFA U-20\nWorld Cup in Canada, he finally got a call-up in 2009, though he\npreviously turned out for the U-23 side. Diego Maradona handed him\nhis first cap in a 2010 FIFA World CupTM qualifier against Peru and\nhe duly got on the scoresheet.", "Higuain started all five games in South Africa, netting four\ntimes during Argentina's run to the quarter-finals. He has been a\nfixture in the team under current coach Alejandro Sabella,\nfinishing as the country's second top scorer on the road to Brazil\n2014 with nine goals. As such, Sabella will be banking on the\nNapoli predator and his deadly partnership with Lionel Messi and\nSergio Aguero to fire the ", " to the trophy this\nsummer."], "bibnum":9, "fieldpos":4, "webname":"Gonzalo HIGUAIN", "webnamealt":"HIGUAIN", "surname":"HIGUAIN", "shirtname":"HIGUAIN", "playerletter":"H,H", "birthdate":"1987-12-10 00:00:00", "clubname":"SSC Napoli", "idclub":2147481899}