{"idcupseason":251164, "idteam":43935, "teamname":"Belgium", "countrycode":"BEL", "idplayer":273996, "description":["Eden Hazard tends to weave magic wherever he goes, having\nrecently cast England under his spell after first waving his wand\nin France. Given his professional debut by Lille at 16, he notched\nhis maiden goal almost 12 months later and then claimed\nback-to-back Ligue 1 Young Player of the Year awards, before\nfollowing up with two consecutive Player of the Year wins. No\nfootballer had ever made such a scintillating start in the French\nelite – but, of course, Hazard is no ordinary player. A wizard with\nthe ball at his feet, the outrageously gifted schemer was always\nlikely to outgrow Lille, and he opted to continue his development\nat Chelsea aged 21.", "\n", "\nNamed man of the match in his very first outing for the Blues,\nHazard set the tone for his Stamford Bridge stay there and then.\nReaching the same heights he scaled in France, he has made a habit\nof changing games single-handedly, and while the goals and assists\nhave flowed, so too has the praise. Chelsea manager Jose Mourinho\nrates Hazard as the best young player on the planet, and Zinedine\nZidane believes he fits the profile to slot in seamlessly at Real\nMadrid. Hazard himself, meanwhile, has voiced the ambition of one\nday winning the FIFA Ballon d'Or, having dreamt of lifting the\ntrophy since childhood.  ", "\n", "\nHis talent is likewise evident in a Belgium shirt, though the\nmidfielder has struggled to impart the same degree of influence he\ngenerates in the club game. First capped in a friendly against\nLuxembourg at 17, he required three years to plunder his first\ninternational goal, eventually opening his account versus\nKazakhstan. Soured relations with former coach Georges Leekens did\nnot help, and for a while it seemed that supporters' expectations\nwere weighing too heavily, with the youngster too anxious to do\neverything himself. Marc Wilmots' appointment ultimately changed\nthe landscape, however, and Hazard has grown in both confidence and\neffectiveness, as demonstrated by his burst of pace and finish\nagainst FYR Macedonia in Brazil 2014 qualifying.    "], "bibnum":10, "fieldpos":3, "webname":"Eden HAZARD", "webnamealt":"", "surname":"HAZARD", "shirtname":"E.HAZARD", "playerletter":"H,E", "birthdate":"1991-01-07 00:00:00", "clubname":"Chelsea FC", "idclub":33332}