{"idcupseason":251164, "idteam":43942, "teamname":"England", "countrycode":"ENG", "idplayer":274034, "description":["Danny Welbeck has already seen plenty of first-team action at\nManchester United since making his first Premier League appearance\nas a substitute against Stoke City in November 2008.", "At Old Trafford he has won the Premier League trophy, the\nFootball League Cup and was even part of Sir Alex Ferguson’s squad\nwhich clinched the FIFA Club World Cup in Japan six years ago.", "Welbeck was an U-16 international at the age of just 14, coming\non as a substitute against Wales in the Victory Shield, and was\nalso part of the England squad which reached the quarter-finals of\nthe FIFA U-17 World Cup in Korea in 2007.", "The pacy forward made his debut for the U-21s in February 2009,\ncoming on as a substitute for Adam Johnson and a further two years\nlater, he gained a senior call-up while on loan at Sunderland. He\nmade his England debut in March 2011 in a 1–1 friendly draw against\nGhana, the nationality of both of his parents.", "Welbeck netted his first senior international goal on 2 June\n2012, scoring the only goal in a 1–0 friendly victory over Belgium\nand was part of Roy Hodgson’s squad for UEFA EURO 2012 in which\nscored with a backheel to give England a dramatic 3-2 victory over\nSweden."], "bibnum":11, "fieldpos":4, "webname":"Danny WELBECK", "webnamealt":"WELBECK", "surname":"WELBECK", "shirtname":"WELBECK", "playerletter":"W,W", "birthdate":"1990-11-26 00:00:00", "clubname":"Manchester United FC", "idclub":33161}