{"idcupseason":251164, "idteam":43876, "teamname":"Nigeria", "countrycode":"NGA", "idplayer":274090, "description":["After his club career began like a house on fire, Victor Moses\ndiscovered the more difficult side of professional football over\nthe last season – although his importance to the Super Eagles\nshould not be underestimated.", "Moses, who plays mostly as a winger, first starred on the global\nstage in 2007, when he was member of the England squad at the FIFA\nU-17 World Cup, scoring three times as the country where he was\nraised in advanced to the quarter-finals. His speed and crossing\nability proved valuable enough for him to work his way up the ranks\nfrom Crystal Palace to Wigan Athletic and then to giants Chelsea,\nwhere he played in the FIFA Club World Cup.", "Moses was then in the Nigeria team that won a third African\ntitle in South Africa in 2013, but his national team success was\nfollowed by a loan move to Liverpool at the beginning of the 2013/4\nseason. As Liverpool mounted a strong title challenge, Moses\nstruggled to force his way into the starting line-up and was used\nmainly as a late substitute.", "He was a more prominent figure in Stephen Keshi's squad for the\nFIFA World Cup™ qualifiers, playing in six of the country's matches\nas the Super Eagles kept their momentum up to reach Brazil 2014.\nLike many of his compatriots, Moses is at a turning point in his\ncareer and will be looking to catch the world's attention with his\nplay in Brazil."], "bibnum":11, "fieldpos":4, "webname":"Victor MOSES", "webnamealt":"MOSES", "surname":"MOSES", "shirtname":"MOSES", "playerletter":"M,M", "birthdate":"1990-12-12 00:00:00", "clubname":"Liverpool FC", "idclub":1896769}