{"idcupseason":251164, "idteam":43822, "teamname":"Korea Republic", "countrycode":"KOR", "idplayer":274283, "description":["A product of Chunnam Dragons’ youth academy, Yun Sukyoung is one\nof Korea Republic's leading fullbacks since the legendary Lee\nYoungpyo retired from international football three years ago. The\n24-year-old left-back is also a key member of Hong Myungbo’s\nso-called children who have gone through thick and thin from the\nFIFA U-20 World Cup Egypt 2009 and the 2010 Asian Games in\nGuangzhou, to the 2012 Men’s Olympic Football Tournament in\nLondon.", "The latter, in particular, proved to be a turning point in the\nprofessional career of the bronze medal winner, who was linked to a\nnumber of English Premier League clubs before signing for Queens\nPark Rangers in January 2013.", "\n", "\nWhile he struggled to break into the first team at Loftus Road, Yun\nwas called up to the national team for the final round of\nqualifying for Brazil 2014 but could not make an appearance since\nhis international debut against Iran in October 2012. He\nsubsequently moved on loan to Doncaster Rovers but niggling ankle\ninjuries prevented him from finding a breakthrough during the\nwinter. Having returned to QPR earlier this year, Yun is looking\nforward to an opportunity to redeem himself for both club and\ncountry."], "bibnum":3, "fieldpos":2, "webname":"YUN Sukyoung", "webnamealt":"", "surname":"YUN", "shirtname":"S Y YUN", "playerletter":"Y,S", "birthdate":"1990-02-13 00:00:00", "clubname":"Queens Park Rangers FC", "idclub":1886125}