{"idcupseason":251164, "idteam":43922, "teamname":"Argentina", "countrycode":"ARG", "idplayer":274703, "description":["Unshowy and blessed with excellent positional sense, Agustin\nOrion is a goalkeeper with a strong character and a will to win. It\nis those qualities that helped him become the first-choice\ncustodian at the three clubs he has played for and to win at least\none title with each of them.", "Getting this far has been no easy task for Orion, who had to\nwait for four years at the start of his career before nailing down\na regular first-team slot at San Lorenzo, the club where he learned\nhis trade. His fine performances in 2007 earned a call-up from the\nthen national team coach Alfio Basile for that year’s Copa America\nin Venezuela, though he did not play.", "After winning the league with ", " ", ",\nOrion signed for Alejandro Sabella’s Estudiantes, where he\ncollected another championship winner’s medal. In the middle of\n2011 he moved to Boca Juniors and enjoyed an exceptional debut\nseason with the Buenos Aires giants, landing another league title\nand conceding only six goals in the process, a record for the\nshort-tournament format in Argentina. In November that year Sabella\nhanded him his international debut, giving him starts in\nback-to-back ", " against Brazil.\nOrion has been a regular presence in the ", " squad\never since, though he did not see any action in the qualifiers for\nBrazil 2014."], "bibnum":12, "fieldpos":1, "webname":"Agustin ORION", "webnamealt":"ORION", "surname":"ORION", "shirtname":"ORION", "playerletter":"O,O", "birthdate":"1981-06-26 00:00:00", "clubname":"CA Boca Juniors", "idclub":1884422}