{"idcupseason":251164, "idteam":43819, "teamname":"Japan", "countrycode":"JPN", "idplayer":275096, "description":["Although he might lack the international profile of Keisuke\nHonda and Shinji Kagawa, Cerezo Osaka forward Yoichiro Kakitani is\narguably the most popular player in the J.League. His nose for\ngoals and ability to also slot in as a “shadow striker” earned\nKakitani selection to the national team at various age grades, and\nhe could be vital to the Samurai Blue’s ambitions of reaching the\nquarter-finals at a FIFA World Cup™ for the first time.", "Kakitani joined the respected Cerezo youth programme when he was\na child, and at age 16 became the youngest player to sign a\nprofessional contract with the club’s senior team. His goal-scoring\nfeats at the FIFA U-17 World Cup 2007 turned many heads, but he had\nto wait until 2013 to make his international debut for the senior\nteam.", "The 24-year-old was widely considered a football prodigy during\nhis early days, but Cerezo loaned him to Tokushima Vortis for\nseveral seasons after becoming frustrated by several indiscretions,\nincluding repeatedly arriving late to training. After improving his\nprofessionalism at the second-tier club, Kakitani returned to\nCerezo and has developed into a regular starting player. This\nseason, he has formed an eye-catching partnership with recent\narrival Diego Forlan, Uruguay's top striker at South Africa 2010\nand adidas Golden Ball recipient, who was barely edged out by\nThomas Muller as the competition's Golden Boot winner."], "bibnum":11, "fieldpos":4, "webname":"Yoichiro KAKITANI", "webnamealt":"KAKITANI", "surname":"KAKITANI", "shirtname":"KAKITANI", "playerletter":"K,K", "birthdate":"1990-01-03 00:00:00", "clubname":"Cerezo Osaka", "idclub":44224}