{"idcupseason":251164, "idteam":43948, "teamname":"Germany", "countrycode":"GER", "idplayer":275162, "description":["Even at youth level, Toni Kroos’ extraordinary talent stood out\nand he has already surpassed expectations since turning\nprofessional. The Bayern Munich midfielder’s technique and expert\nreading of the game have earned him a reputation as one of the best\nin the business, while he also has a knack of scoring spectacular\ngoals from distance. He is a regular both in Pep Guardiola’s\nstar-stacked side and in the national team under coach Joachim\nLow.", "Raised in Greifswald, a town lying on the Baltic Sea, Kroos was\npart of the Hansa Rostock youth academy for four years before he\nmoved to Bayern as a 16-year-old. Just a year later he helped\nGermany to a third-placed finish at the FIFA U-17 World Cup Korea\n2007, where he won the adidas Golden Ball as the tournament’s best\nplayer.", "Kroos made his Bundesliga debut shortly afterwards, before being\nsent on an 18-month loan to Bayer Leverkusen at the end of 2009 in\norder to gain more match practice. Upon his return to Munich, Kroos\nhas since won every title available, including the UEFA Champions\nLeague and the FIFA Club World Cup.", "Kroos was part of the Germany squads at both the 2010 FIFA World\nCup™ and UEFA EURO 2012, but it was not until Brazil 2014\nqualifying that he truly cemented his place in the side, scoring\nthree goals in seven appearances. The 24-year-old is now eager to\nleave a lasting impression on the tournament itself too."], "bibnum":18, "fieldpos":3, "webname":"Toni KROOS", "webnamealt":"KROOS", "surname":"KROOS", "shirtname":"KROOS", "playerletter":"K,K", "birthdate":"1990-01-04 00:00:00", "clubname":"FC Bayern Muenchen", "idclub":1914810}