{"idcupseason":251164, "idteam":43819, "teamname":"Japan", "countrycode":"JPN", "idplayer":275112, "description":["Nicknamed “Japan’s Lionel Messi” in some quarters, midfielder\nManabu Saito possesses mesmerising dribbling skills, pace and a\nclinical finish. He also can play on the wing or wide in midfield,\nwhere his jinking runs, pinpoint crosses and ability to slip away\nfrom markers make him a real attacking threat.", "Saito had been tipped to play at the highest level ever since he\njoined the Yokohama F Marinos youth academy as a teenager. The\n24-year-old has played for Marinos throughout his career, except\nduring 2011, when he was loaned to second-division club Ehime FC.\nSaito ran out for Japan at several age grades, and also represented\nhis country at the FIFA U-17 World Cup in 2007 and the 2012 London\nOlympics.", "The pocket-sized midfielder was first called up to the Samurai\nBlue at the 2013 East Asian Cup. Saito scored against Australia\nduring that tournament and a string of energetic performances since\nthen have earned him a spot in Japan’s FIFA World Cup team. Though\nmodest in stature, his swift attacking forays into the penalty area\nand dribbling skills have earned the admiration of former\ninternational midfielder and Marinos legend Shunsuke Nakamura."], "bibnum":20, "fieldpos":4, "webname":"Manabu SAITO", "webnamealt":"SAITO", "surname":"SAITO", "shirtname":"SAITO", "playerletter":"S,S", "birthdate":"1990-04-04 00:00:00", "clubname":"Yokohama F-Marinos", "idclub":44219}