{"idcupseason":251164, "idteam":43927, "teamname":"Ecuador", "countrycode":"ECU", "idplayer":275793, "description":["An all-action left-back whose electric pace, superb engine and\nwork ethic enable him to get up and down his flank all day long,\nOscar Bagui is also a solid defender who excels at bringing the\nball out.", "Bagui played youth football in Argentina and only made the move\nback to Ecuador in 2003, to sign professional terms with Olmedo.\nHis performances there led to a switch to Guayaquil side Barcelona,\nwhere he spent two years before signing for Quito outfit\nUniversidad Catolica. He is currently on the books of Emelec, where\nhe is one of the first names on the team sheet and tasted title\nglory in 2013.", "Almost a decade has been and gone since the 31-year-old\nfull-back won his first international cap back in 2005. Having been\ninvolved in the 2007 Copa America, he played in three 2010 FIFA\nWorld Cup South Africa™ qualifiers that same year, only to\ngradually fall out of favour. Several years in the\ninternational wilderness followed before Reinaldo Rueda recalled\nBagui for a couple of friendlies in 2013. Though he didn't feature\nin qualifying for Brazil 2014, the veteran's recent club form has\nbeen enough to force him into the squad for this summer's\ntournament."], "bibnum":18, "fieldpos":2, "webname":"Oscar BAGUI", "webnamealt":"", "surname":"BAGÜI ANGULO", "shirtname":"BAGUI", "playerletter":"B,B", "birthdate":"1982-12-10 00:00:00", "clubname":"CS Emelec", "idclub":1884062}