{"idcupseason":251164, "idteam":43963, "teamname":"Portugal", "countrycode":"POR", "idplayer":275931, "description":["Around 14 years ago Pepe's life changed forever when, like so\nmany other Brazilian footballers, he left his home country and\ntravelled to Europe in search of new opportunities. Fate led him to\nthe island of Madeira, where he played for Maritimo. After a short\nspell with the club’s B team, he established himself in the first\nteam. It was the first big step towards international stardom, both\nfor Real Madrid and the Portuguese national team.", "After starring at Maritimo he was signed by Porto in early\n2004/05. However the club, which had won the UEFA Champions League\nthe year before, had a season to forget, and Pepe initially\nstruggled. Yet within a year the Brazilian had become the leader of\na three man defence created by Dutch coach Co Adriaanse. The system\nwas perfect for Pepe’s speed and tackling ability, and the player\nwas a vital part of Porto’s Primeira Liga title win in 2005/06.", "The team repeated the feat the following year, and Pepe became\nan idol to FC Porto’s discerning fans, who were used to watching\ntop class central defenders like Fernando Couto, Jorge Costa and\nRicardo Carvalho. The defender’s reputation grew, and in July 2007\nhe moved to Real Madrid, where it did not take him long to dispel\nthe doubts of fans who questioned whether the defender was worth\nhis €30 million transfer fee.", "Pepe’s unforgettable summer continued when in August of the same\nyear he was granted Portuguese citizenship, meaning he could be\nchosen for the national team. Needless to say, it did not take long\nfor Portugal coach Luiz Felipe Scolari to take advantage of the\nsituation and call him up.", "The first major tournament in which he played was UEFA EURO\n2008, and he was also first choice for Portugal at the 2010 FIFA\nWorld Cup South Africa™. Since then, Pepe has become one of the\nundisputed stars of the Portuguese national team. He will return to\nhis home country this June hoping to shine with the\n", " the five blue shields of the Portuguese crest on\nhis shirt"], "bibnum":3, "fieldpos":2, "webname":"PEPE", "webnamealt":"PEPE", "surname":"DE LIMA FERREIRA", "shirtname":"PEPE", "playerletter":"P,P", "birthdate":"1983-02-26 00:00:00", "clubname":"Real Madrid CF", "idclub":30504}