{"idcupseason":251164, "idteam":43921, "teamname":"USA", "countrycode":"USA", "idplayer":276139, "description":["The undisputed No2 in line behind Tim Howard, Brad Guzan is a\nproud member of the USA’s impressive goalkeeping fraternity. He\ncombines agility with good reading of the game and solid\ndistribution of the ball to help keep the country’s tradition of\nproducing outstanding keepers intact.", "\n", "\nGuzan moved from Major League Soccer side Chivas USA to England in\n2008, where he waited his turn and spent a year-long loan spell at\nHull City before making Aston Villa’s No1 position his own. And\nwhile the club has struggled in recent seasons to maintain their\nEnglish Premier League status, Guzan has been one of their shining\nstars.", "\n", "\nThough he has earned relatively few caps, he is expected to become\na long-time servant between the posts for the US in the years to\ncome. He played a handful of qualifiers for Klinsmann’s men on the\nroad to Brazil when Howard was down with a rare injury, and the\ndeputy didn’t look out of place on the international stage where he\nhas also represented the US at the Olympic Football Tournament and\nin the CONCACAF Gold Cup.", "“As a goalkeeper, you can’t chase the game or get overexcited.\nYou have to let the game come to you and be ready to make the big\nsave, whether it’s in the first minute or the 90th,” Guzan told\n", ", sending a message to coach Jurgen\nKlinsmann about his readiness. "], "bibnum":12, "fieldpos":1, "webname":"Brad GUZAN", "webnamealt":"GUZAN", "surname":"GUZAN", "shirtname":"GUZAN", "playerletter":"G,G", "birthdate":"1984-09-09 00:00:00", "clubname":"Aston Villa FC", "idclub":33162}