{"idcupseason":251164, "idteam":43930, "teamname":"Uruguay", "countrycode":"URU", "idplayer":276131, "description":["Walter Gargano may not have the imposing physique of a classic\nUruguayan defensive midfielder, but what he lacks in stature he\nmakes up for in stamina, tackling ability and composure on the\nball, as well as a knack for making the difficult seem easy.", "Born in Paysandu, Gargano is a product of the youth system at\nDanubio. ", ", as he is known, won the Uruguayan\nchampionship with the club in 2004 and 2006/07 before moving to\nItaly, where he quickly found his feet with Napoli.", "Gargano has featured regularly for Uruguay since Oscar Tabarez\ntook charge of the national side. He made his senior international\ndebut under ", " Tabarez in 2006, before being used\nas a substitute in ", "'s Copa America campaign in\n2007.", "An unused substitute in Uruguay's two opening 2010 FIFA World\nCup South Africa™ qualifiers, Gargano started the third match and\nwas first-choice thereafter. His run in the starting line-up was\ninterrupted by injury in early 2009, but he soon returned to the\nside and played in all four of their remaining fixtures.", "A further injury ruled him out of ", "'s decisive\nplay-off against Costa Rica, but he nonetheless made it into\nTabarez's squad for the world finals. His only start at South\nAfrica 2010, however, came in the semi-finals, and he was later\nused as a substitute for most of the 2011 Copa America.", "Despite not holding down a regular starting role at the 2013\nFIFA Confederations Cup Brazil as well as during Brazil 2014\nqualifiers, where he saw action in eight matches, Gargano, now at\nParma following a successful season with Inter Milan, has secured\nTabarez trust."], "bibnum":5, "fieldpos":3, "webname":"Walter GARGANO", "webnamealt":"W.GARGANO", "surname":"GARGANO GUEVARA", "shirtname":"W. GARGANO", "playerletter":"G,W", "birthdate":"1984-07-23 00:00:00", "clubname":"Parma FC", "idclub":34551}