{"idcupseason":251164, "idteam":43930, "teamname":"Uruguay", "countrycode":"URU", "idplayer":276132, "description":["A resolute defender who is composed on\nthe ball and more likely than not to pick the right time to push\nforward, Jorge Fucile has enjoyed plenty of success with his club\nFC Porto and is now back in favour with Uruguay coach Oscar\nTabarez.", "\n", "\nBorn in Montevideo, Fucile was 17 when he made his debut in the\nUruguayan second division with lesser lights Liverpool in 2002. His\nconsistent showings did not go unnoticed by Tabarez, who gave him\nhis international debut in 2006, shortly after taking charge of\n", " ", ".", "\n", "\nThe youngster was also attracting attention in Europe and it was no\nsurprise when Porto came in for him, his arrival at the Portuguese\nclub being capped by the 2007 league title, the first of 12\ntrophies he has won there.", "\n", "\nThough accustomed to playing on the right, Fucile has also been\ndeployed by Tabarez on the left, and his versatility earned him\nmany plaudits during Uruguay’s excellent run at South Africa\n2010. ", "\n", "\nHe was left out of the squads that won the 2011 Copa America and\ncame fourth at the FIFA Confederations Cup last year, however, and\nwas also absent from most of the Brazil 2014 preliminaries. He\neventually regained Tabarez’s faith in August 2013, and played in\nfour of Uruguay’s last six qualifying matches for the world\nfinals."], "bibnum":4, "fieldpos":2, "webname":"Jorge FUCILE", "webnamealt":"", "surname":"FUCILE PERDOMO", "shirtname":"J. FUCILE", "playerletter":"F,J", "birthdate":"1984-11-19 00:00:00", "clubname":"FC Porto", "idclub":31015}