{"idcupseason":251164, "idteam":43817, "teamname":"Iran", "countrycode":"IRN", "idplayer":278072, "description":["With more than 80 international appearances to his name,\ndefender Jalal Hosseini is Iran's second most experienced veteran\nafter captain Javad Nekounam.", "The centre-back first shone with Iran's U-23 side in the 2006\nAsian Games, impressing through solid defensive displays on the way\nto a bronze medal. He made his debut with the senior side against\nBelarus in a friendly in 2007 and has since featured at the heart\nof Team Melli's defence in every major competition they have been\ninvolved.", "His success at club level is all the more impressive, having won\nthe Iranian league on four occasions with two different sides. He\ntasted his maiden league success with Saipa in 2007, before going\non to clinch the championship for Sepahan three times in a row from\n2010-12.", "As well as being reliable at the back, Hosseini's bursts forward\nand aerial prowess provide Iran with extra options in the\nopposition's area as well. He has managed six international goals\nthus far, including opening the scoring in a 2014 FIFA World Cup\nBrazil™ qualifier against Bahrain to set Iran on the road to a\nresounding 6-0 victory."], "bibnum":4, "fieldpos":2, "webname":"Jalal HOSSEINI", "webnamealt":"J. HOSSEINI", "surname":"HOSSEINI", "shirtname":"J. HOSSEINI", "playerletter":"H,J", "birthdate":"1982-02-03 00:00:00", "clubname":"Perspolis FC", "idclub":44293}