{"idcupseason":251164, "idteam":43849, "teamname":"Cameroon", "countrycode":"CMR", "idplayer":278732, "description":["Defender Aurelien Chedjou’s rise to prominence has come on the\nback of his displays at Ligue 1 outfit Lille, with whom he won the\nFrench title in 2011. Able to line up in central defence or as a\ndefensive midfielder, Chedjou did not make his top-flight debut\nuntil the age of 22, but he has not looked back since. He moved to\nSpain as a teenager and joined the youth ranks of Villarreal, but\nwound up in France, where he has played for Pau, Axerre and Rouen\nbefore settling down with Lille, playing over 150 league games for\nthem. In 2013, big-spending Turkish club Galatasaray made Lille an\noffer they could not refuse, and the 27-year-old joined up with\nDidier Drogba and Emmanuel Eboue. English Premier League clubs\nNewcastle United and Liverpool were also said to have been chasing\nChedjou's signature before he decided to join the Turkish club.", "Chedjou represented his country at the Olympic Games in 2008,\nwhere the team advanced to the quarter-finals after beating\nHonduras and drawing with Korea Republic and Italy. In the\nquarter-finals they faced a star-studded Brazilian side, who won\n2-0 after extra time. A year later Chedjou was called-up into the\nsenior side and played in the 2010 FIFA World Cup South Africa™\nqualifying campaign. Coach Paul Le Guen selected him for the\nIndomitable Lions squad for the tournament but the\ndefender played just once – against the Netherlands when the\nIndomitable Lions had already been eliminated from the competition.\nHe has since commanded a regular place in the team and played in\nall but one of Cameroon's matches during qualifying for\nBrazil. Barring injury, he should be in coach Volker Finke's plans\nfor Brazil and is expected to be in the starting line-up as the\nwest Africans hope to make it past the group stage for the first\ntime since 1990."], "bibnum":14, "fieldpos":2, "webname":"Aurelien CHEDJOU", "webnamealt":"CHEDJOU", "surname":"CHEDJOU FONGANG", "shirtname":"CHEDJOU", "playerletter":"C,C", "birthdate":"1985-06-20 00:00:00", "clubname":"Galatasaray SK", "idclub":31018}