{"idcupseason":251164, "idteam":43930, "teamname":"Uruguay", "countrycode":"URU", "idplayer":286238, "description":["Egidio Arevalo Rios is a disciplined and gritty central\nmidfielder who, after doing the rounds at a number of clubs, is now\n– at the age of the 32 – a first-choice starter for his country and\nMexico’s Morelia, the 11th club of his career.", " started out at homeland club Bella Vista, where\nhe played until August 2006, whereupon he signed for domestic\nheavyweights Penarol. Quick to make his mark at his new club,\nwithin a month Oscar Tabarez had given him his senior debut for\nUruguay.", "Called up to ", " a couple of times in early\n2007, the combative Arevalo Rios missed the cut for that year’s\nCopa America. And, though ", " Tabarez again brought\nhim into the squad at the start of qualifying for the 2010 FIFA\nWorld Cup™, including an appearance against Chile on Matchday 3,\nthat was his last action of the preliminary phase.", "True to form, the midfielder did not let his head drop,\nreturning to Penarol and winning the Uruguayan title – standing out\nto such an extent Tabarez was persuaded to give him another chance,\none he did not let pass him by.", "Indeed, the hard-running player started all seven of Uruguay’s\ngames at South Africa 2010, when they finished fourth, all six in\nthe victorious Copa America 2011 campaign, all three of ", " matches at the Men’s Olympic Football Tournament\n2012 and three out of five at the FIFA Confederations Cup Brazil\n2013.", "Furthermore, the midfielder played a key role in Uruguay’s\nqualification campaign to Brazil 2014. With 1,423 minutes, he was\nthe fourth player with the most amount of playing time for the\n", "."], "bibnum":17, "fieldpos":3, "webname":"Egidio AREVALO", "webnamealt":"E.AREVALO RIOS", "surname":"AREVALO RIOS", "shirtname":"E. AREVALO RIOS", "playerletter":"A,E", "birthdate":"1982-01-01 00:00:00", "clubname":"CA Monarcas Morelia", "idclub":2147482780}