{"idcupseason":251164, "idteam":43819, "teamname":"Japan", "countrycode":"JPN", "idplayer":286278, "description":["It would be a stretch to describe striker Shinji Okazaki as a\ngraceful player, but there is no denying his commitment and\neffectiveness at the top level. This season Okazaki added another\nrecord to his impressive resume by surpassing Shinji Kagawa’s\nbenchmark for most goals by a Japanese player in a Bundesliga\nseason while in the colours of Mainz. This accomplishment evidence\nthat the hard work Okazaki has put in since moving to Germany in\n2011 is finally starting to bear fruit. “Looking back, I hadn’t\nachieved much in three years in Germany,” Okazaki reflected after\nsetting the new record.", "A clinical finisher capable of playing alone up front or with a\nstrike partner, Okazaki has also been used as a winger for the\nSamurai Blue. Okazaki’s quick acceleration, high work-rate and\ntenacity have even prompted some commentators to describe the\n28-year-old as a “Japanese Gerd Muller”. Not afraid to throw\nhimself about or make diving headers, the forward clearly relishes\nthe physical side of the game.", "Okazaki began his career in 2005 with Shimizu S-Pulse, signed\nfor Bundesliga outfit VfB Stuttgart in the winter of 2011, before\nmoving to Mainz in 2013.", "Okazaki’s ability to regularly find the target has made him a\nfixture in the national team. He made his debut for Japan in 2008,\nand endeared himself to Japanese fans the following year when he\nscored 15 goals in 16 appearances. At the 2010 FIFA World Cup™, he\ntucked away a goal in Japan’s 3-1 victory over Denmark in the group\nstage. Coach Alberto Zaccheroni has been a loyal advocate of\nOkazaki since taking over the national team, and Japan will be\ncounting on him to maintain his knack for scoring in Brazil."], "bibnum":9, "fieldpos":4, "webname":"Shinji OKAZAKI", "webnamealt":"OKAZAKI", "surname":"OKAZAKI", "shirtname":"OKAZAKI", "playerletter":"O,O", "birthdate":"1986-04-16 00:00:00", "clubname":"FSV Mainz 05", "idclub":2000002605}