{"idcupseason":251164, "idteam":43930, "teamname":"Uruguay", "countrycode":"URU", "idplayer":286259, "description":["A direct, battling wing-back capable of playing anywhere on\neither flank, Alvaro Gonzalez is now, at 29, an important figure\nfor both Uruguay and Lazio.", "Gonzalez, known as ", ", began his career at\nDefensor Sporting. There he enjoyed three strong seasons, before\ncatching the eye of Uruguay coach Oscar Tabarez and earning his\nfirst international cap in May 2006.", "In 2007, Gonzalez joined Argentinian heavyweights Boca Juniors.\nLater that year he earned a runners-up medal in the FIFA Club World\nCup, and worked his way into Tabarez's plans for the start of\nUruguay's 2010 FIFA World Cup South Africa™ qualifying\ncampaign.", "His playing opportunities at Boca soon dwindled, though, which\nlimited his involvement with the national team in 2008. However,\nhis subsequent move to Uruguayan giants Nacional had a rejuvenating\neffect, and he returned to ", "'s starting line-up\nfor the first leg of their South Africa 2010 qualifying play-off\nagainst Costa Rica.", "Gonzalez did not make the cut for South Africa 2010 but he\nmanaged to find favour with Tabarez again in time for the 2011 Copa\nAmerica, where he began on the bench before earning a starting role\nfor Uruguay's run-in.", "He has since become a regular in the national squad. In fact, he\nsaw action in four out of five matches at the 2013 FIFA\nConfederations Cup Brazil and 12 out of 18 during the qualifying\ncampaign to Brazil 2014."], "bibnum":20, "fieldpos":3, "webname":"Alvaro GONZALEZ", "webnamealt":"A.GONZALEZ", "surname":"GONZALEZ LUENGO", "shirtname":"A. GONZALEZ", "playerletter":"G,A", "birthdate":"1984-10-29 00:00:00", "clubname":"SS Lazio", "idclub":1890313}