{"idcupseason":251164, "idteam":43930, "teamname":"Uruguay", "countrycode":"URU", "idplayer":286481, "description":["Maximiliano Pereira’s main strength is his versatility. Ever\nsince making his debut as an 18-year-old for Defensor Sporting in\n2002, Pereira’s adaptability has been his trademark, enabling him\nto play anywhere on the right, either as full-back, winger or in\nattack.", "It was precisely that ability that aided Pereira’s ascension\ninto the national team towards the end of 2005. Still plying his\ntrade in Uruguay at the time, Pereira was given his first chance at\ninternational level by Jorge Fossati.", "However, it was not until Oscar Tabarez’s reign that Pereira\nbecame a regular for the national team. His displays impressed\nBenfica enough to secure his services and he is now an undisputed\nstarter at the Portuguese outfit too.", "Pereira, known as ", " (the monkey), featured in 15\nof his country’s 20 games en route to securing their ticket to the\n2010 FIFA World Cup South Africa™, only ever missing out through\ninjury or suspension. Unsurprisingly, he played in all seven of\nUruguay’s matches at the global showdown and appeared in all six\ngames a year later at the Copa America triumph, his first career\ntitle.", "Now in his seventh season at Benfica, Pereira remains both an\nintegral figure at his club and with ", ", as\nhighlighted by his almost permanent presence during Brazil 2014\nqualifying, during which he played 16 of the 18 matches and scored\ntwo goals, including one against Jordan in the first leg of the\nplay-off."], "bibnum":16, "fieldpos":2, "webname":"Maximiliano PEREIRA", "webnamealt":"", "surname":"PEREIRA PAEZ", "shirtname":"M. PEREIRA", "playerletter":"P,M", "birthdate":"1984-06-08 00:00:00", "clubname":"SL Benfica", "idclub":1914613}