{"idcupseason":251164, "idteam":43954, "teamname":"Italy", "countrycode":"ITA", "idplayer":288824, "description":["Though naturally left-footed, full-back Matteo Darmian has a\npreference for the right flank, making him a versatile player to\nhave around. Of Armenian extraction but born in the northern\nItalian town of Legnano, he played his youth football for AC Milan\nbefore making his first-team debut in a Coppa Italia match in\nNovember 2006.", "A maiden Serie A appearance followed the very next season\nagainst Udinese, but like many other young Italian talents Darmian\nwas forced to go on his travels in search of first-team football,\nspending time at Padova, Torino and Palermo but playing only 15\ntop-flight games up to 2012.", "His fortunes changed when Torino decided to sign him on a\npermanent deal. Earning a regular starting place as the 2012/13\nseason got under way, he established himself as one of the best\nfull-backs in Serie A. A first choice also at every age level for\nItaly, Darmian caught the eye of Cesare Prandelli during another\nfine season with the Turin club and was invited to a national team\ntraining camp in March 2014, the prelude to his appearance in the\ncoach’s 23-man list for Brazil 2014.  "], "bibnum":4, "fieldpos":2, "webname":"Matteo DARMIAN", "webnamealt":"DARMIAN", "surname":"DARMIAN", "shirtname":"DARMIAN", "playerletter":"D,D", "birthdate":"1989-12-02 00:00:00", "clubname":"Torino FC", "idclub":2147482132}