{"idcupseason":251164, "idteam":43911, "teamname":"Mexico", "countrycode":"MEX", "idplayer":289195, "description":["Ahead of the FIFA Confederations Cup Brazil 2013, Mexico's\nright-back position is one that remains very much up for grabs.\nPaul Aguilar was the first-choice option at the start of the 2010\nFIFA World Cup South Africa™, and he stands a good chance of\nreprising the role in Brazil.", "Since South Africa 2010, Aguilar has grown to become one of the\nmost dependable right-backs in Mexican football. He made his name\nwith Pachuca, his first club, before joining America, for whom he\nhas impressed with his consistent displays in the past three short\ntournaments.", "As a fullback Aguilar tends to favour attack over defence, and\nhe could provide a useful outlet if required by Mexico coach Jose\nManuel de la Torre."], "bibnum":22, "fieldpos":2, "webname":"Paul AGUILAR", "webnamealt":"P. AGUILAR", "surname":"AGUILAR ROJAS", "shirtname":"P. AGUILAR", "playerletter":"A,P", "birthdate":"1986-03-06 00:00:00", "clubname":"Club America", "idclub":1903518}