{"idcupseason":251164, "idteam":43924, "teamname":"Brazil", "countrycode":"BRA", "idplayer":289964, "description":["Born in Rio de Janeiro, Thiago Silva showcased his talent in\nFluminense’s youth teams before suffering the disappointment of\nbeing released by the club closest to his heart. After a battle for\nfirst-team football at a couple of less glamorous clubs, he was\nfinally given his big break by Juventude, based in the state of Rio\nGrande do Sul.", "Playing in the 2004 Brazilian championship, he turned in some\nimpressive performances, and it was on the back of those displays\nthat the tall central defender earned a move to Porto. Sadly,\ninjury and health problems led to him being loaned out to Dynamo\nMoscow, where further ailments, including a bout of tuberculosis in\n2005, prevented him from maintaining full fitness. The following\nyear he was back home in Brazil. As fate would have it his\ndestination was Fluminense, the club that had rejected him years\nearlier. Quickly winning the fans over with a superb run of form\nand picking up the nickname ", ", he helped\n", " lift the Copa do Brasil in 2007 and finish Copa\nLibertadores runners-up a year later.", "Returning to Europe, he signed for AC Milan and won the Italian\n", " with them in 2011 and finished an Italian Serie A\nrunner-up the following season. In doing so he became recognised as\none of world’s finest centre-halves. In its emerging project, Paris\nSaint-Germain have chosen the Brazilian as their defensive\ncornerstone. Thiago Silva’s value, in fact, only grew. Captain\nduring the 2013 Confederations Cup, he is of huge value to the\nnational team, as much for his impressive skillset as for his\nexperience. ", "Considering the prospect of leading out his country in\nconversation with ", ", he said: “I’m always\nthinking about it. In fact, I started thinking about it when I was\nfirst called up by Mano [Menezes, Luiz Felipe Scolari’s predecessor\nas Brazil coach] for a friendly against USA. That armband helps\nremind me of everything I’ve been through to get this far, and you\ncan be sure that I’ll do it as much justice as I possibly can.”"], "bibnum":3, "fieldpos":2, "webname":"Thiago SILVA", "webnamealt":"T SILVA", "surname":"EMILIANO DA SILVA", "shirtname":"T SILVA", "playerletter":"S,T", "birthdate":"1984-09-22 00:00:00", "clubname":"Paris Saint-Germain FC", "idclub":33191}