{"idcupseason":251164, "idteam":43927, "teamname":"Ecuador", "countrycode":"ECU", "idplayer":290452, "description":["Exceptionally gifted, an elusive dribbler and able to beat his\nman on either side, Jefferson Montero is one of the biggest names\nin the Ecuadorian game. Ally those qualities with his speed on the\nball and finishing ability, and the 24-year-old is most definitely\na forward to be feared.", "The Babahoyo-born attacker has already racked up plenty of miles\non his club career trail, starting out at Emelec and then going out\non loan to Independiente del Valle – who at the time played in\nEcuador’s second tier. A subsequent spell at Mexico’s Dorados\nfollowed before returning to Independiente, whereupon he was\nsnapped up by Spanish side Villarreal, for whom he started out in\ntheir B team to help the adaptation process.", "Montero’s impressive displays saw him brought into the\nfirst-team squad at ", ", though it was\nnot long before he was sent out on loan to first Levante and then\nReal Betis. Eventually he found himself back in Mexico with\nMonarcas, where he has grown into an automatic starter and key\nperformer. At national-team level, he was among the main men as\n", " won gold at the 2007 Pan-American Games, scoring in\nthe final win over Jamaica. Montero also shone at the U-20\nSudamericano in 2009, cementing his reputation among his country’s\nbiggest rising stars.", "The fleet-footed forward made his senior international debut in\n2007, appearing in seven 2010 FIFA World Cup™ qualifiers and\nfinding the net once. And it was during the Brazil 2014 qualifying\nphase that he definitively cemented his place as a fixture for\ncoach Reinaldo Rueda, ", " playing 13 times and grabbed\nthree goals – including the winner against Uruguay in Quito which\nclinched qualification for Ecuador."], "bibnum":7, "fieldpos":3, "webname":"Jefferson MONTERO", "webnamealt":"MONTERO", "surname":"MONTERO VITE", "shirtname":"MONTERO", "playerletter":"M,M", "birthdate":"1989-09-01 00:00:00", "clubname":"CA Monarcas Morelia", "idclub":2147482780}