{"idcupseason":251164, "idteam":43935, "teamname":"Belgium", "countrycode":"BEL", "idplayer":290825, "description":["Used by Belgium in every qualifying match for Brazil 2014,\nMoussa Dembele is one of Marc Wilmots’ most valuable assets in\nmidfield. Mobile and powerful, with strong ball-carrying skills,\nthe left-footer is as capable of setting up goals as he is of\nscoring them himself, making him a real threat to any\ndefence.", "\n", "\nOf Malian descent but born in Antwerp, he began his career as a raw\n16-year-old with now-defunct Germinal Beerschot, his local club.\nHis fine performances in the Belgian Pro League attracted suitors\nfrom far and wide, with Dutch outfit Willem II bringing him on\nboard in 2005.", "A successful season ensued, during which he hit the back of the\nnet nine times, followed by a transfer to AZ Alkmaar, where he\ndeveloped as a player over the course of four seasons with the\nclub, and captured an Eredivisie winners’ medal in 2009.", "Dembele moved to the English Premier League the following year,\nstarring for two seasons at Fulham and then for Tottenham, where he\nhas since become a fixture in the starting XI."], "bibnum":19, "fieldpos":3, "webname":"Moussa DEMBELE", "webnamealt":"DEMBELE", "surname":"DEMBELE", "shirtname":"DEMBELE", "playerletter":"D,D", "birthdate":"1987-07-16 00:00:00", "clubname":"Tottenham Hotspur FC", "idclub":23437}