{"idcupseason":251164, "idteam":43935, "teamname":"Belgium", "countrycode":"BEL", "idplayer":290864, "description":["The similarities between the career paths of Belgian defenders\nToby Alderweireld and Jan Vertonghen are remarkable. Both were\nprecocious talents who played youth football with Germinal\nBeerschot, both turned professional at Ajax, and both then moved to\na big-name European club.", "Fielded in central defence by their respective teams, they also\nshare the ability to perform admirably at full-back, a fact that\nBelgium coach Marc Wilmots has been quick to pick up on.", "\n", "\nBut prior to becoming a mainstay at right-back for ", ", the Antwerp-born defender had to prove himself at club\nlevel. He made his debut for Ajax during season 2008/09, but it was\nthe following year that he began to make a name for himself,\nhelping his team-mates to secure the KNVB Cup.", "Three Eredivisie titles and a Dutch Super Cup would follow over\nthe next three campaigns, at the end of which Alderweireld embarked\non a new adventure, signing for Atletico Madrid. The composed\nBelgian has not yet fully established himself in ", "’ starting line-up, but strong performances at the\n2014 FIFA World Cup™ are unlikely to hinder his cause."], "bibnum":2, "fieldpos":2, "webname":"Toby ALDERWEIRELD", "webnamealt":"ALDERWEIRELD", "surname":"ALDERWEIRELD", "shirtname":"ALDERWEIRELD", "playerletter":"A,A", "birthdate":"1989-03-02 00:00:00", "clubname":"Atletico Madrid", "idclub":1914808}