{"idcupseason":251164, "idteam":43935, "teamname":"Belgium", "countrycode":"BEL", "idplayer":290821, "description":["The only outfield squad member to have played every single\nminute of Belgium’s 2014 FIFA World Cup Brazil™ qualifying\ncampaign, Axel Witsel is one of Marc Wilmots’ most trusted\nlieutenants. While his versatility enables him to perform anywhere\nin middle of the park, the position that he occupies most often for\n", " is holding midfielder.", "“Witsel has grown into that role. I put him there because he’s\ngot the best tactical brain. He holds onto possession and works for\nthe good of the team. He carries out my ideas on the pitch,”\nexplained the Belgian coach.", "The Martinique-born midfield man began his career at Standard\nLiege, where he enjoyed five fruitful seasons, winning two Belgian\nPro League titles, a Belgian Cup and two Belgian Super Cups. In\n2008, he was named Belgian Footballer of the Year and was capped\nfor his country for the first time.", "Three campaigns later, he decided to try his luck abroad and\nsigned for Benfica. The combative Belgian did not regret his\nchoice, playing 52 matches and scoring five goals in one season,\nand attracting the interest of Zenit St. Petersburg in the process.\nHe put pen to paper with the ambitious Russian club in September\n2012."], "bibnum":6, "fieldpos":3, "webname":"Axel WITSEL", "webnamealt":"WITSEL", "surname":"WITSEL", "shirtname":"WITSEL", "playerletter":"W,W", "birthdate":"1989-01-12 00:00:00", "clubname":"FC Zenit St. Petersburg", "idclub":1884644}