{"idcupseason":251164, "idteam":43976, "teamname":"Australia", "countrycode":"AUS", "idplayer":290800, "description":["A slight-built but speedy right-sided wide midfielder, Vidosic\nis a technically gifted player who likes to take on the defence\ndown the flanks.", "Born in Croatia he moved to Australia as an infant. He played\nfor hometown club Brisbane Roar, before becoming one of several\nAussies to head for German club Nuremberg. Opportunities remained\ninfrequent as they were during brief loan spells at Duisburg and\nArminia Bielefeld. Vidosic returned to the A-League for two seasons\nwith Adelaide United, but last year went back to Europe with Sion,\na club which once featured current Socceroos assistant coach\nAurelio Vidmar.", "Vidosic featured prominently during the U-23s' lengthy\nqualifying campaign for the 2008 Beijing Olympics, but was omitted\nfrom the squad which went to China. Vidosic debuted for the\nSocceroos a year later in the final match of the 2010 FIFA World\nCup™ qualifying cycle, and made two further appearances during the\nSocceroos successful run to Brazil 2014.", "His father Rado has been assistant coach at Sydney FC over the\npast two seasons, having enjoyed a hugely successful period at\nBrisbane Roar in tandem with new Socceroos boss Ange\nPostecoglou."], "bibnum":20, "fieldpos":3, "webname":"Dario VIDOSIC", "webnamealt":"VIDOSIC", "surname":"VIDOSIC", "shirtname":"VIDOSIC", "playerletter":"V,V", "birthdate":"1987-04-08 00:00:00", "clubname":"FC Sion", "idclub":33250}