{"idcupseason":251164, "idteam":43935, "teamname":"Belgium", "countrycode":"BEL", "idplayer":290903, "description":["A regular for Belgium at various youth levels, Kevin Mirallas\nhas also become a mainstay of the senior team in recent years, with\nmore than 40 caps to his name.", "While the 26-year-old’s reputation is now assured in his\nhomeland, he has paradoxically never played professionally in the\nBelgian Pro League, instead plying his trade in France, Greece and\nnow England. Capable of playing through the middle or on the wing,\nhe is an essential component in the system preferred by Marc\nWilmots.", "\n", "\nMirallas attended Standard Liege’s youth academy but turned\nprofessional at Lille, where he performed admirably for four\nseasons, making 95 appearances and scoring 12 goals. The pacey\nBelgian signed for Saint-Etienne in 2008, but a lack of regular\nplaying time saw him join Greek giants Olympiacos two years\nlater.", "It would turn into a confidence-boosting move, as goals (20 in\n25 matches during season 2011/12), trophies (two Greek titles and a\nGreek Cup) and individual recognition (2012 Greek Player of the\nYear award) soon followed. Impressed by his growing reputation,\nEverton acquired his services in 2012."], "bibnum":11, "fieldpos":4, "webname":"Kevin MIRALLAS", "webnamealt":"MIRALLAS", "surname":"MIRALLAS Y CASTILLO", "shirtname":"MIRALLAS", "playerletter":"M,M", "birthdate":"1987-10-05 00:00:00", "clubname":"Everton FC", "idclub":32848}