{"idcupseason":251164, "idteam":43935, "teamname":"Belgium", "countrycode":"BEL", "idplayer":290902, "description":["Everton fans were left scratching their heads when the club\nbroke their transfer record to lure Marouane Fellaini from Standard\nLiege for close to €20m in 2008. For supporters, the newcomer with\nthe distinctive hairstyle was an unknown quantity, but Everton were\nconvinced they had picked up one of the game's rising talents, and\na player capable of tearing around the pitch for 90 minutes\napplying tackles or finding the net. Fellaini soon proved them\nright, and as his goal tally grew so too did his reputation. Also\non the rise were sightings of afro wigs at Goodison Park, with the\nEverton faithful keen to pay homage to their new hero.", "\n", "\nUsed as a holding player during his Standard days, Fellaini has\nbeen a model of versatility since moving to England. Often tucked\nin behind the strikers at Everton, or even positioned up front, the\n6'4 midfielder boasts a broad range of qualities, and it was only\ntime before bigger clubs took an interest. The Toffees held them\noff at first yet they eventually succumbed when Manchester United\nwon his signature last year. Expectations were high on both sides,\nbut Fellaini experienced a testing start to his Old Trafford spell,\nstruggling to find his rhythm in the United midfield. Despite those\nearly issues, he has stuck at his task, convinced he has much to\ncontribute.", "\n", "\nThe Brussels native has certainly proved that in the past, and not\nleast for Belgium, having won his maiden cap against the Czech\nRepublic back in 2007. He has been an integral player ever since\nand has served his country with distinction, notably hitting the\nwinning strike against Serbia during 2014 FIFA World Cup Brazil™\nqualifying. Fellaini knows how to best apply his skills for the\ngood of the team, and although his focus can sometimes slip, his\nair of nonchalance is deceptive. 'Big Mo' is never far from the\nheart of the action, and is usually the first to apply a touch\nwhenever the ball drops out of the air."], "bibnum":8, "fieldpos":3, "webname":"Marouane FELLAINI", "webnamealt":"", "surname":"FELLAINI-BAKKIOUI", "shirtname":"FELLAINI", "playerletter":"F,F", "birthdate":"1987-11-22 00:00:00", "clubname":"Manchester United FC", "idclub":33161}