{"idcupseason":251164, "idteam":43935, "teamname":"Belgium", "countrycode":"BEL", "idplayer":290904, "description":["Often fielded at left-back and\nsometimes as an old-school stopper, Jan Vertonghen is one of Marc\nWilmots’ key players, to the extent that he inherits the captain’s\narmband when regular skipper Vincent Kompany is not on the\npitch.", "Robust, physical and technically proficient, as well as quick\nand versatile, he is the archetypal modern defender. Furthermore,\nhe possesses an eye for goal and has been known to fire home\npowerful free kicks.", "\n", "\nThe Sint-Niklaas native played youth football for Germinal\nBeerschot and Ajax, eventually earning a promotion to the latter\nclub’s senior squad, by way of a six month-long loan at RKC\nWaalwijk.", "He proceeded to establish himself in the Amsterdam side’s\nstarting XI, attaining his first cap for Belgium and winning\ntrophies – the 2010 Dutch Cup and the 2011 and 2012 Dutch League\ntitles – and personal accolades (the 2012 Eredivise Player of the\nYear award) in the process.", "Some of Europe’s biggest clubs were chasing his signature, but\nit was Tottenham Hotspur who won the race. Since arriving at White\nHart Lane, Vertonghen has become one of the cornerstones of the\nEnglish team’s defence, a status that is replicated at\ninternational level."], "bibnum":5, "fieldpos":2, "webname":"Jan VERTONGHEN", "webnamealt":"", "surname":"VERTONGHEN", "shirtname":"VERTONGHEN", "playerletter":"V,V", "birthdate":"1987-04-24 00:00:00", "clubname":"Tottenham Hotspur FC", "idclub":23437}