{"idcupseason":251164, "idteam":43854, "teamname":"Côte d'Ivoire", "countrycode":"CIV", "idplayer":291329, "description":["Yamoussoukro-born Cheick Ismael Tiote is a rugged, dogged and\nimpressively consistent defensive midfielder. He first made waves\nin the high levels of European football with Roda JC, while on loan\nfrom Anderlecht at the beginning of the 2007/08 season. He had made\nhis debut at the wealthy Belgian side two seasons earlier, at the\nage of just 19, but it wasn't until his season with Roda and\nsubsequent move to Twente – where he won the Dutch league in 2010 –\nthat he drew serious notice.", "He made the Ivorian squad at the CAF Africa Cup of Nations in\n2008 and also caught the eye in all three matches for the Elephants\nat South Africa 2010. With a move to a larger league on the cards,\nhe moved to Newcastle United, and he has been one of the most\nconsistent performers in his position in the English Premier\nLeague.", "He has played over 100 league matches for the Magpies,\ncaptaining the club on several occasions. The 27-year-old, who\nturns 28 two days after his side play their second group game\nagainst Colombia at the World Cup finals, has been a mainstay for\nhis national team as well, playing in six of the eight qualifying\nmatches en route to Brazil."], "bibnum":9, "fieldpos":3, "webname":"Ismael TIOTE", "webnamealt":"TIOTE", "surname":"TIOTE", "shirtname":"TIOTE", "playerletter":"T,T", "birthdate":"1986-06-21 00:00:00", "clubname":"Newcastle United FC", "idclub":44136}