{"idcupseason":251164, "idteam":43854, "teamname":"Côte d'Ivoire", "countrycode":"CIV", "idplayer":291332, "description":["After first representing Côte d’Ivoire at the 2008 Olympic\nFootball Tournament, where he featured in all four matches the team\nplayed before being knocked out at the quarter-final stage by west\nAfrican rivals Nigeria, Ousmane Viera Diarrassouba had to wait\nanother five years before playing his next competitive game for his\ncountry. Although the tall, powerful defender made the squad for\nall but one of ", " 2014 FIFA World Cup Brazil™\nqualifiers, he featured only once, against Morocco in Côte\nd’Ivoire's final Group C game.", "A possible reason why Diarrassouba, after playing at the\nOlympics, took so long to become established in the senior side is\nthat he was playing his club football in Romania – far from the\nleagues like France, Belgium and England, from which Côte d’Ivoire\ncoaches traditionally pick their players for international duty.\nThe 27-year-old started had his professional career with local club\nRC Daloa, before being snapped up by ambitious Romanian side CFR\nCluj.", "Diarrassouba struggled to break into the side though and moved\nwithin the Romanian league to FC International on loan. In 2010, he\nmoved to Pandurii Ctargu Jiu and spent three successful seasons\nwith the club. Likewise a move to Turkey saw him become a mainstay\nfor Caykur Rizesporin the Super Lig."], "bibnum":2, "fieldpos":2, "webname":"Ousmane DIARRASSOUBA", "webnamealt":"VIERA", "surname":"DIARRASSOUBA", "shirtname":"VIERA", "playerletter":"D,V", "birthdate":"1986-12-21 00:00:00", "clubname":"Caykur Rizespor", "idclub":2147482317}