{"idcupseason":251164, "idteam":43822, "teamname":"Korea Republic", "countrycode":"KOR", "idplayer":291398, "description":["Known for his tough tackles and precise free-kicks, Park Jongwoo\nis a utility man who can play either as a defensive midfielder or\nin any position at the back. He signed for Busan IPark while\nattending Yonsei University in 2010, and after a brief spell as a\nmakeshift full-back, Park established himself as the central\nmidfielder at the club the following season. Park’s solid outings\nfor Busan caught the eye of Hong Myungbo, who did not hesitate to\ncall him up for the qualifying for the 2012 Men’s Olympic Football\nTournament in London.", "\n", "\nHaving scored a free-kick in a friendly against Uzbekistan in\nOctober 2011, Park made the squad for London 2012 along with his\nteam-mates Lee Bumyoung and Kim Changsoo. He started in all six of\nKorea Republic’s matches in the summer as the Taeguk Warriors made\nhistory by winning the bronze medal, before making his senior\ninternational debut against Iran in the final round of qualifying\nfor the 2014 FIFA World Cup Brazil™. After a successful campaign\nfor Brazil 2014, Park recently moved to Chinese outfit Guangzhou\nR&F where he has been developing the defensive side of his game\nunder the guidance of coach Sven-Goran Eriksson."], "bibnum":15, "fieldpos":3, "webname":"PARK Jongwoo", "webnamealt":"J W PARK", "surname":"PARK", "shirtname":"J W PARK", "playerletter":"P,J", "birthdate":"1989-03-10 00:00:00", "clubname":"Guangzhou R&amp;F FC", "idclub":1891740}