{"idcupseason":251164, "idteam":43860, "teamname":"Ghana", "countrycode":"GHA", "idplayer":294619, "description":["In a Ghana side overflowing with stars, Kwadwo Asamoah shines\namong the brightest. The midfielder, who is named Kojo but prefers\nto be known as Kwadwo, first gained attention in 2008 when he was\ndrafted at age 19 into the squad for the CAF Africa Cup of\nNations that Ghana hosted. He was called in to replace injured\ncaptain Stephen Appiah and, in a measure of the belief in his\npotential, he was given the coveted No10 jersey to wear. Asamoah\nmade his debut for the Ghanaians in the third-place consolation\nmatch against Côte d'Ivoire in Kumasi.", "\n", "\nItalian club Udinese soon caught wind of the midfielder and signed\nhim from domestic outfit Liberty Professionals only to park him on\nloan at Bellinzona in the Swiss league. He was brought back to\nSerie A in January 2009, when he quickly emerged as a prodigy\nbubbling with potential. He played in every league game of the\n2008/09 season after returning to the club and then spent the next\nthree years establishing himself as a competitive and fearsome\nSerie A regular. Juventus snapped him up at the start of the\n2012/13 campaign and he has since won two league titles with the\nTurin giants.", "\n", "\nAsamoah’s international career has blossomed with similar impact as\nwell. He was a regular in the 2010, 2012 and 2013 CAF Africa Cup of\nNations finals and featured in every game the Black Stars played at\nthe 2010 World Cup finals, where they narrowly missed out on\nbecoming the first African team to advance to the semi-finals.\nAsamoah played in all but one of his side's games in the qualifiers\nfor Brazil 2014 and he’s won the last two Ghana Player of the Year\nawards, having earlier won the CAF Most Promising African Player\naward."], "bibnum":20, "fieldpos":3, "webname":"Kwadwo ASAMOAH", "webnamealt":"K. ASAMOAH", "surname":"ASAMOAH", "shirtname":"K. ASAMOAH", "playerletter":"A,K", "birthdate":"1988-12-09 00:00:00", "clubname":"Juventus FC", "idclub":31085}