{"idcupseason":251164, "idteam":43860, "teamname":"Ghana", "countrycode":"GHA", "idplayer":294626, "description":["Harrison Afful represented Tunisian side Esperance at the FIFA\nClub World Cup in 2011 and is now eager to further his\ninternational credentials at a FIFA World Cup™. He is a versatile\ndefender who debuted for Ghana as a left-back in 2008. Afful, who\nwill turn 29 during Brazil 2014, began his club career with\nFeyenoord Academy, Ghana’s feeder club for its Dutch namesake.\nHe later had trials in the Netherlands and in Belgium with\nMechelen, both of which were unsuccessful.", "\n", "\nAfter playing friendly matches for Helsingborgs he came close\nto signing with the Swedish club, but the deal fell through and\nAfful moved to Tunisia and Esperance. There he has enjoyed\ntremendous continental success, being involved in three CAF\nChampions League finals in the last four years. He scored the\nwinner for his club in the victory against Wydad Casablanca that\ngave Esperance their second continental title. Afful was also a\nregular in coach Kwesi Appiah's Ghana teams that qualified\nimpressively for the 20th World Cup."], "bibnum":23, "fieldpos":2, "webname":"Harrison AFFUL", "webnamealt":"", "surname":"AFFUL", "shirtname":"HARRISON", "playerletter":"A,H", "birthdate":"1986-07-24 00:00:00", "clubname":"Esperance Sportive de Tunis", "idclub":1929173}