{"idcupseason":251164, "idteam":43976, "teamname":"Australia", "countrycode":"AUS", "idplayer":295149, "description":["A central midfielder by trade Holland is finally starting to\nmake good on his early promise when he burst onto the A-League\nscene as a 17-year-old in 2007. One of the few Socceroos to hail\nfrom the Central Coast region just north of Sydney, Holland boasts\na high-energy all-round game backed by an eye for goal.", "Captain of the Young Socceroos at the 2009 FIFA U-20 World Cup,\nHolland struggled to make an impact when he joined Dutch Eredivisie\nside AZ Alkmaar where he linked up alongside fellow Australian\nBrett Holman. A loan spell at Sparta Rotterdam was marginally more\nproductive, however Holland’s club career finally came of age three\nyears ago with a move to Austria Vienna. Holland is highly rated by\nthe capital club enjoying regular game time, including in the UEFA\nChampions League during the most recent season.", "Holland made his senior international debut aged just 19 way\nback in 2008, but it is only over the past two years that he has\nforced his way back into the national team picture, firstly under\nHolger Osieck and now Ange Postecoglou."], "bibnum":16, "fieldpos":3, "webname":"James HOLLAND", "webnamealt":"", "surname":"HOLLAND", "shirtname":"HOLLAND", "playerletter":"H,H", "birthdate":"1989-05-15 00:00:00", "clubname":"FK Austria Wien", "idclub":2147483563}