{"idcupseason":251164, "idteam":43817, "teamname":"Iran", "countrycode":"IRN", "idplayer":295153, "description":["Ahmad Alnameh possesses all the elements needed for a\ntop-quality left full-back, with the 31-year-old cutting a\nphysically strong figure. He broke onto the international scene\nwith a flourish, scoring a spectacular free-kick against Qatar\nduring the 2008 West Asian Football Federation Championship. Since\nthen he has developed a reputation for testing opposing goalkeepers\nwith long-distance efforts, while also provides options further up\nthe field with the benefits of being deployed as a midfielder.", "Alnameh started his career with Niroye Zamini, before joining\nEsteghlal Ahvaz ten years ago. It was with the Tehran side that he\nquickly made a name for himself through his eye-catching\nperformances. His talents saw him become one of the country's most\nsought-after youngsters, before winning the Iranian League with\nSepahan in 2009/10 season before moving to Naft Tehran two years\nago."], "bibnum":17, "fieldpos":2, "webname":"Ahmad ALNAMEH", "webnamealt":"AHMAD", "surname":"ALNAMEH", "shirtname":"AHMAD", "playerletter":"A,A", "birthdate":"1982-10-20 00:00:00", "clubname":"Naft Tehran FC", "idclub":2000007480}