{"idcupseason":251164, "idteam":43817, "teamname":"Iran", "countrycode":"IRN", "idplayer":295157, "description":["Having won the domestic league on four occasions, twice with\nEsteghlal and Sepahan each, Hashem Beikzadeh's next goal is to\ncontinue his good form with his country into the 2014 FIFA World\nCup Brazil™ campaign.", "Deployed at either left-back or in midfield, Beikzadeh has\ncaught the eye in the past with his spectacular efforts from dead\nballs. One of his most notable was a fine thumped 25-yard free-kick\nagainst Iraq in during the 2007 West Asian Football Federation\nChampionship, a feat which further singled him out as one of the\nside's set-piece specialist.", "Since making his international debut in a friendly against\nUnited Arab Emirates in back in 2006, Beikzadeh has racked up 16\nnational team appearances. He played just one game in their failed\nbid to reach South Africa 2010 but his solid performances with\nEsteghlal earned the faith of Carlos Queiroz, who started him in\nthe last two qualifying matches against Lebanon and Korea Republic,\nwhere two wins saw Iran seal progression."], "bibnum":19, "fieldpos":3, "webname":"Hashem BEIKZADEH", "webnamealt":"BEIKZADEH", "surname":"BEIKZADEH", "shirtname":"BEIKZADEH", "playerletter":"B,B", "birthdate":"1984-01-22 00:00:00", "clubname":"Esteghlal Tehran FC", "idclub":2147483046}