{"idcupseason":251164, "idteam":43849, "teamname":"Cameroon", "countrycode":"CMR", "idplayer":296118, "description":["Benjamin Moukandjo is one of many Cameroon internationals who\ntook their first steps as a footballer in the Kadji Sports Academy\nin Douala, and like most of those players he has found his way to a\nEuropean club. The 25-year-old joined Rennes in 2006 and has been\nin France since then. Rennes loaned him to lower league club\nL'Entent SSG, before allowing him to sign for second division\nNimes. In the winter transfer period of the 2010/11 season, Monaco\ntook the Cameoonian striker under contract, but again his stay was\nshort-lived as he joined Nancy. He has been with the club since\nthen and went down to the second division with them when they were\nrelegated in 2012.", "First called up into the Cameroon squad in 2011, the striker\nfeatured in all but one of the eight matches the Indomitable Lions\nplayed in the 2014 FIFA World Cup Brazil™ qualifiers, starting five\nof them. He scored an important goal in the return leg of the\nplay-off match against Tunisia in Yaounde, where the home side\nneeded to win to advance. The 4-1 victory saw Cameroon through and\ngave them an African record of seven appearances in the world\nfinals. Moukandjo suffered personal heartbreak earlier this\nyear when his mother, who has supported him throughout his career,\npassed away."], "bibnum":8, "fieldpos":4, "webname":"Benjamin MOUKANDJO", "webnamealt":"MOUKANDJO", "surname":"MOUKANDJO BILE", "shirtname":"MOUKANDJO", "playerletter":"M,M", "birthdate":"1988-11-12 00:00:00", "clubname":"AS Nancy", "idclub":1886106}