{"idcupseason":251164, "idteam":43921, "teamname":"USA", "countrycode":"USA", "idplayer":296273, "description":["Alejandro Bedoya comes from sturdy footballing stock, with both\nhis father and his grandfather having played professionally in\ntheir native Colombia. He is a dangerous presence out wide in\nmidfield who gets forward in a flash and is able to serve in\ndangerous crosses.", "He began his professional career straight out of the university\nsystem in the US with Swedish Club Orebro before earning a move to\nScottish giants Rangers. He then spent a season back in Sweden with\nHelsingborgs before settling down in France, where he plays an\nimportant wide role for Ligue 1 side Nantes.", "Bedoya found himself firmly in USA coach Jurgen Klinsmann’s\nplans with a string of strong performances after having made his\nnational team debut in 2010. He lined up for both the 2011\ninstallment of the CONCACAF Gold Cup, where the Stars and Stripes\nfinished runners-up, before winning the title in the 2013\nedition."], "bibnum":11, "fieldpos":3, "webname":"Alejandro BEDOYA", "webnamealt":"BEDOYA", "surname":"BEDOYA", "shirtname":"BEDOYA", "playerletter":"B,B", "birthdate":"1987-04-29 00:00:00", "clubname":"FC Nantes", "idclub":2000000574}