{"idcupseason":251164, "idteam":43909, "teamname":"Honduras", "countrycode":"HON", "idplayer":296303, "description":["Juan Carlos Garcia is the kind of player who likes to do his\ntalking on the pitch. Speedy and committed, the 6’2, chunkily built\nfull-back is a useful man to have around in the back line,\nregularly coming to the aid of his fellow defenders.", "He made his debut for Marathon in 2007 and won his first\ninternational cap in a CONCACAF Gold Cup match against Grenada two\nyears later. He represented his country in the competition again in\n2011 and also featured in the Copa Centroamericana that same\nyear.", "In 2013 he joined English club Wigan Athletic, though injuries\nand a drop in form have prevented him from getting regular\nfirst-team football in the lead-up to the 2014 FIFA World Cup\nBrazil™.", "He appeared in eight of his country’s qualifiers, scoring one\ngoal, and while his lack of opportunities with Wigan will not have\ngone unnoticed by ", " coach Luis Fernando Suarez, the\n26-year-old has proved before what he can do and is determined to\nmake a telling contribution to Honduras’ campaign in Brazil."], "bibnum":6, "fieldpos":2, "webname":"Juan Carlos GARCIA", "webnamealt":"J.C. GARCIA", "surname":"GARCIA", "shirtname":"J.C. GARCIA", "playerletter":"G,J", "birthdate":"1988-03-08 00:00:00", "clubname":"Wigan Athletic FC", "idclub":1886173}