{"idcupseason":251164, "idteam":43909, "teamname":"Honduras", "countrycode":"HON", "idplayer":296312, "description":["Edder Delgado will arrive at Brazil\n2014 in the form of his life. Since Hernan Medford took charge last\nyear of Real Espana, the club where he has spent his entire career,\nDelgado has become one of the coach’s right-hand men and was a key\ncontributor to Real’s Honduran championship triumph last\nDecember. ", "\n", "\nDelgado’s innate positional sense and ability to play the ball out\nat speed and get his side moving forward are two of the attributes\nthat have enabled him to excel as a deep-lying midfielder.", "\n", "\nThough his club debut did not come until 2009, he distinguished\nhimself at youth level for Honduras and represented his country at\nthe Men’s Olympic Football Tournament Beijing 2008, where ", " failed to progress beyond the group phase. His first\ncall-up to the full national team came in 2011, when he made the\n", " squad for the CONCACAF Gold Cup in the USA.", "\n", "\nDespite playing only two matches on the road to Brazil 2014,\nDelgado’s excellent club form and Arnold Peralta’s injury setback\nallowed him to make a late entry into Luis Fernando Suarez’s 23-man\nsquad. His aim now will be to make a valuable contribution to\nHonduras’ world finals campaign."], "bibnum":12, "fieldpos":3, "webname":"Edder DELGADO", "webnamealt":"DELGADO", "surname":"DELGADO ZERON", "shirtname":"DELGADO", "playerletter":"D,D", "birthdate":"1986-11-20 00:00:00", "clubname":"Real Espana", "idclub":440}