{"idcupseason":251164, "idteam":43843, "teamname":"Algeria", "countrycode":"ALG", "idplayer":296827, "description":["Rafik Halliche is a regular member of Algerian national squads,\nhaving appeared in all three of ", "’ matches at\nSouth Africa 2010. Earlier that year, the powerful centre-half had\nnotched the winning goal against Mali in the group stage of the CAF\nAfrica Cup of Nations, where Algeria eventually exited at the\nsemi-final stage. In 2013, he again competed in the continental\ncontest.", "The Algiers-born defender started out at NA Hussein Dey in his\nhomeland, and moved to Benfica four years later. Loaned out for two\nseasons to Nacional by the Lisbon club, he subsequently put pen to\npaper with Fulham, where he struggled to break into the starting\nXI. At the beginning of 2012, he returned to Portugal to pull on\nthe jersey of Coimbra-based Academica."], "bibnum":5, "fieldpos":2, "webname":"Rafik HALLICHE", "webnamealt":"", "surname":"HALLICHE", "shirtname":"HALLICHE", "playerletter":"H,H", "birthdate":"1986-09-02 00:00:00", "clubname":"Academica Coimbra", "idclub":1884839}