{"idcupseason":251164, "idteam":43843, "teamname":"Algeria", "countrycode":"ALG", "idplayer":296994, "description":["El Arabi Hillel Soudani has forged a reputation as one of the\nmost effective Algerian forwards of recent times, most notably\nfinishing top scorer in the Algerian championship with 18 goals in\n25 games in 2010/11. Those efforts helped Chlef clinch the league\ntitle, and Soudani also weighed in with three strikes as Algeria\nfinished fourth at the 2011 CAF African Nations Championship.", "The striker began his career with Chlef at the age of 19 in\n2006, and two years later he was voted the best young talent in the\nAlgerian top flight. After catching the eye at the African Nations\nChampionship, he then agreed a deal to join Vitoria Guimaraes,\nlifting the Portuguese Cup in 2013 during his two-year stay.", "Soudani left Guimaraes for Dinamo Zagreb last summer, helping\nthe club win the Croatian Super Cup soon after his arrival. He\nquickly proved his worth for his new side, contributing a number of\nimportant goals on domestic duty and in the qualifying rounds of\nthe UEFA Champions League.", "On the international stage, Soudani's excellent displays for\nAlgeria's B team earned him a senior call-up in June 2011 to face\nMorocco. He represented his country at the 2013 CAF Africa Cup of\nNations, finding the net against Côte d'Ivoire, and he continued\nhis progress during qualifying for the 2014 FIFA World Cup Brazil™,\nnotching important strikes against Rwanda and Mali."], "bibnum":15, "fieldpos":4, "webname":"El Arabi SOUDANI", "webnamealt":"SOUDANI", "surname":"SOUDANI", "shirtname":"SOUDANI", "playerletter":"S,S", "birthdate":"1987-11-25 00:00:00", "clubname":"GNK Dinamo Zagreb", "idclub":309}