{"idcupseason":251164, "idteam":43946, "teamname":"France", "countrycode":"FRA", "idplayer":297106, "description":["\"I've had tough times, but I kept plugging away.\" That was how\nMathieu Valbuena reacted after being included in France's squad for\nthe 2010 FIFA World Cup South Africa™, having never previously been\ncalled up by his country. It was a moment of vindication for the\nattacking midfielder, and in those few words he summed up his\nentire career.", "\n", "\nThree years previously, the Marseille player was still labouring\naway at amateur level, his diminutive 5'5 frame having provoked a\nrejection from Bordeaux's academy in his youth. Ironically, his\nsize was eventually a factor in his unusual style of play, also\nearning him the nickname ", " when former OM coach\nEric Gerets offered him a chance of top-level football. Valbuena\nrepaid that faith with panache in October 2007, firing in a superb\ngoal to seal a 1-0 triumph for Marseille away against Liverpool,\nthe first ever victory by a French club at Anfield.", "\n", "\nTwo years before that famous night, he had been playing for\nLangon-Castet in France's fifth tier, and he spent two seasons with\nLibourne in the third division before catching the eye of\nMarseille's scouting team in 2006. Now one of the pillars of the\nStade Velodrome outfit, he has also carved out a regular role for\nhimself with ", ", serving successive coaches Raymond\nDomenech, Laurent Blanc and Didier Deschamps with distinction."], "bibnum":8, "fieldpos":3, "webname":"Mathieu VALBUENA", "webnamealt":"", "surname":"VALBUENA", "shirtname":"VALBUENA", "playerletter":"V,V", "birthdate":"1984-09-28 00:00:00", "clubname":"Olympique Marseille", "idclub":33192}