{"idcupseason":251164, "idteam":43946, "teamname":"France", "countrycode":"FRA", "idplayer":297105, "description":["Spotted while performing at a local community centre by former\nFrance goalkeeper Dominique Baratelli, Hugo Lloris was invited to\njoin Nice’s youth academy at the tender age of ten. After gradually\ncoming through the ranks, he debuted for the senior team during the\n2005/06 season, playing every French League Cup match up to and\nincluding ", "’ ill-fated final against Nancy.", "The 20-year-old shot-stopper exhibited enough promise during the\nrun to persuade the coaching staff to promote him to the starting\nline-up the following campaign, leaving Damien Gregorini and Lionel\nLetizi – both vastly more experienced between the sticks – on the\nbench.", "An excellent all-round ’keeper who is as decisive coming out to\nclaim the ball as he is in one-on-on-ones with on-rushing strikers,\nLloris subsequently found himself the subject of interest from\nmajor European clubs, including AC Milan and Tottenham Hotspur. He\ninstead chose to commit himself to Lyon, where he was faced with\nthe not insignificant task of succeeding the much-admired Gregory\nCoupet.", "His outings with ", " caught the eye of France\ncoach Raymond Domenech, who handed him his first cap in November\n2008, despite Marseille’s Steve Mandanda occupying the No1 position\nat the time.", "Lloris’ first ‘victory’ over his rival came at the end of season\n2008/09, when he was named Ligue 1 Goalkeeper of the Year ahead of\nthe Marseille player, who had won the award the year before.\nContinuing to put in exceptional displays while Mandanda was\nsuffering a loss of form, he was confirmed as ", "’\nfirst-choice custodian ahead of a friendly match with Turkey in\nJune 2009, a role that he fulfils to this day.", "After a disappointing 2010 FIFA World Cup™ campaign in South\nAfrica, he was assigned the captain’s armband by Laurent Blanc.\nBlanc’s successor, Didier Deschamps, confirmed Lloris’ incumbent\nstatus upon his appointment in July 2012, the same summer that the\ntalented ’keeper chose to export his skills to Tottenham."], "bibnum":1, "fieldpos":1, "webname":"Hugo LLORIS", "webnamealt":"", "surname":"LLORIS", "shirtname":"LLORIS", "playerletter":"L,L", "birthdate":"1986-12-26 00:00:00", "clubname":"Tottenham Hotspur FC", "idclub":23437}