{"idcupseason":251164, "idteam":43909, "teamname":"Honduras", "countrycode":"HON", "idplayer":297230, "description":["He may be nicknamed ", ", literally translated as\n‘tender’ or ‘affectionate’, but Osman Chavez is nothing of the sort\nonce he takes the field. Muscular and imposing, the experienced\ncentre-back has no qualms about employing all of his considerable\nphysical prowess in a bid to stop opposing attackers getting a\nsight of goal.", "Having made his first-team club debut in 2004 for Platense, in\n2007 he made a brief switch to Motagua, one of Honduras’\nbest-supported teams. And though he spent just one season there,\nsoon returning to Platense having been unable to nail down a\nstarting place, it was with Motagua that he earned his first senior\ncall-up for ", ".", "Part of the Honduras squad that made history by qualifying for\nthe 2010 FIFA World Cup South Africa™, thus ending a 28-year\nabsence, Chavez played all three of his team’s games at the\ncompetition – earning him a transfer to Poland’s Wisla Krakow, the\nclub to which he still belongs.", "Though the 29-year-old’s involvement dipped considerably over\nthe course of Brazil 2014 qualifying, come the global finals\n", " boss Luis Fernando Suarez felt Chavez’s\nexperience from European football and the last World Cup was a\ndecisive factor in his favour. "], "bibnum":2, "fieldpos":2, "webname":"Osman CHAVEZ", "webnamealt":"O. CHAVEZ", "surname":"CHAVEZ GUITY", "shirtname":"O. CHAVEZ", "playerletter":"C,O", "birthdate":"1984-07-29 00:00:00", "clubname":"Qingdao Jonoon FC", "idclub":1884128}