{"idcupseason":251164, "idteam":43938, "teamname":"Croatia", "countrycode":"CRO", "idplayer":297377, "description":["Ognjen Vukojevic’s international breakthrough came in the summer\nof 2008 when he signed for Ukrainian giants Dynamo Kiev and earned\na place in Croatia’s squad for UEFA EURO 2008. His form leading up\nto the tournament had been highly impressive as he helped Dinamo\nZagreb to a domestic double and since then he has been an integral\npart of the national side, appearing in 15 FIFA World Cup™\nqualification matches since his debut in October 2007.", "Vukojevic left his homeland aged 20 for Belgian club Lierse SK,\nbut returned just a few months later after struggling to establish\nhimself. He developed into a key player with Dinamo Zagreb before\nhis switch to Ukraine, where the 30-year-old won the title in his\nfirst season. He also played in all six of Kiev’s UEFA Champions\nLeague group stage fixtures and netted two crucial goals in his\nside’s run to the UEFA Europa League semi-finals."], "bibnum":8, "fieldpos":3, "webname":"Ognjen VUKOJEVIC", "webnamealt":"VUKOJEVIĆ", "surname":"VUKOJEVIC", "shirtname":"VUKOJEVIĆ", "playerletter":"V,V", "birthdate":"1983-12-20 00:00:00", "clubname":"FC Dynamo Kyiv", "idclub":36735}