{"idcupseason":251164, "idteam":43854, "teamname":"Côte d'Ivoire", "countrycode":"CIV", "idplayer":297839, "description":["Didier Ya Konan first grabbed international headlines in 2006\nwhen ASEC Mimosas managed to advance to the semi-finals of the CAF\nChampions League, and he finished third-top scorer with five goals.\nEgyptian giants Al Ahly put in a bid to buy Ya, but it was turned\ndown as the ", " wanted to sell the striker to\nEurope.", "Shortly afterwards, Rosenberg secured his services. He stayed\nwith the Norwegian club for two years before moving to the German\nBundesliga, signing for Hannover 96. He has since played well over\n100 league matches for the club from the north of Germany, scoring\nat a return of 39 goals.", "His arrival in Hannover coincided with a change in fortunes of\nthe club as they secured back-to-back qualifications for the Europa\nLeague. Ya, who is a very fast and technically gifted player with\nan eye for goal, first broke into the Côte d'Ivoire team in 2006,\nbut although he was in the 2008 CAF Africa Cup of Nations squad, he\nfailed to cement a regular place. His performances with Hanover\nhave, however, seen him gain more playing time with his national\nteam and he featured in four 2014 FIFA World Cup Brazil™ qualifying\nmatches."], "bibnum":13, "fieldpos":3, "webname":"Konan YA", "webnamealt":"YA KONAN", "surname":"YA", "shirtname":"YA KONAN", "playerletter":"Y,Y", "birthdate":"1984-05-22 00:00:00", "clubname":"Hannover 96", "idclub":386}