{"idcupseason":251164, "idteam":43817, "teamname":"Iran", "countrycode":"IRN", "idplayer":298516, "description":["Now 33-years-old, Rahman Ahmadi is among the most reliable\ncustodians Iran have produced over recent years. After spending\nseveral years cutting his teeth with third-division side\nShamoushak, he joined Saipa in 2004. It was with the fast-growing\nteam that he established himself as a promising shot-stopper,\nincluding tasting his first league championship during the 2006/07\nseason.", "That feat proved just a prelude to a flow of achievements. After\nmoving to Sepahan in 2008, Ahmadi went on excel in his role between\nthe sticks as his side twice won the domestic title.\nUnderstandably, his outstanding club form earned him a first\nnational team call-up during the 2008 West Asian Football\nFederation Championship, including a start in the final as Iran\nedged Jordan to the title.", "Despite a spell away from ", ", his chance at a\nreturn came when former Iran keeper Mehdi Rahmati announced his\ntemporary retirement in 2013. After being handed the number one\njersey by coach Carlos Queiroz, Ahmadi repaid the Portuguese\nmanager’s faith through a series of stand-out performances during\nAsia’s final qualifying round as his side progressed to the 2014\nFIFA World Cup Brazil™ as group winners."], "bibnum":1, "fieldpos":1, "webname":"Rahman AHMADI", "webnamealt":"R. AHMADI", "surname":"AHMADI", "shirtname":"R. AHMADI", "playerletter":"A,R", "birthdate":"1980-07-30 00:00:00", "clubname":"Sepahan FC", "idclub":1914297}