{"idcupseason":251164, "idteam":43954, "teamname":"Italy", "countrycode":"ITA", "idplayer":298664, "description":["Widely considered the natural heir of former great Marco\nTardelli, one of the driving forces behind Italy's 1982 FIFA World\nCup™ win, Claudio Marchisio is an elegant midfielder with a strong\npersonality. A proud product of the Juventus youth system, he\ncaptained Italy at every youth level, with his innate gifts\nbecoming apparent at a young age. Above all, his stamina, close\ncontrol and powerful long-range shooting allow him to excel\nanywhere in midfield, while his vision and intelligence set him\napart from his peers.", "Marchisio made his Juventus debut under Didier Deschamps in 2006\nas the club sought, and eventually sealed, a return to Serie A.\nWith all the talent at ", "'s disposal, however, it would\nbe some time before he could hold down a regular starting berth.\nHis persistence paid off, and in August 2009, aged 23, he made his\nsenior Italy debut under Marcello Lippi. Nevertheless, it was after\nAntonio Conte and Cesare Prandelli took charge of Juventus and\nItaly respectively that his career really began to soar. In the\nwake of ", "'s disappointing 2010 World Cup bid,\nMarchisio was the only player along with Gianluigi Buffon and\nAndrea Pirlo to contest every minute for Italy at UEFA EURO 2012,\nand he was involved again at the FIFA Confederations Cup 2013.", " ", " "], "bibnum":8, "fieldpos":3, "webname":"Claudio MARCHISIO", "webnamealt":"MARCHISIO", "surname":"MARCHISIO", "shirtname":"MARCHISIO", "playerletter":"M,M", "birthdate":"1986-01-19 00:00:00", "clubname":"Juventus FC", "idclub":31085}