{"idcupseason":251164, "idteam":43954, "teamname":"Italy", "countrycode":"ITA", "idplayer":298662, "description":["Attacking midfielder Antonio Candreva has represented his\ncountry at one level or another since turning professional in 2004.\nThe 27-year-old's preferred position is tucked in behind a striker,\nbut since joining Lazio in January 2012 he has been used\neffectively on the flanks as well, not least thanks to his pace and\ndribbling ability. Sprightly and skilful, he also boasts a knack\nfor spectacular goals from distance. ", "Originally from Rome, he gained his grounding in the game at\nTernana, where he also made his first-team debut, before signing\nfor Udinese in 2007. From there, he began a series of loan spells,\nspending two seasons at Livorno, six months at Juventus and a year\napiece at Parma and Cesena.", "Despite the regular change of scenery, he was awarded a maiden\nItaly cap by Marcello Lippi on 14 November 2009, featuring in a\ngoalless draw against the Netherlands at the age of 22. Included in\na preliminary squad for the 2010 FIFA World Cup™, he eventually\nmissed the cut for South Africa along with Fabio Grosso.", "Three years after taking his international bow, Candreva was\nselected by Cesare Prandelli for the Brazil 2014 qualifier against\nArmenia on 12 October 2012, which Italy won 3-1. He has since\nbecome a regular fixture for ", "."], "bibnum":6, "fieldpos":3, "webname":"Antonio CANDREVA", "webnamealt":"CANDREVA", "surname":"CANDREVA", "shirtname":"CANDREVA", "playerletter":"C,C", "birthdate":"1987-02-28 00:00:00", "clubname":"SS Lazio", "idclub":1890313}