{"idcupseason":251164, "idteam":43922, "teamname":"Argentina", "countrycode":"ARG", "idplayer":298892, "description":["A hard-running right-sided midfielder\nwho has plenty to offer both in repelling opposing attacks and\ncreating play, Augusto Fernandez has added another string to his\nbow as the years have passed: an ability to get into goalscoring\npositions.", "Though Fernandez, who began his\nprofessional career with River Plate in 2005, is hardly the\narchetypal goalscoring midfielder, he has increased his strike rate\nin recent years. After scoring just twice in four seasons with\n", " ", " and twice more with St\nEtienne in his first year in Europe, he has amassed some 28 goals\nin the last four seasons, which he has spent with Velez Sarsfield –\nwhere he enjoyed a productive stay – and current employers Celta\nVigo.", "Having crossed paths with the player\nduring his spell in charge at Estudiantes, Alejandro Sabella\nbrought him into the national side in September 2011, shortly after\nhe took over, handing him starts in two friendlies against Brazil.\nFernandez became a familiar name in Sabella’s squad announcements\nin 2013 and though he enjoyed few opportunities in the qualifiers\nfor Brazil 2014, he did gain the coach’s confidence and a place in\nhis 23-man squad."], "bibnum":13, "fieldpos":3, "webname":"Augusto FERNANDEZ", "webnamealt":"A. FERNANDEZ", "surname":"FERNANDEZ", "shirtname":"A. FERNANDEZ", "playerletter":"F,A", "birthdate":"1986-04-10 00:00:00", "clubname":"Celta Vigo", "idclub":41532}