{"idcupseason":251164, "idteam":43924, "teamname":"Brazil", "countrycode":"BRA", "idplayer":298959, "description":[" ", "There were 18 minutes remaining of Brazil’s Round-of-16 match\nagainst Chile at the 2010 FIFA World Cup South Africa™ when Ramires\nwent into the book for a typically committed challenge.", "With his side leading 3-0 at the time, the player was\nunconcerned about picking up a caution. All that mattered was\nmaking sure his team held on to their lead, even if it meant him\nmissing Brazil’s next match, a quarter-final against the\nNetherlands.", "Years later, in an interview with ", ",\nRamires reflected on that match: “I came off the pitch a happy man\nafter the game against Chile. I played well and set up a goal too.\nIt was my first start in a World Cup match and I never thought at\nthe time it would be my last.”", "After sitting out ", " 2-1 loss to the Dutch\nthrough suspension, Ramires is ready to return to the big stage and\nset the record straight. Now a well established figure at Chelsea,\nthe pacy, committed and versatile midfielder has been a first\nchoice for every coach that has taken up residence in the Blues\ndugout in the last four years.", "Discussing his adaptability in that same interview, he said: “I\nalways try and pay attention to my surroundings when I arrive\nsomewhere and find my feet as quickly as possible. I think I’ve\nbeen lucky up to now because I’ve come across a lot of people\nwho’ve made me feel comfortable, though it’s not just down to that.\nI think I’ve managed to make the most of it.”", "As he belatedly resumes his World Cup career, the\nhard-running Ramires should have no problems at all in finding his\nbearings at Brazil 2014. ", " ", " "], "bibnum":16, "fieldpos":3, "webname":"RAMIRES", "webnamealt":"RAMIRES", "surname":"SANTOS DO NASCIMENTO", "shirtname":"RAMIRES", "playerletter":"R,R", "birthdate":"1987-03-24 00:00:00", "clubname":"Chelsea FC", "idclub":33332}