{"idcupseason":251164, "idteam":43949, "teamname":"Greece", "countrycode":"GRE", "idplayer":299090, "description":["The broad shoulders of Socratis Papastathopoulos are not quite\nwide enough to fit his lengthy surname on his Borussia Dortmund\nshirt, so he goes by ‘Sokratis’ for ", ".\nDespite his second name being such a mouthful, it has been on the\nlips of the Greek public since the defender first broke through at\nAEK Athens.", "He played in the UEFA Champions League for the\n", " at the tender age of 18, and became the\nyoungest captain of the club when he wore the armband in a Greek\nSuper League derby against bitter city rivals Panathinaikos aged\n19.", "After impressing with AEK, and at the UEFA U-19 European\nChampionship in which he captained his country to the final, he\ncaught the eye of Genoa and made the move across Europe in 2008 –\nthe same year that he made his full international debut against\nCzech Republic and was named Greek Young Footballer of the\nYear.", "After helping Genoa to fifth- and ninth-placed finishes in Serie\nA, Italian giants AC Milan came calling and he moved to the San\nSiro. ", " finished top and Sokratis ended up with\na Serie A winner’s medal, but he was used sparingly in the league\nand signed for Werder Bremen on loan in 2011 before making the move\npermanent the following year. Dortmund recognised his talents and\nbrought the imposing figure across Germany to the Westfalonstadion,\nwith Papastathopoulos saying: “My own future was all that mattered\nand I am convinced that I made the right decision.”", "As his importance with his club sides has become more prominent\nin recent years, so his position in the national team has been\nsolidified. He played in all but one of his country’s games on the\nroad to Brazil, after having featured at the 2010 FIFA World Cup™\nand UEFA EURO 2012."], "bibnum":19, "fieldpos":2, "webname":"Sokratis PAPASTATHOPOULOS", "webnamealt":"", "surname":"PAPASTATHOPOULOS", "shirtname":"SOKRATIS", "playerletter":"P,S", "birthdate":"1988-06-09 00:00:00", "clubname":"Borussia Dortmund", "idclub":33199}