{"idcupseason":251164, "idteam":43963, "teamname":"Portugal", "countrycode":"POR", "idplayer":299066, "description":["If there is one image from the 2010 FIFA World Cup South Africa™\nthat Portuguese fans will never forget, it is of goalkeeper Eduardo\nsitting on the pitch with tears running down his cheeks. Despite\nhis valiant attempts to keep the team in the tournament, Portugal\nhad just lost to the eventual champions Spain in the Round of\n16.", "Before that Eduardo had gone three games in the group stage\nwithout conceding a goal and then kept a clean sheet for 63 minutes\nof the clash with his country’s great rivals from the Iberian\nPeninsula. Finally though, David Villa found a way past him,\ndestroying Portuguese dreams and bringing to an end the keeper’s\nreign as his country’s number one.", "Eduardo is the perfect example of how the life of a footballer\ncan change almost overnight. After making the Braga No1 shirt his\nown at the beginning of the 2008/09 season, his terrific\nperformances in the Primeira Liga and the UEFA Cup established him\nas an athlete with a knack for taking advantage of opportunities\nwhen they came his way.", "He made his debut for the national team during the qualifying\ncampaign for the 2010 World Cup, and was instrumental as Portugal\nbooked their place in South Africa, before going on to shine at the\ntournament itself. But in 2011/12 his club Genoa loaned him to\nBenfica for a year. He hardly played a game for the Lisbon team,\nand subsequently lost his position in the national side. He then\nspent a year at Istanbul BB before returning to Braga, and remains\na more than capable reserve for the national team"], "bibnum":1, "fieldpos":1, "webname":"EDUARDO", "webnamealt":"", "surname":"DOS REIS CARVALHO", "shirtname":"EDUARDO", "playerletter":"E,E", "birthdate":"1982-09-19 00:00:00", "clubname":"Sporting Braga", "idclub":1884019}