{"idcupseason":251164, "idteam":43963, "teamname":"Portugal", "countrycode":"POR", "idplayer":299064, "description":["Ruben Amorim must wish the FIFA World Cup™ was held every year.\nIn 2010 he was selected by Carlos Queiroz for South Africa after\nwinning the Portuguese Championship with Benfica, and now, ahead of\nBrazil 2014, he has again got the call after another league triumph\nfor the Eagles.", "Four years ago Amorim was in Portugal preparing for a\nwell-earned holiday when he received a telephone call from the\n", " coach as the time. He had to report in South\nAfrica immediately to replace the injured Nani. Now, after a highly\nsuccessful season at Benfica, he is in Bento’s 23-man squad for\nBrazil 2014.", "His consistency and flexibility are his greatest assets,\nallowing him to play an important role in Benfica’s brilliant\n2013/14 season despite some injury setbacks.  ", "Four years after playing at South Africa 2010, where he came off\nthe bench against Côte d'Ivoire in the group phase, a more\nexperienced Ruben Amorim is ready for another World Cup\nadventure."], "bibnum":20, "fieldpos":3, "webname":"Ruben AMORIM", "webnamealt":"R. AMORIM", "surname":"MARQUES AMORIM", "shirtname":"R. AMORIM", "playerletter":"A,R", "birthdate":"1985-01-27 00:00:00", "clubname":"SL Benfica", "idclub":1914613}