{"idcupseason":251164, "idteam":43949, "teamname":"Greece", "countrycode":"GRE", "idplayer":299086, "description":["Despite making his debut back in 2008, Lazaros\nChristodoulopoulos has had to wait for his opportunity in the\nGreece side, having missed out on consecutive tournaments at UEFA\nEURO 2008, the 2010 FIFA World Cup South Africa™ and EURO\n2012. The languid winger with a vicious long-range drive has forged\na formidable reputation since moving to Serie A side Bologna in\nearly 2013. He exploded on to the scene in Italy, grabbing a goal\non his debut against Fiorentina after coming on as a substitute. He\nhas gone on to establish himself as a key component of ", " squad since joining from Panathinaikos, where he\npicked up a Greek league and cup double in 2010.", "Fernando Santos has taken on board the impact Christodoulopoulos\nhas had at club level and played him in every qualifying group game\nafter he grabbed the winner against Lithuania in Vilnius. The\nBologna man was on the bench for the play-off games against\nRomania, but his place in the finals squad gives Santos some\nmuch-needed flair to unpick the Colombian, Japanese and Ivorian\ndefences."], "bibnum":16, "fieldpos":3, "webname":"Lazaros CHRISTODOULOPOULOS", "webnamealt":"", "surname":"CHRISTODOULOPOULOS", "shirtname":"LAZAROS", "playerletter":"C,L", "birthdate":"1986-12-19 00:00:00", "clubname":"Bologna FC", "idclub":33387}