{"idcupseason":251164, "idteam":44037, "teamname":"Bosnia and Herzegovina", "countrycode":"BIH", "idplayer":299198, "description":["Miralem Pjanic is the man who Francesco Totti described as “one\nof the most complete midfielders I’ve seen”, Barcelona view as the\nlong-term successor to the incomparable Xavi, and\nBosnia-Herzegovina know was indispensable to their qualification\nfor the 2014 FIFA World Cup Brazil™.", "Safet Susic is, perhaps, fortunate to have the cerebral\nplaymaker at his disposal. When Pjanic was a toddler, his family\nrelocated to Luxembourg following the outbreak of the Bosnian War\nin 1992 and he went on to represent that nation at youth level.", "Pjanic, then operating up front, scored Luxembourg’s only goal –\na stunning strike from distance – in a defeat by a Spain side\nincluding Cesar Azpilicueta and Bojan Krkic at the UEFA European\nU-17 Championship in 2006. After appearing for the Luxembourg\nU-19s, however, Pjanic elected to play senior international\nfootball for his birth country and made his Bosnia-Herzegovina bow\nas an 18-year-old in 2008.", "Pjanic joined Metz’s youth ranks aged 14, made his Ligue 1 debut\nthree years later and impressed so much in his first season that,\nat its end, Arsenal, Barcelona, Chelsea, Inter Milan and Real\nMadrid were all linked with signing him.", "Lyon beat those giants to land the teenager, viewing him as a\nsuccessor to club legend Juninho Pernambucano, whose No8 jersey\nPjanic later inherited. He spent three successful years at the\nStade Gerland before moving to Roma for €11m in 2011.", "Pjanic initially struggled for playing time in the Italian\ncapital, but became a regular in 2012/13 before exploding into one\nof Serie A’s finest players in 2013/14, during which he has been\ncoveted by some of the biggest club on the planet.", "Bosnia-Herzegovina finished level on points with Greece in the\nbattle for European Group G’s automatic ticket to the 20th World\nCup, but they had a mightily superior goal difference – something\nindebted to the creativity of Pjanic."], "bibnum":8, "fieldpos":3, "webname":"Miralem PJANIC", "webnamealt":"PJANIĆ", "surname":"PJANIC", "shirtname":"PJANIĆ", "playerletter":"P,P", "birthdate":"1990-04-02 00:00:00", "clubname":"AS Roma", "idclub":31083}