{"idcupseason":251164, "idteam":43946, "teamname":"France", "countrycode":"FRA", "idplayer":299878, "description":["First brought through the ranks at Lyon, Loic Remy experienced a\nfrustrating time at the Stade de Gerland, with the emergence of\nKarim Benzema blocking his path to the first team along with the\nexperience of rival forwards Fred, John Carew, Milan Baros, Sidney\nGovou and Sylvain Wiltord. Capable of operating as a lone striker\nor on the right, Remy eventually made his Ligue 1 debut as a\nsubstitute for Wiltord in October 2006, but it was during a\nsix-month loan spell at Lens that he truly began expressing\nhimself. Just two months into his stay, in fact, Remy was called up\nby then France coach Raymond Domenech, who saw the youngster as a\npotential successor to Thierry Henry.", "\n", "\nA transfer to Nice in 2008 proved another turning point, and Remy\nsoon made a name for himself as one of the most gifted marksmen in\nLigue 1, with a maiden France cap finally coming in June 2009. It\nwas his last before Domenech named his 23-man squad for South\nAfrica 2010, and although he was left off the list, Remy earned a\nswitch to Marseille that same summer. He enjoyed regular call-ups\non the road to UEFA EURO 2012, only to miss the finals through\ninjury, but he is now raring for his first major tournament with\n", ", backed up by his fine performances in the\nPremier League, first with Queens Park Rangers and then on loan at\nNewcastle United."], "bibnum":20, "fieldpos":4, "webname":"Loic REMY", "webnamealt":"REMY", "surname":"REMY", "shirtname":"REMY", "playerletter":"R,R", "birthdate":"1987-01-02 00:00:00", "clubname":"Newcastle United FC", "idclub":44136}