{"idcupseason":251164, "idteam":43938, "teamname":"Croatia", "countrycode":"CRO", "idplayer":299887, "description":["Danijel Subasic’s rise has been over the past two years nothing\nshort of exceptional. Since leaving Hajduk Split in the winter of\n2011/12 for then second-division French outfit AS Monaco, the\ngoalkeeper quickly became first-choice No1.", "On the final day of the same season, Subasic even scored from a\nfree-kick, his only ever goal in a competitive match. After\npromotion to Ligue 1 in 2013, the club invested over €100m,\nbringing in world-class players such as Radamel Falcao, Joao\nMoutinho and James Rodriguez. Monaco were suddenly competing for\nthe title, but Subasic had no problem adapting to the increased\nexpectation levels and fitted right in among his illustrious new\ncolleagues.", "In the national team he has rarely been afforded an opportunity\nto shine, though that has more to do with the experience of\nfirst-choice custodian Stipe Pletikosa who, with over 100 caps has\nbecome something of an institution between the sticks for Croatia,\nthan his own performances. Subasic made his debut in November 2009\nand was part of the squad which travelled to UEFA EURO 2012."], "bibnum":23, "fieldpos":1, "webname":"Danijel SUBASIC", "webnamealt":"SUBAŠIĆ", "surname":"SUBAŠIC", "shirtname":"SUBAŠIĆ", "playerletter":"S,S", "birthdate":"1984-10-27 00:00:00", "clubname":"AS Monaco", "idclub":30983}