{"idcupseason":251164, "idteam":43942, "teamname":"England", "countrycode":"ENG", "idplayer":299956, "description":["Joe Hart was born in Shrewsbury and began his professional\ncareer with local League club Shrewsbury Town, then in League Two.\nHe appeared in all 46 matches in the 2005/06 season, the Shrews\nfinishing tenth, and impressed Premier League Manchester City\nenough for them to sign him for the following season.", "Still only 19, he featured in just one Premier League match and\nhad spells on loan at Tranmere Rovers and Blackpool. He became more\nof a regular in the next two seasons, with 26 and 23 appearances\nrespectively, before spending the whole of 2009/10 on loan at\nBirmingham City, where he blossomed into one of the country’s top\n‘keepers.", "Joe made his debut for England’s Under-21s as a substitute for\nScott Carson in a 2-2 friendly draw against Spain in February 2007,\ngoing on to collect 21 caps at that level and start three matches\nin the UEFA U-21 European Championships Sweden.", "Fabio Capello handed him his first senior cap as a substitute\nfor David James in Trinidad and Tobago in June 2008 and since then\nhe has gone from strength to strength, establishing himself as No1\nfor both Manchester City and England.", "Hart won the FA Cup with City in 2011 and was outstanding the\nfollowing season as Roberto Mancini's side won the Premier League\ntitle. He also won the league’s Golden Glove award between 2011 and\n2013.", "He travelled with England to the 2010 FIFA World Cup™ as\nthird-choice keeper but did not make an appearance; since then\nhowever he has played regularly for his country including in all of\nthe Three Lions games at UEFA EURO 2012."], "bibnum":1, "fieldpos":1, "webname":"Joe HART", "webnamealt":"HART", "surname":"HART", "shirtname":"HART", "playerletter":"H,H", "birthdate":"1987-04-19 00:00:00", "clubname":"Manchester City FC", "idclub":33337}