{"idcupseason":251164, "idteam":43965, "teamname":"Russia", "countrycode":"RUS", "idplayer":300235, "description":["Zenit midfielder Victor Igorevich Faizulin played the first\nthree seasons of his career in the lower leagues in Russia. Only in\n2007 when he moved to Spartak Nalchik at 20 years of age did he\nmake his debut in the Russian top flight. One year later he was\nplaying for Zenit and he has stayed there ever since, accumulating\nan array of trophies. He won the Europa League in 2008, the Russian\nPremier League in 2010 and 2011/12 and the Russian Cup in\n2010. ", "Faizulin has featured for Russia since a young age, first as\npart of the U-17 team. He also played for the Olympic team and the\nU-21s before making his debut for the senior side in August 2012 in\na friendly against Côte d’Ivoire. He played in all ten of Russia’s\nFIFA World Cup™ qualifying matches, scoring three goals to help his\ncountry book their place in football’s foremost competition.\nFaizulin will be appearing in his first World Cup in Brazil."], "bibnum":20, "fieldpos":3, "webname":"Victor FAYZULIN", "webnamealt":"FAYZULIN", "surname":"FAYZULIN", "shirtname":"FAYZULIN", "playerletter":"F,F", "birthdate":"1986-04-22 00:00:00", "clubname":"FC Zenit St. Petersburg", "idclub":1884644}