{"idcupseason":251164, "idteam":43965, "teamname":"Russia", "countrycode":"RUS", "idplayer":300237, "description":["First-choice at left-back for both Spartak Moscow and Russia,\n27-year-old Dmitry Kombarov is in line to make his FIFA World Cup™\nbow in Brazil this year. The gifted defender began his professional\ncareer with Dinamo Moscow, where he played 155 games between 2005\nand 2010, weighing in with 14 goals. Come August 2010, he moved to\nSpartak Moscow, where he went on to help his new team to the\nrunners-up spot in the Russian Premier League in 2011/12 – the\nplayer’s highest league finish to date.", "After making his Russia debut in a friendly against Denmark in\nFebruary 2012, Kombarov earned inclusion in his country’s squad for\nUEFA EURO 2012. However, selected as back-up to starting left-back\nYuri Zhirkov, he did not play in any of Russia’s three games.", "Deployed mainly on the left side of defence during the eastern\nEuropeans’ Brazil 2014 qualifying campaign, Kombarov was also used\nin midfield by coach Fabio Capello. Indeed, such was his importance\nto the Italian supremo, the Spartak player started all ten games as\nRussia finished top of their group to secure direct passage to this\nyear’s global showpiece. "], "bibnum":23, "fieldpos":2, "webname":"Dmitry KOMBAROV", "webnamealt":"", "surname":"KOMBAROV", "shirtname":"D. KOMBAROV", "playerletter":"K,D", "birthdate":"1987-01-22 00:00:00", "clubname":"FC Spartak Moscow", "idclub":1885659}