{"idcupseason":251164, "idteam":44037, "teamname":"Bosnia and Herzegovina", "countrycode":"BIH", "idplayer":300411, "description":["Vedad Ibisevic will infinitely reside in Bosnia-Herzegovina’s\nsporting sanctuary after scoring the goal that snatched them a\nplace at their first FIFA World Cup™. Just 22 minutes separated\nSafet Susic’s side with a play-off for a place in Brazil – a hurdle\nthey had fallen at in the 2010 qualifiers – when the No9 did what\nhe has done prolifically for his country, Hoffenheim and Stuttgart\nsince 2007.", "Ibisevic was brought up in Switzerland and the USA, where he\nplayed in the US Premier Development League. There, he caught the\neye of Paris Saint-Germain coach and fellow Bosnian Vahid\nHalilhodzic, who took him to the French capital. The youngster was\nswiftly loaned out to Dijon and, when Halilhodzic vacated the PSG\nreins, Ibisevic joined the French second-tier team on a permanent\nbasis.", "The big forward failed to hit the heights at Dijon, Alemannia\nAachen or in his first season at Hoffenheim, which ended with the\nclub securing promotion to the Bundesliga. In his second term in\nBaden-Wurttemberg, however, Ibisevic electrified. His 18 goals in\n17 league games had Hoffenheim implausibly sitting top in January\nbefore he was ruled out for the remained of the campaign and his\nteam went into a rapid descent, ultimately finishing seventh.", "Ibisevic continued to ripple nets for Hoffenheim before\ntransferring to Stuttgart in January 2012, since which he has\nmanaged to average over a goal every two games.", "The Bosnian footballer of the Year for 2008, Ibisevic, a\npredatory striker who links up fluently with Edin Dzeko, scored\neight goals in ten Brazil 2014 qualifiers – including the only one\nin that historic match in Lithuania."], "bibnum":9, "fieldpos":4, "webname":"Vedad IBISEVIC", "webnamealt":"IBIŠEVIĆ", "surname":"IBIŠEVIC", "shirtname":"IBIŠEVIĆ", "playerletter":"I,I", "birthdate":"1984-08-06 00:00:00", "clubname":"VfB Stuttgart", "idclub":31053}