{"idcupseason":251164, "idteam":44037, "teamname":"Bosnia and Herzegovina", "countrycode":"BIH", "idplayer":300402, "description":["Senijad Ibricic is an attacking midfielder renowned for his\nwork-rate and goal-scoring. He made four appearances – all as a\nsubstitute – in 2014 FIFA World Cup Brazil™ qualifying.", "After hitting 16 goals in 23 games for Podgrmec in his homeland,\nIbricic was snapped up by NK Zagreb in 2004. After four productive,\nprolific seasons in the Croatian capital, he made a €1.8m move to\nnational giants Hajduk Split. Ibricic scored 35 times in 76 matches\nfor Hajduk, including in both legs of their triumphant 2010\nCroatian Cup final victory.", "A cool €7m took Ibricic to Lokmotic Moscow in 2011, but he\nfailed to recreate his form in Croatia and loan spells at Turkish\nteams Gaziantepspor and Kasımpasa ensued. Since a permanent switch\nto Erciyesspor in August 2013, however, the 5ft 11 ins player has\nrediscovered his rhythm and, as well as scoring goals, has\ndisplayed a new-found creative streak.", "Ibricic made his Bosnia-Herzegovina debut as a 19-year-old in\n2004. He played in each of their 12 qualifiers for South Africa\n2010, but has since become a customary substitute."], "bibnum":17, "fieldpos":3, "webname":"Senijad IBRICIC", "webnamealt":"IBRIČIĆ", "surname":"IBRICIC", "shirtname":"IBRIČIĆ", "playerletter":"I,I", "birthdate":"1985-09-26 00:00:00", "clubname":"Kayseri Erciyesspor", "idclub":1900872}