{"idcupseason":251164, "idteam":44037, "teamname":"Bosnia and Herzegovina", "countrycode":"BIH", "idplayer":300407, "description":["Sejad Salihovic, a multifunctional midfielder and set-piece\nspecialist, has ample experience in the prestigious waters of the\nGerman Bundesliga and for Bosnia-Herzegovina.", "Salihovic’s family emigrated to Berlin just before the outbreak\nof the Bosnian War, when he was seven, and he joined Hertha\nBerlin’s youth ranks as a teenager. The then-forward made his\nGerman top flight debut in 2004 but struggled for playing time\nat Hertha and joined Hoffenheim in 2006.", "Converted into a midfielder, Salihovic played a fundamental role\nin the club’s leap from the third to the first tier of German\nfootball. His mix of defensive and offensive play even helped\nHoffenheim lead the 2008/09 Bundesliga at its halfway stage, but an\ninjury to his compatriot Vedad Ibisevic was chiefly behind them\nstumbling home in seventh.", "Salihovic performed consistently over the following seasons and\naugmented his status at Hoffenheim on the final day of 2012/13.\nRequiring victory away to UEFA Champions League finalists Borussia\nDortmund to go into a relegation play-off rather than suffer\nautomatic relegation, Salihovic converted two late penalties – both\nmasterfully curled high into the net – to grab Hoffenheim a\ncome-from-behind 2-1 victory. The Sinsheim outfit then beat\nKaiserslautern home and away to retain their top-flight status.", "Salihovic, who has been sporadically used at left-back, has been\na regular in the Bosnia-Herzegovina squad since 2007."], "bibnum":23, "fieldpos":3, "webname":"Sejad SALIHOVIC", "webnamealt":"SALIHOVIĆ", "surname":"SALIHOVIC", "shirtname":"SALIHOVIĆ", "playerletter":"S,S", "birthdate":"1984-10-08 00:00:00", "clubname":"TSG 1899 Hoffenheim", "idclub":2000000593}