{"idcupseason":251164, "idteam":44037, "teamname":"Bosnia and Herzegovina", "countrycode":"BIH", "idplayer":300409, "description":["Edin Dzeko has long been Bosnia-Herzegovina’s sporting poster\nboy. The 6ft 4in striker did, after all, form the most prolific\nstriker partnership in Bundesliga history, help Manchester City end\na 44-year wait for the top-tier title, become his country’s\nall-time leading marksman at the age of just 26 and fire them to a\nmaiden FIFA World Cup™ qualification.", "It was not, however, always plain sailing for Dzeko. He started\nout as a midfielder for Zeljeznicar in his homeland, but the club\nconsidered him too burly for the position and he was allowed to\njoin Czech side Teplice. Initially loaned out, Dzeko returned, was\nconverted into a forward, and finished joint-second on the 2006/07\nGambrinus Liga scoring chart.", "\n", "\nThat return piqued the interest of Wolfsburg, and €4m took the\nplayer across the border. Dzeko made a good impression in his first\ncampaign, helping a team that had just survived relegation the\nprevious season run home in fifth, but he made an incredible one in\nhis second. He finished it with 26 goals and ten assists in 32\nBundesliga games. Wolfsburg finished it with their first title.\nMoreover, Dzeko’s 54-goal partnership with Grafite proved the\ndeadliest in German top-flight history, surpassing the total Bayern\nMunich legends Gerd Muller and Uli Hoeness managed between them in\n1971/72.", "Dzeko left Wolfsburg for Manchester in January 2011 for €32m.\nThe City No10 hit 14 Premier League goals in each of his first two\nfull seasons, helping them win the FA Cup in 2010/11 and become\nnational champions the following campaign.", "After netting a stunning strike on his Bosnia-Herzegovina debut\nin 2007, Dzeko finished as the second-leading marksman in European\nqualifying for both South Africa 2010 and Brazil 2014."], "bibnum":11, "fieldpos":4, "webname":"Edin DZEKO", "webnamealt":"DŽEKO", "surname":"DŽEKO", "shirtname":"DŽEKO", "playerletter":"D,D", "birthdate":"1986-03-17 00:00:00", "clubname":"Manchester City FC", "idclub":33337}