{"idcupseason":251164, "idteam":43901, "teamname":"Costa Rica", "countrycode":"CRC", "idplayer":301165, "description":["Oscar Esteban Granados began his football career with Costa\nRican club Cartagines, where he played from 2003 until 2011. After\nmore than seven years with the club, Granados moved to Orion. He\nbrought his strong playing skills to Herdiano in 2012, where he\nremains.", "In addition to his time with\nseveral Costa Rican clubs, Granados represented his country\nsuccessfully in the 2009 UNCAF Copa and the 2009 CONCACAF Gold Cup\nas well as an elimination game for the 2010 FIFA World Cup South\nAfrica™. With only a handful of caps for the senior squad, it seems\nunlikely Granados will make much of an impact in coach Jorge Luis\nPinto’s side at Brazil 2014. However, the tenacious defensive\nmidfielder will push other fringe players in the 23-man squad and\nwill certainly jump at any opportunity to help his country compete\nin what is expected to be a very difficult Group D."], "bibnum":13, "fieldpos":3, "webname":"Oscar GRANADOS", "webnamealt":"GRANADOS O.", "surname":"GRANADOS MAROTO", "shirtname":"GRANADOS O.", "playerletter":"G,G", "birthdate":"1985-10-25 00:00:00", "clubname":"CS Herediano", "idclub":1885925}