{"idcupseason":251164, "idteam":43948, "teamname":"Germany", "countrycode":"GER", "idplayer":302381, "description":["Ron-Robert Zieler’s sharp reflexes and ability to dominate his\npenalty area have helped turn him into one of Germany’s best\ngoalkeepers. He is often cited alongside Manuel Neuer as the\nprototype of a modern custodian, thanks to his ease in possession,\nhis willingness to receive the ball and initiate moves from the\nback, as well as doubling up as a sweeper to nip opposition attacks\nin the bud.", "\n", "\nZieler joined Cologne as a ten-year-old and went on to represent\nGermany at youth level while at the club. Six years later he moved\nto Manchester United, where he trained in the reserves, but\nreturned to Germany in summer 2010 after struggling to break\nthrough in England. Since then he has made the No1 jersey his own\nat Bundesliga side Hannover 96.", "\n", "\nThe shot-stopper was involved in the national set-up in every age\ncategory from U-16 through to U-20, with his greatest success so\nfar coming at Germany’s triumphant U-19 European Championship\ncampaign in 2008. Having demonstrated his top-class range of\ntalents at the FIFA U-20 World Cup Egypt 2009, Zieler was handed\nhis senior debut away to Ukraine in November 2011 and was also\nincluded in Germany’s UEFA EURO 2012 squad. National team coach\nJoachim Low clearly has faith in his abilities, with Zieler\ntravelling to Brazil as a highly-dependable back-up."], "bibnum":12, "fieldpos":1, "webname":"Ron-Robert ZIELER", "webnamealt":"ZIELER", "surname":"ZIELER", "shirtname":"ZIELER", "playerletter":"Z,Z", "birthdate":"1989-02-12 00:00:00", "clubname":"Hannover 96", "idclub":386}