{"idcupseason":251164, "idteam":43965, "teamname":"Russia", "countrycode":"RUS", "idplayer":302539, "description":["Alan Dzagoev had not even celebrated his 16th birthday when he\nbegan his professional career in Russia’s second division. His\nprecocious talent did not go unnoticed, and just over two years\nlater the midfielder had become a CSKA Moscow idol and made his\nRussia debut under Guus Hiddink.", "His numerous goals and assists, not to mention sublime\ndribbling, cemented a meteoric rise that saw him voted Young Player\nof the Year in Russia in 2008. In the following years he played a\ndecisive role in winning the Russian Championship, four Russian\nCups and two Super Cups.", "Having established himself as a CSKA star at 20 years of age, he\nalso earned his spot in the national team, even after Hiddink was\nreplaced by Dick Advocaat. With the latter at the helm he stood out\nin the UEFA EURO 2012 qualifying campaign and shined brightly in\nthe tournament itself, netting three goals (two against the Czech\nRepublic and one against Poland), finishing as one of the event’s\ntop scorers.", "On the international front, however, things have not gone as\nsmoothly. Under Fabio Capello he started in the first qualifiers\nfor Brazil 2014, but has gradually fallen down the pecking order.\nAfter playing in only four matches, without scoring, Dzagoev will\nsee the FIFA World Cup™ as a chance to regain the heights of his\nearly career."], "bibnum":10, "fieldpos":3, "webname":"Alan DZAGOEV", "webnamealt":"DZAGOEV", "surname":"DZAGOEV", "shirtname":"DZAGOEV", "playerletter":"D,D", "birthdate":"1990-06-17 00:00:00", "clubname":"CSKA Moscow", "idclub":34555}