{"idcupseason":251164, "idteam":43927, "teamname":"Ecuador", "countrycode":"ECU", "idplayer":302630, "description":["With his robust physique, superb reflexes and poise between the\nsticks, Maximo Banguera is one of the most highly rated\nand widely recognised goalkeepers in Ecuador and a\nfixture in the country's international set-up. The Guayaquil-born\nshot-stopper made his first-team breakthrough at a very young age,\nback when Espoli were languishing in the Ecuadorian second\ndivision. His form was instrumental in earning promotion in 2005,\nbut relegation soon followed and his calming influence at the back\nagain helped the club bounce back up to the top flight in 2008.", "Banguera was in goal for what was arguably Ecuador's greatest\never achievement in international football, when an U-17 side took\ngold at the 2007 Pan American Games in Rio de Janeiro. He received\nhis first senior cap against Haiti in 2008 and was an unused member\nof the squad in qualifying for the 2010 FIFA World Cup South\nAfrica", " and at the 2011 Copa America.", "Nicknamed ", " (The Yellow Padlock), in\n2009 Banguera signed for hometown club Barcelona, where he nailed\ndown the No1 spot with some outstanding displays and won the title\nin 2012. He featured four times in qualifying for Brazil 2014,\nletting in just three goals."], "bibnum":1, "fieldpos":1, "webname":"Maximo BANGUERA", "webnamealt":"", "surname":"BANGUERA VALDIVIESO", "shirtname":"BANGUERA", "playerletter":"B,B", "birthdate":"1985-12-16 00:00:00", "clubname":"Barcelona SC", "idclub":336}