{"idcupseason":251164, "idteam":43969, "teamname":"Spain", "countrycode":"ESP", "idplayer":303034, "description":["Xavi and Andres Iniesta may steal the headlines with Spain, but\nSergio Busquets is one of the most invaluable, and unsung, members\nof the national side. So much so that coach Vicente del Bosque once\nsaid: “If I were a player I’d like to be like him. When he plays\nwell, our game flows much better.”", "Josep Guardiola promoted Busquets to ", "’s first team\nin the 2008/09 season and the midfielder repaid that faith by\nplaying his part in a historic year, winning all six trophies on\noffer in his debut campaign. He enjoyed sustained success in\nsubsequent years, although not in the same quantities.", "So impressive was Busquets in his breakthrough season that his\ninclusion in the national side came as no surprise. After earning a\nfirst full international cap on 1 April 2009 in a 2010 FIFA World\nCup™ qualifier against Turkey, Busquets has been a constant\npresence in Del Bosque’s squads. He was a crucial part of the\nvictorious Spanish teams at South Africa 2010 and UEFA EURO\n2012."], "bibnum":16, "fieldpos":3, "webname":"Sergio BUSQUETS", "webnamealt":"", "surname":"BUSQUETS BURGOS", "shirtname":"SERGIO", "playerletter":"B,S", "birthdate":"1988-07-16 00:00:00", "clubname":"FC Barcelona", "idclub":1903416}