{"idcupseason":251164, "idteam":43911, "teamname":"Mexico", "countrycode":"MEX", "idplayer":303394, "description":["Nicknamed ‘Gullit’ due to his physical resemblance with the\nformer Dutch star, Carlos Pena is one of the few genuine box-to-box\nmidfielders in Mexican football. A product of the Pachuca youth\nacademy, the 23-year-old has excelled since joining Leon, where he\nis a first team regular.", "Pena’s performances there have earned him recent call-ups to the\nnational side, and he has shown promise in his initial forays on\nthe international scene.", " ", "The midfielder will travel to Brazil 2013 primarily to gain\nexperience at a major tournament, although it would come as no\nsurprise if coach Jose Manuel de la Torre were to bring him on at\nregular intervals throughout the competition."], "bibnum":21, "fieldpos":3, "webname":"Carlos PENA", "webnamealt":"", "surname":"PENA RODRIGUEZ", "shirtname":"C. PEÑA", "playerletter":"P,C", "birthdate":"1990-03-29 00:00:00", "clubname":"Club Leon", "idclub":543}