{"idcupseason":251164, "idteam":43927, "teamname":"Ecuador", "countrycode":"ECU", "idplayer":303419, "description":["Alexander Dominguez's imposing stature, athleticism, reflexes\nand composure have helped establish the 27-year-old as Ecuador's\nfirst-choice goalkeeper. Dominguez was born in Tachina and learned\nhis trade at local side Esmeraldas. Since moving to Liga de Quito,\nhe has secured several pieces of silverware, including the Copa\nLibertadores, the Copa Sudamericana, two Recopa Sudamericanas\nand a pair of domestic titles. He even went over 20 games\nwithout conceding during a spell in 2007.", "The rangy shot-stopper featured in the 2007 South American Youth\nChampionship in Paraguay, at which Ecuador failed to make it beyond\nthe group stage. He was handed his first senior call-up for a\nfixture against Peru in Spain in 2009, only for the match to be\ncalled off due to adverse weather conditions.", "Dominguez cemented his status as his country's No1 during\nqualifying for the upcoming FIFA World Cup", ", conceding\n12 times in as many games. ", ", as he is fondly nicknamed\nback home, is at the height of his powers going into Brazil 2014\nand is one of the cornerstones of Reinaldo Rueda's side."], "bibnum":22, "fieldpos":1, "webname":"Alexander DOMINGUEZ", "webnamealt":"", "surname":"DOMINGUEZ CARABALI", "shirtname":"DOMINGUEZ", "playerletter":"D,D", "birthdate":"1987-06-05 00:00:00", "clubname":"LDU Quito", "idclub":1916907}