{"idcupseason":251164, "idteam":43909, "teamname":"Honduras", "countrycode":"HON", "idplayer":304934, "description":["Despite spending years away from his native Honduras, Roger\nEspinoza has gradually emerged as a key member of his homeland’s\nnational side. And after playing for English outfit Wigan Athletic\nlast season, ", " will form part of the backbone the\n", " team at the 2014 FIFA World Cup Brazil™.", "\n", "\nHaving moved to the USA as a 12-year-old, the left-sided\nmidfielder, who is comfortable in possession and has a knack of\nplaying the right pass, has spent his entire club career on foreign\nshores.", "\n", "\nHe started out as a professional in 2008 at Sporting Kansas City\nand made his debut for the national side in a friendly against\nChile later that year. He has been a mainstay in the Honduras camp\never since and helped fire the team to South Africa 2010, ending\nthe country’s 28-year wait to appear at a World Cup. Espinoza also\nfeatured at the Men’s Olympic Football Tournament at London 2012,\nwhere he found the net against Brazil.  ", "His eye-catching displays there paved the way for his move to\nthe English Premier League with Wigan the following year. Espinoza\nwas a first-team regular in Honduras’ Brazil 2014 qualifying\ncampaign, tasting 1079 minutes of action across 12 matches, and he\nwill be crucial to his country’s hopes of success in South\nAmerica."], "bibnum":15, "fieldpos":3, "webname":"Roger ESPINOZA", "webnamealt":"ESPINOZA", "surname":"ESPINOZA RAMIREZ", "shirtname":"ESPINOZA", "playerletter":"E,E", "birthdate":"1986-10-25 00:00:00", "clubname":"Wigan Athletic FC", "idclub":1886173}