{"idcupseason":251164, "idteam":43948, "teamname":"Germany", "countrycode":"GER", "idplayer":305036, "description":["Mesut Ozil may be a somewhat shy and reserved character away\nfrom the pitch, but he is an explosive presence once he steps on\nit. His technique, intelligence and ability to bring the ball under\ncontrol even while running at top speed have made him one of the\nmost feared attacking midfielders in the world, while he also has a\nclinical eye for goal and can carve open opposition defences with\ninch-perfect passes.", "Born in Gelsenkirchen to Turkish parents, Ozil joined FC Schalke\nfrom Rot-Weiss Essen as a 16-year-old and went on to make his\nBundesliga debut for the Royal Blues a year later. In January 2008,\nthe left-footed playmaker moved to Werder Bremen but it was not\nuntil 2009 that his major breakthrough came, when he fired the\nnorth German club to glory in the DFB Cup, as well as winning the\nU-21 European Championship with Germany in Sweden and later\nestablishing himself as a key member of Joachim Low’s senior\nside.", "Ozil was in the starting line-up for all seven of his country’s\nmatches at the 2010 FIFA World Cup South Africa™, repeatedly\ndemonstrating his outstanding ability as one of Germany’s best\nplayers at the tournament. The team finished in third place and\nOzil’s talent caught the eye of Real Madrid, where he subsequently\nplayed for the next three seasons, winning the Spanish league title\nand the Copa del Rey. In summer 2013 the 26-year-old joined English\nclub Arsenal and he is now eager to dazzle the footballing world\nonce more at Brazil 2014."], "bibnum":8, "fieldpos":3, "webname":"Mesut OEZIL", "webnamealt":"", "surname":"ÖZIL", "shirtname":"ÖZIL", "playerletter":"O,Ö", "birthdate":"1988-10-15 00:00:00", "clubname":"Arsenal FC", "idclub":32847}