{"idcupseason":251164, "idteam":43930, "teamname":"Uruguay", "countrycode":"URU", "idplayer":305382, "description":["A physically imposing centre-back with good technique and a\nstrong personality, Sebastian Coates was a key figure for Uruguayan\ngiants Nacional by the age of just 19.", "A product of ", "'s youth system, Coates had yet to\nmake his first-team debut when, in 2009, he shone for the national\nyouth side that qualified for the FIFA U-20 World Cup in Egypt. He\nmade his professional club debut that same year and enjoyed a\nsuccessful first campaign, winning the Uruguayan championship and\nreaching the semi-finals of the Copa Libertadores.", "After the FIFA U-20 World Cup in 2009, Coates decided against a\nmove to Europe and instead stayed at Nacional, where he soon picked\nup another league title. ", " (The Boss), as he is\nknown, capped 2009 with a call-up to Oscar Tabarez's Uruguay squad\nfor the play-off against Costa Rica for a place at the 2010 FIFA\nWorld Cup South Africa™. He was not used in that game, though, and\ndid not make ", "s squad for South Africa 2010.", "The young defender continued to impress, however, and was\neventually given his senior international debut by Tabarez in a\nfriendly ahead of the 2011 Copa America. He then started the\ncontinental competition on the bench, but finished as a regular\npart of the starting line-up that won the championship.", "Coates has found his opportunities limited at Liverpool since\nmoving to England, and has so far only featured in two qualifiers\nfor Brazil 2014. He did, however, play in all three of Uruguay's\ngames at the Men's Olympic Football Tournament London 2012, and\nremains a regular member of Tabarez's senior squad despite picking\nup some injuries. ", " "], "bibnum":19, "fieldpos":2, "webname":"Sebastian COATES", "webnamealt":"S. COATES", "surname":"COATES NION", "shirtname":"S. COATES", "playerletter":"C,S", "birthdate":"1990-10-07 00:00:00", "clubname":"Club Nacional de Football", "idclub":1882531}