{"idcupseason":251164, "idteam":43930, "teamname":"Uruguay", "countrycode":"URU", "idplayer":305372, "description":["Quick, skilful and incisive, Abel Hernandez is a confident,\nopportunistic forward who can play through the middle or on either\nwing, thanks to his ability with both his left and weaker right\nfoot.", "Hernandez, nicknamed ", ", rose through the youth\nranks at Central Espanol and made his first-team debut aged 17. He\nwent on to score 12 goals in 24 games for the club, before earning\na fleeting move to Penarol. Indeed, after finishing joint-top\nscorer in the qualifying tournament for the FIFA U-20 World Cup\nEgypt 2009, he was on the move again, this time to Palermo in\nItaly.", "After scoring once at Egypt 2009, Hernandez got down to work at\nhis new club and gradually began to establish himself in the first\nteam. His progress did not go unnoticed by Uruguay coach Oscar\nTabarez, who gave him his first senior cap in a friendly against\nAngola in the build-up to the 2010 FIFA World Cup South Africa™.\nHernandez won the penalty that brought Uruguay's opener, before\nscoring his first international goal later in the same\ngame. ", "Despite a string of injuries, Hernandez featured in the 2011\nCopa America, the Men's Olympic Football Tournament London 2012,\nand the 2013 FIFA Confederations Cup Brazil. He was also a regular\nin Uruguay's squad for their Brazil 2014 qualifiers, although he\nonly saw action in their play-off second leg against\nJordan. "], "bibnum":8, "fieldpos":4, "webname":"Abel HERNANDEZ", "webnamealt":"A.HERNANDEZ", "surname":"HERNANDEZ PLATERO", "shirtname":"A. HERNANDEZ", "playerletter":"H,A", "birthdate":"1990-08-08 00:00:00", "clubname":"US Citta di Palermo", "idclub":1892909}