{"idcupseason":251164, "idteam":43930, "teamname":"Uruguay", "countrycode":"URU", "idplayer":305378, "description":["Nicolas Lodeiro is one of the brightest talents to emerge from\nUruguayan football in recent years and, at 25, is yet to reach his\npeak. The midfielder’s character, all-round ability, intelligence\nand explosiveness make him a constant threat in the final\nthird.", "The Paysandu native made his debut with Nacional aged just 18\nand made waves in 2009 with some sensational displays. His four\ngoals were instrumental in his side reaching the semi-finals of the\nCopa Libertadores and he also helped Uruguay qualify for the FIFA\nU-20 World Cup Egypt 2009.", "He capped dazzling performances at that competition with winning\nthe league title in 2008/09, inevitably catching the eye of\nnational team coach Oscar Tabarez. Although Lodeiro did not feature\nat all during the 2010 FIFA World Cup South Africa™ qualifying\ncampaign, he started both play-off matches against Costa Rica.", "That helped earn him a place in Uruguay’s squad for the\ntournament, where he appeared three times as a substitute. After\nthe World Cup, he went to play for Ajax in the Netherlands, where\nhe won three titles.", "Lodeiro was given a similar role by Tabarez at the Copa America\n2011, although he did start one match during the tournament.\nHowever, a year later at the Men’s Olympic Football Tournament the\nmidfielder was given a starting berth in all three games, and a\nyear later, in two of the five games at the 2013 FIFA\nConfederations Cup Brazil.", "Now a key player for Botafogo, Lodeiro continues to offer\nUruguay a variety of options in attacking midfield, as he displayed\nduring the play-off matches against Jordan."], "bibnum":14, "fieldpos":3, "webname":"Nicolas LODEIRO", "webnamealt":"M.LODEIRO", "surname":"LODEIRO BENITEZ", "shirtname":"N. LODEIRO", "playerletter":"L,N", "birthdate":"1989-03-21 00:00:00", "clubname":"Botafogo FR", "idclub":44131}