{"idcupseason":251164, "idteam":43942, "teamname":"England", "countrycode":"ENG", "idplayer":305768, "description":["Left-back Leighton Baines began his career with Wigan Athletic.\nHe was a first-team regular at the DW Stadium for four seasons, two\nin the second tier and two in the Premier League, before Everton\nsigned him in 2007.", "Baines was first capped for England’s Under-21s in a UEFA\nChampionship Qualifier in Austria in September 2004. He also played\nin all four matches at the 2007 UEFA Under-21 Championship Finals\nin the Netherlands as his caps total for the U-21s reached 16.", "He became established in Everton’s first team in the 2008/09\nseason, featuring in 31 Premier League matches, and forced his way\ninto the England squad for the first time for the Wembley\ninternationals against Slovakia and Ukraine in the European spring.\nBut he had to wait until March 2010 for his senior debut, Fabio\nCapello including him in the team that started the Wembley friendly\nwith Egypt.", "Leighton has played in two major finals; for Wigan in the 2006\nFootball League Cup and for Everton in the 2009 FA Cup. He has also\nbeen named in the PFA Premier League Team of the Year in 2012 and\n2013."], "bibnum":3, "fieldpos":2, "webname":"Leighton BAINES", "webnamealt":"BAINES", "surname":"BAINES", "shirtname":"BAINES", "playerletter":"B,B", "birthdate":"1984-12-11 00:00:00", "clubname":"Everton FC", "idclub":32848}