{"idcupseason":251164, "idteam":43942, "teamname":"England", "countrycode":"ENG", "idplayer":305764, "description":["Central defender Gary Cahill signed with Aston Villa’s academy\nat 15 but had to wait five years for his first-team debut, via a\nloan spell at Burnley.", "He won the first of three England U-21 caps in the first\nofficial match played at the new Wembley, a 3-3 draw with Italy\nbefore 55,000 fans in March 2007. His other caps came in the same\nseason: a 5-0 win over Slovakia in a friendly and a 0-0 draw with\nCzech Republic in the opening fixture of the UEFA Championship\nFinals in the Netherlands.", "At the age of 23, and while playing for Bolton Wanderers, Cahill\nwas chosen for his first full England squad following the injured\nRio Ferdinand’s withdrawal from the squad to travel to Kazakhstan\nfor a FIFA World Cup™ qualifier in June 2009.", "He missed out on a place in the final squad for South Africa,\nbut was given the chance to impress in a UEFA EURO 2012 qualifier\nat home to Bulgaria and friendlies against Denmark and Ghana.\nCahill then scored his first England goal in the 3-0 victory away\nto Bulgaria in September 2011.", "The 28-year-old joined Chelsea in January 2012 and enjoyed\ninstant success as he helped his new club to both the FA Cup and\nUEFA Champions League Finals. He was named in Roy Hodgson's squad\nfor UEFA EURO 2012, but was ruled out with a broken jaw following a\nfreak injury in a warm-up match against Belgium at\nWembley."], "bibnum":5, "fieldpos":2, "webname":"Gary CAHILL", "webnamealt":"", "surname":"CAHILL", "shirtname":"CAHILL", "playerletter":"C,C", "birthdate":"1985-12-19 00:00:00", "clubname":"Chelsea FC", "idclub":33332}