{"idcupseason":251164, "idteam":43922, "teamname":"Argentina", "countrycode":"ARG", "idplayer":306144, "description":["Perfectly built for his position, Mariano Andujar boasts all the\nattributes an international goalkeeper needs: feline reflexes, fine\npositional sense and bags of character. A product of the youth\nacademy at Huracan, the club closest to his heart and for whom he\nmade his debut in 2003, Andujar tried his luck in Italian football\nwith Palermo before returning home to win a league title with\nEstudiantes.", "It was at this stage that he got his first call for national\nduty, with Alfio Basile drafting him into the squad in November\n2007 for two South Africa 2010 qualifying matches, though he saw no\naction in either of them.  Diego Maradona gave him his\ninternational debut in the same competition, against Colombia in\n2009. Though he retained his place in the side for the next two\ngames, he was replaced by Sergio Romero following the defeat to\nBrazil in Rosario, and remained an understudy at the World Cup the\nfollowing year and at the 2011 Copa America.", "Current ", " coach Alejandro Sabella knows all\nabout Andujar’s gifts having been his coach at Estudiantes.\nTogether they won the Copa Libertadores in 2009, with the keeper\ngoing 800 minutes without conceding a goal, a new record for the\ntournament. Though he has been part of the Argentina set-up since\nSabella took over, Andujar, who is now with Catania, made only two\nappearances in the qualifiers for Brazil 2014, right at the start\nof the campaign."], "bibnum":21, "fieldpos":1, "webname":"Mariano ANDUJAR", "webnamealt":"ANDUJAR", "surname":"ANDUJAR", "shirtname":"ANDUJAR", "playerletter":"A,A", "birthdate":"1983-07-30 00:00:00", "clubname":"Calcio Catania", "idclub":93736}