{"idcupseason":251164, "idteam":43849, "teamname":"Cameroon", "countrycode":"CMR", "idplayer":306180, "description":["Benoit Assou-Ekotto took his first steps on the professional\nladder at French club Lens. Having come up through the youth ranks\nof the Ligue 1 outfit, the left-back made 73 first-team appearances\nin four seasons before his move to Tottenham Hotspur in summer\n2006. His solidity, intelligent positioning and speed soon made him\na regular in the Spurs line-up and he played over 150 games for the\nteam before moving on loan to Queens Park Rangers last\nterm.", "Born in Arras, France, but eligible for Cameroon via his father,\nAssou-Ekotto first joined up with the Indomitable Lions in February\n2009 after heeding the call of then boss Otto Pfister. He was\ncalled up for the 2010 FIFA World Cup South Africa™ and played\nin all three matches as the Indomitable Lions crashed out in the\nfirst round with three defeats. His inclusion in the international\nsquad since then has been erratic, but he earned a recall for\nCameroon's final qualifier against Tunisia and for the 20th World\nCup."], "bibnum":2, "fieldpos":2, "webname":"Benoit ASSOU EKOTTO", "webnamealt":"", "surname":"ASSOU-EKOTTO", "shirtname":"ASSOU EKOTTO", "playerletter":"A,A", "birthdate":"1984-03-24 00:00:00", "clubname":"Queens Park Rangers FC", "idclub":1886125}