{"idcupseason":251164, "idteam":43817, "teamname":"Iran", "countrycode":"IRN", "idplayer":306206, "description":["A talented right-back, Khosro Heydari's career is marked out by\ntwo spells with Esteghlal, sandwiched by a short stint with Sepahan\nin 2010/11. It is with the two giants of Tehran that Heydari has\nproven something of a trophy-collector, with three league titles\n(one with Sepahan) and a Hazfi Cup garnered down the years.", "Heydari started with Aboomoslem in 2002 but he made his name in\nPas, with whom he became a central figure as the side finished as\nrunners-up in 2005/06 Iranian league. His outstanding displays saw\nhim scooped up by Esteghlal in 2008, where he tasted his maiden\nleague success in his debut season with the Blues.", "Beyond his defensive abilities, Heydari is also a danger when\nrampaging down the flanks and was a member of the Iran U-23 squad\nthat won bronze in the 2006 Asian Games.", "Since making his international debut against Palestine in the\n2007 West Asian Football Federation Championship, he has been a\nregular player with Team Melli. Known for his inch-perfect crosses,\nhe emerged one of the most consistent performers throughout Iran's\nqualifying campaign for the 2014 FIFA World Cup Brazil™, during\nwhich his side sealed progression in style."], "bibnum":2, "fieldpos":4, "webname":"Khosro HEYDARI", "webnamealt":"KH. HEYDARI", "surname":"HEYDARI", "shirtname":"KH. HEYDARI", "playerletter":"H,K", "birthdate":"1983-09-14 00:00:00", "clubname":"Esteghlal Tehran FC", "idclub":2147483046}