{"idcupseason":251164, "idteam":43976, "teamname":"Australia", "countrycode":"AUS", "idplayer":306364, "description":["An athletic fleet-footed and versatile modern player, Jason\nDavidson has played in central midfield, as well as at centre-back\nand on the left side of defence. It is in the latter role which he\nhas filled for the national team, a problematic position for the\nSocceroos since the retirement of Scott Chipperfield in 2010.", "He is the son of former Socceroo full-back Alan, a permanent\nfixture for the Green & Gold during the 1980s, and a\nplayer so highly regarded he was named in the Socceroos\nall-time XI in 2012.", "Davidson’s grandmother is Japanese, and he spent three teenage\nyears living away from his family at a private boarding school in\nJapan.", "Davidson took an unlikely path to the national team, moving from\nsemi-professional football in his native Melbourne as an\n18-year-old to Portuguese club Pacos de Ferreira. After two seasons\nhe joined rising Dutch Eredivisie side Heracles Almelo where he has\nbecome a first-team regular.", "He earned his first Socceroo cap against Scotland in 2012 but\nheaded into his own net just four minutes after entering the match\nas a substitute.", "Davidson, however, played a full game at left-back in the first\ngame of the Ange Postecoglou era last November, earning strong\npraise from the new coach."], "bibnum":3, "fieldpos":2, "webname":"Jason DAVIDSON", "webnamealt":"DAVIDSON", "surname":"DAVIDSON", "shirtname":"DAVIDSON", "playerletter":"D,D", "birthdate":"1991-06-29 00:00:00", "clubname":"SC Heracles Almelo", "idclub":2147482717}