{"idcupseason":251164, "idteam":43976, "teamname":"Australia", "countrycode":"AUS", "idplayer":306424, "description":["Slight in stature but big in heart, Oar is a jet-heeled\nleft-winger who likes to run at fullbacks and deliver crosses from\nwide areas.", "One of numerous Queensland products to come through the ranks in\nrecent years Oar has been ear-marked for a prosperous career after\nbeing fast-tracked into the Socceroos side just prior to the 2010\nFIFA World Cup™, although he was eventually named only as a\nstand-by player. His breakthrough at a tender age and surging runs\ndown the left earned him media comparisons with Socceroos icon\nHarry Kewell.", "He played in five of Australia’s Brazil 2014 qualifiers scoring\nan unusual deflected goal in Saitama which had the Socceroos set\nfor a famous victory until Japan equalised in injury time.", "Oar was a key member of the Young Socceroos team which competed\nat the 2011 FIFA U-20 World Cup in Colombia, and his spectacular\nlong-range goal against Ecuador was named the tournament’s\nbest.", "After two seasons with Brisbane Roar, Oar joined Dutch\nEredivisie club FC Utrecht in 2010 along with fellow Australians\nAdam Sarota and Michael Zullo. Oar soon found his feet in the\nNetherlands and has been a permanent fixture for the club over the\npast three seasons."], "bibnum":11, "fieldpos":3, "webname":"Tommy OAR", "webnamealt":"OAR", "surname":"OAR", "shirtname":"OAR", "playerletter":"O,O", "birthdate":"1991-12-10 00:00:00", "clubname":"FC Utrecht", "idclub":563}