{"idcupseason":251164, "idteam":43942, "teamname":"England", "countrycode":"ENG", "idplayer":306532, "description":["Birmingham-born Daniel Sturridge is a forward who was developed\nby Coventry City and Manchester City before Chelsea signed him in\nJuly 2009.", "He became the first player to score in the Premier League, the\nFA Cup and the FA Youth Cup in the same season in 2007/08 and made\na significant contribution for Manchester City in the Premier\nLeague in 2008/09, netting four times in 16 appearances while still\na teenager.", "He made his Premier League debut for Chelsea as a substitute\nagainst Sunderland in August 2009 and came into his own after\nChristmas, starting against Birmingham City and grabbing a brace in\nthe FA Cup Third Round tie with Watford.", "Sturridge won his first England cap for the U-16s in 2004 and\nwas a regular scorer at all age levels before making his U-21 bow\nin August 2009.", "In January 2011 he moved to Bolton Wanderers on loan from\nChelsea, before starring for England in the UEFA European U-21\nChampionship in Denmark in which he was named in the team of the\ntournament.", "He returned to Stamford Bridge for the start of the 2010/11\nseason and put in some impressive displays which caught the eye of\nFabio Capello, who duly called Sturridge up to the senior squad for\nthe first time for the double-header with Spain and Sweden, making\nhis debut against the latter.", "In 2012, Sturridge was part of Pearce's Team GB squad in the\nLondon 2012 Olympic Games before making a switch north to Liverpool\nin the January transfer window of 2013. Two months later he scored\nhis first goal for England in an 8-0 win in San Marino during the\nqualifiers for Brazil 2014."], "bibnum":9, "fieldpos":4, "webname":"Daniel STURRIDGE", "webnamealt":"STURRIDGE", "surname":"STURRIDGE", "shirtname":"STURRIDGE", "playerletter":"S,S", "birthdate":"1989-09-01 00:00:00", "clubname":"Liverpool FC", "idclub":1896769}