{"idcupseason":251164, "idteam":43860, "teamname":"Ghana", "countrycode":"GHA", "idplayer":306634, "description":["The lean and fleet-footed Jonathan Mensah is one of several\nplayers who have graduated from Ghana’s youth side, the Black\nSatellites, to the senior Black Stars. This tall and rangy\ncentre-back played in all but one of his country's matches at the\nFIFA U-20 World Cup in 2009 as Sellas Tetteh's side won the\ntournament for the first time in their history. Mensah’s impressive\nperformances at that competition in Egypt earned him a spot in the\nside that went to the following year's FIFA World Cup™. He appeared\nin three matches at South Africa 2010 as Ghana came agonisingly\nclose to becoming the first African country to reach the\nsemi-finals. ", "Mensah began his career at Ashanti Gold before joining Free\nState Stars in 2008. He spent two seasons in South Africa and\nproved a real gem for the provincial outfit, becoming a sensation\nwith his oft-times enthusiastic – and sometimes reckless – tackling\nand commitment to the cause. He moved to Italy and Udinese two\nyears later, but failed to break through to the first team, instead\nmoving on loan to Spanish club Granada. His next port of call was\ncurrent club Evian, who at the time had just been promoted to the\nFrench top-flight. Mensah will have a special wish for his birthday\nthis year: to play football on the actual day. The defender\nturns 24 on 13 July – the day of the Brazil 2014 Final at the\nMaracana."], "bibnum":19, "fieldpos":2, "webname":"Jonathan MENSAH", "webnamealt":"JONATHAN", "surname":"MENSAH", "shirtname":"JONATHAN", "playerletter":"M,J", "birthdate":"1990-07-13 00:00:00", "clubname":"Evian TG FC", "idclub":2000012825}