{"idcupseason":251164, "idteam":43969, "teamname":"Spain", "countrycode":"ESP", "idplayer":306954, "description":["The left-back position in the Spanish national side has caused\nheadaches for successive coaches, but a solution has been\nfound in Jordi Alba.", "After coming through Barcelona’s youth system as a left-sided\nattacking midfielder, Alba departed the club aged 16 to join\nprovincial side UE Cornella. A move to Valencia followed a year\nlater, where he fine-tuned his famed body swerves, speed and\nlung-busting bursts forward. Upon reaching the first team, coach\nUnay Emery converted Alba into a left-back, a move which has paid\nrich dividends.", "Vicente del Bosque handed him a debut appearance for ", " in October 2011 and Alba was included in Spain’s UEFA\nEURO 2012 squad after just eight international outings. He swiftly\nmade the left-back position his own and was a key member of the\ntitle-winning side, crowning an outstanding tournament with a goal\nin the final against Italy.", "That was enough to persuade Barcelona to bring Alba home, where\nhe is developing into a left-back in the classical Brazilian style:\nan attack-minded defender who gets forward at every\nopportunity.", "The only blot on his copy book came at the Men’s Olympic\nFootball Tournament at London 2012, as Spain fell at the first\nhurdle and returned home after the group stage."], "bibnum":18, "fieldpos":2, "webname":"Jordi ALBA", "webnamealt":"JORDI ALBA", "surname":"ALBA RAMOS", "shirtname":"JORDI ALBA", "playerletter":"A,J", "birthdate":"1989-03-21 00:00:00", "clubname":"FC Barcelona", "idclub":1903416}