{"idcupseason":251164, "idteam":43876, "teamname":"Nigeria", "countrycode":"NGA", "idplayer":306900, "description":["Unlike many of his compatriots, midfielder Michael Uchebo had\nalready been playing in Europe for several seasons before being\ncalled up to the Super Eagles. He started his career with Nigerian\nclub Enugu Rangers before being scouted by Dutch club VVV Venlo,\nwith whom he signed a three-year contract in 2010. He soon became\nan influential player in the team and achieved near cult-status\nwith the fans in 2012 when he scored a late winner in a relegation\nplay-off to keep the club in the top flight. Uchebo, who had been\non trials with Stoke City and Rangers earlier, transferred to\nBelgian club Cercle Brugge in 2012.", "In Belgium the 24-year-old established himself in the first team\nand he was rewarded with a call-up for Nigeria's friendly against\nMexico in March this year. After keeping his place for the 2014\nFIFA World Cup™ finals squad, Uchebo said that the Super Eagles\ncould be the surprise package in Brazil. “Every country that has\nqualified for the finals harbours the dream of winning the\ntournament. No one should write off Nigeria as we have the talents\nand quality to succeed at the international level. We are not\nafraid of any country either small or mighty because with our\nwealth of experience as players and exposure of our technical crew\nwe will surprise the world in Brazil,” he said."], "bibnum":20, "fieldpos":4, "webname":"Okechukwu UCHEBO", "webnamealt":"UCHEBO", "surname":"UCHEBO", "shirtname":"UCHEBO", "playerletter":"U,U", "birthdate":"1990-02-03 00:00:00", "clubname":"Cercle Brugge", "idclub":1894007}