{"idcupseason":251164, "idteam":43901, "teamname":"Costa Rica", "countrycode":"CRC", "idplayer":307026, "description":["Cristian Gamboa is a strong, versatile player who has featured\nboth at right-back and in the midfield for clubs both in his native\nCosta Rica and overseas. Gamboa began his professional career\nwith Municipal Liberia and during his short stay he helped the team\nwin the 2009 Clausura. Gamboa then joined Fredrickstad FK in Norway\nin the summer of 2010, appearing 27 times and scoring one goal in\nthe process.", "A year later, the young midfielder\ntransferred to Danish Superliga side FC Copenhagen, where he joined\nup with compatriot Brian Oviedo. Together they helped the club\nclinch the Danish Cup in 2011. Gamboa returned rather quickly to\nNorway in 2012, however, this time taking up a spot with\nRosenborg.", "Despite success at the club level,\nGamboa faced a difficult time breaking into the Costa Rican first\nteam, even after putting in several solid shifts for ", " at the FIFA U-20 World Cup Egypt 2009. His first cap\nwith the senior side came in January 2010 against Argentina. Since\nthen, Gamoba has appeared in 12 total 2014 FIFA World Cup Brazil™\nqualifiers, ten of which came in the final CONCACAF\n", "."], "bibnum":16, "fieldpos":2, "webname":"Cristian GAMBOA", "webnamealt":"GAMBOA C.", "surname":"GAMBOA LUNA", "shirtname":"GAMBOA C.", "playerletter":"G,G", "birthdate":"1989-10-24 00:00:00", "clubname":"Rosenborg BK", "idclub":33232}