{"idcupseason":251164, "idteam":43901, "teamname":"Costa Rica", "countrycode":"CRC", "idplayer":307529, "description":["Joel Campbell, a talented forward who can also effectively play\nout wide, hails from the capital city of San Jose and is certain to\nbring versatility and strength to the Costa Rica side. Coming of\nage in the Saprissa youth system, Campbell spent his first two\nprofessional years - from 2009 to 2011 - with the\nclub's senior squad.", "In August of 2011, the much sought-after Campbell signed a\nfive-year contract with English side Arsenal. Despite the contract,\nArsenal and Campbell struggled to obtain a work permit, and so he\nhas spent the past few seasons building his skills with Lorient,\nBetis and Olympiacos. Campbell has been impressing teams across\nEurope with his precision, quick feet and steady presence on the\nfield, all qualities he is prized for on his home turf as\nwell. ", "Internationally, Campbell represented Costa Rica in the U-17\nCONCACAF Championship in 2009 and again in the U-20 edition of the\ncompetition in 2011. His hard work and tenacity in the 2011\ntournament saw him finish as top scorer. The youngster has burst\nonto coach Jorge Luis Pinto’s radar during qualifying for the 2014\nFIFA World Cup Brazil™, featuring in 15 matches and scoring four\ngoals en route to Costa Rica’s impressive second place finish in\nthe CONCACAF "], "bibnum":9, "fieldpos":4, "webname":"Joel CAMPBELL", "webnamealt":"CAMPBELL J.", "surname":"CAMPBELL SAMUELS", "shirtname":"CAMPBELL J.", "playerletter":"C,C", "birthdate":"1992-06-26 00:00:00", "clubname":"Olympiacos Piraeus FC", "idclub":420}