{"idcupseason":251164, "idteam":43822, "teamname":"Korea Republic", "countrycode":"KOR", "idplayer":307849, "description":["A deadly finisher camouflaged by his harmless smiles, Son\nHeungmin possesses all the predatory skills required of a modern\nday attacker. At the age of 16, he had an opportunity to join the\nKorean FA’s overseas programme and try his luck at German\nBundesliga side Hamburg's youth setup in 2008. His eye-catching\nperformances at the FIFA U-17 World Cup Nigeria 2009, where he\nscored three goals to help Korea Republic reach the quarter-finals,\nearned him a contract with Hamburg the following season.", "\n", "\nSon became his country’s fourth youngest player to be called up to\nthe national team ahead of the 2011 AFC Asian Cup in Qatar, where\nhe opened his account against India during the group stage. But the\nleft-winger chose not to take part in the Men’s Olympic Football\nTournament the following year to focus on his professional career\nin the Bundesliga. This bold decision paid dividends in his final\nseason at Hamburg as Son scored 12 goals in 33 matches, before\nsigning a five-year contract with Bayer Leverkusen last summer. He\nwent on to score his first hat-trick in a 5-3 win over his former\nclub on 9 November 2013, becoming the first South Korean to achieve\nthe feat in Germany.", "\n", "\nAlthough he made nine appearances over the course of the third and\nfourth round of Asian Zone qualifying for the 2014 FIFA World Cup\nBrazil™, Son could not find the back of the net as the Taeguk\nWarriors fell to narrow defeats against Lebanon and Iran on the\nroad. But despite being mainly used as a second-half substitute, he\nrose to the occasion in the next match against Qatar scoring the\n96th-minute winner to seal a 2-1 victory in Seoul."], "bibnum":9, "fieldpos":3, "webname":"SON Heungmin", "webnamealt":"H M SON", "surname":"SON", "shirtname":"H M SON", "playerletter":"S,H", "birthdate":"1992-07-08 00:00:00", "clubname":"Bayer 04 Leverkusen", "idclub":31055}