{"idcupseason":251164, "idteam":43911, "teamname":"Mexico", "countrycode":"MEX", "idplayer":308082, "description":["Diego Reyes is causing quite a stir in Mexican football, and not\nwithout good reason. Intelligent, elegant and strong with it, the\nyoungster is seen as the successor to Rafael Marquez, the finest\ncentral defender Mexico has ever produced.", " ", "A first-choice in the side that won the gold medal at the Men’s\nOlympic Football Tournament London 2012, Reyes will play for Porto\nfor next season and is sure to impress ", " fans.", " ", "The superb form of Hector Moreno and the leadership skills of\nskipper Francisco ", " Rodriguez have denied Reyes a\nstarting place for ", ", for the time being at least.\nYet, as he showed when deputising for the suspended Rodriguez\nagainst USA a few months ago, the young stopper undoubtedly has\nwhat it takes to become a national idol."], "bibnum":5, "fieldpos":2, "webname":"Diego REYES", "webnamealt":"D. REYES", "surname":"REYES ROSALES", "shirtname":"D. REYES", "playerletter":"R,D", "birthdate":"1992-09-19 00:00:00", "clubname":"FC Porto", "idclub":31015}