{"idcupseason":251164, "idteam":43948, "teamname":"Germany", "countrycode":"GER", "idplayer":309308, "description":["Shkodran Mustafi’s World Cup call-up demonstrates that the route\nto the Germany squad does not necessarily need to pass through the\nBundesliga. After all, the central defender managed to catch coach\nJoachim Low’s eye despite never having played a game in the German\ntop flight. Yet the 22-year-old has been a first team regular with\nSampdoria in Italy for some time now, and before that played in\nEngland with Everton.", "The son of Albanian immigrants, Mustafi grew up in Germany and\nwas discovered as a teenager playing in an indoor football\ntournament for the youth team of amateur club Rotenburg. From there\nhe progressed through the Hamburg youth system, switching from\nstriker to defender in the process. He was just 17 when Mustafi\nmade the move to England to play for Everton.", "Strong and fiercely competitive, Mustafi has played for Germany\nat every level from U-16 through to U-21. In the 2009 UEFA European\nUnder-17 Championship he played every minute of every game, and was\none of the key players as Germany lifted the trophy. In the same\nyear, the central defender played in the FIFA U-17 World Cup\nNigeria. Four years later, he was part of the German team that took\npart in the UEFA European Under-21 Championship in Israel.", "Mustafi made his debut as a full German international in May\n2014 in a goalless friendly in Hamburg against Poland. He was\noriginally part of his country’s 30-man provisional squad list,\nbefore missing out on a place in the final squad. After the injury\nthat forced Marco Reus to miss the World Cup, however, Low decided\nto swap an attacking player for a defender, and called up\nMustafi."], "bibnum":21, "fieldpos":2, "webname":"Shkodran MUSTAFI", "webnamealt":"MUSTAFI", "surname":"MUSTAFI", "shirtname":"MUSTAFI", "playerletter":"M,M", "birthdate":"1992-04-17 00:00:00", "clubname":"UC Sampdoria", "idclub":31038}