{"idcupseason":251164, "idteam":43948, "teamname":"Germany", "countrycode":"GER", "idplayer":309316, "description":["Even from an early age Mario Gotze was dubbed ‘the talent of the\ncentury’ in his homeland and he has more than lived up to that\nbilling in the intervening years. The versatile attacker made his\nGermany debut as an 18-year-old in November 2010 against Sweden,\nmaking him the country’s youngest full international since the\nlegendary Uwe Seeler in 1954. When Gotze hit the net against\nAustria in September 2011, he also became Germany’s youngest ever\ngoalscorer at the time.", "\n", "\nGotze was born in Germany’s Allgau region but moved to Dortmund as\na six-year-old after his father embarked on his career as a\nuniversity professor there. Gotze swiftly made a name for himself\nboth in the Borussia Dortmund youth academy and in the national\nset-up, going on to win the European Championship with the U-17s in\n2009. Furthermore, in 2009 and 2010 he was awarded the Fritz Walter\nMedal, an honour given to Germany’s best young player in different\nage categories.", "\n", "\nSince then Gotze’s career has rocketed: He won the Bundesliga twice\nand the DFB Cup once with Dortmund, where he stood as the symbol of\nthe team’s fast-paced attacking football, before continuing to\namass trophies following his move to Bayern Munich. After grabbing\nfour goals in seven 2014 FIFA World Cup Brazil™ qualifying games,\nfans and pundits alike are eager to see how Gotze fares on the\nbiggest stage of them all."], "bibnum":19, "fieldpos":4, "webname":"Mario GOETZE", "webnamealt":"GÖTZE", "surname":"GÖTZE", "shirtname":"GÖTZE", "playerletter":"G,G", "birthdate":"1992-06-03 00:00:00", "clubname":"FC Bayern Muenchen", "idclub":1914810}