{"idcupseason":251164, "idteam":43924, "teamname":"Brazil", "countrycode":"BRA", "idplayer":309426, "description":["If it is true that every coach needs a goalkeeper he can rely\non, then Victor should be feeling pretty good about himself these\ndays. Brazil have had three managers (Dunga, Mano Menezes and now\nLuiz Felipe Scolari) since winning the FIFA Confederations Cup\n2009, and all three have called on the Atletico Mineiro\nstopper.", "Yet Victor missed out on the 2010 FIFA World Cup South Africa™,\ndespite having been selected for Brazil’s Confederations Cup squad\na year earlier. “Of course I was disappointed, but it also made me\ntry even harder,” he told ", ".", "Mano Menezes, who had been his coach at Gremio, selected him for\nhis first squad after that World Cup, but Menezes was fired in\n2012, and in the same year Victor was surprisingly transferred to\nAtletico Mineiro. Such changes seemed to cause his international\nstock to fall. He did not allow his head to drop, however, and was\none of the heroes of Atletico’s victorious Copa Libertadores\ncampaign last year, when he caught the eye of current Brazil\nmanager Scolari.", "“In football you have to be consistent for both your club and\nthe national team. You need to play well for one to guarantee your\nplace in the other,” he said. It is curious how things change:\nafter missing out on last year’s Confederations Cup, Victor can now\ncall himself a World Cup goalkeeper."], "bibnum":22, "fieldpos":1, "webname":"VICTOR", "webnamealt":"VICTOR", "surname":"BAGY", "shirtname":"VICTOR", "playerletter":"V,V", "birthdate":"1983-01-21 00:00:00", "clubname":"Atletico Mineiro", "idclub":1940490}