{"idcupseason":251164, "idteam":43954, "teamname":"Italy", "countrycode":"ITA", "idplayer":309420, "description":["According to Alessandro Dal Canto, Mattia Perin's coach at\nPadova in 2011/12, the goalkeeper is nothing short of \"a Gianluigi\nBuffon clone\". The youngster certainly has a habit of leaving a\ngood impression, having risen through the age levels for Italy\nsince 2008 and generally turning heads. Strong on his line,\nconfident in the air and precise with his distribution, Perin\ncontinues to improve – and made history in 2012 by becoming the\nfirst player to be named Serie B's goalkeeper of the year at just\n19 years of age.", "\n", "\nBefore that, he was snapped up by Genoa at the age of 16 and made\nhis Serie A debut at 18 on 22 May 2011, before spending two seasons\nout on loan. The first of those was his excellent campaign with\nPadova in the second tier, but he experienced a punishing return to\nthe elite with promoted Pescara the following year, conceding no\nfewer than 56 goals.", "\n", "\nPerin had lost none of his ability, though, as he has proved since\nreturning to Genoa. Now a regular starter for the club, he became\nthe first custodian to keep out a penalty from Mario Balotelli and\nearned his maiden call-up to an Italy training camp in August 2012.\n", " coach Cesare Prandelli then let him get to\ngrips to his testing season with Pescara, but he turned again to\nthe 21-year-old when selecting his third-choice keeper for Brazil\n2014."], "bibnum":13, "fieldpos":1, "webname":"Mattia PERIN", "webnamealt":"PERIN", "surname":"PERIN", "shirtname":"PERIN", "playerletter":"P,P", "birthdate":"1992-11-10 00:00:00", "clubname":"Genoa CFC", "idclub":1887644}