{"idcupseason":251164, "idteam":43926, "teamname":"Colombia", "countrycode":"COL", "idplayer":309716, "description":["“When Colombia play well, it’s almost always down to Teofilo\nGutierrez,” said former Colombia coach\nFrancisco ", " Maturana, underlining the\nimportance of the forward to the team.", "A naturally gifted front man, Gutierrez formed a deadly strike\npartnership with Radamel Falcao in the qualifiers for Brazil 2014\nand was Colombia’s second-highest scorer with six goals in 11\ngames, an impressive return for a player who prefers to occupy a\nwithdrawn role and help out with creative duties.", "Born and brought up in the tough Barranquilla neighbourhood of\nLa Chinita, Gutierrez has suffered in the past from disciplinary\nproblems owing to his fiery character, though his unique qualities\nalso make him a matchwinner, the kind of player who can decide\ngames single-handedly.", "A River Plate fan ever since his father gave him the club’s\nshirt, the Colombian is now a ", " idol, having\nspent most of his career on the road, starting out with hometown\nside Junior before trying his luck with Trabzonspor, Cruz Azul of\nMexico and a clutch of other teams.", "Under Jose Pekerman he has become an indispensable member of the\n", " side. Part of the Colombia set-up since 2009, he\nwill head to Brazil as one of the stars of a side determined to\nimprove on the country’s best ever world finals performance, which\ncame when they reached the last 16 at Italy 1990."], "bibnum":9, "fieldpos":4, "webname":"Teofilo GUTIERREZ", "webnamealt":"TEO", "surname":"GUTIERREZ RONCANCIO", "shirtname":"TEO", "playerletter":"G,T", "birthdate":"1985-05-17 00:00:00", "clubname":"CA River Plate", "idclub":44097}