{"idcupseason":251164, "idteam":43849, "teamname":"Cameroon", "countrycode":"CMR", "idplayer":310048, "description":["Enoh Eyong is one of a growing number of African players in\nTurkey, having joined Antalyaspor first on loan from Ajax, who have\nagreed to make the move permanent ahead of the next term. The\n28-year-old defensive midfielder played just under 100 league games\nfor the Dutch giants. He also played on the island of Cyprus for\nMagusa Turk Gucu and Turk Ocagi Limasol, in South Africa for Ajax\nCape Town and in the English Premier League, where he spent a loan\nperiod with Fulham. He started his professional career with local\nclub Mount Cameroon.", "Enoh is a physically strong player, who is prone to robust play,\nwhich at times can get him into disciplinary trouble. He started\nhis international career in 2009 and has since played a consistent\nrole in the Cameroon national team. He was included in the squad\nfor the CAF Africa Cup of Nations in 2010, as well as that year's\nFIFA World Cup™, and played an important part in helping the\nIndomitable Lions secure appearances at consecutive World Cups. He\nfeatured in six of the eight matches the country played en route to\nBrazil."], "bibnum":18, "fieldpos":3, "webname":"Eyong ENOH", "webnamealt":"ENOH", "surname":"ENOH", "shirtname":"ENOH", "playerletter":"E,E", "birthdate":"1986-03-23 00:00:00", "clubname":"Antalyaspor AS", "idclub":44169}