{"idcupseason":251164, "idteam":43921, "teamname":"USA", "countrycode":"USA", "idplayer":311174, "description":["A versatile wide man in Jurgen Klinsmann’s arsenal, Fabian\nJohnson has the pace, creativity and reading of the game to play\neither wide in midfield or at full-back. Like fellow midfielder\nJermaine Jones, Johnson was born to a German mother and an American\nfather, and after representing Germany at the youth level, he opted\ninstead to pledge his future to the United States.", "\n", "\nKlinsmann has called Johnson “one of the best wide players in the\nGerman Bundesliga” and insists he is likely to become “among the\nbest in Europe” should his development continue along its current\ntrajectory. He’s been with Hoffenheim since 2011, though Johnson is\nset to join Borussia Monchengladbach on a free transfer at the end\nof the 2013/14 Bundesliga campaign.", "\n", "\nFor the ", " Johnson offers explosiveness\nand pace out wide on the left side, and a burning desire to get up\ninto attack and help spark the ball moving forward. “I want to help\ncreate; I really like to get forward,” he told\n", ", showing no reservations about his\npreferred direction. “But I can do the things in defence too. I can\nbreak up plays and keep things tight if I need to.”"], "bibnum":23, "fieldpos":2, "webname":"Fabian JOHNSON", "webnamealt":"", "surname":"JOHNSON", "shirtname":"JOHNSON", "playerletter":"J,J", "birthdate":"1987-12-11 00:00:00", "clubname":"TSG 1899 Hoffenheim", "idclub":2000000593}