{"idcupseason":251164, "idteam":43948, "teamname":"Germany", "countrycode":"GER", "idplayer":311148, "description":["Benedikt Howedes, Schalke 04’s captain is a true defensive\nall-rounder. He can play anywhere across the back four and is thus\na highly useful player for Germany coach Joachim Low.", "Though most comfortable in central defence, for the senior\nGermany side he has made the majority of his appearances at\nright-back. Strong in the air at both ends of the pitch, his\nstraightforward, uncompromising and reliable style is valued by\nboth club and country.", "Howedes received his footballing education at the Schalke youth\nacademy, an institute highly revered in Germany for its youth\ncoaching. In 2007 he received the prestigious gold Fritz Walter\nMedal as the best player in Germany's U-19 squad, while he went on\nto win the UEFA European U-21 Championship in 2009.", "At club level in 2010/11, he helped Schalke to the semi-finals\nof the UEFA Champions League prior to winning his first senior\ntrophy, the German Cup, with victory over Duisburg.", "It was in the summer of 2011 that he celebrated making his\nsenior international debut and 12 months later he was picked in\nJoachim Low’s final 23-man squad for UEFA EURO 2012, although he\ndid not play in Poland and Ukraine. Howedes did, however, make\nthree appearances as Low’s charges qualified for the 2014 FIFA\nWorld Cup Brazil™, and will hoping to debut at a major\ninternational tournament this summer."], "bibnum":4, "fieldpos":2, "webname":"Benedikt HOEWEDES", "webnamealt":"", "surname":"HÖWEDES", "shirtname":"HÖWEDES", "playerletter":"H,H", "birthdate":"1988-02-29 00:00:00", "clubname":"FC Schalke 04", "idclub":36721}