{"idcupseason":251164, "idteam":43948, "teamname":"Germany", "countrycode":"GER", "idplayer":311150, "description":["An ever-present at both club and international level, Mats\nHummels has developed into one of Europe’s finest centre-backs in\nrecent years, his elegant playing style even drawing comparisons\nwith the legendary Franz Beckenbauer. Borussia Dortmund’s defensive\nstalwart is as strong in the tackle as he is in the air, possesses\nan outstanding ability to read the game, while his open and\narticulate manner makes him a natural leader off the pitch as well\nas on it.", "Hummels, who won the UEFA European U-21 Championship with\nGermany in 2009, joined Bayern Munich at just seven years of age,\nbut failed to break into the first-team squad. He joined Dortmund\nat 19 – first on loan, then as a permanent signing. It was a move\nthat paid off, as Hummels played a major role in the\n", "’ league title victory in 2011, their league\nand DFB Cup double in 2012, as well as their route to the 2013 UEFA\nChampions League final.", "His performances for the national team at UEFA EURO 2012 were no\nless impressive: Hummels became a regular for Joachim Low’s side in\nPoland and Ukraine and, not only did he win the second-most tackles\nduring the group stage, he did so without conceding a single foul.\nThe defensive giant is now looking to add stability to Germany's\ndefence at the 2014 FIFA World Cup™ in Brazil."], "bibnum":5, "fieldpos":2, "webname":"Mats HUMMELS", "webnamealt":"", "surname":"HUMMELS", "shirtname":"HUMMELS", "playerletter":"H,H", "birthdate":"1988-12-16 00:00:00", "clubname":"Borussia Dortmund", "idclub":33199}