{"idcupseason":251164, "idteam":43971, "teamname":"Switzerland", "countrycode":"SUI", "idplayer":311554, "description":["Considered one of Switzerland’s finest talents, Haris\nSeferovic’s dynamism and fearless playing style have helped\ninvigorate the national team’s front line. Possessing superb\nability both with his feet and in the air, the 6'1 striker is an\nextremely awkward opponent for defenders to cope with.", "At youth level the left-footed forward played for FC Sursee, FC\nLuzern and Grasshoppers Zurich, where he made his breakthrough as a\nprofessional. In 2010 Seferovic signed a four-and-a-half year deal\nwith Fiorentina but struggled to settle in Italy, eventually\njoining Primera Division outfit Real Sociedad on 11 July 2013 after\na couple of fleeting spells on loan.", "\n", "\nIn 2009 Seferovic was instrumental in Switzerland’s FIFA U-17 World\nCup triumph in Nigeria, scoring five times throughout the\ntournament, including the decisive goal in the final against the\nhosts.", "\n", "\nWhile Switzerland coach Ottmar Hitzfeld has several options at his\ndisposal up front, he does not appear to have settled on a\nfirst-choice striker yet. Seferovic did his chances no harm during\n2014 FIFA World Cup Brazil™ qualifying, where he excelled on the\nhandful of occasions he was fielded as a classic\ncentre-forward.", "\n", "\nHowever, recently he has been lacking consistency somewhat, while\nhe faces tough competition to secure a starting berth from the\nin-form Josip Drmic. Nevertheless, Seferovic will certainly be one\nto watch in South America, having already proven he has what it\ntakes to shine at a FIFA World Cup."], "bibnum":9, "fieldpos":4, "webname":"Haris SEFEROVIC", "webnamealt":"", "surname":"SEFEROVIC", "shirtname":"SEFEROVIC", "playerletter":"S,S", "birthdate":"1992-02-22 00:00:00", "clubname":"Real Sociedad", "idclub":31069}