{"idcupseason":251164, "idteam":43971, "teamname":"Switzerland", "countrycode":"SUI", "idplayer":311558, "description":["Despite being just 21 and relatively inexperienced at senior\ninternational level, Granit Xhaka's superb shooting ability and\nimpressive range of passing make the attacking midfielder the\ncreative hub of the current Switzerland team.", "Xhaka can play in defensive midfield as well as further forward,\nthough the Borussia Monchengladbach man’s strengths are best\nutilised in the opposition half. Able to dictate the pace of a game\nwith his use of the ball and a constant goal threat, these\nqualities have made coach Ottmar Hitzfeld liken him to another\nmidfield maestro: “I see a lot of similarities between Granit and\nBastian Schweinsteiger, whom I brought to FC Bayern Munich as an\n18-year-old.”", "Spending his childhood and early teen years at Concordia Basel\nand later FC Basel respectively, it soon became clear Xhaka was a\nspecial talent, and it was no surprise when he broke into to the\nBasel first team. After two successful seasons at the St. Jakob\nPark outfit, he transferred to Monchengladbach, signing a five-year\ndeal in 2012.", "The midfield schemer made his senior international debut on 4\nJune 2011 in a UEFA EURO 2012 qualifier against England at Wembley,\nhaving accumulated vast experience in the national youth set-up.\nThis included victory at the FIFA U-17 World Cup Nigeria 2009 and\nsecond place at the UEFA U-21 European Championship 2011.", "At the 2014 FIFA World Cup Brazil™ he could forge a\ncentral-midfield partnership with Bayern’s Xherdan Shaqiri,\nalthough he may face stiff competition for a starting spot from\nEintracht Frankfurt’s Pirmin Schwegler. Whatever the outcome, it\nseems Hitzfeld will have a pleasant selection headache indeed.", " "], "bibnum":10, "fieldpos":3, "webname":"Granit XHAKA", "webnamealt":"", "surname":"XHAKA", "shirtname":"XHAKA", "playerletter":"X,X", "birthdate":"1992-09-27 00:00:00", "clubname":"Borussia Moenchengladbach", "idclub":33198}