{"idcupseason":251164, "idteam":43930, "teamname":"Uruguay", "countrycode":"URU", "idplayer":312116, "description":["An attacking midfielder with a cultured and probing left\nfoot, Gaston Ramirez is as likely to create goals as he is to\nscore them, be it from long-range or a perfectly-timed run into the\nbox.", "A Penarol youth academy graduate, Ramirez made his first\nteam debut for the club aged 18. That milestone appearance came\nshortly after helping Uruguay qualify for the FIFA U-20 World Cup\nEgypt 2009, a tournament he started three of his country's five\ngames at. ", "Ramirez scored six goals en route to winning the Uruguayan\nleague title in 2009/10, an achievement that did not go unnoticed\nby national coach Oscar Tabarez. A maiden senior international\nappearance soon followed, with Ramirez setting up two goals\nagainst Indonesia in Uruguay's second friendly match after the\n2010 FIFA World Cup South Africa™. ", "Given his sterling performances for Bologna at the time, it was\nno surprise when Tabarez selected Ramirez for the Copa America 2011\nand the Men’s Olympic Football Tournament a year later. It was at\nLondon 2012 where Ramirez’s qualities, as well as the goal he\nscored, caught the eye of his current club Southampton.", "Ramirez has become a usual alternative on\nTabarez's offensive structure, as was indicated with his\nplaying time at both the 2013 FIFA Confederations Cup Brazil (115\nminutes in two matches) and the Brazil 2014 qualifying campaign\n(491 minutes in 12 matches)."], "bibnum":18, "fieldpos":3, "webname":"Gaston RAMIREZ", "webnamealt":"", "surname":"RAMIREZ PEREYRA", "shirtname":"G. RAMIREZ", "playerletter":"R,G", "birthdate":"1990-12-02 00:00:00", "clubname":"Southampton FC", "idclub":33341}