{"idcupseason":251164, "idteam":43976, "teamname":"Australia", "countrycode":"AUS", "idplayer":312234, "description":["A busy midfielder capable of playing in an attacking or holding\nrole, Bozanic is highly regarded for his short accurate passing and\nhigh tempo movement which makes him a good fit for Ange\nPostecoglou’s methodology.", "Bozanic has long been a candidate for senior national team\nhonours being a former U-17 and U-23 captain, as well as\nrepresenting the U-20 national team. The gifted left-footer is also\nthe son of one-time Socceroo Vic who played for the national team\nin 1980.", "Like James Holland, Bozanic is a product of the Central Coast\nregion just north of Sydney. His senior career initially commenced\nin England’s lower leagues with a variety of clubs, where he was on\nloan from Reading. Faced with limited opportunities, Bozanic\nreturned to Australia in 2010 spending three successful years with\nCentral Coast Mariners. Following the club’s maiden championship\nwin last year Bozanic returned overseas, this time with Switzerland\nclub Luzern. He instantly settled into his stride immediately\nwinning the Swiss league’s Player of the Month award last August,\nand he has been a first-team regular throughout the most recent\ncampaign.", "Though called up for to the Socceroos squad in late 2009, he\ndidn’t make his debut until last October coming off the bench\nagainst Canada in what was Holger Osieck’s final match at the\nhelm."], "bibnum":13, "fieldpos":3, "webname":"Oliver BOZANIC", "webnamealt":"BOZANIC", "surname":"BOZANIC", "shirtname":"BOZANIC", "playerletter":"B,B", "birthdate":"1989-01-08 00:00:00", "clubname":"FC Luzern", "idclub":659}