{"idcupseason":251164, "idteam":43938, "teamname":"Croatia", "countrycode":"CRO", "idplayer":312432, "description":["Dejan Lovren is without a doubt a future regular in the heart of\nthe Croatian defence. In recent years, he has often had to play\nsecond fiddle to more established members of the national team,\nsuch as Josip Simunic and Vedran Corluka. Simunic’s lengthy ban\ncould provide an opportunity for Lovren to break into the starting\nline-up. He made seven appearances during Croatia’s World Cup\nqualifying campaign and has appeared for every youth side from the\nU-17s onwards, receiving his first call-up to the full national\nteam at the age of just 19.", "Olympique Lyon became aware of his talents in 2010 and soon\nbrought him to France from Dinamo Zagreb. After three successful\nseasons at Lyon, he joined English Premier League outfit\nSouthampton. Lovren was born in 1989 in Zenica, Bosnia and\nHerzegovina (formerly of Yugoslavia). The outbreak of civil war\nforced his family to flee to Munich, but they soon returned and it\nwas not long before they settled in Karlovac near Zagreb, where\nDejan was raised."], "bibnum":6, "fieldpos":2, "webname":"Dejan LOVREN", "webnamealt":"", "surname":"LOVREN", "shirtname":"LOVREN", "playerletter":"L,L", "birthdate":"1989-07-05 00:00:00", "clubname":"Southampton FC", "idclub":33341}