{"idcupseason":251164, "idteam":43921, "teamname":"USA", "countrycode":"USA", "idplayer":312672, "description":["Discovered in the build-up to Brazil 2014, Mix Diskerud gives\nUSA coach Jurgen Klinsmann a spicy attacking option in midfield.\nWith his long hair flapping in the breeze, Diskerud can push\nforward into attack, disrupt defences and create opportunities for\nhimself and for his team-mates too. His middle-distance shooting\noffers yet another option going forward for Klinsmann’s men.", "Diskerud was born in Norway and he plays his club football in\nthe Scandinavian country, first with Stabæk and now with national\ngiants Rosenborg. He played at the youth level for both Norway and\nthe USA, where his mother was born, but chose to represent the\n", " at senior level. Already finding the\nback of the net, Diskerud is a promising talent for the future in a\nUSA set-up that is looking more and more like a melting-pot of\nforeign-raised and homegrown talent.", "His first test of note in a USA jersey came last summer at the\n2013 CONCACAF Gold Cup, where his liveliness and energy in midfield\nhelped the Americans to a continental crown. He scored three goals\nover the course of the United States’ six games."], "bibnum":10, "fieldpos":3, "webname":"Mix DISKERUD", "webnamealt":"Mikkel Diskerud", "surname":"DISKERUD", "shirtname":"DISKERUD", "playerletter":"D,D", "birthdate":"1990-10-02 00:00:00", "clubname":"Rosenborg BK", "idclub":33232}