{"idcupseason":251164, "idteam":43822, "teamname":"Korea Republic", "countrycode":"KOR", "idplayer":312679, "description":["Hong Jeongho has been a fixture of Korea Republic’s rearguard\nsince August 2010, when former national team coach Cho Kwangrae\ncalled him up for a friendly with Nigeria. In fact, the promising\ncentre-back had already established himself through the country’s\nyouth ranks, playing an important role as the Taeguk Warriors\nreached the quarter-finals of the FIFA U-20 World Cup Egypt 2009\nunder the guidance of Hong Myungbo. He did not only feature in the\nteam’s all five matches in Egypt, but performed consistently well\nenough to draw comparisons between himself and the legendary\ncoach.", "\n", "\nDrafted as the first pick by his hometown club Jeju United, Hong\nbegan his professional career in 2010 when the islanders went all\nthe way to the championship final only to finish runners-up at the\nend of the season. The following year saw him appointed as the new\ncaptain of Korea Republic’s U-23 side for the 2012 Men’s Olympic\nFootball Tournament, but Hong could not recover in time for the\nfinals in London after picking up a knee injury in April. He became\nthe first centre-back from his country to play in Europe when he\nsigned for FC Augsburg of German Bundesliga in August 2013."], "bibnum":20, "fieldpos":2, "webname":"HONG Jeongho", "webnamealt":"", "surname":"HONG", "shirtname":"J H HONG", "playerletter":"H,J", "birthdate":"1989-08-12 00:00:00", "clubname":"FC Augsburg", "idclub":2000012821}