{"idcupseason":251164, "idteam":43901, "teamname":"Costa Rica", "countrycode":"CRC", "idplayer":312987, "description":["Born in Nicaragua, Costa Rica’s neighbours to the north, Oscar\nDuarte began acclimating himself to the Costa Rican football scene\nin the Saprissa youth programme. After five years, 52 appearances\nand 2 goals for Saprissa at the professional level, Duarte joined\nClub Brugge of the Belgian Pro League in 2013. ", "While he is still relatively\nuntested on the international level, Duarte was a part of an\nexperimental side at the 2011 UNCAF Copa Centroamerica where Costa\nRica finished second, losing the final 2-1 to Honduras, though the\ncentre-back failed to see any action. Then-coach Ricardo La Volpe\nsaid of the youngsters at the competition: “The experience that the\nyoung lads have picked up is incredibly important.”", "Coach Jorge Luis Pinto will be\nhoping that experience gained back then, and in more recent\ncall-ups - he has ten caps to his name to date - leads to a\nconfident young Duarte who could be called upon at any point to\nhelp shut down opposing threats at Brazil 2014."], "bibnum":6, "fieldpos":2, "webname":"Oscar DUARTE", "webnamealt":"DUARTE O.", "surname":"DUARTE GAITAN", "shirtname":"DUARTE O.", "playerletter":"D,D", "birthdate":"1989-06-03 00:00:00", "clubname":"Club Brugge KV", "idclub":30997}