{"idcupseason":251164, "idteam":43960, "teamname":"Netherlands", "countrycode":"NED", "idplayer":313021, "description":["One of several exciting prospects to have emerged from the\nFeyenoord youth system, Stefan de Vrij plays with an authority and\ncomposure that belie his tender years.", "Though still just 22, he is firmly established as the Rotterdam\noutfit’s captain, having assumed the armband at the age of 20 when\nRon Vlaar departed for Aston Villa. That honour reflects the\nmaturity with which the centre-half conducts himself on and off the\nfield, and the respect that he already commands from team-mates for\nboth club and country.", "Such esteem has been earned by consistently assured\nperformances that have helped restore Feyenoord as a force to be\nreckoned with in the Eredivisie and established their young skipper\nas a recognised international.", "De Vrij just missed out on UEFA EURO 2012, his name one of those\ncut from the provisional 36-man squad, but he has gone on to make\nnine appearances under Louis van Gaal since making his debut two\nyears ago. The Netherlands coach clearly sees this classy defender\nas a future stalwart, and there will be plenty of big clubs\nwatching with interest how he performs at Brazil 2014."], "bibnum":3, "fieldpos":2, "webname":"Stefan DE VRIJ", "webnamealt":"DE VRIJ", "surname":"DE VRIJ", "shirtname":"DE VRIJ", "playerletter":"D,D", "birthdate":"1992-02-05 00:00:00", "clubname":"Feyenoord Rotterdam", "idclub":44137}