{"idcupseason":251164, "idteam":43969, "teamname":"Spain", "countrycode":"ESP", "idplayer":313410, "description":["Koke made his way up through the youth categories at Rayo\nVallecano before joining Atletico Madrid’s academy at the age of\n16, since when he has developed into a talented midfielder with a\ngift for playing the final pass. An integral part of the\n", " side for over a year now, he has consolidated\nhis place in the Spanish elite.", "The player has been tipped for\ngreatness by no less an authority than Xavi, who said of him: “He’s\ngoing to be running the show for Spain for the next ten years.”\nBlessed with the ability to think two steps ahead, Koke boasts\nexcellent one-touch-passing and dead-ball skills and has developed\na gift for arriving late and undetected in the box. Strong,\nintuitive and talented, he has all attributes needed to succeed in\nthe centre of the pitch.", "A permanent fixture in ", " youth teams,\nhe was a runner-up in both the UEFA European Under-17 and Under-19\nChampionships and helped Spain claim the Under-21 title in 2013. He\nalso took part in the FIFA U-20 World Cup Colombia 2011 and the\nMen’s Olympic Football Tournament London 2012."], "bibnum":17, "fieldpos":3, "webname":"KOKE", "webnamealt":"KOKE", "surname":"RESURRECCION MERODIO", "shirtname":"KOKE", "playerletter":"K,K", "birthdate":"1992-01-08 00:00:00", "clubname":"Atletico Madrid", "idclub":1914808}