{"idcupseason":251164, "idteam":43971, "teamname":"Switzerland", "countrycode":"SUI", "idplayer":313559, "description":["At just 21 years of age, Ricardo Rodriguez has already\nestablished himself as first-choice left back both at Bundesliga\nclub Wolfsburg and in the Swiss national team.", "\n", "\nWhile his exceptional technique and unbending fighting spirit have\nbeen key to his rapid ascent, Rodriguez’s attacking prowess and\npinpoint crosses have been equally important.", "\n", "\nBorn to Spanish-Chilean parents, Rodriguez rose through the ranks\nin the FC Zurich youth academy but signed a four-and-a-half year\ndeal with Wolfsburg after just two years as a professional.", "\n", "\nThe defender has yet to appear at a major international tournament\nat senior level, but was part of the triumphant Swiss side that\nlifted the FIFA U-17 World Cup title in Nigeria in 2009. Rodriguez,\nfamed as much for the accuracy of his left-foot as for his\nponytail, earned his first full cap on 7 October 2011 in a European\nChampionship qualifier against Wales.", "\n", "\nThe 1.80 metre tall defender was an essential part of Switzerland’s\n2014 FIFA World Cup Brazil™ qualifying campaign and played in every\nfixture bar the final match against Slovenia. Winning silverware in\nSouth America may be asking too much of the national side at this\nstage, but it would be unwise to write them off too soon if, as\nexpected, they reach the knockout rounds."], "bibnum":13, "fieldpos":2, "webname":"Ricardo RODRIGUEZ", "webnamealt":"", "surname":"RODRIGUEZ ARAYA", "shirtname":"RODRIGUEZ", "playerletter":"R,R", "birthdate":"1992-08-25 00:00:00", "clubname":"VfL Wolfsburg", "idclub":44144}