{"idcupseason":251164, "idteam":43925, "teamname":"Chile", "countrycode":"CHI", "idplayer":313874, "description":["A record of 16 goals in 13 matches in this year's Clausura\nput Esteban Paredes back in contention for a place at the FIFA\nWorld Cup™, amply vindicating the forward's decision to head back\nto Chile and rejoin Colo Colo ahead of Brazil 2014.", "The target man has only made one international appearance since\nmid-2013, and that was in a friendly. However, finishing as the top\ngoalscorer in the league for the fourth time in his career was\nenough to earn the sharpshooter a second bite at the cherry on the\nworld stage, having played twice at South Africa 2010.", "A product of the Santiago Morning academy, Paredes twice led the\ndomestic scoring charts during his years at his alma mater: in\n2005, when the club won promotion to the top flight, and in 2009.\nHe followed up the latter achievement by becoming a regular at\ninternational level under Marcelo Bielsa and making the big move to\nColo Colo, where he endeared himself to the fans by helping the\nSantiago giants to the 2009 Clausura title.", "After South Africa, Paredes top-scored in the 2011 Clausura and\nwas taken to that year's Copa America in Argentina by Claudio\nBorghi. The marksman featured three times under both Borghi and his\nsuccessor, Jorge Sampaoli, on the road to Brazil. Though he\nonly netted once, it was a big goal: having been drafted into\nthe team to face Uruguay, he duly broke the deadlock ten minutes\nin, setting Sampaoli's side on the path to a crucial four-game\nwinning streak."], "bibnum":22, "fieldpos":4, "webname":"Esteban PAREDES", "webnamealt":"PAREDES", "surname":"PAREDES QUINTANILLA", "shirtname":"PAREDES", "playerletter":"P,P", "birthdate":"1980-08-01 00:00:00", "clubname":"CSD Colo-Colo", "idclub":34934}