{"idcupseason":251164, "idteam":43926, "teamname":"Colombia", "countrycode":"COL", "idplayer":313832, "description":["In becoming a striker, Jackson Martinez has followed in the\nfootsteps of his father, who was a goalscorer but never played the\ngame professionally. Those that saw Martinez Sr in action say he\nwas a prodigious header of the ball, a quality his son has\ninherited, making him a major threat at set pieces.", "Technically gifted despite being over six foot tall, Martinez is\na tireless worker, forever closing down opponents and creating\nspace for team-mates. Adept at passing and shooting first time, he\nhas a penchant for making acrobatic attempts on goal.", "He made his professional debut for Independiente Medellin in\n2004. After scoring 17 goals in 20 matches for them in 2009 he\nswitched to Jaguares of Mexico, where he stayed for three years\nbefore signing for Porto. Given the brief of replacing his\ncountryman Radamel Falcao, Martinez has risen to the challenge\nsuperbly.", "An international since 2009, he took part in the preliminaries\nfor South Africa 2010 and the 2011 Copa America before making seven\nappearances in the Brazil 2014 qualifiers. Though he failed to\nscore in those games, the ", " striker is full of\nconfidence heading into the world finals, telling\n", ": “Playing in the World Cup will be the\nbiggest step in my career.”"], "bibnum":21, "fieldpos":4, "webname":"Jackson MARTINEZ", "webnamealt":"JACKSON M.", "surname":"MARTINEZ VALENCIA", "shirtname":"JACKSON M.", "playerletter":"M,J", "birthdate":"1986-10-03 00:00:00", "clubname":"FC Porto", "idclub":31015}