{"idcupseason":251164, "idteam":43924, "teamname":"Brazil", "countrycode":"BRA", "idplayer":314197, "description":["Hailed as a prodigy since his early teens and a much-talked\nabout figure on the international football scene for years now,\nNeymar would appear at first glance to be a seasoned veteran. Yet\nin real terms, we are still in the formative phase of the career of\na striker who is, at the tender age of 22, already seen as ", " leading man.", "His ability with the ball at his feet, be it in exhilarating\nshort dribbles or long mazy runs, is what strikes you most about\nthe winner of the FIFA Puskás Award for 2011’s finest goal, along\nwith a finalist for the same award in 2012 and 2013. But that is by\nno means the only way the versatile attacker can break down even\nthe most stubborn of defences.", "Having evolved as a player year in year out, Neymar is also now\na threat from distance with either foot, an adept penalty-area\nopportunist and a fine provider of chances for his team-mates, even\nin the tightest of situations. A complete package, the seemingly\ntireless front-runner is also the subject of frequent praise from\ncoaches due to his impressive commitment to the game, whatever the\noccasion.", "Averaging two trophies a year with club side Santos in 2010,\n2011 and 2012 – the highlights being wins in the 2010 Copa do\nBrasil and 2011 Copa Libertadores – Neymar, now a Barcelona star,\nwas also a member of the Brazil squad that claimed silver at the\nOlympic Football Tournament London 2012. With his almost limitless\npotential, the fleet-footed forward is well aware of the\nexpectations on his shoulders ahead of his first FIFA World\nCup™.", "“The pressure is really great. Wherever we play there’s always\npressure, but it’s going to be even greater on home soil,” he\ntold ", ". “We’re aware of that, but we\nenjoy it – it’s a good type of pressure. I’ve been fortunate enough\nto play in the finals of various championships, and feeling that\npressure to win is marvellous. We’re ready for all of that, as it’s\nsomething Brazilian players take in their stride.\""], "bibnum":10, "fieldpos":4, "webname":"NEYMAR", "webnamealt":"NEYMAR JR", "surname":"DA SILVA SANTOS JUNIOR", "shirtname":"NEYMAR JR", "playerletter":"N,N", "birthdate":"1992-02-05 00:00:00", "clubname":"FC Barcelona", "idclub":1903416}