{"idcupseason":251164, "idteam":43876, "teamname":"Nigeria", "countrycode":"NGA", "idplayer":315429, "description":["A young midfielder with a bright future, Ogenyi Onazi first\ncaught the eye at the FIFA U-17 World Cup finals in 2009, when he\nhelped Nigeria reach the final. Still just 21-years-old, Onazi\nplays with great quickness and skill but has proved to be no soft\ntouch despite his smaller size – making him capable of playing in\neither the defensive or attacking third.", "He joined Lazio in 2011 and impressed to such an extent that he\nhas featured regularly in the clubs' Serie A matches. He also stood\nout during Nigeria’s CAF Africa Cup of Nations triumph last year,\nplaying a versatile role alongside Jon Obi Mikel that allowed the\nSuper Eagles ample attacking thrust to keep moving forward.", "\n", "\nDespite being tipped as one of Nigeria's biggest emerging stars,\nOnazi failed to get any playing time at last year's FIFA\nConfederations Cup. However, he was called up for all but two of\nNigeria's 2014 FIFA World Cup Brazil™ qualifiers, playing in six.\nThe midfielder is definitely a player for the future and he has\nbeen consistently linked with large clubs throughout Europe,\nparticularly in the English Premier League."], "bibnum":17, "fieldpos":3, "webname":"Ogenyi ONAZI", "webnamealt":"ONAZI", "surname":"ONAZI", "shirtname":"ONAZI", "playerletter":"O,O", "birthdate":"1992-12-25 00:00:00", "clubname":"SS Lazio", "idclub":1890313}