{"idcupseason":251164, "idteam":43876, "teamname":"Nigeria", "countrycode":"NGA", "idplayer":315424, "description":["Kenneth Omeruo is yet another of\nthe Super Eagles players who has already tested his mettle on a\nglobal stage despite his tender years. The young defender, who\ncould be one of Nigeria's standout players in Brazil, was in\nNigeria's side that lost in the final of the FIFA U-17 World Cup at\nhome in 2009.", "Two years later he was a member of\nthe Flying Eagles squad that made it to the quarter-finals of the\nFIFA U-20 World Cup Colombia 2011. He went on a two-month trial to\nAnderlecht after the U-17 finals but returned to Nigeria until he\nwas snapped up by another Belgian club, Standard Liege. After the\nU-20 finals, Chelsea took him under contract, but straight away\nloaned him out to Dutch club ADO Den Haag to gain some experience,\nand Omeruo was obviously quick to learn as he featured regularly\nand received a call up to the Super Eagles side.", "So impressive were Omeruo's\nperformances in the Dutch Eredivisie that Nigerian coach Stephen\nKeshi nominated him for the 23-man squad for the 2013 CAF Africa\nCup of Nations finals in South Africa. The then 19-year-old came on\nas a substitute in the first game against Burkina Faso and stayed\nin the team, keeping out experienced captain Joseph Yobo as the\nSuper Eagles went on to lift the trophy.", "Omeruo decided that, to be best\nprepared for the FIFA World Cup Brazil 2014™, he would need to play\nregularly and moved to English Championship club Middlesbrough on\nloan at the beginning of the year after his loan period with Den\nHaag expired. Qualifying for Brazil was special for Omeruo, who\ngrew up playing football barefooted in Abuja. \"I’ve been dreaming\nof playing in the World Cup,\" he said. \"Playing in the\nConfederations Cup gave us an even greater desire to be in the\nWorld Cup.”"], "bibnum":22, "fieldpos":2, "webname":"Kenneth OMERUO", "webnamealt":"OMERUO", "surname":"OMERUO", "shirtname":"OMERUO", "playerletter":"O,O", "birthdate":"1993-10-17 00:00:00", "clubname":"Middlesbrough FC", "idclub":33746}