{"idcupseason":251164, "idteam":43876, "teamname":"Nigeria", "countrycode":"NGA", "idplayer":315436, "description":["If 21-year-old Ramon Azeez sees any playing-time in Brazil, he\nwill have completed the hat-trick of FIFA tournaments. The\nmidfielder was a regular in Nigeria's U-17 side that finished\nrunner-up at the world championships in 2009, which the west\nAfricans hosted. Two years later he played at the U-20 World Cup in\nColombia as Nigeria advanced to the quarter-finals, where they were\nknocked out by France. At that stage, Azeez was already playing his\nclub football in Spain, with UD Almeria.", "Azeez was born in the Nigerian capital of Abuja and came through\nthe ranks at the Future Pro Academy, before agreeing to join the\nSpanish club in 2010. The transfer took nearly a year to be\ncompleted, but he finally moved to Europe in July 2011 and started\nplaying for the Almeria B side that was competing in the Segunda\nDivision B.", "After learning the ropes in the reserve side for two seasons he\nwas promoted to the first team at the start of the 2013/4 season\nand featured in 30 league matches. He scored two goals, both of\nwhich proved to be match-winners, during the season in which the\nclub escaped relegation on the last day of the league. He played\nhis first senior international in a friendly against Mexico in\nMarch and after being included in Stephen Keshi's extended World\nCup squad kept his place to board the Brazil-bound plane."], "bibnum":15, "fieldpos":3, "webname":"Ramon AZEEZ", "webnamealt":"AZEEZ", "surname":"AZEEZ", "shirtname":"AZEEZ", "playerletter":"A,A", "birthdate":"1992-12-12 00:00:00", "clubname":"UD Almeria", "idclub":2147481890}