{"idcupseason":251164, "idteam":43926, "teamname":"Colombia", "countrycode":"COL", "idplayer":315614, "description":["A speedy, elusive runner who likes to\nget forward at the merest opportunity and possesses good\ndistribution skills, Santiago Arias is a buccaneering right-back of\nthe type that Colombia’s neighbours Brazil are famed for producing.\nThe 22-year-old, who hails from Medellin, won his first cap when\nstarting his side’s final match of the preliminaries against\nParaguay.", "\n", "\nThe young defender retained his place in the\n", "line-up for the friendlies against Belgium\nand the Netherlands last November, playing 90 minutes on both\noccasions, an indication of how highly Colombia coach Jose Pekerman\nrates the player. ", "\n", "\nA vastly experienced youth international, he was outstanding at\nboth the FIFA U-17 World Cup Nigeria 2009 and the FIFA U-20 World\nCup played on home soil two years later, his performances in the\nlatter competition ultimately earning him a move from Bogota club\nLa Equidad to Portuguese outfit Sporting CP. ", "\n", "\nThough unable to hold down a first-team place with the Lisbon side,\nArias has since made the move to PSV Eindhoven, where he wasted\nlittle team in breaking into the starting XI. He is now regarded as\none of the finest full-backs in the Dutch top flight."], "bibnum":4, "fieldpos":2, "webname":"Santiago ARIAS", "webnamealt":"ARIAS", "surname":"ARIAS NARANJO", "shirtname":"ARIAS", "playerletter":"A,A", "birthdate":"1992-01-13 00:00:00", "clubname":"PSV Eindhoven", "idclub":1914838}