{"idcupseason":251164, "idteam":43938, "teamname":"Croatia", "countrycode":"CRO", "idplayer":316117, "description":["Nikica Jelavic has collected a few stamps in his passport over\nthe last decade, having laced his boots in Croatia, Belgium,\nAustria, Scotland and England for teams such as Rangers, Rapid\nVienna and Everton. The forward has been at English top-flight\noutfit Hull City since January 2014. ", "The 28-year-old is expected to start on the bench at the 2014\nFIFA World Cup Brazil™, having appeared as a super-sub to\ndevastating effect throughout his club career. His directness,\ncommitment and eye for goal could prove crucial in the closing\nstages of games in Brazil.", "Jelavic made six appearances during qualifying, but only two of\nthose were in the starting line-up. His solitary goal on the road\nto the World Cup was the matchwinner in a 1-0 victory over FYR\nMacedonia, five minutes after entering the pitch as a substitute.\nJelavic played in all three of his country's games at UEFA EURO\n2012, finding the target once."], "bibnum":9, "fieldpos":4, "webname":"Nikica JELAVIC", "webnamealt":"JELAVIĆ", "surname":"JELAVIC", "shirtname":"JELAVIĆ", "playerletter":"J,J", "birthdate":"1985-08-27 00:00:00", "clubname":"Hull City FC", "idclub":1886193}