{"idcupseason":251164, "idteam":43922, "teamname":"Argentina", "countrycode":"ARG", "idplayer":316997, "description":["Long renowned as an explosive, hard-running attacking\nmidfielder, Enzo Perez was nevertheless considered a long shot to\nbe on the plane to Brazil 2014. However, his superb performances as\none half of a holding duo this past season at Benfica ultimately\nearned him a spot. Named after the great Enzo Francescoli – his dad\nsupports River Plate, where the former Uruguay star is considered a\nlegend – Perez had a lot to live up to.", "Though he has not quite reached Francescoli’s heights, the\n28-year-old has had a solid career since coming through the ranks\nat Mendoza side Godoy Cruz, where he made his debut as a\n17-year-old in the Argentinian second division. In 2007 he made the\nstep up to Estudiantes, where he enjoyed substantial success under\nSabella, winning the 2009 Copa Libertadores and the 2010 Apertura\ntitle and claiming a runners-up medal at the FIFA Club World\nCup.", "Perez was given his senior Argentina debut by Diego Maradona in\n2009. He played once on the road to the 2010 FIFA World Cup™ but\ndid not make the final squad for South Africa. Current\n", " coach Sabella knows the midfielder’s game\ninside out, even if he barely used him after recalling him to the\ninternational set-up midway through qualifying for Brazil 2014.\nConsequently, for some his inclusion in the final 23-man squad was\nsomething of a surprise."], "bibnum":8, "fieldpos":3, "webname":"Enzo PEREZ", "webnamealt":"PEREZ", "surname":"PEREZ", "shirtname":"PEREZ", "playerletter":"P,P", "birthdate":"1986-02-22 00:00:00", "clubname":"SL Benfica", "idclub":1914613}