{"idcupseason":251164, "idteam":43946, "teamname":"France", "countrycode":"FRA", "idplayer":317056, "description":["Born in the suburbs of Paris to Malian parents, Moussa Sissoko\nhas much in common with his idol and fellow midfielder, Mali star\nMahamadou Diarra. Sissoko's own playing style was honed in the\nyouth academy at Toulouse, which he joined at a very young age, and\nhe made the step up to the club's first team at 17, having turned\nheads both at youth level and for the reserves. What he initially\nlacked in experience, the box-to-box player more than made up for\nin combativeness, not to mention his astonishing composure.", "\n", "\nEqually effective in front of the defence or close to the\nopposition goal, Sissoko appeared 30 times in his debut campaign.\nThose performances opened the door to the France U-21 side, and the\nfollowing season he continued his progress, earning his first\nsenior cap in October 2009. He missed out on the 2010 FIFA World\nCup™ and made just one outing under Laurent Blanc in August 2010,\nbut he was handed another chance by Didier Deschamps two years\nlater. Sissoko went on to enjoy an active role on the road to\nBrazil 2014, bolstered by his experiences since signing in 2013 for\nNewcastle, where he has operated higher up the pitch than he did at\nToulouse."], "bibnum":18, "fieldpos":3, "webname":"Moussa SISSOKO", "webnamealt":"", "surname":"SISSOKO", "shirtname":"SISSOKO", "playerletter":"S,S", "birthdate":"1989-08-16 00:00:00", "clubname":"Newcastle United FC", "idclub":44136}