{"idcupseason":251164, "idteam":43849, "teamname":"Cameroon", "countrycode":"CMR", "idplayer":317072, "description":["Left-back Henri Bedimo was in the Montepellier side that stunned\nFrench football in 2012 when they won the league, and that win gave\nthe 29-year-old a chance to play UEFA Champions League football.\nWhen the club failed to reach the same heights the following\nseason, the Douala-born player, who moved to France when he was 15,\nsought a challenge, which he found with Lyon. He joined the club at\nthe start of the 2013/14 season, and he soon established himself as\na regular with the club as they won a spot in European football\nagain next term.", "Bedimo was called up by the then-coach Paul Le Guen for the CAF\nAfrica Cup of Nations 2010 as the only left-back in the squad\nbut he failed to make the trip to South Africa for the FIFA World\nCup™. Since then he has been on the periphery of the Indomitable\nLions team, receiving several call-ups for the World Cup qualifying\nmatches, and getting off the bench a total of four times. Another\nsolid, athletic option at the back for Cameroon coach Volker Finke,\nBedimo proved himself once again with an impressive season for Lyon\nand he could well get the chance to taste football on the world's\ngreatest stage in Brazil."], "bibnum":12, "fieldpos":2, "webname":"Henri BEDIMO", "webnamealt":"BEDIMO", "surname":"BEDIMO NSAME", "shirtname":"BEDIMO", "playerletter":"B,B", "birthdate":"1984-06-04 00:00:00", "clubname":"Olympique Lyonnais", "idclub":26230}