{"idcupseason":251164, "idteam":43922, "teamname":"Argentina", "countrycode":"ARG", "idplayer":318034, "description":["A physically imposing, uncompromising centre-half able to get\nthe better of opponents on the ground and in the air, Federico\nFernandez is seen by coach Alejandro Sabella as one of his most\npromising options in his revamp of the ", "\nbackline.", "The two know each other well from their time together at\nEstudiantes. Fernandez made his debut there in 2008 but only\ncemented his place in the first team after Sabella’s arrival in the\ndugout. An unused substitute in the team that finished runners-up\nat the FIFA Club World Cup UAE 2009, he was a central plank in the\n", " line-up by the time they won the 2010 Torneo\nClausura 2010.", "Sergio Batista gave him his first international cap in April\n2011 but did not name him in the squad for the Copa America later\nthat year, one in which he joined his current club Napoli after a\nshort loan spell with Getafe in Spain. Though Sabella brought him\ninto the squad after taking over as national team coach, Fernandez\nstayed on the bench for the first three games of the Brazil 2014\nqualifying competition. Yet after starting on matchday four against\nColombia he has rarely been out of the side, racking up 990 minutes\nof pitchtime during the preliminaries, a figure topped by only\nthree of his team-mates."], "bibnum":17, "fieldpos":2, "webname":"Federico FERNANDEZ", "webnamealt":"", "surname":"FERNANDEZ", "shirtname":"F. FERNANDEZ", "playerletter":"F,F", "birthdate":"1989-02-21 00:00:00", "clubname":"SSC Napoli", "idclub":2147481899}