{"idcupseason":251164, "idteam":43969, "teamname":"Spain", "countrycode":"ESP", "idplayer":318601, "description":["Small in stature but a heavyweight in Barcelona's attack, Pedro\nis a skilful, two-footed forward with searing pace, a keen eye for\ngoal and good long-range shooting ability.", "After joining Barcelona as a 17-year-old, Pedro spent four years\nin the club's youth and reserve sides, before being introduced to\nthe first team in 2008 by Pep Guardiola. An impressive 2009/10\npre-season then cemented his place in the senior side. And within\njust six months he had already made history, becoming the first\nplayer to score in six different competitions – La Liga, Copa del\nRey, Spanish Super Cup, UEFA Champions League, UEFA Super Cup and\nFIFA Club World Cup 2009 – in a single season.", "Pedro followed that impressive feat with his first international\ncall-up, earning a place in Spain's title-winning squad for the\n2010 FIFA World Cup South Africa™. Since then he has been a regular\nfor ", ", with whom he also won the UEFA EURO in\n2012."], "bibnum":11, "fieldpos":4, "webname":"Pedro RODRIGUEZ", "webnamealt":"PEDRO", "surname":"RODRIGUEZ LEDESMA", "shirtname":"PEDRO", "playerletter":"R,P", "birthdate":"1987-07-28 00:00:00", "clubname":"FC Barcelona", "idclub":1903416}