{"idcupseason":251164, "idteam":43949, "teamname":"Greece", "countrycode":"GRE", "idplayer":318768, "description":["Greece will be looking to their top scorer on the road to\nBrazil, Konstantinos Mitroglou, to continue his hot streak in front\nof goal. The forward had a remarkable 2013 in Greece, scoring 20\ngoals in 26 Greek Super League matches. Add to that his record of\nfour goals in his six FIFA World Cup™ qualifiers last year,\nincluding three in the vital play-off games against Romania, and it\nis understandable why English side Fulham made Mitroglou their\nrecord signing in January.", "In fact, the reported £11m fee that the Craven Cottage side paid\nOlympiacos for Mitroglou is the highest ever paid for a Greek\nplayer. Before signing for Fulham, he had impressed in the 2013/14\nUEFA Champions League, grabbing a hat-trick against Anderlecht in\nthe group stages and setting up another against Benfica as\nOlympiacos qualified from Group C.", "Born in Greece, his family moved to Germany when Mitroglou was\nyoung. The forward initially impressed in Greece’s run to the UEFA\nU-19 European Championship final in 2007. However, he struggled to\nbreak into the ", " starting XI after joining the club\nfrom Borussia Monchengladbach’s second side and was loaned out to\nPanionios and Atromitos in 2011 and 2012, grabbing 24 goals across\nthe two spells. Despite making his international debut in 2009, he\nhad to wait for a regular starting place, missing out on the 2010\nWorld Cup before playing just 19 minutes at UEFA EURO 2012.\nFernando Santos then decided to make Mitroglou the focal point of\nthe Greek attack after his impressive performances with Olympiacos,\nwhich helped them to a Greek Super League title in 2012/13. His\nvital goals helped see his country qualify for Brazil, but the\nFulham man retains admirable modesty.", "“We are all heroes,” he told ", " in a\nrecent interview. “The entire team, the entire country, all Greeks!\nWe’re a huge jigsaw and I’m just one piece.”"], "bibnum":9, "fieldpos":4, "webname":"Konstantinos MITROGLOU", "webnamealt":"MITROGLOU", "surname":"MITROGLOU", "shirtname":"MITROGLOU", "playerletter":"M,M", "birthdate":"1988-03-12 00:00:00", "clubname":"Fulham FC", "idclub":44262}