{"idcupseason":251164, "idteam":43949, "teamname":"Greece", "countrycode":"GRE", "idplayer":319298, "description":["Georgios Tzavelas started his career on the island of Corfu\nwith Kerkyra, with whom he suffered relegation from the Greek Super\nLeague. He moved back into the Greek top flight with Panionios in\n2008 before leaving his homeland for Eintracht Frankfurt after two\nseasons with ", ". After this move,\nthe left-back made his debut for Greece in a goalless draw\nwith Croatia in UEFA EURO 2012 qualifying.", "His most notable moment in a Frankfurt shirt came against\nSchalke with his first Bundesliga goal, which saw him beat Manuel\nNeuer from 73 metres out, a record for the German top flight.\nTzavelas unfortunately suffered a cruciate ligament injury just a\nmonth later and was out for the remainder of the season, in which\nFrankfurt suffered relegation from the top tier. In January 2012,\nhe made a loan switch to Monaco, before making the move permanent\nand helping them to promotion the following season. He made a\ncouple of appearances at UEFA EURO 2012 and served as an able\ndeputy during 2014 FIFA World Cup™ qualifying, making three\nappearances as Greece reached Brazil.", "Tzavelas is now back in his homeland, having signed for PAOK in\nSeptember 2013."], "bibnum":3, "fieldpos":2, "webname":"Georgios TZAVELAS", "webnamealt":"TZAVELLAS", "surname":"TZAVELLAS", "shirtname":"TZAVELLAS", "playerletter":"T,T", "birthdate":"1987-11-26 00:00:00", "clubname":"PAOK FC", "idclub":421}