{"idcupseason":251164, "idteam":43843, "teamname":"Algeria", "countrycode":"ALG", "idplayer":319358, "description":["Sofiane Feghouli played youth football for a pair of Parisian\nteams – Red Star and Paris FC – prior to signing his first\nprofessional contract with Grenoble in 2007. The sprightly\nattacking midfielder got his big break towards the end of that\nseason, taking part in a handful of French Ligue 2 fixtures while\nstill 17 years of age.", "The season after that, three goals, 26 appearances and series of\nimpressive outings saw Grenoble promoted to French Ligue 1 and\ncomparisons drawn between the young Algerian and Zinedine Zidane.\nThe following campaign, he played a crucial role in Grenoble’s\nsuccessful battle to beat the drop.", "The ambitions of the rising North African star were then dealt a\nsevere blow by a knee injury that sidelined him for most of the\n2009/10 season, towards the end of which he signed for Valencia.\nAfter recuperating and enjoying a short loan spell with Almeria,\nFeghouli would, over the next three years, become one of the stars\nof ", "’s starting XI, putting in top-notch displays in\nLa Liga, the UEFA Champions League and the UEFA Europa League.", "It did not take long for the Algerian international set-up to\ntake an interest in the cultured playmaker, and he received his\nfirst cap for ", " in a CAF Africa Cup of Nations\nqualifier against Gambia in February 2012, a match in which he also\nscored his first international goal. Voted Algerian Footballer of\nthe Year in 2012, the beguiling No10 appeared in three matches at\nthe 2013 Cup of Nations in South Africa. During the recent\nqualifying campaign for Brazil 2014, he played seven times, hitting\nthe net on three occasions."], "bibnum":10, "fieldpos":4, "webname":"Sofiane FEGHOULI", "webnamealt":"FEGHOULI", "surname":"FEGHOULI", "shirtname":"FEGHOULI", "playerletter":"F,F", "birthdate":"1989-12-26 00:00:00", "clubname":"Valencia CF", "idclub":32840}