{"idcupseason":251164, "idteam":43946, "teamname":"France", "countrycode":"FRA", "idplayer":319340, "description":["Central defender Eliaquim Mangala has pursued a somewhat unusual\ncareer path, never having played in France, except for when wearing\nthe blue jersey of the French national team. Born in Paris, Mangala\nmoved to Belgium at the age of 5. He started playing professional\nfootball with CS Wépionnais, before moving on to UR Namur, where he\nwas spotted by a scout from Standard Liege. ", "Mangala made his debut for the Belgian giants in 2008 aged only\n17 and it was here, alongside a generation of superstars including\nAxel Witsel and Steven Defour that he kicked off his career in\nstyle by winning both the domestic league and the Belgian Supercup,\nand, two years later, adding the Belgian Cup to the list. It was\nduring this 2010-2011 season that he caught the attention of FC\nPorto, and at the end of it the Portuguese club killed two birds\nwith one stone, signing Defour along with the Frenchman.", "After a season settling in, Mangala took advantage of the\nBrazilian Maicon’s injury to establish himself in Porto’s defence.\nHe is a powerful footballer, always in the right place, good with\nhis head and on the counter, as well as being a threat in the\nopposition box from dead-ball situations. After bagging his second\nconsecutive championship title in Portugal, Mangala was called up\nby Didier Deschamps for the first time in June 2013. He had to wait\nuntil March this year for a second appearance, playing alongside\nRaphael Varane in a match against the Netherlands in which he\nsuccessfully marked Robin van Persie out of the game."], "bibnum":13, "fieldpos":2, "webname":"Eliaquim MANGALA", "webnamealt":"", "surname":"MANGALA", "shirtname":"MANGALA", "playerletter":"M,M", "birthdate":"1991-02-13 00:00:00", "clubname":"FC Porto", "idclub":31015}