{"idcupseason":251164, "idteam":43949, "teamname":"Greece", "countrycode":"GRE", "idplayer":319413, "description":["Defensive midfielder Panagiotis Tachtsidis has found it\ndifficult to dislodge the old guard in the centre of the park for\nGreece, but his technique and Italian footballing pedigree means he\nis one for the future for Fernando Santos. Making his full national\nteam debut aged 21, a few months after UEFA EURO 2012,\nTachtsidis played just 67 minutes in qualifying for the 2014 FIFA\nWorld Cup Brazil™, but was named in eight of the 12 squads on\nGreece’s road there.", "His club career has seen him rack up eight clubs at the age of\njust 23. The left-footed midfielder started his career at AEK\nAthens, making his Greek Super League debut aged 16 alongside\nBrazilian legend Rivaldo. At 18, he appeared in the UEFA Europa\nLeague for the ", " and made his move to Italian\nfootball with Genoa the following year. Tachtsidis has since become\nsomething of a journeyman of the Italian game, with mixed loan\nspells at Cesena and Grosseto followed by a successful loan at\nVerona, who narrowly missed out on promotion to Serie A at the end\nof the 2011/12 season. That spell impressed giants Roma\nsufficiently to sign the midfielder permanently from Genoa. As part\nof the complicated co-ownership deal, he returned to Genoa in 2013\nbefore signing for current side Catania, who in turn loaned him to\nTorino in January."], "bibnum":23, "fieldpos":3, "webname":"Panagiotis TACHTSIDIS", "webnamealt":"Panagiotis Tachtsidis", "surname":"TACHTSIDIS", "shirtname":"TACHTSIDIS", "playerletter":"T,T", "birthdate":"1991-02-15 00:00:00", "clubname":"Torino FC", "idclub":2147482132}