{"idcupseason":251164, "idteam":43930, "teamname":"Uruguay", "countrycode":"URU", "idplayer":319482, "description":["A safe pair of hands in the air, solid\nbetween the posts and quick to come off his line and close opposing\nforwards down or clear the ball with his feet, Rodrigo Munoz has\nfinally broken into the Uruguay squad as third-choice goalkeeper at\nthe age of 32.", "\n", "\n", ", to give the custodian his nickname, learned his\ntrade at Club Atletico Cerro before making his first division debut\nin 2000. His career took off when he made the move to Montevideo\npowerhouses Nacional, where he played a starring role as ", " won the 2009 Uruguayan league championship and reached\nthe semi-finals of the Copa Libertadores that same\nyear. ", "\n", "\nMunoz had been named captain at Nacional by the time Oscar Tabarez\ndrafted him into the national team for the first time in May 2011,\nthe keeper coming in for the absent Martin Silva and Juan Castillo\nto deputise for Fernando Muslera in a friendly against\nGermany. ", "\n", "\n", " ", " Tabarez continued to use him\nin such a capacity until he was forced to alter his plans by\nMunoz’s performances with Libertad of Paraguay, where he won the\nchampionship in his first season in 2012, conceding fewer goals\nthan any other keeper in the league. Despite not seeing any action\nduring the Brazil 2014 qualifying competition, Munoz eventually\nreplaced Castillo in the squad for the final two qualifiers in\nOctober 2013."], "bibnum":12, "fieldpos":1, "webname":"Rodrigo MUNOZ", "webnamealt":"R. MUÑOZ", "surname":"MUNOZ", "shirtname":"R. MUÑOZ", "playerletter":"M,R", "birthdate":"1982-01-22 00:00:00", "clubname":"Club Libertad", "idclub":1886995}