{"idcupseason":251164, "idteam":43971, "teamname":"Switzerland", "countrycode":"SUI", "idplayer":319460, "description":["Yann Sommer presents a formidable barrier between the posts for\nSwitzerland, with his astonishing reflexes and reading of the game\nchief among the 25-year-old’s standout qualities. The goalkeeper is\nextremely difficult to beat, an expert at saving penalties and\nstrong in one-on-one situations, making him a highly competent\nunderstudy to No1 Diego Benaglio.", "Sommer signed his first professional contract in 2005 at FC\nBasel, but after struggling to make an impact was loaned to\nLiechtenstein outfit FC Vaduz and then Grasshoppers Zurich. Now,\nhowever, he is the undisputed first-choice custodian in Basel and\nhas been crucial in helping the side pick up a number of\ntrophies.", "\n", "\nHis displays aroused interest from across Europe, with Borussia\nMonchengladbach winning the race for his signature as a replacement\nfor the departing Marc-Andre ter Stegen next season. That the\nBundesliga club identified Sommer as the ideal man to fill the void\nis further evidence of his first-rate quality.", "\n", "\nThe goalkeeper’s first senior cap for Switzerland came in a\nfriendly against Romania on 30 May 2012 after previously captaining\nhis country to the final of the UEFA U-21 Championship 2011. Sommer\nhas described himself as being “a little bit crazy”, but\nnonetheless proved his reliability to coach Ottmar Hitzfeld during\n2014 FIFA World Cup Brazil™ qualifying when standing in for\nBenaglio.", "\n", "\nThe intense competition to secure the No1 jersey will ensure\nSwitzerland are solid at the back in Brazil, with Sommer ready to\nstep in should he be called upon."], "bibnum":12, "fieldpos":1, "webname":"Yann SOMMER", "webnamealt":"SOMMER", "surname":"SOMMER", "shirtname":"SOMMER", "playerletter":"S,S", "birthdate":"1988-12-17 00:00:00", "clubname":"FC Basel", "idclub":655}