{"idcupseason":251164, "idteam":43971, "teamname":"Switzerland", "countrycode":"SUI", "idplayer":319470, "description":["Mario Gavranovic’s work-rate, coupled with his sheer passion for\nthe game, makes the FC Zurich attacker a constant threat for\nopposition defenders, both at club and international level.", "Born in Croatia, Gavranovic started his career at FC Lugano,\nmaking his first-team debut in the Swiss second division. He signed\nfor Yverdon-Sport FC in 2008, before moving on to Neuchatel Xamax\n12 months later. Bundesliga giants Schalke 04 soon became aware of\nthe youngster’s considerable skill and signed him at the beginning\nof 2010, handing him a contract until 30 June 2013.", "Gavranovic failed to make the breakthrough at the\n", ", however, and things weren’t much better at\nFSV Mainz 05, whom he joined on loan for the duration of 2011/12.\nGavranovic was released by Schalke at the end of the campaign and\npromptly returned to Zurich.", "The versatile forward made his international debut in\nSwitzerland’s UEFA EURO 2012 qualifier against Portugal on 26 March\n2011, replacing Marco Streller in the 77th minute. Coach Ottmar\nHitzfeld called him up to the Switzerland squad on six occasions\nduring ", "’s qualifying campaign for the 2014 FIFA\nWorld Cup™ in Brazil."], "bibnum":17, "fieldpos":4, "webname":"Mario GAVRANOVIC", "webnamealt":"GAVRANOVIC", "surname":"GAVRANOVIC", "shirtname":"GAVRANOVIC", "playerletter":"G,G", "birthdate":"1989-11-24 00:00:00", "clubname":"FC Zuerich", "idclub":31927}