{"idcupseason":251164, "idteam":43960, "teamname":"Netherlands", "countrycode":"NED", "idplayer":319436, "description":["Strong, quick and powerful, Leroy Fer was nicknamed ", " (The Bouncer) even as a teenager for his\nimpressive physical attributes. Now 24, the former Feyenoord and\nTwente midfielder has just completed his first full season in\nEngland’s Premier League, becoming a fixture in the Norwich City\nline-up.", "Indeed, while Norwich have struggled, the club’s former manager\nChris Hughton declared himself “delighted” by the way in which Fer\nhad made the transition from the less fast-and-furious Eredivisie.\nNor has Hughton been the only manager impressed, with Liverpool’s\nBrendan Rodgers said to be considering a summer bid, and Louis van\nGaal having called on Fer several times since taking charge of the\nNetherlands.", "Though not a regular in the national team, the big midfielder\nplayed in three of the ", " FIFA World Cup™ qualifiers\nand is an option to provide the solidity required for the more\nexpressive midfielders to strut their stuff. Fer is a product of\nthe Dutch youth ranks, and a former captain of the national U-17\nside, although it was only in 2009 that he finally declared his\nallegiances, having spoken openly of the temptation to turn out for\nhis parents’ home country of Netherlands Antilles."], "bibnum":18, "fieldpos":3, "webname":"Leroy FER", "webnamealt":"FER", "surname":"FER", "shirtname":"FER", "playerletter":"F,F", "birthdate":"1990-01-05 00:00:00", "clubname":"Norwich City FC", "idclub":33339}