{"idcupseason":251164, "idteam":43849, "teamname":"Cameroon", "countrycode":"CMR", "idplayer":320375, "description":["Since being thrown in the deep end as an 18-year-old by Schalke\nclub coach Felix Magath, defender Joel Matip has taken to\nprofessional football like the proverbial duck to water. In his\nfirst game with Schalke, Magath put him into midfield and the\nyoungster was told to go out and play. And play he did. He was not\nintimidated by the best footballers in the world as the opposition\nin his first Bundesliga match were Bayern in Munich's Allianz\nArena. At the end of the 90 minutes people were talking about the\nteenager who had shown not one ounce of nervousness, and in fact\ntook the game to Bayern. He scored the equaliser in a 1-1 draw and\nwas named the man of the match. It was to be the start of an\nongoing relationship with ambitious Bundesliga club Schalke, who\nhave been impressively consistent in the league and again qualified\nfor the UEFA Champions League this past term. Matip's reputation\nand value has risen at the same rate, and he is consistently linked\nwith moves to the biggest European clubs.", "\n", "\nNeedless to say, Matip was a player that the Germans were keen to\nhave for their national youth teams, but the youngster decided that\nhe would rather follow in his brother Marvin's footsteps, who had\nopted to play for his father's country after earlier representing\nGermany at the FIFA U-20 World Cup. Joel was included in Paul Le\nGuen's squad for the CAF Africa Cup of Nations 2010, but he delayed\nhis international debut until a friendly against Italy. He has\nnot looked back since, and he played a game for Cameroon at the\nFIFA World Cup™ in South Africa and featured regularly in\nqualifying for Brazil 2014. Although used mainly as a defender\nor a defensive midfielder, Matip enjoys coming forward and has\nscored several important goals in the process."], "bibnum":21, "fieldpos":3, "webname":"Joel MATIP", "webnamealt":"MATIP", "surname":"MATIP", "shirtname":"MATIP", "playerletter":"M,M", "birthdate":"1991-08-08 00:00:00", "clubname":"FC Schalke 04", "idclub":36721}