{"idcupseason":251164, "idteam":43843, "teamname":"Algeria", "countrycode":"ALG", "idplayer":321682, "description":["Handed his first cap just three months before the start of the\n2010 FIFA World Cup™, Medhi Lacen earned promotion to the\ninternational arena just in time to feature in all three of\nAlgeria's group matches in South Africa. Three years later, he\ncaptained his country at the 2013 CAF Africa Cup of Nations, and he\nalso appeared in five qualifiers ahead of Brazil 2014, including\nthe play-off decider against Burkina Faso.", "Born in France, Lacen only obtained an Algerian passport a few\nmonths before South Africa 2010. The defensive midfielder first\nlearned the ropes in the youth teams of Versailles and later Laval,\nwhere he eventually made his professional debut. Just five games\nlater he moved to Valence, and after a successful season he opted\nto continue his career in Spain.", "The 30-year-old began his Iberian adventure at Deportivo Alves,\nspending three years with the club before making the switch to\nRacing Santander. Lacen racked up 100 outings with Racing in the\nspace of three seasons before signing for Getafe in 2011."], "bibnum":8, "fieldpos":3, "webname":"Medhi LACEN", "webnamealt":"", "surname":"LACEN", "shirtname":"LACEN", "playerletter":"L,L", "birthdate":"1984-03-15 00:00:00", "clubname":"Getafe CF", "idclub":1884966}