{"idcupseason":251164, "idteam":43948, "teamname":"Germany", "countrycode":"GER", "idplayer":321722, "description":["Thomas Muller is one of that rare breed of footballers, whose\ndisplays makes them impossible to pigeon-hole. He has long been one\nof the most dangerous attacking midfielders in the world game\nthanks to his instinctive style, untrackable movement and ability\nto seemingly always make the right decisions even at full\nsprint.", "Muller has already achieved astonishing success in his career,\nincluding winning the adidas Golden Boot for finishing as top\nscorer at the 2010 FIFA World Cup South Africa™ after netting five\ngoals and providing three assists.", "The likeable 24-year-old, who also won the Best Young Player\nAward that tournament, is an invaluable member of Germany coach\nJoachim Low’s squad due to his open, spontaneous and fun\npersonality, as well as his unbending desire to win.", "\n", "\nMuller has played for Bayern Munich since the age of ten and after\nmaking his breakthrough there as a professional under the guidance\nof coach Louis van Gaal, he has since gone on to win every title\navailable in club football, including the UEFA Champions League and\nthe FIFA Club World Cup.", "\n", "\nThe Bavarian native has also been a pillar of the national team for\nseveral years, and is commonly deployed both on the right and in\nthe centre by Low. Muller found the target four times in ten games\nduring Brazil 2014 qualifying and now has his sights set on winning\nthe most sought-after trophy in world football in South\nAmerica."], "bibnum":13, "fieldpos":4, "webname":"Thomas MUELLER", "webnamealt":"", "surname":"MÜLLER", "shirtname":"MÜLLER", "playerletter":"M,M", "birthdate":"1989-09-13 00:00:00", "clubname":"FC Bayern Muenchen", "idclub":1914810}