{"idcupseason":251164, "idteam":43949, "teamname":"Greece", "countrycode":"GRE", "idplayer":321731, "description":["A versatile player who played ten games in qualifying for the\n2014 FIFA World Cup Brazil™, Ioannis 'Giannis' Maniatis started his\ncareer as a right-back at Panionios, whom he represented for\nthe best part of a decade after signing professional terms in 2003.\nHe made his Greece debut in a 1-0 friendly win over Serbia in 2010,\nbefore making the move to Greek heavyweights Olympiacos in early\n2011. The switch saw him initially provide support as a fullback,\nbut a career-changing moment came prior to a UEFA Champions League\nmatch later that year against Marseille. Shorn of options in the\nmiddle of the park, then Olympiacos coach Ernesto Valverde switched\nManiatis to midfield, and the No2 was a revelation, putting in a\nsuperb performance and earning plaudits across his homeland.", "As a result, Maniatis was thereafter primarily deployed as a\nholding midfielder as he won three Greek Super Leagues in his first\nthree seasons with the ", ". His success in the\nposition saw him establish himself in Greece’s starting line-up for\nUEFA EURO 2012 and throughout qualifying for Brazil."], "bibnum":2, "fieldpos":3, "webname":"Ioannis MANIATIS", "webnamealt":"MANIATIS", "surname":"MANIATIS", "shirtname":"MANIATIS", "playerletter":"M,M", "birthdate":"1986-10-12 00:00:00", "clubname":"Olympiacos Piraeus FC", "idclub":420}