{"idcupseason":251164, "idteam":43819, "teamname":"Japan", "countrycode":"JPN", "idplayer":321734, "description":["Widely tipped to make the No1 jersey his own one day, goalkeeper\nShuichi Gonda has represented his nation at various age levels and\nhas the ability to quickly turn defence into attack through quick\nand accurate distribution.", "Tokyo born and bred, Gonda came through the FC Tokyo youth\nprogramme and joined the senior team in 2007. Although Tokyo were\nrelegated to the second division in 2010, they rebounded the\nfollowing season, with Gonda taking on an increasingly important\nleadership role in the process.", "\nGonda regularly represented Japan at U-20 and U-23 levels, and\nplayed for the senior national team once in 2010. He was also his\ncountry’s first-choice keeper at the London Olympics in 2012, where\nhis compatriots finished fourth. These highs have been offset by\noccasional lows, including missing qualification for the FIFA U-20\nWorld Cup.", "The 25-year-old was inspired to become a goalkeeper after\nwatching former USA shot-stopper Tony Meola, as well as modelling\nhimself on legendary Danish custodian Peter Schmeichel. Unafraid to\nput his body on the line, Gonda’s undoubted potential has been duly\nnoted by Samurai Blue coach Alberto Zaccheroni. Eiji Kawashima has\nan iron grip on the No1 jersey right now with Shusaku Nishikawa\nseemingly the preferred back-up, meaning Gonda is unlikely to\novertake his more experienced team-mates in the pecking order."], "bibnum":23, "fieldpos":1, "webname":"Shuichi GONDA", "webnamealt":"GONDA", "surname":"GONDA", "shirtname":"GONDA", "playerletter":"G,G", "birthdate":"1989-03-03 00:00:00", "clubname":"FC Tokyo", "idclub":476}