{"idcupseason":251164, "idteam":43822, "teamname":"Korea Republic", "countrycode":"KOR", "idplayer":321745, "description":["Towering forward Kim Shinwook has emerged as one of the\nbrightest starlets of Korean football since he made a successful\ntransition from centre-half to striker upon joining K.League giants\nUlsan Hyundai in 2009. Under the guidance of former Korea Republic\ncoach Kim Hogon, he scored seven goals in each of his first two\nseasons at Munsu before helping the Tigers finish runners-up in\n2011. Kim also finished as the top scorer with 11 goals in eight\nmatches as Ulsan won the K.League Cup that year. He went on to lift\nthe 2012 AFC Champions League trophy, before winning the K.League\nMost Valuable Player award despite narrowly missing out on the\ngolden boot with 19 goals last season.", "\n", "\nAlthough he made his international debut in a friendly with Zambia\nin the build-up to the 2010 FIFA World Cup South Africa™, Kim did\nnot make the trip to the tournament itself. But he was a member of\nthe Korea Republic side that finished third at the AFC Asian Cup\nthe following year. Kim also took part in the Asian Zone qualifying\nfor Brazil 2014, during which he scored his first international\ngoal in a 4-1 victory over Qatar on 8 June 2012."], "bibnum":18, "fieldpos":4, "webname":"KIM Shinwook", "webnamealt":"S W KIM", "surname":"KIM", "shirtname":"S W KIM", "playerletter":"K,S", "birthdate":"1988-04-14 00:00:00", "clubname":"Ulsan Hyundai FC", "idclub":1937630}