{"idcupseason":251164, "idteam":43921, "teamname":"USA", "countrycode":"USA", "idplayer":321971, "description":["A sturdy midfielder-turned indomitable defender, Geoff Cameron\nis one of few Americans with a solidified first-team place at a\nclub in one of Europe’s top leagues. Comfortable in either the\ncentre of defence, out wide, or in a holding midfield role, he\noffers USA coach Jurgen Klinsmann options aplenty and the kind of\nversatility a modern manager loves.", "Cameron is not the most elegant player on the ball, but what he\nlacks in technique he more than makes up for in his work-rate,\ntough tackling and no-nonsense defending. These qualities have made\nhim a valued asset at Stoke City in the English Premier League,\nwhere he has become a regular in the defensive set-up of a side\nthat prides itself on keeping things watertight.", "Before his move to England, Cameron was an important member of\nHouston Dynamo where he was a finalist for MLS’s Rookie of the Year\n(best young player) award and also its Top Defender gong. Brazil\n2014 will be Cameron’s first FIFA World Cup™ after playing a\ncritical role in the qualifying process in the CONCACAF zone."], "bibnum":20, "fieldpos":2, "webname":"Geoff CAMERON", "webnamealt":"CAMERON", "surname":"CAMERON", "shirtname":"CAMERON", "playerletter":"C,C", "birthdate":"1985-07-11 00:00:00", "clubname":"Stoke City FC", "idclub":2000000573}