{"idcupseason":251164, "idteam":43843, "teamname":"Algeria", "countrycode":"ALG", "idplayer":323339, "description":["Djamel Mesbah has amassed impressive experience at a list of\nclubs that includes AC Milan, with Livorno his most recent port of\ncall after joining on loan from Parma in January. The full-back was\nborn in Algeria but grew up in the French town of Annecy-le-Vieux,\nwhere he also took his first steps in the game. It was in\nSwitzerland that he launched his professional career, however,\nsigning terms with Geneva side Servette in 2003.", "The following season, Mesbah moved to Basel, winning the Swiss\ntitle before being loaned to Lorient in January 2006. Injury\nnonetheless deprived him of the chance to feature for the club in\nFrench Ligue 2, and he returned to Switzerland for a spell with\nAarau. From there, the defender switched to Luzern, but he made\njust a few appearances before deciding to try his luck in Italy.\nLoaned to Avellino, he contested 27 games in Serie B and weighed in\nwith a pair of goals, after which he spent three years at\nLecce.", "His consistency eventually drew admiring glances from Milan, who\nbrought him on board in 2011. Unable to carve out a regular\nfirst-team spot, he opted to continue his career at Parma, from\nwhere he joined Livorno on loan in the winter. On the international\nstage, Mesbah was first called up by Algeria for a friendly against\nthe Republic of Ireland in May 2010. He was awarded his maiden cap\nin the same game and went on to face England at the 2010 FIFA World\nCup™.", "Mesbah cemented a place in Algeria's rearguard at the 2013 CAF\nAfrica Cup of Nations, where he played in all three of his\ncountry's matches. He also featured in six qualifiers as ", " (Desert Foxes) secured a berth at Brazil 2014."], "bibnum":6, "fieldpos":2, "webname":"Djamel MESBAH", "webnamealt":"MESBAH", "surname":"MESBAH", "shirtname":"MESBAH", "playerletter":"M,M", "birthdate":"1984-10-09 00:00:00", "clubname":"AS Livorno", "idclub":1882921}