{"idcupseason":251164, "idteam":43860, "teamname":"Ghana", "countrycode":"GHA", "idplayer":323574, "description":["Stephen Adams isn’t as tall as most goalkeepers, but he more\nthan makes up for it with his agility. One of just a handful of\ndomestic-based Black Stars called up for FIFA World Cup duty, Adams\nearned his place in the squad for Brazil 2014 with brilliant\nperformances during the CAF African Nations Championship in 2014,\nin which he conceded just one goal in six matches en route to\na second-placed finish. Nigeria coach Stephen Keshi admitted to\nbeing an admirer of Adams after Ghana beat his side in the semis.\n“He’s an outstanding goalkeeper and he’s done a wonderful job in\nthe tournament,” Keshi told ", ".", "\n", "\nAdams was named Ghana's top domestic-based goalkeeper in 2010, when\nhis club Aduana Stars won the league championship. He has since\nbeen linked with a move to greener pastures in South Africa. Adams\nis capable of pulling off breathtaking saves from close range,\namply making up for his smaller frame. It’s precisely this quality\nthat Ghana coach Kwesi Appiah recognised in Adams as he penned the\nkeeper’s name on his squad list for Brazil, four years after the\ndisappointment of being one of the last dropped for South Africa\n2010."], "bibnum":1, "fieldpos":1, "webname":"Stephen ADAMS", "webnamealt":"S. ADAMS", "surname":"ADAMS", "shirtname":"S. ADAMS", "playerletter":"A,S", "birthdate":"1989-09-28 00:00:00", "clubname":"Aduana Stars", "idclub":2000003266}