{"idcupseason":251164, "idteam":43849, "teamname":"Cameroon", "countrycode":"CMR", "idplayer":323698, "description":["Vincent Aboubakar was just 18 when he was included in Cameroon's\nsquad at for South Africa 2010. The pacy forward, who was the only\nplayer in the squad under contract to a Cameroonian club, played\ntwice. Not surprisingly, he joined a European club immediately\nafterwards, when he signed for Valenciennes. Although he featured\nregularly for the French side, he failed to score many goals and at\nthe beginning of the 2013/14 season he joined Lorient. The change\nled him to re-discover the scoring form for which he had been known\nin Cameroon. He played in almost every match in the league season,\nscoring just under a goal in every other match.", "\n", "\nAt the same time, he played his part in helping Cameroon to the\nfinals in Brazil as he was called up for six of the country's\nqualifiers, playing in three of them. Aboubakar has a strong\nphysical presence and being only 22, he is certainly a promising\nplayer for the future. Known for his acrobatic somersaults after\nscoring, he is being linked with a move to a much larger club after\nhis breakout season in France. A goal or two on the world stage in\nBrazil will certainly do his exposure no harm."], "bibnum":10, "fieldpos":4, "webname":"Vincent ABOUBAKAR", "webnamealt":"ABOUBAKAR", "surname":"ABOUBAKAR", "shirtname":"ABOUBAKAR", "playerletter":"A,A", "birthdate":"1992-01-22 00:00:00", "clubname":"FC Lorient", "idclub":1886104}