{"idcupseason":251164, "idteam":43909, "teamname":"Honduras", "countrycode":"HON", "idplayer":323623, "description":["Jerry Bengtson's goalscoring exploits have given the Honduras\nfans plenty to celebrate over the years. Now they will be hoping\nthe 27-year-old – a pacy striker whose skill on the ball belies his\nrangy frame – has packed his scoring boots as they prepare to watch\ntheir country appear at consecutive FIFA World Cup™ finals for the\nfirst time.", "Bengtson made his professional breakthrough for La Ceiba side\nVida in August 2007, shortly after turning 20. A month and a half\nlater he netted the first of the 32 goals he would go on to rack up\nduring three seasons at the club, after which he departed with the\nclub's blessing for Motagua. He continued his love affair with the\nback of the net in his new surroundings, being crowned top scorer\nin the division in his first campaign and in the process\nbecoming the first Honduran to win the accolade three seasons on\nthe bounce.", "Given this irresistible goalscoring form, international\nrecognition soon followed and Bengtson made his debut in a friendly\nagainst Venezuela in April 2010. His first outing to a major\ntournament came at the 2012 Olympic Games in London, where he\nscored three times as Honduras sprang a surprise by reaching the\nquarter-finals.", "Now with MLS outfit New England Revolution, the sharpshooter\nplayed a key role again in qualifying for Brazil 2014, finishing as\nhis country's top marksman with nine goals to inspire Honduras to\nclaim automatic qualification for the main event this summer."], "bibnum":11, "fieldpos":4, "webname":"Jerry BENGTSON", "webnamealt":"BENGTSON", "surname":"BENGTSON BODDEN", "shirtname":"BENGTSON", "playerletter":"B,B", "birthdate":"1987-04-08 00:00:00", "clubname":"New England Revolution", "idclub":44143}