{"idcupseason":251164, "idteam":43911, "teamname":"Mexico", "countrycode":"MEX", "idplayer":329092, "description":["Few Mexican players have made their mark on the nation’s\nfootball scene as swiftly as Hector Herrera has done. In just\nfour years he has gone from plying his trade in the\nsecond division to becoming one of the country's most\ntalked-about stars.", "Watching him in action, it immediately becomes clear why he has\npeople talking. Herrera is one of the most dynamic central\nmidfielders Mexico has produced in a long time. Tactically\ndisciplined, at ease in possession, intelligent and a tireless\nworker, Herrera's stock rose after being named the best player\nat the prestigious 2012 Toulon Tournament. He later consolidated\nhis impressive displays with the Mexico side that took gold at the\nsame year's Men's Olympic Football Tournament. ", "Since then, he played in the FIFA Confederations Cup Brazil 2013\nand transferred to Portuguese giants Porto, where he has been a\nstarter for most of the season. He is sure to be an integral part\nof Mexico in Brazil 2014 either as a pure holding midfielder, or as\na box-to-box player where he is able to demonstrate his talent and\nversatility."], "bibnum":6, "fieldpos":3, "webname":"Hector HERRERA", "webnamealt":"H. HERRERA", "surname":"HERRERA LOPEZ", "shirtname":"H. HERRERA", "playerletter":"H,H", "birthdate":"1990-04-19 00:00:00", "clubname":"FC Porto", "idclub":31015}