{"idcupseason":251164, "idteam":43817, "teamname":"Iran", "countrycode":"IRN", "idplayer":329737, "description":["Born to a father who was an employee of the Isfahan Steel\nCompany, it is little surprise that Ghasem Hadadifar has remained\nloyal to Zob Ahan – a club sponsored by the company for many years.\nHe cut his teeth with Zob Ahan's youth team, before graduating to\nthe senior side at the age of 19. Despite two short loan spells\nwith Naft Teheran and Teraktor-Sazi, Hadadifar has proven dedicated\nto Zob Ahan, spending the rest of his career so far with his home\nclub.", "A skilful midfielder, Hadadifar proved an integral component as\nZob Ahan finished runners-up both domestically and in the AFC\nChampions League in 2010, feats which earned him a national team\ncall-up. The next couple of seasons saw him impress through his\ndynamic runs and ferocious shooting as he steered Teraktor-Sazi to\ntheir maiden Champions League qualification and helped Zob Ahan\nmaintain their place in the top flight. His talents and form didn't\ngo unnoticed by coach Carlos Queiroz, who played him in three\nqualifying games for the 2014 FIFA World Cup Brazil™."], "bibnum":11, "fieldpos":3, "webname":"Ghasem HADADIFAR", "webnamealt":"GHASEM. H", "surname":"HADADIFAR", "shirtname":"GHASEM. H", "playerletter":"H,G", "birthdate":"1983-07-12 00:00:00", "clubname":"Zob Ahan Isfahan FC", "idclub":44294}