{"idcupseason":251164, "idteam":43822, "teamname":"Korea Republic", "countrycode":"KOR", "idplayer":330689, "description":["A product of Chunnam Dragons’ youth academy, Ji Dongwon came\nthrough the ranks of Korea Republic’s youth national teams before\njoining the U-23 side under the guidance of Hong Myungbo. The tall\ncentre-forward formed an effective partnership alongside Park\nChuyoung up front during the 2010 Asian Games in Guangzhou, scoring\ntwo goals in the closing minutes as Korea Republic came from behind\nto defeat Iran 4-3 in the third place match. Ji went on to take\npart in the 2011 AFC Asian Cup in Qatar where he scored four goals\nas the Taeguk Warriors also finished third in that\ncompetition. ", "\n", "\nHe soon realised his dream of playing in Europe that summer when he\nsigned for English Premier League side Sunderland. Although he\nstruggled to claim his place in the starting line-up at the club,\nJi was called up for the 2012 Men’s Olympic Football Tournament in\nLondon. His opening goal against hosts Great Britain helped the\nTaeguk Warriors progress beyond the quarter-finals for the first\ntime, and eventually win the bronze medal. Ji subsequently moved on\nloan to Augsburg for the second half of the season, and after\nanother stint at Sunderland, he returned to the German outfit\nearlier this year. The 23-year-old is set to move to Borussia\nDortmund after the Brazil 2014 campaign."], "bibnum":19, "fieldpos":3, "webname":"JI Dongwon", "webnamealt":"D W JI", "surname":"JI", "shirtname":"D W JI", "playerletter":"J,D", "birthdate":"1991-05-28 00:00:00", "clubname":"FC Augsburg", "idclub":2000012821}