{"idcupseason":251164, "idteam":43854, "teamname":"Côte d'Ivoire", "countrycode":"CIV", "idplayer":332293, "description":["France-born Giovanni Sio played youth football with Nantes, but\nhe was forced to go to Spain to embark on his first stepping stones\ntowards becoming a professional footballer. He joined the reserve\nside of Read Sociedad and although he played a few games for the\nsenior side in the Spanish Second Division, he was released at the\nend of the 2008/9 season and joined Swiss club Sion, where he\ninitially played in the youth side before being promoted to the\nfirst team. He was soon noticed outside the Swiss borders and\nGerman Bundesliga club VfL Wolfsburg signed him on a four-year\ncontract at the beginning of 2012.", "After originally seeing regular playing time with the team from\nthe north of Germany, he fell out of favour and was sent on loan,\nfirst to Augsburg and then Sochaux. At the start of the 2013/4\nseason he joined Basel and played an important part as the team\nenjoyed a successful run in the Champions League – twice beating\nfinalists Chelsea in the group phase before advancing to the\nquarter-finals of the Europa League. The pacey striker with a hard\nwork rate played youth football for France, but then opted to play\nfor Côte d'Ivoire. Sio, who debuted for the Elephants' in 2013,\nplayed in four matches in the 2014 FIFA World Cup™ qualifying\ncampaign."], "bibnum":21, "fieldpos":4, "webname":"Giovanni SIO", "webnamealt":"SIO", "surname":"SIO", "shirtname":"SIO", "playerletter":"S,S", "birthdate":"1989-03-31 00:00:00", "clubname":"FC Basel", "idclub":655}