{"idcupseason":251164, "idteam":43927, "teamname":"Ecuador", "countrycode":"ECU", "idplayer":332827, "description":["Still only 19, Carlos Gruezo is one of\nEcuadorian football’s brightest prospects. A technically adept\nholding midfielder and a precise passer of the ball, he fought his\nway into the ", " squad for Brazil 2014 at a late stage.\nBorn in Guayaquil, Gruezo made his professional debut with\nIndependiente del Valle, where he quickly established himself as\nthe star of the side. Snapped up by local giants Barcelona, he\ncontinued to impress in a two-season stay in the Ecuadorian top\nflight before joining Bundesliga outfit Stuttgart.", "Gruezo represented his country at the\n2011 South American U-17 Championships, helping ", "\nqualify for the world finals in the age category, held later that\nyear in Mexico, where he appeared in the side that reached the last\n16. He also formed part of the Ecuador squad at the 2013 South\nAmerican U-20 Championships. Though yet to embark on his full\ninternational career, Gruezo has done enough to convince Reinaldo\nRueda to draft him into the ", " set-up and take him to\nBrazil."], "bibnum":23, "fieldpos":3, "webname":"Carlos GRUEZO", "webnamealt":"GRUEZO", "surname":"GRUEZO", "shirtname":"GRUEZO", "playerletter":"G,G", "birthdate":"1995-04-19 00:00:00", "clubname":"VfB Stuttgart", "idclub":31053}