{"idcupseason":251164, "idteam":43942, "teamname":"England", "countrycode":"ENG", "idplayer":336043, "description":["Despite being born in Kingston, Jamaica, Raheem Sterling grew up\nand went to school just a goal-kick's distance from Wembley\nStadium. He joined Liverpool from Queens Park Rangers in 2010\nwhilst still in his mid-teens in a deal which could rise to\n£5m.", "He helped John Peacock's Young Lions to qualify for the European\nChampionship Finals in Serbia, where England reached the semi-final\nand then took part in the FIFA U-17 World Cup in Mexico in the\nsummer of 2011, where he netted a stunning goal against Rwanda.", "Sterling continued to develop at Anfield and was called up to\nthe England U-19 squad by Noel Blake at the start of the 2012/13\ncampaign, following some impressive early season performances in\nthe Liverpool first-team.", "Less than a week after his debut for the U-19s against Germany\nin September 2012, he was propelled into the senior squad by Roy\nHodgson for the match against Ukraine at Wembley as a replacement\nfor Theo Walcott.", "With more appearances for Liverpool under his belt, Hodgson gave\nSterling a full England debut in November 2012 when he started\nagainst Sweden in Stockholm and he has remained on the radar ever\nsince, whilst still impressing with his performances for Gareth\nSouthgate's U-21 side."], "bibnum":19, "fieldpos":3, "webname":"Raheem STERLING", "webnamealt":"STERLING", "surname":"STERLING", "shirtname":"STERLING", "playerletter":"S,S", "birthdate":"1994-12-08 00:00:00", "clubname":"Liverpool FC", "idclub":1896769}