{"idcupseason":251164, "idteam":43960, "teamname":"Netherlands", "countrycode":"NED", "idplayer":336098, "description":["One of the Netherlands’ rising stars, 20-year-old Memphis Depay\nmade a late push for a FIFA World Cup™ place on the back of a\ntremendous season for PSV Eindhoven. Speed, trickery and a powerful\nshot have already led to the young forward being likened to Arjen\nRobben and Eden Hazard, and Louis van Gaal has recognised his\npotential with a handful of senior appearances.", "Though right-footed, he it utilised most often on the left flank\nas an inverted winger, a position from which he utilised his speed\nand skill to cut inside and unleash ferocious strikes on goal. Set\npieces are also a speciality, and Depay - who plays with a\nself-assurance that belies his age - will no doubt be jostling\nwith Messrs Van Persie and Sneijder for free-kick opportunities\nshould the opportunity arise.", "Disciplinary problems plagued the early part of his career, but\nwith those issues seemingly put behind him at PSV, Depay - who\nwas also eligible for Ghana through his father - is emerging\nas one of the most sought-after young players in European football.\nIf he can bring his explosive talents to the World Cup and cap a\nspectacular season, the hype around this exciting young Dutchman is\nsure to reach new levels."], "bibnum":21, "fieldpos":4, "webname":"Memphis DEPAY", "webnamealt":"MEMPHIS", "surname":"DEPAY", "shirtname":"MEMPHIS", "playerletter":"D,M", "birthdate":"1994-02-13 00:00:00", "clubname":"PSV Eindhoven", "idclub":1914838}