{"idcupseason":251164, "idteam":43960, "teamname":"Netherlands", "countrycode":"NED", "idplayer":336085, "description":["Terence Kongolo was arguably the biggest surprise in the FIFA\nWorld Cup™ squad named by Louis van Gaal. After all, while the\n20-year-old Feyenoord defender’s ability has long been noted, it\nwas only in the final months of the season that he became a regular\nin his club team.", "Now, a season which, for the most part, was spent warming the\nbench will end with Kongolo heading to Brazil with his country’s\nbiggest names. The centre-half does at least have plenty of\nexperience of international football at youth level, having\nrepresented the Netherlands at various stages from U-15 to\nU-21.", "And while he is unlikely to feature in Van Gaal’s starting XI in\nBrazil, look out for this athletic young defender becoming an\nincreasingly important player for both club and country."], "bibnum":14, "fieldpos":2, "webname":"Terence KONGOLO", "webnamealt":"KONGOLO", "surname":"KONGOLO", "shirtname":"KONGOLO", "playerletter":"K,K", "birthdate":"1994-02-14 00:00:00", "clubname":"Feyenoord Rotterdam", "idclub":44137}