{"idcupseason":251164, "idteam":43938, "teamname":"Croatia", "countrycode":"CRO", "idplayer":336485, "description":["Sime Vrsaljko is one of generation of up-and-coming Croatian\nfootball stars. At the tender of age of just 22, he already appears\nto be a fixture in the ", " defence for years to come,\nchiefly because of his biggest asset: versatility. In what is a\nhuge plus for any coach, Vrsaljko is capable of turning out in\neither of the full-back positions.", "Like compatriot and superstar Luka Modric, Vrsaljko grew up in\nZadar, but it is not just their shared roots that have led to\ncomparisons between the two. Like Modric, Vrsaljko also played for\nDinamo Zagreb, during which time he developed into a player of\nrefined technical ability. After winning seven trophies in four\nyears with the nation’s record title-winners, he transferred to\nItalian side Genoa in 2013.", "Having represented his country from U-17 to U-21 level, Vrsaljko\nmade his senior debut in February 2011 under Slaven Bilic and was\npart of the squad that qualified for the 2014 FIFA World Cup\nBrazil™, although he only made one appearance. This summer’s finals\nwill be his second major tournament after UEFA EURO 2012, where he\nwas an unused substitute in all three of Croatia’s group games."], "bibnum":2, "fieldpos":2, "webname":"Sime VRSALJKO", "webnamealt":"VRSALJKO", "surname":"VRSALJKO", "shirtname":"VRSALJKO", "playerletter":"V,V", "birthdate":"1992-01-10 00:00:00", "clubname":"Genoa CFC", "idclub":1887644}