{"idcupseason":251164, "idteam":43911, "teamname":"Mexico", "countrycode":"MEX", "idplayer":336722, "description":["Given a chance to prove himself in friendlies, this raw\n23-year-old forward seized the opportunity with both hands, firing\na hat-trick past Korea Republic on his senior Mexico debut in\nJanuary this year as part of a successful late push for a place in\nthe squad for the 2014 FIFA World Cup Brazil", ".", "Pulido's previous international highlight was a third-place\nfinish at the FIFA U-20 World Cup in 2011, where his failure\nto find the net took nothing away from his lively performances.", "However, going to Brazil should go some way towards burying the\nattacker's demons from the Men's Olympic Games London\n2012, when the Tigres man missed out on a gold medal after\nbeing omitted from the final squad", "The slippery goalscorer will be bidding to make up for lost time\nthis summer, when he is expected to perform the role of an impact\nsub."], "bibnum":11, "fieldpos":4, "webname":"Alan PULIDO", "webnamealt":"A. PULIDO", "surname":"PULIDO IZAGUIRRE", "shirtname":"A. PULIDO", "playerletter":"P,A", "birthdate":"1991-03-08 00:00:00", "clubname":"Tigres UANL", "idclub":551}