{"idcupseason":251164, "idteam":43849, "teamname":"Cameroon", "countrycode":"CMR", "idplayer":336791, "description":["Midfielder Edgar Salli was spotted by Monaco scouts playing for\nhis country at the African U-20 championship in 2011, where\nCameroon finished second after losing a thrilling final 3-2 against\nNigeria. There was some consolation for Salli, though, as he was\nwas named the player of the tournament and Monaco secured a\ntransfer for the midfielder from Coton Sport, with whom the\nmidfielder had already won the Cameroonian title at the age of\n18.", "Salli joined Monaco in July 2011, signing a three-year contract.\nHe played regularly in his first season in France, scoring a number\nof goals in the process. As the club received a huge cash boost\nfrom an investment group at the end of the year, several big-name\nplayers including Radamel Falcao and Eric Abidal were signed by the\nclub. Salli found his opportunities to play first-team football\nseverely curtailed as the club made a successful bid for promotion\nback into Ligue 1. He spent most of his time playing for the\nreserves and was loaned to second tier team Lens for the 2013/14\nseason. He was first called up for the senior national team in\nOctober 2011 and played in two 2014 FIFA World Cup Brazil™\nqualifiers."], "bibnum":20, "fieldpos":3, "webname":"Edgar SALLI", "webnamealt":"SALLI", "surname":"SALLI", "shirtname":"SALLI", "playerletter":"S,S", "birthdate":"1992-08-17 00:00:00", "clubname":"RC Lens", "idclub":32845}