{"idcupseason":251164, "idteam":43876, "teamname":"Nigeria", "countrycode":"NGA", "idplayer":338673, "description":["Given the fact that Uche Nwofor has seen very little playing\ntime in the Dutch Eredivisie this season, his inclusion in the\nSuper Eagles' FIFA World Cup™ squad for Brazil is somewhat of a\nsurprise.", "The striker, who is on loan at Heerenveen from VVV-Venlo, was\naided in his attempt to be a squad player for coach Stephen Keshi\nby an injury to Bright Dike, who was ruled out of contention for\nthe World Cup with an injury. Ironically, Dike had last year\nreplaced the injured Nwofor for two international matches.", "Nwofor first made a name for himself with Nigeria's U-20 side as\nthe Flying Eagles won the Africa Youth Championship in 2011. He won\nthe top scorer award and was selected for the squad that played in\nthe FIFA U-20 World Cup in Colombia in the same year, scoring twice\nafter coming off the bench in a 5-2 victory against Croatia.", "At that stage, he had already been capped once at senior level,\nand last year, he scored twice as the Super Eagles beat South\nAfrica in the Nelson Mandela Challenge. However, he played just\nonce for his country in the qualifiers as the Super Eagles achieved\na second successive appearance at the World Cup finals."], "bibnum":19, "fieldpos":4, "webname":"Uche NWOFOR", "webnamealt":"NWOFOR", "surname":"NWOFOR", "shirtname":"NWOFOR", "playerletter":"N,N", "birthdate":"1991-09-17 00:00:00", "clubname":"SC Heerenveen", "idclub":44181}