{"idcupseason":251164, "idteam":43976, "teamname":"Australia", "countrycode":"AUS", "idplayer":339116, "description":["Massimo Luongo’s unexpected call-up for Australia’s\ninternational against Ecuador in March had media scrambling for\ninformation on the little-known 21-year-old attacking\nmidfielder.", "With an athletic build Luongo provides a presence in the centre\nof the park but also looks to be creative and busy around the\nopposition penalty area.", "Sydney-born and raised to an Italian father and Indonesian\nmother, Luongo unusually missed Australia’s traditional\nacademy-based development pathways and remarkably moved straight\nfrom Sydney junior club football to Tottenham Hotspur’s youth team\nat the age of 18. He played just one League Cup tie for the senior\nside, before a loan spell at Ipswich Town. He then departed north\nLondon last year joining third-tier Swindon Town on a full time\nbasis where he was an ever-present throughout the most recent\nseason.", "Having briefly featured for the national U-20 team in 2011,\nLuongo came off the bench for his senior Australia debut against\nthe Ecuadorians, but failed to get on the park in Australia’s\nfarewell home match against South Africa late last month."], "bibnum":21, "fieldpos":3, "webname":"Massimo LUONGO", "webnamealt":"LUONGO", "surname":"LUONGO", "shirtname":"LUONGO", "playerletter":"L,L", "birthdate":"1992-09-25 00:00:00", "clubname":"Swindon Town FC", "idclub":1886183}