{"idcupseason":251164, "idteam":43976, "teamname":"Australia", "countrycode":"AUS", "idplayer":339117, "description":["An unshowy but highly effective goalkeeper Ryan continues\na proud history of technically proficient Australian\nshotstoppers. Though only 22 Ryan is very much in the mix to fill\nthe huge gap left by the surprise international retirement of Mark\nSchwarzer late last year.", "After three successful seasons with Central Coast Mariners, the\nSydneysider has greatly enhanced his international aspirations with\na strong and highly consistent season at Club Brugge, with the\nBelgian club boasting a long tradition of Australian players dating\nback to Frank Farina in the late 1980s.", "A dedicated professional with a strong character, Mat Ryan\nexcelled in the A-League winning the competition’s Young Player of\nthe Year award in successive seasons, also claiming the goalkeeper\nof the year award once. He describes Schwarzer as a “childhood\nhero”, and also hails the contribution of Mariners’ goalkeeper\ncoach John Crawley who spent several years of his own career in\nChile, one of Australia’s Group B opponents.", "He debuted for Australia in late 2012, and significantly was\nhanded the No1 jersey for the first two matches of Ange\nPostecoglou’s reign, performing with distinction in each."], "bibnum":1, "fieldpos":1, "webname":"Maty RYAN", "webnamealt":"RYAN", "surname":"RYAN", "shirtname":"RYAN", "playerletter":"R,R", "birthdate":"1992-04-08 00:00:00", "clubname":"Club Brugge KV", "idclub":30997}