{"idcupseason":251164, "idteam":43921, "teamname":"USA", "countrycode":"USA", "idplayer":339508, "description":["A scoring sensation in Major League Soccer, the humble and\nsoft-spoken Chris Wondolowski could prove a dangerous threat off\nthe bench for Jurgen Klinsmann’s USA team at the world finals in\nBrazil. A fan favourite with club side San Jose Earthquakes,\nWondolowski – who makes up for his lack of pace with a keen eye for\ngoal and a tireless work-rate – finished top scorer in the US top\nflight in 2010 and 2012 and was named to the league’s annual best\nXI on three occasions. He is his club’s all-time top-scorer and a\npredator with few rivals on the American club scene.", "His performances in northern California were enough to earn him\na place in the USA side for the 2013 CONCACAF Gold Cup. He grabbed\nthe brass ring with both hands too, finishing tied for top scorer\nas the ", "went on to win the\ncontinental showpiece. “I’m not the fastest, I’m not the strongest\nand I’m not the most technical player,” the man they\ncall ", " told ", " in between\nscoring goals for fun at the Gold Cup. “So I need to read the game,\nread the defenders and try to anticipate what they’re going to\ndo.”"], "bibnum":18, "fieldpos":4, "webname":"Chris WONDOLOWSKI", "webnamealt":"WONDOLOWSKI", "surname":"WONDOLOWSKI", "shirtname":"WONDOLOWSKI", "playerletter":"W,W", "birthdate":"1983-01-28 00:00:00", "clubname":"San Jose Earthquakes", "idclub":702}