{"idcupseason":251164, "idteam":43938, "teamname":"Croatia", "countrycode":"CRO", "idplayer":339987, "description":["Aside from Alen Halilovic, 20-year-old Mateo Kovacic is arguably\nCroatian football’s most promising young player and has already\ndrawn comparisons with Real Madrid star Luka Modric. Born in 1994\nand raised in Austria, the attacking midfielder returned to Zagreb\nwith his family in 2007.", "He made his professional debut at Dinamo Zagreb, grabbing his\nfirst senior goals in 2010 at the age of just 16, thereby becoming\nthe youngest goalscorer in the club’s history - though his record\nwas soon surpassed by team-mate Halilovic. Kovacic has also won two\nleague championship medals with Dinamo.", "In 2013, he fulfilled the dream of a lifetime by signing for\nItalian giants Inter Milan. “Inter won many titles when I was still\na young boy. It’s unbelievable to be signing for such a great club.\nI can’t describe my feelings now,” said the young prodigy at the\ntime. Despite his tender age, Kovacic made six appearances for\nCroatia during the ", "’s most recent FIFA World Cup™\nqualifying campaign. It is surely only a matter of time before he\nbecomes a regular for the national side."], "bibnum":20, "fieldpos":3, "webname":"Mateo KOVACIC", "webnamealt":"KOVAČIĆ", "surname":"KOVACIC", "shirtname":"KOVAČIĆ", "playerletter":"K,K", "birthdate":"1994-05-06 00:00:00", "clubname":"FC Internazionale", "idclub":1914619}