{"idcupseason":251164, "idteam":43926, "teamname":"Colombia", "countrycode":"COL", "idplayer":3408, "description":["An international since 1999, the left-footed central defender\nhas reached the world finals at the fourth attempt, having now\nturned 38 and with a century of caps in sight. Only the legendary\nduo of Leonel Alvarez and Carlos Valderrama have pulled the\n", " shirt on more times than the evergreen Yepes.\n ", "Despite his advancing years, the\nColombia skipper continues to perform to the highest standard and\nin typically combative style. ", "Though his ability to dictate the play and dominate in the air\nare undiminished, Yepes acknowledged to his team-mates that he\nfeared his ageing legs would cause him to miss out on a place at\nthe world finals. ", "The response was unequivocal, with\nfirst-choice right-back Camilo Zuniga telling his irreplaceable\ncaptain: “You have to be there. We’ll do the running for\nyou.”", "\n", "\nAs it turned out, Yepes was virtually a permanent fixture in the\nqualifiers, playing in 12 of the 16 matches, starting on each\noccasion. After helping his side seal a place in Brazil with a game\nto spare, the central defender celebrated in style, scoring a\nmatch-winning brace as Colombia signed off with a victory over\nParaguay. ", "\n", "\nCurrently with Italian side Atalanta, Yepes is a born leader,\nhaving assumed captaincy duties at each of the eight clubs he has\nplayed for, including River Plate, Paris Saint-Germain, AC Milan\nand his beloved Deportivo Cali, where he started out on the road to\nsuccess. ", "In his 19-year career, the Colombian\nhas won four league championships in three countries, two Coupes de\nFrance and an Italian Super Cup, not to mention the 2001 Copa\nAmerica with his national team."], "bibnum":3, "fieldpos":2, "webname":"Mario YEPES", "webnamealt":"YEPES", "surname":"YEPES DIAZ", "shirtname":"YEPES", "playerletter":"Y,Y", "birthdate":"1976-01-13 00:00:00", "clubname":"Atalanta Bergamo", "idclub":33242}