{"idcupseason":251164, "idteam":43817, "teamname":"Iran", "countrycode":"IRN", "idplayer":346731, "description":["Despite being just a 22-year-old, Bakhtiar Rahmani has already\ndemonstrated his talents, vision and leadership with both club and\ncountry, merits that have made him stand out among Iran's\nup-and-comers. Born in Sarpol-e Zahab, Rahmani was recruited into\nFoolad's youth academy in 2006. His progress was such that he\ngraduated to the senior side the next season and after a series of\nsolid performances in the following years, he surprised even his\nown supporters when he was chosen as the team's captain in 2012 to\nfill the void left by of Jalal Kameli Mofrad.", "The creative player has been one of Foolad's most consistent\nperformers over the recent years. Notably, he provided 15 assists –\nwhile scoring another three – in the 2009/10 season. After being\nnamed the captain of Iran's U-23 side in 2011, his international\ndebut for the senior side came last year when Carlos Queiroz called\nhim up for a friendly against Oman."], "bibnum":18, "fieldpos":3, "webname":"Bakhtiar RAHMANI", "webnamealt":"BAKHTIAR", "surname":"RAHMANI", "shirtname":"BAKHTIAR", "playerletter":"R,B", "birthdate":"1991-09-23 00:00:00", "clubname":"Foolad Khuzestan FC", "idclub":2000000655}