{"idcupseason":251164, "idteam":43926, "teamname":"Colombia", "countrycode":"COL", "idplayer":349517, "description":["Victor Ibarbo’s long, rangy stride recalls that of Faustino\nAsprilla, a living legend of Colombian football, though it is his\nability to side-step opponents, like his idol Robinho, that is his\nstrongest suit.", "Capable of putting two roulette turns together and taking out up\nto three rivals in one fell swoop, Ibarbo is as audacious a wide\nman as they come. As well as dancing his way past defenders, he can\nalso shoot with either foot and is an able passer of the ball,\nwhile his imposing 6’2 frame allows him to absorb challenges\nwithout losing his balance or the ball.", "The 23-year-old winger made his debut with Atletico Nacional in\n2008, setting sail three years later for Cagliari, where his mazy\ndribbling has made him a favourite with the fans. After\nrepresenting Colombia at youth level he received his first call-up\nto the senior team in 2010, though he was unable to cement a place\nin the side.", "Despite not using him in the qualifiers for Brazil 2014, Jose\nPekerman is an ardent admirer of the elusive Ibarbo and began\nadding him to his squads in late 2013, aware that his ability to\nglide past opponents could prove a formidable weapon for Colombia\nat the world finals."], "bibnum":14, "fieldpos":4, "webname":"Victor IBARBO", "webnamealt":"IBARBO", "surname":"IBARBO GUERRERO", "shirtname":"IBARBO", "playerletter":"I,I", "birthdate":"1990-05-19 00:00:00", "clubname":"Cagliari Calcio", "idclub":451}