{"idcupseason":251164, "idteam":43927, "teamname":"Ecuador", "countrycode":"ECU", "idplayer":349576, "description":["Juan Carlos Paredes is a marauding full-back combining bags of\npace, plenty of trickery and direct running on the overlap,\nattributes that naturally caught the eye of Ecuador coach\nReinaldo Rueda. Esmeraldas-born Paredes, 26, came up through the\nranks at local club Huracan, but a big switch to Guayaquil giants\nBarcelona soon beckoned. He was on the move again before too long,\nthough, briefly playing for Deportivo Cuenca and then dropping down\nthe divisions to help third-tier Rocafuerte gain promotion to Serie\nB.", "Following another stint at Deportivo Cuenca, where he finished\nsecond in the league, the full-back won his first top-flight title\nat Deportivo Quito in 2011 before going full circle by\nrejoining Barcelona last year. Paredes earned his senior Ecuador\ndebut in a 2010 friendly against Mexico and subsequently\nshrugged off the disappointment of missing the 2011 Copa America to\nestablish himself as a key performer for his country,\nfeaturing in 14 of 16 qualifiers on the road to the 2014 FIFA World\nCup Brazil™."], "bibnum":4, "fieldpos":2, "webname":"Juan PAREDES", "webnamealt":"", "surname":"PAREDES REASCO", "shirtname":"PAREDES", "playerletter":"P,P", "birthdate":"1987-07-08 00:00:00", "clubname":"Barcelona SC", "idclub":336}