{"idcupseason":251164, "idteam":43927, "teamname":"Ecuador", "countrycode":"ECU", "idplayer":349574, "description":["Endowed with refined technical ability, unpredictable dribbling\nand a keen eye for goal, Michael Arroyo’s electrifying forward runs\nand fierce shooting from distance make him a constant threat to any\nbackline.", "Still only 27, the attacking midfielder has already sampled life\nat a number of clubs, starting out at Emelec before a switch to\nDeportivo Quito, where he won the championship. He then turned out\nfor Mexican sides San Luis and Atlante, having since returned to\nthe latter, and enjoyed a loan spell at Ecuadorian outfit\nBarcelona, where title success also came his way.", " national-team experience can be traced back\nto youth level, having been a member of the Ecuador squad that took\npart in the U-20 Sudamericano in 2007. His senior bow duly came in\n2010, a year in which he made seven appearances for ", ", performing with such aplomb he made the cut for the Copa\nAmerica 2011 in Argentina.", "Called up for a host of qualifying games for the 2014 FIFA World\nCup™, Arroyo only made three appearances on the road to Brazil, all\nof which came in 2012. Even so, he has proven himself one of\nseveral viable creative alternatives at the disposal of coach\nReinaldo Rueda."], "bibnum":15, "fieldpos":3, "webname":"Michael ARROYO", "webnamealt":"ARROYO", "surname":"ARROYO MINA", "shirtname":"ARROYO", "playerletter":"A,A", "birthdate":"1987-04-23 00:00:00", "clubname":"Atlante FC", "idclub":38218}