{"idcupseason":251164, "idteam":43927, "teamname":"Ecuador", "countrycode":"ECU", "idplayer":349572, "description":["Armed with powerful shooting skills and extraordinary aerial\nability, Jaime Ayovi has all the attributes of a typical\npenalty-box predator. One of the finest Ecuadorian strikers around,\nhis intelligent movement and nose for an opportunity enable Ayovi\nto get on the scoresheet in any number of ways.", "Known as ", " in footballing circles, the front-man\nstarted as a pro at Emelec, who loaned him out to Manta to aid his\nrehabilitation after a major injury. Upon returning to Emelec,\nAyovi promptly had his most prolific season – top scoring in the\nEcuadorian championship with 24 strikes in 40 appearances. Spells\nat Mexican outfits Toluca and Pachuca and Saudi Arabian club Al\nNasr subsequently followed, Ayovi then spending a season back in\nhis homeland with Liga Deportiva Universitaria de Quito before\nsigning on the dotted line for Mexico's Tijuana – his current\nclub.", "At youth international level, the striker represented Ecuador at\nthe U-17 Sudamericano in 2007, going on to make his senior debut\nfor ", " against Mexico in 2010 – a game in which he\nnotched the winning goal. On the road to the 2014 FIFA World Cup\nBrazil™ Ayovi made a notable contribution to his team’s successful\ncampaign, despite a tally of just one goal from ten\nappearances."], "bibnum":17, "fieldpos":4, "webname":"Jaimen AYOVI", "webnamealt":"J. AYOVI", "surname":"AYOVI COROZO", "shirtname":"J. AYOVI", "playerletter":"A,J", "birthdate":"1988-02-21 00:00:00", "clubname":"Club Tijuana", "idclub":2000012829}