{"idcupseason":251164, "idteam":43922, "teamname":"Argentina", "countrycode":"ARG", "idplayer":349631, "description":["A skilful, left-footed midfielder as\ncapable at setting up goals as he is at scoring them, Ricardo\nAlvarez can play in the centre of midfield or just behind the\nforwards. Such qualities have allowed him to nail down a place in\nthe ever-competitive Inter Milan engine room.", "Aside from a brief spell in the youth\nranks at Boca Juniors, ", " spent most of his\nformative years at Velez Sarsfield’s fabled academy, and made his\nArgentinian first division debut with the club at the age of 20 in\n2008. Hampered by a knee injury and a subsequent muscle problem, it\ntook him nearly three years to hold down a regular first-team slot\nat Velez. On regaining full fitness, Alvarez played an\ninspirational role as his club took the 2011 Torneo Clausura title,\nscoring three goals in the process.", "The second half of that year saw him\nmove to Inter and get the call from Alejandro Sabella for the\nnational team’s friendly against Venezuela in India. Though a\nregular presence in the ", " squad throughout the\nqualifiers for Brazil 2014, Alvarez made just the one appearance,\non matchday three against Bolivia. Even so, his ability to deputise\nfor Angel Di Maria on the left flank has earned him a ticket to the\nworld finals."], "bibnum":19, "fieldpos":3, "webname":"Ricardo ALVAREZ", "webnamealt":null, "surname":"ALVAREZ", "shirtname":"ALVAREZ", "playerletter":"A,A", "birthdate":"1988-04-12 00:00:00", "clubname":"FC Internazionale", "idclub":1914619}