{"idcupseason":251164, "idteam":43922, "teamname":"Argentina", "countrycode":"ARG", "idplayer":349832, "description":["Solidly built but quick and athletic\nwith it and a match for anyone in the air, Jose Maria Basanta is a\nversatile performer, able to play anywhere in a three-, four- or\nfive-man defence. The Estudiantes youth product made his debut\nfor ", " in 2003, when he was 19, and continued\nhis education in a year-long loan spell with Olimpo in the second\ndivision, playing a crucial role in their promotion to the top\nflight in 2007.", "After returning to Estudiantes for six\nmonths the central defender packed his bags for Mexico to join\nMonterrey, where he quickly broke into the first team. Basanta has\nsince won three league championships with ", " and three consecutive CONCACAF Champions League\ntitles, the last two of them as captain.", "Alejandro Sabella called him up for\nnational duty for the first time in March 2013 and gave him his\ndebut that same month in a Brazil 2014 qualifier against Bolivia,\nthe first of his four appearances in the preliminaries, all of them\nstarts. He has remained part of the ", " set-up\never since."], "bibnum":23, "fieldpos":2, "webname":"Jose Maria BASANTA", "webnamealt":"BASANTA", "surname":"BASANTA", "shirtname":"BASANTA", "playerletter":"B,B", "birthdate":"1984-04-03 00:00:00", "clubname":"CF Monterrey", "idclub":1932136}