{"idcupseason":251164, "idteam":43819, "teamname":"Japan", "countrycode":"JPN", "idplayer":350003, "description":["A product of the Kashiwa Reysol youth programme, attacking\nright-back Hiroki Sakai was named the J.League’s Best Young Player\nand made the Best XI in 2011. Eager to charge forward when the time\nis right, Sakai is known for his fearsome shot and flashing\ncrosses.", " ", "The 23-year-old burst onto the international scene when he\nscored for Kashiwa against Brazilian powerhouse Santos at the FIFA\nClub World Cup Japan 2011. That goal was especially sweet for\nSakai, who has close ties with Brazil. After turning pro, he spent\nsome time in Sao Paulo, where he was ingrained with a relentless\nwork ethic in defence and attack. After returning to the J.League,\nSakai’s game blossomed and he became the bedrock of the Reysol\ndefence.", " ", "Sakai earned his first cap for Japan in May 2012 and was\ntransferred to German club Hannover later that year. Santos were\nreportedly interested in acquiring the robust Sakai, and he will\nfinally get a chance to grace the Brazilian stage during the FIFA\nConfederations Cup, where a mouth-watering match-up with star\nstriker Neymar potentially awaits."], "bibnum":21, "fieldpos":2, "webname":"Hiroki SAKAI", "webnamealt":"Hiroki Sakai", "surname":"SAKAI", "shirtname":"H. SAKAI", "playerletter":"S,H", "birthdate":"1990-04-12 00:00:00", "clubname":"Hannover 96", "idclub":386}