{"idcupseason":251164, "idteam":43911, "teamname":"Mexico", "countrycode":"MEX", "idplayer":350129, "description":["Though Miguel Ponce only sneaked into Mexico's FIFA World\nCup™ squad as a late stand-in – he was drafted in by coach\nMiguel Herrera after Juan Carlos Medina was ruled out through\ninjury – the speedy, defensively disciplined left-back has\neverything in his locker to make an impression in Brazil.", "A member of Mexico’s gold medal-winning squad at the 2012\nOlympics in London, Ponce is not just a fine player: he also has an\ninteresting story. The 25-year-old was actually born in the USA,\nnamely in Sacramento, California, but with two Mexican parents and\nhaving spent his entire club career in Mexico, he was delighted\nwhen ", " came calling.", "The full-back was spotted by Chivas as a teenager and, after\nmaking his debut four years ago, chalked up a considerable number\nof appearances for the Guadalajara outfit. However, his\nperformances have gone up a notch since a loan move to Toluca,\nforcing Ponce into contention for Brazil 2014, where the squad\nlatecomer will be bidding to prove the truth of the expression\n“last, but not least”."], "bibnum":16, "fieldpos":2, "webname":"Miguel PONCE", "webnamealt":"M. PONCE", "surname":"PONCE BRISENO", "shirtname":"M. PONCE", "playerletter":"P,M", "birthdate":"1989-04-12 00:00:00", "clubname":"Deportivo Toluca FC", "idclub":44189}