{"idcupseason":251164, "idteam":43927, "teamname":"Ecuador", "countrycode":"ECU", "idplayer":350119, "description":["Solidity personified in the centre of the park, Oswaldo Minda\nstands out thanks to his diligent marking, stamina and accurate\ndistribution. Versatile and technically adept, Minda is equally\ncomfortable carrying out any midfield role. Now 30 years of age,\n", " started out at Quito side Aucas, moved on to\nDeportivo Cuenca and then signed for Deportivo Quito, where he grew\ninto a key member of the starting XI and star of a team that won\nthree Ecuadorian titles. Since 2012, he has been plying his trade\nfor MLS outfit Chivas USA.", "Minda’s senior national team debut took place in 2008, his\nsubsequent displays earning him a berth in the squad up to and\nincluding the Copa America 2011 in Argentina. And though he took\npart in four 2014 FIFA World Cup™ qualifiers, a run of injuries\nprevented his involvement in the final stages of the competition.\nNow back to form and fitness, ", " has worked his way\ninto the World Cup plans of coach Reinaldo Rueda."], "bibnum":14, "fieldpos":3, "webname":"Oswaldo MINDA", "webnamealt":"MINDA", "surname":"MINDA SUSCAL", "shirtname":"MINDA", "playerletter":"M,M", "birthdate":"1983-07-26 00:00:00", "clubname":"CD Chivas USA", "idclub":1896576}