{"idcupseason":251164, "idteam":43911, "teamname":"Mexico", "countrycode":"MEX", "idplayer":350124, "description":["A gold medallist at the Men's Olympic Football Tournament London\n2012, Javier Aquino is regarded as one of the most promising\ntalents in Mexican football. The 23-year-old right-winger has\nenjoyed a rapid rise, and is now an established senior\ninternational for Mexico under Jose Manuel de la Torre.", " ", "Aquino is a product of the youth system at Cruz Azul, the club\nfor whom he also made his professional debut. After three years in\nthe Mexican top flight he moved to Spain to join Villareal, where\nhe quickly earned a place in the starting line-up.", " ", "What Aquino lacks in height he makes up for in speed, dedication\nand trickery, with those attributes making him an important part of\nMexico's tactical system.", " "], "bibnum":20, "fieldpos":3, "webname":"Javier AQUINO", "webnamealt":"J. AQUINO", "surname":"AQUINO CARMONA", "shirtname":"J. AQUINO", "playerletter":"A,J", "birthdate":"1990-02-11 00:00:00", "clubname":"Villarreal CF", "idclub":null}