{"idcupseason":251164, "idteam":43854, "teamname":"Côte d'Ivoire", "countrycode":"CIV", "idplayer":353119, "description":["Unlike many other Côte d'Ivoire players, Max Gradel, took his\nfirst steps in professional football in England, where he arrived\nas a teenager. He signed his first contract with Leicester City,\ngoing on loan to Bournemouth and Leeds United.", "At the end of the loan period, Leeds United decided to sign\nGradel, and he stayed at Elland Road until August 2011 when Ligue 1\nteam Saint Etienne brought him to France. Gradel has been with the\nclub since then, playing regularly and drawing interest from larger\nEuropean clubs.", "While still a Leeds player, the 26-year-old, who is extremely\neffective coming in off the wing and has an explosive pace and\ntricky dribbling skills, said that he had joined the club to boost\nhis chances of making the Elephants' squad for the 2010 FIFA World\nCup™. Although overlooked at the time, he was given a first call-up\na few months later and has since been a regular feature in the team\nand made the squad for both the 2012 and 2013 CAF Africa Cup of\nNations finals. He was called up four times in the World Cup\nqualifying campaign and played on each occasion and is now hoping\nto be given some match time in Brazil."], "bibnum":15, "fieldpos":3, "webname":"Max GRADEL", "webnamealt":"GRADEL", "surname":"GRADEL", "shirtname":"GRADEL", "playerletter":"G,G", "birthdate":"1987-11-30 00:00:00", "clubname":"AS Saint-Etienne", "idclub":30982}