{"idcupseason":251164, "idteam":43854, "teamname":"Côte d'Ivoire", "countrycode":"CIV", "idplayer":353118, "description":[" ", "Wilfried Bony chose the unusual route via the Czech Republic to\na football career in Europe. He signed his first professional\ncareer with Issia Wazi before moving to Sparta Prague after failing\nto be offered terms by Liverpool following trials with the Premier\nLeague club.", "After gradually finding his feet with the Czech club, he was\nsigned by Vitesse Arnhem in January 2011 and soon established\nhimself as a top striker. In the 2012/13 season, he had a massive\nbreakthrough, leading the Dutch scoring chart with 31\ngoals in 30 matches and being awarded the Golden Shoe as the best\nplayer in the country.", "Not surprisingly, the Dutch club received several offers for the\npacy and powerful player, and ultimately it was Premier League\noutfit Swansea City that secured his signature, breaking the club\nrecord to make the transfer happen. His first season in England was\nimpressive, with Bony scoring over two dozen goals in all\ncompetitions.", "Understandably, Swansea manager Garry Monk has been singing his\npraises. “Wilfried is arguably the best striker outside the top six\n[clubs in England],\" said Monk. \"He doesn't just offer goals, he's\na big presence and a massive character, and the lads feed off him.\nHe's one of the hardest workers in training every day, and he\npushes everyone and wants them to do things right.\"", "Bony played his first international match for Côte d'Ivoire in\n2010 and was in the 2012 and 2013 squad at the CAF Africa Cup of\nNations, scoring one goal in each. He was also called up for all\neight matches ", " played in the FIFA World Cup™\nqualifying campaign, featuring in five of them and scoring three\ngoals in the process. With his international career looking set to\nfollow the trajectory of his progress at club level, Bony will be\nlooking to have a break-out performance at Brazil 2014."], "bibnum":12, "fieldpos":4, "webname":"Wilfried BONY", "webnamealt":"B. WILFRIED", "surname":"BONY", "shirtname":"B. WILFRIED", "playerletter":"B,B", "birthdate":"1988-12-10 00:00:00", "clubname":"Swansea City AFC", "idclub":722}