{"idcupseason":251164, "idteam":43817, "teamname":"Iran", "countrycode":"IRN", "idplayer":353379, "description":["Reza Haghighi has developed a reputation as a dependable\ndefensive midfielder on the domestic scene, despite being just 25\nyears old, following his responsible performances with a series of\ntop-flight clubs of Iran.", "His career began with Payam, making his debut for the club in\nNovember 2006 when he was still just 16 years old. Three years\nlater he moved on to Fajr-Sepasi, eventually being appointed\ncaptain for the 2012/13 season by coach Mahmoud Yavari. His solid\ndisplays and commitment earned widespread recognition by media\nacross Asia, with his international debut coming in a friendly\nagainst Botswana in 2009. Three years later, coach Carlos Queiroz\ncalled him up for a friendly against Jordan in 2012.", "He was lured to Persepolis in the summer of 2012 and has since\nmaintained his excellent performance level with the Tehran\ngiants."], "bibnum":8, "fieldpos":3, "webname":"Reza HAGHIGHI", "webnamealt":"R. HAGHIGHI", "surname":"HAGHIGHI SHANDIZ", "shirtname":"R. HAGHIGHI", "playerletter":"H,R", "birthdate":"1989-02-01 00:00:00", "clubname":"Perspolis FC", "idclub":44293}