{"idcupseason":251164, "idteam":43843, "teamname":"Algeria", "countrycode":"ALG", "idplayer":354883, "description":["Liassine Cadamuro was born in Toulouse and joined Sochaux’s\nyouth academy at 15. Three years later, he signed for Real\nSociedad, where he initially performed for the Basque club’s\nreserve side, in the Spanish third and fourth divisions. In\nSeptember 2011, the versatile defender made his debut for the\nsenior team, drawing the attention of Algeria coach Vahid\nHalilhodzic, who called him up for a 2013 CAF Africa Cup of Nations\nqualifier against Gambia in February 2012.", "Cadamuro retained his place for the tournament proper, held in\nSouth Africa, but fell out of favour during the qualifying campaign\nfor the 2014 FIFA World Cup Brazil™. Loaned out to Segunda Division\noutfit Mallorca in the January 2014 transfer window, the lofty\nAlgerian is scheduled to return to Real Sociedad in time for next\nseason, in order to honour the contract that ties him to the\n", " until the end of 2016."], "bibnum":17, "fieldpos":2, "webname":"Liassine CADAMURO", "webnamealt":"CADAMURO", "surname":"CADAMURO", "shirtname":"CADAMURO", "playerletter":"C,C", "birthdate":"1988-03-05 00:00:00", "clubname":"RCD Mallorca", "idclub":363}