{"idcupseason":251164, "idteam":43843, "teamname":"Algeria", "countrycode":"ALG", "idplayer":354873, "description":["Born in the French town of Dijon, Mehdi Mostefa started out in\nthe youth ranks of his hometown club before continuing his\neducation at Monaco. The defensive midfielder then made his\nprofessional breakthrough with Valence ahead of a move to Sete,\nwhere he struck four goals during his one-year stay. Mostefa left\nSete for Nimes in 2007, going on to hit seven goals in 158 games\nover the course of four seasons. He subsequently completed a\ntransfer to Ajaccio, where he continues to ply his trade.", "The 30-year-old was first called up by Algeria in October 2010\nfor a friendly against Luxembourg. That followed against Morocco\nduring a qualifier for the 2013 CAF Africa Cup of Nations, and\nMostefa eventually contested each of his country's games at the\nfinals. He also featured in five qualifiers ahead of the 2014 FIFA\nWorld Cup Brazil™."], "bibnum":22, "fieldpos":3, "webname":"Mehdi MOSTEFA", "webnamealt":"MOSTEFA", "surname":"MOSTEFA SBAA", "shirtname":"MOSTEFA", "playerletter":"M,M", "birthdate":"1983-08-30 00:00:00", "clubname":"AC Ajaccio", "idclub":1886109}