{"idcupseason":251164, "idteam":43843, "teamname":"Algeria", "countrycode":"ALG", "idplayer":354859, "description":["First choice up front for Algeria since making his debut against\nNiger in May 2012, Islam Slimani was a key performer for ", " on the road to the 2014 FIFA World Cup Brazil™. The\nforward topped the scoring charts for his side during qualifying,\nhitting five goals in seven games.", "After starting out in the youth ranks at Ain Benian, Slimani\nbegan his senior career with third-division Cheraga, for whom he\nstruck 18 times in 20 matches. His prowess in front of goal\npersuaded Belouizdad to bring him on board in May 2009, and Slimani\nwent on to spend four seasons with the club, helping them reach the\nAlgerian Cup final in 2012.", "The Algiers native first earned international recognition when\nhe was called up by Abdelhak Benchikha for Algeria's B squad, and\nalthough he was not given playing time, his breakthrough was not\nlong in coming. Slimani proved his worth in the qualifiers for\nBrazil 2014 and tied down a starting spot at the 2013 CAF Africa\nCup of Nations, where he contested all three of Algeria's games\nwithout finding the net.", "Now firmly established in his country's starting line-up, the\nstriker continued his progress by signing for Sporting Lisbon last\nsummer, marking his first season in Portugal by plundering a number\nof important goals."], "bibnum":13, "fieldpos":4, "webname":"Islam SLIMANI", "webnamealt":"", "surname":"SLIMANI", "shirtname":"SLIMANI", "playerletter":"S,S", "birthdate":"1988-06-18 00:00:00", "clubname":"Sporting CP", "idclub":1939310}