{"idcupseason":251164, "idteam":43843, "teamname":"Algeria", "countrycode":"ALG", "idplayer":354875, "description":["Abdelmoumene Djabou was born in Setif, a province renowned for\nproducing gifted footballers. Indeed, the attacking midfielder’s\nskilful displays have earned him the nickname ‘The Algerian Messi’\nover the past few years.", "Following an initial season with his home-town club, ES Setif,\nhe embarked on loan stints at El Eulma and at El Harrach. Upon\nreturning to Setif, the talented playmaker lifted the Algerian Cup\n– a competition in which he finished top scorer – and was named\nAlgerian Footballer of the Year for the 2011/12 campaign. In the\nsummer of 2012, he committed himself to Tunisian giants Club\nAfricain, with whom he topped the league scoring charts.", "Djabou gained his first taste of international football with\nAlgeria at the CAF African Nations Championship in 2011, where the\nDesert Foxes reached the semi-finals. Left out of Algeria’s squad\nfor the 2013 CAF Africa Cup of Nations, he was recalled by Vahid\nHalilhodzic for the qualifying campaign for Brazil 2014, making two\nappearances against Benin and Mali."], "bibnum":18, "fieldpos":4, "webname":"Abdelmoumene DJABOU", "webnamealt":"DJABOU", "surname":"DJABOU", "shirtname":"DJABOU", "playerletter":"D,D", "birthdate":"1987-01-31 00:00:00", "clubname":"Club Africain", "idclub":44183}