{"idcupseason":251164, "idteam":43942, "teamname":"England", "countrycode":"ENG", "idplayer":356189, "description":["Having made solitary appearances for England’s U-19s and U-20s,\nJordan Henderson picked up his first U-21 appearance in a friendly\nagainst Uzbekistan in 2010 and was a key player as Stuart Pearce's\nside reached the 2011 UEFA European Under-21 Championship.", "In the build-up to the Finals, Jordan made his England senior\nteam debut against France at Wembley in November 2010, playing\nalongside Steven Gerrard from the start. That partnership was soon\nreplicated at club level with the midfielder joining Liverpool from\nSunderland shortly before the UEFA U-21 EUROs in Denmark.", "Henderson was named as a standby player in Roy Hodgson's UEFA\nEURO 2012 squad and came into the squad following an injury to\nFrank Lampard. He featured in two games: against France and Italy\nboth as a substitute.", "On 3 February 2013, Henderson was named the England U-21 Player\nof the Year in the inaugural year of the award. He also captained\nthe U-21 side at the 2013 UEFA European Under-21 Football\nChampionship.", "In November 2013, he played for England for the first time since\nEuro 2012 with substitute appearances in friendly matches against\nChile and Germany. He made his second start for the national team\nin a 1–0 defeat of Denmark on 5 March 2014."], "bibnum":14, "fieldpos":3, "webname":"Jordan HENDERSON", "webnamealt":"HENDERSON", "surname":"HENDERSON", "shirtname":"HENDERSON", "playerletter":"H,H", "birthdate":"1990-06-17 00:00:00", "clubname":"Liverpool FC", "idclub":1896769}