{"idcupseason":251164, "idteam":43843, "teamname":"Algeria", "countrycode":"ALG", "idplayer":356162, "description":["Esseid Belkalem has established himself as one of Algeria’s most\ncompetent defenders over the past few seasons. An imposing, solid\ncentre-back who poses a significant goal threat from set pieces, he\nbegan his career with JS Kabylie, where he won two Algerian\nChampionships and the Algerian Cup.", "In June 2013, his excellent form piqued the interest of Granada,\nwho acquired his services and then promptly sent him out on loan to\nEnglish outfit Watford. His first taste of international football\ncame in qualifiers for the African Youth Championship and the Men’s\nOlympic Football Tournament. In 2011, he was a member of the\nAlgerian squad that finished fourth at the African Nations\nChampionship, but he did not acquire any playing time.", "Belkalem finally made his senior breakthrough in 2012, putting\nin a series of convincing performances during ", "  2013 CAF Africa Cup of Nations qualifying\ncampaign."], "bibnum":4, "fieldpos":2, "webname":"Esseid BELKALEM", "webnamealt":"BELKALEM", "surname":"BELKALEM", "shirtname":"BELKALEM", "playerletter":"B,B", "birthdate":"1989-01-01 00:00:00", "clubname":"Watford FC", "idclub":33188}