{"idcupseason":251164, "idteam":43843, "teamname":"Algeria", "countrycode":"ALG", "idplayer":356166, "description":["Cedric Si Mohamed began his career with Gueugnon in 2003/04,\nbefore embarking on short stays at a procession of amateur clubs\nover the next four years. In 2009, the French-born goalkeeper then\npacked his bags for the country of his parents, spending four\nseasons with Bejaia until he signed terms with Constantine at the\nstart of the 2013/14 campaign.", "Renowned for his penalty-stopping skills, the 29-year-old first\ngained international recognition in 2009, when he was invited to an\nAlgeria training camp ahead of qualifying games for the 2011 CAF\nAfrican Nations Championship. He was handed his maiden cap the\nfollowing year, in a friendly against Niger.", "Si Mohamed's high-quality performances earned him inclusion in\nthe squad for the 2011 African Nations Championship, where Algeria\nfinished fourth. He was also selected for the 2013 Africa Cup of\nNations, though he had to content himself with playing understudy\nto Rais M'Bolhi.", "Despite his fine displays in the Algerian league, Si Mohamed\nlooks set to serve as third-choice custodian for ", " at Brazil 2014, with M'Bolhi boasting vital\nexperience and Mohamed Lamine Zemamouche having played more of a\nrole during the qualifying campaign."], "bibnum":1, "fieldpos":1, "webname":"Cedric SI MOHAMMED", "webnamealt":"", "surname":"SI MOHAMMED", "shirtname":"SI MOHAMMED", "playerletter":"S,S", "birthdate":"1985-01-09 00:00:00", "clubname":"CS Constantine", "idclub":2147483622}