{"idcupseason":251164, "idteam":43942, "teamname":"England", "countrycode":"ENG", "idplayer":356198, "description":["Alex Oxlade-Chamberlain is a lively forward who rose to\nprominence with Southampton in 2010, earning a call-up to the\nEngland U-18 side in the process.", "His continued good form for the Saints alerted the interest of\nArsenal and he joined the Gunners in the summer of 2011 having\nalready been fast-tracked into Stuart Pearce’s U-21 squad by that\nstage.", "Nicknamed ‘The Ox’, derived from the first part of his surname,\nas well as his physical tenacity and powerful playing style,\nOxlade-Chamberlain is the youngest English goalscorer in UEFA\nChampions League history.", "He made his debut for the senior England side on 26 May 2012 in\na 1–0 win against Norway in a friendly. Following this, he received\na surprise call-up to the England squad for UEFA EURO 2012,\nbecoming the second youngest player ever to represent England in\nthe European Championships behind Wayne Rooney when he started in\nEngland's opening game against France.", "Oxlade-Chamberlain scored his first senior international goal,\nin a 5-0 victory over San Marino in October 2012. He scored again\nin the return match against San Marino in March last year, which\nEngland won 8-0. He also scored against Brazil in the official\nopening of the refurbished Maracana in a 2-2 draw.", "There is international history in Alex's family too, as his\nfather Mark Chamberlain played for England eight times in the 1980s\nas well as for the Under-21s."], "bibnum":15, "fieldpos":3, "webname":"Alex OXLADE CHAMBERLAIN", "webnamealt":"Alex Oxlade-Chamberlain", "surname":"OXLADE-CHAMBERLAIN", "shirtname":"CHAMBERLAIN", "playerletter":"O,C", "birthdate":"1993-08-15 00:00:00", "clubname":"Arsenal FC", "idclub":32847}