{"idcupseason":251164, "idteam":43971, "teamname":"Switzerland", "countrycode":"SUI", "idplayer":356411, "description":["Fabian Schar is a hugely gifted centre-back, possessing\noutstanding physique, an invaluable ability to launch attacks from\ndeep and a keen eye for goal at the opposite end of the pitch. The\n22-year-old’s athleticism and pinpoint passing make him a\nformidable obstacle for opposing strikers to overcome.", "The right-footed defender, who is also an expert penalty taker,\ncame through the FC Wil youth system and made his debut for the\nclub in the Swiss second division as a 17-year-old. After scoring\nnine goals in 52 games there, he was snapped up by FC Basel in\n2012.", "\n", "\nAlongside winning the Swiss league title with his new employers,\nSchar has also gained priceless top-level experience in the UEFA\nChampions League and the Europa League, while maintaining his\nabove-average goalscoring record.", "\n", "\nIn February 2012 Schar pulled on a Switzerland jersey for the first\ntime in an U-19 fixture, before making his full international debut\na year later in a  1-0 friendly win over 2014 FIFA World Cup™\nhosts Brazil.", "\n", "\nSchar is well on his way to becoming a truly world-class defender\nand was a regular in coach Ottmar Hitzfeld’s starting line-up\nduring Brazil 2014 qualification. Although he initially struggled\nto recapture his sensational form at the start of the year in the\nwake of a persistent knee injury, Schar can now look forward to\nmaking a maiden World Cup appearance in South America."], "bibnum":22, "fieldpos":2, "webname":"Fabian SCHAER", "webnamealt":"SCHÄR", "surname":"SCHÄR", "shirtname":"SCHÄR", "playerletter":"S,S", "birthdate":"1991-12-20 00:00:00", "clubname":"FC Basel", "idclub":655}