{"idcupseason":251164, "idteam":43876, "teamname":"Nigeria", "countrycode":"NGA", "idplayer":356459, "description":["One of the revelations of the 2013 CAF Africa Cup of Nations,\nGodfrey Oboabona was previously little known outside of his home\ncountry. However, he was one of the key Nigeria-based figures for\ncoach Stephen Keshi at the finals, playing with confidence and\nstrength in the heart of the Super Eagles defence against the best\nthat Africa had to offer.", "It was an eye-opening performance by the 23-year-old and Keshi,\nwho was a defender in his time as a player, has been a big fan of\nOboabona since taking over the team. Along with goalkeeper Vincent\nEnyeama, Oboabona was the only player to play every minute in\nNigeria's 2014 FIFA World Cup™ qualifiers, as well as the country's\nFIFA Confederations Cup campaign.", "Physically powerful and athletic as\nwell as precocious in terms of positioning and anticipation, he is\nalso capable of playing at right back. His impressive performances\nlast year saw him linked with a number of European clubs, including\nArsenal. He ended up signing for Turkish club Caykur Rizspor in\nJune 2013 and looks set to continue his upward trajectory through\nthe World Cup."], "bibnum":14, "fieldpos":2, "webname":"Godfrey OBOABONA", "webnamealt":"OBOABONA", "surname":"OBOABONA", "shirtname":"OBOABONA", "playerletter":"O,O", "birthdate":"1990-09-16 00:00:00", "clubname":"Caykur Rizespor", "idclub":2147482317}