{"idcupseason":251164, "idteam":44037, "teamname":"Bosnia and Herzegovina", "countrycode":"BIH", "idplayer":356403, "description":["Izet Hajrovic scored, less than a minute after coming on for\nonly his second Bosnia-Herzegovina cap, one of the most important\ngoals in the country’s history. The young winger’s long-range\nthunderbolt snatched the Bosnians a 2-1 comeback win in Slovakia in\ntheir third-final Brazil 2014 qualifier, which kept them above\nGreece on goal difference at the Group G summit – a position Safet\nSusic’s side held on to.", "Hajrovic was born in Switzerland and spent nine years at the\nGrasshoppers academy before making the first-team breakthrough in\n2009. With his stylish dribbling and ferocious left-foot shooting,\nhe was a firm fans’ favourite during five years at the Letzigrund.\nHajrovic joined Galatasaray in January 2014 and swiftly made a\npositive impression there.", "\n", "\nAlthough Hajrovic made his international debut for Switzerland in\n2012, he changed his sporting citizenship to Bosnian the following\nyear and was quickly called up by Safet Susic. Thereafter, Hajrovic\nwas regularly introduced from the bench in the latter part of\nBosnia-Herzegovina’s FIFA World Cup™ qualifying campaign."], "bibnum":20, "fieldpos":3, "webname":"Izet HAJROVIC", "webnamealt":"", "surname":"HAJROVIC", "shirtname":"HAJROVIĆ", "playerletter":"H,H", "birthdate":"1991-08-04 00:00:00", "clubname":"Galatasaray SK", "idclub":31018}