{"idcupseason":251164, "idteam":43971, "teamname":"Switzerland", "countrycode":"SUI", "idplayer":356407, "description":["The 2014 FIFA World Cup Brazil™ will be the first taste of a\nmajor international tournament for Michael Lang, who is still at\nthe beginning of his career in the Swiss national team.", "\n", "\nFrom 2000-2011 the defender cut his teeth in the game at St.\nGallen, where he rose through the youth ranks before going on to\nmake 57 Super League appearances for the club and a further nine in\nthe Challenge League. Lang was handed his debut in the Swiss\ntop-flight as a 16-year-old, making him one of the division’s\nyoungest ever players.", "\n", "\nHe joined Grasshoppers Zurich in 2011 and it is there that he has\nenjoyed his greatest success in club football to date, winning the\ndomestic cup in 2013 with the record Swiss champions.", "\n", "\nLang represented Switzerland from U-16 level through to the U-20s\nprior to being called up to the senior side, and took part at the\nUEFA U-17 Championship in Turkey and the U-19 edition in Ukraine.\nThe 23-year-old earned his first full cap on 14 August 2013 in a\nfriendly against Brazil, after coach Ottmar Hitzfeld brought him on\nas a 62nd minute substitute."], "bibnum":6, "fieldpos":2, "webname":"Michael LANG", "webnamealt":"LANG", "surname":"LANG", "shirtname":"LANG", "playerletter":"L,L", "birthdate":"1991-02-08 00:00:00", "clubname":"Grasshopper Club", "idclub":44066}