{"idcupseason":251164, "idteam":43922, "teamname":"Argentina", "countrycode":"ARG", "idplayer":356612, "description":["Perseverance and tenacity are just two\nof the adjectives that can be used to describe Hugo Campagnaro, a\nright-sided utility man who can slot in anywhere in defence. It is\nthat kind of versatility that won him his first international\ncall-up in 2012, at the age of 31. The Cordoba-born player,\nwho made his professional debut with Deportivo Moron in the\nArgentinian second division in 1998, had to wait a long time for\nhis opportunity with ", " ", ",\nsurprisingly so given the ten years of experience he had acquired\nin Serie A with Piacenza, Sampdoria and Napoli.", "Keen to assess his options at the\nback, Alejandro Sabella decided to run the rule over Campagnaro,\nhaving been impressed by his aerial ability at both ends of the\npitch, which has helped the versatile player score over 20 goals in\nhis career. Campagnaro, who is now with Inter Milan, made his\n", " debut in a friendly against Switzerland\nin February 2012 and has continued to figure in Sabella’s plans\never since, making seven appearances in the qualifiers for Brazil\n2014, six of them in the starting XI."], "bibnum":3, "fieldpos":2, "webname":"Hugo CAMPAGNARO", "webnamealt":"CAMPAGNARO", "surname":"CAMPAGNARO", "shirtname":"CAMPAGNARO", "playerletter":"C,C", "birthdate":"1980-06-27 00:00:00", "clubname":"FC Internazionale", "idclub":1914619}