{"idcupseason":251164, "idteam":43971, "teamname":"Switzerland", "countrycode":"SUI", "idplayer":356676, "description":["Standing at over 6'1 tall, Roman Burki not only possesses the\nnecessary physique to be a top-class shot-stopper, he also has\ngoalkeeping in his blood as his father Martin Burki used to play\nbetween the posts for Swiss outfit FC Munsingen.", "\n", "\nBurki junior likewise started out at Munsingen but later moved to\nYoung Boys Bern, where he primarily played in the reserves. The\ncustodian made his top-flight debut for the club in 2009 but opted\nto try his luck elsewhere after finding first-team opportunities\nhard to come by in the Swiss capital.", "In early 2011 Burki joined Grasshoppers Zurich on loan and\neventually made the No1 jersey there his own. The 23-year-old\nplayed a total of 111 games in the Swiss first division, as well as\nmaking four appearances in European competition last season, spread\nacross the UEFA Champions League qualifying rounds and the UEFA\nEuropa League.", "\n", "\nIn the wake of his consistently outstanding performances the record\nSwiss titleholders signed Burki permanently in February 2013,\nawarding him a three-year contract. However, his talents also\nattracted interest from abroad and at the end of May Burki agreed\nto don his gloves for Bundesliga outfit SC Freiburg in the\nforthcoming campaign.", "\n", "\nSwitzerland national team coach Ottmar Hitzfeld is equally\nconvinced of the youngster’s ability and selected him as\nthird-choice goalkeeper behind Diego Benaglio and Yann Sommer in\nthe country’s 2014 FIFA World Cup Brazil™ squad. Burki is yet to\nearn his first full international cap but represented Switzerland\n21 times between the U-18 and U-21 age categories."], "bibnum":21, "fieldpos":1, "webname":"Roman BUERKI", "webnamealt":"BÜRKI", "surname":"BÜRKI", "shirtname":"BÜRKI", "playerletter":"B,B", "birthdate":"1990-11-14 00:00:00", "clubname":"Grasshopper Club", "idclub":44066}