{"idcupseason":251164, "idteam":43876, "teamname":"Nigeria", "countrycode":"NGA", "idplayer":356710, "description":["Kaduna-born Reuben Gabriel was one of a handful of local-based\nplayers called up by Super Eagles coach Stephen Keshi to Nigeria's\n2013 CAF Africa Cup of Nations squad, and was an unused substitute\nas Nigeria won their third African title.", "A tall and strong figure in the middle of the park, Gabriel\njoined Kilmarnock soon afterwards, but did not feature in many\ngames for the Scottish Premier League club before a fall-out over\nthe role he was playing. After a trial with Tottenham Hotspur, he\nsigned for Belgian club Waasaland-Beveren. Again his first team\nopportunities have been sporadic as injuries ruled him out of\naction.", "Gabriel played his first game for Nigeria in 2010 and scored his\nfirst goal for the Super Eagles two years later when he opened the\nscoring in a 2014 FIFA World Cup Brazil™ qualifier against Malawi –\na game that ended in a 1-1 draw. He also played another game in\nNigeria's qualifying campaign as the west Africans secured a second\nconsecutive appearance on football's greatest footballing stage.\nLast year he had to rule himself out of Nigeria's FIFA\nConfederations Cup squad after picking up an injury."], "bibnum":4, "fieldpos":3, "webname":"Ruben GABRIEL", "webnamealt":"", "surname":"GABRIEL", "shirtname":"GABRIEL", "playerletter":"G,G", "birthdate":"1990-09-25 00:00:00", "clubname":"KV Waasland-Beveren", "idclub":2000017582}