{"idcupseason":251164, "idteam":43876, "teamname":"Nigeria", "countrycode":"NGA", "idplayer":356713, "description":["A diminutive but quick winger capable of slicing through the\nattacking third with his pace and nimble dribbling abilities, Ejike\nUzoenyi might prove to be a wild card in Nigeria coach Stephen\nKeshi’s pack of players at the FIFA Confederations Cup. A true\nleft-footed wide option in a team full of forwards and attacking\nmidfielders, he has the potential to offer some instant offence or\nan introduction of width against a difficult to break down\nopponent.", " ", "An experienced veteran of the Nigeria Premier League, Uzoenyi\njoined his compatriot Onyekachi Apam at French club Rennes on loan\nafter the 2013 CAF Africa Cup of Nations, but did not have time to\nmake much impact during the second-half of this season. Although he\nmade only one substitute appearance at the AFCON, the former\nEnyimba and Enugu Rangers player had done enough in Keshi’s sides\nto draw attention from a variety of European clubs. He is most\nnatural on the left side of midfield but can also be deployed on\nthe right side if needed."], "bibnum":3, "fieldpos":3, "webname":"Ejike UZOENYI", "webnamealt":"UZOENYI", "surname":"UZOENYI", "shirtname":"UZOENYI", "playerletter":"U,U", "birthdate":"1992-03-23 00:00:00", "clubname":"Enugu Rangers FC", "idclub":2147482705}