{"idcupseason":251164, "idteam":43876, "teamname":"Nigeria", "countrycode":"NGA", "idplayer":356711, "description":["If Nigeria ever need an imposing\nphysical presence at the back, Azubuike Egwuekwe is their man. A\ntowering central defender at almost two-metres tall, the Warri\nWolves player is capable of dominating the box in the air.", "He is also a very committed player,\nwho even cut short his honeymoon earlier this year to travel to\nTunisia to play in a CAF Confederations Cup match for his club. He\nhas surprising mobility and is capable of tackling with both\nstrength and timing, making him a vital asset for Stephen Keshi,\nwho has made the 24-year-old one of the key domestic-based players\nin his team.", "Egwuekwe, who captains his club side,\nhas improved his confidence with the ball at his feet since\ndebuting for the Super Eagles in 2012. He missed out on making an\nimpact at the CAF Africa Cup of Nations last year due to a bout of\nchicken pox, but played in two Super Eagles matches at the FIFA\nConfederations Cup Brazil 2013. He was also a regular for his side\nat the African Nations Championship – a competition for which only\nlocally-based players are eligible – in South Africa earlier this\nyear."], "bibnum":6, "fieldpos":2, "webname":"Azubuike EGWUEKWE", "webnamealt":"EGWUEKWE", "surname":"EGWUEKWE", "shirtname":"EGWUEKWE", "playerletter":"E,E", "birthdate":"1989-07-16 00:00:00", "clubname":"Warri Wolves FC", "idclub":2000000751}