{"idcupseason":251164, "idteam":43876, "teamname":"Nigeria", "countrycode":"NGA", "idplayer":356712, "description":["Defender Juwon Oshaniwa is one of a number of Nigerian players\nwho has made Israel their temporary home. The 23-year-old joined FC\nAshdod in 2012 – the same year he played his first match for the\nSuper Eagles. He then made Stephen Keshi's squad for the 2013 CAF\nAfrica Cup of Nations in South Africa, where the west Africans won\ntheir third continental title.", "Following that triumph, he played in Nigeria's first two 2014\nFIFA World Cup™ qualifiers but somewhat fell off the radar\nthereafter, as Keshi gave other players the opportunity of\ncompeting at the highest level. Oshaniwa, who is a speedy left\nback, was close to signing for Celtic at the start of last year and\nwas also keenly followed by Swiss club FC Basel, but in the end\nstayed with Ashdod.", "His inclusion in Keshi's extended squad for the World Cup drew\nsome raised eyebrows and the coach, who is known for not shying\naway from hard decisions, kept Oshaniwa on the bench in the two\nfriendlies (a goalless draw against Mexico and a 2-2 draw against\nScotland) the Super Eagles played before the final squads had to be\nregistered. However, when Keshi announced his 23-man squad for\nBrazil, Oshaniwa was included in the list alongside first choice\nleft back Elderson Echiejile."], "bibnum":13, "fieldpos":2, "webname":"Juwon OSHANIWA", "webnamealt":"", "surname":"OSHANIWA", "shirtname":"OSHANIWA", "playerletter":"O,O", "birthdate":"1990-09-14 00:00:00", "clubname":"FC Ashdod", "idclub":1885523}