{"idcupseason":251164, "idteam":43911, "teamname":"Mexico", "countrycode":"MEX", "idplayer":356731, "description":["Mexican football’s latest sensation, America striker Raul\nJimenez was scarcely on the radar of ", " fans when he\nwas called up to the national team for the Men's Olympic Football\nTournament London 2012. There his opportune appearances from the\nbench not only played a key part Mexico’s triumph, it also raised\nhis profile significantly.", "In the intervening years, this towering forward has gone from\nstrength to strength. He helped Club America win the Clausura 2013\ntitle and reach the final in the ensuing Apertura 2013. But he\nreached his highest point in the CONCACAF qualifiers where his\nmagnificent scissor-kick goal from outside the box helped Mexico\novercome a gritty Panamanian side when everything seemed lost.", "Renowned for his superb aerial game and imposing physical\nprowess, this 23-year-old has a knack for getting himself into\ndangerous positions and is almost certain to play a role at the\n2014 FIFA World Cup Brazil™, even if it is as an impact player\ncoming off the bench."], "bibnum":9, "fieldpos":4, "webname":"Raul JIMENEZ", "webnamealt":"R. JIMENEZ", "surname":"JIMENEZ RODRIGUEZ", "shirtname":"R. JIMENEZ", "playerletter":"J,R", "birthdate":"1991-05-05 00:00:00", "clubname":"Club America", "idclub":1903518}