{"idcupseason":251164, "idteam":43965, "teamname":"Russia", "countrycode":"RUS", "idplayer":358049, "description":["Denis Borisovich Glushakov, 27, has been a midfield lynchpin for\nSpartak Moscow in the 2013/14 season. Making a big contribution\nboth in attack and defence, the Millerovo-born player offers Russia\nflexibility at the 2014 FIFA World Cup Brazil™. ", "Glushakov signed his first contract in the Russian top flight in\n2005 as an 18-year-old for Lokomotiv Moscow. In 2006 and 2007 he\nwent out on loan to SKA Rostov-on-Don and Zvezda Irkutsk,\nrespectively, but in 2008 he became a regular for Lokomotiv and\nended the year with a runners-up medal in the Russian Super\nCup. ", "He was first called up for the national team in March 2011 in\nthe Euro 2012 qualifiers, and was in the squad for the tournament\nbut only started one match. During World Cup qualifying he\nalternated between the bench and the starting eleven, but was a\nregular in Fabio Capello’s squad and scored two goals on the road\nto Brazil."], "bibnum":8, "fieldpos":3, "webname":"Denis GLUSHAKOV", "webnamealt":"", "surname":"GLUSHAKOV", "shirtname":"GLUSHAKOV", "playerletter":"G,G", "birthdate":"1987-01-27 00:00:00", "clubname":"FC Spartak Moscow", "idclub":1885659}