{"idcupseason":251164, "idteam":43965, "teamname":"Russia", "countrycode":"RUS", "idplayer":358048, "description":["Much has changed for Aleksandr\nKokorin in the last two years. A relative unknown in 2012, the\n23-year-old forward is now one of the stars of Fabio Capello’s side\nand is now aiming to show the world the talent and striking power\nthat helped fire the Russians to Brazil 2014.", "Kokorin has come a long way in a\nshort space of time since the Italian brought him into the side in\nthe wake of UEFA EURO 2012. Handed a starting place in the position\nfilled with some distinction by the equally talented Alan Dzagoev\nin Poland and Ukraine, the youngster has given fresh impetus to the\nfront line following Andrey Arshavin’s exit from the side.", "Capello’s faith in him has been rewarded. Tucking in alongside\nthe experienced Alexander Kerzhakov and Alexander Samedov, Kokorin\nexcelled in the qualifiers for Brazil 2014, scoring four times in\nall – once in each game against Israel and twice in the 4-1 defeat\nof Luxembourg. One of those goals against the Israelis, which came\nafter some fine work by Samedov, proved how sharp and opportunistic\na finisher he can be and the level of understanding he has built up\nwith his team-mates.", "His fine performances for his country and for Dinamo Moscow –\nthe club where he scored his first goal at the age of 17 –\nconvinced Anzhi Makhachkala to pay a big fee for his services at\nthe start of the 2013 season. Anzhi’s subsequent restructuring\nmeant that within a month he was back at Dinamo, where he remains\nan idol, a status he is hoping to achieve across the whole nation\nwhen he runs out at Brazil 2014."], "bibnum":9, "fieldpos":4, "webname":"Alexander KOKORIN", "webnamealt":"KOKORIN", "surname":"KOKORIN", "shirtname":"KOKORIN", "playerletter":"K,K", "birthdate":"1991-03-19 00:00:00", "clubname":"FC Dynamo Moscow", "idclub":33170}