{"idcupseason":251164, "idteam":43946, "teamname":"France", "countrycode":"FRA", "idplayer":358011, "description":["Right-back Mathieu Debuchy spent the first ten seasons of his\ncareer at Lille, where he won plaudits for his contributions\nfurther up the pitch and his dedication to the cause. \"He's a\nplayer who puts his head where others wouldn't put their feet,\"\nnoted his one-time Lille coach Claude Puel, and Debuchy's efforts\nwere certainly key as ", " raised their standing on\nthe domestic scene and graced the European game. Above all, his\nloyalty was rewarded in 2011, when he won a league and cup double\nwith the club alongside the likes of Yohan Cabaye, Eden Hazard and\nGervinho.", "Debuchy received his maiden France call-up the same\nyear, following an injury to Bakari Sagna. It was fair recognition\nfor a player who had developed into one of the best right-backs in\nLigue 1, underlining the exciting new level he was reaching. He\ncontested the qualifying campaign ahead of UEFA EURO 2012 and then\nappeared in the finals as a first-choice starter, and he has\ncontinued to be a reliable performer on France's right flank since\nDidier Deschamps took the reins. He also enjoys a starting berth\nfor Newcastle United, having left Lille for the Premier League in\nJanuary last year."], "bibnum":2, "fieldpos":2, "webname":"Mathieu DEBUCHY", "webnamealt":"", "surname":"DEBUCHY", "shirtname":"DEBUCHY", "playerletter":"D,D", "birthdate":"1985-07-28 00:00:00", "clubname":"Newcastle United FC", "idclub":44136}