{"idcupseason":251164, "idteam":44037, "teamname":"Bosnia and Herzegovina", "countrycode":"BIH", "idplayer":358097, "description":["Asmir Avdukic is a goalkeeper who boasts ten years of\ninternational experience but, contradictably, just a few caps. The\nreason for this is the presence of Asmir Begovic,\nBosnia-Herzegovina’s undisputed first-choice between the sticks,\nbut coach Safet Susic has described the deputy as someone he\n“wouldn’t hesitate to call upon”.", "Avdukic, born in the former Yugoslavia in 1981, began his career\nwith Celik Zenica – the first of six clubs from six Bosnian cities\nhe would defend. Avdukic also played for Kamen Ingrad in the\nCroatian top tier and on loan at Iranian giants Persepolis. The 6ft\n3ins keeper helped the latter reach the last 16 in the AFC\nChampions League 2012, performing superbly in a 3-0 win over\nAl-Gharafa in Doha.", "Avdukic’s best season in his homeland came when he captained\nBorac Banja Luka to Bosnian Premier League glory in 2011, keeping\nan incredible 19 clean sheets in 30 games along the way. He also\nhelped them finish third in 2012/13."], "bibnum":22, "fieldpos":1, "webname":"Asmir AVDUKIC", "webnamealt":"", "surname":"AVDUKIC", "shirtname":"AVDUKIĆ", "playerletter":"A,A", "birthdate":"1981-05-13 00:00:00", "clubname":"FK Borac Banja Luka", "idclub":2000000638}