{"idcupseason":251164, "idteam":43946, "teamname":"France", "countrycode":"FRA", "idplayer":358015, "description":["Powerful, athletic and strong in the air, Olivier Giroud is also\nsupremely comfortable in front of goal, where his finishing,\none-touch play and ability to improvise make him a constant menace.\nThe striker's journey to the top was a gradual one, however, and he\nbegan by spending five years in France's lower leagues – including\none on loan in the third tier – before getting his first tilt at\nthe elite with Montpellier in 2010/11. After that, everything began\nto accelerate for Giroud, and he won his maiden France cap the\nfollowing season as he topped the scoring charts while helping his\nclub win the Ligue 1 title.", "\n", "\nHe moved to Arsenal fresh from that landmark campaign and was\nimmediately faced with the challenge of replacing departed forward\nRobin van Persie. Giroud may be less prolific than the Dutch\nphenomenon, yet he has proved a valuable presence up front for the\nGunners, with his style and tireless effort also winning over\nsupporters, who sing his name to the tune of The Beatles' classic\n'Hey Jude'. Meanwhile, on the international stage, after first\nbeing used as an understudy to Karim Benzema, Giroud has\nincreasingly come to be seen as an alternative option by Didier\nDeschamps. Indeed, it was the Arsenal man who struck the equaliser\nin a 1-1 draw away against Spain in a 2014 FIFA World Cup™\nqualifier on 16 October 2012."], "bibnum":9, "fieldpos":4, "webname":"Olivier GIROUD", "webnamealt":"", "surname":"GIROUD", "shirtname":"GIROUD", "playerletter":"G,G", "birthdate":"1986-09-30 00:00:00", "clubname":"Arsenal FC", "idclub":32847}