{"idcupseason":251164, "idteam":43949, "teamname":"Greece", "countrycode":"GRE", "idplayer":358022, "description":["Holebas was born in Germany and played his domestic football in\nthe country, starring for 1860 Munich up until his move to Greek\ngiants Olympiacos in 2010. He established himself in the\n", " starting line-up on the left side of defence,\nwinning the Greek Super League in his first season for the club.\nEligible to play for either Greece, Germany or Uruguay due to his\nmixed ancestry, Holebas received a call-up to represent the country\nof his father’s birth in late 2011 and went on to appear at UEFA\nEURO 2012, despite not playing in any of the qualifiers.", "He played three games in Poland/Ukraine, but was suspended for\nGreece’s quarter-final showdown with Germany. After impressing at\nthe tournament, he featured in nine of his country’s 12 qualifiers\nfor the 2014 FIFA World Cup Brazil™, including both legs of the\nplay-off against Romania. Holebas was dismissed in\nthe qualifier against Liecthenstein, but returned to the side\nfor the crucial match against Slovakia and played every remaining\nminute of the campaign as Fernando Santos’s men reached Brazil."], "bibnum":20, "fieldpos":2, "webname":"Jose CHOLEVAS", "webnamealt":"", "surname":"CHOLEVAS", "shirtname":"CHOLEVAS", "playerletter":"C,C", "birthdate":"1984-06-27 00:00:00", "clubname":"Olympiacos Piraeus FC", "idclub":420}