{"idcupseason":251164, "idteam":43935, "teamname":"Belgium", "countrycode":"BEL", "idplayer":358120, "description":["The leading goalscorer during Belgium’s 2014 FIFA World Cup™\nqualifying campaign, Kevin de Bruyne is – alongside Eden Hazard,\nRomelu Lukaku and Axel Witsel – one of the stars of his country’s\nmuch-vaunted ‘golden generation’. A versatile midfielder, he has\nbecome known for his vision and powerful shooting skills.", "“In the middle or on the right – Kevin de Bruyne can play\nanywhere. He’s a very disciplined player. He’s capable of\ndelivering great final balls and upping the tempo of a match,” said\nMarc Wilmots of the player upon whom ", " (Red Devils) are sure to lean heavily on in\nBrazil.", "\n", "\nHe got his first taste of professional football with Genk, where he\nmade remarkable progress and landed the Belgian Pro League title\nand Belgian Super Cup in 2011. The young playmaker’s performances\nearned him rave reviews in his homeland, which in turn led to\ninterest from big-name foreign clubs.", "It was Chelsea who finally captured his signature, but the\nLondon side promptly sent him on a season-long loan to Werder\nBremen. De Bruyne enjoyed a productive campaign in the Bundesliga,\nmaking 33 league appearances and scoring 10 goals.", "Upon returning to the Blues in the summer of 2013, he found\nplaying time hard to come by due to the intense competition for\nplaces at Stamford Bridge. Consequently, he decided to move on,\njoining Wolfsburg in January 2014, much to the delight of the\nclub’s loyal fan base."], "bibnum":7, "fieldpos":3, "webname":"Kevin DE BRUYNE", "webnamealt":"DE BRUYNE", "surname":"DE BRUYNE", "shirtname":"DE BRUYNE", "playerletter":"D,D", "birthdate":"1991-06-28 00:00:00", "clubname":"VfL Wolfsburg", "idclub":44144}