{"idcupseason":251164, "idteam":43935, "teamname":"Belgium", "countrycode":"BEL", "idplayer":358114, "description":["Skilful, lively and incisive, Dries Mertens may be small in\nstature, but – much like his similarly diminutive compatriots Eden\nHazard and Zakaria Bakkali – he is clearly destined for big\nthings.", "Initially used as an impact substitute and then as a starter for\nBelgium, the Napoli winger was replaced at half-time during a FIFA\nWorld Cup™ qualifying match versus Macedonia in March 2013, a\ndecision he found hard to swallow, blurting out “I’d really like an\nexplanation” after the match.", "Since that faux pas, Marc Wilmots has continued to include him\nin his squads, without fielding him in any further qualifiers.\nHowever, consistently sparkling performances in warm-up matches for\nBrazil 2014 have seen the effervescent winger regain the confidence\nof his national coach.", "\n", "\nMertens started out at Gent, but it was actually at Dutch second\ndivision outfit AGOVV Apeldoorn that he made his name, putting in\ntop-notch displays over the course of three seasons that piqued the\ninterest of top-flight teams. As a result, the Leuven-born wide man\nmoved to Utrecht in 2009, and was later transferred to PSV\nEindhoven, with whom he lifted the Dutch Cup and Super Cup in\n2012.", "His final term with the ", " saw him score 16\ngoals and set up 17 more, a remarkable statistic that persuaded\nNapoli to come calling in June 2013.", " "], "bibnum":14, "fieldpos":3, "webname":"Dries MERTENS", "webnamealt":"", "surname":"MERTENS", "shirtname":"MERTENS", "playerletter":"M,M", "birthdate":"1987-05-06 00:00:00", "clubname":"SSC Napoli", "idclub":2147481899}