{"idcupseason":251164, "idteam":43935, "teamname":"Belgium", "countrycode":"BEL", "idplayer":358106, "description":["Success has tended to come naturally to Thibaut Courtois. Just\n17 when he made his top-flight debut with Genk, it quickly became\nclear he possesses all the tools that make up the perfect\ngoalkeeper: good positioning, electric reflexes on his line, an\nimpressive leap and total mastery of his box. On top of that, the\n6'6\" custodian can lay claim to almost unparalleled mental\nstrength. \"I've had to look hard to find any sort of flaw in his\ncharacter – and I still can't find one,\" said Roland Breugelmans,\nhead of Genk's youth academy.", "\n", "\nMaking the goalkeeper's jersey his own, Courtois played an integral\npart as Genk won only the third Belgian title in their history in\n2011, and he himself was voted best No1 in the division. Having\nconquered Belgium, Courtois then looked further afield to continue\nhis development, with Chelsea luring him to Stamford Bridge. The\nPremier League giants immediately loaned him out to Atletico\nMadrid, and Courtois helped ", " lift the UEFA\nEuropa League in 2012, while emerging as one of the keenest new\ntalents on the Spanish scene. No goalkeeper conceded fewer goals in\n2012/13, and Courtois's heroics also helped his side claim the Copa\ndel Rey. This season he followed up those achievements with a La\nLiga winners medal and a runners-up medal in the UEFA Champions\nLeague.", "\n", "\nSuch performances were regarded with glee and expectation back in\nhis homeland, and the player nicknamed Tarantula showed all his\ntrademark composure as he made his international bow in a goalless\ndraw with France in November 2011. He went on to contest every\nminute on the road to Brazil 2014, shipping just four goals,\nleaving no doubt that ", " (Red Devils)\npossess a thoroughbred for many years to come."], "bibnum":1, "fieldpos":1, "webname":"Thibaut COURTOIS", "webnamealt":"COURTOIS", "surname":"COURTOIS", "shirtname":"COURTOIS", "playerletter":"C,C", "birthdate":"1992-05-11 00:00:00", "clubname":"Atletico Madrid", "idclub":1914808}