{"idcupseason":251164, "idteam":43948, "teamname":"Germany", "countrycode":"GER", "idplayer":358692, "description":["In January 2011 Julian Draxler become one of the youngest\nBundesliga debutants in history at the age of 17 years and 117\ndays. A product of the Schalke youth academy, it was immediately\napparent that he had the potential to become an exceptional player\nand just a few months after taking his league bow, the teenager\nscored the opening goal in his side’s 5-0 cup final victory over\nMSV Duisburg in Berlin.", "\n", "\nTall, fast and with a keen eye for goal, Draxler soon became a\ncrowd favourite in Schalke, where he has developed into a\ncornerstone of the Royal Blues’ team.", "\n", "\nDraxler also boasts exceptional talent in one-on-one situations\nfrom his regular position as a left-sided attacking midfielder, and\nwon the Fritz Walter Medal as the best German player of his age\ncategory in 2011. He made his senior international debut shortly\nbefore UEFA EURO 2012, although he failed to make the squad for the\ntournament in Ukraine and Poland. The 20-year-old hinted at his\nability to perform at the highest level in his five appearances\nduring 2014 FIFA World Cup Brazil™ qualifying and will be hoping to\nmake his international breakthrough in South America this\nsummer."], "bibnum":14, "fieldpos":3, "webname":"Julian DRAXLER", "webnamealt":"Julian Draxler", "surname":"DRAXLER", "shirtname":"DRAXLER", "playerletter":"D,D", "birthdate":"1993-09-20 00:00:00", "clubname":"FC Schalke 04", "idclub":36721}