{"idcupseason":251164, "idteam":43948, "teamname":"Germany", "countrycode":"GER", "idplayer":358694, "description":["In terms of sheer versatility, Kevin Grosskreutz is in a class\nof his own in the German national team. The Borussia Dortmund\nall-rounder is comfortable both in defensive and attacking roles on\neither flank and can also be deployed as a holding midfielder. That\nadaptability and his tireless running have earned Grosskreutz a\nreputation as an invaluable squad member for both club and\ncountry.", "\n", "\nHe has long been a fan favourite as much for his never-say-die\nattitude on the pitch as for his down-to-earth demeanour away from\nit, while his passion and emotion are both refreshing and\ninspiring.", "\n", "\nAs a 19-year-old the Dortmund native was influential in helping\nRot-Weiss Ahlen earn promotion to Bundesliga 2, standing out for\nhis clinical finishing in front of goal. In 2009 Grosskreutz joined\nhis boyhood club Dortmund, for whom he played several games at\njunior level, and swiftly became a first-team regular while at the\nsame time coaching a youth side in the Dortmund district of\nEving.", "\n", "\nIn subsequent years at Dortmund Grosskreutz won the league title\ntwice and the DFB Cup once, as well as playing in the final of the\nUEFA Champions League. National team coach Joachim Low will be\ncounting on his energy and ball-winning abilities to help Germany\nto success at the 2014 FIFA World Cup Brazil™."], "bibnum":2, "fieldpos":2, "webname":"Kevin GROSSKREUTZ", "webnamealt":null, "surname":"GROßKREUTZ", "shirtname":"GROßKREUTZ", "playerletter":"G,G", "birthdate":"1988-07-19 00:00:00", "clubname":"Borussia Dortmund", "idclub":33199}