{"idcupseason":251164, "idteam":43960, "teamname":"Netherlands", "countrycode":"NED", "idplayer":358732, "description":["One of several exciting talents to have come through the\nFeyenoord youth system over recent years, baby-faced Jordy Clasie\nis earning a formidable reputation for his mature midfield\ndisplays. Likened to both Xavi and Andrea Pirlo for his range of\npassing and ability to play with his head up, coolly assessing his\noptions, the 22-year-old is already being linked with some of the\ntop clubs in Europe.", "Like Xavi, he is small and not particularly strong, but his\nsharp turns and use of the ball have established him as a regular\nfor Feyenoord and won the admiration of Louis van Gaal. The\nNetherlands coach was impressed by Clasie’s performances for the\nU-21s and called him into the senior squad, giving him his debut in\na FIFA World Cup qualifier against Turkey that the Dutch won\n2-0.", "That was the first of five preliminary matches in which the\nyoungster featured, and at no stage did he look out of place amid\nthe household names elsewhere in the Dutch team. The tenacity he\nblends with his passing ability was evident for all to see, and\nClasie will need to show that same side of his armoury as he\nattempts to win a place in Van Gaal’s starting XI."], "bibnum":16, "fieldpos":3, "webname":"Jordy CLASIE", "webnamealt":"", "surname":"CLASIE", "shirtname":"CLASIE", "playerletter":"C,C", "birthdate":"1991-06-27 00:00:00", "clubname":"Feyenoord Rotterdam", "idclub":44137}