{"idcupseason":251164, "idteam":43965, "teamname":"Russia", "countrycode":"RUS", "idplayer":358869, "description":["One year after playing in the U-21 UEFA EURO, left-back Georgy\nShchennikov has taken the step up. Even though he seldom played in\nthe qualifiers for the 2014 FIFA World Cup Brazil™ the\nstrong-willed 23-year-old defender has gained the trust of Fabio\nCapello and is now a fixture in his squad.", "His participation in the U-21 European Championship was far from\nexemplary, clocking up three defeats and a red card in the group\nphase, but Capello deemed him mature enough to call him up a few\nmonths later. He made the last five squads in qualifying for Brazil\n2014, but only got on the pitch at the end of the 4-0 thrashing of\nLuxembourg. In 2014 he again enjoyed playing time, in the friendly\nagainst Armenia, showing that he was ready to make the step up.", "He developed well during his club side CSKA’s sensational\n2013/14 campaign as an undisputed starter and was the hero in the\nsemi-final victory in the Russian Cup. Shchennikov will face fierce\ncompetition for a starting berth in Brazil, but gaining tournament\nexperience with one eye on the 2018 World Cup is also one of his\nmain goals."], "bibnum":3, "fieldpos":2, "webname":"Georgy SHCHENNIKOV", "webnamealt":"SHCHENNIKOV", "surname":"SHCHENNIKOV", "shirtname":"SHCHENNIKOV", "playerletter":"S,S", "birthdate":"1991-04-27 00:00:00", "clubname":"CSKA Moscow", "idclub":34555}