{"idcupseason":251164, "idteam":43965, "teamname":"Russia", "countrycode":"RUS", "idplayer":358885, "description":["Having watched Russia’s qualification campaign from afar, Maksim\nKanunnikov was a surprise late inclusion in Fabio Capello squad for\nBrazil 2014. The 22-year-old forward had yet to represent his\ncountry at senior level when he was named in the Italian’s\nprovisional squad in May, doing enough in Russia’s subsequent\nwarm-up games to convince Capello to take him to Brazil.", "A seasoned youth international, Kanunnikov made one appearance\nfor Russia at the UEFA Under-21 European Championship 2013 before\ntaking his first steps in the A team in the recent friendlies\nagainst Slovakia and Norway. Coming off the bench to join Aleksandr\nKokorin in the centre of attack, Kanunnikov did enough to suggest\nthey could form a productive partnership as part of a rejuvenated\nRussian front line.", "A Zenit St Petersburg youth product, the front man was loaned\nout to Tom Tomsk in 2011 and spent last season with Amkar Perm,\nscoring three goals in total, one of them coming against Zenit. One\nof the new faces in the Russia squad, Kanunnikov is unlikely to be\nin line for a starting place in Brazil, though the experience he\nwill acquire could well prove useful in the future, especially with\nhis country set to host the FIFA World Cup™ in four years’\ntime."], "bibnum":6, "fieldpos":4, "webname":"Maksim KANUNNIKOV", "webnamealt":"", "surname":"KANUNNIKOV", "shirtname":"KANUNNIKOV", "playerletter":"K,K", "birthdate":"1991-07-14 00:00:00", "clubname":"FK Amkar Perm", "idclub":2147482530}