{"idcupseason":251164, "idteam":43954, "teamname":"Italy", "countrycode":"ITA", "idplayer":359235, "description":["Far from being disadvantaged by his short stature, Lorenzo\nInsigne is an explosive footballer who takes opponents on at\nevery opportunity, using his low centre of gravity to throw\nthem off balance. A product of the Napoli youth programme, Insigne\nis an attacking midfielder who operates with the same deadly\nefficiency whether tucked in behind the centre forward or stationed\non the wing. Skilful in front of goal, he is also decisive in the\nfinal pass.", "Insigne cut his teeth in Napoli’s youth teams. Then, in January\n2010, after having made his debut in Serie A, he finished the\nseason on loan at Cavese. It was not long before coach Zdenek Zeman\nnoticed the young forward's flair and he obtained him a season-long\nloan deal with Foggia, where he scored 19 goals.", "The following season he went on loan to Serie B side Pescara\nwhere he helped them to win the title, racking up 18 goals and 8\nassists in the process. Unsurprisingly, he was back in Naples for\nthe start of the 2012/13 season and made his debut for the\n", " on 11 September 2012 against Malta, coming on for\nAlessandro Diamanti. In August 2013, he scored his first\ninternational goal in a friendly against Argentina."], "bibnum":22, "fieldpos":4, "webname":"Lorenzo INSIGNE", "webnamealt":"", "surname":"INSIGNE", "shirtname":"INSIGNE", "playerletter":"I,I", "birthdate":"1991-06-04 00:00:00", "clubname":"SSC Napoli", "idclub":2147481899}