{"idcupseason":251164, "idteam":43954, "teamname":"Italy", "countrycode":"ITA", "idplayer":359223, "description":["At just 21 years of age, Mattia De Sciglio already has the\nmaturity and technical nous of a seasoned veteran. The AC Milan\nyoungster has been a revelation over the past couple of years in\nItaly, helped by his club's increased focus on youth.", " “I was born in Milan and came through their youth system,\nand I've always supported this club. Playing for your home-town\nteam is exactly what you'd call a dream come true,” said the\nversatile full-back, who has already been likened to former\n", " great Paolo Maldini.", "“It's an honour to be compared to a phenomenon like Maldini, but\nfor me it ends there,” said De Sciglio, keen to play down the\nparallels.", "Quick, defensively sound and a good crosser of the ball, he can\nalso play with both feet, and was deployed in every position across\nthe back four at youth level.", "Milan's backroom staff are keen not to let the hype affect De\nSciglio, but there is no escaping the impressive speed of the\nyoungster's ascent. Indeed, his Serie A debut came on 10 April\n2012, with his first senior cap for Italy following less than a\nyear later, on 21 March 2013, in a 2-2 draw with Brazil.", "During the 2013 FIFA Confederations Cup, the precocious defender\ntook part in all three of Italy’s group encounters, as well as in\nthe match for third place against Uruguay.", " "], "bibnum":2, "fieldpos":2, "webname":"Mattia DE SCIGLIO", "webnamealt":"DE SCIGLIO", "surname":"DE SCIGLIO", "shirtname":"DE SCIGLIO", "playerletter":"D,D", "birthdate":"1992-10-20 00:00:00", "clubname":"AC Milan", "idclub":1907169}