{"idcupseason":251164, "idteam":43938, "teamname":"Croatia", "countrycode":"CRO", "idplayer":359381, "description":["Ivan Perisic was a key part of Croatia’s 2014 FIFA World Cup™\nqualifying campaign, appearing in ten of their 12 matches\n(including the play-offs). This summer’s tournament will be the\nsecond major competition in which the 25-year-old has featured,\nfollowing on from UEFA EURO 2012. Despite his young age, Perisic\nhas already played club football in four countries. At the age of\n17, he left his hometown side Hadjuk Split for France before moving\non to Belgium three years later. He enjoyed his breakthrough season\nat Club Brugge in 2009/10 and was the league’s leading goalscorer\nin 2010/11.", "This success garnered the attention of Borussia Dortmund, who\nsigned the attacking midfielder in 2011. After winning the double\nin 2012 before facing a more frustrating start to the 2012/13\nseason, he transferred to fellow Bundesliga challengers VfL\nWolfsburg, where he steadily regained his previous form.", "“He can play in several attacking positions, both on the wing\nand in the centre,” said his club coach Dieter Hecking in praise of\nPerisic. His style of play means he is often compared with former\nGerman international star Michael Ballack."], "bibnum":4, "fieldpos":3, "webname":"Ivan PERISIC", "webnamealt":"PERIŠIĆ", "surname":"PERIŠIC", "shirtname":"PERIŠIĆ", "playerletter":"P,P", "birthdate":"1989-02-02 00:00:00", "clubname":"VfL Wolfsburg", "idclub":44144}