{"idcupseason":251164, "idteam":43938, "teamname":"Croatia", "countrycode":"CRO", "idplayer":359375, "description":["For any footballer, playing in the opening game of a FIFA World\nCup™ against the host nation is a special experience indeed. For\nJorge Sammir Cruz Campos or ‘Sammir’, however, it will be a truly\nunique moment. The midfielder was born in April 1987 in Brazil,\nlived there until he was 19 and spent his teen years at Atletico\nMineiro and Atletico Paranaense, also representing his country at\nyouth team level. However, since embarking on a European adventure\nand joining Croatian club Dinamo Zagreb in 2007, his career has\ntaken a very different path.", "Sammir quickly established himself as a key player in the\nCroatian capital, helping Dinamo to a staggering 14 trophies in\neight years, and in 2013 he was named the league’s best player\nbefore he left the club for pastures new in January 2014, signing\nfor Spanish Primera club Getafe CF.", "Plying his trade in Europe meant he fell off the Brazilian\nnational team selectors’ radar, but Sammir simply sought a\ndifferent route to the top. In 2012 he was granted Croatian\ncitizenship and in October of that year he made his full\ninternational debut for the ", " against FYR Macedonia,\nappearing three times in total as Croatia qualified for the 2014\nFIFA World Cup Brazil™.", "The 27-year-old may end up being the team’s super sub in Brazil,\nsince world-class midfielders Luka Modric and Ivan Rakitic are\nlikely to start for the team. Nevertheless, Sammir will surely be\ngiven a chance to shine in the country of his birth. He has a\nclever eye for a pass, is composed in possession and an\naccomplished assist-maker, making him an ideal candidate for a\nplay-making role. He also has an impressive record of scoring goals\nhimself and will be a asset for coach Niko Kovac no matter when he\nis introduced."], "bibnum":19, "fieldpos":3, "webname":"SAMMIR", "webnamealt":"", "surname":"CRUZ CAMPOS", "shirtname":"SAMMIR", "playerletter":"S,S", "birthdate":"1987-04-23 00:00:00", "clubname":"Getafe CF", "idclub":1884966}