{"idcupseason":251164, "idteam":43946, "teamname":"France", "countrycode":"FRA", "idplayer":359448, "description":["Stephane Ruffier owes his seat on the plane to Brazil to the\nneck injury suffered by Steve Mandanda in the final round of Ligue\n1 fixtures, the Saint-Etienne goalkeeper stepping into the breach\nafter disaster befell his Marseille counterpart. The situation will\nbe familiar to Ruffier, who was also drafted in to help ", " at South Africa 2010, when Cedric Carrasso was sidelined\nfollowing France's opening game. This time, however, he travels as\npart of the official 23-man squad, and can begin preparing to slip\non the gloves if needed.", "\n", "\nThe son of a Basque pelota champion, Ruffier started out in his\nyouth as a forward with Bayonne. Borrowing his father's pelota\ngloves and ball to play with in his garage, he noticed his talents\nwith his hands, and it was a matter of time before he opted to play\nin goal. Spotted by Monaco, he then entered the club's youth\nacademy and was promoted to the senior squad aged 17 in 2004, when\na certain Didier Deschamps was head coach. Loaned to Bayonne for a\nyear, he returned to the principality in 2006 and made his Ligue 1\ndebut in 2007, before becoming a regular starter in 2008/09. The\nonly Monaco player to emerge with credit when the club were\nrelegated in 2010/11, he subsequently switched to Saint-Etienne,\nhelping them impress in the upper reaches of Ligue 1 and earning\nhimself a spot in France's 2014 FIFA World Cup™ travelling party.\n   "], "bibnum":16, "fieldpos":1, "webname":"Stephane RUFFIER", "webnamealt":"", "surname":"RUFFIER", "shirtname":"RUFFIER", "playerletter":"R,R", "birthdate":"1986-09-27 00:00:00", "clubname":"AS Saint-Etienne", "idclub":30982}