{"idcupseason":251164, "idteam":43946, "teamname":"France", "countrycode":"FRA", "idplayer":359440, "description":["Raphael Varane is one of the most promising defenders in the\ngame today, having already shown himself to be a dependable servant\nfor both Real Madrid and France. Sharp and impressively effective\nfor his age, the centre-back began his professional career at\n17 with Lens, and he showed sufficient potential in his first\nseason for ", " to make their move. A period of\nadaptation followed, but, despite his tender years, the youngster\nwas soon allowed to prove he had the quality to prosper at the\nSantiago Bernabeu. He was also named in Didier Deschamps's first\nFrance squad in August 2012, after serving the U-21 side with\ndistinction.", "\n", "\nVarane was rewarded with first-team status in his second season at\nMadrid and continued to string together top-drawer performances,\nnot least his showing against Barcelona in the Copa del Rey. Called\nup again by ", ", this time he collected his maiden\ncap in a 1-0 victory against Georgia in 2014 FIFA World Cup™\nqualifying. Varane's ascent had been undeniably thrilling, yet it\nwas impeded by a knee injury towards the end of the campaign which\nkept him sidelined for several months. Shortly after his return, he\nwas called back up by Deschamps and started the 3-0 second-leg win\nagainst play-off rivals Ukraine that stamped France's ticket to\nBrazil."], "bibnum":4, "fieldpos":2, "webname":"Raphael VARANE", "webnamealt":"", "surname":"VARANE", "shirtname":"VARANE", "playerletter":"V,V", "birthdate":"1993-04-25 00:00:00", "clubname":"Real Madrid CF", "idclub":30504}