{"idcupseason":251164, "idteam":43946, "teamname":"France", "countrycode":"FRA", "idplayer":359454, "description":["Franck Ribery’s late withdrawal from the France squad for Brazil\n2014 prompted ", " coach Didier Deschamps to turn to Remy\nCabella, the man he believes is best suited to replace the Bayern\nMunich winger. Nicknamed ", ", Cabella has just enjoyed a\nstunning season with Montpellier, scoring 14 goals for the club –\nas many as he had managed in the previous four years of his\nprofessional career – and serving up five assists.", "A skilled performer in one-on-one situations, Cabella also\npossesses a fearsome shot and can light up any match with his\ntalent on the ball. Another area in which he has developed beyond\nall recognition this year is his vision and reading of the\ngame.", "Born in Ajaccio to a Corsican mother and an Italian father,\nCabella started playing football at a very early age, joining\nGazelec Ajaccio’s youth ranks before winning a place at\nMontpellier’s academy in 2004. Only a couple of months after\nturning professional, however, he suffered torn ligaments in his\nright knee and was out of action for some time.", "His French Ligue 1 debut eventually came in December 2010, while\nhis first league goals, a brace, came in January 2012. He helped\nhis club lift the French title five months later and has been a\nfirst choice in the side ever since. "], "bibnum":7, "fieldpos":4, "webname":"Remy CABELLA", "webnamealt":"CABELLA", "surname":"CABELLA", "shirtname":"CABELLA", "playerletter":"C,C", "birthdate":"1990-03-08 00:00:00", "clubname":"Montpellier HSC", "idclub":2000002582}