{"idcupseason":251164, "idteam":43963, "teamname":"Portugal", "countrycode":"POR", "idplayer":359428, "description":["Born in Povoa de Varzim, as was Portugal team mate Bruno Alves,\nLuis Neto had to travel far and wide on his rise to the Portuguese\nnational side and the FIFA World Cup™.", "Both he and Bruno Alves are of Brazilian descent and have their\nfootballing roots at Varzim, but it was on the island of Madeira\nwhile playing for Nacional that he began to give a good account of\nhimself in the Primeira Liga.", "His excellent performances attracted the attention of the\nItalian team Siena, where he was voted one of Serie A's most\npromising new players in the 2012/13 season. One season in Italy\nwas enough to whet the appetite of Russian giants Zenit, where he\nonce again met up with fellow countryman Bruno Alves, alongside\nwhom he would later make his debut in the Portugal defence.", "Manager Paulo Bento first called him up to the national squad\nduring the 2014 World Cup qualifying matches and he was given his\nfirst cap in a friendly against Ecuador in place of the injured\nPepe, proving a sterling replacement for the Real Madrid\ncentre-half."], "bibnum":14, "fieldpos":2, "webname":"Luis NETO", "webnamealt":"", "surname":"NOVO NETO", "shirtname":"NETO", "playerletter":"N,N", "birthdate":"1988-05-26 00:00:00", "clubname":"FC Zenit St. Petersburg", "idclub":1884644}