{"idcupseason":251164, "idteam":44037, "teamname":"Bosnia and Herzegovina", "countrycode":"BIH", "idplayer":359993, "description":["Toni Sunjic is an accomplished defender with limited\ninternational experience but a firm reputation in the Ukrainian\nPremier League.", "The Zorza player appeared in Bosnia-Herzegovina’s first two 2014\nFIFA World Cup Brazil™ qualifiers, but was overlooked by coach\nSafet Susic for the remainder of the campaign.", "Sunjic began his career at Mostar in his homeland, where he\ngained plaudits for his aerial ability and reading of the game. He\npenned a deal with Zorya in 2012, quickly established himself in\ntheir first-team, and has excelled in 2013/14. Indeed Sunjic has\nplayed a key role in Zorya keeping several clean sheets, including\nnullifying standout Dynamo Kiev forward Dieumerci Mbokani in a 2-0\nvictory.", "Zorya coach Yuriy Vernydub has described Sunjic as “a rock”."], "bibnum":15, "fieldpos":2, "webname":"Toni SUNJIC", "webnamealt":"", "surname":"ŠUNJIC", "shirtname":"ŠUNJIĆ", "playerletter":"S,Š", "birthdate":"1988-12-15 00:00:00", "clubname":"FC Zorya Lugansk", "idclub":1917459}