{"idcupseason":251164, "idteam":44037, "teamname":"Bosnia and Herzegovina", "countrycode":"BIH", "idplayer":359995, "description":["Ognjen Vranjes is the type of defender who will throw his body\nin the way of anything. That was of great benefit to\nBosnia-Herzegovina during 2014 FIFA World Cup Brazil™ qualifying,\nwhen he turned in commendable displays as they took four points\nfrom a possible six from chief rivals Greece.", "Vranjes, whose physical player can intimidate opponents, has\nplayed club football in Bosnia-Herzegovina, Serbia, Moldova, Russia\nand Turkey despite his relative youth.", "His best season came in 2011/12, when he helped Krasnador\nqualify for the Champions Group in the Russian Premier League.\nVranjes joined Elazıgspor at the start of 2014 and despite the\nteam’s struggles, Vranjes has proven himself capable of nullifying\nthe Turkish Super Lig’s top forwards. Indeed he did a fine job in\nkeeping Aatif Chahechouhe, the competition’s leading marksman,\nsilent during a 3-1 win at Roberto Carlos’ Sivasspor.", "The younger brother of former Bosnia-Herzegovina midfielder\nStojan Vranjes, Ognjen progressed from the U-21 to the full\ninternational side in 2010 and has impressed thereafter when called\nupon by Safet Susic."], "bibnum":6, "fieldpos":2, "webname":"Ognjen VRANJES", "webnamealt":"VRANJEŠ", "surname":"VRANJEŠ", "shirtname":"VRANJEŠ", "playerletter":"V,V", "birthdate":"1989-10-24 00:00:00", "clubname":"Elazigspor", "idclub":2000017609}