{"idcupseason":251164, "idteam":44037, "teamname":"Bosnia and Herzegovina", "countrycode":"BIH", "idplayer":359997, "description":["Avdija Vrsajevic blossomed from being a lower-league footballer\nto unseating Mensur Mujdza as Bosnia-Herzegovina’s first-choice\nright-back in the space of a few years.", "\n", "\nVrsajevic spent much of his career representing minnows in\nBosnia-Herzegovina and Czech Republic, having failed to make an\nappearance for the more prestigious Sparta Prague. His fortunes\ntook an upward turn, however, following a move to Celik in 2011.\nVrsajevic impressed in his solitary season at the club, operating\nas an adventurous wingback, and that prompted Hadjuk Split to sign\nhim. Vrsajevic has since excelled in Igor Tudor’s side and helped\nthem win the 2012/13 Croatian Cup.", "Vrsajevic did not make his Bosnia-Herzegovina bow until 2012,\nwhen he was 26, but in the latter half of their 2014 FIFA World Cup\nBrazil™ qualifying campaign, he made a place in their starting XI\nhis own."], "bibnum":2, "fieldpos":3, "webname":"Avdija VRSAJEVIC", "webnamealt":"VRŠAJEVIĆ", "surname":"VRŠAJEVIC", "shirtname":"VRŠAJEVIĆ", "playerletter":"V,V", "birthdate":"1986-03-06 00:00:00", "clubname":"HNK Hajduk Split", "idclub":32907}