{"idcupseason":251164, "idteam":43949, "teamname":"Greece", "countrycode":"GRE", "idplayer":360111, "description":["Panagiotis Glykos has made a late case for inclusion into the\nGreek squad, surprising many by usurping Michail Sifakis to take\nthe third goalkeeper spot behind Orestis Karnezis and Stefanos\nKapino. The PAOK stopper comes into the tournament in solid form,\nkeeping a clean sheet once every three Greek Super League games\nduring the 2013/14 season. Fernando Santos gave Glykos his debut\nback in March in a friendly against Korea Republic and was\nimpressed enough to include him among his final 23 in Brazil.", "The stopper began his career at Olympiacos, playing in their\nyouth and reserve teams before signing for PAOK in 2007. He was\nthen shipped out on loan, making a handful of appearances, before\nestablishing himself in the first team fold in the 2011/12 season.\nFrom then, he has regularly done battle with the other stoppers in\nthe squad to secure the No1 spot. In fact, at the start of the\n2013/14 season, he began the league campaign on the bench, with\nSpaniard Jacobo preferred, before being handed the first team reins\nin November. Glykos grabbed the opportunity with both hands,\nstarting all but two of the remaining fixtures and forcing his way\ninto Santos’s squad for Brazil. "], "bibnum":12, "fieldpos":1, "webname":"Panagiotis GLYKOS", "webnamealt":"", "surname":"GLYKOS", "shirtname":"GLYKOS", "playerletter":"G,G", "birthdate":"1986-10-10 00:00:00", "clubname":"PAOK FC", "idclub":421}