{"idcupseason":251164, "idteam":43949, "teamname":"Greece", "countrycode":"GRE", "idplayer":360109, "description":["Albanian-born Panagiotis Kone has an eye for a sensational goal,\nhe was nominated for the 2013 FIFA Puskàs Award, and the tricky\nwinger brings a bit of flair to the Greek squad. Kone often found\nhimself on the bench throughout qualifying for the 2014 FIFA World\nCup Brazil™, and the two games he started (both against\nLiechtenstein), saw two wins for Fernando Santos’ side. The\nattacking midfielder made his Greece debut against Austria in a\nfriendly in late 2010, but failed to make the squad for UEFA EURO\n2012, after he was sent off against Slovenia, one of the final\nfriendlies before the tournament.", "Kone’s footballing education has been an intriguing one, and\ndiffers from many of his Greek team-mates. After starting off at\nOlympiacos, French side Lens drafted him into their youth setup\nbefore he signed his first professional contract with AEK Athens.\nAfter moving to Iraklis, he switched Greece for Italy with Brescia\nand established himself in Italian Serie A before a switch to\ncurrent side Bologna. His undoubted highlight for the\n", " was that Puskàs-nominated goal against Napoli, an\nunstoppable scissor kick from the edge of the box. Santos will be\nhoping he can call on Kone for some more magic in Brazil."], "bibnum":8, "fieldpos":3, "webname":"Panagiotis KONE", "webnamealt":"", "surname":"KONE", "shirtname":"KONE", "playerletter":"K,K", "birthdate":"1987-07-26 00:00:00", "clubname":"Bologna FC", "idclub":33387}