{"idcupseason":251164, "idteam":43926, "teamname":"Colombia", "countrycode":"COL", "idplayer":360642, "description":["Though goalkeeping is his trade, one\nof Camilo Vargas’ most memorable performances came when he scored\nthe winning goal for Santa Fe in a 2011 instalment of their rivalry\nwith Millonarios, the oldest derby in Colombian football. Aside\nfrom his goalscoring abilities, the 25-year-old custodian possesses\nlightning reflexes, is as agile as they come and is something of an\nexpert at saving penalties.", "\n", "\nVargas’ brothers tried their luck as keepers but were unable to\nbreak into professional football. After starting out with\nMaracaneiros, he showed them how it was done, moving to Bogota side\nSanta Fe at the age of 16 and making his first division debut there\nin 2007. An idol at the club, he went on to win a Colombian league,\nCup and Super Cup with them.", "\n", "\nA youth international with Colombia, Vargas has still to make his\nfull international debut, though he has been an ever-present in\nJose Pekerman squads since September 2012 and a lucky charm to boot\n– in the 11 Brazil 2014 World Cup qualifiers ", "\nplayed after the keeper’s first call-up they lost just one.", "Although Vargas goes to Brazil 2014 as\nPekerman’s third-choice behind David Ospina and the veteran Faryd\nMondragon, the world finals will represent a valuable experience\nfor a keeper whose stock is rising all the time and who has a big\nfuture ahead of him."], "bibnum":12, "fieldpos":1, "webname":"Camilo VARGAS", "webnamealt":"VARGAS", "surname":"VARGAS GIL", "shirtname":"VARGAS", "playerletter":"V,V", "birthdate":"1989-03-09 00:00:00", "clubname":"Independiente Santa Fe", "idclub":1884001}