{"idcupseason":251164, "idteam":43942, "teamname":"England", "countrycode":"ENG", "idplayer":361222, "description":["Adam Lallana received his first senior call-up in September\n2012, after his good form for Southampton in the Premier League had\ncaught the eye of Roy Hodgson.", "Previously capped at U-18, U-19 and Under-21 level, Lallana is a\nproduct of the Southampton youth academy and has been a regular in\nthe Saints' first team for a number of years, playing a crucial\nrole in their revival from League One back to the Premier League\nunder Nigel Adkins.", "He was brought into the squad to face Ukraine in a FIFA World\nCup™ qualifier at Wembley following the withdrawal of a number of\nplayers from the initial squad.", "Lallana won his first cap for England on 15 November in a\nfriendly match against Chile at Wembley Stadium and claimed his\nfirst assist in the March friendly against Denmark when he set up\nthe only goal of the game for Daniel Sturridge.", "Following a good season for his club side, the midfielder was\nnamed as one of the six players on the shortlist for the PFA Player\nof the Year Award.", "The boyhood Everton fan was due to be married on the day England\nplayed Italy in Manaus, but moved his wedding to Christmas Eve 2013\nto avoid any potential clash."], "bibnum":20, "fieldpos":3, "webname":"Adam LALLANA", "webnamealt":"LALLANA", "surname":"LALLANA", "shirtname":"LALLANA", "playerletter":"L,L", "birthdate":"1988-05-10 00:00:00", "clubname":"Southampton FC", "idclub":33341}