{"idcupseason":251164, "idteam":43817, "teamname":"Iran", "countrycode":"IRN", "idplayer":362641, "description":["If his eye-catching displays during qualification are anything\nto go by, Reza Ghoochannejhad looks set to shoulder Iran's\ngoal-scoring intentions as his side aim to reach the second round\nof the FIFA World Cup™ for the first time.", "The striker, in a sense, became Iran’s new rescuer during their\nqualifying campaign. Initially a relative unknown plying his trade\nin Belgium, he revived Iran's fortunes with his first goal in\nqualifying during a 1-0 victory in Qatar, before hitting the target\nagain a week later in the 4-0 home defeat of Lebanon. The\n26-year-old maintained his form into their final game against Korea\nRepublic, scoring the only goal in Ulsan as they booked their\npassage to Brazil 2014 as group winners.", "Born in Iran but brought up in the Netherlands, ", ",\nas he is now affectionately known to fans, was a fresh face on the\nAsian scene when he was called up by coach Carlos Queiroz in\nOctober 2012. Impressed by his performance for Sint-Truiden in a\nBelgian Jupiler Pro League game against Lierse, the former Portugal\nand Real Madrid boss wasted no time in calling him up.", "Queiroz gave him his international debut in a crucial home\nqualifier against Korea Republic, starting the forward in what\nended as a 1-0 Iran win. Even after a disappointing home defeat to\nUzbekistan, a result which put Iran's campaign in jeopardy, Queiroz\nmaintained his faith in Ghoochannejhad. He was eventually proven\nright, with ", " scoring three goals in as many games\nacross a fortnight, including two match-winners, as Iran progressed\nsomewhat against the odds.", "The decisive goal against the Koreans was the embodiment of\n", "'s predatory talents. With Iran largely on the back\nfoot and approaching the final half-hour, the Mashhad-born striker\nstole the ball from Kim Younggwon, darting to the edge of the\npenalty area, before unleashing a trademark left-footed strike past\nthe goalkeeper."], "bibnum":16, "fieldpos":4, "webname":"Reza GHOOCHANNEJAD", "webnamealt":"REZA", "surname":"GHOOCHANNEJAD NOURNIA", "shirtname":"REZA", "playerletter":"G,R", "birthdate":"1987-09-20 00:00:00", "clubname":"Charlton Athletic FC", "idclub":346}