{"idcupseason":251164, "idteam":43949, "teamname":"Greece", "countrycode":"GRE", "idplayer":362649, "description":["A strong holding midfielder who has added goalscoring to his\nalready impressive armoury in the last few seasons, Andreas Samaris\ncame into Fernando Santos’s thinking toward the end of Greece’s\nroad to Brazil. The midfielder made a substitute appearance in the\nfinal group qualifier against Liechtenstein and rose from the bench\nin the two play-off matches against Romania. A determined player\nwho has flourished under the stewardship of former Spain midfielder\nMichel at Olympiacos, Samaris began his career at Panachaiki before\nearning a move to Panionis in the Greek Super League. His\nimpressive performances in the centre of the park for the\n", " caught the attention of perennial Greek\nchampions Olympiacos, who signed him on a permanent deal in 2012,\nbefore loaning him back for the duration of the 2012/13 campaign to\nthe Nea Smyrni Stadium.", "Since his return to Olympiacos, Samaris has formed a crucial\npart of the ", " midfield, playing every minute of the\nUEFA Champions League group stages which saw his side emerge to\nface Manchester United, and elimination, in the knockout stages.\nThe tall midfield man picked up the first silverware of his career\nas Olympiacos confirmed their 41st league title in March."], "bibnum":22, "fieldpos":3, "webname":"Andreas SAMARIS", "webnamealt":"", "surname":"SAMARIS", "shirtname":"SAMARIS", "playerletter":"S,S", "birthdate":"1989-06-13 00:00:00", "clubname":"Olympiacos Piraeus FC", "idclub":420}