{"idcupseason":251164, "idteam":43924, "teamname":"Brazil", "countrycode":"BRA", "idplayer":362727, "description":["For the Tottenham Hotspur midfielder, football is a box-to-box\ngame. Commanding in the air, a strong runner and blessed with an\nastute positional sense, Paulinho is a genuinely versatile and pacy\nmodern midfielder. Capable of catching opposing defences off guard\nwith his late runs into the penalty area, he also tracks back and\ngets through his share of defensive work.", "It is those attributes that saw him appear on the shopping lists\nof Europe’s major clubs, an indication of how far he has come since\nthe period between 2006 and 2008, when he was an unknown teenager\nplying his trade in Lithuania and Poland. His days of anonymity now\nbehind him, Paulinho is entirely at ease with the adulation he\nreceives from the North London club's faithful, while his\ncommanding displays at the 2013 FIFA Confederations Cup made him an\nindispensable member of Luiz Felipe Scolari's Brazil set-up.", "“It’s been a really rapid rise, from an individual point of view\nas well,” he told ", ". “So I have to make the\nmost of this good period. Of course for that I’ll need my\nteam-mates' help and I’ll keep working hard for them too, trying to\nhelp us win more titles as well as keeping my place in "], "bibnum":8, "fieldpos":3, "webname":"PAULINHO", "webnamealt":"PAULINHO", "surname":"BEZERRA MACIEL JUNIOR", "shirtname":"PAULINHO", "playerletter":"P,P", "birthdate":"1988-07-25 00:00:00", "clubname":"Tottenham Hotspur FC", "idclub":23437}