{"idcupseason":251164, "idteam":43942, "teamname":"England", "countrycode":"ENG", "idplayer":362881, "description":["Celtic goalkeeper Fraser Forster earned his first-ever England\ncall-up for the 2014 FIFA World Cup™ qualifying double-header\nagainst San Marino and Poland in October 2012.", "Forster had to wait a further year for his first cap for England\nwhich he earned on 15 November 2013 in a friendly match against\nChile at Wembley. This appearance against Chile saw Forster become\nonly the second Celtic player ever to play for England whilst\nplaying his club football for the Glasgow club.", "The giant goalkeeper began his career at Newcastle United in\n2005 but spent most of his time there out on loan, at Stockport\nCounty, Bristol Rovers and Norwich City, before he finally made his\nname with the Glasgow giants.", "Neil Lennon brought Forster to Scotland in August 2010\nand the 6’7 stopper has spent four successful seasons at Parkhead,\nwinning the Scottish Cup in 2011 and the Scottish Premier League in\n2012, 2013 and 2014.", "Forster has won many plaudits for his performances at Celtic and\nholds the Scottish Premier League record of 1,256 minutes without\nconceding a goal."], "bibnum":22, "fieldpos":1, "webname":"Fraser FORSTER", "webnamealt":"", "surname":"FORSTER", "shirtname":"FORSTER", "playerletter":"F,F", "birthdate":"1988-03-17 00:00:00", "clubname":"Celtic FC", "idclub":1914704}