{"idcupseason":251164, "idteam":43822, "teamname":"Korea Republic", "countrycode":"KOR", "idplayer":363578, "description":["A solid right-back of Ulsan Hyundai, Lee Yong possesses all the\nqualities required for a modern full-back with tireless runs and\nprecise crosses from the flank. After spending four years at\nChungang University, he was drafted by the Tigers before the start\nof the 2010 season. Although he had to remain on the bench in the\nfirst two years at the ", ", Lee established himself\nfollowing the departures of former Korean internationals Oh\nBeomseok and Song Chonggug by the end of the 2011 season. The\nfollowing year saw him play a vital role as Ulsan won the 2012 AFC\nChampions League on the back of an unprecedented unbeaten streak on\nthe continental stage.", "Lee came to prominence in\nlast year’s EAFF East Asian Cup in which he won his first cap for\nKorea Republic against China PR on 24 July 2013. His consistent\nperformances for his country and club earned him a place in the\nBest XI of the K.League last year, although Ulsan finished second\nafter losing to Pohang Steelers on the final matchday. Lee will be\nhoping to keep up the momentum at Brazil 2014 this summer."], "bibnum":12, "fieldpos":2, "webname":"LEE Yong", "webnamealt":"Y LEE", "surname":"LEE", "shirtname":"Y LEE", "playerletter":"L,Y", "birthdate":"1986-12-24 00:00:00", "clubname":"Ulsan Hyundai FC", "idclub":1937630}