{"idcupseason":251164, "idteam":43843, "teamname":"Algeria", "countrycode":"ALG", "idplayer":364088, "description":["Faouzi Ghoulam, born near Saint-Etienne, began his professional\ncareer with the French town’s iconic club in 2010. Three-and-a-half\nseasons and 97 matches later, the tireless left-back joined Napoli\non a four-year contract in January 2014. Despite having previously\nplayed for France’s U-21 side, he chose to represent Algeria at\nsenior level, travelling to the 2013 CAF Africa Cup of Nations,\nwhere he was an unused substitute.", "Vahid Halilhodzic finally handed the composed defender his first\ncap against Benin during the 2014 FIFA World Cup™ qualifiers, and\nwould go on to field him twice more in the campaign, including in\nthe second leg of the African Zone play-off clash with Burkina\nFaso."], "bibnum":3, "fieldpos":2, "webname":"Faouzi GHOULAM", "webnamealt":"GHOULAM", "surname":"GHOULAM", "shirtname":"GHOULAM", "playerletter":"G,G", "birthdate":"1991-02-01 00:00:00", "clubname":"SSC Napoli", "idclub":2147481899}