{"idcupseason":251164, "idteam":43860, "teamname":"Ghana", "countrycode":"GHA", "idplayer":364707, "description":["Albert Adomah's inclusion in Ghana's squad for Brazil 2014 caps\na fairytale rise for the 26-year-old player. Born in London,\nthe skilful winger began playing through a project designed to give\nyoung people in low-income council flats a positive outlet for\ntheir energies. Adomah remembers those days: “When I was 15 I used\nto go to Ravenscourt Park when I was bored. I asked the street\nwardens whether I could join the team and they said ‘yes.’ From\nthere it developed into playing every Sunday for two or three\nyears. I always knew I had the skill to be a professional\nfootballer but the project really helped me develop.”", "\n", "\nSince then, his career has moved in only one direction: upwards. He\nsigned his first contract in 2008 with Barnet, who were then\nplaying in the fourth tier of English football. His talents were\nsoon noticed and Championship side Bristol City shelled out for his\nservices in 2010. When they were relegated, he moved on to\nMiddlesbrough. But it wasn’t only in England that Adomah was\ngetting noticed and he received a call-up to represent Ghana, his\nparents' birth country. He earned his first cap against Brazil in\n2011 and has since featured regularly in Kwesi Appiah's dynamic\nsquad."], "bibnum":14, "fieldpos":3, "webname":"Albert ADOMAH", "webnamealt":"ADOMAH", "surname":"DANQUAH ADOMAH", "shirtname":"ADOMAH", "playerletter":"A,A", "birthdate":"1987-12-13 00:00:00", "clubname":"Middlesbrough FC", "idclub":33746}