{"idcupseason":251164, "idteam":43876, "teamname":"Nigeria", "countrycode":"NGA", "idplayer":364763, "description":["Striker Emmanuel Emenike is one of several players from west\nAfrica who found their way to Europe via the South African league.\nThe 29-year-old played for Mpumalanga Black Aces and FC Cape Town\nbefore being transferred to Turkey, where he signed for\nKarabukspor, helping the club gain promotion with a good goal\nreturn.", "Emenike, whose strengths include power and pace, continued\nscoring with reckless abandon in the top flight, and it was natural\nthat a bigger club would come calling. A dream move to Fenerbahce\nmaterialised before he was implicated and later cleared of\ninvolvement in a match-fixing scandal, although it led to him being\nsold to Russian club Spartak Moscow without having played for the\nIstanbul giants. After spending two seasons in Moscow, where he\nscored a goal every other game, he transferred back to Fenerbahce\nbefore the 2013/14 season and kept up the same scoring rate. His\ntalent has continued to draw interest from clubs in bigger leagues,\nand a breakout FIFA World Cup would do his prospects no harm.", "Since breaking into the Nigerian national team in 2011, Emenike\nhas become a valuable member of the impressive side that Stephen\nKeshi has built. The striker was one of the stand-out players as\nthe Super Eagles won the Africa Cup of Nations for the third time\nin their history in South Africa last year and even though he had\nto miss the final through injury, finished joint top scorer of the\ncompetition.", "He was overlooked for Nigeria's squad for the FIFA\nConfederations Cup and only returned to national team duty towards\nthe end of Nigeria's 2014 FIFA World Cup™ qualifying campaign. He\nmade an immediate impact though, scoring once as the Super Eagles\nbeat Malawi in a group game and claiming both goals in the vital\n2-1 victory in Ethiopia in the play-offs."], "bibnum":9, "fieldpos":4, "webname":"Emmanuel EMENIKE", "webnamealt":"EMENIKE", "surname":"EMENIKE", "shirtname":"EMENIKE", "playerletter":"E,E", "birthdate":"1987-05-10 00:00:00", "clubname":"Fenerbahce SK", "idclub":33163}