{"idcupseason":251164, "idteam":43921, "teamname":"USA", "countrycode":"USA", "idplayer":365556, "description":["Born in Frankfurt to an American father and a German mother,\nTimothy Chandler is a powerful and athletic new option in the USA\nrearguard. He is a fast and rangy defender, always willing to\npush up into attack and brimming with youthful exuberance. A\nnewcomer to the ", " set-up, he is most\ncomfortable playing on the right but can also line up in the centre\nof defence if circumstances demand.", "\n", "\nChandler recently moved back to hometown club Eintracht Frankfurt\nafter taking part in FC Nurnberg's disappointing 2013/14 campaign,\none that saw the side relegated from the German Bundesliga. He has\nhad prior stints in the country’s lower leagues. The burly back\namassed fewer than 15 caps for the United States before being\nincluded in Jurgen Klinsmann’s final 23-man squad for Brazil\n2014.", "\n", "\nHe was a member of the USA side that won their fifth CONCACAF Gold\nCup in the summer of 2013, but his commitment to his adoptive\nnational team was called into question when he refused a series of\nsubsequent call-ups through injury. He failed to appear for the\nStates for nearly an entire year. Klinsmann’s standards for\nselection were high, and he enthusiastically defended his decision\nto include Chandler. “He’s a different Timmy now than he was a\nyear-and-a-half ago,” Klinsmann explained."], "bibnum":21, "fieldpos":2, "webname":"Timmy CHANDLER", "webnamealt":"Timothy Chandler", "surname":"CHANDLER", "shirtname":"CHANDLER", "playerletter":"C,C", "birthdate":"1990-03-29 00:00:00", "clubname":"1. FC Nuernberg", "idclub":1882977}