{"idcupseason":251164, "idteam":44037, "teamname":"Bosnia and Herzegovina", "countrycode":"BIH", "idplayer":365747, "description":["A natural left-winger who can also play up front, Edin Visca’s\nversatility makes him an important member of Safet Susic’s squad.\nIt was as an impact substitute that Visca shone during 2014 FIFA\nWorld Cup Brazil™ qualifying. He helped them run out emphatic 5-0\nwinners in Latvia and, after he was summoned from the bench in the\n69th minute in Slovakia, Bosnia-Herzegovina quickly turned a\ndeficit into a decisive 2-1 victory.", "Visca kicked off his career at Zeljeznicar, and the youngster’s\nassists and goals propelled them to the Bosnian Premier League\ntitle in 2009/10 and the Bosnian Cup the following season. He\njoined Istanbul BB in 2011 and though they suffered Turkish Super\nLig relegation in 2012/13, Visca played a big role in them bouncing\nback at the first time of asking.", "\n", "\nVisca made over 30 appearances for Bosnia-Herzegovina’s youth\nsides, before making his full debut in 2010."], "bibnum":19, "fieldpos":4, "webname":"Edin VISCA", "webnamealt":"", "surname":"VIŠCA", "shirtname":"VIŠĆA", "playerletter":"V,V", "birthdate":"1990-02-17 00:00:00", "clubname":"Istanbul BBSK", "idclub":null}