{"idcupseason":251164, "idteam":43965, "teamname":"Russia", "countrycode":"RUS", "idplayer":367333, "description":["Russia goalkeeper Sergei Ryzhikov has had to wait patiently for\nhis chance to shine. The Rubin Kazan custodian had turned 30 by the\ntime he received his first call-up for his country and is now\npreparing for his first major international tournament at the age\nof 33.", "Born in Belgorod, Ryzhikov made his professional debut with his\nlocal club at the age of 19, though it was not until he joined to\nAnzhi Makhachkala in 2005 that he began to make a name for himself\nin the Russian Premier League. A transfer to Lokomotiv Moscow\nfollowed the very next season, though he failed to see much in the\nway of first-team action in the Russian capital.", "After a spell on loan with Tom Tomsk, he made the move that\nwould change his career for good, joining Rubin Kazan in 2008 and\nfinally holding down a starting place. The winner of two league\ntitles with his club, Ryzhikov earned an invitation to the national\nside thanks in no small part to some fine performances in the UEFA\nChampions League, though his debut cap did not come until March\n2011 and a friendly against Qatar. ", "While his chances of making an appearance in Fabio Capello’s\nside at Brazil 2014 seem to be slim, Russia fans know very well\nthat Ryzhikov can be relied upon to perform should he be called\ninto action."], "bibnum":16, "fieldpos":1, "webname":"Sergey RYZHIKOV", "webnamealt":"RYZHIKOV", "surname":"RYZHIKOV", "shirtname":"RYZHIKOV", "playerletter":"R,R", "birthdate":"1980-09-19 00:00:00", "clubname":"FC Rubin Kazan", "idclub":1891257}