{"idcupseason":251164, "idteam":43849, "teamname":"Cameroon", "countrycode":"CMR", "idplayer":367396, "description":["Having just turned 18, Fabrice Olinga's inclusion in\nCameroon's FIFA World Cup™ squad came as a surprise. Not only\nbecause of his tender age, but also because he played just 21\nminutes in the Indomitable Lions' qualifying campaign.", "\n", "\nHowever, Olinga is no newcomer to making a name for himself. He\nbecame the youngest-ever goalscorer in the Spanish top flight when\nhe scored the only goal of Malaga's opening game of the 2012/13\nseason. Olinga, who was 16 years and 98 days at the time, came on\nin the 60th minute for his first professional game and scored the\ngoal from close range six minutes from the end to give Malaga the\nvictory against Celta Vigo.", "The forward started playing with the Samuel Eto'o Foundation in\nCameroon before moving to Spain as a 13-year-old. He joined the\nyouth ranks of Mallorca before moving to Malaga. He has since moved\nto Belgian club Zulte Waregem on loan. His rise with Cameroon has\nbeen similarly meteoric, as he scored on his debut in an CAF Africa\nCup of Nations qualifier against Equatorial Guinea. Although Olinga\ncan not become the youngest-ever scorer at the World Cup –\nthat record belongs to Brazilian legend Pele who scored against\nWales at the finals in Sweden, aged 17 years and 239 days – he is\nhoping to feature on the world's greatest footballing stage."], "bibnum":19, "fieldpos":4, "webname":"Fabrice OLINGA", "webnamealt":"OLINGA", "surname":"OLINGA ESSONO", "shirtname":"OLINGA", "playerletter":"O,O", "birthdate":"1996-05-12 00:00:00", "clubname":"SV Zulte Waregem", "idclub":2147481500}