{"idcupseason":251164, "idteam":43965, "teamname":"Russia", "countrycode":"RUS", "idplayer":367343, "description":["Fabio Capello must be delighted with the goalkeepers at his\ndisposal for the 2014 FIFA World Cup Brazil™, particularly since\nYuriy Lodygin’s recent decision to represent Russia instead of\nGreece.", "Boasting dual nationality, the custodian was born near Moscow\nyet lived in Greece – his mother’s homeland – until the age of 23.\nThe decision about national team representation came to a head\nin August 2013, when he turned down a call-up from\nGreece coach Fernando Santos with a view to competing for\nRussia.", "Nor was it long since the keeper’s career had undergone a\nremarkably rapid turnaround. Having come through a difficult start\nin the Greek third tier, Lodygin’s top-flight breakthrough season\nwas 2012/13 at modest outfit Skoda Xanthi. From there he was\nsnapped up by big-spending Zenit St. Petersburg, where he wasted\nlittle time in wresting a starting spot from fans’ favourite\nVyacheslav Malafeev, while underlining his huge potential in the\nclub’s run to the UEFA Champions League Round of 16.", "His decision to return to the country of his birth has proven\nvery wise, with Capello calling him up for the first time in\nOctober 2013. And though he made no appearances in the successful\nBrazil 2014 qualifying campaign, the consistently rave reviews he\nreceives for his displays suggest Igor Akinfeev may need to look\nover his shoulder sooner rather than later – a situation Capello\nwould surely relish."], "bibnum":12, "fieldpos":1, "webname":"Yury LODYGIN", "webnamealt":"LODYGIN", "surname":"LODYGIN", "shirtname":"LODYGIN", "playerletter":"L,L", "birthdate":"1990-05-26 00:00:00", "clubname":"FC Zenit St. Petersburg", "idclub":null}