{"idcupseason":251164, "idteam":44037, "teamname":"Bosnia and Herzegovina", "countrycode":"BIH", "idplayer":367415, "description":["While it’s unclear who Bosnia’s second-choice goalkeeper is, due\nto the fact Asmir Begovic was an ever-present during 2014 FIFA\nWorld Cup Brazil™ qualifying, Jasmin Fejzic replacing Asmir Avdukic\nas the No12 during that campaign may give an indication.", "Fejzic uses his 6ft 6in frame to command his area. He also\npossesses sharp reflexes for someone of his size.", "After a few years of largely warming benches at Stuttgarter\nKickers and Greuther Furth, Fejzic got his breakthrough during a\ntwo-year loan spell at Eintracht Braunschweig from 2007. He saw\nlittle action upon his return to Greuther, but after coming on as a\nsubstitute in a DFB-Pokal semi-final against Borussia Dortmund,\nIlkay Gundogan's shot with six seconds remaining cannoned back off\nthe post on to Fejzic’s head and went into the net.", "\n", "\nHe transferred to VfR Aalen in 2012 and, after confining Daniel\nBernhardt to the bench, impressed during the 2013/14 German second\nflight."], "bibnum":12, "fieldpos":1, "webname":"Jasmin FEJZIC", "webnamealt":"FEJZIĆ", "surname":"FEJZIC", "shirtname":"FEJZIĆ", "playerletter":"F,F", "birthdate":"1986-05-15 00:00:00", "clubname":"VfR Aalen", "idclub":null}