{"idcupseason":251164, "idteam":43854, "teamname":"Côte d'Ivoire", "countrycode":"CIV", "idplayer":367557, "description":["Defender Jean-Daniel Akpa-Akpro is by far the most successful of\nthree French-born brothers, all of whom play football - and\nall called Jean. But while Jean-Daniel has managed to play in Ligue\n1 with Toulouse and to be called up for international duty by the\ncountry of his parents, his brothers Jean-Louis and Jean-Jacques\nhave not managed to reach those heights. Jean-Louis was called up\nby the French U-18 side whilst on the books of Toulouse, but had to\nwithdraw injured and has played mainly in the lower tiers of\nEnglish football, while Jean-Jacques has not played above the third\ntier of French football.", "The youngest of the brothers, Jean-Daniel broke into the\nToulouse first side as an 18-year-old in 2011 and has been playing\nregularly ever since. In 2013, he received his first call-up into\nthe Elephants squad and, although he has yet to play a competitive\nmatch for the side, he was in the squad for four of the eight FIFA\nWorld Cup™ qualifiers Côte d’Ivoire played en route to Brazil. With\nage on his side and experience and strength being built, it seems\nonly a matter of time before the 21-year-old establishes himself in\nhis national team."], "bibnum":7, "fieldpos":2, "webname":"Jean Daniel AKPA", "webnamealt":"AKPA JD", "surname":"AKPA AKPRO", "shirtname":"AKPA JD", "playerletter":"A,A", "birthdate":"1992-10-11 00:00:00", "clubname":"Toulouse FC", "idclub":33352}