{"idcupseason":251164, "idteam":43854, "teamname":"Côte d'Ivoire", "countrycode":"CIV", "idplayer":367555, "description":["Die Serey's road to Europe took him via Tunisia and Algeria,\nwhere he played for EO Goulette et Kram and ES Setif respectively.\nHe moved to Tunisia from top Côte d’Ivoire club Stade d'Abijan, but\nhis stay in North Africa was short-lived as FC Sion lured him to\nthe Swiss League, where he has been since 2008.", "Twice a cup winner with Sion, the defensive midfielder joined\nBasel midway through the last season. He is known as an aggressive\nplayer who does not shy away from hard tackles. His Basel coach\nMurat Yakin said about him: “He is a player you would rather have\nin your side than play against.\" That playing style has, though,\nseen him pick up plenty of red cards, including four in a six-month\nperiod.", "Serey was a relative late-comer to the national team as he was\nalready 28 when he played his first match for the Elephants. He\nfeatured in four 2014 FIFA World Cup™ qualifying matches – all\nvictories – and is now hoping to get a first appearance at the\nWorld Cup finals under his belt, living up to the saying: better\nlate than never."], "bibnum":20, "fieldpos":3, "webname":"Die SEREY", "webnamealt":"SEREY DIE", "surname":"SEREY", "shirtname":"SEREY DIE", "playerletter":"S,S", "birthdate":"1984-11-07 00:00:00", "clubname":"FC Basel", "idclub":655}