{"idcupseason":251164, "idteam":43854, "teamname":"Côte d'Ivoire", "countrycode":"CIV", "idplayer":367558, "description":["If international football fans needed to find out that Sylvain\nGbohouo is an excellent goalkeeper, they had plenty of opportunity\nto do so as Côte d’Ivoire champions Sewe Sports embarked on a\nsuccessful CAF Champions League campaign in 2013.", "Although the club failed to qualify for the semi-finals, the\n25-year-old did enough to firmly establish himself as one of his\nnation's goalkeepers. He moved to the San Pedro-based side in 2009\nand three years later established himself as No1, earning the\nrespect of the club's loyal fans with a string of impressive\nperformances across competitions.", "Gbohouo is a commanding goalkeeper, who is particularly strong\nwhen coming off his line to pluck high balls from the air. After\nfailing to make the Elephants' 2013 Africa Cup of Nations squad\nwhen coach Sabri Lamouchi gave Daniel Yeboah and Badra Ali Sangare\nthe nod as reserve goalkeepers behind Boubacar Barry, Gbohouo found\nhis way into the Côte d’Ivoire squads for the country's six final\nFIFA World Cup™ qualifying matches, including the play-off games\nagainst Senegal.", "With time on his side, Gbhhouo may fancy his chances of taking\nover from Barry once the Belgium-based goalkeeper retires from\ninternational duty."], "bibnum":16, "fieldpos":1, "webname":"Sylvain GBOHOUO", "webnamealt":"", "surname":"GBOHOUO", "shirtname":"GBOHOUO", "playerletter":"G,G", "birthdate":"1988-10-29 00:00:00", "clubname":"Sewe Sport", "idclub":2147481635}