{"idcupseason":251164, "idteam":43924, "teamname":"Brazil", "countrycode":"BRA", "idplayer":367913, "description":["To many people in Brazil, Dante’s rise into contention for a\nstarting spot with ", " has been\nconsidered something of a surprise. That situation is primarily due\nto the imposing centre-back barely playing first-team football in\nhis homeland – just two seasons at Juventude between 2002 and 2004\n– and, until summer 2012 at least, carving out a career at European\nclubs with a lower international profile, such as France’s Lille,\nBelgian clubs Charleroi and Standard Liege and German Bundesliga\noutfit Borussia Monchengladbach.", "Yet such were his displays with the latter, particularly in his\nfinal campaign with ‘Gladbach, that Bayern Munich swooped to sign\nhim. And in less than a season with the Bavarian giants, Dante is a\nfirst-choice starter at the heart of the club's defence and a\nmember of the Brazil senior squad.", "“I knew that it was an important opportunity: that if it went\nwell I’d stay involved and, if it went badly, I might never get\ncalled up again,” he told ", " after a cool\nand confident debut with ", ", in Luiz Felipe\nScolari’s first game in charge against England in February 2013.\n“But I also knew that I was ready. After all, it wasn’t through\nluck that I’d caught the eye of a team like Bayern.”", "That confidence in his own ability is certainly bearing fruit.\nEnjoying a phenomenal 2012/13 treble-winning season in Munich to\nthe point of having his contract extended until 2017, in the space\nof a few short months Dante also staked a significant claim in a\nposition where Brazil are certainly not lacking in options."], "bibnum":13, "fieldpos":2, "webname":"DANTE", "webnamealt":"DANTE", "surname":"COSTA SANTOS", "shirtname":"DANTE", "playerletter":"D,D", "birthdate":"1983-10-18 00:00:00", "clubname":"FC Bayern Muenchen", "idclub":1914810}