{"idcupseason":251164, "idteam":43930, "teamname":"Uruguay", "countrycode":"URU", "idplayer":368655, "description":["Rising Uruguay star Jose Maria\nGimenez’s two defining qualities are his physical strength and\nimmense character, which has helped him take his rapid rise to\nprominence in his stride. ", "\n", "\nThe right-footed central defender, who can also fill in on the\nflanks, learned the ropes at Danubio’s prolific academy and was\nonly 17 when Juan Ramon Carrasco handed him his first-team debut in\na Uruguayan league match in November 2012. One week later he was in\nthe starting line-up. ", "\n", "\nThough Gimenez failed to make the Uruguay squad for the 2013 U-20\nSouth American Championships, he took another step forward in April\nof that year by signing for Atletico Madrid. Included in the squad\nfor the FIFA U-20 World Cup in Turkey, he was drafted into the\nstarting XI after a team-mate picked up an injury. He made the most\nof the opportunity, playing in every game at the tournament and\nbecoming a mainstay of a side that eventually finished\nrunners-up.", "\n", "\nImpressed by ", " displays in Turkey, Oscar Tabarez\nbrought him into the full national team squad last August and sent\nhim into action for the first time one month later, in a vital\nBrazil 2014 qualifier against Colombia. He was on the pitch for 181\nminutes in the three qualifiers in which he played and has figured\nin ", " ", " plans ever since."], "bibnum":13, "fieldpos":2, "webname":"Jose GIMENEZ", "webnamealt":"", "surname":"GIMENEZ DE VARGAS", "shirtname":"J.M. GIMENEZ", "playerletter":"G,J", "birthdate":"1995-01-20 00:00:00", "clubname":"Atletico Madrid", "idclub":1914808}