{"idcupseason":251164, "idteam":43963, "teamname":"Portugal", "countrycode":"POR", "idplayer":368708, "description":["Twelve months ago Rafa Ferreira Silva would have found it hard\nto imagine that he would make Paulo Bento’s 23-man squad for the\n2014 FIFA World Cup Brazil™. A lot can change in a year, however,\nwith the Braga midfielder proving his worth in the Portuguese\nleague over the last year and doing enough to convince the national\nteam coach that he deserved the call.", "Silva made the breakthrough during the 2012/13 season, one he\nspent with in the second division with Feirense, where his\nperformances attracted the attentions of a clutch of leading sides\nacross Portugal. The race for his signature was won by Braga, with\nthe young midfielder quickly showing exactly why the top-flight\noutfit had moved for him.", "Capable of playing an attacking role at the tip of the midfield\nor as a second striker, Silva is both skilful and versatile,\nqualities that convinced Paulo Bento to draft the player into his\nsquad for Brazil.", "Though Silva’s fledgling international career only began once\nthe qualifiers were over, he is one of the brightest prospects in\nPortuguese football and a player of immense potential."], "bibnum":15, "fieldpos":4, "webname":"RAFA", "webnamealt":"RAFA", "surname":"FERNANDES FERREIRA DA SILVA", "shirtname":"RAFA", "playerletter":"R,R", "birthdate":"1993-05-17 00:00:00", "clubname":"Sporting Braga", "idclub":1884019}