{"idcupseason":251164, "idteam":43921, "teamname":"USA", "countrycode":"USA", "idplayer":368973, "description":["Barely out of his teenage years and only with a handful of caps\nfor USA, DeAndre Yedlin is very much a star in the making and has\nrisen quickly to take his place in Jurgen Klinsmann's 23-man squad\nbound for Brazil. A fast-moving defender known as much for his\nmaturity and calm at such a tender age as for his wild and\never-changing hairstyles, the player had an instant impact with\nhometown side Seattle Sounders in Major League Soccer last\nterm.", "\n", "\nHe was named an MLS all-star in his debut season, the same year he\nearned his first cap for USA under coach Jurgen Klinsmann. He is\nmost comfortable playing on the right side of defence and his\ninstincts send him zipping forward at every opportunity, not\nillogical considering he began his career as an out-and-out\nattacker.", "\n", "\nExplosive and exciting though he may be, Yedlin’s lack of\nexperience at international level had many in the US media and fan\nranks questioning Klinsmann’s decision to include the Sounders’\nburgeoning star. “He’s a huge talent,” said the coach. “It will be\ninteresting to see how he takes to this because, obviously, he\ndoesn’t have the experience like other players have.\""], "bibnum":2, "fieldpos":2, "webname":"DeAndre YEDLIN", "webnamealt":"YEDLIN", "surname":"YEDLIN", "shirtname":"YEDLIN", "playerletter":"Y,Y", "birthdate":"1993-07-09 00:00:00", "clubname":"Seattle Sounders FC", "idclub":2000000975}