{"idcupseason":251164, "idteam":43976, "teamname":"Australia", "countrycode":"AUS", "idplayer":368902, "description":["A breakthrough A-League season with Newcastle Jets catapulted\nAdam Taggart into Brazil 2014 contention. At just 20 years of age\nTaggart netted 16 goals for the erratic Jets becoming the youngest\nplayer to take out the league’s top goalscorer award, and just the\nsecond Australian to do so over the past six seasons.", "A classic No9 Taggart has a natural goalscorers instinct and\nwhen in form is deadly in and around the penalty area. He was the\nfirst choice striker for the Young Socceroos at last year’s FIFA\nU-20 World Cup filling the central role in the same 4-2-3-1\nformation favoured by Postecoglou.", "He made his senior national team debut in late 2012 during East\nAsian Championship qualifying and his two goals against Chinese\nTaipei bizarrely tallied more than his A-League goalscoring record\nat that point.", "One of numerous young players to have come out of Perth in\nrecent years Taggart made the move from home-town club Perth Glory\nto Newcastle and, after a modest first season, blossomed alongside\nformer England striker Emile Heskey."], "bibnum":9, "fieldpos":4, "webname":"Adam TAGGART", "webnamealt":"TAGGART", "surname":"TAGGART", "shirtname":"TAGGART", "playerletter":"T,T", "birthdate":"1993-06-02 00:00:00", "clubname":"Newcastle United Jets FC", "idclub":1886146}