{"idcupseason":251164, "idteam":43938, "teamname":"Croatia", "countrycode":"CRO", "idplayer":369058, "description":["The last few months could hardly have gone any better for Ante\nRebic. In the summer of 2013, aged just 19, he joined Fiorentina\nfrom RNK Split, where he was immediately given the No9 shirt. This\nhad come just a short time after he had shone for Croatia at the\nFIFA U-20 World Cup in Turkey, scoring twice in four games. What is\nmore, just a few weeks after arriving in Florence, he was given his\nsenior international debut by then coach Igor Stimac and scored in\na win over Lichtenstein.", "Stimac was replaced as coach by Niko Kovac in October, but if\nanything that has been yet another positive for the ambitious\nRebic, who had previously played under Kovac in the U-21s. The new\nman at the helm instantly put his trust in the youngster, using him\nfrom the bench in both of Croatia’s play-off games for the 2014\nFIFA World Cup Brazil™ against Iceland. A dynamic and versatile\nattacker, Rebic usually plays on the wings and primarily on the\nleft."], "bibnum":16, "fieldpos":4, "webname":"Ante REBIC", "webnamealt":"REBIĆ", "surname":"REBIC", "shirtname":"REBIĆ", "playerletter":"R,R", "birthdate":"1993-09-21 00:00:00", "clubname":"ACF Fiorentina", "idclub":44331}