{"idcupseason":251164, "idteam":43938, "teamname":"Croatia", "countrycode":"CRO", "idplayer":369026, "description":["Oliver Zelenika making an appearance in Brazil would be one of\nthe biggest surprises of this summer. The 21-year-old will travel\nas the third-choice goalkeeper for Croatia, having not yet tasted\nsenior international football. Regular keeper Stipe Pletikosa, aged\n35, is coach Niko Kovac’s undisputed No1, while 29-year-old Danijel\nSubasic will act as his back-up. Nevertheless, Zelenika, a surprise\ninclusion ahead of Lovre Kalinic, previously a regular in recent\nsquads, has plenty of time to impress.", "Zelenika’s development in the last 12 months has undoubtedly\nhelped the rangy custodian to emerge as a viable candidate for a\nplace in the ", " squad. He made his U-21 debut a year\nago under none other than Kovac, who was evidently impressed enough\nto gamble on the youngster for the upcoming 2014 FIFA World Cup\nBrazil™.", "He joined Dinamo Zagreb at the age of 13 and signed his first\nprofessional contract with the club from Croatia’s capital in 2011,\nspending 2012/13 out on loan at Rudes and part of 2013/14 loaned to\nLokomotiva Zagreb. He has represented his country at every youth\nlevel and made three appearances in the FIFA U-20 World Cup Turkey\n2013."], "bibnum":12, "fieldpos":1, "webname":"Oliver ZELENIKA", "webnamealt":"ZELENIKA", "surname":"ZELENIKA", "shirtname":"ZELENIKA", "playerletter":"Z,Z", "birthdate":"1993-05-14 00:00:00", "clubname":"NK Lokomotiva Zagreb", "idclub":2000002592}