{"idcupseason":251164, "idteam":43921, "teamname":"USA", "countrycode":"USA", "idplayer":369094, "description":["This attacking midfielder is arguably the most surprising\nselection of the whole 2014 FIFA World Cup. He’s played less than\n45 minutes of professional football in his entire career and is\nregarded very much as an unknown quantity. Having just turned 19\nyears of age, USA coach Jurgen Klinsmann is hoping the Florida-born\nfledgling can offer his side that little bit of magic they need to\nreach deep into the tournament in Brazil.", "The powers that be at Klinsmann’s former club, Bayern Munich,\nalso think the world of young Green, who is a member of the\nBavarian giants’ youth set-up. Though he has yet to emerge in the\nfirst team with the five-time European champions, his raw skill and\ninstinctive ability to run at defenders have made him a hot\nproperty for the future.", "\n", "\nLeaving out an icon like Landon Donovan and selecting an untested\nteenager, meant that Klinsmann had some explaining to do to the US\nmedia ahead of the finals in Brazil. “He’s a very special talent\ncoming through,” the German-born USA coach said of Green, who\nplayed for Germany’s youth national teams. “He's getting more and\nmore ready every day. In a soccer team, it's very simple. They\nmeasure themselves with the quality you bring to the table, not\nwith the age and not where you're coming from.”"], "bibnum":16, "fieldpos":3, "webname":"Julian GREEN", "webnamealt":"GREEN", "surname":"GREEN", "shirtname":"GREEN", "playerletter":"G,G", "birthdate":"1995-06-06 00:00:00", "clubname":"FC Bayern Muenchen", "idclub":1914810}