{"idcupseason":251164, "idteam":43926, "teamname":"Colombia", "countrycode":"COL", "idplayer":369546, "description":["River Plate centre-half Eder Balanta is one of Jose Pekerman’s\nmost recent incorporations into the Colombia side, having been\ncalled up for the first time for the November 2013 friendlies\nagainst Belgium and the Netherlands and then given his debut\nagainst Tunisia at the start of March.", "So rapid has been the 21-year-old’s emergence that it has come\nas no surprise to see him make the ", " squad for\nBrazil 2014. Shortly after making his Argentinian first division\ndebut in April last year, he nailed down his place in the first\nteam and is now one of the star performers at River, having joined\nthe club at a very early age, as did his illustrious compatriot\nRadamel Falcao before him.", "Balanta started out as a forward but gradually dropped back\nbefore slotting in at the heart of the defence, where he has become\na commanding presence, though he has also filled in at left-back on\noccasion.", "Left-footed, powerfully built, strong in the air and a fearless\ntackler, the young Balanta is also blessed with skill and speed and\nputs his long legs to good use in striding forward to attack\nwhenever the opportunity arises. Not surprisingly, he is seen by\nmany as a future leader of the Colombia defence."], "bibnum":16, "fieldpos":2, "webname":"Eder BALANTA", "webnamealt":"A. BALANTA", "surname":"ALVAREZ BALANTA", "shirtname":"A. BALANTA", "playerletter":"B,A", "birthdate":"1993-02-28 00:00:00", "clubname":"CA River Plate", "idclub":44097}