{"idcupseason":251164, "idteam":43965, "teamname":"Russia", "countrycode":"RUS", "idplayer":369983, "description":["Aleksey Kozlov’s football path began in Germany in the youth\nranks at Hamburg. The right-back signed his first contract for ASV\nBergedorf ahead of the 2004 season, and then switched to VfB\nLubeck, where he stayed until 2006. He moved to Russia in 2007,\nplaying first for KAMAZ, then Kuban Krasnodar who he helped win the\nRussian second tier and promotion to the Russian Premier League. He\nhas played for Dinamo Moscow since February of this year.", "Kozlov made his Russia debut in June 2013 against Portugal in a\nqualifying match for the 2014 FIFA World Cup Brazil™, coming off\nthe bench to replace the injured Aleksandr Anyukov. Kozlov quickly\nearned the trust of coach Fabio Capello, making the right-back\nposition his own for the rest of the qualifying campaign. The\n27-year-old will be playing his first World Cup in Brazil."], "bibnum":2, "fieldpos":2, "webname":"Aleksei KOZLOV", "webnamealt":"KOZLOV", "surname":"KOZLOV", "shirtname":"KOZLOV", "playerletter":"K,K", "birthdate":"1986-12-25 00:00:00", "clubname":"FC Dynamo Moscow", "idclub":33170}