{"idcupseason":251164, "idteam":43849, "teamname":"Cameroon", "countrycode":"CMR", "idplayer":370438, "description":["Sammy N'Djock is one of a growing number of African players\nplying their trade in Turkey. After coming through the youth ranks\nat French club Lille, whom he joined as a teenager, the goalkeeper\nwas hoping to break through into the senior side. When that did not\nhappen, he moved to Turkish club Antalyaspor in 2010. He was loaned\nout to newly promoted Fethiyespor at the beginning of the 2013/14\nseason and received regular playing time with the club based in\nFethiye. The 24-year-old was in goal when the club, playing in its\nfirst-ever season in the top flight, recorded arguably their\nbest-ever result, knocking Turkish giants Fenerbahce out of the cup\nwith a 2-1 victory in Istanbul.", "N'Djock, whose main strengths in goal are his rapid reflexes and\nstrong positional sense, was called up regularly as the Indomitable\nLions secured a second consecutive appearance at the FIFA World\nCup™, but he failed to get on the pitch. It would come as a major\nsurprise if he gets off the bench in Brazil, but with time on his\nside and experienced still to be gained, he could well become his\ncountry's number one goalkeeper in the future."], "bibnum":23, "fieldpos":1, "webname":"Sammy NDJOCK", "webnamealt":"N'DJOCK", "surname":"N'DJOCK", "shirtname":"N'DJOCK", "playerletter":"N,N", "birthdate":"1990-02-25 00:00:00", "clubname":"Fethiyespor", "idclub":null}