{"idcupseason":251164, "idteam":43854, "teamname":"Côte d'Ivoire", "countrycode":"CIV", "idplayer":370522, "description":["Serge Aurier is one of the players considered the future of Côte\nd’Ivoire's national team and, although he is only 21-years-old, his\nToulouse club coach Alain Casanova already rates him as the best\nright-back in France.", "Born in Ouragahio, Aurier moved to France at an early age and\ncame through the youth ranks of Lens, for whom he played his first\nprofessional game in 2009, having just turned 17. He stayed with\nthe club until January 2012, when he signed for Toulouse and\nimmediately established himself in the side.", "He is a versatile player, who feels equally at home playing\ndefensive midfield, in central defence or at right-back. He has a\nkeen eye for goal and in the 2013/14 season, he not only created\ngoals but was one of his club's top scorers. However, being a team\nplayer, Aurier is quick to point out that individual statistics\nmean very little in football. \"I've got good stats at the moment,\nbut my individual performances aren't the most important thing\nright now. What is important is the team,” he said.", "Aurier has established himself as a valuable option for the\nElephants after playing his first game for the side in June 2013.\nHe has since taken over the right-back position from veteran\nEmmanuel Eboue and played in Côte d’Ivoire's five final 2014 FIFA\nWorld Cup Brazil™ qualifiers."], "bibnum":17, "fieldpos":2, "webname":"Serge AURIER", "webnamealt":"S. AURIER", "surname":"AURIER", "shirtname":"S. AURIER", "playerletter":"A,S", "birthdate":"1992-12-24 00:00:00", "clubname":"Toulouse FC", "idclub":33352}