{"idcupseason":251164, "idteam":43911, "teamname":"Mexico", "countrycode":"MEX", "idplayer":371044, "description":["It has taken left-back Miguel Layun\njust two years to turn the jeers of the fans who said he was not\ngood enough to play for America into cheers. No longer maligned, he\nis now regarded as a one of the key cogs in the ", " side\nthat will take on the world at Brazil 2014.", "\n", "\nLayun caused quite a stir in the Mexican football media when, in\n2009 and aged only 21, he left the then second-division side\nVeracruz for Atalanta. The full-back made only two appearances in\nSerie A, however, and returned home the following year to sign for\nmighty Club America. ", " fans were reluctant to\nembrace the little-known new arrival and took to the social media\nto blame him for the team’s defeats.", "\n", "\nUndaunted, the young defender stuck quietly and determinedly to his\ntask and used his pace, precise passing and long-range shooting\nskills to consolidate his place in the ", " first team.\nHe proved influential in America’s Clausura 2013 win, scoring the\npenalty that sealed the title for them.", "\n", "\nBy this time the fans that once criticised him had become his most\nvociferous supporters and urged his inclusion in the national team.\nTheir calls were answered when Jose Manuel de la Torre brought him\ninto the squad for the 2013 CONCACAF Gold Cup. Layun stayed in the\nframe under Victor Manuel Vucetich and Miguel Herrera, for whom he\nhas become an essential component in Mexico’s attack-minded 5-3-2\nformation.", "\n"], "bibnum":7, "fieldpos":2, "webname":"Miguel LAYUN", "webnamealt":"M. LAYUN", "surname":"LAYUN PRADO", "shirtname":"M. LAYUN", "playerletter":"L,M", "birthdate":"1988-06-25 00:00:00", "clubname":"Club America", "idclub":1903518}