{"idcupseason":251164, "idteam":43911, "teamname":"Mexico", "countrycode":"MEX", "idplayer":371042, "description":["Mexico have a habit of unleashing unknown quantities who come\nout of nowhere to make a splash at the FIFA World Cup", ".\nThese are generally young attacking talents who surprise\nunsuspecting opponents with their pace and trickery, making a\ndifference when it matters most. Think Jesus Arellano at France\n1998, Andres Guardado at Germany 2006 and Pablo Barrera at South\nAfrica 2010.", "Isaac Brizuela looks like being the one to watch at Brazil 2014.\nNicknamed ", " (Little Rabbit) owing to his diminutive\nfigure and zippy movement, the Toluca schemer is the sort of player\nwho is capable of pulling something special out of the hat at any\ntime. Fast, canny in possession and with a knack for producing\npiledrivers from outside the box, he has taken the Liga MX by storm\nover the last year.", "The ideal man to find a way past a tight defence or turn\nthings around when all looks lost, the stage is set for the\n23-year-old diamond in the rough to have an impact in this\nsummer's tournament. What's more, given Mexico's recent record, no\none should be surprised if this ace up coach Miguel Herrera's\nsleeve comes up trumps."], "bibnum":17, "fieldpos":3, "webname":"Isaac BRIZUELA", "webnamealt":"I. BRIZUELA", "surname":"BRIZUELA MUNOZ", "shirtname":"I. BRIZUELA", "playerletter":"B,I", "birthdate":"1990-08-28 00:00:00", "clubname":"Deportivo Toluca FC", "idclub":44189}