{"idcupseason":251164, "idteam":43927, "teamname":"Ecuador", "countrycode":"ECU", "idplayer":373400, "description":["Enner Valencia is one of the most explosive talents to emerge\nfrom Ecuador over the last few years. Despite starting out as an\nattacking right-sided midfielder, the 25-year-old now plays as a\nleft winger and is a speedy dribbler with two good feet and a keen\neye for goal.", ", as he is nicknamed in Ecuador, made his\nprofessional debut and came to prominence at Emelec, where he\nquickly established himself as a starter. His impressive form saw\nhim finish as top goalscorer in the 2013 Copa Sudamericana and\nhelped seal a move to Pachuca in Mexico. Valencia adapted quickly\nto his new surroundings and ended his first season at Pachuca among\nthe league’s highest scorers.", "His Ecuador career began in the youth teams and he was part of\nthe ", " squad at the 2011 Pan American Games in Mexico.\nHis debut for the senior side then came in 2012 in a friendly\nagainst Honduras and he was a key player in the qualifiers for\nBrazil 2014, starting three games on the road to the World Cup. His\nfirst two international goals also arrived in preparation for\nBrazil and he showed all of his qualities in the friendly against\nAustralia in March as he bagged an assist, won a penalty and went\non to score the winner in a 4-3 victory."], "bibnum":13, "fieldpos":4, "webname":"Enner VALENCIA", "webnamealt":"E. VALENCIA", "surname":"VALENCIA LASTRA", "shirtname":"E. VALENCIA", "playerletter":"V,E", "birthdate":"1989-11-04 00:00:00", "clubname":"CF Pachuca", "idclub":1907170}