{"idcupseason":251164, "idteam":43921, "teamname":"USA", "countrycode":"USA", "idplayer":373555, "description":["John Anthony Brooks is a member of the emerging German-American\nbrigade in Jurgen Klinsmann’s team, having grown up in Berlin but\nretained USA citizenship through his father. Physically and\nmentally strong, young Brooks makes up for his lack of experience\nplaying in the US and his relatively few number of caps with a cool\nhead and a thorough reading of the game – all evidence of a strong\nprofessional club background.", "He began his club career in Germany with Hertha Berlin while\nrepresenting the United States at both U-20 and U-23 level. His\nheight and physical presence in the heart of defence led Klinsmann\nto offer the tall and rangy Brooks his first senior cap in August\nof 2013 in order to secure his commitment and future to the US\ncause.", "\n", "\nBrooks, though still of tender age, offers the Stars and Stripes a\nrefined option in the centre of defence. He is now a first team\nregular with Hertha and after his first outing in a USA shirt,\nKlinsmann said of his new find: “It looks like he’s been playing\nwith us for ten years.” High praise indeed."], "bibnum":6, "fieldpos":2, "webname":"John BROOKS", "webnamealt":"BROOKS", "surname":"BROOKS JR", "shirtname":"BROOKS", "playerletter":"B,B", "birthdate":"1993-01-28 00:00:00", "clubname":"Hertha BSC", "idclub":26346}