{"idcupseason":251164, "idteam":44037, "teamname":"Bosnia and Herzegovina", "countrycode":"BIH", "idplayer":374529, "description":["Anel Hadzic is a creative midfielder who surged seemingly from\nnowhere to make Bosnia-Herzegovina’s 2014 FIFA World Cup\nBrazil™.", "Born in the former Yugoslavia, Hadzic was brought up in Austria\nand started out at regional minnows FC Wels. A move to top-flight\nteam FC Wels ensued in 2007, and a couple of years later Hadzic\nrepresented Austria at U-19 level.", "As either an attacking midfielder or on the wing, Hadzic starred\nfor Ried in domestic competitions and the UEFA Cup, before a move\nto prestigious Sturm Graz in 2013.", "He hit four goals and double figures in assists in 31 league\nappearances in his debut season for the club, in which they\nfinished fourth in the Austrian Bundesliga.", "Hadzic declared his interest in representing Bosnia-Herzegovina\nrather than Austria in 2013, and got his maiden call-up from Safet\nSusic just in time for Brazil 2014."], "bibnum":21, "fieldpos":3, "webname":"Anel HADZIC", "webnamealt":"HADŽIĆ", "surname":"HADŽIC", "shirtname":"HADŽIĆ", "playerletter":"H,H", "birthdate":"1989-08-16 00:00:00", "clubname":"SK Sturm Graz", "idclub":1895265}