{"idcupseason":251164, "idteam":43935, "teamname":"Belgium", "countrycode":"BEL", "idplayer":375523, "description":["Boasting a CV that features a UEFA Champions League title, a\nUEFA Super Cup, three Bundesliga crowns, three German Cups and a\nFIFA Club World Cup title, Daniel Van Buyten is one of the most\nsuccessful Belgian players in history.", "The imposing centre-back, whose experience, passing accuracy and\nnatural defensive qualities have blended well with the talent and\nenthusiasm of his younger team-mates, is also a mainstay of the\nnational team.", "\n", "\nThe son of Franz Van Buyten, a renowned Belgian wrestler, he\nstarted out at Charleroi in 1997, spending two seasons with ", " and speedily developing into a highly regarded and\ntalented centre-half. Following a further two convincing seasons\nwith Standard Liege, he joined Marseille.", "Continuing to impress at the Stade Velodrome, Van Buyten found\nhimself the subject of constant transfer speculation. After a brief\nspell on loan at Manchester City and two years at Hamburg, he\ncommitted himself to Bayern Munich in 2006. Eight years later, the\nBelgian international has a bulging club trophy cabinet and is now\nlooking to add to it with ", " in\nBrazil."], "bibnum":15, "fieldpos":2, "webname":"Daniel VAN BUYTEN", "webnamealt":"VAN BUYTEN", "surname":"VAN BUYTEN", "shirtname":"VAN BUYTEN", "playerletter":"V,V", "birthdate":"1978-02-07 00:00:00", "clubname":"FC Bayern Muenchen", "idclub":1914810}