{"idcupseason":251164, "idteam":43938, "teamname":"Croatia", "countrycode":"CRO", "idplayer":375518, "description":["In recent years, Mario Mandzukic has developed into one of the\nworld’s leading strikers. He showed signs of this potential at UEFA\nEURO 2012, where he was one of the top goalscorers of the group\nstage, but Mandzukic was unable to prevent the ", "’s\nearly exit from the competition.", "After the tournament, Mandzukic transferred from Bundesliga\noutfit Wolfsburg to record national champions Bayern Munich,\nbecoming one of the outstanding performers and most prolific\nscorers in his first season with the German giants. He played a\nmajor part in Bayern’s unprecedented treble of league, German Cup\nand UEFA Champions League and became the first Croatian to find the\nnet in the final of Europe’s premier club competition when he\nscored against Borussia Dortmund at Wembley in May 2013 – a goal\nthat set his team on the way to victory.", "The UEFA Supercup and FIFA Club World Cup titles capped an\nhistoric year for both Bayern and Mandzukic, who was voted\nCroatia’s Player of the Year in 2012 and 2013 and Croatia’s\nSportsman of the Year in 2013. It is hard to imagine the Croatian\nnational team without the 27-year-old. Mandzukic was the only\nplayer, alongside Stipe Pletikosa, to appear in every single one of\nCroatia’s qualifying games for the 2014 FIFA World Cup™, including\nthe play-offs.", "He was also the ", "’s top scorer with four goals,\nand it was Mandzukic who helped seal qualification with the opening\ngoal in the 27th minute of the 2-0 second-leg play-off victory\nover Iceland. Only 11 minutes after his strike, however, Mandzukic\nreceived a straight red card and will miss Croatia’s opening match\nof the tournament – against the hosts Brazil."], "bibnum":17, "fieldpos":4, "webname":"Mario MANDZUKIC", "webnamealt":"MANDŽUKIĆ", "surname":"MANDŽUKIC", "shirtname":"MANDŽUKIĆ", "playerletter":"M,M", "birthdate":"1986-05-21 00:00:00", "clubname":"FC Bayern Muenchen", "idclub":1914810}