{"idcupseason":251164, "idteam":43860, "teamname":"Ghana", "countrycode":"GHA", "idplayer":376071, "description":["A compact goalkeeper with quick reflexes and experience, Dauda\nis a natural fit in the ultra-athletic Ghana backline.  He was\na bit-part player for the Black Stars until the beginning of 2013,\nwhen he suddenly found himself thrust into the top position at the\nCAF Africa Cup of Nations. He was the most-used goalkeeper in the\n2014 FIFA World Cup Brazil™ qualifiers too, lining up in the\nall-important 6-1 thrashing of Egypt that all but guaranteed the\nwest Africans their third consecutive appearance at the world\nfinals.", "\n", "\nThe 29-year-old joined South African club Orlando Pirates at the\nstart of the 2013/14 season, but he had to wait nearly half a year\nbefore appearing in his first competitive match for the Buccaneers.\nAnd though he acquitted himself well, there remain calls in the\nwest African country for a move to a club where he could secure\nregular playing time."], "bibnum":16, "fieldpos":1, "webname":"Fatawu DAUDA", "webnamealt":"DAUDA", "surname":"DAUDA", "shirtname":"DAUDA", "playerletter":"D,D", "birthdate":"1985-04-06 00:00:00", "clubname":"Orlando Pirates", "idclub":44235}