{"idcupseason":251164, "idteam":44037, "teamname":"Bosnia and Herzegovina", "countrycode":"BIH", "idplayer":376230, "description":["Sead Kolasinac is the left-back who represented Germany at\nvarious youth levels before rejecting the chance to pursue a senior\ninternational career with the three-time FIFA World Cup™ winners in\norder to accept a call-up from Bosnia-Herzegovina.", "Kolasinac was born in Germany to Bosniak parents, and played for\nKarlsruher, Hoffenheim and Stuttgart at youth level before finally\nsettling at Schalke.", "He made his Bundesliga and UEFA Champions League debuts as a\nteenager in 2012, but it was in the 2013/14 that he made a\nfirst-team place his own. Indeed, in Schalke’s final Group E game\nin the Champions League – one they had to win to reach the knockout\nphase – he produced an infallible performance to neutralize Basel\ndangerman Mohamed Salah and help Die Königsblauen to a 2-0\nvictory.", "\nKolasinac, a tough-tackling defender who is comfortable in\npossession, wore the white of Germany at U-18, U-19 and U-20 level.\nHowever, he accepted an invitation to play senior international\nfootball for Bosnia-Herzegovina in late 2013 – something his father\nsaid was always his dream – and made his debut in a friendly\nagainst Argentina."], "bibnum":5, "fieldpos":2, "webname":"Sead KOLASINAC", "webnamealt":"KOLAŠINAC", "surname":"KOLAŠINAC", "shirtname":"KOLAŠINAC", "playerletter":"K,K", "birthdate":"1993-06-20 00:00:00", "clubname":"FC Schalke 04", "idclub":36721}