{"idcupseason":251164, "idteam":43843, "teamname":"Algeria", "countrycode":"ALG", "idplayer":376285, "description":["Having proved his worth in French Ligue 1 for the last two\nyears, Reims full-back Aissa Mandi is one of the newest members of\nVahid Halilhodzic's Algeria squad. Born to Algerian parents in\nthe French town of Chalons-en-Champagne in October 1991, the\ndefender entered the Reims youth set-up at the age of nine. Ten\nyears later, he began his professional career with the club in the\nreserves, breaking through into the first team in 2010/11. He then\nmade 26 appearances as he helped the club earn promotion from Ligue\n2 the following season.", "Physically imposing at 6'1, Mandi played 31 games in the top\nflight this term as Reims finished 11th. His performances did not\ngo unnoticed by Halilhodzic, who called him up for the first time\nin March for a friendly against Slovenia."], "bibnum":20, "fieldpos":2, "webname":"Aissa MANDI", "webnamealt":"MANDI", "surname":"MANDI", "shirtname":"MANDI", "playerletter":"M,M", "birthdate":"1991-10-22 00:00:00", "clubname":"Stade de Reims", "idclub":2000006710}