{"idcupseason":251164, "idteam":43963, "teamname":"Portugal", "countrycode":"POR", "idplayer":376349, "description":["Fans at Lisbon’s Alvalade Stadium are used to cheering on great\nidols, and in 2013/14 they witnessed the meteoric rise of a new\nSporting and Portugal star, William Carvalho.", "Always one step ahead of his peers, William was born in Angola,\nwent to Portugal as a boy and did not waste time in showing he was\na footballer of the highest calibre.", "After watching him play for minnows Clube Mira Sintra, Benfica\ntried to sign him, but William was from a family of Sporting\nsupporters so he preferred to bide his time and wait for the green\nand whites to come calling. And so they did. Aurelio Pereira, the\nscout who had brought talents such as Luis Figo, Simao Sabrosa,\nNani and Cristiano Ronaldo to the Alvalade, presented the club with\na new diamond.", "In contrast to his illustrious predecessors, it is not on the\nwings that William shines, and speed is not his number one asset.\nAn imposing physical presence, William is a brilliant holding\nmidfielder, showing calmness and maturity beyond his 22 years.", "After a year and a half on loan at Belgian outfit Cercle Brugge,\nhe was a surprise inclusion in Sporting’s first-team squad ahead of\nthe 2013/14 season, but after a handful of matches nobody doubted\nhis ability. He was simply sensational in Leonardo Jardim’s team\nand also played an important role in helping Portugal win the World\nCup play-off. The quality and talent of William Carvalho can now be\nwitnessed on the biggest stage of all, at the 2014 FIFA World Cup\nBrazil™. "], "bibnum":6, "fieldpos":3, "webname":"WILLIAM", "webnamealt":"WILLIAM", "surname":"SILVA CARVALHO", "shirtname":"WILLIAM", "playerletter":"W,W", "birthdate":"1992-04-07 00:00:00", "clubname":"Sporting CP", "idclub":1939310}