{"idcupseason":251164, "idteam":43954, "teamname":"Italy", "countrycode":"ITA", "idplayer":378836, "description":["Marco Parolo is a central midfielder who enjoys advancing up the\npitch and can strike a vicious shot with both feet. First taught\nthe ropes at Como, he made his first-team debut with the Lombardy\noutfit in the third division but had to leave after the club went\nbankrupt. Parolo then spent several seasons passing from one club\nto the next without being given time to demonstrate his true\nability.", "\n", "\nHe eventually found stability at Cesena, where coach Pierpaolo\nBisoli brought him under his wing in 2009. The switch was a\nsuccess, and on 29 March 2011 Parolo made his Italy debut in a 2-0\nfriendly win against Ukraine, coming off the bench in place of\nClaudio Marchisio.", "Cesena's relegation from the top flight hindered his progress,\nbut he signed for Parma in 2012 and Cesare Prandelli proved he had\nnot forgotten the midfielder when he called him up again for the\n2-2 draw against Nigeria on 18 November last year. Winning his\nsecond cap, Parolo came on for Thiago Motta."], "bibnum":18, "fieldpos":3, "webname":"Marco PAROLO", "webnamealt":"PAROLO", "surname":"PAROLO", "shirtname":"PAROLO", "playerletter":"P,P", "birthdate":"1985-01-25 00:00:00", "clubname":"Parma FC", "idclub":34551}