{"idcupseason":251164, "idteam":43976, "teamname":"Australia", "countrycode":"AUS", "idplayer":379165, "description":["Coach Ange Postecoglou is renowned for his left-field selections\nbut few have been as unexpected as 21-year-old central defender\nBailey Wright. With the heart of defence a major problem area for\nthe Socceroos, the Melbourne-raised youngster received the call-up\nafter two consistent seasons at third-tier English club Preston\nNorth End.", "Wright featured for the Joeys as Australia failed to qualify for\nthe 2009 FIFA U-17 World Cup, however national team honours eluded\nhim until his surprise naming in Postecoglou’s provisional 30-man\nsquad last month for Brazil.", "A tall and powerfully built player, Wright is renowned for his\naerial ability both in defence and in attack from set-pieces. His\nleadership skills have been recognised at Deepdale where he has\nworn the captain’s armband on several occasions despite his youth.\nWright follows in the footsteps of another central defender Joe\nMarston, the pioneering Australian who played in the 1954 FA Cup\nfinal for Preston and just last year was included in the club’s\nall-time XI."], "bibnum":8, "fieldpos":2, "webname":"Bailey WRIGHT", "webnamealt":"WRIGHT", "surname":"WRIGHT", "shirtname":"WRIGHT", "playerletter":"W,W", "birthdate":"1992-07-28 00:00:00", "clubname":"Preston North End FC", "idclub":1886115}