{"idcupseason":251164, "idteam":43911, "teamname":"Mexico", "countrycode":"MEX", "idplayer":379264, "description":["Known as ", " (The\nLittle Rooster), Jose Juan Vazquez is an uncompromising defensive\nmidfielder who played a fundamental part in Leon’s recent rise from\nsecond-division obscurity to the Mexican title.", "\n", "\nThough only 164cm tall, Vazquez is as tough as they come and fights\nfor every ball. Capable of maintaining his intensity over 90\nminutes, thanks to his powerful legs, the indefatigable midfielder\nis also the tightest of markers and a skilled\nball-winner. ", "\n", "\nThe Leon man brings fight and determination to a position that no\none has been able to make their own in the Mexico side, and also\nhas a perfect understanding with his club-mates Carlos Pena and\nLuis Montes, both of whom look set for starting places at Brazil\n2014. It would come as no surprise, then, to see ", "\ncoach Miguel Herrera put his faith in a midfield unit that has\nenjoyed no little success on the domestic scene in the last few\nseasons."], "bibnum":23, "fieldpos":3, "webname":"Jose VAZQUEZ", "webnamealt":"J. VAZQUEZ", "surname":"VAZQUEZ GOMEZ", "shirtname":"J. VAZQUEZ", "playerletter":"V,J", "birthdate":"1988-03-14 00:00:00", "clubname":"Club Leon", "idclub":543}