{"idcupseason":251164, "idteam":43817, "teamname":"Iran", "countrycode":"IRN", "idplayer":379889, "description":["Born and raised in the United States, Steven Beitashour is among\nCarlos Queiroz's latest overseas recruits for Iran, and the only\nmember of the side to be plying his trade in the USA. Eligible to\nplay for both the land of birth or his heritage, Beitashour had\nreceived invitations from both Queiroz and USA boss Jurgen\nKlinsmann, before finally deciding to represent Iran.", "The Vancouver Whitecaps defender's debut for Iran came last\nOctober in a 2015 AFC Asian Cup qualifier against Thailand, coming\noff the bench as his side won 2-1. A month later he earned his\nfirst full cap in the second leg, providing an assist for Reza\nGhoochannejhad as they prevailed 3-0 to seal qualification.", "Beitashour started as an amateur with San Diego State Aztecs in\n2005 and joined Major League Soccer side San Jose Earthquakes in\n2010. Aside from fulfilling his defensive tasks from right-back, he\nhas impressed with his attacking flair, providing 16 assists during\nhis three years with in San Jose. His solid performances saw him\nselected for the 2012 MLS All-Star Team, playing 90 minutes in a\nfriendly with English Premier League side Chelsea, triumphing 3-2.\nHe then made the move to Canada at the start of this year, joining\nup with the Whitecaps."], "bibnum":20, "fieldpos":2, "webname":"Steven BEITASHOUR", "webnamealt":"BEITASHOUR", "surname":"BEITASHOUR", "shirtname":"BEITASHOUR", "playerletter":"B,B", "birthdate":"1987-02-01 00:00:00", "clubname":"Vancouver Whitecaps FC", "idclub":1890414}