{"idcupseason":251164, "idteam":43817, "teamname":"Iran", "countrycode":"IRN", "idplayer":379886, "description":["At 20-years-old, Alireza Jahan Bakhsh comes to Brazil as the\nyoungest player in Carlos Queiroz's Iran squad. Despite his tender\nage, though, the talented midfielder has been heralded as one of\nthe country's most promising stars.", "Jahan Bakhsh exploded on the Asian scene in the 2012 AFC U-19\nChampionship, skippering Iran through a tough group featuring\nJapan, Kuwait and United Arab Emirates to reach the last eight. In\nthe process, he opened the scoring in a 1-1 draw against UAE, a\nresult which helped them finish ahead of their three rivals with an\nundefeated record. It was his eye-catching displays during the\nAsian youth competition that convinced a watching scout from NEC\nNijmegen to snap him up for the Dutch side last year.", "The winger continued his good form with NEC in the Dutch\nEredivisie and his brilliant performances didn't go unnoticed by\nQueiroz, who called him up to the national team soon after.\nFollowing his debut for Iran – as a substitute in a 2015 AFC Asian\nCup qualifier against Thailand last October – he went on to score\nhis first international goal when he sealed a 3-0 return-leg\nvictory against the same opponents with a stoppage-time strike a\nmonth later."], "bibnum":9, "fieldpos":4, "webname":"Alireza JAHAN BAKHSH", "webnamealt":"ALIREZA", "surname":"JAHAN BAKHSH JIRANDEH", "shirtname":"ALIREZA", "playerletter":"J,A", "birthdate":"1993-08-11 00:00:00", "clubname":"NEC Nijmegen", "idclub":1885188}