{"idcupseason":251164, "idteam":43925, "teamname":"Chile", "countrycode":"CHI", "idplayer":379894, "description":["Born in Stockholm to a Chilean father\nand Finnish mother, Miiko Albornoz only learned the Chilean\nnational anthem a few months ago and is still struggling to get to\ngrips with Spanish, not that ", " ", " coach Jorge\nSampaoli is too worried about all that, given the player’s\nversatility on the pitch.", "\n", "\nAlbornoz made 38 appearances for the country of his birth at youth\nlevel. However, after being invited to join the full Swedish\nnational team for a series of friendlies in December 2013, he chose\ninstead to fulfil his dream of playing for the land of his father,\ntravelling to Santiago in January to make his ", " debut\nagainst Costa Rica, an occasion he marked with a goal.", "\n", "\nAs a youngster he played for Swedish club IF Brommapojkarna,\nstarting out as an attacking midfielder and then becoming a\nfull-back or wide midfielder, capable of playing on either flank.\nIt was in those positions that he excelled for his club, with his\nperformances eventually landing him a move to Malmo in 2011. Two\nyears later he won the Swedish title and was voted the best\ndefender of the season. ", "\n", "\nThough a complete unknown in Chile, his displays had not gone\nunnoticed by Sampaoli, who was impressed by his defensive strength\nand presence going forward, and has so far used him as a wing-back\nand also as a left-sided centre half."], "bibnum":3, "fieldpos":2, "webname":"Miiko ALBORNOZ", "webnamealt":"ALBORNOZ", "surname":"ALBORNOZ INOLA", "shirtname":"ALBORNOZ", "playerletter":"A,A", "birthdate":"1990-11-30 00:00:00", "clubname":"Malmo FF", "idclub":31098}