{"idcupseason":251164, "idteam":43938, "teamname":"Croatia", "countrycode":"CRO", "idplayer":380000, "description":["It may be the taking part in 2014 FIFA World Cup Brazil™ that\ncounts most for Marcelo Brozovic, a 21-year-old who has been a\nfixture of Croatia teams at youth level, making over 20\nappearances, but is yet to represent his country’s senior team.", "He faces stiff competition from the likes of Luka Modric, Ivan\nRakitic and Sammir for a place in central midfield at Brazil 2014,\nmeaning that he will likely be restricted to a substitute’s role.\nYet even that will represent a major success for a player with no\nexperience of senior international football.", "Brozovic plays his club football at Dinamo Zagreb, whom he\njoined in 2012 on a seven-year contract, following spells at\nLokomotiva Zagreb and his hometown outfit Hrvatski Dragovoljac. The\npopular feeling back home is that he has massive potential, and\nmight just be one of the big surprises at the showpiece finals in\nBrazil."], "bibnum":14, "fieldpos":3, "webname":"Marcelo BROZOVIC", "webnamealt":"BROZOVIĆ", "surname":"BROZOVIC", "shirtname":"BROZOVIĆ", "playerletter":"B,B", "birthdate":"1992-11-16 00:00:00", "clubname":"GNK Dinamo Zagreb", "idclub":309}