{"idcupseason":251164, "idteam":43909, "teamname":"Honduras", "countrycode":"HON", "idplayer":380009, "description":["Luis Lopez is making the trip to\nBrazil at the age of only 20. Though the youngster is Honduras’\nthird-choice keeper, the experience of travelling to the world\nfinals and sharing a dressing room with Noel Valladares and Donis\nEscober will stand him in good stead for what lies ahead in his\npromising career.", "\n", "\nThe young custodian owes his commanding presence in the air to his\nheight and the spring in his powerful legs. Solid and dependable\nwhen it comes to cutting out deliveries from set-pieces, he also\npossesses excellent reflexes, making him hard to beat from close\nrange.", "\n", "\nAfter starting his career with Platense Junior, he signed for his\ncurrent employers Real Espana in 2012, and though it took him some\ntime to win a regular first-team slot, plaudits have been steadily\ncoming his way ever since. His first call-up in March this year was\nwell received by Honduras fans, as was his appearance in the 23-man\nlist for Brazil 2014.", "\n", "\nA firm believer in God, Lopez is regarded by many as ", " future No1, though he is content to keep a low profile and\nfollow his mother’s advice: “Always be humble in everything you\ndo.”"], "bibnum":1, "fieldpos":1, "webname":"Luis LOPEZ", "webnamealt":"LOPEZ", "surname":"LOPEZ FERNANDEZ", "shirtname":"LOPEZ", "playerletter":"L,L", "birthdate":"1993-09-13 00:00:00", "clubname":"Real Espana", "idclub":440}