{"idcupseason":251164, "idteam":43948, "teamname":"Germany", "countrycode":"GER", "idplayer":380069, "description":["He remains an unknown quantity on the international stage but in\nGermany, Christoph Kramer is fast becoming a household name.\nBoasting stamina rivalled by few others in the Bundesliga, the\n23-year-old made a central midfield berth his own at Borussia\nMonchengladbach in 2013/14 and emerged as a star in his own\nright.", "Even after regular Germany midfielders Ilkay Gundogan and Lars\nBender were ruled out of the 2014 FIFA World Cup Brazil™ with\ninjury, few expected Kramer to somehow play himself into contention\nfor the final 23-man squad. The Solinger-born man proved the\ndoubters wrong, however, earning plaudits from all angles and\nfighting his way on to the plane to Brazil.", "A youth team player at Bayer 04 Leverkusen and Fortuna\nDusseldorf, he signed his first professional contract at Leverkusen\nin 2010. Despite appearing for Germany’s U-19 and U-20 sides, he\nstruggled for first-team action at his club, and in 2011 he decided\nto move to Bundesliga 2 club VfL Bochum on loan. It was from there\nthat his career took off, as he established himself as one of the\nsecond tier’s standout players and Germany’s hottest prospects.", "At the beginning of the 2013/14 campaign he extended his deal\nwith Leverkusen, simultaneously agreeing a loan move to traditional\npowerhouses Monchengladbach. He missed just one game all season as\nthe Foals qualified for the UEFA Europa League, and was rewarded\nwith his senior international debut in a 0-0 friendly draw with\nPoland on 13 May."], "bibnum":23, "fieldpos":3, "webname":"Christoph KRAMER", "webnamealt":"KRAMER", "surname":"KRAMER", "shirtname":"KRAMER", "playerletter":"K,K", "birthdate":"1991-02-19 00:00:00", "clubname":"Borussia Moenchengladbach", "idclub":33198}