{"idcupseason":251164, "idteam":43926, "teamname":"Colombia", "countrycode":"COL", "idplayer":94918, "description":["Faryd Mondragon was Colombia’s first-choice goalkeeper during\nthe 1998 FIFA World Cup France™, their most recent appearance on\nthe global stage. The 42-year-old has the distinction of being only\nthe second Colombian after Carlos Valderrama to have taken part in\nfive different World Cup qualifying campaigns, albeit as a non\nplaying member for three of those. ", "Mondragon first experienced FIFA’s flagship tournament as\nunderstudy to Oscar Cordoba at USA 1994 and has been part of the\nsquad for each subsequent qualifying campaign except that of South\nAfrica 2010. And while he did not accrue any playing time on the\nroad to Brazil, his imposing physique and personality mean he\ncontinues to be as commanding in the box as ever. ", "Mondragon brings vast experience to the current\n", " squad, something coach Jose Pekerman values\nhighly, not least because ", " (The Turk) is the only\nsquad member to have previously competed at a World Cup. ", "The keeper’s 24-year professional career has taken him to\nvarious corners of the globe, with spells at Independiente in\nArgentina, Galatasaray in Turkey and FC Koln in Germany, among\nothers. If there is one team that defines him, however, it is\nDeportivo Cali – the club where he made his debut at 19 and where\nhe is again a key player today.", "For the evergreen shot-stopper, a third World Cup would be a\nfitting end to a long and successful career."], "bibnum":22, "fieldpos":1, "webname":"Faryd MONDRAGON", "webnamealt":"", "surname":"MONDRAGON ALY", "shirtname":"MONDRAGON", "playerletter":"M,M", "birthdate":"1971-06-21 00:00:00", "clubname":"Deportivo Cali", "idclub":1916915}