<?xml version="1.0" encoding="UTF-8"?><html xmlns:wmd="http://wmdemo.ml.com/data" xmlns="http://www.w3.org/1999/xhtml"><head><meta name="generator" content="HTML Tidy for Linux (vers 24 July 2007), see www.w3.org"/><title></title></head><body>
<div class="col-xs-6 clear-grid">
<div class="stats-team-attackingattempts">
<div class="generic-chart-block">
<div class="generic-doughnut-chart">
<div class="chart-teamattackingattempts chart-item" data-attr="doughnut-teamattackingattempts" data-require="chart" data-attrclass="d-statChart-teamattackingattempts-attempts_off_target,d-statChart-teamattackingattempts-attempts_on_target_save,d-statChart-teamattackingattempts-attempts_on_target_blocked,d-statChart-teamattackingattempts-goals_scored">
<div class="d-statChart-teamattackingattempts-attempts_off_target breakdown-1 hidden">
</div>
<div class="d-statChart-teamattackingattempts-attempts_on_target_save breakdown-2 hidden">
</div>
<div class="d-statChart-teamattackingattempts-attempts_on_target_blocked breakdown-3 hidden">
</div>
<div class="d-statChart-teamattackingattempts-goals_scored breakdown-4 hidden">
</div>
<script type="chart-data">

          [

          {"value":24,"color" : "#000000"},{"value":11,"color" : "#000000"},{"value":6,"color" : "#000000"},{"value":5,"color" : "#000000"}
          ]

</script> 
<div class="chart-data">
<div class="chart-data-wrap"><span class="chart-num">46</span><span class="chart-text">Attempts</span></div>
</div>
</div>
</div>
<div class="legend">
<ul><li><span class="sbullet back-1"> </span> <span class="data">24</span><span class="description">Attempts Off-Target</span></li><li><span class="sbullet back-2"> </span> <span class="data">11</span><span class="description">Shots saved</span></li><li><span class="sbullet back-3"> </span> <span class="data">6</span><span class="description">Shots blocked</span></li><li><span class="sbullet back-4"> </span> <span class="data">5</span><span class="description">Goals scored</span></li><li class="stats-average"><span class="description">Tournament average</span> <span class="data">41.2</span></li></ul>
</div>
</div>
</div>
</div>
<div class="col-xs-6">
<table class="table">
<tr><td></td><td>Mexico</td><td>Tournament average</td></tr>
<tr id="4000052" class="run_penalty_area"><td>Dribble into penalty area</td><td class="num">6</td><td class="num">8.9</td></tr>
<tr id="4000044" class="delivery_goal_area"><td>Deliveries in Penalty area</td><td class="num">4</td><td class="num">2.6</td></tr>
<tr id="8000136" class="crosses_attempted"><td>Crosses</td><td class="num">60</td><td class="num">58.4</td></tr>
<tr id="8000076" class="crosses_completed"><td>Crosses Completed</td><td class="num">14</td><td class="num">13.8</td></tr>
<tr id="4000042" class="offside"><td>Offsides</td><td class="num">7</td><td class="num">6.7</td></tr>
</table>
</div>
</body></html>