<?xml version="1.0" encoding="UTF-8"?><html xmlns:wmd="http://wmdemo.ml.com/data" xmlns="http://www.w3.org/1999/xhtml"><head><meta name="generator" content="HTML Tidy for Linux (vers 24 July 2007), see www.w3.org"/><title></title></head><body>
<div class="col-xs-6 clear-grid">
<div class="stats-team-passingpasses">
<div class="generic-chart-block">
<div class="generic-doughnut-chart">
<div class="chart-teampassingpasses chart-item" data-attr="doughnut-teampassingpasses" data-require="chart" data-attrclass="d-statChart-teampassingpasses-medium_passes_completed,d-statChart-teampassingpasses-short_passes_completed,d-statChart-teampassingpasses-long_passes_completed">
<div class="d-statChart-teampassingpasses-medium_passes_completed breakdown-1 hidden">
</div>
<div class="d-statChart-teampassingpasses-short_passes_completed breakdown-2 hidden">
</div>
<div class="d-statChart-teampassingpasses-long_passes_completed breakdown-3 hidden">
</div>
<script type="chart-data">

          [

          {"value":714,"color" : "#000000"},{"value":276,"color" : "#000000"},{"value":160,"color" : "#000000"}
          ]

</script> 
<div class="chart-data">
<div class="chart-data-wrap"><span class="chart-num">1150</span><span class="chart-text">Passes</span></div>
</div>
</div>
</div>
<div class="legend">
<ul><li><span class="sbullet back-1"> </span> <span class="data">276</span><span class="description">Short Passes complete</span></li><li><span class="sbullet back-2"> </span> <span class="data">714</span><span class="description">Medium Passes complete</span></li><li><span class="sbullet back-3"> </span> <span class="data">160</span><span class="description">Long Passes complete</span></li><li class="stats-average"><span class="description">Tournament average</span> <span class="data">1153</span></li></ul>
</div>
</div>
</div>
</div>
<div class="col-xs-6">
<table class="table">
<tr><td></td><td>Korea Republic</td><td>Tournament average</td></tr>
<tr id="8000136" class="crosses_attempted"><td>Crosses</td><td class="num">52</td><td class="num">54.2</td></tr>
<tr id="8000038" class="throwins"><td>Throw-ins</td><td class="num">95</td><td class="num">93.6</td></tr>
</table>
</div>
</body></html>