<?xml version='1.0' encoding='ISO-8859-1'?>
<rdf:RDF
  xmlns:rdf='http://www.w3.org/1999/02/22-rdf-syntax-ns#'
  xmlns:NS0='http://www.daml.org/2001/12/factbook/factbook-ont#'
  xml:base="http://www.daml.org/2001/12/factbook/aa">
  <rdf:Description rdf:about='#A80'>
    <rdf:type rdf:resource='http://www.daml.org/2001/12/factbook/factbook-ont#Estimate'/>
    <NS0:year>2001</NS0:year>
  </rdf:Description>
  <rdf:Description rdf:about='#A238'>
    <NS0:year>1996</NS0:year>
  </rdf:Description>
  <rdf:Description rdf:about='#A180'>
    <rdf:type rdf:resource='http://www.daml.org/2001/12/factbook/factbook-ont#OccupationPercent'/>
    <NS0:occupation rdf:resource='http://www.daml.org/2001/12/factbook/occupations#followed_by_hotels_and_restaurants;_oil_refining'/>
  </rdf:Description>
  <rdf:Description rdf:about='#A176'>
    <rdf:type rdf:resource='http://www.daml.org/2001/12/factbook/factbook-ont#OccupationPercent'/>
    <NS0:occupation rdf:resource='http://www.daml.org/2001/12/factbook/occupations#most_employment_is_in_wholesale_and_retail_trade_and_repair'/>
  </rdf:Description>
  <rdf:Description rdf:about='#A170'>
    <rdf:type rdf:resource='http://www.daml.org/2001/12/factbook/factbook-ont#Estimate'/>
    <NS0:year>2000</NS0:year>
  </rdf:Description>
  <rdf:Description rdf:about='#A274'>
    <rdf:type rdf:resource='http://www.daml.org/2001/12/factbook/factbook-ont#Estimate'/>
    <NS0:year>2000</NS0:year>
  </rdf:Description>
  <rdf:Description rdf:about='#A254'>
    <NS0:year>1997</NS0:year>
  </rdf:Description>
  <rdf:Description rdf:about='#A250'>
    <NS0:year>1997</NS0:year>
  </rdf:Description>
  <rdf:Description rdf:about='#A161'>
    <rdf:type rdf:resource='http://www.daml.org/2001/12/factbook/factbook-ont#Estimate'/>
    <NS0:year>2000</NS0:year>
  </rdf:Description>
  <rdf:Description rdf:about='#A144'>
    <rdf:type rdf:resource='http://www.daml.org/2001/12/factbook/factbook-ont#CapitalCity'/>
    <NS0:name>Oranjestad</NS0:name>
  </rdf:Description>
  <rdf:Description rdf:about='#A252'>
    <NS0:year>1997</NS0:year>
  </rdf:Description>
  <rdf:Description rdf:about='#A134'>
    <rdf:type rdf:resource='http://www.daml.org/2001/12/factbook/factbook-ont#LanguagePercent'/>
    <NS0:language rdf:resource='http://www.daml.org/2001/12/factbook/languages#Spanish'/>
  </rdf:Description>
  <rdf:Description rdf:about='#A132'>
    <NS0:note>widely spoken</NS0:note>
  </rdf:Description>
  <rdf:Description rdf:about='#A129'>
    <rdf:type rdf:resource='http://www.daml.org/2001/12/factbook/factbook-ont#LanguagePercent'/>
    <NS0:language rdf:resource='http://www.daml.org/2001/12/factbook/languages#English'/>
  </rdf:Description>
  <rdf:Description rdf:about='#A124'>
    <rdf:type rdf:resource='http://www.daml.org/2001/12/factbook/factbook-ont#LanguagePercent'/>
    <NS0:language rdf:resource='http://www.daml.org/2001/12/factbook/languages#Papiamento'/>
  </rdf:Description>
  <rdf:Description rdf:about='#A119881'>
    <rdf:type rdf:resource='http://www.daml.org/2001/12/factbook/factbook-ont#CountryPercent'/>
    <NS0:country rdf:resource='http://www.daml.org/2001/09/countries/fips#JA'/>
  </rdf:Description>
  <rdf:Description rdf:about='#A119'>
    <rdf:type rdf:resource='http://www.daml.org/2001/12/factbook/factbook-ont#LanguagePercent'/>
    <NS0:language rdf:resource='http://www.daml.org/2001/12/factbook/languages#Dutch'/>
  </rdf:Description>
  <rdf:Description rdf:about='#A119876'>
    <rdf:type rdf:resource='http://www.daml.org/2001/12/factbook/factbook-ont#CountryPercent'/>
    <NS0:country rdf:resource='http://www.daml.org/2001/09/countries/fips#NT'/>
    <NS0:percent>3</NS0:percent>
  </rdf:Description>
  <rdf:Description rdf:about='#A45'>
    <rdf:type rdf:resource='http://www.daml.org/2001/12/factbook/factbook-ont#Estimate'/>
    <NS0:year>2001</NS0:year>
  </rdf:Description>
  <rdf:Description rdf:about='#A115'>
    <rdf:type rdf:resource='http://www.daml.org/2001/12/factbook/factbook-ont#ReligionPercent'/>
    <NS0:religion rdf:resource='http://www.daml.org/2001/12/factbook/religions#Jewish'/>
  </rdf:Description>
  <rdf:Description rdf:about='#A119871'>
    <rdf:type rdf:resource='http://www.daml.org/2001/12/factbook/factbook-ont#CountryPercent'/>
    <NS0:country rdf:resource='http://www.daml.org/2001/09/countries/fips#NL'/>
    <NS0:percent>11</NS0:percent>
  </rdf:Description>
  <rdf:Description rdf:about='#A122'>
    <NS0:note>official</NS0:note>
  </rdf:Description>
  <rdf:Description rdf:about='#A111'>
    <rdf:type rdf:resource='http://www.daml.org/2001/12/factbook/factbook-ont#ReligionPercent'/>
    <NS0:religion rdf:resource='http://www.daml.org/2001/12/factbook/religions#Confucian'/>
  </rdf:Description>
  <rdf:Description rdf:about='#A83'>
    <rdf:type rdf:resource='http://www.daml.org/2001/12/factbook/factbook-ont#Estimate'/>
    <NS0:year>2001</NS0:year>
  </rdf:Description>
  <rdf:Description rdf:about='#A164'>
    <rdf:type rdf:resource='http://www.daml.org/2001/12/factbook/factbook-ont#Estimate'/>
    <NS0:year>2000</NS0:year>
  </rdf:Description>
  <rdf:Description rdf:about='#A77'>
    <rdf:type rdf:resource='http://www.daml.org/2001/12/factbook/factbook-ont#Estimate'/>
    <NS0:year>2001</NS0:year>
  </rdf:Description>
  <rdf:Description rdf:about='#A119866'>
    <rdf:type rdf:resource='http://www.daml.org/2001/12/factbook/factbook-ont#CountryPercent'/>
    <NS0:country rdf:resource='http://www.daml.org/2001/09/countries/fips#US'/>
    <NS0:percent>63</NS0:percent>
  </rdf:Description>
  <rdf:Description rdf:about='#A107'>
    <rdf:type rdf:resource='http://www.daml.org/2001/12/factbook/factbook-ont#ReligionPercent'/>
    <NS0:religion rdf:resource='http://www.daml.org/2001/12/factbook/religions#Muslim'/>
  </rdf:Description>
  <rdf:Description rdf:about='#A245'>
    <NS0:year>1997</NS0:year>
  </rdf:Description>
  <rdf:Description rdf:about='#A127'>
    <NS0:note>a Spanish, Portuguese, Dutch, English dialect</NS0:note>
  </rdf:Description>
  <rdf:Description rdf:about='#A103'>
    <rdf:type rdf:resource='http://www.daml.org/2001/12/factbook/factbook-ont#ReligionPercent'/>
    <NS0:religion rdf:resource='http://www.daml.org/2001/12/factbook/religions#Hindu'/>
  </rdf:Description>
  <rdf:Description rdf:about='#A119860'>
    <rdf:type rdf:resource='http://www.daml.org/2001/12/factbook/factbook-ont#CountryPercent'/>
    <NS0:country rdf:resource='http://www.daml.org/2001/09/countries/fips#NL'/>
    <NS0:percent>12</NS0:percent>
  </rdf:Description>
  <rdf:Description rdf:about='#A98'>
    <rdf:type rdf:resource='http://www.daml.org/2001/12/factbook/factbook-ont#ReligionPercent'/>
    <NS0:religion rdf:resource='http://www.daml.org/2001/12/factbook/religions#Protestant'/>
    <NS0:percent>8</NS0:percent>
  </rdf:Description>
  <rdf:Description rdf:about='#A119855'>
    <rdf:type rdf:resource='http://www.daml.org/2001/12/factbook/factbook-ont#CountryPercent'/>
    <NS0:country rdf:resource='http://www.daml.org/2001/09/countries/fips#CO'/>
    <NS0:percent>20</NS0:percent>
  </rdf:Description>
  <rdf:Description rdf:about='#A119850'>
    <rdf:type rdf:resource='http://www.daml.org/2001/12/factbook/factbook-ont#CountryPercent'/>
    <NS0:country rdf:resource='http://www.daml.org/2001/09/countries/fips#US'/>
    <NS0:percent>42</NS0:percent>
  </rdf:Description>
  <rdf:Description rdf:about='#A93'>
    <rdf:type rdf:resource='http://www.daml.org/2001/12/factbook/factbook-ont#ReligionPercent'/>
    <NS0:religion rdf:resource='http://www.daml.org/2001/12/factbook/religions#Roman_Catholic'/>
    <NS0:percent>82</NS0:percent>
  </rdf:Description>
  <rdf:Description rdf:about='#A88'>
    <rdf:type rdf:resource='http://www.daml.org/2001/12/factbook/factbook-ont#EthnicGroupPercent'/>
    <NS0:ethnicGroup rdf:resource='http://www.daml.org/2001/12/factbook/ethnicGroups#mixed_white_Caribbean_Amerindian'/>
    <NS0:percent>80</NS0:percent>
  </rdf:Description>
  <rdf:Description rdf:about='#A119864'>
    <NS0:note>1999</NS0:note>
  </rdf:Description>
  <rdf:Description rdf:about='#A277'>
    <rdf:type rdf:resource='http://www.daml.org/2001/12/factbook/factbook-ont#AirportBreakdown'/>
    <NS0:paved>true</NS0:paved>
    <NS0:minRunway>2438</NS0:minRunway>
    <NS0:maxRunway>3047</NS0:maxRunway>
    <NS0:count>1 (2000 est.)</NS0:count>
  </rdf:Description>
  <rdf:Description rdf:about='#A119884'>
    <NS0:note>1999</NS0:note>
  </rdf:Description>
  <rdf:Description rdf:about='#A39'>
    <rdf:type rdf:resource='http://www.daml.org/2001/12/factbook/factbook-ont#Estimate'/>
    <NS0:note>July 2001</NS0:note>
  </rdf:Description>
  <rdf:Description rdf:about='#A270'>
    <rdf:type rdf:resource='http://www.daml.org/2001/12/factbook/factbook-ont#Port'/>
    <NS0:name>Sint Nicolaas</NS0:name>
  </rdf:Description>
  <rdf:Description rdf:about='#A266'>
    <rdf:type rdf:resource='http://www.daml.org/2001/12/factbook/factbook-ont#Port'/>
    <NS0:name>Oranjestad</NS0:name>
  </rdf:Description>
  <rdf:Description rdf:about='#A74'>
    <rdf:type rdf:resource='http://www.daml.org/2001/12/factbook/factbook-ont#SexRatioBreakdown'/>
    <NS0:ratio>0.93</NS0:ratio>
  </rdf:Description>
  <rdf:Description rdf:about='#A184'>
    <rdf:type rdf:resource='http://www.daml.org/2001/12/factbook/factbook-ont#Estimate'/>
    <NS0:year>1999</NS0:year>
  </rdf:Description>
  <rdf:Description rdf:about='#A262'>
    <rdf:type rdf:resource='http://www.daml.org/2001/12/factbook/factbook-ont#Port'/>
    <NS0:name>Barcadera</NS0:name>
  </rdf:Description>
  <rdf:Description rdf:about='#A69'>
    <rdf:type rdf:resource='http://www.daml.org/2001/12/factbook/factbook-ont#SexRatioBreakdown'/>
    <NS0:minAge>65</NS0:minAge>
    <NS0:ratio>0.71</NS0:ratio>
  </rdf:Description>
  <rdf:Description rdf:about='#A48'>
    <rdf:type rdf:resource='http://www.daml.org/2001/12/factbook/factbook-ont#Estimate'/>
    <NS0:year>2001</NS0:year>
  </rdf:Description>
  <rdf:Description rdf:about='http://www.daml.org/2001/09/countries/fips#AA'>
    <NS0:background>Discovered and claimed for Spain in 1499, Aruba was acquired by the Dutch in 1636. The island&apos;s economy has been dominated by three main industries. A 19th century gold rush was followed by prosperity brought on by the opening in 1924 of an oil refinery. The last decades of the 20th century saw a boom in the tourism industry. Aruba seceded from the Netherlands Antilles in 1986 and became a separate, autonomous member of the Kingdom of the Netherlands. Movement toward full independence was halted at Aruba&apos;s request in 1990.</NS0:background>
    <NS0:location>Caribbean, island in the Caribbean Sea, north of Venezuela</NS0:location>
    <NS0:geographicCoordinates rdf:resource='#A3'/>
    <NS0:mapReferences>Central America and the Caribbean</NS0:mapReferences>
    <NS0:totalArea>193</NS0:totalArea>
    <NS0:landArea>193</NS0:landArea>
    <NS0:waterArea>0</NS0:waterArea>
    <NS0:comparativeArea>slightly larger than Washington, DC</NS0:comparativeArea>
    <NS0:coastline>68.5</NS0:coastline>
    <NS0:territorialSea>12</NS0:territorialSea>
    <NS0:climate>tropical marine; little seasonal temperature variation</NS0:climate>
    <NS0:terrain>flat with a few hills; scant vegetation</NS0:terrain>
    <NS0:lowestPoint rdf:resource='#A17'/>
    <NS0:highestPoint rdf:resource='#A22'/>
    <NS0:naturalResource rdf:resource='http://www.daml.org/2001/12/factbook/naturalResources#NEGL;_white_sandy_beaches'/>
    <NS0:arableLand rdf:ID='A28'>7</NS0:arableLand>
    <NS0:permanentCrops>0</NS0:permanentCrops>
    <NS0:permanentPastures>0</NS0:permanentPastures>
    <NS0:forestsAndWoodland>0</NS0:forestsAndWoodland>
    <NS0:otherLandUse rdf:ID='A33'>93</NS0:otherLandUse>
    <NS0:irrigatedLand>0.01</NS0:irrigatedLand>
    <NS0:naturalHazard>lies outside the Caribbean hurricane belt</NS0:naturalHazard>
    <NS0:environmentalIssue>NA</NS0:environmentalIssue>
    <NS0:population rdf:ID='A39'>70007</NS0:population>
    <NS0:populationGrowthRate rdf:ID='A42'>0.64</NS0:populationGrowthRate>
    <NS0:birthRate rdf:ID='A45'>12.64</NS0:birthRate>
    <NS0:deathRate rdf:ID='A48'>6.21</NS0:deathRate>
    <NS0:sexRatio rdf:resource='#A51'/>
    <NS0:sexRatio rdf:resource='#A57'/>
    <NS0:sexRatio rdf:resource='#A63'/>
    <NS0:sexRatio rdf:resource='#A69'/>
    <NS0:sexRatio rdf:ID='A77' rdf:resource='#A74'/>
    <NS0:infantMortalityRate rdf:ID='A80'>6.39</NS0:infantMortalityRate>
    <NS0:totalFertilityRate rdf:ID='A83'>1.8</NS0:totalFertilityRate>
    <NS0:nationalityNoun>Aruban(s)</NS0:nationalityNoun>
    <NS0:nationalityAdjective>Aruban; Dutch</NS0:nationalityAdjective>
    <NS0:ethnicGroup rdf:resource='#A88'/>
    <NS0:religion rdf:resource='#A93'/>
    <NS0:religion rdf:resource='#A98'/>
    <NS0:religion rdf:resource='#A103'/>
    <NS0:religion rdf:resource='#A107'/>
    <NS0:religion rdf:resource='#A111'/>
    <NS0:religion rdf:resource='#A115'/>
    <NS0:language rdf:ID='A122' rdf:resource='#A119'/>
    <NS0:language rdf:ID='A127' rdf:resource='#A124'/>
    <NS0:language rdf:ID='A132' rdf:resource='#A129'/>
    <NS0:language rdf:resource='#A134'/>
    <NS0:literacyDefinition>NA</NS0:literacyDefinition>
    <NS0:literacyTotal>97</NS0:literacyTotal>
    <NS0:conventionalLongCountryName>none</NS0:conventionalLongCountryName>
    <NS0:conventionalShortCountryName>Aruba</NS0:conventionalShortCountryName>
    <NS0:dependencyStatus>part of the Kingdom of the Netherlands; full autonomy in internal affairs obtained in 1986 upon separation from the Netherlands Antilles; Dutch Government responsible for defense and foreign affairs</NS0:dependencyStatus>
    <NS0:governmentType rdf:resource='http://www.daml.org/2001/12/factbook/governmentTypes#parliamentary_democracy'/>
    <NS0:capital rdf:resource='#A144'/>
    <NS0:independence>none (part of the Kingdom of the Netherlands)</NS0:independence>
    <NS0:constitution>1 January 1986</NS0:constitution>
    <NS0:legalSystem>based on Dutch civil law system, with some English common law influence</NS0:legalSystem>
    <NS0:suffrage>18 years of age; universal</NS0:suffrage>
    <NS0:participatesIn rdf:resource='http://www.daml.org/2001/12/factbook/internationalOrganizations#Caricom'/>
    <NS0:participatesIn rdf:resource='http://www.daml.org/2001/12/factbook/internationalOrganizations#ECLAC'/>
    <NS0:participatesIn rdf:resource='http://www.daml.org/2001/12/factbook/internationalOrganizations#Interpol'/>
    <NS0:participatesIn rdf:resource='http://www.daml.org/2001/12/factbook/internationalOrganizations#IOC'/>
    <NS0:participatesIn rdf:resource='http://www.daml.org/2001/12/factbook/internationalOrganizations#UNESCO'/>
    <NS0:participatesIn rdf:resource='http://www.daml.org/2001/12/factbook/internationalOrganizations#WCL'/>
    <NS0:participatesIn rdf:resource='http://www.daml.org/2001/12/factbook/internationalOrganizations#WToO'/>
    <NS0:flagDescription>blue, with two narrow, horizontal, yellow stripes across the lower portion and a red, four-pointed star outlined in white in the upper hoist-side corner</NS0:flagDescription>
    <NS0:economyOverview>Tourism is the mainstay of the Aruban economy, although offshore banking and oil refining and storage are also important. The rapid growth of the tourism sector over the last decade has resulted in a substantial expansion of other activities. Construction has boomed, with hotel capacity five times the 1985 level. In addition, the reopening of the country&apos;s oil refinery in 1993, a major source of employment and foreign exchange earnings, has further spurred growth. Aruba&apos;s small labor force and less than 1% unemployment rate have led to a large number of unfilled job vacancies, despite sharp rises in wage rates in recent years.</NS0:economyOverview>
    <NS0:grossDomesticProduct rdf:ID='A161'>2000000000</NS0:grossDomesticProduct>
    <NS0:grossDomesticProductRealGrowth rdf:ID='A164'>3.5</NS0:grossDomesticProductRealGrowth>
    <NS0:grossDomesticProductPerCapita rdf:ID='A167'>28000</NS0:grossDomesticProductPerCapita>
    <NS0:inflationRate rdf:ID='A170'>4.2</NS0:inflationRate>
    <NS0:laborForce rdf:ID='A173'>41501</NS0:laborForce>
    <NS0:occupation rdf:resource='#A176'/>
    <NS0:occupation rdf:resource='#A180'/>
    <NS0:unemploymentRate rdf:ID='A184'>0.6</NS0:unemploymentRate>
    <NS0:budgetExpenditures>541000000</NS0:budgetExpenditures>
    <NS0:industry rdf:resource='http://www.daml.org/2001/12/factbook/industries#tourism'/>
    <NS0:industry rdf:resource='http://www.daml.org/2001/12/factbook/industries#transshipment_facilities'/>
    <NS0:industry rdf:resource='http://www.daml.org/2001/12/factbook/industries#oil_refining'/>
    <NS0:electricityProduction rdf:ID='A191'>450000000</NS0:electricityProduction>
    <NS0:electricityProductionFossilFuel>100</NS0:electricityProductionFossilFuel>
    <NS0:electricityProductionHydro>0</NS0:electricityProductionHydro>
    <NS0:electricityProductionNuclear>0</NS0:electricityProductionNuclear>
    <NS0:electricityProductionOther rdf:ID='A196'>0</NS0:electricityProductionOther>
    <NS0:electricityConsumption rdf:ID='A198'>418500000</NS0:electricityConsumption>
    <NS0:electricityExports rdf:ID='A200'>0</NS0:electricityExports>
    <NS0:electricityImports rdf:ID='A202'>0</NS0:electricityImports>
    <NS0:agricultureProduct rdf:resource='http://www.daml.org/2001/12/factbook/agricultureProducts#aloes'/>
    <NS0:agricultureProduct rdf:resource='http://www.daml.org/2001/12/factbook/agricultureProducts#livestock'/>
    <NS0:agricultureProduct rdf:resource='http://www.daml.org/2001/12/factbook/agricultureProducts#fish'/>
    <NS0:exportsCommodity rdf:resource='#A207'/>
    <NS0:exportsCommodity rdf:resource='#A211'/>
    <NS0:exportsCommodity rdf:resource='#A215'/>
    <NS0:exportsCommodity rdf:resource='#A219'/>
    <NS0:imports rdf:ID='A223'>2500000000</NS0:imports>
    <NS0:importsCommodity rdf:resource='#A226'/>
    <NS0:importsCommodity rdf:resource='#A230'/>
    <NS0:importsCommodity rdf:resource='#A234'/>
    <NS0:externalDebt rdf:ID='A238'>285000000</NS0:externalDebt>
    <NS0:currency>Aruban guilder/florin (AWG)</NS0:currency>
    <NS0:currencyCode>AWG</NS0:currencyCode>
    <NS0:fiscalYear>calendar year</NS0:fiscalYear>
    <NS0:mainTelephoneLines rdf:ID='A243'>33000</NS0:mainTelephoneLines>
    <NS0:mobileTelephoneLines rdf:ID='A245'>3402</NS0:mobileTelephoneLines>
    <NS0:telephoneSystemGeneralAssessment>NA</NS0:telephoneSystemGeneralAssessment>
    <NS0:telephoneSystemDomestic>more than adequate</NS0:telephoneSystemDomestic>
    <NS0:telephoneSystemInternational>1 submarine cable to Sint Maarten (Netherlands Antilles); extensive interisland microwave radio relay links</NS0:telephoneSystemInternational>
    <NS0:radios rdf:ID='A250'>50000</NS0:radios>
    <NS0:televisionBroadcastStations rdf:ID='A252'>1</NS0:televisionBroadcastStations>
    <NS0:televisions rdf:ID='A254'>20000</NS0:televisions>
    <NS0:internetCountryCode>.aw</NS0:internetCountryCode>
    <NS0:internetUsers rdf:ID='A257'>4000</NS0:internetUsers>
    <NS0:highwaysTotal>800</NS0:highwaysTotal>
    <NS0:highwaysPaved>513</NS0:highwaysPaved>
    <NS0:highwaysUnpaved>287</NS0:highwaysUnpaved>
    <NS0:port rdf:resource='#A262'/>
    <NS0:port rdf:resource='#A266'/>
    <NS0:port rdf:resource='#A270'/>
    <NS0:airports rdf:ID='A274'>1</NS0:airports>
    <NS0:airportBreakdown rdf:resource='#A277'/>
    <NS0:internationalDispute>none</NS0:internationalDispute>
    <NS0:illicitDrugs>drug-money-laundering center and transit point for narcotics bound for the US and Europe</NS0:illicitDrugs>
    <NS0:smallFlag>http://www.cia.gov/cia/publications/factbook/flags/aa-flag.jpg</NS0:smallFlag>
    <NS0:largeFlag>http://www.cia.gov/cia/publications/factbook/flags/aa-lgflag.jpg</NS0:largeFlag>
    <NS0:map>http://www.cia.gov/cia/publications/factbook/maps/aa-map.jpg</NS0:map>
    <NS0:exportPartner rdf:resource='#A119850'/>
    <NS0:exportPartner rdf:resource='#A119855'/>
    <NS0:exportPartner rdf:ID='A119864' rdf:resource='#A119860'/>
    <NS0:importPartner rdf:resource='#A119866'/>
    <NS0:importPartner rdf:resource='#A119871'/>
    <NS0:importPartner rdf:resource='#A119876'/>
    <NS0:importPartner rdf:ID='A119884' rdf:resource='#A119881'/>
  </rdf:Description>
  <rdf:Description rdf:about='#A63'>
    <rdf:type rdf:resource='http://www.daml.org/2001/12/factbook/factbook-ont#SexRatioBreakdown'/>
    <NS0:minAge>15</NS0:minAge>
    <NS0:maxAge>64</NS0:maxAge>
    <NS0:ratio>0.93</NS0:ratio>
  </rdf:Description>
  <rdf:Description rdf:about='#A196'>
    <NS0:year>1999</NS0:year>
  </rdf:Description>
  <rdf:Description rdf:about='#A57'>
    <rdf:type rdf:resource='http://www.daml.org/2001/12/factbook/factbook-ont#SexRatioBreakdown'/>
    <NS0:minAge>0</NS0:minAge>
    <NS0:maxAge>14</NS0:maxAge>
    <NS0:ratio>1.07</NS0:ratio>
  </rdf:Description>
  <rdf:Description rdf:about='#A191'>
    <NS0:year>1999</NS0:year>
  </rdf:Description>
  <rdf:Description rdf:about='#A42'>
    <rdf:type rdf:resource='http://www.daml.org/2001/12/factbook/factbook-ont#Estimate'/>
    <NS0:year>2001</NS0:year>
  </rdf:Description>
  <rdf:Description rdf:about='#A51'>
    <rdf:type rdf:resource='http://www.daml.org/2001/12/factbook/factbook-ont#SexRatioBreakdown'/>
    <NS0:minAge>0</NS0:minAge>
    <NS0:maxAge>0</NS0:maxAge>
    <NS0:ratio>1.05</NS0:ratio>
  </rdf:Description>
  <rdf:Description rdf:about='#A173'>
    <rdf:type rdf:resource='http://www.daml.org/2001/12/factbook/factbook-ont#Estimate'/>
    <NS0:year>1997</NS0:year>
  </rdf:Description>
  <rdf:Description rdf:about='#A223'>
    <rdf:type rdf:resource='http://www.daml.org/2001/12/factbook/factbook-ont#Estimate'/>
    <NS0:year>2000</NS0:year>
  </rdf:Description>
  <rdf:Description rdf:about='#A234'>
    <rdf:type rdf:resource='http://www.daml.org/2001/12/factbook/factbook-ont#CommodityPercent'/>
    <NS0:importsCommodity rdf:resource='http://www.daml.org/2001/12/factbook/commodities#chemicals;_foodstuffs'/>
  </rdf:Description>
  <rdf:Description rdf:about='#A28'>
    <NS0:note>including aloe 0.01%</NS0:note>
  </rdf:Description>
  <rdf:Description rdf:about='#A230'>
    <rdf:type rdf:resource='http://www.daml.org/2001/12/factbook/factbook-ont#CommodityPercent'/>
    <NS0:importsCommodity rdf:resource='http://www.daml.org/2001/12/factbook/commodities#crude_oil_for_refining_and_reexport'/>
  </rdf:Description>
  <rdf:Description rdf:about='#A226'>
    <rdf:type rdf:resource='http://www.daml.org/2001/12/factbook/factbook-ont#CommodityPercent'/>
    <NS0:importsCommodity rdf:resource='http://www.daml.org/2001/12/factbook/commodities#machinery_and_electrical_equipment'/>
  </rdf:Description>
  <rdf:Description rdf:about='#A33'>
    <rdf:type rdf:resource='http://www.daml.org/2001/12/factbook/factbook-ont#Estimate'/>
    <NS0:year>1993</NS0:year>
  </rdf:Description>
  <rdf:Description rdf:about='#A219'>
    <rdf:type rdf:resource='http://www.daml.org/2001/12/factbook/factbook-ont#CommodityPercent'/>
    <NS0:exportsCommodity rdf:resource='http://www.daml.org/2001/12/factbook/commodities#transport_equipment'/>
  </rdf:Description>
  <rdf:Description rdf:about='#A215'>
    <rdf:type rdf:resource='http://www.daml.org/2001/12/factbook/factbook-ont#CommodityPercent'/>
    <NS0:exportsCommodity rdf:resource='http://www.daml.org/2001/12/factbook/commodities#machinery_and_electrical_equipment'/>
  </rdf:Description>
  <rdf:Description rdf:about='#A22'>
    <rdf:type rdf:resource='http://www.daml.org/2001/12/factbook/factbook-ont#ElevationExtreme'/>
    <NS0:name>Mount Jamanota</NS0:name>
    <NS0:elevation>188</NS0:elevation>
  </rdf:Description>
  <rdf:Description rdf:about='#A257'>
    <NS0:year>2000</NS0:year>
  </rdf:Description>
  <rdf:Description rdf:about='#A211'>
    <rdf:type rdf:resource='http://www.daml.org/2001/12/factbook/factbook-ont#CommodityPercent'/>
    <NS0:exportsCommodity rdf:resource='http://www.daml.org/2001/12/factbook/commodities#art_and_collectibles'/>
  </rdf:Description>
  <rdf:Description rdf:about='#A17'>
    <rdf:type rdf:resource='http://www.daml.org/2001/12/factbook/factbook-ont#ElevationExtreme'/>
    <NS0:name>Caribbean Sea</NS0:name>
    <NS0:elevation>0</NS0:elevation>
  </rdf:Description>
  <rdf:Description rdf:about='#A207'>
    <rdf:type rdf:resource='http://www.daml.org/2001/12/factbook/factbook-ont#CommodityPercent'/>
    <NS0:exportsCommodity rdf:resource='http://www.daml.org/2001/12/factbook/commodities#live_animals_and_animal_products'/>
  </rdf:Description>
  <rdf:Description rdf:about='#A243'>
    <NS0:year>1997</NS0:year>
  </rdf:Description>
  <rdf:Description rdf:about='#A200'>
    <NS0:year>1999</NS0:year>
  </rdf:Description>
  <rdf:Description rdf:about='#A167'>
    <rdf:type rdf:resource='http://www.daml.org/2001/12/factbook/factbook-ont#Estimate'/>
    <NS0:year>2000</NS0:year>
  </rdf:Description>
  <rdf:Description rdf:about='#A198'>
    <NS0:year>1999</NS0:year>
  </rdf:Description>
  <rdf:Description rdf:about='#A202'>
    <NS0:year>1999</NS0:year>
  </rdf:Description>
  <rdf:Description rdf:about='#A3'>
    <rdf:type rdf:resource='http://www.daml.org/2001/12/factbook/factbook-ont#LatLon'/>
    <NS0:latitude>12.5</NS0:latitude>
    <NS0:longitude>-69.96666666666667</NS0:longitude>
  </rdf:Description>
</rdf:RDF>
