<?xml version='1.0' encoding='ISO-8859-1'?>
<rdf:RDF
  xmlns:rdf='http://www.w3.org/1999/02/22-rdf-syntax-ns#'
  xmlns:NS0='http://www.daml.org/2001/12/factbook/factbook-ont#'
  xmlns:rdfs='http://www.w3.org/2000/01/rdf-schema#'
  xml:base="http://www.daml.org/2001/12/factbook/al">
  <rdf:Description rdf:about='#A2863'>
    <rdf:type rdf:resource='http://www.daml.org/2001/12/factbook/factbook-ont#EthnicGroupPercent'/>
    <NS0:ethnicGroup rdf:resource='http://www.daml.org/2001/12/factbook/ethnicGroups#other_2%_(1989_est.)'/>
  </rdf:Description>
  <rdf:Description rdf:about='#A3245'>
    <rdf:type rdf:resource='http://www.daml.org/2001/12/factbook/factbook-ont#Port'/>
    <NS0:name>Durres</NS0:name>
  </rdf:Description>
  <rdf:Description rdf:about='#A3052'>
    <rdf:type rdf:resource='#District'/>
    <NS0:name>Tropoje</NS0:name>
  </rdf:Description>
  <rdf:Description rdf:about='#A2886'>
    <NS0:note>Tosk is the official dialect</NS0:note>
  </rdf:Description>
  <rdf:Description rdf:about='#A2858'>
    <rdf:type rdf:resource='http://www.daml.org/2001/12/factbook/factbook-ont#EthnicGroupPercent'/>
    <NS0:ethnicGroup rdf:resource='http://www.daml.org/2001/12/factbook/ethnicGroups#Greeks'/>
    <NS0:percent>3</NS0:percent>
  </rdf:Description>
  <rdf:Description rdf:about='#A3261'>
    <rdf:type rdf:resource='http://www.daml.org/2001/12/factbook/factbook-ont#Estimate'/>
    <NS0:year>2000</NS0:year>
  </rdf:Description>
  <rdf:Description rdf:about='#A3048'>
    <rdf:type rdf:resource='#Municipality'/>
    <NS0:name>Tirane</NS0:name>
  </rdf:Description>
  <rdf:Description rdf:about='#A2853'>
    <rdf:type rdf:resource='http://www.daml.org/2001/12/factbook/factbook-ont#EthnicGroupPercent'/>
    <NS0:ethnicGroup rdf:resource='http://www.daml.org/2001/12/factbook/ethnicGroups#Albanian'/>
    <NS0:percent>95</NS0:percent>
  </rdf:Description>
  <rdf:Description rdf:about='#A3044'>
    <rdf:type rdf:resource='#District'/>
    <NS0:name>Tirane</NS0:name>
  </rdf:Description>
  <rdf:Description rdf:about='#A2801'>
    <rdf:type rdf:resource='http://www.daml.org/2001/12/factbook/factbook-ont#Estimate'/>
    <NS0:note>July 2001</NS0:note>
  </rdf:Description>
  <rdf:Description rdf:about='#A3040'>
    <rdf:type rdf:resource='#District'/>
    <NS0:name>Tepelene</NS0:name>
  </rdf:Description>
  <rdf:Description rdf:about='#A3164'>
    <NS0:year>2000</NS0:year>
  </rdf:Description>
  <rdf:Description rdf:about='#A2866'>
    <NS0:note>Vlachs, Gypsies, Serbs, and Bulgarians</NS0:note>
  </rdf:Description>
  <rdf:Description rdf:about='#A3301'>
    <rdf:type rdf:resource='http://www.daml.org/2001/12/factbook/factbook-ont#Estimate'/>
    <NS0:year>2001</NS0:year>
  </rdf:Description>
  <rdf:Description rdf:about='#A3036'>
    <rdf:type rdf:resource='#District'/>
    <NS0:name>Skrapar</NS0:name>
  </rdf:Description>
  <rdf:Description rdf:about='#A3032'>
    <rdf:type rdf:resource='#District'/>
    <NS0:name>Shkoder</NS0:name>
  </rdf:Description>
  <rdf:Description rdf:about='#A2839'>
    <rdf:type rdf:resource='http://www.daml.org/2001/12/factbook/factbook-ont#SexRatioBreakdown'/>
    <NS0:ratio>0.96</NS0:ratio>
  </rdf:Description>
  <rdf:Description rdf:about='#A3028'>
    <rdf:type rdf:resource='#District'/>
    <NS0:name>Sarande</NS0:name>
  </rdf:Description>
  <rdf:Description rdf:about='#A2834'>
    <rdf:type rdf:resource='http://www.daml.org/2001/12/factbook/factbook-ont#SexRatioBreakdown'/>
    <NS0:minAge>65</NS0:minAge>
    <NS0:ratio>0.78</NS0:ratio>
  </rdf:Description>
  <rdf:Description rdf:about='#A3297'>
    <rdf:type rdf:resource='http://www.daml.org/2001/12/factbook/factbook-ont#Estimate'/>
    <NS0:year>2000</NS0:year>
  </rdf:Description>
  <rdf:Description rdf:about='#A3024'>
    <rdf:type rdf:resource='#District'/>
    <NS0:name>Puke</NS0:name>
  </rdf:Description>
  <rdf:Description rdf:about='#A3213'>
    <rdf:type rdf:resource='http://www.daml.org/2001/12/factbook/factbook-ont#CommodityPercent'/>
    <NS0:importsCommodity rdf:resource='http://www.daml.org/2001/12/factbook/commodities#chemicals'/>
  </rdf:Description>
  <rdf:Description rdf:about='#A3020'>
    <rdf:type rdf:resource='#District'/>
    <NS0:name>Pogradec</NS0:name>
  </rdf:Description>
  <rdf:Description rdf:about='#A2828'>
    <rdf:type rdf:resource='http://www.daml.org/2001/12/factbook/factbook-ont#SexRatioBreakdown'/>
    <NS0:minAge>15</NS0:minAge>
    <NS0:maxAge>64</NS0:maxAge>
    <NS0:ratio>0.93</NS0:ratio>
  </rdf:Description>
  <rdf:Description rdf:about='#A3209'>
    <rdf:type rdf:resource='http://www.daml.org/2001/12/factbook/factbook-ont#CommodityPercent'/>
    <NS0:importsCommodity rdf:resource='http://www.daml.org/2001/12/factbook/commodities#textiles'/>
  </rdf:Description>
  <rdf:Description rdf:about='#A3120'>
    <NS0:year>2000</NS0:year>
  </rdf:Description>
  <rdf:Description rdf:about='#A3016'>
    <rdf:type rdf:resource='#District'/>
    <NS0:name>Permet</NS0:name>
  </rdf:Description>
  <rdf:Description rdf:about='#A3222'>
    <NS0:year>1997</NS0:year>
  </rdf:Description>
  <rdf:Description rdf:about='#A3205'>
    <rdf:type rdf:resource='http://www.daml.org/2001/12/factbook/factbook-ont#CommodityPercent'/>
    <NS0:importsCommodity rdf:resource='http://www.daml.org/2001/12/factbook/commodities#foodstuffs'/>
  </rdf:Description>
  <rdf:Description rdf:about='#A2822'>
    <rdf:type rdf:resource='http://www.daml.org/2001/12/factbook/factbook-ont#SexRatioBreakdown'/>
    <NS0:minAge>0</NS0:minAge>
    <NS0:maxAge>14</NS0:maxAge>
    <NS0:ratio>1.07</NS0:ratio>
  </rdf:Description>
  <rdf:Description rdf:about='#Municipality'>
    <rdf:type rdf:resource='http://www.w3.org/2000/01/rdf-schema#Class'/>
    <rdfs:subClassOf rdf:resource='http://www.daml.org/2001/12/factbook/factbook-ont#AdministrativeDivision'/>
    <rdfs:label>Municipality</rdfs:label>
  </rdf:Description>
  <rdf:Description rdf:about='#A3150'>
    <rdf:type rdf:resource='http://www.daml.org/2001/12/factbook/factbook-ont#Estimate'/>
    <NS0:year>2000</NS0:year>
  </rdf:Description>
  <rdf:Description rdf:about='#A3012'>
    <rdf:type rdf:resource='#District'/>
    <NS0:name>Peqin</NS0:name>
  </rdf:Description>
  <rdf:Description rdf:about='#A3201'>
    <rdf:type rdf:resource='http://www.daml.org/2001/12/factbook/factbook-ont#CommodityPercent'/>
    <NS0:importsCommodity rdf:resource='http://www.daml.org/2001/12/factbook/commodities#machinery_and_equipment'/>
  </rdf:Description>
  <rdf:Description rdf:about='#A3008'>
    <rdf:type rdf:resource='#District'/>
    <NS0:name>Mirdite</NS0:name>
  </rdf:Description>
  <rdf:Description rdf:about='#A2816'>
    <rdf:type rdf:resource='http://www.daml.org/2001/12/factbook/factbook-ont#SexRatioBreakdown'/>
    <NS0:minAge>0</NS0:minAge>
    <NS0:maxAge>0</NS0:maxAge>
    <NS0:ratio>1.08</NS0:ratio>
  </rdf:Description>
  <rdf:Description rdf:about='#A3122'>
    <rdf:type rdf:resource='http://www.daml.org/2001/12/factbook/factbook-ont#Estimate'/>
    <NS0:year>1996</NS0:year>
  </rdf:Description>
  <rdf:Description rdf:about='#A3004'>
    <rdf:type rdf:resource='#District'/>
    <NS0:name>Mat</NS0:name>
  </rdf:Description>
  <rdf:Description rdf:about='#A2804'>
    <rdf:type rdf:resource='http://www.daml.org/2001/12/factbook/factbook-ont#Estimate'/>
    <NS0:year>2001</NS0:year>
  </rdf:Description>
  <rdf:Description rdf:about='#A3194'>
    <rdf:type rdf:resource='http://www.daml.org/2001/12/factbook/factbook-ont#CommodityPercent'/>
    <NS0:exportsCommodity rdf:resource='http://www.daml.org/2001/12/factbook/commodities#tobacco'/>
  </rdf:Description>
  <rdf:Description rdf:about='#A3000'>
    <rdf:type rdf:resource='#District'/>
    <NS0:name>Mallakaster</NS0:name>
  </rdf:Description>
  <rdf:Description rdf:about='#A3190'>
    <rdf:type rdf:resource='http://www.daml.org/2001/12/factbook/factbook-ont#CommodityPercent'/>
    <NS0:exportsCommodity rdf:resource='http://www.daml.org/2001/12/factbook/commodities#fruits'/>
  </rdf:Description>
  <rdf:Description rdf:about='#A2996'>
    <rdf:type rdf:resource='#District'/>
    <NS0:name>Malesi e Madhe</NS0:name>
  </rdf:Description>
  <rdf:Description rdf:about='#A3217'>
    <NS0:year>2000</NS0:year>
  </rdf:Description>
  <rdf:Description rdf:about='#A3186'>
    <rdf:type rdf:resource='http://www.daml.org/2001/12/factbook/factbook-ont#CommodityPercent'/>
    <NS0:exportsCommodity rdf:resource='http://www.daml.org/2001/12/factbook/commodities#crude_oil;_vegetables'/>
  </rdf:Description>
  <rdf:Description rdf:about='#A2893'>
    <rdf:type rdf:resource='http://www.daml.org/2001/12/factbook/factbook-ont#Estimate'/>
    <NS0:year>1997</NS0:year>
  </rdf:Description>
  <rdf:Description rdf:about='#A2992'>
    <rdf:type rdf:resource='#District'/>
    <NS0:name>Lushnje</NS0:name>
  </rdf:Description>
  <rdf:Description rdf:about='#A3182'>
    <rdf:type rdf:resource='http://www.daml.org/2001/12/factbook/factbook-ont#CommodityPercent'/>
    <NS0:exportsCommodity rdf:resource='http://www.daml.org/2001/12/factbook/commodities#metals_and_metallic_ores'/>
  </rdf:Description>
  <rdf:Description rdf:about='#A2785'>
    <rdf:type rdf:resource='http://www.daml.org/2001/12/factbook/factbook-ont#Estimate'/>
    <NS0:year>1993</NS0:year>
  </rdf:Description>
  <rdf:Description rdf:about='#A2988'>
    <rdf:type rdf:resource='#District'/>
    <NS0:name>Librazhd</NS0:name>
  </rdf:Description>
  <rdf:Description rdf:about='#A3178'>
    <rdf:type rdf:resource='http://www.daml.org/2001/12/factbook/factbook-ont#CommodityPercent'/>
    <NS0:exportsCommodity rdf:resource='http://www.daml.org/2001/12/factbook/commodities#textiles_and_footwear;_asphalt'/>
  </rdf:Description>
  <rdf:Description rdf:about='#A2984'>
    <rdf:type rdf:resource='#District'/>
    <NS0:name>Lezhe</NS0:name>
  </rdf:Description>
  <rdf:Description rdf:about='#A3153'>
    <NS0:year>1999</NS0:year>
  </rdf:Description>
  <rdf:Description rdf:about='#A2980'>
    <rdf:type rdf:resource='#District'/>
    <NS0:name>Kurbin</NS0:name>
  </rdf:Description>
  <rdf:Description rdf:about='#A2807'>
    <rdf:type rdf:resource='http://www.daml.org/2001/12/factbook/factbook-ont#Estimate'/>
    <NS0:year>2001</NS0:year>
  </rdf:Description>
  <rdf:Description rdf:about='#A2782'>
    <rdf:type rdf:resource='http://www.daml.org/2001/12/factbook/factbook-ont#Estimate'/>
    <NS0:year>1993</NS0:year>
  </rdf:Description>
  <rdf:Description rdf:about='#A2976'>
    <rdf:type rdf:resource='#District'/>
    <NS0:name>Kukes</NS0:name>
  </rdf:Description>
  <rdf:Description rdf:about='#A3160'>
    <NS0:year>1999</NS0:year>
  </rdf:Description>
  <rdf:Description rdf:about='#A3307'>
    <rdf:type rdf:resource='http://www.daml.org/2001/12/factbook/factbook-ont#Estimate'/>
    <NS0:year>2001</NS0:year>
  </rdf:Description>
  <rdf:Description rdf:about='#A3304'>
    <rdf:type rdf:resource='http://www.daml.org/2001/12/factbook/factbook-ont#Estimate'/>
    <NS0:year>2001</NS0:year>
  </rdf:Description>
  <rdf:Description rdf:about='#A2972'>
    <rdf:type rdf:resource='#District'/>
    <NS0:name>Kucove</NS0:name>
  </rdf:Description>
  <rdf:Description rdf:about='#A3198'>
    <rdf:type rdf:resource='http://www.daml.org/2001/12/factbook/factbook-ont#Estimate'/>
    <NS0:note>f.o.b., 2000</NS0:note>
  </rdf:Description>
  <rdf:Description rdf:about='#A3236'>
    <NS0:year>2000</NS0:year>
  </rdf:Description>
  <rdf:Description rdf:about='#A2968'>
    <rdf:type rdf:resource='#District'/>
    <NS0:name>Kruje</NS0:name>
  </rdf:Description>
  <rdf:Description rdf:about='#A2810'>
    <rdf:type rdf:resource='http://www.daml.org/2001/12/factbook/factbook-ont#Estimate'/>
    <NS0:year>2001</NS0:year>
  </rdf:Description>
  <rdf:Description rdf:about='#A2964'>
    <rdf:type rdf:resource='#District'/>
    <NS0:name>Korce</NS0:name>
  </rdf:Description>
  <rdf:Description rdf:about='#A2842'>
    <rdf:type rdf:resource='http://www.daml.org/2001/12/factbook/factbook-ont#Estimate'/>
    <NS0:year>2001</NS0:year>
  </rdf:Description>
  <rdf:Description rdf:about='#A2960'>
    <rdf:type rdf:resource='#District'/>
    <NS0:name>Kolonje</NS0:name>
  </rdf:Description>
  <rdf:Description rdf:about='#A3112'>
    <rdf:type rdf:resource='http://www.daml.org/2001/12/factbook/factbook-ont#Estimate'/>
    <NS0:year>2000</NS0:year>
  </rdf:Description>
  <rdf:Description rdf:about='#District'>
    <rdf:type rdf:resource='http://www.w3.org/2000/01/rdf-schema#Class'/>
    <rdfs:subClassOf rdf:resource='http://www.daml.org/2001/12/factbook/factbook-ont#AdministrativeDivision'/>
    <rdfs:label>District</rdfs:label>
  </rdf:Description>
  <rdf:Description rdf:about='#A119468'>
    <rdf:type rdf:resource='http://www.daml.org/2001/12/factbook/factbook-ont#CountryPercent'/>
    <NS0:country rdf:resource='http://www.daml.org/2001/09/countries/fips#BU'/>
    <NS0:percent>3</NS0:percent>
  </rdf:Description>
  <rdf:Description rdf:about='#A2956'>
    <rdf:type rdf:resource='#District'/>
    <NS0:name>Kavaje</NS0:name>
  </rdf:Description>
  <rdf:Description rdf:about='#A2765'>
    <rdf:type rdf:resource='http://www.daml.org/2001/12/factbook/factbook-ont#ElevationExtreme'/>
    <NS0:name>Maja e Korabit (Golem Korab)</NS0:name>
    <NS0:elevation>2753</NS0:elevation>
  </rdf:Description>
  <rdf:Description rdf:about='#A3312'>
    <NS0:note>FY99</NS0:note>
  </rdf:Description>
  <rdf:Description rdf:about='#A119463'>
    <rdf:type rdf:resource='http://www.daml.org/2001/12/factbook/factbook-ont#CountryPercent'/>
    <NS0:country rdf:resource='http://www.daml.org/2001/09/countries/fips#GM'/>
    <NS0:percent>6</NS0:percent>
  </rdf:Description>
  <rdf:Description rdf:about='#A2952'>
    <rdf:type rdf:resource='#District'/>
    <NS0:name>Has</NS0:name>
  </rdf:Description>
  <rdf:Description rdf:about='#A2760'>
    <rdf:type rdf:resource='http://www.daml.org/2001/12/factbook/factbook-ont#ElevationExtreme'/>
    <NS0:name>Adriatic Sea</NS0:name>
    <NS0:elevation>0</NS0:elevation>
  </rdf:Description>
  <rdf:Description rdf:about='#A2948'>
    <rdf:type rdf:resource='#District'/>
    <NS0:name>Gramsh</NS0:name>
  </rdf:Description>
  <rdf:Description rdf:about='#A119458'>
    <rdf:type rdf:resource='http://www.daml.org/2001/12/factbook/factbook-ont#CountryPercent'/>
    <NS0:country rdf:resource='http://www.daml.org/2001/09/countries/fips#TU'/>
    <NS0:percent>6</NS0:percent>
  </rdf:Description>
  <rdf:Description rdf:about='#A2944'>
    <rdf:type rdf:resource='#District'/>
    <NS0:name>Gjirokaster</NS0:name>
  </rdf:Description>
  <rdf:Description rdf:about='#A119453'>
    <rdf:type rdf:resource='http://www.daml.org/2001/12/factbook/factbook-ont#CountryPercent'/>
    <NS0:country rdf:resource='http://www.daml.org/2001/09/countries/fips#GR'/>
    <NS0:percent>28</NS0:percent>
  </rdf:Description>
  <rdf:Description rdf:about='#A3133'>
    <rdf:type rdf:resource='http://www.daml.org/2001/12/factbook/factbook-ont#OccupationPercent'/>
    <NS0:occupation rdf:resource='http://www.daml.org/2001/12/factbook/occupations#industry_and_services'/>
    <NS0:percent>50</NS0:percent>
  </rdf:Description>
  <rdf:Description rdf:about='#A3224'>
    <NS0:year>1999</NS0:year>
  </rdf:Description>
  <rdf:Description rdf:about='http://www.daml.org/2001/09/countries/fips#AL'>
    <NS0:background>In 1990 Albania ended 44 years of xenophobic communist rule and established a multiparty democracy. The transition has proven difficult as corrupt governments have tried to deal with high unemployment, a dilapidated infrastructure, widespread gangsterism, and disruptive political opponents. International observers judged local elections in 2000 to be acceptable and a step toward democratic development, but serious deficiencies remain to be corrected before the the 2001 parliamentary elections.</NS0:background>
    <NS0:location>Southeastern Europe, bordering the Adriatic Sea and Ionian Sea, between Greece and the Federal Republic of Yugoslavia</NS0:location>
    <NS0:geographicCoordinates rdf:resource='#A2745'/>
    <NS0:mapReferences>Europe</NS0:mapReferences>
    <NS0:totalArea>28748</NS0:totalArea>
    <NS0:landArea>27398</NS0:landArea>
    <NS0:waterArea>1350</NS0:waterArea>
    <NS0:comparativeArea>slightly smaller than Maryland</NS0:comparativeArea>
    <NS0:landBoundaries>720</NS0:landBoundaries>
    <NS0:coastline>362</NS0:coastline>
    <NS0:territorialSea>12</NS0:territorialSea>
    <NS0:climate>mild temperate; cool, cloudy, wet winters; hot, clear, dry summers; interior is cooler and wetter</NS0:climate>
    <NS0:terrain>mostly mountains and hills; small plains along coast</NS0:terrain>
    <NS0:lowestPoint rdf:resource='#A2760'/>
    <NS0:highestPoint rdf:resource='#A2765'/>
    <NS0:naturalResource rdf:resource='http://www.daml.org/2001/12/factbook/naturalResources#petroleum'/>
    <NS0:naturalResource rdf:resource='http://www.daml.org/2001/12/factbook/naturalResources#natural_gas'/>
    <NS0:naturalResource rdf:resource='http://www.daml.org/2001/12/factbook/naturalResources#coal'/>
    <NS0:naturalResource rdf:resource='http://www.daml.org/2001/12/factbook/naturalResources#chromium'/>
    <NS0:naturalResource rdf:resource='http://www.daml.org/2001/12/factbook/naturalResources#copper'/>
    <NS0:naturalResource rdf:resource='http://www.daml.org/2001/12/factbook/naturalResources#timber'/>
    <NS0:naturalResource rdf:resource='http://www.daml.org/2001/12/factbook/naturalResources#nickel'/>
    <NS0:naturalResource rdf:resource='http://www.daml.org/2001/12/factbook/naturalResources#hydropower'/>
    <NS0:arableLand>21</NS0:arableLand>
    <NS0:permanentCrops>5</NS0:permanentCrops>
    <NS0:permanentPastures>15</NS0:permanentPastures>
    <NS0:forestsAndWoodland>38</NS0:forestsAndWoodland>
    <NS0:otherLandUse rdf:ID='A2782'>21</NS0:otherLandUse>
    <NS0:irrigatedLand rdf:ID='A2785'>3410</NS0:irrigatedLand>
    <NS0:naturalHazard>destructive earthquakes</NS0:naturalHazard>
    <NS0:naturalHazard>tsunamis occur along southwestern coast</NS0:naturalHazard>
    <NS0:naturalHazard>drought</NS0:naturalHazard>
    <NS0:environmentalIssue>deforestation</NS0:environmentalIssue>
    <NS0:environmentalIssue>soil erosion</NS0:environmentalIssue>
    <NS0:environmentalIssue>water pollution from industrial and domestic effluents</NS0:environmentalIssue>
    <NS0:environmentalAgreementPartyTo rdf:resource='http://www.daml.org/2001/12/factbook/environmentalAgreements#Biodiversity'/>
    <NS0:environmentalAgreementPartyTo rdf:resource='http://www.daml.org/2001/12/factbook/environmentalAgreements#Climate_Change'/>
    <NS0:environmentalAgreementPartyTo rdf:resource='http://www.daml.org/2001/12/factbook/environmentalAgreements#Desertification'/>
    <NS0:environmentalAgreementPartyTo rdf:resource='http://www.daml.org/2001/12/factbook/environmentalAgreements#Hazardous_Wastes'/>
    <NS0:environmentalAgreementPartyTo rdf:resource='http://www.daml.org/2001/12/factbook/environmentalAgreements#Ozone_Layer_Protection'/>
    <NS0:environmentalAgreementPartyTo rdf:resource='http://www.daml.org/2001/12/factbook/environmentalAgreements#Wetlands'/>
    <NS0:environmentalAgreementSigned rdf:resource='http://www.daml.org/2001/12/factbook/environmentalAgreements#none_of_the_selected_agreements'/>
    <NS0:population rdf:ID='A2801'>3510484</NS0:population>
    <NS0:populationGrowthRate rdf:ID='A2804'>0.88</NS0:populationGrowthRate>
    <NS0:birthRate rdf:ID='A2807'>19.01</NS0:birthRate>
    <NS0:deathRate rdf:ID='A2810'>6.5</NS0:deathRate>
    <NS0:netMigrationRate rdf:ID='A2813'>-3.69</NS0:netMigrationRate>
    <NS0:sexRatio rdf:resource='#A2816'/>
    <NS0:sexRatio rdf:resource='#A2822'/>
    <NS0:sexRatio rdf:resource='#A2828'/>
    <NS0:sexRatio rdf:resource='#A2834'/>
    <NS0:sexRatio rdf:ID='A2842' rdf:resource='#A2839'/>
    <NS0:infantMortalityRate rdf:ID='A2845'>39.99</NS0:infantMortalityRate>
    <NS0:totalFertilityRate rdf:ID='A2848'>2.32</NS0:totalFertilityRate>
    <NS0:nationalityNoun>Albanian(s)</NS0:nationalityNoun>
    <NS0:nationalityAdjective>Albanian</NS0:nationalityAdjective>
    <NS0:ethnicGroup rdf:resource='#A2853'/>
    <NS0:ethnicGroup rdf:resource='#A2858'/>
    <NS0:ethnicGroup rdf:ID='A2866' rdf:resource='#A2863'/>
    <NS0:religion rdf:resource='#A2868'/>
    <NS0:religion rdf:resource='#A2873'/>
    <NS0:religion rdf:resource='#A2878'/>
    <NS0:language rdf:ID='A2886' rdf:resource='#A2883'/>
    <NS0:language rdf:resource='#A2888'/>
    <NS0:literacyDefinition>age 9 and over can read and write</NS0:literacyDefinition>
    <NS0:literacyTotal rdf:ID='A2893'>93</NS0:literacyTotal>
    <NS0:conventionalLongCountryName>Republic of Albania</NS0:conventionalLongCountryName>
    <NS0:conventionalShortCountryName>Albania</NS0:conventionalShortCountryName>
    <NS0:localLongCountryName>Republika e Shqiperise</NS0:localLongCountryName>
    <NS0:localShortCountryName>Shqiperia</NS0:localShortCountryName>
    <NS0:formerCountryName>People&apos;s Socialist Republic of Albania</NS0:formerCountryName>
    <NS0:governmentType rdf:resource='http://www.daml.org/2001/12/factbook/governmentTypes#emerging_democracy'/>
    <NS0:capital rdf:resource='#A2902'/>
    <NS0:administrativeDivision rdf:resource='#A2912'/>
    <NS0:administrativeDivision rdf:resource='#A2916'/>
    <NS0:administrativeDivision rdf:resource='#A2920'/>
    <NS0:administrativeDivision rdf:resource='#A2924'/>
    <NS0:administrativeDivision rdf:resource='#A2928'/>
    <NS0:administrativeDivision rdf:resource='#A2932'/>
    <NS0:administrativeDivision rdf:resource='#A2936'/>
    <NS0:administrativeDivision rdf:resource='#A2940'/>
    <NS0:administrativeDivision rdf:resource='#A2944'/>
    <NS0:administrativeDivision rdf:resource='#A2948'/>
    <NS0:administrativeDivision rdf:resource='#A2952'/>
    <NS0:administrativeDivision rdf:resource='#A2956'/>
    <NS0:administrativeDivision rdf:resource='#A2960'/>
    <NS0:administrativeDivision rdf:resource='#A2964'/>
    <NS0:administrativeDivision rdf:resource='#A2968'/>
    <NS0:administrativeDivision rdf:resource='#A2972'/>
    <NS0:administrativeDivision rdf:resource='#A2976'/>
    <NS0:administrativeDivision rdf:resource='#A2980'/>
    <NS0:administrativeDivision rdf:resource='#A2984'/>
    <NS0:administrativeDivision rdf:resource='#A2988'/>
    <NS0:administrativeDivision rdf:resource='#A2992'/>
    <NS0:administrativeDivision rdf:resource='#A2996'/>
    <NS0:administrativeDivision rdf:resource='#A3000'/>
    <NS0:administrativeDivision rdf:resource='#A3004'/>
    <NS0:administrativeDivision rdf:resource='#A3008'/>
    <NS0:administrativeDivision rdf:resource='#A3012'/>
    <NS0:administrativeDivision rdf:resource='#A3016'/>
    <NS0:administrativeDivision rdf:resource='#A3020'/>
    <NS0:administrativeDivision rdf:resource='#A3024'/>
    <NS0:administrativeDivision rdf:resource='#A3028'/>
    <NS0:administrativeDivision rdf:resource='#A3032'/>
    <NS0:administrativeDivision rdf:resource='#A3036'/>
    <NS0:administrativeDivision rdf:resource='#A3040'/>
    <NS0:administrativeDivision rdf:resource='#A3044'/>
    <NS0:administrativeDivision rdf:resource='#A3048'/>
    <NS0:administrativeDivision rdf:resource='#A3052'/>
    <NS0:administrativeDivision rdf:resource='#A3056'/>
    <NS0:independence>28 November 1912 (from Ottoman Empire)</NS0:independence>
    <NS0:constitution>a new constitution was adopted by popular referendum on 28 November 1998; note - the opposition Democratic Party boycotted the vote</NS0:constitution>
    <NS0:legalSystem>has not accepted compulsory ICJ jurisdiction</NS0:legalSystem>
    <NS0:suffrage>18 years of age; universal and compulsory</NS0:suffrage>
    <NS0:participatesIn rdf:resource='http://www.daml.org/2001/12/factbook/internationalOrganizations#ACCT'/>
    <NS0:participatesIn rdf:resource='http://www.daml.org/2001/12/factbook/internationalOrganizations#BSEC'/>
    <NS0:participatesIn rdf:resource='http://www.daml.org/2001/12/factbook/internationalOrganizations#CCC'/>
    <NS0:participatesIn rdf:resource='http://www.daml.org/2001/12/factbook/internationalOrganizations#CE'/>
    <NS0:participatesIn rdf:resource='http://www.daml.org/2001/12/factbook/internationalOrganizations#CEI'/>
    <NS0:participatesIn rdf:resource='http://www.daml.org/2001/12/factbook/internationalOrganizations#EAPC'/>
    <NS0:participatesIn rdf:resource='http://www.daml.org/2001/12/factbook/internationalOrganizations#EBRD'/>
    <NS0:participatesIn rdf:resource='http://www.daml.org/2001/12/factbook/internationalOrganizations#ECE'/>
    <NS0:participatesIn rdf:resource='http://www.daml.org/2001/12/factbook/internationalOrganizations#FAO'/>
    <NS0:participatesIn rdf:resource='http://www.daml.org/2001/12/factbook/internationalOrganizations#IAEA'/>
    <NS0:participatesIn rdf:resource='http://www.daml.org/2001/12/factbook/internationalOrganizations#IBRD'/>
    <NS0:participatesIn rdf:resource='http://www.daml.org/2001/12/factbook/internationalOrganizations#ICAO'/>
    <NS0:participatesIn rdf:resource='http://www.daml.org/2001/12/factbook/internationalOrganizations#ICRM'/>
    <NS0:participatesIn rdf:resource='http://www.daml.org/2001/12/factbook/internationalOrganizations#IDA'/>
    <NS0:participatesIn rdf:resource='http://www.daml.org/2001/12/factbook/internationalOrganizations#IDB'/>
    <NS0:participatesIn rdf:resource='http://www.daml.org/2001/12/factbook/internationalOrganizations#IFAD'/>
    <NS0:participatesIn rdf:resource='http://www.daml.org/2001/12/factbook/internationalOrganizations#IFC'/>
    <NS0:participatesIn rdf:resource='http://www.daml.org/2001/12/factbook/internationalOrganizations#IFRCS'/>
    <NS0:participatesIn rdf:resource='http://www.daml.org/2001/12/factbook/internationalOrganizations#ILO'/>
    <NS0:participatesIn rdf:resource='http://www.daml.org/2001/12/factbook/internationalOrganizations#IMF'/>
    <NS0:participatesIn rdf:resource='http://www.daml.org/2001/12/factbook/internationalOrganizations#IMO'/>
    <NS0:participatesIn rdf:resource='http://www.daml.org/2001/12/factbook/internationalOrganizations#Intelsat'/>
    <NS0:participatesIn rdf:resource='http://www.daml.org/2001/12/factbook/internationalOrganizations#Interpol'/>
    <NS0:participatesIn rdf:resource='http://www.daml.org/2001/12/factbook/internationalOrganizations#IOC'/>
    <NS0:participatesIn rdf:resource='http://www.daml.org/2001/12/factbook/internationalOrganizations#IOM'/>
    <NS0:participatesIn rdf:resource='http://www.daml.org/2001/12/factbook/internationalOrganizations#ISO'/>
    <NS0:participatesIn rdf:resource='http://www.daml.org/2001/12/factbook/internationalOrganizations#ITU'/>
    <NS0:participatesIn rdf:resource='http://www.daml.org/2001/12/factbook/internationalOrganizations#OIC'/>
    <NS0:participatesIn rdf:resource='http://www.daml.org/2001/12/factbook/internationalOrganizations#OPCW'/>
    <NS0:participatesIn rdf:resource='http://www.daml.org/2001/12/factbook/internationalOrganizations#OSCE'/>
    <NS0:participatesIn rdf:resource='http://www.daml.org/2001/12/factbook/internationalOrganizations#PFP'/>
    <NS0:participatesIn rdf:resource='http://www.daml.org/2001/12/factbook/internationalOrganizations#UN'/>
    <NS0:participatesIn rdf:resource='http://www.daml.org/2001/12/factbook/internationalOrganizations#UNCTAD'/>
    <NS0:participatesIn rdf:resource='http://www.daml.org/2001/12/factbook/internationalOrganizations#UNESCO'/>
    <NS0:participatesIn rdf:resource='http://www.daml.org/2001/12/factbook/internationalOrganizations#UNIDO'/>
    <NS0:participatesIn rdf:resource='http://www.daml.org/2001/12/factbook/internationalOrganizations#UNOMIG'/>
    <NS0:participatesIn rdf:resource='http://www.daml.org/2001/12/factbook/internationalOrganizations#UPU'/>
    <NS0:participatesIn rdf:resource='http://www.daml.org/2001/12/factbook/internationalOrganizations#WFTU'/>
    <NS0:participatesIn rdf:resource='http://www.daml.org/2001/12/factbook/internationalOrganizations#WHO'/>
    <NS0:participatesIn rdf:resource='http://www.daml.org/2001/12/factbook/internationalOrganizations#WIPO'/>
    <NS0:participatesIn rdf:resource='http://www.daml.org/2001/12/factbook/internationalOrganizations#WMO'/>
    <NS0:participatesIn rdf:resource='http://www.daml.org/2001/12/factbook/internationalOrganizations#WToO'/>
    <NS0:participatesIn rdf:resource='http://www.daml.org/2001/12/factbook/internationalOrganizations#WTrO'/>
    <NS0:flagDescription>red with a black two-headed eagle in the center</NS0:flagDescription>
    <NS0:economyOverview>Poor by European standards, Albania is making the difficult transition to a more open-market economy. The economy rebounded in 1993-95 after a severe depression accompanying the end of the previous centrally planned system in 1990 and 1991. However, a weakening of government resolve to maintain stabilization policies in the election year of 1996 contributed to renewal of inflationary pressures, spurred by the budget deficit which exceeded 12% of GDP. The collapse of financial pyramid schemes in early 1997 - which had attracted deposits from a substantial portion of Albania&apos;s population - triggered severe social unrest which led to more than 1,500 deaths, widespread destruction of property, and a 7% drop in GDP. The government has taken measures to curb violent crime and to revive economic activity and trade. The economy is bolstered by remittances from some 20% of the labor force that works abroad, mostly in Greece and Italy. These remittances supplement GDP and help offset the large foreign trade deficit. Most agricultural land was privatized in 1992, substantially improving peasant incomes. In 1998, Albania recovered the 7% drop in GDP of 1997 and pushed ahead by 8% in 1999 and by 7.5% in 2000. International aid helped defray the high costs of receiving and returning refugees from the Kosovo conflict. Privatization scored some successes in 2000, but other reforms lagged.</NS0:economyOverview>
    <NS0:grossDomesticProduct rdf:ID='A3109'>10500000000</NS0:grossDomesticProduct>
    <NS0:grossDomesticProductRealGrowth rdf:ID='A3112'>7.5</NS0:grossDomesticProductRealGrowth>
    <NS0:grossDomesticProductPerCapita rdf:ID='A3115'>3000</NS0:grossDomesticProductPerCapita>
    <NS0:grossDomesticProductAgriculture>55</NS0:grossDomesticProductAgriculture>
    <NS0:grossDomesticProductIndustry>24</NS0:grossDomesticProductIndustry>
    <NS0:grossDomesticProductServices rdf:ID='A3120'>21</NS0:grossDomesticProductServices>
    <NS0:populationBelowPovertyLine rdf:ID='A3122'>19.6</NS0:populationBelowPovertyLine>
    <NS0:inflationRate rdf:ID='A3125'>1</NS0:inflationRate>
    <NS0:occupation rdf:resource='#A3128'/>
    <NS0:occupation rdf:resource='#A3133'/>
    <NS0:unemploymentRate>16% (2000 est.) officially; may be as high as 25</NS0:unemploymentRate>
    <NS0:budgetRevenues>393000000</NS0:budgetRevenues>
    <NS0:budgetExpenditures>676000000</NS0:budgetExpenditures>
    <NS0:industry rdf:resource='http://www.daml.org/2001/12/factbook/industries#food_processing'/>
    <NS0:industry rdf:resource='http://www.daml.org/2001/12/factbook/industries#textiles_and_clothing'/>
    <NS0:industry rdf:resource='http://www.daml.org/2001/12/factbook/industries#lumber'/>
    <NS0:industry rdf:resource='http://www.daml.org/2001/12/factbook/industries#oil'/>
    <NS0:industry rdf:resource='http://www.daml.org/2001/12/factbook/industries#cement'/>
    <NS0:industry rdf:resource='http://www.daml.org/2001/12/factbook/industries#chemicals'/>
    <NS0:industry rdf:resource='http://www.daml.org/2001/12/factbook/industries#mining'/>
    <NS0:industry rdf:resource='http://www.daml.org/2001/12/factbook/industries#basic_metals'/>
    <NS0:industry rdf:resource='http://www.daml.org/2001/12/factbook/industries#hydropower'/>
    <NS0:industrialProductionGrowthRate rdf:ID='A3150'>9</NS0:industrialProductionGrowthRate>
    <NS0:electricityProduction rdf:ID='A3153'>5332000000</NS0:electricityProduction>
    <NS0:electricityProductionFossilFuel>3.81</NS0:electricityProductionFossilFuel>
    <NS0:electricityProductionHydro>96.19</NS0:electricityProductionHydro>
    <NS0:electricityProductionNuclear>0</NS0:electricityProductionNuclear>
    <NS0:electricityProductionOther rdf:ID='A3158'>0</NS0:electricityProductionOther>
    <NS0:electricityConsumption rdf:ID='A3160'>5379000000</NS0:electricityConsumption>
    <NS0:electricityExports rdf:ID='A3162'>100000000</NS0:electricityExports>
    <NS0:electricityImports rdf:ID='A3164'>600000000</NS0:electricityImports>
    <NS0:agricultureProduct rdf:resource='http://www.daml.org/2001/12/factbook/agricultureProducts#wheat'/>
    <NS0:agricultureProduct rdf:resource='http://www.daml.org/2001/12/factbook/agricultureProducts#corn'/>
    <NS0:agricultureProduct rdf:resource='http://www.daml.org/2001/12/factbook/agricultureProducts#potatoes'/>
    <NS0:agricultureProduct rdf:resource='http://www.daml.org/2001/12/factbook/agricultureProducts#vegetables'/>
    <NS0:agricultureProduct rdf:resource='http://www.daml.org/2001/12/factbook/agricultureProducts#fruits'/>
    <NS0:agricultureProduct rdf:resource='http://www.daml.org/2001/12/factbook/agricultureProducts#sugar_beets'/>
    <NS0:agricultureProduct rdf:resource='http://www.daml.org/2001/12/factbook/agricultureProducts#grapes'/>
    <NS0:agricultureProduct rdf:resource='http://www.daml.org/2001/12/factbook/agricultureProducts#meat'/>
    <NS0:agricultureProduct rdf:resource='http://www.daml.org/2001/12/factbook/agricultureProducts#dairy_products'/>
    <NS0:exports rdf:ID='A3175'>310000000</NS0:exports>
    <NS0:exportsCommodity rdf:resource='#A3178'/>
    <NS0:exportsCommodity rdf:resource='#A3182'/>
    <NS0:exportsCommodity rdf:resource='#A3186'/>
    <NS0:exportsCommodity rdf:resource='#A3190'/>
    <NS0:exportsCommodity rdf:resource='#A3194'/>
    <NS0:imports rdf:ID='A3198'>1000000000</NS0:imports>
    <NS0:importsCommodity rdf:resource='#A3201'/>
    <NS0:importsCommodity rdf:resource='#A3205'/>
    <NS0:importsCommodity rdf:resource='#A3209'/>
    <NS0:importsCommodity rdf:resource='#A3213'/>
    <NS0:externalDebt rdf:ID='A3217'>1000000000</NS0:externalDebt>
    <NS0:currency>lek (ALL)</NS0:currency>
    <NS0:currencyCode>ALL</NS0:currencyCode>
    <NS0:fiscalYear>calendar year</NS0:fiscalYear>
    <NS0:mainTelephoneLines rdf:ID='A3222'>87000</NS0:mainTelephoneLines>
    <NS0:mobileTelephoneLines rdf:ID='A3224'>3100</NS0:mobileTelephoneLines>
    <NS0:telephoneSystemGeneralAssessment>Albania has the poorest telephone service in Europe with fewer than two telephones per 100 inhabitants; it is doubtful that every village has telephone service</NS0:telephoneSystemGeneralAssessment>
    <NS0:telephoneSystemDomestic>obsolete wire system; no longer provides a telephone for every village; in 1992, following the fall of the communist government, peasants cut the wire to about 1,000 villages and used it to build fences</NS0:telephoneSystemDomestic>
    <NS0:telephoneSystemInternational>inadequate; international traffic carried by microwave radio relay from the Tirana exchange to Italy and Greece</NS0:telephoneSystemInternational>
    <NS0:radios rdf:ID='A3229'>810000</NS0:radios>
    <NS0:televisions rdf:ID='A3231'>405000</NS0:televisions>
    <NS0:internetCountryCode>.al</NS0:internetCountryCode>
    <NS0:internetServiceProviders rdf:ID='A3234'>7</NS0:internetServiceProviders>
    <NS0:internetUsers rdf:ID='A3236'>2500</NS0:internetUsers>
    <NS0:railwaysTotal>447</NS0:railwaysTotal>
    <NS0:highwaysTotal>18000</NS0:highwaysTotal>
    <NS0:highwaysPaved>5400</NS0:highwaysPaved>
    <NS0:highwaysUnpaved rdf:ID='A3241'>12600</NS0:highwaysUnpaved>
    <NS0:waterways>43</NS0:waterways>
    <NS0:port rdf:resource='#A3245'/>
    <NS0:port rdf:resource='#A3249'/>
    <NS0:port rdf:resource='#A3253'/>
    <NS0:port rdf:resource='#A3257'/>
    <NS0:airports rdf:ID='A3261'>11</NS0:airports>
    <NS0:airportBreakdown rdf:resource='#A3264'/>
    <NS0:airportBreakdown rdf:resource='#A3271'/>
    <NS0:airportBreakdown rdf:resource='#A3277'/>
    <NS0:airportBreakdown rdf:resource='#A3284'/>
    <NS0:airportBreakdown rdf:resource='#A3291'/>
    <NS0:heliports rdf:ID='A3297'>1</NS0:heliports>
    <NS0:militaryAge>19</NS0:militaryAge>
    <NS0:malesOfMilitaryAge rdf:ID='A3301'>870768</NS0:malesOfMilitaryAge>
    <NS0:malesFitForMilitaryService rdf:ID='A3304'>712763</NS0:malesFitForMilitaryService>
    <NS0:malesReachingMilitaryAgeAnnually rdf:ID='A3307'>35792</NS0:malesReachingMilitaryAgeAnnually>
    <NS0:militaryExpenditures rdf:ID='A3310'>42000000</NS0:militaryExpenditures>
    <NS0:militaryExpendituresPercentGDP rdf:ID='A3312'>1.5</NS0:militaryExpendituresPercentGDP>
    <NS0:internationalDispute>the Albanian Government supports protection of the rights of ethnic Albanians outside of its borders but has downplayed them to further its primary foreign policy goal of regional cooperation</NS0:internationalDispute>
    <NS0:internationalDispute>Albanian majority in Kosovo seeks independence from Yugoslavia</NS0:internationalDispute>
    <NS0:internationalDispute>Albanians in The Former Yugoslav Republic of Macedonia claim discrimination in education, access to public-sector jobs, and representation in government</NS0:internationalDispute>
    <NS0:illicitDrugs>increasingly active transshipment point for Southwest Asian opiates, hashish, and cannabis transiting the Balkan route and - to a far lesser extent - cocaine from South America destined for Western Europe</NS0:illicitDrugs>
    <NS0:illicitDrugs>limited opium and cannabis production</NS0:illicitDrugs>
    <NS0:illicitDrugs>ethnic Albanian narcotrafficking organizations active and rapidly expanding in Europe</NS0:illicitDrugs>
    <NS0:smallFlag>http://www.cia.gov/cia/publications/factbook/flags/al-flag.jpg</NS0:smallFlag>
    <NS0:largeFlag>http://www.cia.gov/cia/publications/factbook/flags/al-lgflag.jpg</NS0:largeFlag>
    <NS0:map>http://www.cia.gov/cia/publications/factbook/maps/al-map.jpg</NS0:map>
    <NS0:border rdf:resource='#A119418'/>
    <NS0:border rdf:resource='#A119423'/>
    <NS0:exportPartner rdf:resource='#A119428'/>
    <NS0:exportPartner rdf:resource='#A119433'/>
    <NS0:exportPartner rdf:resource='#A119438'/>
    <NS0:exportPartner rdf:resource='#A119443'/>
    <NS0:importPartner rdf:resource='#A119448'/>
    <NS0:importPartner rdf:resource='#A119453'/>
    <NS0:importPartner rdf:resource='#A119458'/>
    <NS0:importPartner rdf:resource='#A119463'/>
    <NS0:importPartner rdf:ID='A119472' rdf:resource='#A119468'/>
  </rdf:Description>
  <rdf:Description rdf:about='#A2940'>
    <rdf:type rdf:resource='#District'/>
    <NS0:name>Fier</NS0:name>
  </rdf:Description>
  <rdf:Description rdf:about='#A119448'>
    <rdf:type rdf:resource='http://www.daml.org/2001/12/factbook/factbook-ont#CountryPercent'/>
    <NS0:country rdf:resource='http://www.daml.org/2001/09/countries/fips#IT'/>
    <NS0:percent>37</NS0:percent>
  </rdf:Description>
  <rdf:Description rdf:about='#A3128'>
    <rdf:type rdf:resource='http://www.daml.org/2001/12/factbook/factbook-ont#OccupationPercent'/>
    <NS0:occupation rdf:resource='http://www.daml.org/2001/12/factbook/occupations#agriculture'/>
    <NS0:percent>50</NS0:percent>
  </rdf:Description>
  <rdf:Description rdf:about='#A2745'>
    <rdf:type rdf:resource='http://www.daml.org/2001/12/factbook/factbook-ont#LatLon'/>
    <NS0:latitude>41.0</NS0:latitude>
    <NS0:longitude>20.0</NS0:longitude>
  </rdf:Description>
  <rdf:Description rdf:about='#A2936'>
    <rdf:type rdf:resource='#District'/>
    <NS0:name>Elbasan</NS0:name>
  </rdf:Description>
  <rdf:Description rdf:about='#A119443'>
    <rdf:type rdf:resource='http://www.daml.org/2001/12/factbook/factbook-ont#CountryPercent'/>
    <NS0:country rdf:resource='http://www.daml.org/2001/09/countries/fips#AU'/>
    <NS0:percent>2</NS0:percent>
  </rdf:Description>
  <rdf:Description rdf:about='#A3229'>
    <NS0:year>1997</NS0:year>
  </rdf:Description>
  <rdf:Description rdf:about='#A2932'>
    <rdf:type rdf:resource='#District'/>
    <NS0:name>Durres</NS0:name>
  </rdf:Description>
  <rdf:Description rdf:about='#A119438'>
    <rdf:type rdf:resource='http://www.daml.org/2001/12/factbook/factbook-ont#CountryPercent'/>
    <NS0:country rdf:resource='http://www.daml.org/2001/09/countries/fips#GM'/>
    <NS0:percent>5</NS0:percent>
  </rdf:Description>
  <rdf:Description rdf:about='#A2928'>
    <rdf:type rdf:resource='#District'/>
    <NS0:name>Diber</NS0:name>
  </rdf:Description>
  <rdf:Description rdf:about='#A2848'>
    <rdf:type rdf:resource='http://www.daml.org/2001/12/factbook/factbook-ont#Estimate'/>
    <NS0:year>2001</NS0:year>
  </rdf:Description>
  <rdf:Description rdf:about='#A2924'>
    <rdf:type rdf:resource='#District'/>
    <NS0:name>Devoll</NS0:name>
  </rdf:Description>
  <rdf:Description rdf:about='#A3115'>
    <rdf:type rdf:resource='http://www.daml.org/2001/12/factbook/factbook-ont#Estimate'/>
    <NS0:year>2000</NS0:year>
  </rdf:Description>
  <rdf:Description rdf:about='#A119433'>
    <rdf:type rdf:resource='http://www.daml.org/2001/12/factbook/factbook-ont#CountryPercent'/>
    <NS0:country rdf:resource='http://www.daml.org/2001/09/countries/fips#GR'/>
    <NS0:percent>15</NS0:percent>
  </rdf:Description>
  <rdf:Description rdf:about='#A2845'>
    <rdf:type rdf:resource='http://www.daml.org/2001/12/factbook/factbook-ont#Estimate'/>
    <NS0:year>2001</NS0:year>
  </rdf:Description>
  <rdf:Description rdf:about='#A2920'>
    <rdf:type rdf:resource='#District'/>
    <NS0:name>Delvine</NS0:name>
  </rdf:Description>
  <rdf:Description rdf:about='#A119428'>
    <rdf:type rdf:resource='http://www.daml.org/2001/12/factbook/factbook-ont#CountryPercent'/>
    <NS0:country rdf:resource='http://www.daml.org/2001/09/countries/fips#IT'/>
    <NS0:percent>67</NS0:percent>
  </rdf:Description>
  <rdf:Description rdf:about='#A2916'>
    <rdf:type rdf:resource='#District'/>
    <NS0:name>Bulqize</NS0:name>
  </rdf:Description>
  <rdf:Description rdf:about='#A3231'>
    <NS0:year>1997</NS0:year>
  </rdf:Description>
  <rdf:Description rdf:about='#A119423'>
    <rdf:type rdf:resource='http://www.daml.org/2001/12/factbook/factbook-ont#Border'/>
    <NS0:country rdf:resource='http://www.daml.org/2001/09/countries/fips#SR'/>
    <NS0:distance>287</NS0:distance>
  </rdf:Description>
  <rdf:Description rdf:about='#A2912'>
    <rdf:type rdf:resource='#District'/>
    <NS0:name>Berat</NS0:name>
  </rdf:Description>
  <rdf:Description rdf:about='#A3291'>
    <rdf:type rdf:resource='http://www.daml.org/2001/12/factbook/factbook-ont#AirportBreakdown'/>
    <NS0:paved>false</NS0:paved>
    <NS0:maxRunway>913</NS0:maxRunway>
    <NS0:count>4 (2000 est.)</NS0:count>
  </rdf:Description>
  <rdf:Description rdf:about='#A119418'>
    <rdf:type rdf:resource='http://www.daml.org/2001/12/factbook/factbook-ont#Border'/>
    <NS0:country rdf:resource='http://www.daml.org/2001/09/countries/fips#GR'/>
    <NS0:distance>282</NS0:distance>
  </rdf:Description>
  <rdf:Description rdf:about='#A3241'>
    <rdf:type rdf:resource='http://www.daml.org/2001/12/factbook/factbook-ont#Estimate'/>
    <NS0:year>1998</NS0:year>
  </rdf:Description>
  <rdf:Description rdf:about='#A3158'>
    <NS0:year>1999</NS0:year>
  </rdf:Description>
  <rdf:Description rdf:about='#A2902'>
    <rdf:type rdf:resource='http://www.daml.org/2001/12/factbook/factbook-ont#CapitalCity'/>
    <NS0:name>Tirana</NS0:name>
  </rdf:Description>
  <rdf:Description rdf:about='#A3284'>
    <rdf:type rdf:resource='http://www.daml.org/2001/12/factbook/factbook-ont#AirportBreakdown'/>
    <NS0:paved>false</NS0:paved>
    <NS0:minRunway>914</NS0:minRunway>
    <NS0:maxRunway>1523</NS0:maxRunway>
    <NS0:count>2</NS0:count>
  </rdf:Description>
  <rdf:Description rdf:about='#A3310'>
    <NS0:note>FY99</NS0:note>
  </rdf:Description>
  <rdf:Description rdf:about='#A3277'>
    <rdf:type rdf:resource='http://www.daml.org/2001/12/factbook/factbook-ont#AirportBreakdown'/>
    <NS0:paved>false</NS0:paved>
    <NS0:minRunway>1524</NS0:minRunway>
    <NS0:maxRunway>2437</NS0:maxRunway>
    <NS0:count>1</NS0:count>
  </rdf:Description>
  <rdf:Description rdf:about='#A3109'>
    <rdf:type rdf:resource='http://www.daml.org/2001/12/factbook/factbook-ont#Estimate'/>
    <NS0:year>2000</NS0:year>
  </rdf:Description>
  <rdf:Description rdf:about='#A3175'>
    <rdf:type rdf:resource='http://www.daml.org/2001/12/factbook/factbook-ont#Estimate'/>
    <NS0:note>f.o.b., 2000</NS0:note>
  </rdf:Description>
  <rdf:Description rdf:about='#A3271'>
    <rdf:type rdf:resource='http://www.daml.org/2001/12/factbook/factbook-ont#AirportBreakdown'/>
    <NS0:paved>false</NS0:paved>
    <NS0:minRunway>3048</NS0:minRunway>
    <NS0:count>1</NS0:count>
  </rdf:Description>
  <rdf:Description rdf:about='#A2888'>
    <rdf:type rdf:resource='http://www.daml.org/2001/12/factbook/factbook-ont#LanguagePercent'/>
    <NS0:language rdf:resource='http://www.daml.org/2001/12/factbook/languages#Greek'/>
  </rdf:Description>
  <rdf:Description rdf:about='#A3125'>
    <rdf:type rdf:resource='http://www.daml.org/2001/12/factbook/factbook-ont#Estimate'/>
    <NS0:year>2000</NS0:year>
  </rdf:Description>
  <rdf:Description rdf:about='#A2883'>
    <rdf:type rdf:resource='http://www.daml.org/2001/12/factbook/factbook-ont#LanguagePercent'/>
    <NS0:language rdf:resource='http://www.daml.org/2001/12/factbook/languages#Albanian'/>
  </rdf:Description>
  <rdf:Description rdf:about='#A3264'>
    <rdf:type rdf:resource='http://www.daml.org/2001/12/factbook/factbook-ont#AirportBreakdown'/>
    <NS0:paved>true</NS0:paved>
    <NS0:minRunway>2438</NS0:minRunway>
    <NS0:maxRunway>3047</NS0:maxRunway>
    <NS0:count>3 (2000 est.)</NS0:count>
  </rdf:Description>
  <rdf:Description rdf:about='#A3234'>
    <NS0:year>2000</NS0:year>
  </rdf:Description>
  <rdf:Description rdf:about='#A119472'>
    <NS0:note>2000</NS0:note>
  </rdf:Description>
  <rdf:Description rdf:about='#A2878'>
    <rdf:type rdf:resource='http://www.daml.org/2001/12/factbook/factbook-ont#ReligionPercent'/>
    <NS0:religion rdf:resource='http://www.daml.org/2001/12/factbook/religions#Roman_Catholic'/>
    <NS0:percent>10</NS0:percent>
  </rdf:Description>
  <rdf:Description rdf:about='#A3257'>
    <rdf:type rdf:resource='http://www.daml.org/2001/12/factbook/factbook-ont#Port'/>
    <NS0:name>Vlore</NS0:name>
  </rdf:Description>
  <rdf:Description rdf:about='#A2813'>
    <rdf:type rdf:resource='http://www.daml.org/2001/12/factbook/factbook-ont#Estimate'/>
    <NS0:year>2001</NS0:year>
  </rdf:Description>
  <rdf:Description rdf:about='#A2873'>
    <rdf:type rdf:resource='http://www.daml.org/2001/12/factbook/factbook-ont#ReligionPercent'/>
    <NS0:religion rdf:resource='http://www.daml.org/2001/12/factbook/religions#Albanian_Orthodox'/>
    <NS0:percent>20</NS0:percent>
  </rdf:Description>
  <rdf:Description rdf:about='#A3253'>
    <rdf:type rdf:resource='http://www.daml.org/2001/12/factbook/factbook-ont#Port'/>
    <NS0:name>Shengjin</NS0:name>
  </rdf:Description>
  <rdf:Description rdf:about='#A3162'>
    <NS0:year>1999</NS0:year>
  </rdf:Description>
  <rdf:Description rdf:about='#A2868'>
    <rdf:type rdf:resource='http://www.daml.org/2001/12/factbook/factbook-ont#ReligionPercent'/>
    <NS0:religion rdf:resource='http://www.daml.org/2001/12/factbook/religions#Muslim'/>
    <NS0:percent>70</NS0:percent>
  </rdf:Description>
  <rdf:Description rdf:about='#A3249'>
    <rdf:type rdf:resource='http://www.daml.org/2001/12/factbook/factbook-ont#Port'/>
    <NS0:name>Sarande</NS0:name>
  </rdf:Description>
  <rdf:Description rdf:about='#A3056'>
    <rdf:type rdf:resource='#District'/>
    <NS0:name>Vlore</NS0:name>
  </rdf:Description>
</rdf:RDF>
