<?xml version='1.0' encoding='ISO-8859-1'?>
<rdf:RDF
  xmlns:rdf='http://www.w3.org/1999/02/22-rdf-syntax-ns#'
  xmlns:NS0='http://www.daml.org/2001/12/factbook/factbook-ont#'
  xmlns:rdfs='http://www.w3.org/2000/01/rdf-schema#'
  xml:base="http://www.daml.org/2001/12/factbook/an">
  <rdf:Description rdf:about='#A4006'>
    <rdf:type rdf:resource='http://www.daml.org/2001/12/factbook/factbook-ont#OccupationPercent'/>
    <NS0:occupation rdf:resource='http://www.daml.org/2001/12/factbook/occupations#agriculture'/>
    <NS0:percent>1</NS0:percent>
  </rdf:Description>
  <rdf:Description rdf:about='#A3812'>
    <rdf:type rdf:resource='http://www.daml.org/2001/12/factbook/factbook-ont#ElevationExtreme'/>
    <NS0:name>Coma Pedrosa</NS0:name>
    <NS0:elevation>2946</NS0:elevation>
  </rdf:Description>
  <rdf:Description rdf:about='#A3807'>
    <rdf:type rdf:resource='http://www.daml.org/2001/12/factbook/factbook-ont#ElevationExtreme'/>
    <NS0:name>Riu Runer</NS0:name>
    <NS0:elevation>840</NS0:elevation>
  </rdf:Description>
  <rdf:Description rdf:about='#A4084'>
    <rdf:type rdf:resource='http://www.daml.org/2001/12/factbook/factbook-ont#Estimate'/>
    <NS0:year>1994</NS0:year>
  </rdf:Description>
  <rdf:Description rdf:about='#A3877'>
    <rdf:type rdf:resource='http://www.daml.org/2001/12/factbook/factbook-ont#Estimate'/>
    <NS0:year>2001</NS0:year>
  </rdf:Description>
  <rdf:Description rdf:about='#A3792'>
    <rdf:type rdf:resource='http://www.daml.org/2001/12/factbook/factbook-ont#LatLon'/>
    <NS0:latitude>42.5</NS0:latitude>
    <NS0:longitude>1.5</NS0:longitude>
  </rdf:Description>
  <rdf:Description rdf:about='#A3998'>
    <rdf:type rdf:resource='http://www.daml.org/2001/12/factbook/factbook-ont#Estimate'/>
    <NS0:year>1996</NS0:year>
  </rdf:Description>
  <rdf:Description rdf:about='#A3917'>
    <NS0:note>predominant</NS0:note>
  </rdf:Description>
  <rdf:Description rdf:about='#A3972'>
    <rdf:type rdf:resource='#Parish'/>
    <NS0:name>Sant Julia de Loria</NS0:name>
  </rdf:Description>
  <rdf:Description rdf:about='#A3968'>
    <rdf:type rdf:resource='#Parish'/>
    <NS0:name>Ordino</NS0:name>
  </rdf:Description>
  <rdf:Description rdf:about='#A3964'>
    <rdf:type rdf:resource='#Parish'/>
    <NS0:name>Escaldes-Engordany</NS0:name>
  </rdf:Description>
  <rdf:Description rdf:about='#A4080'>
    <NS0:year>2000</NS0:year>
  </rdf:Description>
  <rdf:Description rdf:about='#A3960'>
    <rdf:type rdf:resource='#Parish'/>
    <NS0:name>La Massana</NS0:name>
  </rdf:Description>
  <rdf:Description rdf:about='#A3842'>
    <rdf:type rdf:resource='http://www.daml.org/2001/12/factbook/factbook-ont#Estimate'/>
    <NS0:year>2001</NS0:year>
  </rdf:Description>
  <rdf:Description rdf:about='#A3956'>
    <rdf:type rdf:resource='#Parish'/>
    <NS0:name>Encamp</NS0:name>
  </rdf:Description>
  <rdf:Description rdf:about='#A3952'>
    <rdf:type rdf:resource='#Parish'/>
    <NS0:name>Canillo</NS0:name>
  </rdf:Description>
  <rdf:Description rdf:about='#A3948'>
    <rdf:type rdf:resource='#Parish'/>
    <NS0:name>Andorra la Vella</NS0:name>
  </rdf:Description>
  <rdf:Description rdf:about='#A3912'>
    <NS0:year>1998</NS0:year>
  </rdf:Description>
  <rdf:Description rdf:about='#A3922'>
    <NS0:note>official</NS0:note>
  </rdf:Description>
  <rdf:Description rdf:about='#A3941'>
    <rdf:type rdf:resource='http://www.daml.org/2001/12/factbook/factbook-ont#CapitalCity'/>
    <NS0:name>Andorra la Vella</NS0:name>
  </rdf:Description>
  <rdf:Description rdf:about='#A4047'>
    <NS0:note>c.i.f., 1998</NS0:note>
  </rdf:Description>
  <rdf:Description rdf:about='#A4037'>
    <NS0:note>f.o.b., 1998</NS0:note>
  </rdf:Description>
  <rdf:Description rdf:about='#A4004'>
    <NS0:year>1998</NS0:year>
  </rdf:Description>
  <rdf:Description rdf:about='#A3928'>
    <rdf:type rdf:resource='http://www.daml.org/2001/12/factbook/factbook-ont#LanguagePercent'/>
    <NS0:language rdf:resource='http://www.daml.org/2001/12/factbook/languages#Castilian'/>
  </rdf:Description>
  <rdf:Description rdf:about='#Parish'>
    <rdf:type rdf:resource='http://www.w3.org/2000/01/rdf-schema#Class'/>
    <rdfs:subClassOf rdf:resource='http://www.daml.org/2001/12/factbook/factbook-ont#AdministrativeDivision'/>
    <rdfs:label>Parish</rdfs:label>
  </rdf:Description>
  <rdf:Description rdf:about='#A3924'>
    <rdf:type rdf:resource='http://www.daml.org/2001/12/factbook/factbook-ont#LanguagePercent'/>
    <NS0:language rdf:resource='http://www.daml.org/2001/12/factbook/languages#French'/>
  </rdf:Description>
  <rdf:Description rdf:about='#A3919'>
    <rdf:type rdf:resource='http://www.daml.org/2001/12/factbook/factbook-ont#LanguagePercent'/>
    <NS0:language rdf:resource='http://www.daml.org/2001/12/factbook/languages#Catalan'/>
  </rdf:Description>
  <rdf:Description rdf:about='#A3826'>
    <rdf:type rdf:resource='http://www.daml.org/2001/12/factbook/factbook-ont#Estimate'/>
    <NS0:year>1998</NS0:year>
  </rdf:Description>
  <rdf:Description rdf:about='#A3845'>
    <rdf:type rdf:resource='http://www.daml.org/2001/12/factbook/factbook-ont#Estimate'/>
    <NS0:year>2001</NS0:year>
  </rdf:Description>
  <rdf:Description rdf:about='#A3914'>
    <rdf:type rdf:resource='http://www.daml.org/2001/12/factbook/factbook-ont#ReligionPercent'/>
    <NS0:religion rdf:resource='http://www.daml.org/2001/12/factbook/religions#Roman_Catholic'/>
  </rdf:Description>
  <rdf:Description rdf:about='#A3803'>
    <NS0:note>landlocked</NS0:note>
  </rdf:Description>
  <rdf:Description rdf:about='#A4073'>
    <NS0:year>1997</NS0:year>
  </rdf:Description>
  <rdf:Description rdf:about='#A3908'>
    <rdf:type rdf:resource='http://www.daml.org/2001/12/factbook/factbook-ont#EthnicGroupPercent'/>
    <NS0:ethnicGroup rdf:resource='http://www.daml.org/2001/12/factbook/ethnicGroups#other'/>
    <NS0:percent>6</NS0:percent>
  </rdf:Description>
  <rdf:Description rdf:about='#A4066'>
    <NS0:note>December 1998</NS0:note>
  </rdf:Description>
  <rdf:Description rdf:about='#A3903'>
    <rdf:type rdf:resource='http://www.daml.org/2001/12/factbook/factbook-ont#EthnicGroupPercent'/>
    <NS0:ethnicGroup rdf:resource='http://www.daml.org/2001/12/factbook/ethnicGroups#French'/>
    <NS0:percent>7</NS0:percent>
  </rdf:Description>
  <rdf:Description rdf:about='#A3898'>
    <rdf:type rdf:resource='http://www.daml.org/2001/12/factbook/factbook-ont#EthnicGroupPercent'/>
    <NS0:ethnicGroup rdf:resource='http://www.daml.org/2001/12/factbook/ethnicGroups#Portuguese'/>
    <NS0:percent>11</NS0:percent>
  </rdf:Description>
  <rdf:Description rdf:about='http://www.daml.org/2001/09/countries/fips#AN'>
    <NS0:background>Long isolated and impoverished, mountainous Andorra has achieved considerable prosperity since World War II through its tourist industry. Many immigrants (legal and illegal) are attracted to the thriving economy with its lack of income taxes.</NS0:background>
    <NS0:location>Southwestern Europe, between France and Spain</NS0:location>
    <NS0:geographicCoordinates rdf:resource='#A3792'/>
    <NS0:mapReferences>Europe</NS0:mapReferences>
    <NS0:totalArea>468</NS0:totalArea>
    <NS0:landArea>468</NS0:landArea>
    <NS0:waterArea>0</NS0:waterArea>
    <NS0:comparativeArea>2.5 times the size of Washington, DC</NS0:comparativeArea>
    <NS0:landBoundaries>120.3</NS0:landBoundaries>
    <NS0:coastline rdf:ID='A3803'>0</NS0:coastline>
    <NS0:climate>temperate; snowy, cold winters and warm, dry summers</NS0:climate>
    <NS0:terrain>rugged mountains dissected by narrow valleys</NS0:terrain>
    <NS0:lowestPoint rdf:resource='#A3807'/>
    <NS0:highestPoint rdf:resource='#A3812'/>
    <NS0:naturalResource rdf:resource='http://www.daml.org/2001/12/factbook/naturalResources#hydropower'/>
    <NS0:naturalResource rdf:resource='http://www.daml.org/2001/12/factbook/naturalResources#mineral_water'/>
    <NS0:naturalResource rdf:resource='http://www.daml.org/2001/12/factbook/naturalResources#timber'/>
    <NS0:naturalResource rdf:resource='http://www.daml.org/2001/12/factbook/naturalResources#iron_ore'/>
    <NS0:naturalResource rdf:resource='http://www.daml.org/2001/12/factbook/naturalResources#lead'/>
    <NS0:arableLand>4</NS0:arableLand>
    <NS0:permanentCrops>0</NS0:permanentCrops>
    <NS0:permanentPastures>45</NS0:permanentPastures>
    <NS0:forestsAndWoodland>35</NS0:forestsAndWoodland>
    <NS0:otherLandUse rdf:ID='A3826'>16</NS0:otherLandUse>
    <NS0:naturalHazard>snowslides, avalanches</NS0:naturalHazard>
    <NS0:environmentalIssue>deforestation</NS0:environmentalIssue>
    <NS0:environmentalIssue>overgrazing of mountain meadows contributes to soil erosion</NS0:environmentalIssue>
    <NS0:environmentalIssue>air pollution</NS0:environmentalIssue>
    <NS0:environmentalIssue>wastewater treatment and solid waste disposal</NS0:environmentalIssue>
    <NS0:environmentalAgreementPartyTo rdf:resource='http://www.daml.org/2001/12/factbook/environmentalAgreements#Hazardous_Wastes'/>
    <NS0:environmentalAgreementSigned rdf:resource='http://www.daml.org/2001/12/factbook/environmentalAgreements#none_of_the_selected_agreements'/>
    <NS0:population rdf:ID='A3836'>67627</NS0:population>
    <NS0:populationGrowthRate rdf:ID='A3839'>1.17</NS0:populationGrowthRate>
    <NS0:birthRate rdf:ID='A3842'>10.29</NS0:birthRate>
    <NS0:deathRate rdf:ID='A3845'>5.41</NS0:deathRate>
    <NS0:netMigrationRate rdf:ID='A3848'>6.82</NS0:netMigrationRate>
    <NS0:sexRatio rdf:resource='#A3851'/>
    <NS0:sexRatio rdf:resource='#A3857'/>
    <NS0:sexRatio rdf:resource='#A3863'/>
    <NS0:sexRatio rdf:resource='#A3869'/>
    <NS0:sexRatio rdf:ID='A3877' rdf:resource='#A3874'/>
    <NS0:infantMortalityRate rdf:ID='A3880'>4.08</NS0:infantMortalityRate>
    <NS0:totalFertilityRate rdf:ID='A3883'>1.25</NS0:totalFertilityRate>
    <NS0:nationalityNoun>Andorran(s)</NS0:nationalityNoun>
    <NS0:nationalityAdjective>Andorran</NS0:nationalityAdjective>
    <NS0:ethnicGroup rdf:resource='#A3888'/>
    <NS0:ethnicGroup rdf:resource='#A3893'/>
    <NS0:ethnicGroup rdf:resource='#A3898'/>
    <NS0:ethnicGroup rdf:resource='#A3903'/>
    <NS0:ethnicGroup rdf:ID='A3912' rdf:resource='#A3908'/>
    <NS0:religion rdf:ID='A3917' rdf:resource='#A3914'/>
    <NS0:language rdf:ID='A3922' rdf:resource='#A3919'/>
    <NS0:language rdf:resource='#A3924'/>
    <NS0:language rdf:resource='#A3928'/>
    <NS0:literacyDefinition>NA</NS0:literacyDefinition>
    <NS0:literacyTotal>100</NS0:literacyTotal>
    <NS0:conventionalLongCountryName>Principality of Andorra</NS0:conventionalLongCountryName>
    <NS0:conventionalShortCountryName>Andorra</NS0:conventionalShortCountryName>
    <NS0:localLongCountryName>Principat d&apos;Andorra</NS0:localLongCountryName>
    <NS0:localShortCountryName>Andorra</NS0:localShortCountryName>
    <NS0:governmentType rdf:resource='http://www.daml.org/2001/12/factbook/governmentTypes#parliamentary_democracy_that_retains_as_its_heads_of_state_a_coprincipality;_the_two_princes_are_the_president_of_France_and_bishop_of_Seo_de_Urgel'/>
    <NS0:governmentType rdf:resource='http://www.daml.org/2001/12/factbook/governmentTypes#Spain'/>
    <NS0:governmentType rdf:resource='http://www.daml.org/2001/12/factbook/governmentTypes#who_are_represented_locally_by_coprinces__representatives'/>
    <NS0:capital rdf:resource='#A3941'/>
    <NS0:administrativeDivision rdf:resource='#A3948'/>
    <NS0:administrativeDivision rdf:resource='#A3952'/>
    <NS0:administrativeDivision rdf:resource='#A3956'/>
    <NS0:administrativeDivision rdf:resource='#A3960'/>
    <NS0:administrativeDivision rdf:resource='#A3964'/>
    <NS0:administrativeDivision rdf:resource='#A3968'/>
    <NS0:administrativeDivision rdf:resource='#A3972'/>
    <NS0:independence>1278 (was formed under the joint suzerainty of France and Spain)</NS0:independence>
    <NS0:constitution>Andorra&apos;s first written constitution was drafted in 1991; approved by referendum 14 March 1993; came into force 4 May 1993</NS0:constitution>
    <NS0:legalSystem>based on French and Spanish civil codes; no judicial review of legislative acts; has not accepted compulsory ICJ jurisdiction</NS0:legalSystem>
    <NS0:suffrage>18 years of age; universal</NS0:suffrage>
    <NS0:participatesIn rdf:resource='http://www.daml.org/2001/12/factbook/internationalOrganizations#CCC'/>
    <NS0:participatesIn rdf:resource='http://www.daml.org/2001/12/factbook/internationalOrganizations#CE'/>
    <NS0:participatesIn rdf:resource='http://www.daml.org/2001/12/factbook/internationalOrganizations#ECE'/>
    <NS0:participatesIn rdf:resource='http://www.daml.org/2001/12/factbook/internationalOrganizations#ICAO'/>
    <NS0:participatesIn rdf:resource='http://www.daml.org/2001/12/factbook/internationalOrganizations#ICRM'/>
    <NS0:participatesIn rdf:resource='http://www.daml.org/2001/12/factbook/internationalOrganizations#IFRCS'/>
    <NS0:participatesIn rdf:resource='http://www.daml.org/2001/12/factbook/internationalOrganizations#Interpol'/>
    <NS0:participatesIn rdf:resource='http://www.daml.org/2001/12/factbook/internationalOrganizations#IOC'/>
    <NS0:participatesIn rdf:resource='http://www.daml.org/2001/12/factbook/internationalOrganizations#ITU'/>
    <NS0:participatesIn rdf:resource='http://www.daml.org/2001/12/factbook/internationalOrganizations#OSCE'/>
    <NS0:participatesIn rdf:resource='http://www.daml.org/2001/12/factbook/internationalOrganizations#UN'/>
    <NS0:participatesIn rdf:resource='http://www.daml.org/2001/12/factbook/internationalOrganizations#UNESCO'/>
    <NS0:participatesIn rdf:resource='http://www.daml.org/2001/12/factbook/internationalOrganizations#WHO'/>
    <NS0:participatesIn rdf:resource='http://www.daml.org/2001/12/factbook/internationalOrganizations#WIPO'/>
    <NS0:participatesIn rdf:resource='http://www.daml.org/2001/12/factbook/internationalOrganizations#WToO'/>
    <NS0:participatesIn rdf:resource='http://www.daml.org/2001/12/factbook/internationalOrganizations#WTrO'/>
    <NS0:flagDescription>three equal vertical bands of blue (hoist side), yellow, and red with the national coat of arms centered in the yellow band; the coat of arms features a quartered shield; similar to the flags of Chad and Romania, which do not have a national coat of arms in the center, and the flag of Moldova, which does bear a national emblem</NS0:flagDescription>
    <NS0:economyOverview>Tourism, the mainstay of Andorra&apos;s tiny, well-to-do economy, accounts for roughly 80% of GDP. An estimated 9 million tourists visit annually, attracted by Andorra&apos;s duty-free status and by its summer and winter resorts. Andorra&apos;s comparative advantage has recently eroded as the economies of neighboring France and Spain have been opened up, providing broader availability of goods and lower tariffs. The banking sector, with its &quot;tax haven&quot; status, also contributes substantially to the economy. Agricultural production is limited by a scarcity of arable land, and most food has to be imported. The principal livestock activity is sheep raising. Manufacturing output consists mainly of cigarettes, cigars, and furniture. Andorra is a member of the EU Customs Union and is treated as an EU member for trade in manufactured goods (no tariffs) and as a non-EU member for agricultural products.</NS0:economyOverview>
    <NS0:grossDomesticProduct rdf:ID='A3998'>1200000000</NS0:grossDomesticProduct>
    <NS0:grossDomesticProductPerCapita rdf:ID='A4001'>18000</NS0:grossDomesticProductPerCapita>
    <NS0:inflationRate rdf:ID='A4004'>1.62</NS0:inflationRate>
    <NS0:occupation rdf:resource='#A4006'/>
    <NS0:occupation rdf:resource='#A4011'/>
    <NS0:occupation rdf:ID='A4020' rdf:resource='#A4016'/>
    <NS0:unemploymentRate>0</NS0:unemploymentRate>
    <NS0:budgetRevenues>385000000</NS0:budgetRevenues>
    <NS0:budgetExpenditures>342000000</NS0:budgetExpenditures>
    <NS0:industry rdf:resource='http://www.daml.org/2001/12/factbook/industries#tourism'/>
    <NS0:industry rdf:resource='http://www.daml.org/2001/12/factbook/industries#cattle_raising'/>
    <NS0:industry rdf:resource='http://www.daml.org/2001/12/factbook/industries#timber'/>
    <NS0:industry rdf:resource='http://www.daml.org/2001/12/factbook/industries#tobacco'/>
    <NS0:industry rdf:resource='http://www.daml.org/2001/12/factbook/industries#banking'/>
    <NS0:agricultureProduct rdf:resource='http://www.daml.org/2001/12/factbook/agricultureProducts#small_quantities_of_tobacco'/>
    <NS0:agricultureProduct rdf:resource='http://www.daml.org/2001/12/factbook/agricultureProducts#rye'/>
    <NS0:agricultureProduct rdf:resource='http://www.daml.org/2001/12/factbook/agricultureProducts#wheat'/>
    <NS0:agricultureProduct rdf:resource='http://www.daml.org/2001/12/factbook/agricultureProducts#barley'/>
    <NS0:agricultureProduct rdf:resource='http://www.daml.org/2001/12/factbook/agricultureProducts#oats'/>
    <NS0:agricultureProduct rdf:resource='http://www.daml.org/2001/12/factbook/agricultureProducts#vegetables'/>
    <NS0:agricultureProduct rdf:resource='http://www.daml.org/2001/12/factbook/agricultureProducts#sheep'/>
    <NS0:exports rdf:ID='A4037'>58000000</NS0:exports>
    <NS0:exportsCommodity rdf:resource='#A4039'/>
    <NS0:exportsCommodity rdf:resource='#A4043'/>
    <NS0:imports rdf:ID='A4047'>1077000000</NS0:imports>
    <NS0:importsCommodity rdf:resource='#A4049'/>
    <NS0:importsCommodity rdf:resource='#A4053'/>
    <NS0:importsCommodity rdf:resource='#A4057'/>
    <NS0:currency>French franc (FRF); Spanish peseta (ESP); euro (EUR)</NS0:currency>
    <NS0:currencyCode>FRF; ESP; EUR</NS0:currencyCode>
    <NS0:fiscalYear>calendar year</NS0:fiscalYear>
    <NS0:mainTelephoneLines rdf:ID='A4064'>32946</NS0:mainTelephoneLines>
    <NS0:mobileTelephoneLines rdf:ID='A4066'>14117</NS0:mobileTelephoneLines>
    <NS0:telephoneSystemGeneralAssessment>NA</NS0:telephoneSystemGeneralAssessment>
    <NS0:telephoneSystemDomestic>modern system with microwave radio relay connections between exchanges</NS0:telephoneSystemDomestic>
    <NS0:telephoneSystemInternational>landline circuits to France and Spain</NS0:telephoneSystemInternational>
    <NS0:radios rdf:ID='A4071'>16000</NS0:radios>
    <NS0:televisionBroadcastStations rdf:ID='A4073'>0</NS0:televisionBroadcastStations>
    <NS0:televisions rdf:ID='A4075'>27000</NS0:televisions>
    <NS0:internetCountryCode>.ad</NS0:internetCountryCode>
    <NS0:internetServiceProviders rdf:ID='A4078'>1</NS0:internetServiceProviders>
    <NS0:internetUsers rdf:ID='A4080'>5000</NS0:internetUsers>
    <NS0:highwaysTotal>269</NS0:highwaysTotal>
    <NS0:highwaysPaved>198</NS0:highwaysPaved>
    <NS0:highwaysUnpaved rdf:ID='A4084'>71</NS0:highwaysUnpaved>
    <NS0:port rdf:resource='#A4087'/>
    <NS0:internationalDispute>none</NS0:internationalDispute>
    <NS0:smallFlag>http://www.cia.gov/cia/publications/factbook/flags/an-flag.jpg</NS0:smallFlag>
    <NS0:largeFlag>http://www.cia.gov/cia/publications/factbook/flags/an-lgflag.jpg</NS0:largeFlag>
    <NS0:map>http://www.cia.gov/cia/publications/factbook/maps/an-map.jpg</NS0:map>
    <NS0:border rdf:resource='#A119601'/>
    <NS0:border rdf:resource='#A119606'/>
    <NS0:exportPartner rdf:resource='#A119611'/>
    <NS0:exportPartner rdf:ID='A119620' rdf:resource='#A119616'/>
    <NS0:importPartner rdf:resource='#A119622'/>
    <NS0:importPartner rdf:resource='#A119627'/>
    <NS0:importPartner rdf:ID='A119636' rdf:resource='#A119632'/>
  </rdf:Description>
  <rdf:Description rdf:about='#A4087'>
    <rdf:type rdf:resource='http://www.daml.org/2001/12/factbook/factbook-ont#Port'/>
    <NS0:name>none</NS0:name>
  </rdf:Description>
  <rdf:Description rdf:about='#A3893'>
    <rdf:type rdf:resource='http://www.daml.org/2001/12/factbook/factbook-ont#EthnicGroupPercent'/>
    <NS0:ethnicGroup rdf:resource='http://www.daml.org/2001/12/factbook/ethnicGroups#Andorran'/>
    <NS0:percent>33</NS0:percent>
  </rdf:Description>
  <rdf:Description rdf:about='#A3888'>
    <rdf:type rdf:resource='http://www.daml.org/2001/12/factbook/factbook-ont#EthnicGroupPercent'/>
    <NS0:ethnicGroup rdf:resource='http://www.daml.org/2001/12/factbook/ethnicGroups#Spanish'/>
    <NS0:percent>43</NS0:percent>
  </rdf:Description>
  <rdf:Description rdf:about='#A119632'>
    <rdf:type rdf:resource='http://www.daml.org/2001/12/factbook/factbook-ont#CountryPercent'/>
    <NS0:country rdf:resource='http://www.daml.org/2001/09/countries/fips#US'/>
    <NS0:percent>2.3</NS0:percent>
  </rdf:Description>
  <rdf:Description rdf:about='#A4064'>
    <NS0:note>December 1998</NS0:note>
  </rdf:Description>
  <rdf:Description rdf:about='#A119627'>
    <rdf:type rdf:resource='http://www.daml.org/2001/12/factbook/factbook-ont#CountryPercent'/>
    <NS0:country rdf:resource='http://www.daml.org/2001/09/countries/fips#FR'/>
    <NS0:percent>35</NS0:percent>
  </rdf:Description>
  <rdf:Description rdf:about='#A3883'>
    <rdf:type rdf:resource='http://www.daml.org/2001/12/factbook/factbook-ont#Estimate'/>
    <NS0:year>2001</NS0:year>
  </rdf:Description>
  <rdf:Description rdf:about='#A119622'>
    <rdf:type rdf:resource='http://www.daml.org/2001/12/factbook/factbook-ont#CountryPercent'/>
    <NS0:country rdf:resource='http://www.daml.org/2001/09/countries/fips#SP'/>
    <NS0:percent>48</NS0:percent>
  </rdf:Description>
  <rdf:Description rdf:about='#A119636'>
    <NS0:note>1998</NS0:note>
  </rdf:Description>
  <rdf:Description rdf:about='#A3874'>
    <rdf:type rdf:resource='http://www.daml.org/2001/12/factbook/factbook-ont#SexRatioBreakdown'/>
    <NS0:ratio>1.1</NS0:ratio>
  </rdf:Description>
  <rdf:Description rdf:about='#A119616'>
    <rdf:type rdf:resource='http://www.daml.org/2001/12/factbook/factbook-ont#CountryPercent'/>
    <NS0:country rdf:resource='http://www.daml.org/2001/09/countries/fips#SP'/>
    <NS0:percent>58</NS0:percent>
  </rdf:Description>
  <rdf:Description rdf:about='#A3869'>
    <rdf:type rdf:resource='http://www.daml.org/2001/12/factbook/factbook-ont#SexRatioBreakdown'/>
    <NS0:minAge>65</NS0:minAge>
    <NS0:ratio>1.01</NS0:ratio>
  </rdf:Description>
  <rdf:Description rdf:about='#A4057'>
    <rdf:type rdf:resource='http://www.daml.org/2001/12/factbook/factbook-ont#CommodityPercent'/>
    <NS0:importsCommodity rdf:resource='http://www.daml.org/2001/12/factbook/commodities#electricity'/>
  </rdf:Description>
  <rdf:Description rdf:about='#A119611'>
    <rdf:type rdf:resource='http://www.daml.org/2001/12/factbook/factbook-ont#CountryPercent'/>
    <NS0:country rdf:resource='http://www.daml.org/2001/09/countries/fips#FR'/>
    <NS0:percent>34</NS0:percent>
  </rdf:Description>
  <rdf:Description rdf:about='#A4020'>
    <NS0:year>1998</NS0:year>
  </rdf:Description>
  <rdf:Description rdf:about='#A3839'>
    <rdf:type rdf:resource='http://www.daml.org/2001/12/factbook/factbook-ont#Estimate'/>
    <NS0:year>2001</NS0:year>
  </rdf:Description>
  <rdf:Description rdf:about='#A3863'>
    <rdf:type rdf:resource='http://www.daml.org/2001/12/factbook/factbook-ont#SexRatioBreakdown'/>
    <NS0:minAge>15</NS0:minAge>
    <NS0:maxAge>64</NS0:maxAge>
    <NS0:ratio>1.11</NS0:ratio>
  </rdf:Description>
  <rdf:Description rdf:about='#A4053'>
    <rdf:type rdf:resource='http://www.daml.org/2001/12/factbook/factbook-ont#CommodityPercent'/>
    <NS0:importsCommodity rdf:resource='http://www.daml.org/2001/12/factbook/commodities#food'/>
  </rdf:Description>
  <rdf:Description rdf:about='#A119606'>
    <rdf:type rdf:resource='http://www.daml.org/2001/12/factbook/factbook-ont#Border'/>
    <NS0:country rdf:resource='http://www.daml.org/2001/09/countries/fips#SP'/>
    <NS0:distance>63.7</NS0:distance>
  </rdf:Description>
  <rdf:Description rdf:about='#A4049'>
    <rdf:type rdf:resource='http://www.daml.org/2001/12/factbook/factbook-ont#CommodityPercent'/>
    <NS0:importsCommodity rdf:resource='http://www.daml.org/2001/12/factbook/commodities#consumer_goods'/>
  </rdf:Description>
  <rdf:Description rdf:about='#A3857'>
    <rdf:type rdf:resource='http://www.daml.org/2001/12/factbook/factbook-ont#SexRatioBreakdown'/>
    <NS0:minAge>0</NS0:minAge>
    <NS0:maxAge>14</NS0:maxAge>
    <NS0:ratio>1.1</NS0:ratio>
  </rdf:Description>
  <rdf:Description rdf:about='#A3880'>
    <rdf:type rdf:resource='http://www.daml.org/2001/12/factbook/factbook-ont#Estimate'/>
    <NS0:year>2001</NS0:year>
  </rdf:Description>
  <rdf:Description rdf:about='#A4001'>
    <rdf:type rdf:resource='http://www.daml.org/2001/12/factbook/factbook-ont#Estimate'/>
    <NS0:year>1996</NS0:year>
  </rdf:Description>
  <rdf:Description rdf:about='#A3848'>
    <rdf:type rdf:resource='http://www.daml.org/2001/12/factbook/factbook-ont#Estimate'/>
    <NS0:year>2001</NS0:year>
  </rdf:Description>
  <rdf:Description rdf:about='#A4075'>
    <NS0:year>1997</NS0:year>
  </rdf:Description>
  <rdf:Description rdf:about='#A119601'>
    <rdf:type rdf:resource='http://www.daml.org/2001/12/factbook/factbook-ont#Border'/>
    <NS0:country rdf:resource='http://www.daml.org/2001/09/countries/fips#FR'/>
    <NS0:distance>56.6</NS0:distance>
  </rdf:Description>
  <rdf:Description rdf:about='#A4043'>
    <rdf:type rdf:resource='http://www.daml.org/2001/12/factbook/factbook-ont#CommodityPercent'/>
    <NS0:exportsCommodity rdf:resource='http://www.daml.org/2001/12/factbook/commodities#furniture'/>
  </rdf:Description>
  <rdf:Description rdf:about='#A3851'>
    <rdf:type rdf:resource='http://www.daml.org/2001/12/factbook/factbook-ont#SexRatioBreakdown'/>
    <NS0:minAge>0</NS0:minAge>
    <NS0:maxAge>0</NS0:maxAge>
    <NS0:ratio>1.07</NS0:ratio>
  </rdf:Description>
  <rdf:Description rdf:about='#A4039'>
    <rdf:type rdf:resource='http://www.daml.org/2001/12/factbook/factbook-ont#CommodityPercent'/>
    <NS0:exportsCommodity rdf:resource='http://www.daml.org/2001/12/factbook/commodities#tobacco_products'/>
  </rdf:Description>
  <rdf:Description rdf:about='#A4071'>
    <NS0:year>1997</NS0:year>
  </rdf:Description>
  <rdf:Description rdf:about='#A4078'>
    <NS0:year>2000</NS0:year>
  </rdf:Description>
  <rdf:Description rdf:about='#A3836'>
    <rdf:type rdf:resource='http://www.daml.org/2001/12/factbook/factbook-ont#Estimate'/>
    <NS0:note>July 2001</NS0:note>
  </rdf:Description>
  <rdf:Description rdf:about='#A119620'>
    <NS0:note>1998</NS0:note>
  </rdf:Description>
  <rdf:Description rdf:about='#A4016'>
    <rdf:type rdf:resource='http://www.daml.org/2001/12/factbook/factbook-ont#OccupationPercent'/>
    <NS0:occupation rdf:resource='http://www.daml.org/2001/12/factbook/occupations#services'/>
    <NS0:percent>78</NS0:percent>
  </rdf:Description>
  <rdf:Description rdf:about='#A4011'>
    <rdf:type rdf:resource='http://www.daml.org/2001/12/factbook/factbook-ont#OccupationPercent'/>
    <NS0:occupation rdf:resource='http://www.daml.org/2001/12/factbook/occupations#industry'/>
    <NS0:percent>21</NS0:percent>
  </rdf:Description>
</rdf:RDF>
