<?xml version='1.0' encoding='ISO-8859-1'?>
<rdf:RDF
  xmlns:rdf='http://www.w3.org/1999/02/22-rdf-syntax-ns#'
  xmlns:NS0='http://www.daml.org/2001/12/factbook/factbook-ont#'
  xmlns:rdfs='http://www.w3.org/2000/01/rdf-schema#'
  xml:base="http://www.daml.org/2001/12/factbook/ao">
  <rdf:Description rdf:about='#A4258'>
    <NS0:note>official</NS0:note>
  </rdf:Description>
  <rdf:Description rdf:about='#A4580'>
    <rdf:type rdf:resource='http://www.daml.org/2001/12/factbook/factbook-ont#Port'/>
    <NS0:name>Cabinda</NS0:name>
  </rdf:Description>
  <rdf:Description rdf:about='#A4576'>
    <rdf:type rdf:resource='http://www.daml.org/2001/12/factbook/factbook-ont#Port'/>
    <NS0:name>Ambriz</NS0:name>
  </rdf:Description>
  <rdf:Description rdf:about='#A4543'>
    <rdf:type rdf:resource='http://www.daml.org/2001/12/factbook/factbook-ont#Estimate'/>
    <NS0:year>2000</NS0:year>
  </rdf:Description>
  <rdf:Description rdf:about='#A4193'>
    <rdf:type rdf:resource='http://www.daml.org/2001/12/factbook/factbook-ont#SexRatioBreakdown'/>
    <NS0:ratio>1.02</NS0:ratio>
  </rdf:Description>
  <rdf:Description rdf:about='#A4693'>
    <NS0:year>1999</NS0:year>
  </rdf:Description>
  <rdf:Description rdf:about='#A4161'>
    <rdf:type rdf:resource='http://www.daml.org/2001/12/factbook/factbook-ont#Estimate'/>
    <NS0:year>2001</NS0:year>
  </rdf:Description>
  <rdf:Description rdf:about='#A4188'>
    <rdf:type rdf:resource='http://www.daml.org/2001/12/factbook/factbook-ont#SexRatioBreakdown'/>
    <NS0:minAge>65</NS0:minAge>
    <NS0:ratio>0.83</NS0:ratio>
  </rdf:Description>
  <rdf:Description rdf:about='#A4688'>
    <rdf:type rdf:resource='http://www.daml.org/2001/12/factbook/factbook-ont#Estimate'/>
    <NS0:year>2001</NS0:year>
  </rdf:Description>
  <rdf:Description rdf:about='#A4182'>
    <rdf:type rdf:resource='http://www.daml.org/2001/12/factbook/factbook-ont#SexRatioBreakdown'/>
    <NS0:minAge>15</NS0:minAge>
    <NS0:maxAge>64</NS0:maxAge>
    <NS0:ratio>1.04</NS0:ratio>
  </rdf:Description>
  <rdf:Description rdf:about='#Province'>
    <rdf:type rdf:resource='http://www.w3.org/2000/01/rdf-schema#Class'/>
    <rdfs:subClassOf rdf:resource='http://www.daml.org/2001/12/factbook/factbook-ont#AdministrativeDivision'/>
    <rdfs:label>Province</rdfs:label>
  </rdf:Description>
  <rdf:Description rdf:about='#A4176'>
    <rdf:type rdf:resource='http://www.daml.org/2001/12/factbook/factbook-ont#SexRatioBreakdown'/>
    <NS0:minAge>0</NS0:minAge>
    <NS0:maxAge>14</NS0:maxAge>
    <NS0:ratio>1.02</NS0:ratio>
  </rdf:Description>
  <rdf:Description rdf:about='#A4415'>
    <rdf:type rdf:resource='http://www.daml.org/2001/12/factbook/factbook-ont#Estimate'/>
    <NS0:year>2000</NS0:year>
  </rdf:Description>
  <rdf:Description rdf:about='#A4170'>
    <rdf:type rdf:resource='http://www.daml.org/2001/12/factbook/factbook-ont#SexRatioBreakdown'/>
    <NS0:minAge>0</NS0:minAge>
    <NS0:maxAge>0</NS0:maxAge>
    <NS0:ratio>1.05</NS0:ratio>
  </rdf:Description>
  <rdf:Description rdf:about='#A4267'>
    <rdf:type rdf:resource='http://www.daml.org/2001/12/factbook/factbook-ont#Estimate'/>
    <NS0:year>1998</NS0:year>
  </rdf:Description>
  <rdf:Description rdf:about='#A4140'>
    <rdf:type rdf:resource='http://www.daml.org/2001/12/factbook/factbook-ont#Estimate'/>
    <NS0:year>1993</NS0:year>
  </rdf:Description>
  <rdf:Description rdf:about='#A4520'>
    <rdf:type rdf:resource='http://www.daml.org/2001/12/factbook/factbook-ont#Estimate'/>
    <NS0:note>f.o.b., 2000</NS0:note>
  </rdf:Description>
  <rdf:Description rdf:about='#A4352'>
    <rdf:type rdf:resource='#Province'/>
    <NS0:name>Zaire</NS0:name>
  </rdf:Description>
  <rdf:Description rdf:about='#A4539'>
    <rdf:type rdf:resource='http://www.daml.org/2001/12/factbook/factbook-ont#CommodityPercent'/>
    <NS0:importsCommodity rdf:resource='http://www.daml.org/2001/12/factbook/commodities#military_goods'/>
  </rdf:Description>
  <rdf:Description rdf:about='#A4348'>
    <rdf:type rdf:resource='#Province'/>
    <NS0:name>Uige</NS0:name>
  </rdf:Description>
  <rdf:Description rdf:about='#A4401'>
    <rdf:type rdf:resource='http://www.daml.org/2001/12/factbook/factbook-ont#Estimate'/>
    <NS0:year>2000</NS0:year>
  </rdf:Description>
  <rdf:Description rdf:about='#A4164'>
    <rdf:type rdf:resource='http://www.daml.org/2001/12/factbook/factbook-ont#Estimate'/>
    <NS0:year>2001</NS0:year>
  </rdf:Description>
  <rdf:Description rdf:about='#A4535'>
    <rdf:type rdf:resource='http://www.daml.org/2001/12/factbook/factbook-ont#CommodityPercent'/>
    <NS0:importsCommodity rdf:resource='http://www.daml.org/2001/12/factbook/commodities#textiles'/>
  </rdf:Description>
  <rdf:Description rdf:about='#A4344'>
    <rdf:type rdf:resource='#Province'/>
    <NS0:name>Namibe</NS0:name>
  </rdf:Description>
  <rdf:Description rdf:about='#A4137'>
    <rdf:type rdf:resource='http://www.daml.org/2001/12/factbook/factbook-ont#Estimate'/>
    <NS0:year>1993</NS0:year>
  </rdf:Description>
  <rdf:Description rdf:about='#A4340'>
    <rdf:type rdf:resource='#Province'/>
    <NS0:name>Moxico</NS0:name>
  </rdf:Description>
  <rdf:Description rdf:about='#A4531'>
    <rdf:type rdf:resource='http://www.daml.org/2001/12/factbook/factbook-ont#CommodityPercent'/>
    <NS0:importsCommodity rdf:resource='http://www.daml.org/2001/12/factbook/commodities#food'/>
  </rdf:Description>
  <rdf:Description rdf:about='#A4569'>
    <NS0:note>inland, much of the track is unusable because of land mines still in place from the civil war</NS0:note>
  </rdf:Description>
  <rdf:Description rdf:about='#A4336'>
    <rdf:type rdf:resource='#Province'/>
    <NS0:name>Malanje</NS0:name>
  </rdf:Description>
  <rdf:Description rdf:about='#A4527'>
    <rdf:type rdf:resource='http://www.daml.org/2001/12/factbook/factbook-ont#CommodityPercent'/>
    <NS0:importsCommodity rdf:resource='http://www.daml.org/2001/12/factbook/commodities#vehicles_and_spare_parts;_medicines'/>
  </rdf:Description>
  <rdf:Description rdf:about='#A4332'>
    <rdf:type rdf:resource='#Province'/>
    <NS0:name>Lunda Sul</NS0:name>
  </rdf:Description>
  <rdf:Description rdf:about='#A4523'>
    <rdf:type rdf:resource='http://www.daml.org/2001/12/factbook/factbook-ont#CommodityPercent'/>
    <NS0:importsCommodity rdf:resource='http://www.daml.org/2001/12/factbook/commodities#machinery_and_electrical_equipment'/>
  </rdf:Description>
  <rdf:Description rdf:about='#A4454'>
    <NS0:year>1999</NS0:year>
  </rdf:Description>
  <rdf:Description rdf:about='#A4328'>
    <rdf:type rdf:resource='#Province'/>
    <NS0:name>Lunda Norte</NS0:name>
  </rdf:Description>
  <rdf:Description rdf:about='#A4516'>
    <rdf:type rdf:resource='http://www.daml.org/2001/12/factbook/factbook-ont#CommodityPercent'/>
    <NS0:exportsCommodity rdf:resource='http://www.daml.org/2001/12/factbook/commodities#cotton'/>
  </rdf:Description>
  <rdf:Description rdf:about='#A119689'>
    <rdf:type rdf:resource='http://www.daml.org/2001/12/factbook/factbook-ont#CountryPercent'/>
    <NS0:country rdf:resource='http://www.daml.org/2001/09/countries/fips#FR'/>
    <NS0:percent>8</NS0:percent>
  </rdf:Description>
  <rdf:Description rdf:about='#A4324'>
    <rdf:type rdf:resource='#Province'/>
    <NS0:name>Luanda</NS0:name>
  </rdf:Description>
  <rdf:Description rdf:about='#A4512'>
    <rdf:type rdf:resource='http://www.daml.org/2001/12/factbook/factbook-ont#CommodityPercent'/>
    <NS0:exportsCommodity rdf:resource='http://www.daml.org/2001/12/factbook/commodities#timber'/>
  </rdf:Description>
  <rdf:Description rdf:about='#A4320'>
    <rdf:type rdf:resource='#Province'/>
    <NS0:name>Huila</NS0:name>
  </rdf:Description>
  <rdf:Description rdf:about='#A119684'>
    <rdf:type rdf:resource='http://www.daml.org/2001/12/factbook/factbook-ont#CountryPercent'/>
    <NS0:country rdf:resource='http://www.daml.org/2001/09/countries/fips#SF'/>
    <NS0:percent>10</NS0:percent>
  </rdf:Description>
  <rdf:Description rdf:about='#A4682'>
    <rdf:type rdf:resource='http://www.daml.org/2001/12/factbook/factbook-ont#Estimate'/>
    <NS0:year>2001</NS0:year>
  </rdf:Description>
  <rdf:Description rdf:about='#A4508'>
    <rdf:type rdf:resource='http://www.daml.org/2001/12/factbook/factbook-ont#CommodityPercent'/>
    <NS0:exportsCommodity rdf:resource='http://www.daml.org/2001/12/factbook/commodities#fish_and_fish_products'/>
  </rdf:Description>
  <rdf:Description rdf:about='#A4316'>
    <rdf:type rdf:resource='#Province'/>
    <NS0:name>Huambo</NS0:name>
  </rdf:Description>
  <rdf:Description rdf:about='#A119679'>
    <rdf:type rdf:resource='http://www.daml.org/2001/12/factbook/factbook-ont#CountryPercent'/>
    <NS0:country rdf:resource='http://www.daml.org/2001/09/countries/fips#US'/>
    <NS0:percent>13</NS0:percent>
  </rdf:Description>
  <rdf:Description rdf:about='#A4504'>
    <rdf:type rdf:resource='http://www.daml.org/2001/12/factbook/factbook-ont#CommodityPercent'/>
    <NS0:exportsCommodity rdf:resource='http://www.daml.org/2001/12/factbook/commodities#sisal'/>
  </rdf:Description>
  <rdf:Description rdf:about='#A4312'>
    <rdf:type rdf:resource='#Province'/>
    <NS0:name>Cunene</NS0:name>
  </rdf:Description>
  <rdf:Description rdf:about='#A4119'>
    <rdf:type rdf:resource='http://www.daml.org/2001/12/factbook/factbook-ont#ElevationExtreme'/>
    <NS0:name>Morro de Moco</NS0:name>
    <NS0:elevation>2620</NS0:elevation>
  </rdf:Description>
  <rdf:Description rdf:about='#A119674'>
    <rdf:type rdf:resource='http://www.daml.org/2001/12/factbook/factbook-ont#CountryPercent'/>
    <NS0:country rdf:resource='http://www.daml.org/2001/09/countries/fips#PO'/>
    <NS0:percent>15</NS0:percent>
  </rdf:Description>
  <rdf:Description rdf:about='#A4500'>
    <rdf:type rdf:resource='http://www.daml.org/2001/12/factbook/factbook-ont#CommodityPercent'/>
    <NS0:exportsCommodity rdf:resource='http://www.daml.org/2001/12/factbook/commodities#coffee'/>
  </rdf:Description>
  <rdf:Description rdf:about='#A4308'>
    <rdf:type rdf:resource='#Province'/>
    <NS0:name>Cuanza Sul</NS0:name>
  </rdf:Description>
  <rdf:Description rdf:about='#A4435'>
    <rdf:type rdf:resource='http://www.daml.org/2001/12/factbook/factbook-ont#Estimate'/>
    <NS0:year>1992</NS0:year>
  </rdf:Description>
  <rdf:Description rdf:about='#A4114'>
    <rdf:type rdf:resource='http://www.daml.org/2001/12/factbook/factbook-ont#ElevationExtreme'/>
    <NS0:name>Atlantic Ocean</NS0:name>
    <NS0:elevation>0</NS0:elevation>
  </rdf:Description>
  <rdf:Description rdf:about='#A4496'>
    <rdf:type rdf:resource='http://www.daml.org/2001/12/factbook/factbook-ont#CommodityPercent'/>
    <NS0:exportsCommodity rdf:resource='http://www.daml.org/2001/12/factbook/commodities#gas'/>
  </rdf:Description>
  <rdf:Description rdf:about='#A119669'>
    <rdf:type rdf:resource='http://www.daml.org/2001/12/factbook/factbook-ont#CountryPercent'/>
    <NS0:country rdf:resource='http://www.daml.org/2001/09/countries/fips#KS'/>
    <NS0:percent>16</NS0:percent>
  </rdf:Description>
  <rdf:Description rdf:about='#A4304'>
    <rdf:type rdf:resource='#Province'/>
    <NS0:name>Cuanza Norte</NS0:name>
  </rdf:Description>
  <rdf:Description rdf:about='#A4492'>
    <rdf:type rdf:resource='http://www.daml.org/2001/12/factbook/factbook-ont#CommodityPercent'/>
    <NS0:exportsCommodity rdf:resource='http://www.daml.org/2001/12/factbook/commodities#refined_petroleum_products'/>
  </rdf:Description>
  <rdf:Description rdf:about='#A4300'>
    <rdf:type rdf:resource='#Province'/>
    <NS0:name>Cuando Cubango</NS0:name>
  </rdf:Description>
  <rdf:Description rdf:about='#A4562'>
    <NS0:year>1997</NS0:year>
  </rdf:Description>
  <rdf:Description rdf:about='#A119663'>
    <rdf:type rdf:resource='http://www.daml.org/2001/12/factbook/factbook-ont#CountryPercent'/>
    <NS0:country rdf:resource='http://www.daml.org/2001/09/countries/fips#TW'/>
    <NS0:percent>6</NS0:percent>
  </rdf:Description>
  <rdf:Description rdf:about='#A4407'>
    <rdf:type rdf:resource='http://www.daml.org/2001/12/factbook/factbook-ont#Estimate'/>
    <NS0:year>2000</NS0:year>
  </rdf:Description>
  <rdf:Description rdf:about='#A4488'>
    <rdf:type rdf:resource='http://www.daml.org/2001/12/factbook/factbook-ont#CommodityPercent'/>
    <NS0:exportsCommodity rdf:resource='http://www.daml.org/2001/12/factbook/commodities#diamonds'/>
  </rdf:Description>
  <rdf:Description rdf:about='#A4296'>
    <rdf:type rdf:resource='#Province'/>
    <NS0:name>Cabinda</NS0:name>
  </rdf:Description>
  <rdf:Description rdf:about='#A4573'>
    <NS0:year>1997</NS0:year>
  </rdf:Description>
  <rdf:Description rdf:about='#A119658'>
    <rdf:type rdf:resource='http://www.daml.org/2001/12/factbook/factbook-ont#CountryPercent'/>
    <NS0:country rdf:resource='http://www.daml.org/2001/09/countries/fips#CH'/>
    <NS0:percent>7</NS0:percent>
  </rdf:Description>
  <rdf:Description rdf:about='#A4202'>
    <rdf:type rdf:resource='http://www.daml.org/2001/12/factbook/factbook-ont#Estimate'/>
    <NS0:year>2001</NS0:year>
  </rdf:Description>
  <rdf:Description rdf:about='#A4558'>
    <NS0:year>1997</NS0:year>
  </rdf:Description>
  <rdf:Description rdf:about='#A4675'>
    <rdf:type rdf:resource='http://www.daml.org/2001/12/factbook/factbook-ont#AirportBreakdown'/>
    <NS0:paved>false</NS0:paved>
    <NS0:maxRunway>913</NS0:maxRunway>
    <NS0:count>83 (2000 est.)</NS0:count>
  </rdf:Description>
  <rdf:Description rdf:about='#A4167'>
    <rdf:type rdf:resource='http://www.daml.org/2001/12/factbook/factbook-ont#Estimate'/>
    <NS0:year>2001</NS0:year>
  </rdf:Description>
  <rdf:Description rdf:about='#A4292'>
    <rdf:type rdf:resource='#Province'/>
    <NS0:name>Bie</NS0:name>
  </rdf:Description>
  <rdf:Description rdf:about='#A4483'>
    <rdf:type rdf:resource='http://www.daml.org/2001/12/factbook/factbook-ont#CommodityPercent'/>
    <NS0:exportsCommodity rdf:resource='http://www.daml.org/2001/12/factbook/commodities#crude_oil'/>
    <NS0:percent>90</NS0:percent>
  </rdf:Description>
  <rdf:Description rdf:about='#A4155'>
    <rdf:type rdf:resource='http://www.daml.org/2001/12/factbook/factbook-ont#Estimate'/>
    <NS0:note>July 2001</NS0:note>
  </rdf:Description>
  <rdf:Description rdf:about='#A4560'>
    <NS0:year>1999</NS0:year>
  </rdf:Description>
  <rdf:Description rdf:about='#A119653'>
    <rdf:type rdf:resource='http://www.daml.org/2001/12/factbook/factbook-ont#CountryPercent'/>
    <NS0:country rdf:resource='http://www.daml.org/2001/09/countries/fips#KS'/>
    <NS0:percent>14</NS0:percent>
  </rdf:Description>
  <rdf:Description rdf:about='#A4097'>
    <rdf:type rdf:resource='http://www.daml.org/2001/12/factbook/factbook-ont#LatLon'/>
    <NS0:latitude>-12.5</NS0:latitude>
    <NS0:longitude>18.5</NS0:longitude>
  </rdf:Description>
  <rdf:Description rdf:about='#A4288'>
    <rdf:type rdf:resource='#Province'/>
    <NS0:name>Benguela</NS0:name>
  </rdf:Description>
  <rdf:Description rdf:about='#A4418'>
    <rdf:type rdf:resource='http://www.daml.org/2001/12/factbook/factbook-ont#Estimate'/>
    <NS0:year>1997</NS0:year>
  </rdf:Description>
  <rdf:Description rdf:about='#A4553'>
    <NS0:year>1997</NS0:year>
  </rdf:Description>
  <rdf:Description rdf:about='#A4668'>
    <rdf:type rdf:resource='http://www.daml.org/2001/12/factbook/factbook-ont#AirportBreakdown'/>
    <NS0:paved>false</NS0:paved>
    <NS0:minRunway>914</NS0:minRunway>
    <NS0:maxRunway>1523</NS0:maxRunway>
    <NS0:count>96</NS0:count>
  </rdf:Description>
  <rdf:Description rdf:about='#A4546'>
    <NS0:year>1995</NS0:year>
  </rdf:Description>
  <rdf:Description rdf:about='#A4284'>
    <rdf:type rdf:resource='#Province'/>
    <NS0:name>Bengo</NS0:name>
  </rdf:Description>
  <rdf:Description rdf:about='#A119648'>
    <rdf:type rdf:resource='http://www.daml.org/2001/12/factbook/factbook-ont#CountryPercent'/>
    <NS0:country rdf:resource='http://www.daml.org/2001/09/countries/fips#US'/>
    <NS0:percent>54</NS0:percent>
  </rdf:Description>
  <rdf:Description rdf:about='http://www.daml.org/2001/09/countries/fips#AO'>
    <NS0:background>Civil war has been the norm in Angola since independence from Portugal in 1975. A 1994 peace accord between the government and the National Union for the Total Independence of Angola (UNITA) provided for the integration of former UNITA insurgents into the government and armed forces. A national unity government was installed in April of 1997, but serious fighting resumed in late 1998, rendering hundreds of thousands of people homeless. Up to 1.5 million lives may have been lost in fighting over the past quarter century.</NS0:background>
    <NS0:location>Southern Africa, bordering the South Atlantic Ocean, between Namibia and Democratic Republic of the Congo</NS0:location>
    <NS0:geographicCoordinates rdf:resource='#A4097'/>
    <NS0:mapReferences>Africa</NS0:mapReferences>
    <NS0:totalArea>1246700</NS0:totalArea>
    <NS0:landArea>1246700</NS0:landArea>
    <NS0:waterArea>0</NS0:waterArea>
    <NS0:comparativeArea>slightly less than twice the size of Texas</NS0:comparativeArea>
    <NS0:landBoundaries>5198</NS0:landBoundaries>
    <NS0:coastline>1600</NS0:coastline>
    <NS0:contiguousZone>24</NS0:contiguousZone>
    <NS0:exclusiveEconomicZone>200</NS0:exclusiveEconomicZone>
    <NS0:territorialSea>12</NS0:territorialSea>
    <NS0:climate>semiarid in south and along coast to Luanda; north has cool, dry season (May to October) and hot, rainy season (November to April)</NS0:climate>
    <NS0:terrain>narrow coastal plain rises abruptly to vast interior plateau</NS0:terrain>
    <NS0:lowestPoint rdf:resource='#A4114'/>
    <NS0:highestPoint rdf:resource='#A4119'/>
    <NS0:naturalResource rdf:resource='http://www.daml.org/2001/12/factbook/naturalResources#petroleum'/>
    <NS0:naturalResource rdf:resource='http://www.daml.org/2001/12/factbook/naturalResources#diamonds'/>
    <NS0:naturalResource rdf:resource='http://www.daml.org/2001/12/factbook/naturalResources#iron_ore'/>
    <NS0:naturalResource rdf:resource='http://www.daml.org/2001/12/factbook/naturalResources#phosphates'/>
    <NS0:naturalResource rdf:resource='http://www.daml.org/2001/12/factbook/naturalResources#copper'/>
    <NS0:naturalResource rdf:resource='http://www.daml.org/2001/12/factbook/naturalResources#feldspar'/>
    <NS0:naturalResource rdf:resource='http://www.daml.org/2001/12/factbook/naturalResources#gold'/>
    <NS0:naturalResource rdf:resource='http://www.daml.org/2001/12/factbook/naturalResources#bauxite'/>
    <NS0:naturalResource rdf:resource='http://www.daml.org/2001/12/factbook/naturalResources#uranium'/>
    <NS0:arableLand>2</NS0:arableLand>
    <NS0:permanentCrops>0</NS0:permanentCrops>
    <NS0:permanentPastures>23</NS0:permanentPastures>
    <NS0:forestsAndWoodland>43</NS0:forestsAndWoodland>
    <NS0:otherLandUse rdf:ID='A4137'>32</NS0:otherLandUse>
    <NS0:irrigatedLand rdf:ID='A4140'>750</NS0:irrigatedLand>
    <NS0:naturalHazard>locally heavy rainfall causes periodic flooding on the plateau</NS0:naturalHazard>
    <NS0:environmentalIssue>overuse of pastures and subsequent soil erosion attributable to population pressures</NS0:environmentalIssue>
    <NS0:environmentalIssue>desertification</NS0:environmentalIssue>
    <NS0:environmentalIssue>deforestation of tropical rain forest, in response to both international demand for tropical timber and to domestic use as fuel, resulting in loss of biodiversity</NS0:environmentalIssue>
    <NS0:environmentalIssue>soil erosion contributing to water pollution and siltation of rivers and dams</NS0:environmentalIssue>
    <NS0:environmentalIssue>inadequate supplies of potable water</NS0:environmentalIssue>
    <NS0:environmentalAgreementPartyTo rdf:resource='http://www.daml.org/2001/12/factbook/environmentalAgreements#Biodiversity'/>
    <NS0:environmentalAgreementPartyTo rdf:resource='http://www.daml.org/2001/12/factbook/environmentalAgreements#Climate_Change'/>
    <NS0:environmentalAgreementPartyTo rdf:resource='http://www.daml.org/2001/12/factbook/environmentalAgreements#Desertification'/>
    <NS0:environmentalAgreementPartyTo rdf:resource='http://www.daml.org/2001/12/factbook/environmentalAgreements#Law_of_the_Sea'/>
    <NS0:environmentalAgreementPartyTo rdf:resource='http://www.daml.org/2001/12/factbook/environmentalAgreements#Ozone_Layer_Protection'/>
    <NS0:environmentalAgreementSigned rdf:resource='http://www.daml.org/2001/12/factbook/environmentalAgreements#none_of_the_selected_agreements'/>
    <NS0:population rdf:ID='A4155'>10366031</NS0:population>
    <NS0:populationGrowthRate rdf:ID='A4158'>2.15</NS0:populationGrowthRate>
    <NS0:birthRate rdf:ID='A4161'>46.54</NS0:birthRate>
    <NS0:deathRate rdf:ID='A4164'>24.68</NS0:deathRate>
    <NS0:netMigrationRate rdf:ID='A4167'>-0.34</NS0:netMigrationRate>
    <NS0:sexRatio rdf:resource='#A4170'/>
    <NS0:sexRatio rdf:resource='#A4176'/>
    <NS0:sexRatio rdf:resource='#A4182'/>
    <NS0:sexRatio rdf:resource='#A4188'/>
    <NS0:sexRatio rdf:ID='A4196' rdf:resource='#A4193'/>
    <NS0:infantMortalityRate rdf:ID='A4199'>193.72</NS0:infantMortalityRate>
    <NS0:totalFertilityRate rdf:ID='A4202'>6.48</NS0:totalFertilityRate>
    <NS0:nationalityNoun>Angolan(s)</NS0:nationalityNoun>
    <NS0:nationalityAdjective>Angolan</NS0:nationalityAdjective>
    <NS0:ethnicGroup rdf:resource='#A4207'/>
    <NS0:ethnicGroup rdf:resource='#A4212'/>
    <NS0:ethnicGroup rdf:resource='#A4217'/>
    <NS0:ethnicGroup rdf:ID='A4226' rdf:resource='#A4222'/>
    <NS0:ethnicGroup rdf:resource='#A4228'/>
    <NS0:ethnicGroup rdf:resource='#A4233'/>
    <NS0:religion rdf:resource='#A4238'/>
    <NS0:religion rdf:resource='#A4243'/>
    <NS0:religion rdf:ID='A4252' rdf:resource='#A4248'/>
    <NS0:language rdf:ID='A4258' rdf:resource='#A4255'/>
    <NS0:language rdf:resource='#A4260'/>
    <NS0:literacyDefinition>age 15 and over can read and write</NS0:literacyDefinition>
    <NS0:literacyTotal>42</NS0:literacyTotal>
    <NS0:literacyMale>56</NS0:literacyMale>
    <NS0:literacyFemale rdf:ID='A4267'>28</NS0:literacyFemale>
    <NS0:conventionalLongCountryName>Republic of Angola</NS0:conventionalLongCountryName>
    <NS0:conventionalShortCountryName>Angola</NS0:conventionalShortCountryName>
    <NS0:localLongCountryName>Republica de Angola</NS0:localLongCountryName>
    <NS0:localShortCountryName>Angola</NS0:localShortCountryName>
    <NS0:formerCountryName>People&apos;s Republic of Angola</NS0:formerCountryName>
    <NS0:governmentType rdf:resource='http://www.daml.org/2001/12/factbook/governmentTypes#transitional_government'/>
    <NS0:governmentType rdf:resource='http://www.daml.org/2001/12/factbook/governmentTypes#nominally_a_multiparty_democracy_with_a_strong_presidential_system'/>
    <NS0:capital rdf:resource='#A4277'/>
    <NS0:administrativeDivision rdf:resource='#A4284'/>
    <NS0:administrativeDivision rdf:resource='#A4288'/>
    <NS0:administrativeDivision rdf:resource='#A4292'/>
    <NS0:administrativeDivision rdf:resource='#A4296'/>
    <NS0:administrativeDivision rdf:resource='#A4300'/>
    <NS0:administrativeDivision rdf:resource='#A4304'/>
    <NS0:administrativeDivision rdf:resource='#A4308'/>
    <NS0:administrativeDivision rdf:resource='#A4312'/>
    <NS0:administrativeDivision rdf:resource='#A4316'/>
    <NS0:administrativeDivision rdf:resource='#A4320'/>
    <NS0:administrativeDivision rdf:resource='#A4324'/>
    <NS0:administrativeDivision rdf:resource='#A4328'/>
    <NS0:administrativeDivision rdf:resource='#A4332'/>
    <NS0:administrativeDivision rdf:resource='#A4336'/>
    <NS0:administrativeDivision rdf:resource='#A4340'/>
    <NS0:administrativeDivision rdf:resource='#A4344'/>
    <NS0:administrativeDivision rdf:resource='#A4348'/>
    <NS0:administrativeDivision rdf:resource='#A4352'/>
    <NS0:independence>11 November 1975 (from Portugal)</NS0:independence>
    <NS0:constitution>11 November 1975; revised 7 January 1978, 11 August 1980, 6 March 1991, and 26 August 1992</NS0:constitution>
    <NS0:legalSystem>based on Portuguese civil law system and customary law; recently modified to accommodate political pluralism and increased use of free markets</NS0:legalSystem>
    <NS0:suffrage>18 years of age; universal</NS0:suffrage>
    <NS0:participatesIn rdf:resource='http://www.daml.org/2001/12/factbook/internationalOrganizations#ACP'/>
    <NS0:participatesIn rdf:resource='http://www.daml.org/2001/12/factbook/internationalOrganizations#AfDB'/>
    <NS0:participatesIn rdf:resource='http://www.daml.org/2001/12/factbook/internationalOrganizations#CCC'/>
    <NS0:participatesIn rdf:resource='http://www.daml.org/2001/12/factbook/internationalOrganizations#CEEAC'/>
    <NS0:participatesIn rdf:resource='http://www.daml.org/2001/12/factbook/internationalOrganizations#ECA'/>
    <NS0:participatesIn rdf:resource='http://www.daml.org/2001/12/factbook/internationalOrganizations#FAO'/>
    <NS0:participatesIn rdf:resource='http://www.daml.org/2001/12/factbook/internationalOrganizations#G-77'/>
    <NS0:participatesIn rdf:resource='http://www.daml.org/2001/12/factbook/internationalOrganizations#IAEA'/>
    <NS0:participatesIn rdf:resource='http://www.daml.org/2001/12/factbook/internationalOrganizations#IBRD'/>
    <NS0:participatesIn rdf:resource='http://www.daml.org/2001/12/factbook/internationalOrganizations#ICAO'/>
    <NS0:participatesIn rdf:resource='http://www.daml.org/2001/12/factbook/internationalOrganizations#ICFTU'/>
    <NS0:participatesIn rdf:resource='http://www.daml.org/2001/12/factbook/internationalOrganizations#ICRM'/>
    <NS0:participatesIn rdf:resource='http://www.daml.org/2001/12/factbook/internationalOrganizations#IDA'/>
    <NS0:participatesIn rdf:resource='http://www.daml.org/2001/12/factbook/internationalOrganizations#IFAD'/>
    <NS0:participatesIn rdf:resource='http://www.daml.org/2001/12/factbook/internationalOrganizations#IFC'/>
    <NS0:participatesIn rdf:resource='http://www.daml.org/2001/12/factbook/internationalOrganizations#IFRCS'/>
    <NS0:participatesIn rdf:resource='http://www.daml.org/2001/12/factbook/internationalOrganizations#ILO'/>
    <NS0:participatesIn rdf:resource='http://www.daml.org/2001/12/factbook/internationalOrganizations#IMF'/>
    <NS0:participatesIn rdf:resource='http://www.daml.org/2001/12/factbook/internationalOrganizations#IMO'/>
    <NS0:participatesIn rdf:resource='http://www.daml.org/2001/12/factbook/internationalOrganizations#Intelsat'/>
    <NS0:participatesIn rdf:resource='http://www.daml.org/2001/12/factbook/internationalOrganizations#Interpol'/>
    <NS0:participatesIn rdf:resource='http://www.daml.org/2001/12/factbook/internationalOrganizations#IOC'/>
    <NS0:participatesIn rdf:resource='http://www.daml.org/2001/12/factbook/internationalOrganizations#IOM'/>
    <NS0:participatesIn rdf:resource='http://www.daml.org/2001/12/factbook/internationalOrganizations#ITU'/>
    <NS0:participatesIn rdf:resource='http://www.daml.org/2001/12/factbook/internationalOrganizations#NAM'/>
    <NS0:participatesIn rdf:resource='http://www.daml.org/2001/12/factbook/internationalOrganizations#OAS'/>
    <NS0:participatesIn rdf:resource='http://www.daml.org/2001/12/factbook/internationalOrganizations#OAU'/>
    <NS0:participatesIn rdf:resource='http://www.daml.org/2001/12/factbook/internationalOrganizations#SADC'/>
    <NS0:participatesIn rdf:resource='http://www.daml.org/2001/12/factbook/internationalOrganizations#UN'/>
    <NS0:participatesIn rdf:resource='http://www.daml.org/2001/12/factbook/internationalOrganizations#UNCTAD'/>
    <NS0:participatesIn rdf:resource='http://www.daml.org/2001/12/factbook/internationalOrganizations#UNESCO'/>
    <NS0:participatesIn rdf:resource='http://www.daml.org/2001/12/factbook/internationalOrganizations#UNIDO'/>
    <NS0:participatesIn rdf:resource='http://www.daml.org/2001/12/factbook/internationalOrganizations#UPU'/>
    <NS0:participatesIn rdf:resource='http://www.daml.org/2001/12/factbook/internationalOrganizations#WFTU'/>
    <NS0:participatesIn rdf:resource='http://www.daml.org/2001/12/factbook/internationalOrganizations#WHO'/>
    <NS0:participatesIn rdf:resource='http://www.daml.org/2001/12/factbook/internationalOrganizations#WIPO'/>
    <NS0:participatesIn rdf:resource='http://www.daml.org/2001/12/factbook/internationalOrganizations#WMO'/>
    <NS0:participatesIn rdf:resource='http://www.daml.org/2001/12/factbook/internationalOrganizations#WToO'/>
    <NS0:participatesIn rdf:resource='http://www.daml.org/2001/12/factbook/internationalOrganizations#WTrO'/>
    <NS0:flagDescription>two equal horizontal bands of red (top) and black with a centered yellow emblem consisting of a five-pointed star within half a cogwheel crossed by a machete (in the style of a hammer and sickle)</NS0:flagDescription>
    <NS0:economyOverview>Angola is an economy in disarray because of a quarter century of nearly continuous warfare. Despite its abundant natural resources, output per capita is among the world&apos;s lowest. Subsistence agriculture provides the main livelihood for 85% of the population. Oil production and the supporting activities are vital to the economy, contributing about 45% to GDP and 90% of exports. Violence continues, millions of land mines remain, and many farmers are reluctant to return to their fields. As a result, much of the country&apos;s food must still be imported. To fully take advantage of its rich resources - gold, diamonds, extensive forests, Atlantic fisheries, and large oil deposits - Angola will need to end its conflict and continue reforming government policies. Despite the increase in the pace of civil warfare in late 1998, the economy grew by an estimated 5% in 2000. The government introduced new currency denominations in 1999, including 1 and 5 kwanza notes. Internal strife discourages investment outside of the petroleum sector, which is producing roughly 800,000 barrels of oil per day. Angola has entered into a Staff Monitored Program (SMP) with the IMF. Continued growth depends on sharp cuts in inflation, further economic reform, and a lessening of fighting.</NS0:economyOverview>
    <NS0:grossDomesticProduct rdf:ID='A4401'>10100000000</NS0:grossDomesticProduct>
    <NS0:grossDomesticProductRealGrowth rdf:ID='A4404'>4.9</NS0:grossDomesticProductRealGrowth>
    <NS0:grossDomesticProductPerCapita rdf:ID='A4407'>1000</NS0:grossDomesticProductPerCapita>
    <NS0:grossDomesticProductAgriculture>7</NS0:grossDomesticProductAgriculture>
    <NS0:grossDomesticProductIndustry>60</NS0:grossDomesticProductIndustry>
    <NS0:grossDomesticProductServices rdf:ID='A4412'>33</NS0:grossDomesticProductServices>
    <NS0:inflationRate rdf:ID='A4415'>325</NS0:inflationRate>
    <NS0:laborForce rdf:ID='A4418'>5000000</NS0:laborForce>
    <NS0:occupation rdf:resource='#A4421'/>
    <NS0:occupation rdf:ID='A4430' rdf:resource='#A4426'/>
    <NS0:budgetRevenues>928000000</NS0:budgetRevenues>
    <NS0:budgetExpenditures>2500000000</NS0:budgetExpenditures>
    <NS0:budgetCapitalExpenditures rdf:ID='A4435'>963000000</NS0:budgetCapitalExpenditures>
    <NS0:industry rdf:resource='http://www.daml.org/2001/12/factbook/industries#petroleum'/>
    <NS0:industry rdf:resource='http://www.daml.org/2001/12/factbook/industries#diamonds'/>
    <NS0:industry rdf:resource='http://www.daml.org/2001/12/factbook/industries#iron_ore'/>
    <NS0:industry rdf:resource='http://www.daml.org/2001/12/factbook/industries#phosphates'/>
    <NS0:industry rdf:resource='http://www.daml.org/2001/12/factbook/industries#feldspar'/>
    <NS0:industry rdf:resource='http://www.daml.org/2001/12/factbook/industries#bauxite'/>
    <NS0:industry rdf:resource='http://www.daml.org/2001/12/factbook/industries#uranium'/>
    <NS0:industry rdf:resource='http://www.daml.org/2001/12/factbook/industries#and_gold'/>
    <NS0:industry rdf:resource='http://www.daml.org/2001/12/factbook/industries#cement'/>
    <NS0:industry rdf:resource='http://www.daml.org/2001/12/factbook/industries#basic_metal_products'/>
    <NS0:industry rdf:resource='http://www.daml.org/2001/12/factbook/industries#fish_processing'/>
    <NS0:industry rdf:resource='http://www.daml.org/2001/12/factbook/industries#food_processing'/>
    <NS0:industry rdf:resource='http://www.daml.org/2001/12/factbook/industries#brewing'/>
    <NS0:industry rdf:resource='http://www.daml.org/2001/12/factbook/industries#tobacco_products'/>
    <NS0:industry rdf:resource='http://www.daml.org/2001/12/factbook/industries#sugar'/>
    <NS0:industry rdf:resource='http://www.daml.org/2001/12/factbook/industries#textiles'/>
    <NS0:electricityProduction rdf:ID='A4454'>1475000000</NS0:electricityProduction>
    <NS0:electricityProductionFossilFuel>32.2</NS0:electricityProductionFossilFuel>
    <NS0:electricityProductionHydro>67.8</NS0:electricityProductionHydro>
    <NS0:electricityProductionNuclear>0</NS0:electricityProductionNuclear>
    <NS0:electricityProductionOther rdf:ID='A4459'>0</NS0:electricityProductionOther>
    <NS0:electricityConsumption rdf:ID='A4461'>1372000000</NS0:electricityConsumption>
    <NS0:electricityExports rdf:ID='A4463'>0</NS0:electricityExports>
    <NS0:electricityImports rdf:ID='A4465'>0</NS0:electricityImports>
    <NS0:agricultureProduct rdf:resource='http://www.daml.org/2001/12/factbook/agricultureProducts#bananas'/>
    <NS0:agricultureProduct rdf:resource='http://www.daml.org/2001/12/factbook/agricultureProducts#sugarcane'/>
    <NS0:agricultureProduct rdf:resource='http://www.daml.org/2001/12/factbook/agricultureProducts#coffee'/>
    <NS0:agricultureProduct rdf:resource='http://www.daml.org/2001/12/factbook/agricultureProducts#sisal'/>
    <NS0:agricultureProduct rdf:resource='http://www.daml.org/2001/12/factbook/agricultureProducts#corn'/>
    <NS0:agricultureProduct rdf:resource='http://www.daml.org/2001/12/factbook/agricultureProducts#cotton'/>
    <NS0:agricultureProduct rdf:resource='http://www.daml.org/2001/12/factbook/agricultureProducts#manioc'/>
    <NS0:agricultureProduct rdf:resource='http://www.daml.org/2001/12/factbook/agricultureProducts#tobacco'/>
    <NS0:agricultureProduct rdf:resource='http://www.daml.org/2001/12/factbook/agricultureProducts#vegetables'/>
    <NS0:agricultureProduct rdf:resource='http://www.daml.org/2001/12/factbook/agricultureProducts#plantains'/>
    <NS0:agricultureProduct rdf:resource='http://www.daml.org/2001/12/factbook/agricultureProducts#livestock'/>
    <NS0:agricultureProduct rdf:resource='http://www.daml.org/2001/12/factbook/agricultureProducts#forest_products'/>
    <NS0:agricultureProduct rdf:resource='http://www.daml.org/2001/12/factbook/agricultureProducts#fish'/>
    <NS0:exports rdf:ID='A4480'>7800000000</NS0:exports>
    <NS0:exportsCommodity rdf:resource='#A4483'/>
    <NS0:exportsCommodity rdf:resource='#A4488'/>
    <NS0:exportsCommodity rdf:resource='#A4492'/>
    <NS0:exportsCommodity rdf:resource='#A4496'/>
    <NS0:exportsCommodity rdf:resource='#A4500'/>
    <NS0:exportsCommodity rdf:resource='#A4504'/>
    <NS0:exportsCommodity rdf:resource='#A4508'/>
    <NS0:exportsCommodity rdf:resource='#A4512'/>
    <NS0:exportsCommodity rdf:resource='#A4516'/>
    <NS0:imports rdf:ID='A4520'>2500000000</NS0:imports>
    <NS0:importsCommodity rdf:resource='#A4523'/>
    <NS0:importsCommodity rdf:resource='#A4527'/>
    <NS0:importsCommodity rdf:resource='#A4531'/>
    <NS0:importsCommodity rdf:resource='#A4535'/>
    <NS0:importsCommodity rdf:resource='#A4539'/>
    <NS0:externalDebt rdf:ID='A4543'>10800000000</NS0:externalDebt>
    <NS0:economicAidRecipient rdf:ID='A4546'>493100000</NS0:economicAidRecipient>
    <NS0:currency>kwanza (AOA)</NS0:currency>
    <NS0:currencyCode>AOA</NS0:currencyCode>
    <NS0:fiscalYear>calendar year</NS0:fiscalYear>
    <NS0:mainTelephoneLines rdf:ID='A4551'>62000</NS0:mainTelephoneLines>
    <NS0:mobileTelephoneLines rdf:ID='A4553'>7052</NS0:mobileTelephoneLines>
    <NS0:telephoneSystemGeneralAssessment>telephone service limited mostly to government and business use; HF radiotelephone used extensively for military links</NS0:telephoneSystemGeneralAssessment>
    <NS0:telephoneSystemDomestic>limited system of wire, microwave radio relay, and tropospheric scatter</NS0:telephoneSystemDomestic>
    <NS0:telephoneSystemInternational>satellite earth stations - 2 Intelsat (Atlantic Ocean)</NS0:telephoneSystemInternational>
    <NS0:radios rdf:ID='A4558'>630000</NS0:radios>
    <NS0:televisionBroadcastStations rdf:ID='A4560'>7</NS0:televisionBroadcastStations>
    <NS0:televisions rdf:ID='A4562'>150000</NS0:televisions>
    <NS0:internetCountryCode>.ao</NS0:internetCountryCode>
    <NS0:internetServiceProviders rdf:ID='A4565'>1</NS0:internetServiceProviders>
    <NS0:internetUsers rdf:ID='A4567'>12000</NS0:internetUsers>
    <NS0:railwaysTotal rdf:ID='A4569'>2771</NS0:railwaysTotal>
    <NS0:highwaysTotal>76626</NS0:highwaysTotal>
    <NS0:highwaysPaved>19156</NS0:highwaysPaved>
    <NS0:highwaysUnpaved rdf:ID='A4573'>57470</NS0:highwaysUnpaved>
    <NS0:waterways>1295</NS0:waterways>
    <NS0:port rdf:resource='#A4576'/>
    <NS0:port rdf:resource='#A4580'/>
    <NS0:port rdf:resource='#A4584'/>
    <NS0:port rdf:resource='#A4588'/>
    <NS0:port rdf:resource='#A4592'/>
    <NS0:port rdf:resource='#A4596'/>
    <NS0:port rdf:resource='#A4600'/>
    <NS0:port rdf:resource='#A4604'/>
    <NS0:port rdf:resource='#A4608'/>
    <NS0:airports rdf:ID='A4612'>247</NS0:airports>
    <NS0:airportBreakdown rdf:resource='#A4615'/>
    <NS0:airportBreakdown rdf:resource='#A4621'/>
    <NS0:airportBreakdown rdf:resource='#A4628'/>
    <NS0:airportBreakdown rdf:resource='#A4635'/>
    <NS0:airportBreakdown rdf:resource='#A4642'/>
    <NS0:airportBreakdown rdf:resource='#A4648'/>
    <NS0:airportBreakdown rdf:resource='#A4654'/>
    <NS0:airportBreakdown rdf:resource='#A4661'/>
    <NS0:airportBreakdown rdf:resource='#A4668'/>
    <NS0:airportBreakdown rdf:resource='#A4675'/>
    <NS0:militaryAge>18</NS0:militaryAge>
    <NS0:malesOfMilitaryAge rdf:ID='A4682'>2480016</NS0:malesOfMilitaryAge>
    <NS0:malesFitForMilitaryService rdf:ID='A4685'>1246224</NS0:malesFitForMilitaryService>
    <NS0:malesReachingMilitaryAgeAnnually rdf:ID='A4688'>103807</NS0:malesReachingMilitaryAgeAnnually>
    <NS0:militaryExpenditures rdf:ID='A4691'>1200000000</NS0:militaryExpenditures>
    <NS0:militaryExpendituresPercentGDP rdf:ID='A4693'>22</NS0:militaryExpendituresPercentGDP>
    <NS0:internationalDispute>none</NS0:internationalDispute>
    <NS0:illicitDrugs>increasingly used as a transshipment point for cocaine and heroin destined for Western Europe and other African states</NS0:illicitDrugs>
    <NS0:smallFlag>http://www.cia.gov/cia/publications/factbook/flags/ao-flag.jpg</NS0:smallFlag>
    <NS0:largeFlag>http://www.cia.gov/cia/publications/factbook/flags/ao-lgflag.jpg</NS0:largeFlag>
    <NS0:map>http://www.cia.gov/cia/publications/factbook/maps/ao-map.jpg</NS0:map>
    <NS0:border rdf:resource='#A119638'/>
    <NS0:border rdf:resource='#A119643'/>
    <NS0:exportPartner rdf:resource='#A119648'/>
    <NS0:exportPartner rdf:resource='#A119653'/>
    <NS0:exportPartner rdf:resource='#A119658'/>
    <NS0:exportPartner rdf:ID='A119667' rdf:resource='#A119663'/>
    <NS0:importPartner rdf:resource='#A119669'/>
    <NS0:importPartner rdf:resource='#A119674'/>
    <NS0:importPartner rdf:resource='#A119679'/>
    <NS0:importPartner rdf:resource='#A119684'/>
    <NS0:importPartner rdf:ID='A119693' rdf:resource='#A119689'/>
  </rdf:Description>
  <rdf:Description rdf:about='#A119643'>
    <rdf:type rdf:resource='http://www.daml.org/2001/12/factbook/factbook-ont#Border'/>
    <NS0:country rdf:resource='http://www.daml.org/2001/09/countries/fips#ZA'/>
    <NS0:distance>1110</NS0:distance>
  </rdf:Description>
  <rdf:Description rdf:about='#A4661'>
    <rdf:type rdf:resource='http://www.daml.org/2001/12/factbook/factbook-ont#AirportBreakdown'/>
    <NS0:paved>false</NS0:paved>
    <NS0:minRunway>1524</NS0:minRunway>
    <NS0:maxRunway>2437</NS0:maxRunway>
    <NS0:count>30</NS0:count>
  </rdf:Description>
  <rdf:Description rdf:about='#A4277'>
    <rdf:type rdf:resource='http://www.daml.org/2001/12/factbook/factbook-ont#CapitalCity'/>
    <NS0:name>Luanda</NS0:name>
  </rdf:Description>
  <rdf:Description rdf:about='#A119638'>
    <rdf:type rdf:resource='http://www.daml.org/2001/12/factbook/factbook-ont#Border'/>
    <NS0:country rdf:resource='http://www.daml.org/2001/09/countries/fips#WA'/>
    <NS0:distance>1376</NS0:distance>
  </rdf:Description>
  <rdf:Description rdf:about='#A4654'>
    <rdf:type rdf:resource='http://www.daml.org/2001/12/factbook/factbook-ont#AirportBreakdown'/>
    <NS0:paved>false</NS0:paved>
    <NS0:minRunway>2438</NS0:minRunway>
    <NS0:maxRunway>3047</NS0:maxRunway>
    <NS0:count>5</NS0:count>
  </rdf:Description>
  <rdf:Description rdf:about='#A4691'>
    <NS0:note>FY97</NS0:note>
  </rdf:Description>
  <rdf:Description rdf:about='#A4158'>
    <rdf:type rdf:resource='http://www.daml.org/2001/12/factbook/factbook-ont#Estimate'/>
    <NS0:year>2001</NS0:year>
  </rdf:Description>
  <rdf:Description rdf:about='#A4463'>
    <NS0:year>1999</NS0:year>
  </rdf:Description>
  <rdf:Description rdf:about='#A4648'>
    <rdf:type rdf:resource='http://www.daml.org/2001/12/factbook/factbook-ont#AirportBreakdown'/>
    <NS0:paved>false</NS0:paved>
    <NS0:minRunway>3048</NS0:minRunway>
    <NS0:count>2</NS0:count>
  </rdf:Description>
  <rdf:Description rdf:about='#A4430'>
    <rdf:type rdf:resource='http://www.daml.org/2001/12/factbook/factbook-ont#Estimate'/>
    <NS0:year>1997</NS0:year>
  </rdf:Description>
  <rdf:Description rdf:about='#A4260'>
    <rdf:type rdf:resource='http://www.daml.org/2001/12/factbook/factbook-ont#LanguagePercent'/>
    <NS0:language rdf:resource='http://www.daml.org/2001/12/factbook/languages#Bantu_and_other_African_languages'/>
  </rdf:Description>
  <rdf:Description rdf:about='#A4642'>
    <rdf:type rdf:resource='http://www.daml.org/2001/12/factbook/factbook-ont#AirportBreakdown'/>
    <NS0:paved>true</NS0:paved>
    <NS0:maxRunway>913</NS0:maxRunway>
    <NS0:count>1 (2000 est.)</NS0:count>
  </rdf:Description>
  <rdf:Description rdf:about='#A119667'>
    <NS0:note>1999</NS0:note>
  </rdf:Description>
  <rdf:Description rdf:about='#A4196'>
    <rdf:type rdf:resource='http://www.daml.org/2001/12/factbook/factbook-ont#Estimate'/>
    <NS0:year>2001</NS0:year>
  </rdf:Description>
  <rdf:Description rdf:about='#A4480'>
    <rdf:type rdf:resource='http://www.daml.org/2001/12/factbook/factbook-ont#Estimate'/>
    <NS0:note>f.o.b., 2000</NS0:note>
  </rdf:Description>
  <rdf:Description rdf:about='#A4255'>
    <rdf:type rdf:resource='http://www.daml.org/2001/12/factbook/factbook-ont#LanguagePercent'/>
    <NS0:language rdf:resource='http://www.daml.org/2001/12/factbook/languages#Portuguese'/>
  </rdf:Description>
  <rdf:Description rdf:about='#A4635'>
    <rdf:type rdf:resource='http://www.daml.org/2001/12/factbook/factbook-ont#AirportBreakdown'/>
    <NS0:paved>true</NS0:paved>
    <NS0:minRunway>914</NS0:minRunway>
    <NS0:maxRunway>1523</NS0:maxRunway>
    <NS0:count>6</NS0:count>
  </rdf:Description>
  <rdf:Description rdf:about='#A119693'>
    <NS0:note>1999</NS0:note>
  </rdf:Description>
  <rdf:Description rdf:about='#A4248'>
    <rdf:type rdf:resource='http://www.daml.org/2001/12/factbook/factbook-ont#ReligionPercent'/>
    <NS0:religion rdf:resource='http://www.daml.org/2001/12/factbook/religions#Protestant'/>
    <NS0:percent>15</NS0:percent>
  </rdf:Description>
  <rdf:Description rdf:about='#A4628'>
    <rdf:type rdf:resource='http://www.daml.org/2001/12/factbook/factbook-ont#AirportBreakdown'/>
    <NS0:paved>true</NS0:paved>
    <NS0:minRunway>1524</NS0:minRunway>
    <NS0:maxRunway>2437</NS0:maxRunway>
    <NS0:count>12</NS0:count>
  </rdf:Description>
  <rdf:Description rdf:about='#A4243'>
    <rdf:type rdf:resource='http://www.daml.org/2001/12/factbook/factbook-ont#ReligionPercent'/>
    <NS0:religion rdf:resource='http://www.daml.org/2001/12/factbook/religions#Roman_Catholic'/>
    <NS0:percent>38</NS0:percent>
  </rdf:Description>
  <rdf:Description rdf:about='#A4252'>
    <rdf:type rdf:resource='http://www.daml.org/2001/12/factbook/factbook-ont#Estimate'/>
    <NS0:year>1998</NS0:year>
  </rdf:Description>
  <rdf:Description rdf:about='#A4621'>
    <rdf:type rdf:resource='http://www.daml.org/2001/12/factbook/factbook-ont#AirportBreakdown'/>
    <NS0:paved>true</NS0:paved>
    <NS0:minRunway>2438</NS0:minRunway>
    <NS0:maxRunway>3047</NS0:maxRunway>
    <NS0:count>8</NS0:count>
  </rdf:Description>
  <rdf:Description rdf:about='#A4238'>
    <rdf:type rdf:resource='http://www.daml.org/2001/12/factbook/factbook-ont#ReligionPercent'/>
    <NS0:religion rdf:resource='http://www.daml.org/2001/12/factbook/religions#indigenous_beliefs'/>
    <NS0:percent>47</NS0:percent>
  </rdf:Description>
  <rdf:Description rdf:about='#A4426'>
    <rdf:type rdf:resource='http://www.daml.org/2001/12/factbook/factbook-ont#OccupationPercent'/>
    <NS0:occupation rdf:resource='http://www.daml.org/2001/12/factbook/occupations#industry_and_services'/>
    <NS0:percent>15</NS0:percent>
  </rdf:Description>
  <rdf:Description rdf:about='#A4459'>
    <NS0:year>1999</NS0:year>
  </rdf:Description>
  <rdf:Description rdf:about='#A4465'>
    <NS0:year>1999</NS0:year>
  </rdf:Description>
  <rdf:Description rdf:about='#A4233'>
    <rdf:type rdf:resource='http://www.daml.org/2001/12/factbook/factbook-ont#EthnicGroupPercent'/>
    <NS0:ethnicGroup rdf:resource='http://www.daml.org/2001/12/factbook/ethnicGroups#other'/>
    <NS0:percent>22</NS0:percent>
  </rdf:Description>
  <rdf:Description rdf:about='#A4615'>
    <rdf:type rdf:resource='http://www.daml.org/2001/12/factbook/factbook-ont#AirportBreakdown'/>
    <NS0:paved>true</NS0:paved>
    <NS0:minRunway>3048</NS0:minRunway>
    <NS0:count>4</NS0:count>
  </rdf:Description>
  <rdf:Description rdf:about='#A4421'>
    <rdf:type rdf:resource='http://www.daml.org/2001/12/factbook/factbook-ont#OccupationPercent'/>
    <NS0:occupation rdf:resource='http://www.daml.org/2001/12/factbook/occupations#agriculture'/>
    <NS0:percent>85</NS0:percent>
  </rdf:Description>
  <rdf:Description rdf:about='#A4228'>
    <rdf:type rdf:resource='http://www.daml.org/2001/12/factbook/factbook-ont#EthnicGroupPercent'/>
    <NS0:ethnicGroup rdf:resource='http://www.daml.org/2001/12/factbook/ethnicGroups#European'/>
    <NS0:percent>1</NS0:percent>
  </rdf:Description>
  <rdf:Description rdf:about='#A4608'>
    <rdf:type rdf:resource='http://www.daml.org/2001/12/factbook/factbook-ont#Port'/>
    <NS0:name>Soyo</NS0:name>
  </rdf:Description>
  <rdf:Description rdf:about='#A4685'>
    <rdf:type rdf:resource='http://www.daml.org/2001/12/factbook/factbook-ont#Estimate'/>
    <NS0:year>2001</NS0:year>
  </rdf:Description>
  <rdf:Description rdf:about='#A4404'>
    <rdf:type rdf:resource='http://www.daml.org/2001/12/factbook/factbook-ont#Estimate'/>
    <NS0:year>2000</NS0:year>
  </rdf:Description>
  <rdf:Description rdf:about='#A4222'>
    <rdf:type rdf:resource='http://www.daml.org/2001/12/factbook/factbook-ont#EthnicGroupPercent'/>
    <NS0:ethnicGroup rdf:resource='http://www.daml.org/2001/12/factbook/ethnicGroups#mestico'/>
    <NS0:percent>2</NS0:percent>
  </rdf:Description>
  <rdf:Description rdf:about='#A4604'>
    <rdf:type rdf:resource='http://www.daml.org/2001/12/factbook/factbook-ont#Port'/>
    <NS0:name>Porto Amboim</NS0:name>
  </rdf:Description>
  <rdf:Description rdf:about='#A4412'>
    <rdf:type rdf:resource='http://www.daml.org/2001/12/factbook/factbook-ont#Estimate'/>
    <NS0:year>1999</NS0:year>
  </rdf:Description>
  <rdf:Description rdf:about='#A4565'>
    <NS0:year>2000</NS0:year>
  </rdf:Description>
  <rdf:Description rdf:about='#A4600'>
    <rdf:type rdf:resource='http://www.daml.org/2001/12/factbook/factbook-ont#Port'/>
    <NS0:name>Namibe</NS0:name>
  </rdf:Description>
  <rdf:Description rdf:about='#A4217'>
    <rdf:type rdf:resource='http://www.daml.org/2001/12/factbook/factbook-ont#EthnicGroupPercent'/>
    <NS0:ethnicGroup rdf:resource='http://www.daml.org/2001/12/factbook/ethnicGroups#Bakongo'/>
    <NS0:percent>13</NS0:percent>
  </rdf:Description>
  <rdf:Description rdf:about='#A4551'>
    <NS0:year>1997</NS0:year>
  </rdf:Description>
  <rdf:Description rdf:about='#A4226'>
    <NS0:note>mixed European and Native African</NS0:note>
  </rdf:Description>
  <rdf:Description rdf:about='#A4612'>
    <rdf:type rdf:resource='http://www.daml.org/2001/12/factbook/factbook-ont#Estimate'/>
    <NS0:year>2000</NS0:year>
  </rdf:Description>
  <rdf:Description rdf:about='#A4596'>
    <rdf:type rdf:resource='http://www.daml.org/2001/12/factbook/factbook-ont#Port'/>
    <NS0:name>Mocamedes</NS0:name>
  </rdf:Description>
  <rdf:Description rdf:about='#A4212'>
    <rdf:type rdf:resource='http://www.daml.org/2001/12/factbook/factbook-ont#EthnicGroupPercent'/>
    <NS0:ethnicGroup rdf:resource='http://www.daml.org/2001/12/factbook/ethnicGroups#Kimbundu'/>
    <NS0:percent>25</NS0:percent>
  </rdf:Description>
  <rdf:Description rdf:about='#A4461'>
    <NS0:year>1999</NS0:year>
  </rdf:Description>
  <rdf:Description rdf:about='#A4592'>
    <rdf:type rdf:resource='http://www.daml.org/2001/12/factbook/factbook-ont#Port'/>
    <NS0:name>Malongo</NS0:name>
  </rdf:Description>
  <rdf:Description rdf:about='#A4207'>
    <rdf:type rdf:resource='http://www.daml.org/2001/12/factbook/factbook-ont#EthnicGroupPercent'/>
    <NS0:ethnicGroup rdf:resource='http://www.daml.org/2001/12/factbook/ethnicGroups#Ovimbundu'/>
    <NS0:percent>37</NS0:percent>
  </rdf:Description>
  <rdf:Description rdf:about='#A4567'>
    <NS0:year>1999</NS0:year>
  </rdf:Description>
  <rdf:Description rdf:about='#A4588'>
    <rdf:type rdf:resource='http://www.daml.org/2001/12/factbook/factbook-ont#Port'/>
    <NS0:name>Luanda</NS0:name>
  </rdf:Description>
  <rdf:Description rdf:about='#A4199'>
    <rdf:type rdf:resource='http://www.daml.org/2001/12/factbook/factbook-ont#Estimate'/>
    <NS0:year>2001</NS0:year>
  </rdf:Description>
  <rdf:Description rdf:about='#A4584'>
    <rdf:type rdf:resource='http://www.daml.org/2001/12/factbook/factbook-ont#Port'/>
    <NS0:name>Lobito</NS0:name>
  </rdf:Description>
</rdf:RDF>
