<?xml version='1.0' encoding='ISO-8859-1'?>
<rdf:RDF
  xmlns:rdf='http://www.w3.org/1999/02/22-rdf-syntax-ns#'
  xmlns:NS0='http://www.daml.org/2001/12/factbook/factbook-ont#'
  xmlns:rdfs='http://www.w3.org/2000/01/rdf-schema#'
  xml:base="http://www.daml.org/2001/12/factbook/as">
  <rdf:Description rdf:about='#A5729'>
    <rdf:type rdf:resource='http://www.daml.org/2001/12/factbook/factbook-ont#SexRatioBreakdown'/>
    <NS0:minAge>0</NS0:minAge>
    <NS0:maxAge>0</NS0:maxAge>
    <NS0:ratio>1.05</NS0:ratio>
  </rdf:Description>
  <rdf:Description rdf:about='#A6111'>
    <rdf:type rdf:resource='http://www.daml.org/2001/12/factbook/factbook-ont#Port'/>
    <NS0:name>Launceston</NS0:name>
  </rdf:Description>
  <rdf:Description rdf:about='#A5937'>
    <rdf:type rdf:resource='http://www.daml.org/2001/12/factbook/factbook-ont#Estimate'/>
    <NS0:year>1999</NS0:year>
  </rdf:Description>
  <rdf:Description rdf:about='#A6107'>
    <rdf:type rdf:resource='http://www.daml.org/2001/12/factbook/factbook-ont#Port'/>
    <NS0:name>Hobart</NS0:name>
  </rdf:Description>
  <rdf:Description rdf:about='#A5977'>
    <NS0:year>1999</NS0:year>
  </rdf:Description>
  <rdf:Description rdf:about='#A6103'>
    <rdf:type rdf:resource='http://www.daml.org/2001/12/factbook/factbook-ont#Port'/>
    <NS0:name>Geelong</NS0:name>
  </rdf:Description>
  <rdf:Description rdf:about='#A6099'>
    <rdf:type rdf:resource='http://www.daml.org/2001/12/factbook/factbook-ont#Port'/>
    <NS0:name>Fremantle</NS0:name>
  </rdf:Description>
  <rdf:Description rdf:about='#A6095'>
    <rdf:type rdf:resource='http://www.daml.org/2001/12/factbook/factbook-ont#Port'/>
    <NS0:name>Devonport</NS0:name>
  </rdf:Description>
  <rdf:Description rdf:about='#A6077'>
    <NS0:note>mainly used by small, shallow-draft craft</NS0:note>
  </rdf:Description>
  <rdf:Description rdf:about='#Territory'>
    <rdf:type rdf:resource='http://www.w3.org/2000/01/rdf-schema#Class'/>
    <rdfs:subClassOf rdf:resource='http://www.daml.org/2001/12/factbook/factbook-ont#AdministrativeDivision'/>
    <rdfs:label>Territory</rdfs:label>
  </rdf:Description>
  <rdf:Description rdf:about='#A6091'>
    <rdf:type rdf:resource='http://www.daml.org/2001/12/factbook/factbook-ont#Port'/>
    <NS0:name>Darwin</NS0:name>
  </rdf:Description>
  <rdf:Description rdf:about='#A6087'>
    <rdf:type rdf:resource='http://www.daml.org/2001/12/factbook/factbook-ont#Port'/>
    <NS0:name>Cairns</NS0:name>
  </rdf:Description>
  <rdf:Description rdf:about='#A119922'>
    <rdf:type rdf:resource='http://www.daml.org/2001/12/factbook/factbook-ont#CountryPercent'/>
    <NS0:country rdf:resource='http://www.daml.org/2001/09/countries/fips#JA'/>
    <NS0:percent>14</NS0:percent>
  </rdf:Description>
  <rdf:Description rdf:about='#A6083'>
    <rdf:type rdf:resource='http://www.daml.org/2001/12/factbook/factbook-ont#Port'/>
    <NS0:name>Brisbane</NS0:name>
  </rdf:Description>
  <rdf:Description rdf:about='#A5717'>
    <rdf:type rdf:resource='http://www.daml.org/2001/12/factbook/factbook-ont#Estimate'/>
    <NS0:year>2001</NS0:year>
  </rdf:Description>
  <rdf:Description rdf:about='#A6070'>
    <NS0:note>2,540 km electrified</NS0:note>
  </rdf:Description>
  <rdf:Description rdf:about='#A119917'>
    <rdf:type rdf:resource='http://www.daml.org/2001/12/factbook/factbook-ont#CountryPercent'/>
    <NS0:country rdf:resource='http://www.daml.org/2001/09/countries/fips#US'/>
    <NS0:percent>22</NS0:percent>
  </rdf:Description>
  <rdf:Description rdf:about='#A6079'>
    <rdf:type rdf:resource='http://www.daml.org/2001/12/factbook/factbook-ont#Port'/>
    <NS0:name>Adelaide</NS0:name>
  </rdf:Description>
  <rdf:Description rdf:about='#A5926'>
    <rdf:type rdf:resource='http://www.daml.org/2001/12/factbook/factbook-ont#Estimate'/>
    <NS0:year>2000</NS0:year>
  </rdf:Description>
  <rdf:Description rdf:about='#A5726'>
    <rdf:type rdf:resource='http://www.daml.org/2001/12/factbook/factbook-ont#Estimate'/>
    <NS0:year>2001</NS0:year>
  </rdf:Description>
  <rdf:Description rdf:about='#A119912'>
    <rdf:type rdf:resource='http://www.daml.org/2001/12/factbook/factbook-ont#CountryPercent'/>
    <NS0:country rdf:resource='http://www.daml.org/2001/09/countries/fips#CH'/>
  </rdf:Description>
  <rdf:Description rdf:about='#A119908'>
    <rdf:type rdf:resource='http://www.daml.org/2001/12/factbook/factbook-ont#CountryPercent'/>
    <NS0:country rdf:resource='http://www.daml.org/2001/09/countries/fips#HK'/>
  </rdf:Description>
  <rdf:Description rdf:about='#A119904'>
    <rdf:type rdf:resource='http://www.daml.org/2001/12/factbook/factbook-ont#CountryPercent'/>
    <NS0:country rdf:resource='http://www.daml.org/2001/09/countries/fips#TW'/>
  </rdf:Description>
  <rdf:Description rdf:about='#A5758'>
    <rdf:type rdf:resource='http://www.daml.org/2001/12/factbook/factbook-ont#Estimate'/>
    <NS0:year>2001</NS0:year>
  </rdf:Description>
  <rdf:Description rdf:about='#A119900'>
    <rdf:type rdf:resource='http://www.daml.org/2001/12/factbook/factbook-ont#CountryPercent'/>
    <NS0:country rdf:resource='http://www.daml.org/2001/09/countries/fips#NZ'/>
  </rdf:Description>
  <rdf:Description rdf:about='#A119896'>
    <rdf:type rdf:resource='http://www.daml.org/2001/12/factbook/factbook-ont#CountryPercent'/>
    <NS0:country rdf:resource='http://www.daml.org/2001/09/countries/fips#KS'/>
  </rdf:Description>
  <rdf:Description rdf:about='#A6066'>
    <NS0:year>2000</NS0:year>
  </rdf:Description>
  <rdf:Description rdf:about='#A119891'>
    <rdf:type rdf:resource='http://www.daml.org/2001/12/factbook/factbook-ont#CountryPercent'/>
    <NS0:country rdf:resource='http://www.daml.org/2001/09/countries/fips#US'/>
    <NS0:percent>9</NS0:percent>
  </rdf:Description>
  <rdf:Description rdf:about='#A119886'>
    <rdf:type rdf:resource='http://www.daml.org/2001/12/factbook/factbook-ont#CountryPercent'/>
    <NS0:country rdf:resource='http://www.daml.org/2001/09/countries/fips#JA'/>
    <NS0:percent>19</NS0:percent>
  </rdf:Description>
  <rdf:Description rdf:about='#A5755'>
    <rdf:type rdf:resource='http://www.daml.org/2001/12/factbook/factbook-ont#Estimate'/>
    <NS0:year>2001</NS0:year>
  </rdf:Description>
  <rdf:Description rdf:about='#A6194'>
    <rdf:type rdf:resource='http://www.daml.org/2001/12/factbook/factbook-ont#Estimate'/>
    <NS0:year>2001</NS0:year>
  </rdf:Description>
  <rdf:Description rdf:about='#A5857'>
    <rdf:type rdf:resource='#State'/>
    <NS0:name>Western Australia</NS0:name>
  </rdf:Description>
  <rdf:Description rdf:about='#A5853'>
    <rdf:type rdf:resource='#State'/>
    <NS0:name>Victoria</NS0:name>
  </rdf:Description>
  <rdf:Description rdf:about='#A6043'>
    <rdf:type rdf:resource='http://www.daml.org/2001/12/factbook/factbook-ont#CommodityPercent'/>
    <NS0:importsCommodity rdf:resource='http://www.daml.org/2001/12/factbook/commodities#telecommunication_equipment_and_parts;_crude_oil_and_petroleum_products'/>
  </rdf:Description>
  <rdf:Description rdf:about='#A5679'>
    <rdf:type rdf:resource='http://www.daml.org/2001/12/factbook/factbook-ont#Estimate'/>
    <NS0:year>1993</NS0:year>
  </rdf:Description>
  <rdf:Description rdf:about='#A5849'>
    <rdf:type rdf:resource='#State'/>
    <NS0:name>Tasmania</NS0:name>
  </rdf:Description>
  <rdf:Description rdf:about='#A6039'>
    <rdf:type rdf:resource='http://www.daml.org/2001/12/factbook/factbook-ont#CommodityPercent'/>
    <NS0:importsCommodity rdf:resource='http://www.daml.org/2001/12/factbook/commodities#computers_and_office_machines'/>
  </rdf:Description>
  <rdf:Description rdf:about='#A5941'>
    <NS0:year>1994</NS0:year>
  </rdf:Description>
  <rdf:Description rdf:about='#A5655'>
    <rdf:type rdf:resource='http://www.daml.org/2001/12/factbook/factbook-ont#ElevationExtreme'/>
    <NS0:name>Mount Kosciuszko</NS0:name>
    <NS0:elevation>2229</NS0:elevation>
  </rdf:Description>
  <rdf:Description rdf:about='#A5845'>
    <rdf:type rdf:resource='#State'/>
    <NS0:name>South Australia</NS0:name>
  </rdf:Description>
  <rdf:Description rdf:about='#A6035'>
    <rdf:type rdf:resource='http://www.daml.org/2001/12/factbook/factbook-ont#CommodityPercent'/>
    <NS0:importsCommodity rdf:resource='http://www.daml.org/2001/12/factbook/commodities#machinery_and_transport_equipment'/>
  </rdf:Description>
  <rdf:Description rdf:about='#A6197'>
    <NS0:note>FY98/99</NS0:note>
  </rdf:Description>
  <rdf:Description rdf:about='#A6032'>
    <rdf:type rdf:resource='http://www.daml.org/2001/12/factbook/factbook-ont#Estimate'/>
    <NS0:note>f.o.b., 2000</NS0:note>
  </rdf:Description>
  <rdf:Description rdf:about='#A5650'>
    <rdf:type rdf:resource='http://www.daml.org/2001/12/factbook/factbook-ont#ElevationExtreme'/>
    <NS0:name>Lake Eyre</NS0:name>
    <NS0:elevation>-15</NS0:elevation>
  </rdf:Description>
  <rdf:Description rdf:about='#A5841'>
    <rdf:type rdf:resource='#State'/>
    <NS0:name>Queensland</NS0:name>
  </rdf:Description>
  <rdf:Description rdf:about='#A6068'>
    <NS0:year>2000</NS0:year>
  </rdf:Description>
  <rdf:Description rdf:about='#A5837'>
    <rdf:type rdf:resource='#Territory'/>
    <NS0:name>Northern Territory</NS0:name>
  </rdf:Description>
  <rdf:Description rdf:about='#A6028'>
    <rdf:type rdf:resource='http://www.daml.org/2001/12/factbook/factbook-ont#CommodityPercent'/>
    <NS0:exportsCommodity rdf:resource='http://www.daml.org/2001/12/factbook/commodities#machinery_and_transport_equipment'/>
  </rdf:Description>
  <rdf:Description rdf:about='#A6024'>
    <rdf:type rdf:resource='http://www.daml.org/2001/12/factbook/factbook-ont#CommodityPercent'/>
    <NS0:exportsCommodity rdf:resource='http://www.daml.org/2001/12/factbook/commodities#wheat'/>
  </rdf:Description>
  <rdf:Description rdf:about='#A5833'>
    <rdf:type rdf:resource='#State'/>
    <NS0:name>New South Wales</NS0:name>
  </rdf:Description>
  <rdf:Description rdf:about='#A5829'>
    <rdf:type rdf:resource='#Territory'/>
    <NS0:name>Australian Capital Territory</NS0:name>
  </rdf:Description>
  <rdf:Description rdf:about='#A6020'>
    <rdf:type rdf:resource='http://www.daml.org/2001/12/factbook/factbook-ont#CommodityPercent'/>
    <NS0:exportsCommodity rdf:resource='http://www.daml.org/2001/12/factbook/commodities#iron_ore'/>
  </rdf:Description>
  <rdf:Description rdf:about='#A5943'>
    <rdf:type rdf:resource='http://www.daml.org/2001/12/factbook/factbook-ont#Estimate'/>
    <NS0:year>2000</NS0:year>
  </rdf:Description>
  <rdf:Description rdf:about='#State'>
    <rdf:type rdf:resource='http://www.w3.org/2000/01/rdf-schema#Class'/>
    <rdfs:subClassOf rdf:resource='http://www.daml.org/2001/12/factbook/factbook-ont#AdministrativeDivision'/>
    <rdfs:label>State</rdfs:label>
  </rdf:Description>
  <rdf:Description rdf:about='#A6063'>
    <NS0:year>1997</NS0:year>
  </rdf:Description>
  <rdf:Description rdf:about='#A6016'>
    <rdf:type rdf:resource='http://www.daml.org/2001/12/factbook/factbook-ont#CommodityPercent'/>
    <NS0:exportsCommodity rdf:resource='http://www.daml.org/2001/12/factbook/commodities#alumina'/>
  </rdf:Description>
  <rdf:Description rdf:about='#A5634'>
    <rdf:type rdf:resource='http://www.daml.org/2001/12/factbook/factbook-ont#LatLon'/>
    <NS0:latitude>-27.0</NS0:latitude>
    <NS0:longitude>133.0</NS0:longitude>
  </rdf:Description>
  <rdf:Description rdf:about='#A6199'>
    <NS0:note>FY98/99</NS0:note>
  </rdf:Description>
  <rdf:Description rdf:about='#A6059'>
    <NS0:year>1997</NS0:year>
  </rdf:Description>
  <rdf:Description rdf:about='#A6012'>
    <rdf:type rdf:resource='http://www.daml.org/2001/12/factbook/factbook-ont#CommodityPercent'/>
    <NS0:exportsCommodity rdf:resource='http://www.daml.org/2001/12/factbook/commodities#wool'/>
  </rdf:Description>
  <rdf:Description rdf:about='#A5819'>
    <rdf:type rdf:resource='http://www.daml.org/2001/12/factbook/factbook-ont#CapitalCity'/>
    <NS0:name>Canberra</NS0:name>
  </rdf:Description>
  <rdf:Description rdf:about='#A6052'>
    <NS0:year>1998</NS0:year>
  </rdf:Description>
  <rdf:Description rdf:about='#A6061'>
    <NS0:year>1997</NS0:year>
  </rdf:Description>
  <rdf:Description rdf:about='#A6008'>
    <rdf:type rdf:resource='http://www.daml.org/2001/12/factbook/factbook-ont#CommodityPercent'/>
    <NS0:exportsCommodity rdf:resource='http://www.daml.org/2001/12/factbook/commodities#meat'/>
  </rdf:Description>
  <rdf:Description rdf:about='#A5714'>
    <rdf:type rdf:resource='http://www.daml.org/2001/12/factbook/factbook-ont#Estimate'/>
    <NS0:note>July 2001</NS0:note>
  </rdf:Description>
  <rdf:Description rdf:about='#A5997'>
    <rdf:type rdf:resource='http://www.daml.org/2001/12/factbook/factbook-ont#Estimate'/>
    <NS0:note>f.o.b., 2000</NS0:note>
  </rdf:Description>
  <rdf:Description rdf:about='#A6004'>
    <rdf:type rdf:resource='http://www.daml.org/2001/12/factbook/factbook-ont#CommodityPercent'/>
    <NS0:exportsCommodity rdf:resource='http://www.daml.org/2001/12/factbook/commodities#gold'/>
  </rdf:Description>
  <rdf:Description rdf:about='http://www.daml.org/2001/09/countries/fips#AS'>
    <NS0:background>Australia became a commonwealth of the British Empire in 1901. It was able to take advantage of its natural resources to rapidly develop its agricultural and manufacturing industries and to make a major contribution to the British effort in World Wars I and II. Long-term concerns include pollution, particularly depletion of the ozone layer, and management and conservation of coastal areas, especially the Great Barrier Reef. A referendum to change Australia&apos;s status, from a commonwealth headed by the British monarch to an independent republic, was defeated in 1999.</NS0:background>
    <NS0:location>Oceania, continent between the Indian Ocean and the South Pacific Ocean</NS0:location>
    <NS0:geographicCoordinates rdf:resource='#A5634'/>
    <NS0:mapReferences>Oceania</NS0:mapReferences>
    <NS0:totalArea>7686850</NS0:totalArea>
    <NS0:landArea>7617930</NS0:landArea>
    <NS0:waterArea>68920</NS0:waterArea>
    <NS0:comparativeArea>slightly smaller than the contiguous 48 states of the US</NS0:comparativeArea>
    <NS0:coastline>25760</NS0:coastline>
    <NS0:contiguousZone>24</NS0:contiguousZone>
    <NS0:exclusiveEconomicZone>200</NS0:exclusiveEconomicZone>
    <NS0:territorialSea>12</NS0:territorialSea>
    <NS0:climate>generally arid to semiarid; temperate in south and east; tropical in north</NS0:climate>
    <NS0:terrain>mostly low plateau with deserts; fertile plain in southeast</NS0:terrain>
    <NS0:lowestPoint rdf:resource='#A5650'/>
    <NS0:highestPoint rdf:resource='#A5655'/>
    <NS0:naturalResource rdf:resource='http://www.daml.org/2001/12/factbook/naturalResources#bauxite'/>
    <NS0:naturalResource rdf:resource='http://www.daml.org/2001/12/factbook/naturalResources#coal'/>
    <NS0:naturalResource rdf:resource='http://www.daml.org/2001/12/factbook/naturalResources#iron_ore'/>
    <NS0:naturalResource rdf:resource='http://www.daml.org/2001/12/factbook/naturalResources#copper'/>
    <NS0:naturalResource rdf:resource='http://www.daml.org/2001/12/factbook/naturalResources#tin'/>
    <NS0:naturalResource rdf:resource='http://www.daml.org/2001/12/factbook/naturalResources#silver'/>
    <NS0:naturalResource rdf:resource='http://www.daml.org/2001/12/factbook/naturalResources#uranium'/>
    <NS0:naturalResource rdf:resource='http://www.daml.org/2001/12/factbook/naturalResources#nickel'/>
    <NS0:naturalResource rdf:resource='http://www.daml.org/2001/12/factbook/naturalResources#tungsten'/>
    <NS0:naturalResource rdf:resource='http://www.daml.org/2001/12/factbook/naturalResources#mineral_sands'/>
    <NS0:naturalResource rdf:resource='http://www.daml.org/2001/12/factbook/naturalResources#lead'/>
    <NS0:naturalResource rdf:resource='http://www.daml.org/2001/12/factbook/naturalResources#zinc'/>
    <NS0:naturalResource rdf:resource='http://www.daml.org/2001/12/factbook/naturalResources#diamonds'/>
    <NS0:naturalResource rdf:resource='http://www.daml.org/2001/12/factbook/naturalResources#natural_gas'/>
    <NS0:naturalResource rdf:resource='http://www.daml.org/2001/12/factbook/naturalResources#petroleum'/>
    <NS0:arableLand>6</NS0:arableLand>
    <NS0:permanentCrops>0</NS0:permanentCrops>
    <NS0:permanentPastures>54</NS0:permanentPastures>
    <NS0:forestsAndWoodland>19</NS0:forestsAndWoodland>
    <NS0:otherLandUse rdf:ID='A5679'>21</NS0:otherLandUse>
    <NS0:irrigatedLand rdf:ID='A5682'>21070</NS0:irrigatedLand>
    <NS0:naturalHazard>cyclones along the coast</NS0:naturalHazard>
    <NS0:naturalHazard>severe droughts</NS0:naturalHazard>
    <NS0:environmentalIssue>soil erosion from overgrazing, industrial development, urbanization, and poor farming practices</NS0:environmentalIssue>
    <NS0:environmentalIssue>soil salinity rising due to the use of poor quality water</NS0:environmentalIssue>
    <NS0:environmentalIssue>desertification</NS0:environmentalIssue>
    <NS0:environmentalIssue>clearing for agricultural purposes threatens the natural habitat of many unique animal and plant species</NS0:environmentalIssue>
    <NS0:environmentalIssue>the Great Barrier Reef off the northeast coast, the largest coral reef in the world, is threatened by increased shipping and its popularity as a tourist site</NS0:environmentalIssue>
    <NS0:environmentalIssue>limited natural fresh water resources</NS0:environmentalIssue>
    <NS0:environmentalAgreementPartyTo rdf:resource='http://www.daml.org/2001/12/factbook/environmentalAgreements#Antarctic-Environmental_Protocol'/>
    <NS0:environmentalAgreementPartyTo rdf:resource='http://www.daml.org/2001/12/factbook/environmentalAgreements#Antarctic-Marine_Living_Resources'/>
    <NS0:environmentalAgreementPartyTo rdf:resource='http://www.daml.org/2001/12/factbook/environmentalAgreements#Antarctic_Seals'/>
    <NS0:environmentalAgreementPartyTo rdf:resource='http://www.daml.org/2001/12/factbook/environmentalAgreements#Antarctic_Treaty'/>
    <NS0:environmentalAgreementPartyTo rdf:resource='http://www.daml.org/2001/12/factbook/environmentalAgreements#Biodiversity'/>
    <NS0:environmentalAgreementPartyTo rdf:resource='http://www.daml.org/2001/12/factbook/environmentalAgreements#Climate_Change'/>
    <NS0:environmentalAgreementPartyTo rdf:resource='http://www.daml.org/2001/12/factbook/environmentalAgreements#Desertification'/>
    <NS0:environmentalAgreementPartyTo rdf:resource='http://www.daml.org/2001/12/factbook/environmentalAgreements#Endangered_Species'/>
    <NS0:environmentalAgreementPartyTo rdf:resource='http://www.daml.org/2001/12/factbook/environmentalAgreements#Environmental_Modification'/>
    <NS0:environmentalAgreementPartyTo rdf:resource='http://www.daml.org/2001/12/factbook/environmentalAgreements#Hazardous_Wastes'/>
    <NS0:environmentalAgreementPartyTo rdf:resource='http://www.daml.org/2001/12/factbook/environmentalAgreements#Law_of_the_Sea'/>
    <NS0:environmentalAgreementPartyTo rdf:resource='http://www.daml.org/2001/12/factbook/environmentalAgreements#Marine_Dumping'/>
    <NS0:environmentalAgreementPartyTo rdf:resource='http://www.daml.org/2001/12/factbook/environmentalAgreements#Marine_Life_Conservation'/>
    <NS0:environmentalAgreementPartyTo rdf:resource='http://www.daml.org/2001/12/factbook/environmentalAgreements#Nuclear_Test_Ban'/>
    <NS0:environmentalAgreementPartyTo rdf:resource='http://www.daml.org/2001/12/factbook/environmentalAgreements#Ozone_Layer_Protection'/>
    <NS0:environmentalAgreementPartyTo rdf:resource='http://www.daml.org/2001/12/factbook/environmentalAgreements#Ship_Pollution'/>
    <NS0:environmentalAgreementPartyTo rdf:resource='http://www.daml.org/2001/12/factbook/environmentalAgreements#Tropical_Timber_83'/>
    <NS0:environmentalAgreementPartyTo rdf:resource='http://www.daml.org/2001/12/factbook/environmentalAgreements#Tropical_Timber_94'/>
    <NS0:environmentalAgreementPartyTo rdf:resource='http://www.daml.org/2001/12/factbook/environmentalAgreements#Wetlands'/>
    <NS0:environmentalAgreementPartyTo rdf:resource='http://www.daml.org/2001/12/factbook/environmentalAgreements#Whaling'/>
    <NS0:environmentalAgreementSigned rdf:resource='http://www.daml.org/2001/12/factbook/environmentalAgreements#Climate_Change-Kyoto_Protocol'/>
    <NS0:population rdf:ID='A5714'>19357594</NS0:population>
    <NS0:populationGrowthRate rdf:ID='A5717'>0.99</NS0:populationGrowthRate>
    <NS0:birthRate rdf:ID='A5720'>12.86</NS0:birthRate>
    <NS0:deathRate rdf:ID='A5723'>7.18</NS0:deathRate>
    <NS0:netMigrationRate rdf:ID='A5726'>4.19</NS0:netMigrationRate>
    <NS0:sexRatio rdf:resource='#A5729'/>
    <NS0:sexRatio rdf:resource='#A5735'/>
    <NS0:sexRatio rdf:resource='#A5741'/>
    <NS0:sexRatio rdf:resource='#A5747'/>
    <NS0:sexRatio rdf:ID='A5755' rdf:resource='#A5752'/>
    <NS0:infantMortalityRate rdf:ID='A5758'>4.97</NS0:infantMortalityRate>
    <NS0:totalFertilityRate rdf:ID='A5761'>1.77</NS0:totalFertilityRate>
    <NS0:nationalityNoun>Australian(s)</NS0:nationalityNoun>
    <NS0:nationalityAdjective>Australian</NS0:nationalityAdjective>
    <NS0:ethnicGroup rdf:resource='#A5766'/>
    <NS0:ethnicGroup rdf:resource='#A5771'/>
    <NS0:ethnicGroup rdf:resource='#A5776'/>
    <NS0:religion rdf:resource='#A5781'/>
    <NS0:religion rdf:resource='#A5786'/>
    <NS0:religion rdf:resource='#A5791'/>
    <NS0:religion rdf:resource='#A5796'/>
    <NS0:language rdf:resource='#A5801'/>
    <NS0:language rdf:resource='#A5805'/>
    <NS0:literacyDefinition>age 15 and over can read and write</NS0:literacyDefinition>
    <NS0:literacyTotal>100</NS0:literacyTotal>
    <NS0:literacyMale>100</NS0:literacyMale>
    <NS0:literacyFemale rdf:ID='A5812'>100</NS0:literacyFemale>
    <NS0:conventionalLongCountryName>Commonwealth of Australia</NS0:conventionalLongCountryName>
    <NS0:conventionalShortCountryName>Australia</NS0:conventionalShortCountryName>
    <NS0:governmentType rdf:resource='http://www.daml.org/2001/12/factbook/governmentTypes#democratic'/>
    <NS0:governmentType rdf:resource='http://www.daml.org/2001/12/factbook/governmentTypes#federal-state_system_recognizing_the_British_monarch_as_sovereign'/>
    <NS0:capital rdf:resource='#A5819'/>
    <NS0:administrativeDivision rdf:resource='#A5829'/>
    <NS0:administrativeDivision rdf:resource='#A5833'/>
    <NS0:administrativeDivision rdf:resource='#A5837'/>
    <NS0:administrativeDivision rdf:resource='#A5841'/>
    <NS0:administrativeDivision rdf:resource='#A5845'/>
    <NS0:administrativeDivision rdf:resource='#A5849'/>
    <NS0:administrativeDivision rdf:resource='#A5853'/>
    <NS0:administrativeDivision rdf:resource='#A5857'/>
    <NS0:independence>1 January 1901 (federation of UK colonies)</NS0:independence>
    <NS0:constitution>9 July 1900, effective 1 January 1901</NS0:constitution>
    <NS0:legalSystem>based on English common law; accepts compulsory ICJ jurisdiction, with reservations</NS0:legalSystem>
    <NS0:suffrage>18 years of age; universal and compulsory</NS0:suffrage>
    <NS0:participatesIn rdf:resource='http://www.daml.org/2001/12/factbook/internationalOrganizations#ANZUS'/>
    <NS0:participatesIn rdf:resource='http://www.daml.org/2001/12/factbook/internationalOrganizations#APEC'/>
    <NS0:participatesIn rdf:resource='http://www.daml.org/2001/12/factbook/internationalOrganizations#ARF'/>
    <NS0:participatesIn rdf:resource='http://www.daml.org/2001/12/factbook/internationalOrganizations#AsDB'/>
    <NS0:participatesIn rdf:resource='http://www.daml.org/2001/12/factbook/internationalOrganizations#ASEAN'/>
    <NS0:participatesIn rdf:resource='http://www.daml.org/2001/12/factbook/internationalOrganizations#Australia_Group'/>
    <NS0:participatesIn rdf:resource='http://www.daml.org/2001/12/factbook/internationalOrganizations#BIS'/>
    <NS0:participatesIn rdf:resource='http://www.daml.org/2001/12/factbook/internationalOrganizations#C'/>
    <NS0:participatesIn rdf:resource='http://www.daml.org/2001/12/factbook/internationalOrganizations#CCC'/>
    <NS0:participatesIn rdf:resource='http://www.daml.org/2001/12/factbook/internationalOrganizations#CP'/>
    <NS0:participatesIn rdf:resource='http://www.daml.org/2001/12/factbook/internationalOrganizations#EBRD'/>
    <NS0:participatesIn rdf:resource='http://www.daml.org/2001/12/factbook/internationalOrganizations#ESCAP'/>
    <NS0:participatesIn rdf:resource='http://www.daml.org/2001/12/factbook/internationalOrganizations#FAO'/>
    <NS0:participatesIn rdf:resource='http://www.daml.org/2001/12/factbook/internationalOrganizations#IAEA'/>
    <NS0:participatesIn rdf:resource='http://www.daml.org/2001/12/factbook/internationalOrganizations#IBRD'/>
    <NS0:participatesIn rdf:resource='http://www.daml.org/2001/12/factbook/internationalOrganizations#ICAO'/>
    <NS0:participatesIn rdf:resource='http://www.daml.org/2001/12/factbook/internationalOrganizations#ICC'/>
    <NS0:participatesIn rdf:resource='http://www.daml.org/2001/12/factbook/internationalOrganizations#ICFTU'/>
    <NS0:participatesIn rdf:resource='http://www.daml.org/2001/12/factbook/internationalOrganizations#ICRM'/>
    <NS0:participatesIn rdf:resource='http://www.daml.org/2001/12/factbook/internationalOrganizations#IDA'/>
    <NS0:participatesIn rdf:resource='http://www.daml.org/2001/12/factbook/internationalOrganizations#IEA'/>
    <NS0:participatesIn rdf:resource='http://www.daml.org/2001/12/factbook/internationalOrganizations#IFAD'/>
    <NS0:participatesIn rdf:resource='http://www.daml.org/2001/12/factbook/internationalOrganizations#IFC'/>
    <NS0:participatesIn rdf:resource='http://www.daml.org/2001/12/factbook/internationalOrganizations#IFRCS'/>
    <NS0:participatesIn rdf:resource='http://www.daml.org/2001/12/factbook/internationalOrganizations#IHO'/>
    <NS0:participatesIn rdf:resource='http://www.daml.org/2001/12/factbook/internationalOrganizations#ILO'/>
    <NS0:participatesIn rdf:resource='http://www.daml.org/2001/12/factbook/internationalOrganizations#IMF'/>
    <NS0:participatesIn rdf:resource='http://www.daml.org/2001/12/factbook/internationalOrganizations#IMO'/>
    <NS0:participatesIn rdf:resource='http://www.daml.org/2001/12/factbook/internationalOrganizations#Inmarsat'/>
    <NS0:participatesIn rdf:resource='http://www.daml.org/2001/12/factbook/internationalOrganizations#Intelsat'/>
    <NS0:participatesIn rdf:resource='http://www.daml.org/2001/12/factbook/internationalOrganizations#Interpol'/>
    <NS0:participatesIn rdf:resource='http://www.daml.org/2001/12/factbook/internationalOrganizations#IOC'/>
    <NS0:participatesIn rdf:resource='http://www.daml.org/2001/12/factbook/internationalOrganizations#IOM'/>
    <NS0:participatesIn rdf:resource='http://www.daml.org/2001/12/factbook/internationalOrganizations#ISO'/>
    <NS0:participatesIn rdf:resource='http://www.daml.org/2001/12/factbook/internationalOrganizations#ITU'/>
    <NS0:participatesIn rdf:resource='http://www.daml.org/2001/12/factbook/internationalOrganizations#NAM'/>
    <NS0:participatesIn rdf:resource='http://www.daml.org/2001/12/factbook/internationalOrganizations#NEA'/>
    <NS0:participatesIn rdf:resource='http://www.daml.org/2001/12/factbook/internationalOrganizations#NSG'/>
    <NS0:participatesIn rdf:resource='http://www.daml.org/2001/12/factbook/internationalOrganizations#OECD'/>
    <NS0:participatesIn rdf:resource='http://www.daml.org/2001/12/factbook/internationalOrganizations#OPCW'/>
    <NS0:participatesIn rdf:resource='http://www.daml.org/2001/12/factbook/internationalOrganizations#PCA'/>
    <NS0:participatesIn rdf:resource='http://www.daml.org/2001/12/factbook/internationalOrganizations#Sparteca'/>
    <NS0:participatesIn rdf:resource='http://www.daml.org/2001/12/factbook/internationalOrganizations#SPC'/>
    <NS0:participatesIn rdf:resource='http://www.daml.org/2001/12/factbook/internationalOrganizations#SPF'/>
    <NS0:participatesIn rdf:resource='http://www.daml.org/2001/12/factbook/internationalOrganizations#UN'/>
    <NS0:participatesIn rdf:resource='http://www.daml.org/2001/12/factbook/internationalOrganizations#UNCTAD'/>
    <NS0:participatesIn rdf:resource='http://www.daml.org/2001/12/factbook/internationalOrganizations#UNESCO'/>
    <NS0:participatesIn rdf:resource='http://www.daml.org/2001/12/factbook/internationalOrganizations#UNHCR'/>
    <NS0:participatesIn rdf:resource='http://www.daml.org/2001/12/factbook/internationalOrganizations#UNMEE'/>
    <NS0:participatesIn rdf:resource='http://www.daml.org/2001/12/factbook/internationalOrganizations#UNTAET'/>
    <NS0:participatesIn rdf:resource='http://www.daml.org/2001/12/factbook/internationalOrganizations#UNTSO'/>
    <NS0:participatesIn rdf:resource='http://www.daml.org/2001/12/factbook/internationalOrganizations#UNU'/>
    <NS0:participatesIn rdf:resource='http://www.daml.org/2001/12/factbook/internationalOrganizations#UPU'/>
    <NS0:participatesIn rdf:resource='http://www.daml.org/2001/12/factbook/internationalOrganizations#WFTU'/>
    <NS0:participatesIn rdf:resource='http://www.daml.org/2001/12/factbook/internationalOrganizations#WHO'/>
    <NS0:participatesIn rdf:resource='http://www.daml.org/2001/12/factbook/internationalOrganizations#WIPO'/>
    <NS0:participatesIn rdf:resource='http://www.daml.org/2001/12/factbook/internationalOrganizations#WMO'/>
    <NS0:participatesIn rdf:resource='http://www.daml.org/2001/12/factbook/internationalOrganizations#WTrO'/>
    <NS0:participatesIn rdf:resource='http://www.daml.org/2001/12/factbook/internationalOrganizations#ZC'/>
    <NS0:flagDescription>blue with the flag of the UK in the upper hoist-side quadrant and a large seven-pointed star in the lower hoist-side quadrant; the remaining half is a representation of the Southern Cross constellation in white with one small five-pointed star and four, larger, seven-pointed stars</NS0:flagDescription>
    <NS0:economyOverview>Australia has a prosperous Western-style capitalist economy, with a per capita GDP at the level of the four dominant West European economies. Rich in natural resources, Australia is a major exporter of agricultural products, minerals, metals, and fossil fuels. Commodities account for 57% of the value of total exports, so that a downturn in world commodity prices can have a big impact on the economy. The government is pushing for increased exports of manufactured goods, but competition in international markets continues to be severe. While Australia has suffered from the low growth and high unemployment characterizing the OECD countries in the early 1990s and during the recent financial problems in East Asia, the economy has expanded at a solid 4% annual growth pace in the last five years. Canberra&apos;s emphasis on reforms is a key factor behind the economy&apos;s resilience to the regional crisis and its stronger than expected growth rate. Growth in 2001 will depend on key international commodity prices, the extent of recovery in nearby Asian economies, and the strength of US and European markets.</NS0:economyOverview>
    <NS0:grossDomesticProduct rdf:ID='A5926'>445800000000</NS0:grossDomesticProduct>
    <NS0:grossDomesticProductRealGrowth rdf:ID='A5929'>4.7</NS0:grossDomesticProductRealGrowth>
    <NS0:grossDomesticProductPerCapita rdf:ID='A5932'>23200</NS0:grossDomesticProductPerCapita>
    <NS0:grossDomesticProductAgriculture>3</NS0:grossDomesticProductAgriculture>
    <NS0:grossDomesticProductIndustry>26</NS0:grossDomesticProductIndustry>
    <NS0:grossDomesticProductServices rdf:ID='A5937'>71</NS0:grossDomesticProductServices>
    <NS0:householdIncomeLowest10Percent>2</NS0:householdIncomeLowest10Percent>
    <NS0:householdIncomeHighest10Percent rdf:ID='A5941'>25.4</NS0:householdIncomeHighest10Percent>
    <NS0:inflationRate rdf:ID='A5943'>1.4</NS0:inflationRate>
    <NS0:laborForce rdf:ID='A5946'>9500000</NS0:laborForce>
    <NS0:occupation rdf:resource='#A5948'/>
    <NS0:occupation rdf:resource='#A5953'/>
    <NS0:occupation rdf:ID='A5962' rdf:resource='#A5958'/>
    <NS0:unemploymentRate rdf:ID='A5965'>6.4</NS0:unemploymentRate>
    <NS0:budgetRevenues>94000000000</NS0:budgetRevenues>
    <NS0:budgetExpenditures>103000000000</NS0:budgetExpenditures>
    <NS0:industry rdf:resource='http://www.daml.org/2001/12/factbook/industries#mining'/>
    <NS0:industry rdf:resource='http://www.daml.org/2001/12/factbook/industries#industrial_and_transportation_equipment'/>
    <NS0:industry rdf:resource='http://www.daml.org/2001/12/factbook/industries#food_processing'/>
    <NS0:industry rdf:resource='http://www.daml.org/2001/12/factbook/industries#chemicals'/>
    <NS0:industry rdf:resource='http://www.daml.org/2001/12/factbook/industries#steel'/>
    <NS0:industrialProductionGrowthRate rdf:ID='A5974'>1.5</NS0:industrialProductionGrowthRate>
    <NS0:electricityProduction rdf:ID='A5977'>191727000000</NS0:electricityProduction>
    <NS0:electricityProductionFossilFuel>89.93</NS0:electricityProductionFossilFuel>
    <NS0:electricityProductionHydro>8.36</NS0:electricityProductionHydro>
    <NS0:electricityProductionNuclear>0</NS0:electricityProductionNuclear>
    <NS0:electricityProductionOther rdf:ID='A5982'>1.71</NS0:electricityProductionOther>
    <NS0:electricityConsumption rdf:ID='A5984'>178306000000</NS0:electricityConsumption>
    <NS0:electricityExports rdf:ID='A5986'>0</NS0:electricityExports>
    <NS0:electricityImports rdf:ID='A5988'>0</NS0:electricityImports>
    <NS0:agricultureProduct rdf:resource='http://www.daml.org/2001/12/factbook/agricultureProducts#wheat'/>
    <NS0:agricultureProduct rdf:resource='http://www.daml.org/2001/12/factbook/agricultureProducts#barley'/>
    <NS0:agricultureProduct rdf:resource='http://www.daml.org/2001/12/factbook/agricultureProducts#sugarcane'/>
    <NS0:agricultureProduct rdf:resource='http://www.daml.org/2001/12/factbook/agricultureProducts#fruits'/>
    <NS0:agricultureProduct rdf:resource='http://www.daml.org/2001/12/factbook/agricultureProducts#cattle'/>
    <NS0:agricultureProduct rdf:resource='http://www.daml.org/2001/12/factbook/agricultureProducts#sheep'/>
    <NS0:agricultureProduct rdf:resource='http://www.daml.org/2001/12/factbook/agricultureProducts#poultry'/>
    <NS0:exports rdf:ID='A5997'>69000000000</NS0:exports>
    <NS0:exportsCommodity rdf:resource='#A6000'/>
    <NS0:exportsCommodity rdf:resource='#A6004'/>
    <NS0:exportsCommodity rdf:resource='#A6008'/>
    <NS0:exportsCommodity rdf:resource='#A6012'/>
    <NS0:exportsCommodity rdf:resource='#A6016'/>
    <NS0:exportsCommodity rdf:resource='#A6020'/>
    <NS0:exportsCommodity rdf:resource='#A6024'/>
    <NS0:exportsCommodity rdf:resource='#A6028'/>
    <NS0:imports rdf:ID='A6032'>77000000000</NS0:imports>
    <NS0:importsCommodity rdf:resource='#A6035'/>
    <NS0:importsCommodity rdf:resource='#A6039'/>
    <NS0:importsCommodity rdf:resource='#A6043'/>
    <NS0:externalDebt rdf:ID='A6047'>220600000000</NS0:externalDebt>
    <NS0:currency>Australian dollar (AUD)</NS0:currency>
    <NS0:currencyCode>AUD</NS0:currencyCode>
    <NS0:fiscalYear>1 July - 30 June</NS0:fiscalYear>
    <NS0:mainTelephoneLines rdf:ID='A6052'>9580000</NS0:mainTelephoneLines>
    <NS0:mobileTelephoneLines rdf:ID='A6054'>6400000</NS0:mobileTelephoneLines>
    <NS0:telephoneSystemGeneralAssessment>excellent domestic and international service</NS0:telephoneSystemGeneralAssessment>
    <NS0:telephoneSystemDomestic>domestic satellite system; much use of radiotelephone in areas of low population density; rapid growth of mobile cellular telephones</NS0:telephoneSystemDomestic>
    <NS0:telephoneSystemInternational>submarine cables to New Zealand, Papua New Guinea, and Indonesia; satellite earth stations - 10 Intelsat (4 Indian Ocean and 6 Pacific Ocean), 2 Inmarsat (Indian and Pacific Ocean regions) (1998)</NS0:telephoneSystemInternational>
    <NS0:radios rdf:ID='A6059'>25500000</NS0:radios>
    <NS0:televisionBroadcastStations rdf:ID='A6061'>104</NS0:televisionBroadcastStations>
    <NS0:televisions rdf:ID='A6063'>10150000</NS0:televisions>
    <NS0:internetCountryCode>.au</NS0:internetCountryCode>
    <NS0:internetServiceProviders rdf:ID='A6066'>264</NS0:internetServiceProviders>
    <NS0:internetUsers rdf:ID='A6068'>7770000</NS0:internetUsers>
    <NS0:railwaysTotal rdf:ID='A6070'>33819</NS0:railwaysTotal>
    <NS0:highwaysTotal>913000</NS0:highwaysTotal>
    <NS0:highwaysPaved rdf:ID='A6073'>353331</NS0:highwaysPaved>
    <NS0:highwaysUnpaved rdf:ID='A6075'>559669</NS0:highwaysUnpaved>
    <NS0:waterways rdf:ID='A6077'>8368</NS0:waterways>
    <NS0:port rdf:resource='#A6079'/>
    <NS0:port rdf:resource='#A6083'/>
    <NS0:port rdf:resource='#A6087'/>
    <NS0:port rdf:resource='#A6091'/>
    <NS0:port rdf:resource='#A6095'/>
    <NS0:port rdf:resource='#A6099'/>
    <NS0:port rdf:resource='#A6103'/>
    <NS0:port rdf:resource='#A6107'/>
    <NS0:port rdf:resource='#A6111'/>
    <NS0:port rdf:resource='#A6115'/>
    <NS0:port rdf:resource='#A6119'/>
    <NS0:port rdf:resource='#A6123'/>
    <NS0:port rdf:resource='#A6127'/>
    <NS0:airports rdf:ID='A6131'>411</NS0:airports>
    <NS0:airportBreakdown rdf:resource='#A6134'/>
    <NS0:airportBreakdown rdf:resource='#A6140'/>
    <NS0:airportBreakdown rdf:resource='#A6147'/>
    <NS0:airportBreakdown rdf:resource='#A6154'/>
    <NS0:airportBreakdown rdf:resource='#A6161'/>
    <NS0:airportBreakdown rdf:resource='#A6167'/>
    <NS0:airportBreakdown rdf:resource='#A6174'/>
    <NS0:airportBreakdown rdf:resource='#A6181'/>
    <NS0:militaryAge>17</NS0:militaryAge>
    <NS0:malesOfMilitaryAge rdf:ID='A6188'>4990107</NS0:malesOfMilitaryAge>
    <NS0:malesFitForMilitaryService rdf:ID='A6191'>4303966</NS0:malesFitForMilitaryService>
    <NS0:malesReachingMilitaryAgeAnnually rdf:ID='A6194'>138971</NS0:malesReachingMilitaryAgeAnnually>
    <NS0:militaryExpenditures rdf:ID='A6197'>6900000000</NS0:militaryExpenditures>
    <NS0:militaryExpendituresPercentGDP rdf:ID='A6199'>1.9</NS0:militaryExpendituresPercentGDP>
    <NS0:internationalDispute>territorial claim in Antarctica</NS0:internationalDispute>
    <NS0:illicitDrugs>Tasmania is one of the world&apos;s major suppliers of licit opiate products</NS0:illicitDrugs>
    <NS0:illicitDrugs>government maintains strict controls over areas of opium poppy cultivation and output of poppy straw concentrate</NS0:illicitDrugs>
    <NS0:smallFlag>http://www.cia.gov/cia/publications/factbook/flags/as-flag.jpg</NS0:smallFlag>
    <NS0:largeFlag>http://www.cia.gov/cia/publications/factbook/flags/as-lgflag.jpg</NS0:largeFlag>
    <NS0:map>http://www.cia.gov/cia/publications/factbook/maps/as-map.jpg</NS0:map>
    <NS0:exportPartner rdf:resource='#A119886'/>
    <NS0:exportPartner rdf:resource='#A119891'/>
    <NS0:exportPartner rdf:resource='#A119896'/>
    <NS0:exportPartner rdf:resource='#A119900'/>
    <NS0:exportPartner rdf:resource='#A119904'/>
    <NS0:exportPartner rdf:resource='#A119908'/>
    <NS0:exportPartner rdf:ID='A119915' rdf:resource='#A119912'/>
    <NS0:importPartner rdf:resource='#A119917'/>
    <NS0:importPartner rdf:resource='#A119922'/>
    <NS0:dependentArea rdf:resource='http://www.daml.org/2001/09/countries/fips#AT'/>
    <NS0:dependentArea rdf:resource='http://www.daml.org/2001/09/countries/fips#KT'/>
    <NS0:dependentArea rdf:resource='http://www.daml.org/2001/09/countries/fips#CR'/>
    <NS0:dependentArea rdf:resource='http://www.daml.org/2001/09/countries/fips#HM'/>
    <NS0:dependentArea rdf:resource='http://www.daml.org/2001/09/countries/fips#NF'/>
  </rdf:Description>
  <rdf:Description rdf:about='#A6000'>
    <rdf:type rdf:resource='http://www.daml.org/2001/12/factbook/factbook-ont#CommodityPercent'/>
    <NS0:exportsCommodity rdf:resource='http://www.daml.org/2001/12/factbook/commodities#coal'/>
  </rdf:Description>
  <rdf:Description rdf:about='#A6191'>
    <rdf:type rdf:resource='http://www.daml.org/2001/12/factbook/factbook-ont#Estimate'/>
    <NS0:year>2001</NS0:year>
  </rdf:Description>
  <rdf:Description rdf:about='#A5805'>
    <rdf:type rdf:resource='http://www.daml.org/2001/12/factbook/factbook-ont#LanguagePercent'/>
    <NS0:language rdf:resource='http://www.daml.org/2001/12/factbook/languages#native_languages'/>
  </rdf:Description>
  <rdf:Description rdf:about='#A5801'>
    <rdf:type rdf:resource='http://www.daml.org/2001/12/factbook/factbook-ont#LanguagePercent'/>
    <NS0:language rdf:resource='http://www.daml.org/2001/12/factbook/languages#English'/>
  </rdf:Description>
  <rdf:Description rdf:about='#A6054'>
    <NS0:year>1998</NS0:year>
  </rdf:Description>
  <rdf:Description rdf:about='#A5965'>
    <NS0:year>2000</NS0:year>
  </rdf:Description>
  <rdf:Description rdf:about='#A6181'>
    <rdf:type rdf:resource='http://www.daml.org/2001/12/factbook/factbook-ont#AirportBreakdown'/>
    <NS0:paved>false</NS0:paved>
    <NS0:maxRunway>913</NS0:maxRunway>
    <NS0:count>11 (2000 est.)</NS0:count>
  </rdf:Description>
  <rdf:Description rdf:about='#A5682'>
    <rdf:type rdf:resource='http://www.daml.org/2001/12/factbook/factbook-ont#Estimate'/>
    <NS0:year>1993</NS0:year>
  </rdf:Description>
  <rdf:Description rdf:about='#A5796'>
    <rdf:type rdf:resource='http://www.daml.org/2001/12/factbook/factbook-ont#ReligionPercent'/>
    <NS0:religion rdf:resource='http://www.daml.org/2001/12/factbook/religions#non-Christian'/>
    <NS0:percent>11</NS0:percent>
  </rdf:Description>
  <rdf:Description rdf:about='#A5986'>
    <NS0:year>1999</NS0:year>
  </rdf:Description>
  <rdf:Description rdf:about='#A5974'>
    <rdf:type rdf:resource='http://www.daml.org/2001/12/factbook/factbook-ont#Estimate'/>
    <NS0:year>1999</NS0:year>
  </rdf:Description>
  <rdf:Description rdf:about='#A6174'>
    <rdf:type rdf:resource='http://www.daml.org/2001/12/factbook/factbook-ont#AirportBreakdown'/>
    <NS0:paved>false</NS0:paved>
    <NS0:minRunway>914</NS0:minRunway>
    <NS0:maxRunway>1523</NS0:maxRunway>
    <NS0:count>112</NS0:count>
  </rdf:Description>
  <rdf:Description rdf:about='#A5791'>
    <rdf:type rdf:resource='http://www.daml.org/2001/12/factbook/factbook-ont#ReligionPercent'/>
    <NS0:religion rdf:resource='http://www.daml.org/2001/12/factbook/religions#other_Christian'/>
    <NS0:percent>24.3</NS0:percent>
  </rdf:Description>
  <rdf:Description rdf:about='#A5786'>
    <rdf:type rdf:resource='http://www.daml.org/2001/12/factbook/factbook-ont#ReligionPercent'/>
    <NS0:religion rdf:resource='http://www.daml.org/2001/12/factbook/religions#Roman_Catholic'/>
    <NS0:percent>26</NS0:percent>
  </rdf:Description>
  <rdf:Description rdf:about='#A6167'>
    <rdf:type rdf:resource='http://www.daml.org/2001/12/factbook/factbook-ont#AirportBreakdown'/>
    <NS0:paved>false</NS0:paved>
    <NS0:minRunway>1524</NS0:minRunway>
    <NS0:maxRunway>2437</NS0:maxRunway>
    <NS0:count>17</NS0:count>
  </rdf:Description>
  <rdf:Description rdf:about='#A5781'>
    <rdf:type rdf:resource='http://www.daml.org/2001/12/factbook/factbook-ont#ReligionPercent'/>
    <NS0:religion rdf:resource='http://www.daml.org/2001/12/factbook/religions#Anglican'/>
    <NS0:percent>26.1</NS0:percent>
  </rdf:Description>
  <rdf:Description rdf:about='#A119915'>
    <NS0:note>1999</NS0:note>
  </rdf:Description>
  <rdf:Description rdf:about='#A6161'>
    <rdf:type rdf:resource='http://www.daml.org/2001/12/factbook/factbook-ont#AirportBreakdown'/>
    <NS0:paved>true</NS0:paved>
    <NS0:maxRunway>913</NS0:maxRunway>
    <NS0:count>9 (2000 est.)</NS0:count>
  </rdf:Description>
  <rdf:Description rdf:about='#A6047'>
    <NS0:year>2000</NS0:year>
  </rdf:Description>
  <rdf:Description rdf:about='#A5723'>
    <rdf:type rdf:resource='http://www.daml.org/2001/12/factbook/factbook-ont#Estimate'/>
    <NS0:year>2001</NS0:year>
  </rdf:Description>
  <rdf:Description rdf:about='#A5776'>
    <rdf:type rdf:resource='http://www.daml.org/2001/12/factbook/factbook-ont#EthnicGroupPercent'/>
    <NS0:ethnicGroup rdf:resource='http://www.daml.org/2001/12/factbook/ethnicGroups#aboriginal_and_other'/>
    <NS0:percent>1</NS0:percent>
  </rdf:Description>
  <rdf:Description rdf:about='#A6154'>
    <rdf:type rdf:resource='http://www.daml.org/2001/12/factbook/factbook-ont#AirportBreakdown'/>
    <NS0:paved>true</NS0:paved>
    <NS0:minRunway>914</NS0:minRunway>
    <NS0:maxRunway>1523</NS0:maxRunway>
    <NS0:count>122</NS0:count>
  </rdf:Description>
  <rdf:Description rdf:about='#A5771'>
    <rdf:type rdf:resource='http://www.daml.org/2001/12/factbook/factbook-ont#EthnicGroupPercent'/>
    <NS0:ethnicGroup rdf:resource='http://www.daml.org/2001/12/factbook/ethnicGroups#Asian'/>
    <NS0:percent>7</NS0:percent>
  </rdf:Description>
  <rdf:Description rdf:about='#A6131'>
    <rdf:type rdf:resource='http://www.daml.org/2001/12/factbook/factbook-ont#Estimate'/>
    <NS0:year>2000</NS0:year>
  </rdf:Description>
  <rdf:Description rdf:about='#A5984'>
    <NS0:year>1999</NS0:year>
  </rdf:Description>
  <rdf:Description rdf:about='#A5932'>
    <rdf:type rdf:resource='http://www.daml.org/2001/12/factbook/factbook-ont#Estimate'/>
    <NS0:year>2000</NS0:year>
  </rdf:Description>
  <rdf:Description rdf:about='#A5958'>
    <rdf:type rdf:resource='http://www.daml.org/2001/12/factbook/factbook-ont#OccupationPercent'/>
    <NS0:occupation rdf:resource='http://www.daml.org/2001/12/factbook/occupations#agriculture'/>
    <NS0:percent>5</NS0:percent>
  </rdf:Description>
  <rdf:Description rdf:about='#A6073'>
    <NS0:note>including 1,363 km of expressways</NS0:note>
  </rdf:Description>
  <rdf:Description rdf:about='#A5766'>
    <rdf:type rdf:resource='http://www.daml.org/2001/12/factbook/factbook-ont#EthnicGroupPercent'/>
    <NS0:ethnicGroup rdf:resource='http://www.daml.org/2001/12/factbook/ethnicGroups#Caucasian'/>
    <NS0:percent>92</NS0:percent>
  </rdf:Description>
  <rdf:Description rdf:about='#A6188'>
    <rdf:type rdf:resource='http://www.daml.org/2001/12/factbook/factbook-ont#Estimate'/>
    <NS0:year>2001</NS0:year>
  </rdf:Description>
  <rdf:Description rdf:about='#A6147'>
    <rdf:type rdf:resource='http://www.daml.org/2001/12/factbook/factbook-ont#AirportBreakdown'/>
    <NS0:paved>true</NS0:paved>
    <NS0:minRunway>1524</NS0:minRunway>
    <NS0:maxRunway>2437</NS0:maxRunway>
    <NS0:count>118</NS0:count>
  </rdf:Description>
  <rdf:Description rdf:about='#A5953'>
    <rdf:type rdf:resource='http://www.daml.org/2001/12/factbook/factbook-ont#OccupationPercent'/>
    <NS0:occupation rdf:resource='http://www.daml.org/2001/12/factbook/occupations#industry'/>
    <NS0:percent>22</NS0:percent>
  </rdf:Description>
  <rdf:Description rdf:about='#A6140'>
    <rdf:type rdf:resource='http://www.daml.org/2001/12/factbook/factbook-ont#AirportBreakdown'/>
    <NS0:paved>true</NS0:paved>
    <NS0:minRunway>2438</NS0:minRunway>
    <NS0:maxRunway>3047</NS0:maxRunway>
    <NS0:count>12</NS0:count>
  </rdf:Description>
  <rdf:Description rdf:about='#A5948'>
    <rdf:type rdf:resource='http://www.daml.org/2001/12/factbook/factbook-ont#OccupationPercent'/>
    <NS0:occupation rdf:resource='http://www.daml.org/2001/12/factbook/occupations#services'/>
    <NS0:percent>73</NS0:percent>
  </rdf:Description>
  <rdf:Description rdf:about='#A5946'>
    <NS0:note>December 1999</NS0:note>
  </rdf:Description>
  <rdf:Description rdf:about='#A6134'>
    <rdf:type rdf:resource='http://www.daml.org/2001/12/factbook/factbook-ont#AirportBreakdown'/>
    <NS0:paved>true</NS0:paved>
    <NS0:minRunway>3048</NS0:minRunway>
    <NS0:count>10</NS0:count>
  </rdf:Description>
  <rdf:Description rdf:about='#A5752'>
    <rdf:type rdf:resource='http://www.daml.org/2001/12/factbook/factbook-ont#SexRatioBreakdown'/>
    <NS0:ratio>0.99</NS0:ratio>
  </rdf:Description>
  <rdf:Description rdf:about='#A5929'>
    <rdf:type rdf:resource='http://www.daml.org/2001/12/factbook/factbook-ont#Estimate'/>
    <NS0:year>2000</NS0:year>
  </rdf:Description>
  <rdf:Description rdf:about='#A5988'>
    <NS0:year>1999</NS0:year>
  </rdf:Description>
  <rdf:Description rdf:about='#A5982'>
    <NS0:year>1999</NS0:year>
  </rdf:Description>
  <rdf:Description rdf:about='#A5747'>
    <rdf:type rdf:resource='http://www.daml.org/2001/12/factbook/factbook-ont#SexRatioBreakdown'/>
    <NS0:minAge>65</NS0:minAge>
    <NS0:ratio>0.78</NS0:ratio>
  </rdf:Description>
  <rdf:Description rdf:about='#A6075'>
    <NS0:year>1996</NS0:year>
  </rdf:Description>
  <rdf:Description rdf:about='#A6127'>
    <rdf:type rdf:resource='http://www.daml.org/2001/12/factbook/factbook-ont#Port'/>
    <NS0:name>Townsville</NS0:name>
  </rdf:Description>
  <rdf:Description rdf:about='#A5761'>
    <rdf:type rdf:resource='http://www.daml.org/2001/12/factbook/factbook-ont#Estimate'/>
    <NS0:year>2001</NS0:year>
  </rdf:Description>
  <rdf:Description rdf:about='#A5741'>
    <rdf:type rdf:resource='http://www.daml.org/2001/12/factbook/factbook-ont#SexRatioBreakdown'/>
    <NS0:minAge>15</NS0:minAge>
    <NS0:maxAge>64</NS0:maxAge>
    <NS0:ratio>1.02</NS0:ratio>
  </rdf:Description>
  <rdf:Description rdf:about='#A6123'>
    <rdf:type rdf:resource='http://www.daml.org/2001/12/factbook/factbook-ont#Port'/>
    <NS0:name>Sydney</NS0:name>
  </rdf:Description>
  <rdf:Description rdf:about='#A6119'>
    <rdf:type rdf:resource='http://www.daml.org/2001/12/factbook/factbook-ont#Port'/>
    <NS0:name>Melbourne</NS0:name>
  </rdf:Description>
  <rdf:Description rdf:about='#A5735'>
    <rdf:type rdf:resource='http://www.daml.org/2001/12/factbook/factbook-ont#SexRatioBreakdown'/>
    <NS0:minAge>0</NS0:minAge>
    <NS0:maxAge>14</NS0:maxAge>
    <NS0:ratio>1.05</NS0:ratio>
  </rdf:Description>
  <rdf:Description rdf:about='#A5812'>
    <rdf:type rdf:resource='http://www.daml.org/2001/12/factbook/factbook-ont#Estimate'/>
    <NS0:year>1980</NS0:year>
  </rdf:Description>
  <rdf:Description rdf:about='#A6115'>
    <rdf:type rdf:resource='http://www.daml.org/2001/12/factbook/factbook-ont#Port'/>
    <NS0:name>Mackay</NS0:name>
  </rdf:Description>
  <rdf:Description rdf:about='#A5720'>
    <rdf:type rdf:resource='http://www.daml.org/2001/12/factbook/factbook-ont#Estimate'/>
    <NS0:year>2001</NS0:year>
  </rdf:Description>
  <rdf:Description rdf:about='#A5962'>
    <rdf:type rdf:resource='http://www.daml.org/2001/12/factbook/factbook-ont#Estimate'/>
    <NS0:year>1997</NS0:year>
  </rdf:Description>
</rdf:RDF>
