<?xml version='1.0' encoding='ISO-8859-1'?>
<rdf:RDF
  xmlns:rdf='http://www.w3.org/1999/02/22-rdf-syntax-ns#'
  xmlns:NS0='http://www.daml.org/2001/12/factbook/factbook-ont#'
  xml:base="http://www.daml.org/2001/12/factbook/at">
  <rdf:Description rdf:about='#A6225'>
    <rdf:type rdf:resource='http://www.daml.org/2001/12/factbook/factbook-ont#ElevationExtreme'/>
    <NS0:name>Indian Ocean</NS0:name>
    <NS0:elevation>0</NS0:elevation>
  </rdf:Description>
  <rdf:Description rdf:about='#A6240'>
    <NS0:note>all grass and sand</NS0:note>
  </rdf:Description>
  <rdf:Description rdf:about='#A6209'>
    <rdf:type rdf:resource='http://www.daml.org/2001/12/factbook/factbook-ont#LatLon'/>
    <NS0:latitude>-12.233333333333333</NS0:latitude>
    <NS0:longitude>123.08333333333333</NS0:longitude>
  </rdf:Description>
  <rdf:Description rdf:about='#A6252'>
    <rdf:type rdf:resource='http://www.daml.org/2001/12/factbook/factbook-ont#Port'/>
    <NS0:name>none; offshore anchorage only</NS0:name>
  </rdf:Description>
  <rdf:Description rdf:about='#A6230'>
    <rdf:type rdf:resource='http://www.daml.org/2001/12/factbook/factbook-ont#ElevationExtreme'/>
    <NS0:name>unnamed location</NS0:name>
    <NS0:elevation>3</NS0:elevation>
  </rdf:Description>
  <rdf:Description rdf:about='http://www.daml.org/2001/09/countries/fips#AT'>
    <NS0:background>These uninhabited islands came under Australian authority in 1931; formal administration began two years later. Ashmore Reef supports a rich and diverse avian and marine habitat; in 1983 it became a National Nature Reserve. Recent geological explorations have indicated promising petroleum formations.</NS0:background>
    <NS0:location>Southeastern Asia, islands in the Indian Ocean, northwest of Australia</NS0:location>
    <NS0:geographicCoordinates rdf:resource='#A6209'/>
    <NS0:mapReferences>Southeast Asia</NS0:mapReferences>
    <NS0:totalArea>5</NS0:totalArea>
    <NS0:landArea>5</NS0:landArea>
    <NS0:waterArea>0</NS0:waterArea>
    <NS0:comparativeArea>about eight times the size of The Mall in Washington, DC</NS0:comparativeArea>
    <NS0:coastline>74.1</NS0:coastline>
    <NS0:contiguousZone>12</NS0:contiguousZone>
    <NS0:exclusiveFishingZone>200</NS0:exclusiveFishingZone>
    <NS0:territorialSea>3</NS0:territorialSea>
    <NS0:climate>tropical</NS0:climate>
    <NS0:terrain>low with sand and coral</NS0:terrain>
    <NS0:lowestPoint rdf:resource='#A6225'/>
    <NS0:highestPoint rdf:resource='#A6230'/>
    <NS0:naturalResource rdf:resource='http://www.daml.org/2001/12/factbook/naturalResources#fish'/>
    <NS0:arableLand>0</NS0:arableLand>
    <NS0:permanentCrops>0</NS0:permanentCrops>
    <NS0:permanentPastures>0</NS0:permanentPastures>
    <NS0:forestsAndWoodland>0</NS0:forestsAndWoodland>
    <NS0:otherLandUse rdf:ID='A6240'>100</NS0:otherLandUse>
    <NS0:irrigatedLand rdf:ID='A6242'>0</NS0:irrigatedLand>
    <NS0:naturalHazard>surrounded by shoals and reefs that can pose maritime hazards</NS0:naturalHazard>
    <NS0:environmentalIssue>NA</NS0:environmentalIssue>
    <NS0:conventionalLongCountryName>Territory of Ashmore and Cartier Islands</NS0:conventionalLongCountryName>
    <NS0:conventionalShortCountryName>Ashmore and Cartier Islands</NS0:conventionalShortCountryName>
    <NS0:dependencyStatus>territory of Australia; administered from Canberra by the Australian Department of the Environment, Sport, and Territories</NS0:dependencyStatus>
    <NS0:legalSystem>the laws of the Northern Territory of Australia, where applicable, apply</NS0:legalSystem>
    <NS0:flagDescription>the flag of Australia is used</NS0:flagDescription>
    <NS0:economyOverview>no economic activity</NS0:economyOverview>
    <NS0:port rdf:resource='#A6252'/>
    <NS0:internationalDispute>none</NS0:internationalDispute>
    <NS0:smallFlag>http://www.cia.gov/cia/publications/factbook/flags/at-flag.jpg</NS0:smallFlag>
    <NS0:largeFlag>http://www.cia.gov/cia/publications/factbook/flags/at-lgflag.jpg</NS0:largeFlag>
    <NS0:map>http://www.cia.gov/cia/publications/factbook/maps/at-map.jpg</NS0:map>
  </rdf:Description>
  <rdf:Description rdf:about='#A6242'>
    <NS0:year>1993</NS0:year>
  </rdf:Description>
</rdf:RDF>
