<?xml version='1.0' encoding='ISO-8859-1'?>
<rdf:RDF
  xmlns:rdf='http://www.w3.org/1999/02/22-rdf-syntax-ns#'
  xmlns:NS0='http://www.daml.org/2001/12/factbook/factbook-ont#'
  xml:base="http://www.daml.org/2001/12/factbook/av">
  <rdf:Description rdf:about='#A7052'>
    <NS0:year>1997</NS0:year>
  </rdf:Description>
  <rdf:Description rdf:about='#A6964'>
    <rdf:type rdf:resource='http://www.daml.org/2001/12/factbook/factbook-ont#Estimate'/>
    <NS0:year>1998</NS0:year>
  </rdf:Description>
  <rdf:Description rdf:about='#A7026'>
    <rdf:type rdf:resource='http://www.daml.org/2001/12/factbook/factbook-ont#CommodityPercent'/>
    <NS0:exportsCommodity rdf:resource='http://www.daml.org/2001/12/factbook/commodities#livestock'/>
  </rdf:Description>
  <rdf:Description rdf:about='#A6878'>
    <rdf:type rdf:resource='http://www.daml.org/2001/12/factbook/factbook-ont#Estimate'/>
    <NS0:year>2001</NS0:year>
  </rdf:Description>
  <rdf:Description rdf:about='#A7022'>
    <rdf:type rdf:resource='http://www.daml.org/2001/12/factbook/factbook-ont#CommodityPercent'/>
    <NS0:exportsCommodity rdf:resource='http://www.daml.org/2001/12/factbook/commodities#fish'/>
  </rdf:Description>
  <rdf:Description rdf:about='#A6837'>
    <rdf:type rdf:resource='http://www.daml.org/2001/12/factbook/factbook-ont#Estimate'/>
    <NS0:year>2001</NS0:year>
  </rdf:Description>
  <rdf:Description rdf:about='#A6953'>
    <rdf:type rdf:resource='http://www.daml.org/2001/12/factbook/factbook-ont#Estimate'/>
    <NS0:year>1999</NS0:year>
  </rdf:Description>
  <rdf:Description rdf:about='#A7018'>
    <rdf:type rdf:resource='http://www.daml.org/2001/12/factbook/factbook-ont#CommodityPercent'/>
    <NS0:exportsCommodity rdf:resource='http://www.daml.org/2001/12/factbook/commodities#lobster'/>
  </rdf:Description>
  <rdf:Description rdf:about='http://www.daml.org/2001/09/countries/fips#AV'>
    <NS0:background>Colonized by English settlers from Saint Kitts in 1650, Anguilla was administered by Great Britain until the early 19th century, when the island - against the wishes of the inhabitants - was incorporated into a single British dependency along with Saint Kitts and Nevis. Several attempts at separation failed. In 1971, two years after a revolt, Anguilla was finally allowed to secede; this arrangement was formally recognized in 1980 with Anguilla becoming a separate British dependency.</NS0:background>
    <NS0:location>Caribbean, island in the Caribbean Sea, east of Puerto Rico</NS0:location>
    <NS0:geographicCoordinates rdf:resource='#A6798'/>
    <NS0:mapReferences>Central America and the Caribbean</NS0:mapReferences>
    <NS0:totalArea>91</NS0:totalArea>
    <NS0:landArea>91</NS0:landArea>
    <NS0:waterArea>0</NS0:waterArea>
    <NS0:comparativeArea>about half the size of Washington, DC</NS0:comparativeArea>
    <NS0:coastline>61</NS0:coastline>
    <NS0:exclusiveFishingZone>200</NS0:exclusiveFishingZone>
    <NS0:territorialSea>3</NS0:territorialSea>
    <NS0:climate>tropical; moderated by northeast trade winds</NS0:climate>
    <NS0:terrain>flat and low-lying island of coral and limestone</NS0:terrain>
    <NS0:lowestPoint rdf:resource='#A6813'/>
    <NS0:highestPoint rdf:resource='#A6818'/>
    <NS0:naturalResource rdf:resource='http://www.daml.org/2001/12/factbook/naturalResources#salt'/>
    <NS0:naturalResource rdf:resource='http://www.daml.org/2001/12/factbook/naturalResources#fish'/>
    <NS0:naturalResource rdf:resource='http://www.daml.org/2001/12/factbook/naturalResources#lobster'/>
    <NS0:arableLand>0</NS0:arableLand>
    <NS0:permanentCrops>0</NS0:permanentCrops>
    <NS0:permanentPastures>0</NS0:permanentPastures>
    <NS0:forestsAndWoodland>0</NS0:forestsAndWoodland>
    <NS0:otherLandUse rdf:ID='A6830'>100</NS0:otherLandUse>
    <NS0:naturalHazard>frequent hurricanes and other tropical storms</NS0:naturalHazard>
    <NS0:environmentalIssue>supplies of potable water sometimes cannot meet increasing demand largely because of poor distribution system</NS0:environmentalIssue>
    <NS0:population rdf:ID='A6834'>12132</NS0:population>
    <NS0:populationGrowthRate rdf:ID='A6837'>2.68</NS0:populationGrowthRate>
    <NS0:birthRate rdf:ID='A6840'>15.17</NS0:birthRate>
    <NS0:deathRate rdf:ID='A6843'>5.61</NS0:deathRate>
    <NS0:netMigrationRate rdf:ID='A6846'>17.23</NS0:netMigrationRate>
    <NS0:sexRatio rdf:resource='#A6849'/>
    <NS0:sexRatio rdf:resource='#A6855'/>
    <NS0:sexRatio rdf:resource='#A6861'/>
    <NS0:sexRatio rdf:resource='#A6867'/>
    <NS0:sexRatio rdf:ID='A6875' rdf:resource='#A6872'/>
    <NS0:infantMortalityRate rdf:ID='A6878'>24.56</NS0:infantMortalityRate>
    <NS0:totalFertilityRate rdf:ID='A6881'>1.79</NS0:totalFertilityRate>
    <NS0:nationalityNoun>Anguillan(s)</NS0:nationalityNoun>
    <NS0:nationalityAdjective>Anguillan</NS0:nationalityAdjective>
    <NS0:ethnicGroup rdf:resource='#A6886'/>
    <NS0:religion rdf:resource='#A6890'/>
    <NS0:religion rdf:resource='#A6895'/>
    <NS0:religion rdf:resource='#A6900'/>
    <NS0:religion rdf:resource='#A6905'/>
    <NS0:religion rdf:resource='#A6910'/>
    <NS0:religion rdf:resource='#A6915'/>
    <NS0:language rdf:ID='A6923' rdf:resource='#A6920'/>
    <NS0:literacyDefinition>age 12 and over can read and write</NS0:literacyDefinition>
    <NS0:literacyTotal>95</NS0:literacyTotal>
    <NS0:literacyMale>95</NS0:literacyMale>
    <NS0:literacyFemale rdf:ID='A6928'>95</NS0:literacyFemale>
    <NS0:conventionalLongCountryName>none</NS0:conventionalLongCountryName>
    <NS0:conventionalShortCountryName>Anguilla</NS0:conventionalShortCountryName>
    <NS0:dependencyStatus>overseas territory of the UK</NS0:dependencyStatus>
    <NS0:governmentType rdf:resource='http://www.daml.org/2001/12/factbook/governmentTypes#NA'/>
    <NS0:capital rdf:resource='#A6935'/>
    <NS0:independence>none (overseas territory of the UK)</NS0:independence>
    <NS0:constitution>Anguilla Constitutional Order 1 April 1982; amended 1990</NS0:constitution>
    <NS0:legalSystem>based on English common law</NS0:legalSystem>
    <NS0:suffrage>18 years of age; universal</NS0:suffrage>
    <NS0:participatesIn rdf:resource='http://www.daml.org/2001/12/factbook/internationalOrganizations#Caricom'/>
    <NS0:participatesIn rdf:resource='http://www.daml.org/2001/12/factbook/internationalOrganizations#CDB'/>
    <NS0:participatesIn rdf:resource='http://www.daml.org/2001/12/factbook/internationalOrganizations#Interpol'/>
    <NS0:participatesIn rdf:resource='http://www.daml.org/2001/12/factbook/internationalOrganizations#OECS'/>
    <NS0:participatesIn rdf:resource='http://www.daml.org/2001/12/factbook/internationalOrganizations#ECLAC'/>
    <NS0:flagDescription>blue, with the flag of the UK in the upper hoist-side quadrant and the Anguillan coat of arms centered in the outer half of the flag; the coat of arms depicts three orange dolphins in an interlocking circular design on a white background with blue wavy water below</NS0:flagDescription>
    <NS0:economyOverview>Anguilla has few natural resources, and the economy depends heavily on luxury tourism, offshore banking, lobster fishing, and remittances from emigrants. The economy, and especially the tourism sector, suffered a setback in late 1995 due to the effects of Hurricane Luis in September but recovered in 1996. Increased activity in the tourism industry, which has spurred the growth of the construction sector, has contributed to economic growth. Anguillan officials have put substantial effort into developing the offshore financial sector. A comprehensive package of financial services legislation was enacted in late 1994. In the medium term, prospects for the economy will depend on the tourism sector and, therefore, on continuing income growth in the industrialized nations as well as favorable weather conditions.</NS0:economyOverview>
    <NS0:grossDomesticProduct rdf:ID='A6950'>96000000</NS0:grossDomesticProduct>
    <NS0:grossDomesticProductRealGrowth rdf:ID='A6953'>7</NS0:grossDomesticProductRealGrowth>
    <NS0:grossDomesticProductPerCapita rdf:ID='A6956'>8200</NS0:grossDomesticProductPerCapita>
    <NS0:grossDomesticProductAgriculture>4</NS0:grossDomesticProductAgriculture>
    <NS0:grossDomesticProductIndustry>18</NS0:grossDomesticProductIndustry>
    <NS0:grossDomesticProductServices rdf:ID='A6961'>78</NS0:grossDomesticProductServices>
    <NS0:inflationRate rdf:ID='A6964'>2.5</NS0:inflationRate>
    <NS0:laborForce rdf:ID='A6967'>4400</NS0:laborForce>
    <NS0:occupation rdf:resource='#A6969'/>
    <NS0:occupation rdf:resource='#A6974'/>
    <NS0:occupation rdf:resource='#A6979'/>
    <NS0:occupation rdf:resource='#A6984'/>
    <NS0:occupation rdf:resource='#A6989'/>
    <NS0:occupation rdf:resource='#A6994'/>
    <NS0:unemploymentRate rdf:ID='A6999'>7</NS0:unemploymentRate>
    <NS0:budgetRevenues>20400000</NS0:budgetRevenues>
    <NS0:budgetExpenditures>23300000</NS0:budgetExpenditures>
    <NS0:budgetCapitalExpenditures rdf:ID='A7004'>3800000</NS0:budgetCapitalExpenditures>
    <NS0:industry rdf:resource='http://www.daml.org/2001/12/factbook/industries#tourism'/>
    <NS0:industry rdf:resource='http://www.daml.org/2001/12/factbook/industries#boat_building'/>
    <NS0:industry rdf:resource='http://www.daml.org/2001/12/factbook/industries#offshore_financial_services'/>
    <NS0:industrialProductionGrowthRate rdf:ID='A7010'>3.1</NS0:industrialProductionGrowthRate>
    <NS0:agricultureProduct rdf:resource='http://www.daml.org/2001/12/factbook/agricultureProducts#small_quantities_of_tobacco'/>
    <NS0:agricultureProduct rdf:resource='http://www.daml.org/2001/12/factbook/agricultureProducts#vegetables'/>
    <NS0:agricultureProduct rdf:resource='http://www.daml.org/2001/12/factbook/agricultureProducts#cattle_raising'/>
    <NS0:exports rdf:ID='A7016'>4500000</NS0:exports>
    <NS0:exportsCommodity rdf:resource='#A7018'/>
    <NS0:exportsCommodity rdf:resource='#A7022'/>
    <NS0:exportsCommodity rdf:resource='#A7026'/>
    <NS0:exportsCommodity rdf:resource='#A7030'/>
    <NS0:imports rdf:ID='A7034'>57600000</NS0:imports>
    <NS0:importsCommodity rdf:resource='#A7036'/>
    <NS0:externalDebt rdf:ID='A7040'>8800000</NS0:externalDebt>
    <NS0:economicAidRecipient rdf:ID='A7042'>3500000</NS0:economicAidRecipient>
    <NS0:currency>East Caribbean dollar (XCD)</NS0:currency>
    <NS0:currencyCode>XCD</NS0:currencyCode>
    <NS0:fiscalYear>1 April - 31 March</NS0:fiscalYear>
    <NS0:mainTelephoneLines rdf:ID='A7047'>5000</NS0:mainTelephoneLines>
    <NS0:telephoneSystemGeneralAssessment>NA</NS0:telephoneSystemGeneralAssessment>
    <NS0:telephoneSystemDomestic>modern internal telephone system</NS0:telephoneSystemDomestic>
    <NS0:telephoneSystemInternational>microwave radio relay to island of Saint Martin (Guadeloupe and Netherlands Antilles)</NS0:telephoneSystemInternational>
    <NS0:radios rdf:ID='A7052'>3000</NS0:radios>
    <NS0:televisionBroadcastStations rdf:ID='A7054'>1</NS0:televisionBroadcastStations>
    <NS0:televisions rdf:ID='A7056'>1000</NS0:televisions>
    <NS0:internetCountryCode>.ai</NS0:internetCountryCode>
    <NS0:internetServiceProviders rdf:ID='A7059'>16</NS0:internetServiceProviders>
    <NS0:highwaysTotal>279</NS0:highwaysTotal>
    <NS0:highwaysPaved>253</NS0:highwaysPaved>
    <NS0:highwaysUnpaved rdf:ID='A7063'>26</NS0:highwaysUnpaved>
    <NS0:port rdf:resource='#A7066'/>
    <NS0:port rdf:resource='#A7070'/>
    <NS0:airports rdf:ID='A7074'>3</NS0:airports>
    <NS0:airportBreakdown rdf:resource='#A7077'/>
    <NS0:airportBreakdown rdf:resource='#A7084'/>
    <NS0:internationalDispute>none</NS0:internationalDispute>
    <NS0:illicitDrugs>transshipment point for South American narcotics destined for the US and Europe</NS0:illicitDrugs>
    <NS0:smallFlag>http://www.cia.gov/cia/publications/factbook/flags/av-flag.jpg</NS0:smallFlag>
    <NS0:largeFlag>http://www.cia.gov/cia/publications/factbook/flags/av-lgflag.jpg</NS0:largeFlag>
    <NS0:map>http://www.cia.gov/cia/publications/factbook/maps/av-map.jpg</NS0:map>
  </rdf:Description>
  <rdf:Description rdf:about='#A6920'>
    <rdf:type rdf:resource='http://www.daml.org/2001/12/factbook/factbook-ont#LanguagePercent'/>
    <NS0:language rdf:resource='http://www.daml.org/2001/12/factbook/languages#English'/>
  </rdf:Description>
  <rdf:Description rdf:about='#A6915'>
    <rdf:type rdf:resource='http://www.daml.org/2001/12/factbook/factbook-ont#ReligionPercent'/>
    <NS0:religion rdf:resource='http://www.daml.org/2001/12/factbook/religions#other'/>
    <NS0:percent>12</NS0:percent>
  </rdf:Description>
  <rdf:Description rdf:about='#A6956'>
    <rdf:type rdf:resource='http://www.daml.org/2001/12/factbook/factbook-ont#Estimate'/>
    <NS0:year>1999</NS0:year>
  </rdf:Description>
  <rdf:Description rdf:about='#A6818'>
    <rdf:type rdf:resource='http://www.daml.org/2001/12/factbook/factbook-ont#ElevationExtreme'/>
    <NS0:name>Crocus Hill</NS0:name>
    <NS0:elevation>65</NS0:elevation>
  </rdf:Description>
  <rdf:Description rdf:about='#A7040'>
    <NS0:year>1998</NS0:year>
  </rdf:Description>
  <rdf:Description rdf:about='#A6910'>
    <rdf:type rdf:resource='http://www.daml.org/2001/12/factbook/factbook-ont#ReligionPercent'/>
    <NS0:religion rdf:resource='http://www.daml.org/2001/12/factbook/religions#Roman_Catholic'/>
    <NS0:percent>3</NS0:percent>
  </rdf:Description>
  <rdf:Description rdf:about='#A6813'>
    <rdf:type rdf:resource='http://www.daml.org/2001/12/factbook/factbook-ont#ElevationExtreme'/>
    <NS0:name>Caribbean Sea</NS0:name>
    <NS0:elevation>0</NS0:elevation>
  </rdf:Description>
  <rdf:Description rdf:about='#A7004'>
    <rdf:type rdf:resource='http://www.daml.org/2001/12/factbook/factbook-ont#Estimate'/>
    <NS0:year>1997</NS0:year>
  </rdf:Description>
  <rdf:Description rdf:about='#A6905'>
    <rdf:type rdf:resource='http://www.daml.org/2001/12/factbook/factbook-ont#ReligionPercent'/>
    <NS0:religion rdf:resource='http://www.daml.org/2001/12/factbook/religions#Baptist'/>
    <NS0:percent>5</NS0:percent>
  </rdf:Description>
  <rdf:Description rdf:about='#A7063'>
    <rdf:type rdf:resource='http://www.daml.org/2001/12/factbook/factbook-ont#Estimate'/>
    <NS0:year>1998</NS0:year>
  </rdf:Description>
  <rdf:Description rdf:about='#A6900'>
    <rdf:type rdf:resource='http://www.daml.org/2001/12/factbook/factbook-ont#ReligionPercent'/>
    <NS0:religion rdf:resource='http://www.daml.org/2001/12/factbook/religions#Seventh-Day_Adventist'/>
    <NS0:percent>7</NS0:percent>
  </rdf:Description>
  <rdf:Description rdf:about='#A6994'>
    <rdf:type rdf:resource='http://www.daml.org/2001/12/factbook/factbook-ont#OccupationPercent'/>
    <NS0:occupation rdf:resource='http://www.daml.org/2001/12/factbook/occupations#agriculture_fishing_forestry_mining'/>
    <NS0:percent>4</NS0:percent>
  </rdf:Description>
  <rdf:Description rdf:about='#A6895'>
    <rdf:type rdf:resource='http://www.daml.org/2001/12/factbook/factbook-ont#ReligionPercent'/>
    <NS0:religion rdf:resource='http://www.daml.org/2001/12/factbook/religions#Methodist'/>
    <NS0:percent>33</NS0:percent>
  </rdf:Description>
  <rdf:Description rdf:about='#A6989'>
    <rdf:type rdf:resource='http://www.daml.org/2001/12/factbook/factbook-ont#OccupationPercent'/>
    <NS0:occupation rdf:resource='http://www.daml.org/2001/12/factbook/occupations#manufacturing'/>
    <NS0:percent>3</NS0:percent>
  </rdf:Description>
  <rdf:Description rdf:about='#A7084'>
    <rdf:type rdf:resource='http://www.daml.org/2001/12/factbook/factbook-ont#AirportBreakdown'/>
    <NS0:paved>false</NS0:paved>
    <NS0:maxRunway>913</NS0:maxRunway>
    <NS0:count>2 (2000 est.)</NS0:count>
  </rdf:Description>
  <rdf:Description rdf:about='#A6798'>
    <rdf:type rdf:resource='http://www.daml.org/2001/12/factbook/factbook-ont#LatLon'/>
    <NS0:latitude>18.25</NS0:latitude>
    <NS0:longitude>-63.166666666666664</NS0:longitude>
  </rdf:Description>
  <rdf:Description rdf:about='#A6890'>
    <rdf:type rdf:resource='http://www.daml.org/2001/12/factbook/factbook-ont#ReligionPercent'/>
    <NS0:religion rdf:resource='http://www.daml.org/2001/12/factbook/religions#Anglican'/>
    <NS0:percent>40</NS0:percent>
  </rdf:Description>
  <rdf:Description rdf:about='#A6984'>
    <rdf:type rdf:resource='http://www.daml.org/2001/12/factbook/factbook-ont#OccupationPercent'/>
    <NS0:occupation rdf:resource='http://www.daml.org/2001/12/factbook/occupations#transportation_and_utilities'/>
    <NS0:percent>10</NS0:percent>
  </rdf:Description>
  <rdf:Description rdf:about='#A7077'>
    <rdf:type rdf:resource='http://www.daml.org/2001/12/factbook/factbook-ont#AirportBreakdown'/>
    <NS0:paved>true</NS0:paved>
    <NS0:minRunway>914</NS0:minRunway>
    <NS0:maxRunway>1523</NS0:maxRunway>
    <NS0:count>1 (2000 est.)</NS0:count>
  </rdf:Description>
  <rdf:Description rdf:about='#A6886'>
    <rdf:type rdf:resource='http://www.daml.org/2001/12/factbook/factbook-ont#EthnicGroupPercent'/>
    <NS0:ethnicGroup rdf:resource='http://www.daml.org/2001/12/factbook/ethnicGroups#black'/>
  </rdf:Description>
  <rdf:Description rdf:about='#A6967'>
    <NS0:year>1992</NS0:year>
  </rdf:Description>
  <rdf:Description rdf:about='#A6979'>
    <rdf:type rdf:resource='http://www.daml.org/2001/12/factbook/factbook-ont#OccupationPercent'/>
    <NS0:occupation rdf:resource='http://www.daml.org/2001/12/factbook/occupations#construction'/>
    <NS0:percent>18</NS0:percent>
  </rdf:Description>
  <rdf:Description rdf:about='#A7034'>
    <NS0:year>1998</NS0:year>
  </rdf:Description>
  <rdf:Description rdf:about='#A7047'>
    <NS0:year>1997</NS0:year>
  </rdf:Description>
  <rdf:Description rdf:about='#A7070'>
    <rdf:type rdf:resource='http://www.daml.org/2001/12/factbook/factbook-ont#Port'/>
    <NS0:name>Road Bay</NS0:name>
  </rdf:Description>
  <rdf:Description rdf:about='#A6974'>
    <rdf:type rdf:resource='http://www.daml.org/2001/12/factbook/factbook-ont#OccupationPercent'/>
    <NS0:occupation rdf:resource='http://www.daml.org/2001/12/factbook/occupations#services'/>
    <NS0:percent>29</NS0:percent>
  </rdf:Description>
  <rdf:Description rdf:about='#A6840'>
    <rdf:type rdf:resource='http://www.daml.org/2001/12/factbook/factbook-ont#Estimate'/>
    <NS0:year>2001</NS0:year>
  </rdf:Description>
  <rdf:Description rdf:about='#A7066'>
    <rdf:type rdf:resource='http://www.daml.org/2001/12/factbook/factbook-ont#Port'/>
    <NS0:name>Blowing Point</NS0:name>
  </rdf:Description>
  <rdf:Description rdf:about='#A6999'>
    <rdf:type rdf:resource='http://www.daml.org/2001/12/factbook/factbook-ont#Estimate'/>
    <NS0:year>1992</NS0:year>
  </rdf:Description>
  <rdf:Description rdf:about='#A7054'>
    <NS0:year>1997</NS0:year>
  </rdf:Description>
  <rdf:Description rdf:about='#A6881'>
    <rdf:type rdf:resource='http://www.daml.org/2001/12/factbook/factbook-ont#Estimate'/>
    <NS0:year>2001</NS0:year>
  </rdf:Description>
  <rdf:Description rdf:about='#A6969'>
    <rdf:type rdf:resource='http://www.daml.org/2001/12/factbook/factbook-ont#OccupationPercent'/>
    <NS0:occupation rdf:resource='http://www.daml.org/2001/12/factbook/occupations#commerce'/>
    <NS0:percent>36</NS0:percent>
  </rdf:Description>
  <rdf:Description rdf:about='#A6872'>
    <rdf:type rdf:resource='http://www.daml.org/2001/12/factbook/factbook-ont#SexRatioBreakdown'/>
    <NS0:ratio>1.03</NS0:ratio>
  </rdf:Description>
  <rdf:Description rdf:about='#A6846'>
    <rdf:type rdf:resource='http://www.daml.org/2001/12/factbook/factbook-ont#Estimate'/>
    <NS0:year>2001</NS0:year>
  </rdf:Description>
  <rdf:Description rdf:about='#A6867'>
    <rdf:type rdf:resource='http://www.daml.org/2001/12/factbook/factbook-ont#SexRatioBreakdown'/>
    <NS0:minAge>65</NS0:minAge>
    <NS0:ratio>0.8</NS0:ratio>
  </rdf:Description>
  <rdf:Description rdf:about='#A6928'>
    <rdf:type rdf:resource='http://www.daml.org/2001/12/factbook/factbook-ont#Estimate'/>
    <NS0:year>1984</NS0:year>
  </rdf:Description>
  <rdf:Description rdf:about='#A6830'>
    <NS0:note>mostly rock with sparse scrub oak, few trees, some commercial salt ponds</NS0:note>
  </rdf:Description>
  <rdf:Description rdf:about='#A7056'>
    <NS0:year>1997</NS0:year>
  </rdf:Description>
  <rdf:Description rdf:about='#A7016'>
    <NS0:year>1998</NS0:year>
  </rdf:Description>
  <rdf:Description rdf:about='#A7042'>
    <NS0:year>1995</NS0:year>
  </rdf:Description>
  <rdf:Description rdf:about='#A6834'>
    <rdf:type rdf:resource='http://www.daml.org/2001/12/factbook/factbook-ont#Estimate'/>
    <NS0:note>July 2001</NS0:note>
  </rdf:Description>
  <rdf:Description rdf:about='#A6843'>
    <rdf:type rdf:resource='http://www.daml.org/2001/12/factbook/factbook-ont#Estimate'/>
    <NS0:year>2001</NS0:year>
  </rdf:Description>
  <rdf:Description rdf:about='#A6861'>
    <rdf:type rdf:resource='http://www.daml.org/2001/12/factbook/factbook-ont#SexRatioBreakdown'/>
    <NS0:minAge>15</NS0:minAge>
    <NS0:maxAge>64</NS0:maxAge>
    <NS0:ratio>1.05</NS0:ratio>
  </rdf:Description>
  <rdf:Description rdf:about='#A6855'>
    <rdf:type rdf:resource='http://www.daml.org/2001/12/factbook/factbook-ont#SexRatioBreakdown'/>
    <NS0:minAge>0</NS0:minAge>
    <NS0:maxAge>14</NS0:maxAge>
    <NS0:ratio>1.03</NS0:ratio>
  </rdf:Description>
  <rdf:Description rdf:about='#A7010'>
    <rdf:type rdf:resource='http://www.daml.org/2001/12/factbook/factbook-ont#Estimate'/>
    <NS0:year>1997</NS0:year>
  </rdf:Description>
  <rdf:Description rdf:about='#A6923'>
    <NS0:note>official</NS0:note>
  </rdf:Description>
  <rdf:Description rdf:about='#A7074'>
    <rdf:type rdf:resource='http://www.daml.org/2001/12/factbook/factbook-ont#Estimate'/>
    <NS0:year>2000</NS0:year>
  </rdf:Description>
  <rdf:Description rdf:about='#A6849'>
    <rdf:type rdf:resource='http://www.daml.org/2001/12/factbook/factbook-ont#SexRatioBreakdown'/>
    <NS0:minAge>0</NS0:minAge>
    <NS0:maxAge>0</NS0:maxAge>
    <NS0:ratio>1.03</NS0:ratio>
  </rdf:Description>
  <rdf:Description rdf:about='#A7059'>
    <NS0:year>2000</NS0:year>
  </rdf:Description>
  <rdf:Description rdf:about='#A7036'>
    <rdf:type rdf:resource='http://www.daml.org/2001/12/factbook/factbook-ont#CommodityPercent'/>
    <NS0:importsCommodity rdf:resource='http://www.daml.org/2001/12/factbook/commodities#NA'/>
  </rdf:Description>
  <rdf:Description rdf:about='#A6961'>
    <rdf:type rdf:resource='http://www.daml.org/2001/12/factbook/factbook-ont#Estimate'/>
    <NS0:year>1997</NS0:year>
  </rdf:Description>
  <rdf:Description rdf:about='#A6875'>
    <rdf:type rdf:resource='http://www.daml.org/2001/12/factbook/factbook-ont#Estimate'/>
    <NS0:year>2001</NS0:year>
  </rdf:Description>
  <rdf:Description rdf:about='#A6950'>
    <rdf:type rdf:resource='http://www.daml.org/2001/12/factbook/factbook-ont#Estimate'/>
    <NS0:year>1999</NS0:year>
  </rdf:Description>
  <rdf:Description rdf:about='#A6935'>
    <rdf:type rdf:resource='http://www.daml.org/2001/12/factbook/factbook-ont#CapitalCity'/>
    <NS0:name>The Valley</NS0:name>
  </rdf:Description>
  <rdf:Description rdf:about='#A7030'>
    <rdf:type rdf:resource='http://www.daml.org/2001/12/factbook/factbook-ont#CommodityPercent'/>
    <NS0:exportsCommodity rdf:resource='http://www.daml.org/2001/12/factbook/commodities#salt'/>
  </rdf:Description>
</rdf:RDF>
