<?xml version='1.0' encoding='ISO-8859-1'?>
<rdf:RDF
  xmlns:rdf='http://www.w3.org/1999/02/22-rdf-syntax-ns#'
  xmlns:NS0='http://www.daml.org/2001/12/factbook/factbook-ont#'
  xmlns:rdfs='http://www.w3.org/2000/01/rdf-schema#'
  xml:base="http://www.daml.org/2001/12/factbook/bf">
  <rdf:Description rdf:about='#A9739'>
    <rdf:type rdf:resource='#District'/>
    <NS0:name>Cat Island</NS0:name>
  </rdf:Description>
  <rdf:Description rdf:about='#A9735'>
    <rdf:type rdf:resource='#District'/>
    <NS0:name>Bimini</NS0:name>
  </rdf:Description>
  <rdf:Description rdf:about='#A9731'>
    <rdf:type rdf:resource='#District'/>
    <NS0:name>Acklins and Crooked Islands</NS0:name>
  </rdf:Description>
  <rdf:Description rdf:about='#A9602'>
    <rdf:type rdf:resource='http://www.daml.org/2001/12/factbook/factbook-ont#Estimate'/>
    <NS0:year>2001</NS0:year>
  </rdf:Description>
  <rdf:Description rdf:about='#A10005'>
    <NS0:year>1997</NS0:year>
  </rdf:Description>
  <rdf:Description rdf:about='#A9724'>
    <rdf:type rdf:resource='http://www.daml.org/2001/12/factbook/factbook-ont#CapitalCity'/>
    <NS0:name>Nassau</NS0:name>
  </rdf:Description>
  <rdf:Description rdf:about='#A10068'>
    <rdf:type rdf:resource='http://www.daml.org/2001/12/factbook/factbook-ont#Estimate'/>
    <NS0:year>2000</NS0:year>
  </rdf:Description>
  <rdf:Description rdf:about='#A9977'>
    <rdf:type rdf:resource='http://www.daml.org/2001/12/factbook/factbook-ont#Estimate'/>
    <NS0:year>2000</NS0:year>
  </rdf:Description>
  <rdf:Description rdf:about='#A120119'>
    <rdf:type rdf:resource='http://www.daml.org/2001/12/factbook/factbook-ont#CountryPercent'/>
    <NS0:country rdf:resource='http://www.daml.org/2001/09/countries/fips#DA'/>
    <NS0:percent>4.2</NS0:percent>
  </rdf:Description>
  <rdf:Description rdf:about='#A120114'>
    <rdf:type rdf:resource='http://www.daml.org/2001/12/factbook/factbook-ont#CountryPercent'/>
    <NS0:country rdf:resource='http://www.daml.org/2001/09/countries/fips#JA'/>
    <NS0:percent>10</NS0:percent>
  </rdf:Description>
  <rdf:Description rdf:about='#A9875'>
    <NS0:year>1999</NS0:year>
  </rdf:Description>
  <rdf:Description rdf:about='#A120109'>
    <rdf:type rdf:resource='http://www.daml.org/2001/12/factbook/factbook-ont#CountryPercent'/>
    <NS0:country rdf:resource='http://www.daml.org/2001/09/countries/fips#IT'/>
    <NS0:percent>26.5</NS0:percent>
  </rdf:Description>
  <rdf:Description rdf:about='#A9710'>
    <rdf:type rdf:resource='http://www.daml.org/2001/12/factbook/factbook-ont#LanguagePercent'/>
    <NS0:language rdf:resource='http://www.daml.org/2001/12/factbook/languages#Creole'/>
  </rdf:Description>
  <rdf:Description rdf:about='#A9718'>
    <rdf:type rdf:resource='http://www.daml.org/2001/12/factbook/factbook-ont#Estimate'/>
    <NS0:year>1995</NS0:year>
  </rdf:Description>
  <rdf:Description rdf:about='#A9706'>
    <rdf:type rdf:resource='http://www.daml.org/2001/12/factbook/factbook-ont#LanguagePercent'/>
    <NS0:language rdf:resource='http://www.daml.org/2001/12/factbook/languages#English'/>
  </rdf:Description>
  <rdf:Description rdf:about='#A120104'>
    <rdf:type rdf:resource='http://www.daml.org/2001/12/factbook/factbook-ont#CountryPercent'/>
    <NS0:country rdf:resource='http://www.daml.org/2001/09/countries/fips#US'/>
    <NS0:percent>27.3</NS0:percent>
  </rdf:Description>
  <rdf:Description rdf:about='#A9858'>
    <rdf:type rdf:resource='http://www.daml.org/2001/12/factbook/factbook-ont#Estimate'/>
    <NS0:year>2000</NS0:year>
  </rdf:Description>
  <rdf:Description rdf:about='#A9701'>
    <rdf:type rdf:resource='http://www.daml.org/2001/12/factbook/factbook-ont#ReligionPercent'/>
    <NS0:religion rdf:resource='http://www.daml.org/2001/12/factbook/religions#other'/>
    <NS0:percent>2</NS0:percent>
  </rdf:Description>
  <rdf:Description rdf:about='#A9892'>
    <rdf:type rdf:resource='http://www.daml.org/2001/12/factbook/factbook-ont#OccupationPercent'/>
    <NS0:occupation rdf:resource='http://www.daml.org/2001/12/factbook/occupations#agriculture'/>
    <NS0:percent>5</NS0:percent>
  </rdf:Description>
  <rdf:Description rdf:about='#A120098'>
    <rdf:type rdf:resource='http://www.daml.org/2001/12/factbook/factbook-ont#CountryPercent'/>
    <NS0:country rdf:resource='http://www.daml.org/2001/09/countries/fips#DA'/>
    <NS0:percent>7.4</NS0:percent>
  </rdf:Description>
  <rdf:Description rdf:about='#A9696'>
    <rdf:type rdf:resource='http://www.daml.org/2001/12/factbook/factbook-ont#ReligionPercent'/>
    <NS0:religion rdf:resource='http://www.daml.org/2001/12/factbook/religions#none_or_unknown'/>
    <NS0:percent>3</NS0:percent>
  </rdf:Description>
  <rdf:Description rdf:about='#A9887'>
    <rdf:type rdf:resource='http://www.daml.org/2001/12/factbook/factbook-ont#OccupationPercent'/>
    <NS0:occupation rdf:resource='http://www.daml.org/2001/12/factbook/occupations#industry'/>
    <NS0:percent>5</NS0:percent>
  </rdf:Description>
  <rdf:Description rdf:about='#A9999'>
    <NS0:year>2000</NS0:year>
  </rdf:Description>
  <rdf:Description rdf:about='#A120093'>
    <rdf:type rdf:resource='http://www.daml.org/2001/12/factbook/factbook-ont#CountryPercent'/>
    <NS0:country rdf:resource='http://www.daml.org/2001/09/countries/fips#UK'/>
    <NS0:percent>15</NS0:percent>
  </rdf:Description>
  <rdf:Description rdf:about='#A9605'>
    <rdf:type rdf:resource='http://www.daml.org/2001/12/factbook/factbook-ont#Estimate'/>
    <NS0:year>2001</NS0:year>
  </rdf:Description>
  <rdf:Description rdf:about='#A9691'>
    <rdf:type rdf:resource='http://www.daml.org/2001/12/factbook/factbook-ont#ReligionPercent'/>
    <NS0:religion rdf:resource='http://www.daml.org/2001/12/factbook/religions#other_Protestant'/>
    <NS0:percent>12</NS0:percent>
  </rdf:Description>
  <rdf:Description rdf:about='#A9882'>
    <rdf:type rdf:resource='http://www.daml.org/2001/12/factbook/factbook-ont#OccupationPercent'/>
    <NS0:occupation rdf:resource='http://www.daml.org/2001/12/factbook/occupations#other_services'/>
    <NS0:percent>50</NS0:percent>
  </rdf:Description>
  <rdf:Description rdf:about='#A120088'>
    <rdf:type rdf:resource='http://www.daml.org/2001/12/factbook/factbook-ont#CountryPercent'/>
    <NS0:country rdf:resource='http://www.daml.org/2001/09/countries/fips#SZ'/>
    <NS0:percent>15.6</NS0:percent>
  </rdf:Description>
  <rdf:Description rdf:about='#A9980'>
    <NS0:year>1995</NS0:year>
  </rdf:Description>
  <rdf:Description rdf:about='#A10001'>
    <NS0:year>2000</NS0:year>
  </rdf:Description>
  <rdf:Description rdf:about='#A9686'>
    <rdf:type rdf:resource='http://www.daml.org/2001/12/factbook/factbook-ont#ReligionPercent'/>
    <NS0:religion rdf:resource='http://www.daml.org/2001/12/factbook/religions#Church_of_God'/>
    <NS0:percent>6</NS0:percent>
  </rdf:Description>
  <rdf:Description rdf:about='#A9877'>
    <rdf:type rdf:resource='http://www.daml.org/2001/12/factbook/factbook-ont#OccupationPercent'/>
    <NS0:occupation rdf:resource='http://www.daml.org/2001/12/factbook/occupations#tourism'/>
    <NS0:percent>40</NS0:percent>
  </rdf:Description>
  <rdf:Description rdf:about='#A120083'>
    <rdf:type rdf:resource='http://www.daml.org/2001/12/factbook/factbook-ont#CountryPercent'/>
    <NS0:country rdf:resource='http://www.daml.org/2001/09/countries/fips#US'/>
    <NS0:percent>22.3</NS0:percent>
  </rdf:Description>
  <rdf:Description rdf:about='#A9611'>
    <rdf:type rdf:resource='http://www.daml.org/2001/12/factbook/factbook-ont#Estimate'/>
    <NS0:year>2001</NS0:year>
  </rdf:Description>
  <rdf:Description rdf:about='#A9643'>
    <rdf:type rdf:resource='http://www.daml.org/2001/12/factbook/factbook-ont#Estimate'/>
    <NS0:year>2001</NS0:year>
  </rdf:Description>
  <rdf:Description rdf:about='#A9896'>
    <rdf:type rdf:resource='http://www.daml.org/2001/12/factbook/factbook-ont#Estimate'/>
    <NS0:year>1995</NS0:year>
  </rdf:Description>
  <rdf:Description rdf:about='#A9681'>
    <rdf:type rdf:resource='http://www.daml.org/2001/12/factbook/factbook-ont#ReligionPercent'/>
    <NS0:religion rdf:resource='http://www.daml.org/2001/12/factbook/religions#Methodist'/>
    <NS0:percent>6</NS0:percent>
  </rdf:Description>
  <rdf:Description rdf:about='#A10062'>
    <rdf:type rdf:resource='http://www.daml.org/2001/12/factbook/factbook-ont#AirportBreakdown'/>
    <NS0:paved>false</NS0:paved>
    <NS0:maxRunway>913</NS0:maxRunway>
    <NS0:count>23 (2000 est.)</NS0:count>
  </rdf:Description>
  <rdf:Description rdf:about='#A9676'>
    <rdf:type rdf:resource='http://www.daml.org/2001/12/factbook/factbook-ont#ReligionPercent'/>
    <NS0:religion rdf:resource='http://www.daml.org/2001/12/factbook/religions#Roman_Catholic'/>
    <NS0:percent>19</NS0:percent>
  </rdf:Description>
  <rdf:Description rdf:about='#A10055'>
    <rdf:type rdf:resource='http://www.daml.org/2001/12/factbook/factbook-ont#AirportBreakdown'/>
    <NS0:paved>false</NS0:paved>
    <NS0:minRunway>914</NS0:minRunway>
    <NS0:maxRunway>1523</NS0:maxRunway>
    <NS0:count>6</NS0:count>
  </rdf:Description>
  <rdf:Description rdf:about='#A9671'>
    <rdf:type rdf:resource='http://www.daml.org/2001/12/factbook/factbook-ont#ReligionPercent'/>
    <NS0:religion rdf:resource='http://www.daml.org/2001/12/factbook/religions#Anglican'/>
    <NS0:percent>20</NS0:percent>
  </rdf:Description>
  <rdf:Description rdf:about='#A10049'>
    <rdf:type rdf:resource='http://www.daml.org/2001/12/factbook/factbook-ont#AirportBreakdown'/>
    <NS0:paved>true</NS0:paved>
    <NS0:maxRunway>913</NS0:maxRunway>
    <NS0:count>3 (2000 est.)</NS0:count>
  </rdf:Description>
  <rdf:Description rdf:about='#A9666'>
    <rdf:type rdf:resource='http://www.daml.org/2001/12/factbook/factbook-ont#ReligionPercent'/>
    <NS0:religion rdf:resource='http://www.daml.org/2001/12/factbook/religions#Baptist'/>
    <NS0:percent>32</NS0:percent>
  </rdf:Description>
  <rdf:Description rdf:about='#A9994'>
    <NS0:year>1997</NS0:year>
  </rdf:Description>
  <rdf:Description rdf:about='#A9661'>
    <rdf:type rdf:resource='http://www.daml.org/2001/12/factbook/factbook-ont#EthnicGroupPercent'/>
    <NS0:ethnicGroup rdf:resource='http://www.daml.org/2001/12/factbook/ethnicGroups#Asian_and_Hispanic'/>
    <NS0:percent>3</NS0:percent>
  </rdf:Description>
  <rdf:Description rdf:about='#A10042'>
    <rdf:type rdf:resource='http://www.daml.org/2001/12/factbook/factbook-ont#AirportBreakdown'/>
    <NS0:paved>true</NS0:paved>
    <NS0:minRunway>914</NS0:minRunway>
    <NS0:maxRunway>1523</NS0:maxRunway>
    <NS0:count>13</NS0:count>
  </rdf:Description>
  <rdf:Description rdf:about='#A9656'>
    <rdf:type rdf:resource='http://www.daml.org/2001/12/factbook/factbook-ont#EthnicGroupPercent'/>
    <NS0:ethnicGroup rdf:resource='http://www.daml.org/2001/12/factbook/ethnicGroups#white'/>
    <NS0:percent>12</NS0:percent>
  </rdf:Description>
  <rdf:Description rdf:about='#A9985'>
    <NS0:year>1997</NS0:year>
  </rdf:Description>
  <rdf:Description rdf:about='#A10035'>
    <rdf:type rdf:resource='http://www.daml.org/2001/12/factbook/factbook-ont#AirportBreakdown'/>
    <NS0:paved>true</NS0:paved>
    <NS0:minRunway>1524</NS0:minRunway>
    <NS0:maxRunway>2437</NS0:maxRunway>
    <NS0:count>16</NS0:count>
  </rdf:Description>
  <rdf:Description rdf:about='http://www.daml.org/2001/09/countries/fips#BF'>
    <NS0:background>Since attaining independence from the UK in 1973, The Bahamas have prospered through tourism and international banking and investment management. Because of its geography, the country is a major transshipment point for illegal drugs, particularly shipments to the US, and its territory is used for smuggling illegal migrants into the US.</NS0:background>
    <NS0:location>Caribbean, chain of islands in the North Atlantic Ocean, southeast of Florida</NS0:location>
    <NS0:geographicCoordinates rdf:resource='#A9550'/>
    <NS0:mapReferences>Central America and the Caribbean</NS0:mapReferences>
    <NS0:totalArea>13940</NS0:totalArea>
    <NS0:landArea>10070</NS0:landArea>
    <NS0:waterArea>3870</NS0:waterArea>
    <NS0:comparativeArea>slightly smaller than Connecticut</NS0:comparativeArea>
    <NS0:coastline>3542</NS0:coastline>
    <NS0:exclusiveEconomicZone>200</NS0:exclusiveEconomicZone>
    <NS0:territorialSea>12</NS0:territorialSea>
    <NS0:climate>tropical marine; moderated by warm waters of Gulf Stream</NS0:climate>
    <NS0:terrain>long, flat coral formations with some low rounded hills</NS0:terrain>
    <NS0:lowestPoint rdf:resource='#A9565'/>
    <NS0:highestPoint rdf:resource='#A9570'/>
    <NS0:naturalResource rdf:resource='http://www.daml.org/2001/12/factbook/naturalResources#salt'/>
    <NS0:naturalResource rdf:resource='http://www.daml.org/2001/12/factbook/naturalResources#aragonite'/>
    <NS0:naturalResource rdf:resource='http://www.daml.org/2001/12/factbook/naturalResources#timber'/>
    <NS0:naturalResource rdf:resource='http://www.daml.org/2001/12/factbook/naturalResources#arable_land'/>
    <NS0:arableLand>1</NS0:arableLand>
    <NS0:permanentCrops>0</NS0:permanentCrops>
    <NS0:permanentPastures>0</NS0:permanentPastures>
    <NS0:forestsAndWoodland>32</NS0:forestsAndWoodland>
    <NS0:otherLandUse rdf:ID='A9583'>67</NS0:otherLandUse>
    <NS0:naturalHazard>hurricanes and other tropical storms that cause extensive flood and wind damage</NS0:naturalHazard>
    <NS0:environmentalIssue>coral reef decay</NS0:environmentalIssue>
    <NS0:environmentalIssue>solid waste disposal</NS0:environmentalIssue>
    <NS0:environmentalAgreementPartyTo rdf:resource='http://www.daml.org/2001/12/factbook/environmentalAgreements#Biodiversity'/>
    <NS0:environmentalAgreementPartyTo rdf:resource='http://www.daml.org/2001/12/factbook/environmentalAgreements#Climate_Change'/>
    <NS0:environmentalAgreementPartyTo rdf:resource='http://www.daml.org/2001/12/factbook/environmentalAgreements#Climate_Change-Kyoto_Protocol'/>
    <NS0:environmentalAgreementPartyTo rdf:resource='http://www.daml.org/2001/12/factbook/environmentalAgreements#Desertification'/>
    <NS0:environmentalAgreementPartyTo rdf:resource='http://www.daml.org/2001/12/factbook/environmentalAgreements#Endangered_Species'/>
    <NS0:environmentalAgreementPartyTo rdf:resource='http://www.daml.org/2001/12/factbook/environmentalAgreements#Hazardous_Wastes'/>
    <NS0:environmentalAgreementPartyTo rdf:resource='http://www.daml.org/2001/12/factbook/environmentalAgreements#Law_of_the_Sea'/>
    <NS0:environmentalAgreementPartyTo rdf:resource='http://www.daml.org/2001/12/factbook/environmentalAgreements#Nuclear_Test_Ban'/>
    <NS0:environmentalAgreementPartyTo rdf:resource='http://www.daml.org/2001/12/factbook/environmentalAgreements#Ozone_Layer_Protection'/>
    <NS0:environmentalAgreementPartyTo rdf:resource='http://www.daml.org/2001/12/factbook/environmentalAgreements#Ship_Pollution'/>
    <NS0:environmentalAgreementPartyTo rdf:resource='http://www.daml.org/2001/12/factbook/environmentalAgreements#Wetlands'/>
    <NS0:environmentalAgreementSigned rdf:resource='http://www.daml.org/2001/12/factbook/environmentalAgreements#none_of_the_selected_agreements'/>
    <NS0:population>297852</NS0:population>
    <NS0:populationGrowthRate rdf:ID='A9602'>0.93</NS0:populationGrowthRate>
    <NS0:birthRate rdf:ID='A9605'>19.1</NS0:birthRate>
    <NS0:deathRate rdf:ID='A9608'>7.14</NS0:deathRate>
    <NS0:netMigrationRate rdf:ID='A9611'>-2.65</NS0:netMigrationRate>
    <NS0:sexRatio rdf:resource='#A9614'/>
    <NS0:sexRatio rdf:resource='#A9620'/>
    <NS0:sexRatio rdf:resource='#A9626'/>
    <NS0:sexRatio rdf:resource='#A9632'/>
    <NS0:sexRatio rdf:ID='A9640' rdf:resource='#A9637'/>
    <NS0:infantMortalityRate rdf:ID='A9643'>17.03</NS0:infantMortalityRate>
    <NS0:totalFertilityRate rdf:ID='A9646'>2.3</NS0:totalFertilityRate>
    <NS0:nationalityNoun>Bahamian(s)</NS0:nationalityNoun>
    <NS0:nationalityAdjective>Bahamian</NS0:nationalityAdjective>
    <NS0:ethnicGroup rdf:resource='#A9651'/>
    <NS0:ethnicGroup rdf:resource='#A9656'/>
    <NS0:ethnicGroup rdf:resource='#A9661'/>
    <NS0:religion rdf:resource='#A9666'/>
    <NS0:religion rdf:resource='#A9671'/>
    <NS0:religion rdf:resource='#A9676'/>
    <NS0:religion rdf:resource='#A9681'/>
    <NS0:religion rdf:resource='#A9686'/>
    <NS0:religion rdf:resource='#A9691'/>
    <NS0:religion rdf:resource='#A9696'/>
    <NS0:religion rdf:resource='#A9701'/>
    <NS0:language rdf:resource='#A9706'/>
    <NS0:language rdf:ID='A9713' rdf:resource='#A9710'/>
    <NS0:literacyDefinition>age 15 and over can read and write</NS0:literacyDefinition>
    <NS0:literacyTotal>98.2</NS0:literacyTotal>
    <NS0:literacyMale>98.5</NS0:literacyMale>
    <NS0:literacyFemale rdf:ID='A9718'>98</NS0:literacyFemale>
    <NS0:conventionalLongCountryName>Commonwealth of The Bahamas</NS0:conventionalLongCountryName>
    <NS0:conventionalShortCountryName>The Bahamas</NS0:conventionalShortCountryName>
    <NS0:governmentType rdf:resource='http://www.daml.org/2001/12/factbook/governmentTypes#constitutional_parliamentary_democracy'/>
    <NS0:capital rdf:resource='#A9724'/>
    <NS0:administrativeDivision rdf:resource='#A9731'/>
    <NS0:administrativeDivision rdf:resource='#A9735'/>
    <NS0:administrativeDivision rdf:resource='#A9739'/>
    <NS0:administrativeDivision rdf:resource='#A9743'/>
    <NS0:administrativeDivision rdf:resource='#A9747'/>
    <NS0:administrativeDivision rdf:resource='#A9751'/>
    <NS0:administrativeDivision rdf:resource='#A9755'/>
    <NS0:administrativeDivision rdf:resource='#A9759'/>
    <NS0:administrativeDivision rdf:resource='#A9763'/>
    <NS0:administrativeDivision rdf:resource='#A9767'/>
    <NS0:administrativeDivision rdf:resource='#A9771'/>
    <NS0:administrativeDivision rdf:resource='#A9775'/>
    <NS0:administrativeDivision rdf:resource='#A9779'/>
    <NS0:administrativeDivision rdf:resource='#A9783'/>
    <NS0:administrativeDivision rdf:resource='#A9787'/>
    <NS0:administrativeDivision rdf:resource='#A9791'/>
    <NS0:administrativeDivision rdf:resource='#A9795'/>
    <NS0:administrativeDivision rdf:resource='#A9799'/>
    <NS0:administrativeDivision rdf:resource='#A9803'/>
    <NS0:administrativeDivision rdf:resource='#A9807'/>
    <NS0:administrativeDivision rdf:resource='#A9811'/>
    <NS0:independence>10 July 1973 (from UK)</NS0:independence>
    <NS0:constitution>10 July 1973</NS0:constitution>
    <NS0:legalSystem>based on English common law</NS0:legalSystem>
    <NS0:suffrage>18 years of age; universal</NS0:suffrage>
    <NS0:participatesIn rdf:resource='http://www.daml.org/2001/12/factbook/internationalOrganizations#ACP'/>
    <NS0:participatesIn rdf:resource='http://www.daml.org/2001/12/factbook/internationalOrganizations#C'/>
    <NS0:participatesIn rdf:resource='http://www.daml.org/2001/12/factbook/internationalOrganizations#Caricom'/>
    <NS0:participatesIn rdf:resource='http://www.daml.org/2001/12/factbook/internationalOrganizations#CCC'/>
    <NS0:participatesIn rdf:resource='http://www.daml.org/2001/12/factbook/internationalOrganizations#CDB'/>
    <NS0:participatesIn rdf:resource='http://www.daml.org/2001/12/factbook/internationalOrganizations#ECLAC'/>
    <NS0:participatesIn rdf:resource='http://www.daml.org/2001/12/factbook/internationalOrganizations#FAO'/>
    <NS0:participatesIn rdf:resource='http://www.daml.org/2001/12/factbook/internationalOrganizations#G-77'/>
    <NS0:participatesIn rdf:resource='http://www.daml.org/2001/12/factbook/internationalOrganizations#IADB'/>
    <NS0:participatesIn rdf:resource='http://www.daml.org/2001/12/factbook/internationalOrganizations#IBRD'/>
    <NS0:participatesIn rdf:resource='http://www.daml.org/2001/12/factbook/internationalOrganizations#ICAO'/>
    <NS0:participatesIn rdf:resource='http://www.daml.org/2001/12/factbook/internationalOrganizations#ICFTU'/>
    <NS0:participatesIn rdf:resource='http://www.daml.org/2001/12/factbook/internationalOrganizations#ICRM'/>
    <NS0:participatesIn rdf:resource='http://www.daml.org/2001/12/factbook/internationalOrganizations#IFC'/>
    <NS0:participatesIn rdf:resource='http://www.daml.org/2001/12/factbook/internationalOrganizations#IFRCS'/>
    <NS0:participatesIn rdf:resource='http://www.daml.org/2001/12/factbook/internationalOrganizations#ILO'/>
    <NS0:participatesIn rdf:resource='http://www.daml.org/2001/12/factbook/internationalOrganizations#IMF'/>
    <NS0:participatesIn rdf:resource='http://www.daml.org/2001/12/factbook/internationalOrganizations#IMO'/>
    <NS0:participatesIn rdf:resource='http://www.daml.org/2001/12/factbook/internationalOrganizations#Inmarsat'/>
    <NS0:participatesIn rdf:resource='http://www.daml.org/2001/12/factbook/internationalOrganizations#Intelsat'/>
    <NS0:participatesIn rdf:resource='http://www.daml.org/2001/12/factbook/internationalOrganizations#Interpol'/>
    <NS0:participatesIn rdf:resource='http://www.daml.org/2001/12/factbook/internationalOrganizations#IOC'/>
    <NS0:participatesIn rdf:resource='http://www.daml.org/2001/12/factbook/internationalOrganizations#ITU'/>
    <NS0:participatesIn rdf:resource='http://www.daml.org/2001/12/factbook/internationalOrganizations#LAES'/>
    <NS0:participatesIn rdf:resource='http://www.daml.org/2001/12/factbook/internationalOrganizations#NAM'/>
    <NS0:participatesIn rdf:resource='http://www.daml.org/2001/12/factbook/internationalOrganizations#OAS'/>
    <NS0:participatesIn rdf:resource='http://www.daml.org/2001/12/factbook/internationalOrganizations#OPANAL'/>
    <NS0:participatesIn rdf:resource='http://www.daml.org/2001/12/factbook/internationalOrganizations#OPCW'/>
    <NS0:participatesIn rdf:resource='http://www.daml.org/2001/12/factbook/internationalOrganizations#UN'/>
    <NS0:participatesIn rdf:resource='http://www.daml.org/2001/12/factbook/internationalOrganizations#UNCTAD'/>
    <NS0:participatesIn rdf:resource='http://www.daml.org/2001/12/factbook/internationalOrganizations#UNESCO'/>
    <NS0:participatesIn rdf:resource='http://www.daml.org/2001/12/factbook/internationalOrganizations#UNIDO'/>
    <NS0:participatesIn rdf:resource='http://www.daml.org/2001/12/factbook/internationalOrganizations#UPU'/>
    <NS0:participatesIn rdf:resource='http://www.daml.org/2001/12/factbook/internationalOrganizations#WHO'/>
    <NS0:participatesIn rdf:resource='http://www.daml.org/2001/12/factbook/internationalOrganizations#WIPO'/>
    <NS0:participatesIn rdf:resource='http://www.daml.org/2001/12/factbook/internationalOrganizations#WMO'/>
    <NS0:participatesIn rdf:resource='http://www.daml.org/2001/12/factbook/internationalOrganizations#WTrO'/>
    <NS0:flagDescription>three equal horizontal bands of aquamarine (top), gold, and aquamarine, with a black equilateral triangle based on the hoist side</NS0:flagDescription>
    <NS0:economyOverview>The Bahamas is a stable, developing nation with an economy heavily dependent on tourism and offshore banking. Tourism alone accounts for more than 60% of GDP and directly or indirectly employs 40% of the archipelago&apos;s labor force. Moderate growth in tourism receipts and a boom in construction of new hotels, resorts, and residences led to an increase of the country&apos;s GDP by an estimated 3% in 1998, 6% in 1999, and 4.5% in 2000. Manufacturing and agriculture together contribute only 10% of GDP and show little growth, despite government incentives aimed at those sectors. Overall growth prospects in the short run will depend heavily on the fortunes of the tourism sector and continued sturdy growth in the US, which accounts for the majority of tourist visitors.</NS0:economyOverview>
    <NS0:grossDomesticProduct rdf:ID='A9858'>4500000000</NS0:grossDomesticProduct>
    <NS0:grossDomesticProductRealGrowth rdf:ID='A9861'>4.5</NS0:grossDomesticProductRealGrowth>
    <NS0:grossDomesticProductPerCapita rdf:ID='A9864'>15000</NS0:grossDomesticProductPerCapita>
    <NS0:grossDomesticProductAgriculture>3</NS0:grossDomesticProductAgriculture>
    <NS0:grossDomesticProductIndustry>7</NS0:grossDomesticProductIndustry>
    <NS0:grossDomesticProductServices rdf:ID='A9869'>90</NS0:grossDomesticProductServices>
    <NS0:inflationRate rdf:ID='A9872'>1.9</NS0:inflationRate>
    <NS0:laborForce rdf:ID='A9875'>156000</NS0:laborForce>
    <NS0:occupation rdf:resource='#A9877'/>
    <NS0:occupation rdf:resource='#A9882'/>
    <NS0:occupation rdf:resource='#A9887'/>
    <NS0:occupation rdf:ID='A9896' rdf:resource='#A9892'/>
    <NS0:unemploymentRate rdf:ID='A9899'>9</NS0:unemploymentRate>
    <NS0:budgetRevenues>766000000</NS0:budgetRevenues>
    <NS0:budgetExpenditures>845000000</NS0:budgetExpenditures>
    <NS0:budgetCapitalExpenditures rdf:ID='A9904'>97000000</NS0:budgetCapitalExpenditures>
    <NS0:industry rdf:resource='http://www.daml.org/2001/12/factbook/industries#tourism'/>
    <NS0:industry rdf:resource='http://www.daml.org/2001/12/factbook/industries#banking'/>
    <NS0:industry rdf:resource='http://www.daml.org/2001/12/factbook/industries#cement'/>
    <NS0:industry rdf:resource='http://www.daml.org/2001/12/factbook/industries#oil_refining_and_transshipment'/>
    <NS0:industry rdf:resource='http://www.daml.org/2001/12/factbook/industries#salt'/>
    <NS0:industry rdf:resource='http://www.daml.org/2001/12/factbook/industries#rum'/>
    <NS0:industry rdf:resource='http://www.daml.org/2001/12/factbook/industries#aragonite'/>
    <NS0:industry rdf:resource='http://www.daml.org/2001/12/factbook/industries#pharmaceuticals'/>
    <NS0:industry rdf:resource='http://www.daml.org/2001/12/factbook/industries#spiral-welded_steel_pipe'/>
    <NS0:electricityProduction rdf:ID='A9915'>1465000000</NS0:electricityProduction>
    <NS0:electricityProductionFossilFuel>100</NS0:electricityProductionFossilFuel>
    <NS0:electricityProductionHydro>0</NS0:electricityProductionHydro>
    <NS0:electricityProductionNuclear>0</NS0:electricityProductionNuclear>
    <NS0:electricityProductionOther rdf:ID='A9920'>0</NS0:electricityProductionOther>
    <NS0:electricityConsumption rdf:ID='A9922'>1362000000</NS0:electricityConsumption>
    <NS0:electricityExports rdf:ID='A9924'>0</NS0:electricityExports>
    <NS0:electricityImports rdf:ID='A9926'>0</NS0:electricityImports>
    <NS0:agricultureProduct rdf:resource='http://www.daml.org/2001/12/factbook/agricultureProducts#citrus'/>
    <NS0:agricultureProduct rdf:resource='http://www.daml.org/2001/12/factbook/agricultureProducts#vegetables'/>
    <NS0:agricultureProduct rdf:resource='http://www.daml.org/2001/12/factbook/agricultureProducts#poultry'/>
    <NS0:exports rdf:ID='A9931'>376800000</NS0:exports>
    <NS0:exportsCommodity rdf:resource='#A9934'/>
    <NS0:exportsCommodity rdf:resource='#A9938'/>
    <NS0:exportsCommodity rdf:resource='#A9942'/>
    <NS0:exportsCommodity rdf:resource='#A9946'/>
    <NS0:exportsCommodity rdf:resource='#A9950'/>
    <NS0:imports rdf:ID='A9954'>1730000000</NS0:imports>
    <NS0:importsCommodity rdf:resource='#A9957'/>
    <NS0:importsCommodity rdf:resource='#A9961'/>
    <NS0:importsCommodity rdf:resource='#A9965'/>
    <NS0:importsCommodity rdf:resource='#A9969'/>
    <NS0:importsCommodity rdf:resource='#A9973'/>
    <NS0:externalDebt rdf:ID='A9977'>385800000</NS0:externalDebt>
    <NS0:economicAidRecipient rdf:ID='A9980'>9800000</NS0:economicAidRecipient>
    <NS0:currency>Bahamian dollar (BSD)</NS0:currency>
    <NS0:currencyCode>BSD</NS0:currencyCode>
    <NS0:fiscalYear>1 July - 30 June</NS0:fiscalYear>
    <NS0:mainTelephoneLines rdf:ID='A9985'>96000</NS0:mainTelephoneLines>
    <NS0:mobileTelephoneLines rdf:ID='A9987'>6152</NS0:mobileTelephoneLines>
    <NS0:telephoneSystemGeneralAssessment>modern facilities</NS0:telephoneSystemGeneralAssessment>
    <NS0:telephoneSystemDomestic>totally automatic system; highly developed</NS0:telephoneSystemDomestic>
    <NS0:telephoneSystemInternational>tropospheric scatter and submarine cable to Florida; 3 coaxial submarine cables; satellite earth station - 1 Intelsat (Atlantic Ocean) (1997)</NS0:telephoneSystemInternational>
    <NS0:radios rdf:ID='A9992'>215000</NS0:radios>
    <NS0:televisionBroadcastStations rdf:ID='A9994'>1</NS0:televisionBroadcastStations>
    <NS0:televisions rdf:ID='A9996'>67000</NS0:televisions>
    <NS0:internetCountryCode>.bs</NS0:internetCountryCode>
    <NS0:internetServiceProviders rdf:ID='A9999'>19</NS0:internetServiceProviders>
    <NS0:internetUsers rdf:ID='A10001'>15000</NS0:internetUsers>
    <NS0:highwaysTotal>2693</NS0:highwaysTotal>
    <NS0:highwaysPaved>1546</NS0:highwaysPaved>
    <NS0:highwaysUnpaved rdf:ID='A10005'>1147</NS0:highwaysUnpaved>
    <NS0:port rdf:resource='#A10007'/>
    <NS0:port rdf:resource='#A10011'/>
    <NS0:port rdf:resource='#A10015'/>
    <NS0:airports rdf:ID='A10019'>65</NS0:airports>
    <NS0:airportBreakdown rdf:resource='#A10022'/>
    <NS0:airportBreakdown rdf:resource='#A10028'/>
    <NS0:airportBreakdown rdf:resource='#A10035'/>
    <NS0:airportBreakdown rdf:resource='#A10042'/>
    <NS0:airportBreakdown rdf:resource='#A10049'/>
    <NS0:airportBreakdown rdf:resource='#A10055'/>
    <NS0:airportBreakdown rdf:resource='#A10062'/>
    <NS0:heliports rdf:ID='A10068'>1</NS0:heliports>
    <NS0:militaryExpenditures rdf:ID='A10071'>20000000</NS0:militaryExpenditures>
    <NS0:internationalDispute>none</NS0:internationalDispute>
    <NS0:illicitDrugs>transshipment point for cocaine and marijuana bound for US and Europe</NS0:illicitDrugs>
    <NS0:illicitDrugs>banking industry vulnerable to money laundering</NS0:illicitDrugs>
    <NS0:smallFlag>http://www.cia.gov/cia/publications/factbook/flags/bf-flag.jpg</NS0:smallFlag>
    <NS0:largeFlag>http://www.cia.gov/cia/publications/factbook/flags/bf-lgflag.jpg</NS0:largeFlag>
    <NS0:map>http://www.cia.gov/cia/publications/factbook/maps/bf-map.jpg</NS0:map>
    <NS0:exportPartner rdf:resource='#A120083'/>
    <NS0:exportPartner rdf:resource='#A120088'/>
    <NS0:exportPartner rdf:resource='#A120093'/>
    <NS0:exportPartner rdf:ID='A120102' rdf:resource='#A120098'/>
    <NS0:importPartner rdf:resource='#A120104'/>
    <NS0:importPartner rdf:resource='#A120109'/>
    <NS0:importPartner rdf:resource='#A120114'/>
    <NS0:importPartner rdf:ID='A120123' rdf:resource='#A120119'/>
  </rdf:Description>
  <rdf:Description rdf:about='#A9651'>
    <rdf:type rdf:resource='http://www.daml.org/2001/12/factbook/factbook-ont#EthnicGroupPercent'/>
    <NS0:ethnicGroup rdf:resource='http://www.daml.org/2001/12/factbook/ethnicGroups#black'/>
    <NS0:percent>85</NS0:percent>
  </rdf:Description>
  <rdf:Description rdf:about='#A120102'>
    <NS0:note>1998</NS0:note>
  </rdf:Description>
  <rdf:Description rdf:about='#A9869'>
    <rdf:type rdf:resource='http://www.daml.org/2001/12/factbook/factbook-ont#Estimate'/>
    <NS0:year>1999</NS0:year>
  </rdf:Description>
  <rdf:Description rdf:about='#A10028'>
    <rdf:type rdf:resource='http://www.daml.org/2001/12/factbook/factbook-ont#AirportBreakdown'/>
    <NS0:paved>true</NS0:paved>
    <NS0:minRunway>2438</NS0:minRunway>
    <NS0:maxRunway>3047</NS0:maxRunway>
    <NS0:count>2</NS0:count>
  </rdf:Description>
  <rdf:Description rdf:about='#A9872'>
    <rdf:type rdf:resource='http://www.daml.org/2001/12/factbook/factbook-ont#Estimate'/>
    <NS0:year>2000</NS0:year>
  </rdf:Description>
  <rdf:Description rdf:about='#District'>
    <rdf:type rdf:resource='http://www.w3.org/2000/01/rdf-schema#Class'/>
    <rdfs:subClassOf rdf:resource='http://www.daml.org/2001/12/factbook/factbook-ont#AdministrativeDivision'/>
    <rdfs:label>District</rdfs:label>
  </rdf:Description>
  <rdf:Description rdf:about='#A9922'>
    <NS0:year>1999</NS0:year>
  </rdf:Description>
  <rdf:Description rdf:about='#A9992'>
    <NS0:year>1997</NS0:year>
  </rdf:Description>
  <rdf:Description rdf:about='#A10022'>
    <rdf:type rdf:resource='http://www.daml.org/2001/12/factbook/factbook-ont#AirportBreakdown'/>
    <NS0:paved>true</NS0:paved>
    <NS0:minRunway>3048</NS0:minRunway>
    <NS0:count>2</NS0:count>
  </rdf:Description>
  <rdf:Description rdf:about='#A9637'>
    <rdf:type rdf:resource='http://www.daml.org/2001/12/factbook/factbook-ont#SexRatioBreakdown'/>
    <NS0:ratio>0.96</NS0:ratio>
  </rdf:Description>
  <rdf:Description rdf:about='#A9954'>
    <rdf:type rdf:resource='http://www.daml.org/2001/12/factbook/factbook-ont#Estimate'/>
    <NS0:year>2000</NS0:year>
  </rdf:Description>
  <rdf:Description rdf:about='#A10015'>
    <rdf:type rdf:resource='http://www.daml.org/2001/12/factbook/factbook-ont#Port'/>
    <NS0:name>Nassau</NS0:name>
  </rdf:Description>
  <rdf:Description rdf:about='#A9632'>
    <rdf:type rdf:resource='http://www.daml.org/2001/12/factbook/factbook-ont#SexRatioBreakdown'/>
    <NS0:minAge>65</NS0:minAge>
    <NS0:ratio>0.72</NS0:ratio>
  </rdf:Description>
  <rdf:Description rdf:about='#A9583'>
    <rdf:type rdf:resource='http://www.daml.org/2001/12/factbook/factbook-ont#Estimate'/>
    <NS0:year>1993</NS0:year>
  </rdf:Description>
  <rdf:Description rdf:about='#A120123'>
    <NS0:note>1998</NS0:note>
  </rdf:Description>
  <rdf:Description rdf:about='#A10011'>
    <rdf:type rdf:resource='http://www.daml.org/2001/12/factbook/factbook-ont#Port'/>
    <NS0:name>Matthew Town</NS0:name>
  </rdf:Description>
  <rdf:Description rdf:about='#A9626'>
    <rdf:type rdf:resource='http://www.daml.org/2001/12/factbook/factbook-ont#SexRatioBreakdown'/>
    <NS0:minAge>15</NS0:minAge>
    <NS0:maxAge>64</NS0:maxAge>
    <NS0:ratio>0.97</NS0:ratio>
  </rdf:Description>
  <rdf:Description rdf:about='#A9987'>
    <NS0:year>1997</NS0:year>
  </rdf:Description>
  <rdf:Description rdf:about='#A10007'>
    <rdf:type rdf:resource='http://www.daml.org/2001/12/factbook/factbook-ont#Port'/>
    <NS0:name>Freeport</NS0:name>
  </rdf:Description>
  <rdf:Description rdf:about='#A9899'>
    <rdf:type rdf:resource='http://www.daml.org/2001/12/factbook/factbook-ont#Estimate'/>
    <NS0:year>1998</NS0:year>
  </rdf:Description>
  <rdf:Description rdf:about='#A9996'>
    <NS0:year>1997</NS0:year>
  </rdf:Description>
  <rdf:Description rdf:about='#A9811'>
    <rdf:type rdf:resource='#District'/>
    <NS0:name>San Salvador and Rum Cay</NS0:name>
  </rdf:Description>
  <rdf:Description rdf:about='#A9620'>
    <rdf:type rdf:resource='http://www.daml.org/2001/12/factbook/factbook-ont#SexRatioBreakdown'/>
    <NS0:minAge>0</NS0:minAge>
    <NS0:maxAge>14</NS0:maxAge>
    <NS0:ratio>1.02</NS0:ratio>
  </rdf:Description>
  <rdf:Description rdf:about='#A9807'>
    <rdf:type rdf:resource='#District'/>
    <NS0:name>Sandy Point</NS0:name>
  </rdf:Description>
  <rdf:Description rdf:about='#A9614'>
    <rdf:type rdf:resource='http://www.daml.org/2001/12/factbook/factbook-ont#SexRatioBreakdown'/>
    <NS0:minAge>0</NS0:minAge>
    <NS0:maxAge>0</NS0:maxAge>
    <NS0:ratio>1.02</NS0:ratio>
  </rdf:Description>
  <rdf:Description rdf:about='#A9803'>
    <rdf:type rdf:resource='#District'/>
    <NS0:name>Rock Sound</NS0:name>
  </rdf:Description>
  <rdf:Description rdf:about='#A9608'>
    <rdf:type rdf:resource='http://www.daml.org/2001/12/factbook/factbook-ont#Estimate'/>
    <NS0:year>2001</NS0:year>
  </rdf:Description>
  <rdf:Description rdf:about='#A9799'>
    <rdf:type rdf:resource='#District'/>
    <NS0:name>Ragged Island</NS0:name>
  </rdf:Description>
  <rdf:Description rdf:about='#A10019'>
    <rdf:type rdf:resource='http://www.daml.org/2001/12/factbook/factbook-ont#Estimate'/>
    <NS0:year>2000</NS0:year>
  </rdf:Description>
  <rdf:Description rdf:about='#A9795'>
    <rdf:type rdf:resource='#District'/>
    <NS0:name>Nicholls Town and Berry Islands</NS0:name>
  </rdf:Description>
  <rdf:Description rdf:about='#A9931'>
    <rdf:type rdf:resource='http://www.daml.org/2001/12/factbook/factbook-ont#Estimate'/>
    <NS0:year>2000</NS0:year>
  </rdf:Description>
  <rdf:Description rdf:about='#A9864'>
    <rdf:type rdf:resource='http://www.daml.org/2001/12/factbook/factbook-ont#Estimate'/>
    <NS0:year>2000</NS0:year>
  </rdf:Description>
  <rdf:Description rdf:about='#A9646'>
    <rdf:type rdf:resource='http://www.daml.org/2001/12/factbook/factbook-ont#Estimate'/>
    <NS0:year>2001</NS0:year>
  </rdf:Description>
  <rdf:Description rdf:about='#A9791'>
    <rdf:type rdf:resource='#District'/>
    <NS0:name>New Providence</NS0:name>
  </rdf:Description>
  <rdf:Description rdf:about='#A9787'>
    <rdf:type rdf:resource='#District'/>
    <NS0:name>Mayaguana</NS0:name>
  </rdf:Description>
  <rdf:Description rdf:about='#A9924'>
    <NS0:year>1999</NS0:year>
  </rdf:Description>
  <rdf:Description rdf:about='#A9783'>
    <rdf:type rdf:resource='#District'/>
    <NS0:name>Marsh Harbour</NS0:name>
  </rdf:Description>
  <rdf:Description rdf:about='#A9926'>
    <NS0:year>1999</NS0:year>
  </rdf:Description>
  <rdf:Description rdf:about='#A9973'>
    <rdf:type rdf:resource='http://www.daml.org/2001/12/factbook/factbook-ont#CommodityPercent'/>
    <NS0:importsCommodity rdf:resource='http://www.daml.org/2001/12/factbook/commodities#electronics'/>
  </rdf:Description>
  <rdf:Description rdf:about='#A9779'>
    <rdf:type rdf:resource='#District'/>
    <NS0:name>Long Island</NS0:name>
  </rdf:Description>
  <rdf:Description rdf:about='#A9861'>
    <rdf:type rdf:resource='http://www.daml.org/2001/12/factbook/factbook-ont#Estimate'/>
    <NS0:year>2000</NS0:year>
  </rdf:Description>
  <rdf:Description rdf:about='#A9969'>
    <rdf:type rdf:resource='http://www.daml.org/2001/12/factbook/factbook-ont#CommodityPercent'/>
    <NS0:importsCommodity rdf:resource='http://www.daml.org/2001/12/factbook/commodities#vehicles'/>
  </rdf:Description>
  <rdf:Description rdf:about='#A9775'>
    <rdf:type rdf:resource='#District'/>
    <NS0:name>Kemps Bay</NS0:name>
  </rdf:Description>
  <rdf:Description rdf:about='#A9965'>
    <rdf:type rdf:resource='http://www.daml.org/2001/12/factbook/factbook-ont#CommodityPercent'/>
    <NS0:importsCommodity rdf:resource='http://www.daml.org/2001/12/factbook/commodities#crude_oil'/>
  </rdf:Description>
  <rdf:Description rdf:about='#A9713'>
    <NS0:note>among Haitian immigrants</NS0:note>
  </rdf:Description>
  <rdf:Description rdf:about='#A10071'>
    <NS0:note>FY95/96</NS0:note>
  </rdf:Description>
  <rdf:Description rdf:about='#A9771'>
    <rdf:type rdf:resource='#District'/>
    <NS0:name>Inagua</NS0:name>
  </rdf:Description>
  <rdf:Description rdf:about='#A9961'>
    <rdf:type rdf:resource='http://www.daml.org/2001/12/factbook/factbook-ont#CommodityPercent'/>
    <NS0:importsCommodity rdf:resource='http://www.daml.org/2001/12/factbook/commodities#manufactured_goods'/>
  </rdf:Description>
  <rdf:Description rdf:about='#A9767'>
    <rdf:type rdf:resource='#District'/>
    <NS0:name>High Rock</NS0:name>
  </rdf:Description>
  <rdf:Description rdf:about='#A9957'>
    <rdf:type rdf:resource='http://www.daml.org/2001/12/factbook/factbook-ont#CommodityPercent'/>
    <NS0:importsCommodity rdf:resource='http://www.daml.org/2001/12/factbook/commodities#foodstuffs'/>
  </rdf:Description>
  <rdf:Description rdf:about='#A9904'>
    <NS0:note>FY97/98</NS0:note>
  </rdf:Description>
  <rdf:Description rdf:about='#A9920'>
    <NS0:year>1999</NS0:year>
  </rdf:Description>
  <rdf:Description rdf:about='#A9763'>
    <rdf:type rdf:resource='#District'/>
    <NS0:name>Harbour Island</NS0:name>
  </rdf:Description>
  <rdf:Description rdf:about='#A9570'>
    <rdf:type rdf:resource='http://www.daml.org/2001/12/factbook/factbook-ont#ElevationExtreme'/>
    <NS0:name>Mount Alvernia, on Cat Island</NS0:name>
    <NS0:elevation>63</NS0:elevation>
  </rdf:Description>
  <rdf:Description rdf:about='#A9915'>
    <NS0:year>1999</NS0:year>
  </rdf:Description>
  <rdf:Description rdf:about='#A9950'>
    <rdf:type rdf:resource='http://www.daml.org/2001/12/factbook/factbook-ont#CommodityPercent'/>
    <NS0:exportsCommodity rdf:resource='http://www.daml.org/2001/12/factbook/commodities#refined_petroleum_products'/>
  </rdf:Description>
  <rdf:Description rdf:about='#A9759'>
    <rdf:type rdf:resource='#District'/>
    <NS0:name>Green Turtle Cay</NS0:name>
  </rdf:Description>
  <rdf:Description rdf:about='#A9565'>
    <rdf:type rdf:resource='http://www.daml.org/2001/12/factbook/factbook-ont#ElevationExtreme'/>
    <NS0:name>Atlantic Ocean</NS0:name>
    <NS0:elevation>0</NS0:elevation>
  </rdf:Description>
  <rdf:Description rdf:about='#A9946'>
    <rdf:type rdf:resource='http://www.daml.org/2001/12/factbook/factbook-ont#CommodityPercent'/>
    <NS0:exportsCommodity rdf:resource='http://www.daml.org/2001/12/factbook/commodities#crawfish'/>
  </rdf:Description>
  <rdf:Description rdf:about='#A9755'>
    <rdf:type rdf:resource='#District'/>
    <NS0:name>Governor&apos;s Harbour</NS0:name>
  </rdf:Description>
  <rdf:Description rdf:about='#A9751'>
    <rdf:type rdf:resource='#District'/>
    <NS0:name>Fresh Creek</NS0:name>
  </rdf:Description>
  <rdf:Description rdf:about='#A9942'>
    <rdf:type rdf:resource='http://www.daml.org/2001/12/factbook/factbook-ont#CommodityPercent'/>
    <NS0:exportsCommodity rdf:resource='http://www.daml.org/2001/12/factbook/commodities#rum'/>
  </rdf:Description>
  <rdf:Description rdf:about='#A9938'>
    <rdf:type rdf:resource='http://www.daml.org/2001/12/factbook/factbook-ont#CommodityPercent'/>
    <NS0:exportsCommodity rdf:resource='http://www.daml.org/2001/12/factbook/commodities#cement'/>
  </rdf:Description>
  <rdf:Description rdf:about='#A9747'>
    <rdf:type rdf:resource='#District'/>
    <NS0:name>Freeport</NS0:name>
  </rdf:Description>
  <rdf:Description rdf:about='#A9640'>
    <rdf:type rdf:resource='http://www.daml.org/2001/12/factbook/factbook-ont#Estimate'/>
    <NS0:year>2001</NS0:year>
  </rdf:Description>
  <rdf:Description rdf:about='#A9743'>
    <rdf:type rdf:resource='#District'/>
    <NS0:name>Exuma</NS0:name>
  </rdf:Description>
  <rdf:Description rdf:about='#A9934'>
    <rdf:type rdf:resource='http://www.daml.org/2001/12/factbook/factbook-ont#CommodityPercent'/>
    <NS0:exportsCommodity rdf:resource='http://www.daml.org/2001/12/factbook/commodities#pharmaceuticals'/>
  </rdf:Description>
  <rdf:Description rdf:about='#A9550'>
    <rdf:type rdf:resource='http://www.daml.org/2001/12/factbook/factbook-ont#LatLon'/>
    <NS0:latitude>24.25</NS0:latitude>
    <NS0:longitude>-76.0</NS0:longitude>
  </rdf:Description>
</rdf:RDF>
