<?xml version='1.0' encoding='ISO-8859-1'?>
<rdf:RDF
  xmlns:rdf='http://www.w3.org/1999/02/22-rdf-syntax-ns#'
  xmlns:NS0='http://www.daml.org/2001/12/factbook/factbook-ont#'
  xmlns:rdfs='http://www.w3.org/2000/01/rdf-schema#'
  xml:base="http://www.daml.org/2001/12/factbook/bg">
  <rdf:Description rdf:about='#A10567'>
    <rdf:type rdf:resource='http://www.daml.org/2001/12/factbook/factbook-ont#Estimate'/>
    <NS0:year>2001</NS0:year>
  </rdf:Description>
  <rdf:Description rdf:about='#A10502'>
    <rdf:type rdf:resource='http://www.daml.org/2001/12/factbook/factbook-ont#Port'/>
    <NS0:name>Chittagong</NS0:name>
  </rdf:Description>
  <rdf:Description rdf:about='#A10227'>
    <NS0:note>official, also known as Bengali</NS0:note>
  </rdf:Description>
  <rdf:Description rdf:about='#A10471'>
    <NS0:year>2000</NS0:year>
  </rdf:Description>
  <rdf:Description rdf:about='#A10340'>
    <rdf:type rdf:resource='http://www.daml.org/2001/12/factbook/factbook-ont#Estimate'/>
    <NS0:year>2000</NS0:year>
  </rdf:Description>
  <rdf:Description rdf:about='#A10374'>
    <NS0:note>FY95/96</NS0:note>
  </rdf:Description>
  <rdf:Description rdf:about='#A10479'>
    <NS0:year>2000</NS0:year>
  </rdf:Description>
  <rdf:Description rdf:about='#A10392'>
    <NS0:year>1999</NS0:year>
  </rdf:Description>
  <rdf:Description rdf:about='#A10154'>
    <rdf:type rdf:resource='http://www.daml.org/2001/12/factbook/factbook-ont#Estimate'/>
    <NS0:year>2001</NS0:year>
  </rdf:Description>
  <rdf:Description rdf:about='#A10103'>
    <rdf:type rdf:resource='http://www.daml.org/2001/12/factbook/factbook-ont#ElevationExtreme'/>
    <NS0:name>Keokradong</NS0:name>
    <NS0:elevation>1230</NS0:elevation>
  </rdf:Description>
  <rdf:Description rdf:about='#A10570'>
    <rdf:type rdf:resource='http://www.daml.org/2001/12/factbook/factbook-ont#Estimate'/>
    <NS0:year>2001</NS0:year>
  </rdf:Description>
  <rdf:Description rdf:about='#A10493'>
    <NS0:year>2000</NS0:year>
  </rdf:Description>
  <rdf:Description rdf:about='#A10098'>
    <rdf:type rdf:resource='http://www.daml.org/2001/12/factbook/factbook-ont#ElevationExtreme'/>
    <NS0:name>Indian Ocean</NS0:name>
    <NS0:elevation>0</NS0:elevation>
  </rdf:Description>
  <rdf:Description rdf:about='#A10145'>
    <rdf:type rdf:resource='http://www.daml.org/2001/12/factbook/factbook-ont#Estimate'/>
    <NS0:year>2001</NS0:year>
  </rdf:Description>
  <rdf:Description rdf:about='#A10376'>
    <NS0:year>1996</NS0:year>
  </rdf:Description>
  <rdf:Description rdf:about='#Division'>
    <rdf:type rdf:resource='http://www.w3.org/2000/01/rdf-schema#Class'/>
    <rdfs:subClassOf rdf:resource='http://www.daml.org/2001/12/factbook/factbook-ont#AdministrativeDivision'/>
    <rdfs:label>Division</rdfs:label>
  </rdf:Description>
  <rdf:Description rdf:about='#A10488'>
    <NS0:year>1999</NS0:year>
  </rdf:Description>
  <rdf:Description rdf:about='#A120216'>
    <NS0:note>1999</NS0:note>
  </rdf:Description>
  <rdf:Description rdf:about='#A10467'>
    <rdf:type rdf:resource='http://www.daml.org/2001/12/factbook/factbook-ont#CommodityPercent'/>
    <NS0:importsCommodity rdf:resource='http://www.daml.org/2001/12/factbook/commodities#cement'/>
  </rdf:Description>
  <rdf:Description rdf:about='#A120242'>
    <NS0:note>1999</NS0:note>
  </rdf:Description>
  <rdf:Description rdf:about='#A10463'>
    <rdf:type rdf:resource='http://www.daml.org/2001/12/factbook/factbook-ont#CommodityPercent'/>
    <NS0:importsCommodity rdf:resource='http://www.daml.org/2001/12/factbook/commodities#crude_oil_and_petroleum_products'/>
  </rdf:Description>
  <rdf:Description rdf:about='#A10081'>
    <rdf:type rdf:resource='http://www.daml.org/2001/12/factbook/factbook-ont#LatLon'/>
    <NS0:latitude>24.0</NS0:latitude>
    <NS0:longitude>90.0</NS0:longitude>
  </rdf:Description>
  <rdf:Description rdf:about='#A10151'>
    <rdf:type rdf:resource='http://www.daml.org/2001/12/factbook/factbook-ont#Estimate'/>
    <NS0:year>2001</NS0:year>
  </rdf:Description>
  <rdf:Description rdf:about='#A10459'>
    <rdf:type rdf:resource='http://www.daml.org/2001/12/factbook/factbook-ont#CommodityPercent'/>
    <NS0:importsCommodity rdf:resource='http://www.daml.org/2001/12/factbook/commodities#food'/>
  </rdf:Description>
  <rdf:Description rdf:about='#A10437'>
    <NS0:year>2000</NS0:year>
  </rdf:Description>
  <rdf:Description rdf:about='#A10266'>
    <rdf:type rdf:resource='#Division'/>
    <NS0:name>Rajshahi</NS0:name>
  </rdf:Description>
  <rdf:Description rdf:about='#A10455'>
    <rdf:type rdf:resource='http://www.daml.org/2001/12/factbook/factbook-ont#CommodityPercent'/>
    <NS0:importsCommodity rdf:resource='http://www.daml.org/2001/12/factbook/commodities#raw_cotton'/>
  </rdf:Description>
  <rdf:Description rdf:about='#A10262'>
    <rdf:type rdf:resource='#Division'/>
    <NS0:name>Khulna</NS0:name>
  </rdf:Description>
  <rdf:Description rdf:about='#A10451'>
    <rdf:type rdf:resource='http://www.daml.org/2001/12/factbook/factbook-ont#CommodityPercent'/>
    <NS0:importsCommodity rdf:resource='http://www.daml.org/2001/12/factbook/commodities#textiles'/>
  </rdf:Description>
  <rdf:Description rdf:about='#A10258'>
    <rdf:type rdf:resource='#Division'/>
    <NS0:name>Dhaka</NS0:name>
  </rdf:Description>
  <rdf:Description rdf:about='#A10447'>
    <rdf:type rdf:resource='http://www.daml.org/2001/12/factbook/factbook-ont#CommodityPercent'/>
    <NS0:importsCommodity rdf:resource='http://www.daml.org/2001/12/factbook/commodities#iron_and_steel'/>
  </rdf:Description>
  <rdf:Description rdf:about='#A10500'>
    <NS0:year>1997</NS0:year>
  </rdf:Description>
  <rdf:Description rdf:about='#A10254'>
    <rdf:type rdf:resource='#Division'/>
    <NS0:name>Chittagong</NS0:name>
  </rdf:Description>
  <rdf:Description rdf:about='#A10348'>
    <rdf:type rdf:resource='http://www.daml.org/2001/12/factbook/factbook-ont#Estimate'/>
    <NS0:note>FY95/96</NS0:note>
  </rdf:Description>
  <rdf:Description rdf:about='#A10443'>
    <rdf:type rdf:resource='http://www.daml.org/2001/12/factbook/factbook-ont#CommodityPercent'/>
    <NS0:importsCommodity rdf:resource='http://www.daml.org/2001/12/factbook/commodities#chemicals'/>
  </rdf:Description>
  <rdf:Description rdf:about='#A10250'>
    <rdf:type rdf:resource='#Division'/>
    <NS0:name>Barisal</NS0:name>
  </rdf:Description>
  <rdf:Description rdf:about='#A10439'>
    <rdf:type rdf:resource='http://www.daml.org/2001/12/factbook/factbook-ont#CommodityPercent'/>
    <NS0:importsCommodity rdf:resource='http://www.daml.org/2001/12/factbook/commodities#machinery_and_equipment'/>
  </rdf:Description>
  <rdf:Description rdf:about='#A10481'>
    <NS0:year>2000</NS0:year>
  </rdf:Description>
  <rdf:Description rdf:about='#A10243'>
    <rdf:type rdf:resource='http://www.daml.org/2001/12/factbook/factbook-ont#CapitalCity'/>
    <NS0:name>Dhaka</NS0:name>
  </rdf:Description>
  <rdf:Description rdf:about='#A10433'>
    <rdf:type rdf:resource='http://www.daml.org/2001/12/factbook/factbook-ont#CommodityPercent'/>
    <NS0:exportsCommodity rdf:resource='http://www.daml.org/2001/12/factbook/commodities#frozen_fish_and_seafood'/>
  </rdf:Description>
  <rdf:Description rdf:about='#A10206'>
    <NS0:year>1998</NS0:year>
  </rdf:Description>
  <rdf:Description rdf:about='#A10148'>
    <rdf:type rdf:resource='http://www.daml.org/2001/12/factbook/factbook-ont#Estimate'/>
    <NS0:year>2001</NS0:year>
  </rdf:Description>
  <rdf:Description rdf:about='#A10429'>
    <rdf:type rdf:resource='http://www.daml.org/2001/12/factbook/factbook-ont#CommodityPercent'/>
    <NS0:exportsCommodity rdf:resource='http://www.daml.org/2001/12/factbook/commodities#leather'/>
  </rdf:Description>
  <rdf:Description rdf:about='#A10425'>
    <rdf:type rdf:resource='http://www.daml.org/2001/12/factbook/factbook-ont#CommodityPercent'/>
    <NS0:exportsCommodity rdf:resource='http://www.daml.org/2001/12/factbook/commodities#jute_and_jute_goods'/>
  </rdf:Description>
  <rdf:Description rdf:about='#A10345'>
    <rdf:type rdf:resource='http://www.daml.org/2001/12/factbook/factbook-ont#Estimate'/>
    <NS0:year>2000</NS0:year>
  </rdf:Description>
  <rdf:Description rdf:about='#A10421'>
    <rdf:type rdf:resource='http://www.daml.org/2001/12/factbook/factbook-ont#CommodityPercent'/>
    <NS0:exportsCommodity rdf:resource='http://www.daml.org/2001/12/factbook/commodities#garments'/>
  </rdf:Description>
  <rdf:Description rdf:about='#A10229'>
    <rdf:type rdf:resource='http://www.daml.org/2001/12/factbook/factbook-ont#LanguagePercent'/>
    <NS0:language rdf:resource='http://www.daml.org/2001/12/factbook/languages#English'/>
  </rdf:Description>
  <rdf:Description rdf:about='#A10183'>
    <rdf:type rdf:resource='http://www.daml.org/2001/12/factbook/factbook-ont#Estimate'/>
    <NS0:year>2001</NS0:year>
  </rdf:Description>
  <rdf:Description rdf:about='#A10189'>
    <rdf:type rdf:resource='http://www.daml.org/2001/12/factbook/factbook-ont#Estimate'/>
    <NS0:year>2001</NS0:year>
  </rdf:Description>
  <rdf:Description rdf:about='http://www.daml.org/2001/09/countries/fips#BG'>
    <NS0:background>Bangladesh came into existence in 1971 when Bengali East Pakistan seceded from its union with West Pakistan. About a third of this extremely poor country annually floods during the monsoon rainy season, hampering economic development.</NS0:background>
    <NS0:location>Southern Asia, bordering the Bay of Bengal, between Burma and India</NS0:location>
    <NS0:geographicCoordinates rdf:resource='#A10081'/>
    <NS0:mapReferences>Asia</NS0:mapReferences>
    <NS0:totalArea>144000</NS0:totalArea>
    <NS0:landArea>133910</NS0:landArea>
    <NS0:waterArea>10090</NS0:waterArea>
    <NS0:comparativeArea>slightly smaller than Wisconsin</NS0:comparativeArea>
    <NS0:landBoundaries>4246</NS0:landBoundaries>
    <NS0:coastline>580</NS0:coastline>
    <NS0:contiguousZone>18</NS0:contiguousZone>
    <NS0:exclusiveEconomicZone>200</NS0:exclusiveEconomicZone>
    <NS0:territorialSea>12</NS0:territorialSea>
    <NS0:climate>tropical; mild winter (October to March); hot, humid summer (March to June); humid, warm rainy monsoon (June to October)</NS0:climate>
    <NS0:terrain>mostly flat alluvial plain; hilly in southeast</NS0:terrain>
    <NS0:lowestPoint rdf:resource='#A10098'/>
    <NS0:highestPoint rdf:resource='#A10103'/>
    <NS0:naturalResource rdf:resource='http://www.daml.org/2001/12/factbook/naturalResources#natural_gas'/>
    <NS0:naturalResource rdf:resource='http://www.daml.org/2001/12/factbook/naturalResources#arable_land'/>
    <NS0:naturalResource rdf:resource='http://www.daml.org/2001/12/factbook/naturalResources#timber'/>
    <NS0:naturalResource rdf:resource='http://www.daml.org/2001/12/factbook/naturalResources#coal'/>
    <NS0:arableLand>73</NS0:arableLand>
    <NS0:permanentCrops>2</NS0:permanentCrops>
    <NS0:permanentPastures>5</NS0:permanentPastures>
    <NS0:forestsAndWoodland>15</NS0:forestsAndWoodland>
    <NS0:otherLandUse rdf:ID='A10116'>5</NS0:otherLandUse>
    <NS0:irrigatedLand rdf:ID='A10119'>31000</NS0:irrigatedLand>
    <NS0:naturalHazard>droughts, cyclones</NS0:naturalHazard>
    <NS0:naturalHazard>much of the country routinely inundated during the summer monsoon season</NS0:naturalHazard>
    <NS0:environmentalIssue>many people are landless and forced to live on and cultivate flood-prone land</NS0:environmentalIssue>
    <NS0:environmentalIssue>water-borne diseases prevalent in surface water</NS0:environmentalIssue>
    <NS0:environmentalIssue>water pollution, especially of fishing areas, results from the use of commercial pesticides</NS0:environmentalIssue>
    <NS0:environmentalIssue>ground water contaminated by naturally-occurring arsenic</NS0:environmentalIssue>
    <NS0:environmentalIssue>intermittent water shortages because of falling water tables in the northern and central parts of the country</NS0:environmentalIssue>
    <NS0:environmentalIssue>soil degradation and erosion</NS0:environmentalIssue>
    <NS0:environmentalIssue>deforestation</NS0:environmentalIssue>
    <NS0:environmentalIssue>severe overpopulation</NS0:environmentalIssue>
    <NS0:environmentalAgreementPartyTo rdf:resource='http://www.daml.org/2001/12/factbook/environmentalAgreements#Biodiversity'/>
    <NS0:environmentalAgreementPartyTo rdf:resource='http://www.daml.org/2001/12/factbook/environmentalAgreements#Climate_Change'/>
    <NS0:environmentalAgreementPartyTo rdf:resource='http://www.daml.org/2001/12/factbook/environmentalAgreements#Desertification'/>
    <NS0:environmentalAgreementPartyTo rdf:resource='http://www.daml.org/2001/12/factbook/environmentalAgreements#Endangered_Species'/>
    <NS0:environmentalAgreementPartyTo rdf:resource='http://www.daml.org/2001/12/factbook/environmentalAgreements#Environmental_Modification'/>
    <NS0:environmentalAgreementPartyTo rdf:resource='http://www.daml.org/2001/12/factbook/environmentalAgreements#Hazardous_Wastes'/>
    <NS0:environmentalAgreementPartyTo rdf:resource='http://www.daml.org/2001/12/factbook/environmentalAgreements#Nuclear_Test_Ban'/>
    <NS0:environmentalAgreementPartyTo rdf:resource='http://www.daml.org/2001/12/factbook/environmentalAgreements#Ozone_Layer_Protection'/>
    <NS0:environmentalAgreementPartyTo rdf:resource='http://www.daml.org/2001/12/factbook/environmentalAgreements#Wetlands'/>
    <NS0:environmentalAgreementSigned rdf:resource='http://www.daml.org/2001/12/factbook/environmentalAgreements#Law_of_the_Sea'/>
    <NS0:population rdf:ID='A10142'>131269860</NS0:population>
    <NS0:populationGrowthRate rdf:ID='A10145'>1.59</NS0:populationGrowthRate>
    <NS0:birthRate rdf:ID='A10148'>25.3</NS0:birthRate>
    <NS0:deathRate rdf:ID='A10151'>8.6</NS0:deathRate>
    <NS0:netMigrationRate rdf:ID='A10154'>-0.76</NS0:netMigrationRate>
    <NS0:sexRatio rdf:resource='#A10157'/>
    <NS0:sexRatio rdf:resource='#A10163'/>
    <NS0:sexRatio rdf:resource='#A10169'/>
    <NS0:sexRatio rdf:resource='#A10175'/>
    <NS0:sexRatio rdf:ID='A10183' rdf:resource='#A10180'/>
    <NS0:infantMortalityRate rdf:ID='A10186'>69.85</NS0:infantMortalityRate>
    <NS0:totalFertilityRate rdf:ID='A10189'>2.78</NS0:totalFertilityRate>
    <NS0:nationalityNoun>Bangladeshi(s)</NS0:nationalityNoun>
    <NS0:nationalityAdjective>Bangladeshi</NS0:nationalityAdjective>
    <NS0:ethnicGroup rdf:resource='#A10194'/>
    <NS0:ethnicGroup rdf:resource='#A10199'/>
    <NS0:ethnicGroup rdf:ID='A10206' rdf:resource='#A10203'/>
    <NS0:religion rdf:resource='#A10208'/>
    <NS0:religion rdf:resource='#A10213'/>
    <NS0:religion rdf:ID='A10222' rdf:resource='#A10218'/>
    <NS0:language rdf:ID='A10227' rdf:resource='#A10224'/>
    <NS0:language rdf:resource='#A10229'/>
    <NS0:literacyDefinition>age 15 and over can read and write</NS0:literacyDefinition>
    <NS0:literacyTotal>56</NS0:literacyTotal>
    <NS0:literacyMale>63</NS0:literacyMale>
    <NS0:literacyFemale rdf:ID='A10236'>49</NS0:literacyFemale>
    <NS0:conventionalLongCountryName>People&apos;s Republic of Bangladesh</NS0:conventionalLongCountryName>
    <NS0:conventionalShortCountryName>Bangladesh</NS0:conventionalShortCountryName>
    <NS0:formerCountryName>East Pakistan</NS0:formerCountryName>
    <NS0:governmentType rdf:resource='http://www.daml.org/2001/12/factbook/governmentTypes#parliamentary_democracy'/>
    <NS0:capital rdf:resource='#A10243'/>
    <NS0:administrativeDivision rdf:resource='#A10250'/>
    <NS0:administrativeDivision rdf:resource='#A10254'/>
    <NS0:administrativeDivision rdf:resource='#A10258'/>
    <NS0:administrativeDivision rdf:resource='#A10262'/>
    <NS0:administrativeDivision rdf:resource='#A10266'/>
    <NS0:independence>16 December 1971 (from West Pakistan); note - 26 March 1971 is the date of independence from West Pakistan, 16 December 1971 is known as Victory Day and commemorates the official creation of the state of Bangladesh</NS0:independence>
    <NS0:constitution>4 November 1972, effective 16 December 1972, suspended following coup of 24 March 1982, restored 10 November 1986, amended many times</NS0:constitution>
    <NS0:legalSystem>based on English common law</NS0:legalSystem>
    <NS0:suffrage>18 years of age; universal</NS0:suffrage>
    <NS0:participatesIn rdf:resource='http://www.daml.org/2001/12/factbook/internationalOrganizations#AsDB'/>
    <NS0:participatesIn rdf:resource='http://www.daml.org/2001/12/factbook/internationalOrganizations#C'/>
    <NS0:participatesIn rdf:resource='http://www.daml.org/2001/12/factbook/internationalOrganizations#CCC'/>
    <NS0:participatesIn rdf:resource='http://www.daml.org/2001/12/factbook/internationalOrganizations#CP'/>
    <NS0:participatesIn rdf:resource='http://www.daml.org/2001/12/factbook/internationalOrganizations#ESCAP'/>
    <NS0:participatesIn rdf:resource='http://www.daml.org/2001/12/factbook/internationalOrganizations#FAO'/>
    <NS0:participatesIn rdf:resource='http://www.daml.org/2001/12/factbook/internationalOrganizations#G-77'/>
    <NS0:participatesIn rdf:resource='http://www.daml.org/2001/12/factbook/internationalOrganizations#IAEA'/>
    <NS0:participatesIn rdf:resource='http://www.daml.org/2001/12/factbook/internationalOrganizations#IBRD'/>
    <NS0:participatesIn rdf:resource='http://www.daml.org/2001/12/factbook/internationalOrganizations#ICAO'/>
    <NS0:participatesIn rdf:resource='http://www.daml.org/2001/12/factbook/internationalOrganizations#ICC'/>
    <NS0:participatesIn rdf:resource='http://www.daml.org/2001/12/factbook/internationalOrganizations#ICFTU'/>
    <NS0:participatesIn rdf:resource='http://www.daml.org/2001/12/factbook/internationalOrganizations#ICRM'/>
    <NS0:participatesIn rdf:resource='http://www.daml.org/2001/12/factbook/internationalOrganizations#IDA'/>
    <NS0:participatesIn rdf:resource='http://www.daml.org/2001/12/factbook/internationalOrganizations#IDB'/>
    <NS0:participatesIn rdf:resource='http://www.daml.org/2001/12/factbook/internationalOrganizations#IFAD'/>
    <NS0:participatesIn rdf:resource='http://www.daml.org/2001/12/factbook/internationalOrganizations#IFC'/>
    <NS0:participatesIn rdf:resource='http://www.daml.org/2001/12/factbook/internationalOrganizations#IFRCS'/>
    <NS0:participatesIn rdf:resource='http://www.daml.org/2001/12/factbook/internationalOrganizations#IHO'/>
    <NS0:participatesIn rdf:resource='http://www.daml.org/2001/12/factbook/internationalOrganizations#ILO'/>
    <NS0:participatesIn rdf:resource='http://www.daml.org/2001/12/factbook/internationalOrganizations#IMF'/>
    <NS0:participatesIn rdf:resource='http://www.daml.org/2001/12/factbook/internationalOrganizations#IMO'/>
    <NS0:participatesIn rdf:resource='http://www.daml.org/2001/12/factbook/internationalOrganizations#Inmarsat'/>
    <NS0:participatesIn rdf:resource='http://www.daml.org/2001/12/factbook/internationalOrganizations#Intelsat'/>
    <NS0:participatesIn rdf:resource='http://www.daml.org/2001/12/factbook/internationalOrganizations#Interpol'/>
    <NS0:participatesIn rdf:resource='http://www.daml.org/2001/12/factbook/internationalOrganizations#IOC'/>
    <NS0:participatesIn rdf:resource='http://www.daml.org/2001/12/factbook/internationalOrganizations#IOM'/>
    <NS0:participatesIn rdf:resource='http://www.daml.org/2001/12/factbook/internationalOrganizations#ISO'/>
    <NS0:participatesIn rdf:resource='http://www.daml.org/2001/12/factbook/internationalOrganizations#ITU'/>
    <NS0:participatesIn rdf:resource='http://www.daml.org/2001/12/factbook/internationalOrganizations#MINURSO'/>
    <NS0:participatesIn rdf:resource='http://www.daml.org/2001/12/factbook/internationalOrganizations#MONUC'/>
    <NS0:participatesIn rdf:resource='http://www.daml.org/2001/12/factbook/internationalOrganizations#NAM'/>
    <NS0:participatesIn rdf:resource='http://www.daml.org/2001/12/factbook/internationalOrganizations#OIC'/>
    <NS0:participatesIn rdf:resource='http://www.daml.org/2001/12/factbook/internationalOrganizations#OPCW'/>
    <NS0:participatesIn rdf:resource='http://www.daml.org/2001/12/factbook/internationalOrganizations#SAARC'/>
    <NS0:participatesIn rdf:resource='http://www.daml.org/2001/12/factbook/internationalOrganizations#UN'/>
    <NS0:participatesIn rdf:resource='http://www.daml.org/2001/12/factbook/internationalOrganizations#UN_Security_Council'/>
    <NS0:participatesIn rdf:resource='http://www.daml.org/2001/12/factbook/internationalOrganizations#UNCTAD'/>
    <NS0:participatesIn rdf:resource='http://www.daml.org/2001/12/factbook/internationalOrganizations#UNESCO'/>
    <NS0:participatesIn rdf:resource='http://www.daml.org/2001/12/factbook/internationalOrganizations#UNHCR'/>
    <NS0:participatesIn rdf:resource='http://www.daml.org/2001/12/factbook/internationalOrganizations#UNIDO'/>
    <NS0:participatesIn rdf:resource='http://www.daml.org/2001/12/factbook/internationalOrganizations#UNIKOM'/>
    <NS0:participatesIn rdf:resource='http://www.daml.org/2001/12/factbook/internationalOrganizations#UNMEE'/>
    <NS0:participatesIn rdf:resource='http://www.daml.org/2001/12/factbook/internationalOrganizations#UNMIBH'/>
    <NS0:participatesIn rdf:resource='http://www.daml.org/2001/12/factbook/internationalOrganizations#UNMIK'/>
    <NS0:participatesIn rdf:resource='http://www.daml.org/2001/12/factbook/internationalOrganizations#UNMOP'/>
    <NS0:participatesIn rdf:resource='http://www.daml.org/2001/12/factbook/internationalOrganizations#UNMOT'/>
    <NS0:participatesIn rdf:resource='http://www.daml.org/2001/12/factbook/internationalOrganizations#UNOMIG'/>
    <NS0:participatesIn rdf:resource='http://www.daml.org/2001/12/factbook/internationalOrganizations#UNTAET'/>
    <NS0:participatesIn rdf:resource='http://www.daml.org/2001/12/factbook/internationalOrganizations#UNU'/>
    <NS0:participatesIn rdf:resource='http://www.daml.org/2001/12/factbook/internationalOrganizations#UPU'/>
    <NS0:participatesIn rdf:resource='http://www.daml.org/2001/12/factbook/internationalOrganizations#WCL'/>
    <NS0:participatesIn rdf:resource='http://www.daml.org/2001/12/factbook/internationalOrganizations#WFTU'/>
    <NS0:participatesIn rdf:resource='http://www.daml.org/2001/12/factbook/internationalOrganizations#WHO'/>
    <NS0:participatesIn rdf:resource='http://www.daml.org/2001/12/factbook/internationalOrganizations#WIPO'/>
    <NS0:participatesIn rdf:resource='http://www.daml.org/2001/12/factbook/internationalOrganizations#WMO'/>
    <NS0:participatesIn rdf:resource='http://www.daml.org/2001/12/factbook/internationalOrganizations#WToO'/>
    <NS0:participatesIn rdf:resource='http://www.daml.org/2001/12/factbook/internationalOrganizations#WTrO'/>
    <NS0:flagDescription>green with a large red disk slightly to the hoist side of center; the red sun of freedom represents the blood shed to achieve independence; the green field symbolizes the lush countryside, and secondarily, the traditional color of Islam</NS0:flagDescription>
    <NS0:economyOverview>Despite sustained domestic and international efforts to improve economic and demographic prospects, Bangladesh remains one of the world&apos;s poorest, most densely populated, and least developed nations. Although more than half of GDP is generated through the service sector, nearly two-thirds of Bangladeshis are employed in the agriculture sector, with rice as the single most important product. Major impediments to growth include frequent cyclones and floods, inefficient state-owned enterprises, inadequate port facilities, a rapidly growing labor force that cannot be absorbed by agriculture, delays in exploiting energy resources (natural gas), insufficient power supplies, and slow implementation of economic reforms. Reform is stalled in many instances by political infighting and corruption at all levels of government. Even so, Prime Minister Sheikh HASINA&apos;s Awami League government has made some headway improving the climate for foreign investors and liberalizing the capital markets. Progress on other economic reforms has been halting because of opposition from the bureaucracy, public sector unions, and other vested interest groups.</NS0:economyOverview>
    <NS0:grossDomesticProduct rdf:ID='A10334'>203000000000</NS0:grossDomesticProduct>
    <NS0:grossDomesticProductRealGrowth rdf:ID='A10337'>5.3</NS0:grossDomesticProductRealGrowth>
    <NS0:grossDomesticProductPerCapita rdf:ID='A10340'>1570</NS0:grossDomesticProductPerCapita>
    <NS0:grossDomesticProductAgriculture>30</NS0:grossDomesticProductAgriculture>
    <NS0:grossDomesticProductIndustry>18</NS0:grossDomesticProductIndustry>
    <NS0:grossDomesticProductServices rdf:ID='A10345'>52</NS0:grossDomesticProductServices>
    <NS0:populationBelowPovertyLine rdf:ID='A10348'>35.6</NS0:populationBelowPovertyLine>
    <NS0:householdIncomeLowest10Percent>3.9</NS0:householdIncomeLowest10Percent>
    <NS0:householdIncomeHighest10Percent rdf:ID='A10352'>28.6</NS0:householdIncomeHighest10Percent>
    <NS0:inflationRate rdf:ID='A10355'>5.8</NS0:inflationRate>
    <NS0:laborForce rdf:ID='A10358'>64099999</NS0:laborForce>
    <NS0:occupation rdf:resource='#A10360'/>
    <NS0:occupation rdf:resource='#A10365'/>
    <NS0:occupation rdf:ID='A10374' rdf:resource='#A10370'/>
    <NS0:unemploymentRate rdf:ID='A10376'>35.2</NS0:unemploymentRate>
    <NS0:budgetRevenues>4900000000</NS0:budgetRevenues>
    <NS0:budgetExpenditures>6800000000</NS0:budgetExpenditures>
    <NS0:industry rdf:resource='http://www.daml.org/2001/12/factbook/industries#cotton_textiles'/>
    <NS0:industry rdf:resource='http://www.daml.org/2001/12/factbook/industries#jute'/>
    <NS0:industry rdf:resource='http://www.daml.org/2001/12/factbook/industries#garments'/>
    <NS0:industry rdf:resource='http://www.daml.org/2001/12/factbook/industries#tea_processing'/>
    <NS0:industry rdf:resource='http://www.daml.org/2001/12/factbook/industries#paper_newsprint'/>
    <NS0:industry rdf:resource='http://www.daml.org/2001/12/factbook/industries#cement'/>
    <NS0:industry rdf:resource='http://www.daml.org/2001/12/factbook/industries#chemical_fertilizer'/>
    <NS0:industry rdf:resource='http://www.daml.org/2001/12/factbook/industries#light_engineering'/>
    <NS0:industry rdf:resource='http://www.daml.org/2001/12/factbook/industries#sugar'/>
    <NS0:industrialProductionGrowthRate rdf:ID='A10389'>6.1</NS0:industrialProductionGrowthRate>
    <NS0:electricityProduction rdf:ID='A10392'>12060000000</NS0:electricityProduction>
    <NS0:electricityProductionFossilFuel>93.7</NS0:electricityProductionFossilFuel>
    <NS0:electricityProductionHydro>6.3</NS0:electricityProductionHydro>
    <NS0:electricityProductionNuclear>0</NS0:electricityProductionNuclear>
    <NS0:electricityProductionOther rdf:ID='A10397'>0</NS0:electricityProductionOther>
    <NS0:electricityConsumption rdf:ID='A10399'>11216000000</NS0:electricityConsumption>
    <NS0:electricityExports rdf:ID='A10401'>0</NS0:electricityExports>
    <NS0:electricityImports rdf:ID='A10403'>0</NS0:electricityImports>
    <NS0:agricultureProduct rdf:resource='http://www.daml.org/2001/12/factbook/agricultureProducts#rice'/>
    <NS0:agricultureProduct rdf:resource='http://www.daml.org/2001/12/factbook/agricultureProducts#jute'/>
    <NS0:agricultureProduct rdf:resource='http://www.daml.org/2001/12/factbook/agricultureProducts#tea'/>
    <NS0:agricultureProduct rdf:resource='http://www.daml.org/2001/12/factbook/agricultureProducts#wheat'/>
    <NS0:agricultureProduct rdf:resource='http://www.daml.org/2001/12/factbook/agricultureProducts#sugarcane'/>
    <NS0:agricultureProduct rdf:resource='http://www.daml.org/2001/12/factbook/agricultureProducts#potatoes'/>
    <NS0:agricultureProduct rdf:resource='http://www.daml.org/2001/12/factbook/agricultureProducts#tobacco'/>
    <NS0:agricultureProduct rdf:resource='http://www.daml.org/2001/12/factbook/agricultureProducts#pulses'/>
    <NS0:agricultureProduct rdf:resource='http://www.daml.org/2001/12/factbook/agricultureProducts#oilseeds'/>
    <NS0:agricultureProduct rdf:resource='http://www.daml.org/2001/12/factbook/agricultureProducts#spices'/>
    <NS0:agricultureProduct rdf:resource='http://www.daml.org/2001/12/factbook/agricultureProducts#fruit'/>
    <NS0:agricultureProduct rdf:resource='http://www.daml.org/2001/12/factbook/agricultureProducts#beef'/>
    <NS0:agricultureProduct rdf:resource='http://www.daml.org/2001/12/factbook/agricultureProducts#milk'/>
    <NS0:agricultureProduct rdf:resource='http://www.daml.org/2001/12/factbook/agricultureProducts#poultry'/>
    <NS0:exports rdf:ID='A10419'>5900000000</NS0:exports>
    <NS0:exportsCommodity rdf:resource='#A10421'/>
    <NS0:exportsCommodity rdf:resource='#A10425'/>
    <NS0:exportsCommodity rdf:resource='#A10429'/>
    <NS0:exportsCommodity rdf:resource='#A10433'/>
    <NS0:imports rdf:ID='A10437'>8100000000</NS0:imports>
    <NS0:importsCommodity rdf:resource='#A10439'/>
    <NS0:importsCommodity rdf:resource='#A10443'/>
    <NS0:importsCommodity rdf:resource='#A10447'/>
    <NS0:importsCommodity rdf:resource='#A10451'/>
    <NS0:importsCommodity rdf:resource='#A10455'/>
    <NS0:importsCommodity rdf:resource='#A10459'/>
    <NS0:importsCommodity rdf:resource='#A10463'/>
    <NS0:importsCommodity rdf:resource='#A10467'/>
    <NS0:externalDebt rdf:ID='A10471'>17000000000</NS0:externalDebt>
    <NS0:economicAidRecipient rdf:ID='A10473'>1575000000</NS0:economicAidRecipient>
    <NS0:currency>taka (BDT)</NS0:currency>
    <NS0:currencyCode>BDT</NS0:currencyCode>
    <NS0:fiscalYear>1 July - 30 June</NS0:fiscalYear>
    <NS0:mainTelephoneLines rdf:ID='A10479'>500000</NS0:mainTelephoneLines>
    <NS0:mobileTelephoneLines rdf:ID='A10481'>283000</NS0:mobileTelephoneLines>
    <NS0:telephoneSystemGeneralAssessment>totally inadequate for a modern country</NS0:telephoneSystemGeneralAssessment>
    <NS0:telephoneSystemDomestic>modernizing; introducing digital systems; trunk systems include VHF and UHF microwave radio relay links, and some fiber-optic cable in cities</NS0:telephoneSystemDomestic>
    <NS0:telephoneSystemInternational>satellite earth stations - 2 Intelsat (Indian Ocean); international radiotelephone communications and landline service to neighboring countries (2000)</NS0:telephoneSystemInternational>
    <NS0:radios rdf:ID='A10486'>6150000</NS0:radios>
    <NS0:televisionBroadcastStations rdf:ID='A10488'>15</NS0:televisionBroadcastStations>
    <NS0:televisions rdf:ID='A10490'>770000</NS0:televisions>
    <NS0:internetCountryCode>.bd</NS0:internetCountryCode>
    <NS0:internetServiceProviders rdf:ID='A10493'>10</NS0:internetServiceProviders>
    <NS0:internetUsers rdf:ID='A10495'>30000</NS0:internetUsers>
    <NS0:railwaysTotal>2745</NS0:railwaysTotal>
    <NS0:highwaysTotal>201182</NS0:highwaysTotal>
    <NS0:highwaysPaved>19112</NS0:highwaysPaved>
    <NS0:highwaysUnpaved rdf:ID='A10500'>182070</NS0:highwaysUnpaved>
    <NS0:port rdf:resource='#A10502'/>
    <NS0:port rdf:resource='#A10506'/>
    <NS0:port rdf:resource='#A10510'/>
    <NS0:port rdf:resource='#A10514'/>
    <NS0:airports rdf:ID='A10518'>18</NS0:airports>
    <NS0:airportBreakdown rdf:resource='#A10521'/>
    <NS0:airportBreakdown rdf:resource='#A10527'/>
    <NS0:airportBreakdown rdf:resource='#A10534'/>
    <NS0:airportBreakdown rdf:resource='#A10541'/>
    <NS0:airportBreakdown rdf:resource='#A10548'/>
    <NS0:airportBreakdown rdf:resource='#A10554'/>
    <NS0:airportBreakdown rdf:resource='#A10561'/>
    <NS0:malesOfMilitaryAge rdf:ID='A10567'>36005553</NS0:malesOfMilitaryAge>
    <NS0:malesFitForMilitaryService rdf:ID='A10570'>21362279</NS0:malesFitForMilitaryService>
    <NS0:militaryExpenditures rdf:ID='A10573'>559000000</NS0:militaryExpenditures>
    <NS0:militaryExpendituresPercentGDP rdf:ID='A10575'>1.8</NS0:militaryExpendituresPercentGDP>
    <NS0:internationalDispute>a portion of the boundary with India is indefinite</NS0:internationalDispute>
    <NS0:internationalDispute>exchange of 151 enclaves along border with India subject to ratification by Indian parliament</NS0:internationalDispute>
    <NS0:internationalDispute>dispute with India over South Talpatty/New Moore Island</NS0:internationalDispute>
    <NS0:illicitDrugs>transit country for illegal drugs produced in neighboring countries</NS0:illicitDrugs>
    <NS0:smallFlag>http://www.cia.gov/cia/publications/factbook/flags/bg-flag.jpg</NS0:smallFlag>
    <NS0:largeFlag>http://www.cia.gov/cia/publications/factbook/flags/bg-lgflag.jpg</NS0:largeFlag>
    <NS0:map>http://www.cia.gov/cia/publications/factbook/maps/bg-map.jpg</NS0:map>
    <NS0:border rdf:resource='#A120182'/>
    <NS0:border rdf:resource='#A120187'/>
    <NS0:exportPartner rdf:resource='#A120192'/>
    <NS0:exportPartner rdf:resource='#A120197'/>
    <NS0:exportPartner rdf:resource='#A120202'/>
    <NS0:exportPartner rdf:resource='#A120207'/>
    <NS0:exportPartner rdf:ID='A120216' rdf:resource='#A120212'/>
    <NS0:importPartner rdf:resource='#A120218'/>
    <NS0:importPartner rdf:resource='#A120223'/>
    <NS0:importPartner rdf:resource='#A120228'/>
    <NS0:importPartner rdf:resource='#A120233'/>
    <NS0:importPartner rdf:ID='A120242' rdf:resource='#A120238'/>
  </rdf:Description>
  <rdf:Description rdf:about='#A10224'>
    <rdf:type rdf:resource='http://www.daml.org/2001/12/factbook/factbook-ont#LanguagePercent'/>
    <NS0:language rdf:resource='http://www.daml.org/2001/12/factbook/languages#Bangla'/>
  </rdf:Description>
  <rdf:Description rdf:about='#A120238'>
    <rdf:type rdf:resource='http://www.daml.org/2001/12/factbook/factbook-ont#CountryPercent'/>
    <NS0:country rdf:resource='http://www.daml.org/2001/09/countries/fips#US'/>
    <NS0:percent>5.3</NS0:percent>
  </rdf:Description>
  <rdf:Description rdf:about='#A10334'>
    <rdf:type rdf:resource='http://www.daml.org/2001/12/factbook/factbook-ont#Estimate'/>
    <NS0:year>2000</NS0:year>
  </rdf:Description>
  <rdf:Description rdf:about='#A10218'>
    <rdf:type rdf:resource='http://www.daml.org/2001/12/factbook/factbook-ont#ReligionPercent'/>
    <NS0:religion rdf:resource='http://www.daml.org/2001/12/factbook/religions#other'/>
    <NS0:percent>1</NS0:percent>
  </rdf:Description>
  <rdf:Description rdf:about='#A10337'>
    <rdf:type rdf:resource='http://www.daml.org/2001/12/factbook/factbook-ont#Estimate'/>
    <NS0:year>2000</NS0:year>
  </rdf:Description>
  <rdf:Description rdf:about='#A120233'>
    <rdf:type rdf:resource='http://www.daml.org/2001/12/factbook/factbook-ont#CountryPercent'/>
    <NS0:country rdf:resource='http://www.daml.org/2001/09/countries/fips#CH'/>
    <NS0:percent>6.4</NS0:percent>
  </rdf:Description>
  <rdf:Description rdf:about='#A10213'>
    <rdf:type rdf:resource='http://www.daml.org/2001/12/factbook/factbook-ont#ReligionPercent'/>
    <NS0:religion rdf:resource='http://www.daml.org/2001/12/factbook/religions#Hindu'/>
    <NS0:percent>16</NS0:percent>
  </rdf:Description>
  <rdf:Description rdf:about='#A10399'>
    <NS0:year>1999</NS0:year>
  </rdf:Description>
  <rdf:Description rdf:about='#A120228'>
    <rdf:type rdf:resource='http://www.daml.org/2001/12/factbook/factbook-ont#CountryPercent'/>
    <NS0:country rdf:resource='http://www.daml.org/2001/09/countries/fips#JA'/>
    <NS0:percent>6.7</NS0:percent>
  </rdf:Description>
  <rdf:Description rdf:about='#A10358'>
    <NS0:year>1998</NS0:year>
  </rdf:Description>
  <rdf:Description rdf:about='#A10208'>
    <rdf:type rdf:resource='http://www.daml.org/2001/12/factbook/factbook-ont#ReligionPercent'/>
    <NS0:religion rdf:resource='http://www.daml.org/2001/12/factbook/religions#Muslim'/>
    <NS0:percent>83</NS0:percent>
  </rdf:Description>
  <rdf:Description rdf:about='#A120223'>
    <rdf:type rdf:resource='http://www.daml.org/2001/12/factbook/factbook-ont#CountryPercent'/>
    <NS0:country rdf:resource='http://www.daml.org/2001/09/countries/fips#SN'/>
    <NS0:percent>7.8</NS0:percent>
  </rdf:Description>
  <rdf:Description rdf:about='#A10116'>
    <rdf:type rdf:resource='http://www.daml.org/2001/12/factbook/factbook-ont#Estimate'/>
    <NS0:year>1993</NS0:year>
  </rdf:Description>
  <rdf:Description rdf:about='#A10203'>
    <rdf:type rdf:resource='http://www.daml.org/2001/12/factbook/factbook-ont#EthnicGroupPercent'/>
    <NS0:ethnicGroup rdf:resource='http://www.daml.org/2001/12/factbook/ethnicGroups#non-Bengali_Muslims'/>
  </rdf:Description>
  <rdf:Description rdf:about='#A120218'>
    <rdf:type rdf:resource='http://www.daml.org/2001/12/factbook/factbook-ont#CountryPercent'/>
    <NS0:country rdf:resource='http://www.daml.org/2001/09/countries/fips#IN'/>
    <NS0:percent>12.2</NS0:percent>
  </rdf:Description>
  <rdf:Description rdf:about='#A10575'>
    <NS0:note>FY96/97</NS0:note>
  </rdf:Description>
  <rdf:Description rdf:about='#A10355'>
    <rdf:type rdf:resource='http://www.daml.org/2001/12/factbook/factbook-ont#Estimate'/>
    <NS0:year>2000</NS0:year>
  </rdf:Description>
  <rdf:Description rdf:about='#A10199'>
    <rdf:type rdf:resource='http://www.daml.org/2001/12/factbook/factbook-ont#EthnicGroupPercent'/>
    <NS0:ethnicGroup rdf:resource='http://www.daml.org/2001/12/factbook/ethnicGroups#tribal_groups'/>
  </rdf:Description>
  <rdf:Description rdf:about='#A120212'>
    <rdf:type rdf:resource='http://www.daml.org/2001/12/factbook/factbook-ont#CountryPercent'/>
    <NS0:country rdf:resource='http://www.daml.org/2001/09/countries/fips#IT'/>
    <NS0:percent>4.42</NS0:percent>
  </rdf:Description>
  <rdf:Description rdf:about='#A10194'>
    <rdf:type rdf:resource='http://www.daml.org/2001/12/factbook/factbook-ont#EthnicGroupPercent'/>
    <NS0:ethnicGroup rdf:resource='http://www.daml.org/2001/12/factbook/ethnicGroups#Bengali'/>
    <NS0:percent>98</NS0:percent>
  </rdf:Description>
  <rdf:Description rdf:about='#A10236'>
    <rdf:type rdf:resource='http://www.daml.org/2001/12/factbook/factbook-ont#Estimate'/>
    <NS0:year>2000</NS0:year>
  </rdf:Description>
  <rdf:Description rdf:about='#A120207'>
    <rdf:type rdf:resource='http://www.daml.org/2001/12/factbook/factbook-ont#CountryPercent'/>
    <NS0:country rdf:resource='http://www.daml.org/2001/09/countries/fips#FR'/>
    <NS0:percent>5.82</NS0:percent>
  </rdf:Description>
  <rdf:Description rdf:about='#A120202'>
    <rdf:type rdf:resource='http://www.daml.org/2001/12/factbook/factbook-ont#CountryPercent'/>
    <NS0:country rdf:resource='http://www.daml.org/2001/09/countries/fips#UK'/>
    <NS0:percent>8.06</NS0:percent>
  </rdf:Description>
  <rdf:Description rdf:about='#A10119'>
    <rdf:type rdf:resource='http://www.daml.org/2001/12/factbook/factbook-ont#Estimate'/>
    <NS0:year>1993</NS0:year>
  </rdf:Description>
  <rdf:Description rdf:about='#A120197'>
    <rdf:type rdf:resource='http://www.daml.org/2001/12/factbook/factbook-ont#CountryPercent'/>
    <NS0:country rdf:resource='http://www.daml.org/2001/09/countries/fips#GM'/>
    <NS0:percent>9.95</NS0:percent>
  </rdf:Description>
  <rdf:Description rdf:about='#A10180'>
    <rdf:type rdf:resource='http://www.daml.org/2001/12/factbook/factbook-ont#SexRatioBreakdown'/>
    <NS0:ratio>1.05</NS0:ratio>
  </rdf:Description>
  <rdf:Description rdf:about='#A10370'>
    <rdf:type rdf:resource='http://www.daml.org/2001/12/factbook/factbook-ont#OccupationPercent'/>
    <NS0:occupation rdf:resource='http://www.daml.org/2001/12/factbook/occupations#industry'/>
    <NS0:percent>11</NS0:percent>
  </rdf:Description>
  <rdf:Description rdf:about='#A10561'>
    <rdf:type rdf:resource='http://www.daml.org/2001/12/factbook/factbook-ont#AirportBreakdown'/>
    <NS0:paved>false</NS0:paved>
    <NS0:maxRunway>913</NS0:maxRunway>
    <NS0:count>2 (2000 est.)</NS0:count>
  </rdf:Description>
  <rdf:Description rdf:about='#A10490'>
    <NS0:year>1997</NS0:year>
  </rdf:Description>
  <rdf:Description rdf:about='#A120192'>
    <rdf:type rdf:resource='http://www.daml.org/2001/12/factbook/factbook-ont#CountryPercent'/>
    <NS0:country rdf:resource='http://www.daml.org/2001/09/countries/fips#US'/>
    <NS0:percent>31.2</NS0:percent>
  </rdf:Description>
  <rdf:Description rdf:about='#A10175'>
    <rdf:type rdf:resource='http://www.daml.org/2001/12/factbook/factbook-ont#SexRatioBreakdown'/>
    <NS0:minAge>65</NS0:minAge>
    <NS0:ratio>1.19</NS0:ratio>
  </rdf:Description>
  <rdf:Description rdf:about='#A10365'>
    <rdf:type rdf:resource='http://www.daml.org/2001/12/factbook/factbook-ont#OccupationPercent'/>
    <NS0:occupation rdf:resource='http://www.daml.org/2001/12/factbook/occupations#services'/>
    <NS0:percent>26</NS0:percent>
  </rdf:Description>
  <rdf:Description rdf:about='#A10554'>
    <rdf:type rdf:resource='http://www.daml.org/2001/12/factbook/factbook-ont#AirportBreakdown'/>
    <NS0:paved>false</NS0:paved>
    <NS0:minRunway>1524</NS0:minRunway>
    <NS0:maxRunway>2437</NS0:maxRunway>
    <NS0:count>1</NS0:count>
  </rdf:Description>
  <rdf:Description rdf:about='#A120187'>
    <rdf:type rdf:resource='http://www.daml.org/2001/12/factbook/factbook-ont#Border'/>
    <NS0:country rdf:resource='http://www.daml.org/2001/09/countries/fips#IN'/>
    <NS0:distance>4053</NS0:distance>
  </rdf:Description>
  <rdf:Description rdf:about='#A10495'>
    <NS0:year>2000</NS0:year>
  </rdf:Description>
  <rdf:Description rdf:about='#A10169'>
    <rdf:type rdf:resource='http://www.daml.org/2001/12/factbook/factbook-ont#SexRatioBreakdown'/>
    <NS0:minAge>15</NS0:minAge>
    <NS0:maxAge>64</NS0:maxAge>
    <NS0:ratio>1.05</NS0:ratio>
  </rdf:Description>
  <rdf:Description rdf:about='#A10360'>
    <rdf:type rdf:resource='http://www.daml.org/2001/12/factbook/factbook-ont#OccupationPercent'/>
    <NS0:occupation rdf:resource='http://www.daml.org/2001/12/factbook/occupations#agriculture'/>
    <NS0:percent>63</NS0:percent>
  </rdf:Description>
  <rdf:Description rdf:about='#A10573'>
    <NS0:note>FY96/97</NS0:note>
  </rdf:Description>
  <rdf:Description rdf:about='#A10401'>
    <NS0:year>1999</NS0:year>
  </rdf:Description>
  <rdf:Description rdf:about='#A10548'>
    <rdf:type rdf:resource='http://www.daml.org/2001/12/factbook/factbook-ont#AirportBreakdown'/>
    <NS0:paved>true</NS0:paved>
    <NS0:maxRunway>913</NS0:maxRunway>
    <NS0:count>5 (2000 est.)</NS0:count>
  </rdf:Description>
  <rdf:Description rdf:about='#A120182'>
    <rdf:type rdf:resource='http://www.daml.org/2001/12/factbook/factbook-ont#Border'/>
    <NS0:country rdf:resource='http://www.daml.org/2001/09/countries/fips#BM'/>
    <NS0:distance>193</NS0:distance>
  </rdf:Description>
  <rdf:Description rdf:about='#A10403'>
    <NS0:year>1999</NS0:year>
  </rdf:Description>
  <rdf:Description rdf:about='#A10186'>
    <rdf:type rdf:resource='http://www.daml.org/2001/12/factbook/factbook-ont#Estimate'/>
    <NS0:year>2001</NS0:year>
  </rdf:Description>
  <rdf:Description rdf:about='#A10419'>
    <NS0:year>2000</NS0:year>
  </rdf:Description>
  <rdf:Description rdf:about='#A10163'>
    <rdf:type rdf:resource='http://www.daml.org/2001/12/factbook/factbook-ont#SexRatioBreakdown'/>
    <NS0:minAge>0</NS0:minAge>
    <NS0:maxAge>14</NS0:maxAge>
    <NS0:ratio>1.05</NS0:ratio>
  </rdf:Description>
  <rdf:Description rdf:about='#A10541'>
    <rdf:type rdf:resource='http://www.daml.org/2001/12/factbook/factbook-ont#AirportBreakdown'/>
    <NS0:paved>true</NS0:paved>
    <NS0:minRunway>914</NS0:minRunway>
    <NS0:maxRunway>1523</NS0:maxRunway>
    <NS0:count>1</NS0:count>
  </rdf:Description>
  <rdf:Description rdf:about='#A10157'>
    <rdf:type rdf:resource='http://www.daml.org/2001/12/factbook/factbook-ont#SexRatioBreakdown'/>
    <NS0:minAge>0</NS0:minAge>
    <NS0:maxAge>0</NS0:maxAge>
    <NS0:ratio>1.06</NS0:ratio>
  </rdf:Description>
  <rdf:Description rdf:about='#A10352'>
    <rdf:type rdf:resource='http://www.daml.org/2001/12/factbook/factbook-ont#Estimate'/>
    <NS0:note>1995-96</NS0:note>
  </rdf:Description>
  <rdf:Description rdf:about='#A10534'>
    <rdf:type rdf:resource='http://www.daml.org/2001/12/factbook/factbook-ont#AirportBreakdown'/>
    <NS0:paved>true</NS0:paved>
    <NS0:minRunway>1524</NS0:minRunway>
    <NS0:maxRunway>2437</NS0:maxRunway>
    <NS0:count>4</NS0:count>
  </rdf:Description>
  <rdf:Description rdf:about='#A10473'>
    <rdf:type rdf:resource='http://www.daml.org/2001/12/factbook/factbook-ont#Estimate'/>
    <NS0:year>2000</NS0:year>
  </rdf:Description>
  <rdf:Description rdf:about='#A10397'>
    <NS0:year>1999</NS0:year>
  </rdf:Description>
  <rdf:Description rdf:about='#A10527'>
    <rdf:type rdf:resource='http://www.daml.org/2001/12/factbook/factbook-ont#AirportBreakdown'/>
    <NS0:paved>true</NS0:paved>
    <NS0:minRunway>2438</NS0:minRunway>
    <NS0:maxRunway>3047</NS0:maxRunway>
    <NS0:count>3</NS0:count>
  </rdf:Description>
  <rdf:Description rdf:about='#A10521'>
    <rdf:type rdf:resource='http://www.daml.org/2001/12/factbook/factbook-ont#AirportBreakdown'/>
    <NS0:paved>true</NS0:paved>
    <NS0:minRunway>3048</NS0:minRunway>
    <NS0:count>2</NS0:count>
  </rdf:Description>
  <rdf:Description rdf:about='#A10518'>
    <rdf:type rdf:resource='http://www.daml.org/2001/12/factbook/factbook-ont#Estimate'/>
    <NS0:year>2000</NS0:year>
  </rdf:Description>
  <rdf:Description rdf:about='#A10142'>
    <rdf:type rdf:resource='http://www.daml.org/2001/12/factbook/factbook-ont#Estimate'/>
    <NS0:note>July 2001</NS0:note>
  </rdf:Description>
  <rdf:Description rdf:about='#A10486'>
    <NS0:year>1997</NS0:year>
  </rdf:Description>
  <rdf:Description rdf:about='#A10514'>
    <rdf:type rdf:resource='http://www.daml.org/2001/12/factbook/factbook-ont#Port'/>
    <NS0:name>Narayanganj</NS0:name>
  </rdf:Description>
  <rdf:Description rdf:about='#A10389'>
    <rdf:type rdf:resource='http://www.daml.org/2001/12/factbook/factbook-ont#Estimate'/>
    <NS0:year>2000</NS0:year>
  </rdf:Description>
  <rdf:Description rdf:about='#A10222'>
    <NS0:year>1998</NS0:year>
  </rdf:Description>
  <rdf:Description rdf:about='#A10510'>
    <rdf:type rdf:resource='http://www.daml.org/2001/12/factbook/factbook-ont#Port'/>
    <NS0:name>Mongla Port</NS0:name>
  </rdf:Description>
  <rdf:Description rdf:about='#A10506'>
    <rdf:type rdf:resource='http://www.daml.org/2001/12/factbook/factbook-ont#Port'/>
    <NS0:name>Dhaka</NS0:name>
  </rdf:Description>
</rdf:RDF>
