<?xml version='1.0' encoding='ISO-8859-1'?>
<rdf:RDF
  xmlns:rdf='http://www.w3.org/1999/02/22-rdf-syntax-ns#'
  xmlns:NS0='http://www.daml.org/2001/12/factbook/factbook-ont#'
  xmlns:rdfs='http://www.w3.org/2000/01/rdf-schema#'
  xml:base="http://www.daml.org/2001/12/factbook/bh">
  <rdf:Description rdf:about='#A10943'>
    <rdf:type rdf:resource='http://www.daml.org/2001/12/factbook/factbook-ont#Estimate'/>
    <NS0:note>c.i.f., 2000</NS0:note>
  </rdf:Description>
  <rdf:Description rdf:about='#A10691'>
    <rdf:type rdf:resource='http://www.daml.org/2001/12/factbook/factbook-ont#EthnicGroupPercent'/>
    <NS0:ethnicGroup rdf:resource='http://www.daml.org/2001/12/factbook/ethnicGroups#mestizo'/>
    <NS0:percent>43.7</NS0:percent>
  </rdf:Description>
  <rdf:Description rdf:about='#A10862'>
    <rdf:type rdf:resource='http://www.daml.org/2001/12/factbook/factbook-ont#Estimate'/>
    <NS0:year>2000</NS0:year>
  </rdf:Description>
  <rdf:Description rdf:about='#A10989'>
    <NS0:year>2000</NS0:year>
  </rdf:Description>
  <rdf:Description rdf:about='#A10651'>
    <rdf:type rdf:resource='http://www.daml.org/2001/12/factbook/factbook-ont#Estimate'/>
    <NS0:year>2001</NS0:year>
  </rdf:Description>
  <rdf:Description rdf:about='#A10876'>
    <rdf:type rdf:resource='http://www.daml.org/2001/12/factbook/factbook-ont#OccupationPercent'/>
    <NS0:occupation rdf:resource='http://www.daml.org/2001/12/factbook/occupations#services'/>
    <NS0:percent>30</NS0:percent>
  </rdf:Description>
  <rdf:Description rdf:about='#A11066'>
    <rdf:type rdf:resource='http://www.daml.org/2001/12/factbook/factbook-ont#Estimate'/>
    <NS0:year>2001</NS0:year>
  </rdf:Description>
  <rdf:Description rdf:about='#A10763'>
    <rdf:type rdf:resource='http://www.daml.org/2001/12/factbook/factbook-ont#Estimate'/>
    <NS0:year>1991</NS0:year>
  </rdf:Description>
  <rdf:Description rdf:about='#A10871'>
    <rdf:type rdf:resource='http://www.daml.org/2001/12/factbook/factbook-ont#OccupationPercent'/>
    <NS0:occupation rdf:resource='http://www.daml.org/2001/12/factbook/occupations#industry'/>
    <NS0:percent>32</NS0:percent>
  </rdf:Description>
  <rdf:Description rdf:about='#A10677'>
    <rdf:type rdf:resource='http://www.daml.org/2001/12/factbook/factbook-ont#SexRatioBreakdown'/>
    <NS0:ratio>1.03</NS0:ratio>
  </rdf:Description>
  <rdf:Description rdf:about='#A11060'>
    <rdf:type rdf:resource='http://www.daml.org/2001/12/factbook/factbook-ont#Estimate'/>
    <NS0:year>2001</NS0:year>
  </rdf:Description>
  <rdf:Description rdf:about='#A10866'>
    <rdf:type rdf:resource='http://www.daml.org/2001/12/factbook/factbook-ont#OccupationPercent'/>
    <NS0:occupation rdf:resource='http://www.daml.org/2001/12/factbook/occupations#agriculture'/>
    <NS0:percent>38</NS0:percent>
  </rdf:Description>
  <rdf:Description rdf:about='#A10890'>
    <NS0:year>1999</NS0:year>
  </rdf:Description>
  <rdf:Description rdf:about='#A10672'>
    <rdf:type rdf:resource='http://www.daml.org/2001/12/factbook/factbook-ont#SexRatioBreakdown'/>
    <NS0:minAge>65</NS0:minAge>
    <NS0:ratio>0.95</NS0:ratio>
  </rdf:Description>
  <rdf:Description rdf:about='#A11053'>
    <rdf:type rdf:resource='http://www.daml.org/2001/12/factbook/factbook-ont#AirportBreakdown'/>
    <NS0:paved>false</NS0:paved>
    <NS0:maxRunway>913</NS0:maxRunway>
    <NS0:count>29 (2000 est.)</NS0:count>
  </rdf:Description>
  <rdf:Description rdf:about='#A10666'>
    <rdf:type rdf:resource='http://www.daml.org/2001/12/factbook/factbook-ont#SexRatioBreakdown'/>
    <NS0:minAge>15</NS0:minAge>
    <NS0:maxAge>64</NS0:maxAge>
    <NS0:ratio>1.02</NS0:ratio>
  </rdf:Description>
  <rdf:Description rdf:about='#A11046'>
    <rdf:type rdf:resource='http://www.daml.org/2001/12/factbook/factbook-ont#AirportBreakdown'/>
    <NS0:paved>false</NS0:paved>
    <NS0:minRunway>914</NS0:minRunway>
    <NS0:maxRunway>1523</NS0:maxRunway>
    <NS0:count>10</NS0:count>
  </rdf:Description>
  <rdf:Description rdf:about='#A10848'>
    <rdf:type rdf:resource='http://www.daml.org/2001/12/factbook/factbook-ont#Estimate'/>
    <NS0:year>2000</NS0:year>
  </rdf:Description>
  <rdf:Description rdf:about='#A10660'>
    <rdf:type rdf:resource='http://www.daml.org/2001/12/factbook/factbook-ont#SexRatioBreakdown'/>
    <NS0:minAge>0</NS0:minAge>
    <NS0:maxAge>14</NS0:maxAge>
    <NS0:ratio>1.04</NS0:ratio>
  </rdf:Description>
  <rdf:Description rdf:about='#A10882'>
    <NS0:year>1999</NS0:year>
  </rdf:Description>
  <rdf:Description rdf:about='#A11039'>
    <rdf:type rdf:resource='http://www.daml.org/2001/12/factbook/factbook-ont#AirportBreakdown'/>
    <NS0:paved>false</NS0:paved>
    <NS0:minRunway>2438</NS0:minRunway>
    <NS0:maxRunway>3047</NS0:maxRunway>
    <NS0:count>1</NS0:count>
  </rdf:Description>
  <rdf:Description rdf:about='#A11069'>
    <NS0:note>FY98/99</NS0:note>
  </rdf:Description>
  <rdf:Description rdf:about='#A10654'>
    <rdf:type rdf:resource='http://www.daml.org/2001/12/factbook/factbook-ont#SexRatioBreakdown'/>
    <NS0:minAge>0</NS0:minAge>
    <NS0:maxAge>0</NS0:maxAge>
    <NS0:ratio>1.05</NS0:ratio>
  </rdf:Description>
  <rdf:Description rdf:about='#A120414'>
    <NS0:note>1999</NS0:note>
  </rdf:Description>
  <rdf:Description rdf:about='#A11033'>
    <rdf:type rdf:resource='http://www.daml.org/2001/12/factbook/factbook-ont#AirportBreakdown'/>
    <NS0:paved>true</NS0:paved>
    <NS0:maxRunway>913</NS0:maxRunway>
    <NS0:count>2 (2000 est.)</NS0:count>
  </rdf:Description>
  <rdf:Description rdf:about='#A11026'>
    <rdf:type rdf:resource='http://www.daml.org/2001/12/factbook/factbook-ont#AirportBreakdown'/>
    <NS0:paved>true</NS0:paved>
    <NS0:minRunway>914</NS0:minRunway>
    <NS0:maxRunway>1523</NS0:maxRunway>
    <NS0:count>1</NS0:count>
  </rdf:Description>
  <rdf:Description rdf:about='#A11063'>
    <rdf:type rdf:resource='http://www.daml.org/2001/12/factbook/factbook-ont#Estimate'/>
    <NS0:year>2001</NS0:year>
  </rdf:Description>
  <rdf:Description rdf:about='#A11019'>
    <rdf:type rdf:resource='http://www.daml.org/2001/12/factbook/factbook-ont#AirportBreakdown'/>
    <NS0:paved>true</NS0:paved>
    <NS0:minRunway>1524</NS0:minRunway>
    <NS0:maxRunway>2437</NS0:maxRunway>
    <NS0:count>1</NS0:count>
  </rdf:Description>
  <rdf:Description rdf:about='#A10622'>
    <rdf:type rdf:resource='http://www.daml.org/2001/12/factbook/factbook-ont#Estimate'/>
    <NS0:year>1993</NS0:year>
  </rdf:Description>
  <rdf:Description rdf:about='#A11012'>
    <rdf:type rdf:resource='http://www.daml.org/2001/12/factbook/factbook-ont#Port'/>
    <NS0:name>Punta Gorda</NS0:name>
  </rdf:Description>
  <rdf:Description rdf:about='#A11008'>
    <rdf:type rdf:resource='http://www.daml.org/2001/12/factbook/factbook-ont#Port'/>
    <NS0:name>Corozol</NS0:name>
  </rdf:Description>
  <rdf:Description rdf:about='#A11004'>
    <rdf:type rdf:resource='http://www.daml.org/2001/12/factbook/factbook-ont#Port'/>
    <NS0:name>Big Creek</NS0:name>
  </rdf:Description>
  <rdf:Description rdf:about='#A10859'>
    <rdf:type rdf:resource='http://www.daml.org/2001/12/factbook/factbook-ont#Estimate'/>
    <NS0:year>1999</NS0:year>
  </rdf:Description>
  <rdf:Description rdf:about='#A10984'>
    <NS0:year>1997</NS0:year>
  </rdf:Description>
  <rdf:Description rdf:about='#A10845'>
    <rdf:type rdf:resource='http://www.daml.org/2001/12/factbook/factbook-ont#Estimate'/>
    <NS0:year>2000</NS0:year>
  </rdf:Description>
  <rdf:Description rdf:about='#A11000'>
    <rdf:type rdf:resource='http://www.daml.org/2001/12/factbook/factbook-ont#Port'/>
    <NS0:name>Belize City</NS0:name>
  </rdf:Description>
  <rdf:Description rdf:about='#A11016'>
    <rdf:type rdf:resource='http://www.daml.org/2001/12/factbook/factbook-ont#Estimate'/>
    <NS0:year>2000</NS0:year>
  </rdf:Description>
  <rdf:Description rdf:about='#A10912'>
    <rdf:type rdf:resource='http://www.daml.org/2001/12/factbook/factbook-ont#Estimate'/>
    <NS0:note>f.o.b., 2000</NS0:note>
  </rdf:Description>
  <rdf:Description rdf:about='http://www.daml.org/2001/09/countries/fips#BH'>
    <NS0:background>Territorial disputes between the UK and Guatemala delayed the independence of Belize (formerly British Honduras) until 1981. Guatemala refused to recognize the new nation until 1992. Tourism has become the mainstay of the economy. The country remains plagued by high unemployment, growing involvement in the South American drug trade, and increased urban crime.</NS0:background>
    <NS0:location>Middle America, bordering the Caribbean Sea, between Guatemala and Mexico</NS0:location>
    <NS0:geographicCoordinates rdf:resource='#A10586'/>
    <NS0:mapReferences>Central America and the Caribbean</NS0:mapReferences>
    <NS0:totalArea>22966</NS0:totalArea>
    <NS0:landArea>22806</NS0:landArea>
    <NS0:waterArea>160</NS0:waterArea>
    <NS0:comparativeArea>slightly smaller than Massachusetts</NS0:comparativeArea>
    <NS0:landBoundaries>516</NS0:landBoundaries>
    <NS0:coastline>386</NS0:coastline>
    <NS0:exclusiveEconomicZone>200</NS0:exclusiveEconomicZone>
    <NS0:climate>tropical; very hot and humid; rainy season (May to November); dry season (February to May)</NS0:climate>
    <NS0:terrain>flat, swampy coastal plain; low mountains in south</NS0:terrain>
    <NS0:lowestPoint rdf:resource='#A10601'/>
    <NS0:highestPoint rdf:resource='#A10606'/>
    <NS0:naturalResource rdf:resource='http://www.daml.org/2001/12/factbook/naturalResources#arable_land_potential'/>
    <NS0:naturalResource rdf:resource='http://www.daml.org/2001/12/factbook/naturalResources#timber'/>
    <NS0:naturalResource rdf:resource='http://www.daml.org/2001/12/factbook/naturalResources#fish'/>
    <NS0:naturalResource rdf:resource='http://www.daml.org/2001/12/factbook/naturalResources#hydropower'/>
    <NS0:arableLand>10</NS0:arableLand>
    <NS0:permanentCrops>1</NS0:permanentCrops>
    <NS0:permanentPastures>2</NS0:permanentPastures>
    <NS0:forestsAndWoodland>84</NS0:forestsAndWoodland>
    <NS0:otherLandUse rdf:ID='A10619'>3</NS0:otherLandUse>
    <NS0:irrigatedLand rdf:ID='A10622'>20</NS0:irrigatedLand>
    <NS0:naturalHazard>frequent, devastating hurricanes and coastal flooding (especially in south)</NS0:naturalHazard>
    <NS0:environmentalIssue>deforestation</NS0:environmentalIssue>
    <NS0:environmentalIssue>water pollution from sewage, industrial effluents, agricultural runoff</NS0:environmentalIssue>
    <NS0:environmentalIssue>solid waste disposal</NS0:environmentalIssue>
    <NS0:environmentalAgreementPartyTo rdf:resource='http://www.daml.org/2001/12/factbook/environmentalAgreements#Biodiversity'/>
    <NS0:environmentalAgreementPartyTo rdf:resource='http://www.daml.org/2001/12/factbook/environmentalAgreements#Climate_Change'/>
    <NS0:environmentalAgreementPartyTo rdf:resource='http://www.daml.org/2001/12/factbook/environmentalAgreements#Desertification'/>
    <NS0:environmentalAgreementPartyTo rdf:resource='http://www.daml.org/2001/12/factbook/environmentalAgreements#Endangered_Species'/>
    <NS0:environmentalAgreementPartyTo rdf:resource='http://www.daml.org/2001/12/factbook/environmentalAgreements#Hazardous_Wastes'/>
    <NS0:environmentalAgreementPartyTo rdf:resource='http://www.daml.org/2001/12/factbook/environmentalAgreements#Law_of_the_Sea'/>
    <NS0:environmentalAgreementPartyTo rdf:resource='http://www.daml.org/2001/12/factbook/environmentalAgreements#Ozone_Layer_Protection'/>
    <NS0:environmentalAgreementPartyTo rdf:resource='http://www.daml.org/2001/12/factbook/environmentalAgreements#Ship_Pollution'/>
    <NS0:environmentalAgreementPartyTo rdf:resource='http://www.daml.org/2001/12/factbook/environmentalAgreements#Wetlands'/>
    <NS0:environmentalAgreementSigned rdf:resource='http://www.daml.org/2001/12/factbook/environmentalAgreements#none_of_the_selected_agreements'/>
    <NS0:population rdf:ID='A10639'>256062</NS0:population>
    <NS0:populationGrowthRate rdf:ID='A10642'>2.7</NS0:populationGrowthRate>
    <NS0:birthRate rdf:ID='A10645'>31.69</NS0:birthRate>
    <NS0:deathRate rdf:ID='A10648'>4.7</NS0:deathRate>
    <NS0:netMigrationRate rdf:ID='A10651'>0</NS0:netMigrationRate>
    <NS0:sexRatio rdf:resource='#A10654'/>
    <NS0:sexRatio rdf:resource='#A10660'/>
    <NS0:sexRatio rdf:resource='#A10666'/>
    <NS0:sexRatio rdf:resource='#A10672'/>
    <NS0:sexRatio rdf:ID='A10680' rdf:resource='#A10677'/>
    <NS0:infantMortalityRate rdf:ID='A10683'>25.14</NS0:infantMortalityRate>
    <NS0:totalFertilityRate rdf:ID='A10686'>4.05</NS0:totalFertilityRate>
    <NS0:nationalityNoun>Belizean(s)</NS0:nationalityNoun>
    <NS0:nationalityAdjective>Belizean</NS0:nationalityAdjective>
    <NS0:ethnicGroup rdf:resource='#A10691'/>
    <NS0:ethnicGroup rdf:resource='#A10696'/>
    <NS0:ethnicGroup rdf:resource='#A10701'/>
    <NS0:ethnicGroup rdf:resource='#A10706'/>
    <NS0:ethnicGroup rdf:resource='#A10711'/>
    <NS0:religion rdf:resource='#A10716'/>
    <NS0:religion rdf:ID='A10725' rdf:resource='#A10721'/>
    <NS0:religion rdf:resource='#A10727'/>
    <NS0:religion rdf:ID='A10736' rdf:resource='#A10732'/>
    <NS0:language rdf:ID='A10741' rdf:resource='#A10738'/>
    <NS0:language rdf:resource='#A10743'/>
    <NS0:language rdf:resource='#A10747'/>
    <NS0:language rdf:ID='A10754' rdf:resource='#A10751'/>
    <NS0:language rdf:resource='#A10756'/>
    <NS0:literacyDefinition>age 15 and over can read and write</NS0:literacyDefinition>
    <NS0:literacyTotal>70.3</NS0:literacyTotal>
    <NS0:literacyMale>70.3</NS0:literacyMale>
    <NS0:literacyFemale rdf:ID='A10763'>70.3</NS0:literacyFemale>
    <NS0:conventionalLongCountryName>none</NS0:conventionalLongCountryName>
    <NS0:conventionalShortCountryName>Belize</NS0:conventionalShortCountryName>
    <NS0:formerCountryName>British Honduras</NS0:formerCountryName>
    <NS0:governmentType rdf:resource='http://www.daml.org/2001/12/factbook/governmentTypes#parliamentary_democracy'/>
    <NS0:capital rdf:resource='#A10770'/>
    <NS0:administrativeDivision rdf:resource='#A10777'/>
    <NS0:administrativeDivision rdf:resource='#A10781'/>
    <NS0:administrativeDivision rdf:resource='#A10785'/>
    <NS0:administrativeDivision rdf:resource='#A10789'/>
    <NS0:administrativeDivision rdf:resource='#A10793'/>
    <NS0:administrativeDivision rdf:resource='#A10797'/>
    <NS0:independence>21 September 1981 (from UK)</NS0:independence>
    <NS0:constitution>21 September 1981</NS0:constitution>
    <NS0:legalSystem>English law</NS0:legalSystem>
    <NS0:suffrage>18 years of age; universal</NS0:suffrage>
    <NS0:participatesIn rdf:resource='http://www.daml.org/2001/12/factbook/internationalOrganizations#ACP'/>
    <NS0:participatesIn rdf:resource='http://www.daml.org/2001/12/factbook/internationalOrganizations#C'/>
    <NS0:participatesIn rdf:resource='http://www.daml.org/2001/12/factbook/internationalOrganizations#Caricom'/>
    <NS0:participatesIn rdf:resource='http://www.daml.org/2001/12/factbook/internationalOrganizations#CDB'/>
    <NS0:participatesIn rdf:resource='http://www.daml.org/2001/12/factbook/internationalOrganizations#ECLAC'/>
    <NS0:participatesIn rdf:resource='http://www.daml.org/2001/12/factbook/internationalOrganizations#FAO'/>
    <NS0:participatesIn rdf:resource='http://www.daml.org/2001/12/factbook/internationalOrganizations#G-77'/>
    <NS0:participatesIn rdf:resource='http://www.daml.org/2001/12/factbook/internationalOrganizations#IADB'/>
    <NS0:participatesIn rdf:resource='http://www.daml.org/2001/12/factbook/internationalOrganizations#IBRD'/>
    <NS0:participatesIn rdf:resource='http://www.daml.org/2001/12/factbook/internationalOrganizations#ICAO'/>
    <NS0:participatesIn rdf:resource='http://www.daml.org/2001/12/factbook/internationalOrganizations#ICFTU'/>
    <NS0:participatesIn rdf:resource='http://www.daml.org/2001/12/factbook/internationalOrganizations#ICRM'/>
    <NS0:participatesIn rdf:resource='http://www.daml.org/2001/12/factbook/internationalOrganizations#IDA'/>
    <NS0:participatesIn rdf:resource='http://www.daml.org/2001/12/factbook/internationalOrganizations#IFAD'/>
    <NS0:participatesIn rdf:resource='http://www.daml.org/2001/12/factbook/internationalOrganizations#IFC'/>
    <NS0:participatesIn rdf:resource='http://www.daml.org/2001/12/factbook/internationalOrganizations#IFRCS'/>
    <NS0:participatesIn rdf:resource='http://www.daml.org/2001/12/factbook/internationalOrganizations#ILO'/>
    <NS0:participatesIn rdf:resource='http://www.daml.org/2001/12/factbook/internationalOrganizations#IMF'/>
    <NS0:participatesIn rdf:resource='http://www.daml.org/2001/12/factbook/internationalOrganizations#IMO'/>
    <NS0:participatesIn rdf:resource='http://www.daml.org/2001/12/factbook/internationalOrganizations#Intelsat'/>
    <NS0:participatesIn rdf:resource='http://www.daml.org/2001/12/factbook/internationalOrganizations#Interpol'/>
    <NS0:participatesIn rdf:resource='http://www.daml.org/2001/12/factbook/internationalOrganizations#IOC'/>
    <NS0:participatesIn rdf:resource='http://www.daml.org/2001/12/factbook/internationalOrganizations#IOM'/>
    <NS0:participatesIn rdf:resource='http://www.daml.org/2001/12/factbook/internationalOrganizations#ITU'/>
    <NS0:participatesIn rdf:resource='http://www.daml.org/2001/12/factbook/internationalOrganizations#LAES'/>
    <NS0:participatesIn rdf:resource='http://www.daml.org/2001/12/factbook/internationalOrganizations#NAM'/>
    <NS0:participatesIn rdf:resource='http://www.daml.org/2001/12/factbook/internationalOrganizations#OAS'/>
    <NS0:participatesIn rdf:resource='http://www.daml.org/2001/12/factbook/internationalOrganizations#OPANAL'/>
    <NS0:participatesIn rdf:resource='http://www.daml.org/2001/12/factbook/internationalOrganizations#UN'/>
    <NS0:participatesIn rdf:resource='http://www.daml.org/2001/12/factbook/internationalOrganizations#UNCTAD'/>
    <NS0:participatesIn rdf:resource='http://www.daml.org/2001/12/factbook/internationalOrganizations#UNESCO'/>
    <NS0:participatesIn rdf:resource='http://www.daml.org/2001/12/factbook/internationalOrganizations#UNIDO'/>
    <NS0:participatesIn rdf:resource='http://www.daml.org/2001/12/factbook/internationalOrganizations#UPU'/>
    <NS0:participatesIn rdf:resource='http://www.daml.org/2001/12/factbook/internationalOrganizations#WCL'/>
    <NS0:participatesIn rdf:resource='http://www.daml.org/2001/12/factbook/internationalOrganizations#WHO'/>
    <NS0:participatesIn rdf:resource='http://www.daml.org/2001/12/factbook/internationalOrganizations#WIPO'/>
    <NS0:participatesIn rdf:resource='http://www.daml.org/2001/12/factbook/internationalOrganizations#WMO'/>
    <NS0:participatesIn rdf:resource='http://www.daml.org/2001/12/factbook/internationalOrganizations#WTrO'/>
    <NS0:flagDescription>blue with a narrow red stripe along the top and the bottom edges; centered is a large white disk bearing the coat of arms; the coat of arms features a shield flanked by two workers in front of a mahogany tree with the related motto SUB UMBRA FLOREO (I Flourish in the Shade) on a scroll at the bottom, all encircled by a green garland</NS0:flagDescription>
    <NS0:economyOverview>The small, essentially private enterprise economy is based primarily on agriculture, agro-based industry, and merchandising, with tourism and construction assuming greater importance. Sugar, the chief crop, accounts for nearly half of exports, while the banana industry is the country&apos;s largest employer. The government&apos;s tough austerity program in 1997 resulted in an economic slowdown that continued in 1998. The trade deficit has been growing, mostly as a result of low export prices for sugar and bananas. The tourist and construction sectors strengthened in early 1999, supporting growth of 6% in 1999 and 4% in 2000. Aided by international donors, the government&apos;s key short-term objective remains the reduction of poverty.</NS0:economyOverview>
    <NS0:grossDomesticProduct rdf:ID='A10845'>790000000</NS0:grossDomesticProduct>
    <NS0:grossDomesticProductRealGrowth rdf:ID='A10848'>4</NS0:grossDomesticProductRealGrowth>
    <NS0:grossDomesticProductPerCapita rdf:ID='A10851'>3200</NS0:grossDomesticProductPerCapita>
    <NS0:grossDomesticProductAgriculture>18</NS0:grossDomesticProductAgriculture>
    <NS0:grossDomesticProductIndustry>24</NS0:grossDomesticProductIndustry>
    <NS0:grossDomesticProductServices rdf:ID='A10856'>58</NS0:grossDomesticProductServices>
    <NS0:populationBelowPovertyLine rdf:ID='A10859'>33</NS0:populationBelowPovertyLine>
    <NS0:inflationRate rdf:ID='A10862'>2</NS0:inflationRate>
    <NS0:laborForce>71000</NS0:laborForce>
    <NS0:occupation rdf:resource='#A10866'/>
    <NS0:occupation rdf:resource='#A10871'/>
    <NS0:occupation rdf:ID='A10880' rdf:resource='#A10876'/>
    <NS0:unemploymentRate rdf:ID='A10882'>12.8</NS0:unemploymentRate>
    <NS0:budgetRevenues>157000000</NS0:budgetRevenues>
    <NS0:budgetExpenditures>279000000</NS0:budgetExpenditures>
    <NS0:industry rdf:resource='http://www.daml.org/2001/12/factbook/industries#garment_production'/>
    <NS0:industry rdf:resource='http://www.daml.org/2001/12/factbook/industries#food_processing'/>
    <NS0:industry rdf:resource='http://www.daml.org/2001/12/factbook/industries#tourism'/>
    <NS0:industry rdf:resource='http://www.daml.org/2001/12/factbook/industries#construction'/>
    <NS0:industrialProductionGrowthRate rdf:ID='A10890'>4.6</NS0:industrialProductionGrowthRate>
    <NS0:electricityProduction rdf:ID='A10892'>185000000</NS0:electricityProduction>
    <NS0:electricityProductionFossilFuel>56.76</NS0:electricityProductionFossilFuel>
    <NS0:electricityProductionHydro>43.24</NS0:electricityProductionHydro>
    <NS0:electricityProductionNuclear>0</NS0:electricityProductionNuclear>
    <NS0:electricityProductionOther rdf:ID='A10897'>0</NS0:electricityProductionOther>
    <NS0:electricityConsumption rdf:ID='A10899'>172100000</NS0:electricityConsumption>
    <NS0:electricityExports rdf:ID='A10901'>0</NS0:electricityExports>
    <NS0:electricityImports rdf:ID='A10903'>0</NS0:electricityImports>
    <NS0:agricultureProduct rdf:resource='http://www.daml.org/2001/12/factbook/agricultureProducts#bananas'/>
    <NS0:agricultureProduct rdf:resource='http://www.daml.org/2001/12/factbook/agricultureProducts#coca'/>
    <NS0:agricultureProduct rdf:resource='http://www.daml.org/2001/12/factbook/agricultureProducts#citrus'/>
    <NS0:agricultureProduct rdf:resource='http://www.daml.org/2001/12/factbook/agricultureProducts#sugarcane'/>
    <NS0:agricultureProduct rdf:resource='http://www.daml.org/2001/12/factbook/agricultureProducts#lumber'/>
    <NS0:agricultureProduct rdf:resource='http://www.daml.org/2001/12/factbook/agricultureProducts#fish'/>
    <NS0:agricultureProduct rdf:resource='http://www.daml.org/2001/12/factbook/agricultureProducts#cultured_shrimp'/>
    <NS0:exports rdf:ID='A10912'>235700000</NS0:exports>
    <NS0:exportsCommodity rdf:resource='#A10915'/>
    <NS0:exportsCommodity rdf:resource='#A10919'/>
    <NS0:exportsCommodity rdf:resource='#A10923'/>
    <NS0:exportsCommodity rdf:resource='#A10927'/>
    <NS0:exportsCommodity rdf:resource='#A10931'/>
    <NS0:exportsCommodity rdf:resource='#A10935'/>
    <NS0:exportsCommodity rdf:resource='#A10939'/>
    <NS0:imports rdf:ID='A10943'>413000000</NS0:imports>
    <NS0:importsCommodity rdf:resource='#A10946'/>
    <NS0:importsCommodity rdf:resource='#A10950'/>
    <NS0:importsCommodity rdf:resource='#A10954'/>
    <NS0:importsCommodity rdf:resource='#A10958'/>
    <NS0:importsCommodity rdf:resource='#A10962'/>
    <NS0:importsCommodity rdf:resource='#A10966'/>
    <NS0:externalDebt rdf:ID='A10970'>338000000</NS0:externalDebt>
    <NS0:currency>Belizean dollar (BZD)</NS0:currency>
    <NS0:currencyCode>BZD</NS0:currencyCode>
    <NS0:fiscalYear>1 April - 31 March</NS0:fiscalYear>
    <NS0:mainTelephoneLines rdf:ID='A10975'>31000</NS0:mainTelephoneLines>
    <NS0:mobileTelephoneLines rdf:ID='A10977'>3023</NS0:mobileTelephoneLines>
    <NS0:telephoneSystemGeneralAssessment>above-average system</NS0:telephoneSystemGeneralAssessment>
    <NS0:telephoneSystemDomestic>trunk network depends primarily on microwave radio relay</NS0:telephoneSystemDomestic>
    <NS0:telephoneSystemInternational>satellite earth station - 1 Intelsat (Atlantic Ocean)</NS0:telephoneSystemInternational>
    <NS0:radios rdf:ID='A10982'>133000</NS0:radios>
    <NS0:televisionBroadcastStations rdf:ID='A10984'>2</NS0:televisionBroadcastStations>
    <NS0:televisions rdf:ID='A10986'>41000</NS0:televisions>
    <NS0:internetCountryCode>.bz</NS0:internetCountryCode>
    <NS0:internetServiceProviders rdf:ID='A10989'>2</NS0:internetServiceProviders>
    <NS0:internetUsers rdf:ID='A10991'>12000</NS0:internetUsers>
    <NS0:highwaysTotal>2872</NS0:highwaysTotal>
    <NS0:highwaysPaved>488</NS0:highwaysPaved>
    <NS0:highwaysUnpaved rdf:ID='A10995'>2384</NS0:highwaysUnpaved>
    <NS0:waterways rdf:ID='A10998'>825</NS0:waterways>
    <NS0:port rdf:resource='#A11000'/>
    <NS0:port rdf:resource='#A11004'/>
    <NS0:port rdf:resource='#A11008'/>
    <NS0:port rdf:resource='#A11012'/>
    <NS0:airports rdf:ID='A11016'>44</NS0:airports>
    <NS0:airportBreakdown rdf:resource='#A11019'/>
    <NS0:airportBreakdown rdf:resource='#A11026'/>
    <NS0:airportBreakdown rdf:resource='#A11033'/>
    <NS0:airportBreakdown rdf:resource='#A11039'/>
    <NS0:airportBreakdown rdf:resource='#A11046'/>
    <NS0:airportBreakdown rdf:resource='#A11053'/>
    <NS0:militaryAge>18</NS0:militaryAge>
    <NS0:malesOfMilitaryAge rdf:ID='A11060'>62698</NS0:malesOfMilitaryAge>
    <NS0:malesFitForMilitaryService rdf:ID='A11063'>37174</NS0:malesFitForMilitaryService>
    <NS0:malesReachingMilitaryAgeAnnually rdf:ID='A11066'>2847</NS0:malesReachingMilitaryAgeAnnually>
    <NS0:militaryExpenditures rdf:ID='A11069'>17000000</NS0:militaryExpenditures>
    <NS0:militaryExpendituresPercentGDP rdf:ID='A11071'>2.4</NS0:militaryExpendituresPercentGDP>
    <NS0:internationalDispute>Guatemala periodically asserts claims to territory in southern Belize</NS0:internationalDispute>
    <NS0:internationalDispute>to deter cross-border squatting, both states in 2000 agreed to a &quot;line of adjacency&quot; based on the de facto boundary, which is not recognized by Guatemala</NS0:internationalDispute>
    <NS0:illicitDrugs>minor transshipment point for cocaine</NS0:illicitDrugs>
    <NS0:illicitDrugs>small-scale illicit producer of cannabis for the international drug trade</NS0:illicitDrugs>
    <NS0:illicitDrugs>minor money-laundering center</NS0:illicitDrugs>
    <NS0:smallFlag>http://www.cia.gov/cia/publications/factbook/flags/bh-flag.jpg</NS0:smallFlag>
    <NS0:largeFlag>http://www.cia.gov/cia/publications/factbook/flags/bh-lgflag.jpg</NS0:largeFlag>
    <NS0:map>http://www.cia.gov/cia/publications/factbook/maps/bh-map.jpg</NS0:map>
    <NS0:border rdf:resource='#A120385'/>
    <NS0:border rdf:resource='#A120390'/>
    <NS0:exportPartner rdf:resource='#A120395'/>
    <NS0:exportPartner rdf:resource='#A120400'/>
    <NS0:exportPartner rdf:resource='#A120405'/>
    <NS0:exportPartner rdf:ID='A120414' rdf:resource='#A120410'/>
    <NS0:importPartner rdf:resource='#A120416'/>
    <NS0:importPartner rdf:resource='#A120421'/>
  </rdf:Description>
  <rdf:Description rdf:about='#A10606'>
    <rdf:type rdf:resource='http://www.daml.org/2001/12/factbook/factbook-ont#ElevationExtreme'/>
    <NS0:name>Victoria Peak</NS0:name>
    <NS0:elevation>1160</NS0:elevation>
  </rdf:Description>
  <rdf:Description rdf:about='#A10797'>
    <rdf:type rdf:resource='#District'/>
    <NS0:name>Toledo</NS0:name>
  </rdf:Description>
  <rdf:Description rdf:about='#A10982'>
    <NS0:year>1997</NS0:year>
  </rdf:Description>
  <rdf:Description rdf:about='#A10998'>
    <NS0:note>river network used by shallow-draft craft; seasonally navigable</NS0:note>
  </rdf:Description>
  <rdf:Description rdf:about='#A10793'>
    <rdf:type rdf:resource='#District'/>
    <NS0:name>Stann Creek</NS0:name>
  </rdf:Description>
  <rdf:Description rdf:about='#A10601'>
    <rdf:type rdf:resource='http://www.daml.org/2001/12/factbook/factbook-ont#ElevationExtreme'/>
    <NS0:name>Caribbean Sea</NS0:name>
    <NS0:elevation>0</NS0:elevation>
  </rdf:Description>
  <rdf:Description rdf:about='#District'>
    <rdf:type rdf:resource='http://www.w3.org/2000/01/rdf-schema#Class'/>
    <rdfs:subClassOf rdf:resource='http://www.daml.org/2001/12/factbook/factbook-ont#AdministrativeDivision'/>
    <rdfs:label>District</rdfs:label>
  </rdf:Description>
  <rdf:Description rdf:about='#A10789'>
    <rdf:type rdf:resource='#District'/>
    <NS0:name>Orange Walk</NS0:name>
  </rdf:Description>
  <rdf:Description rdf:about='#A120421'>
    <rdf:type rdf:resource='http://www.daml.org/2001/12/factbook/factbook-ont#CountryPercent'/>
    <NS0:country rdf:resource='http://www.daml.org/2001/09/countries/fips#MX'/>
    <NS0:percent>12</NS0:percent>
  </rdf:Description>
  <rdf:Description rdf:about='#A10645'>
    <rdf:type rdf:resource='http://www.daml.org/2001/12/factbook/factbook-ont#Estimate'/>
    <NS0:year>2001</NS0:year>
  </rdf:Description>
  <rdf:Description rdf:about='#A10785'>
    <rdf:type rdf:resource='#District'/>
    <NS0:name>Corozal</NS0:name>
  </rdf:Description>
  <rdf:Description rdf:about='#A10856'>
    <rdf:type rdf:resource='http://www.daml.org/2001/12/factbook/factbook-ont#Estimate'/>
    <NS0:year>2000</NS0:year>
  </rdf:Description>
  <rdf:Description rdf:about='#A10619'>
    <rdf:type rdf:resource='http://www.daml.org/2001/12/factbook/factbook-ont#Estimate'/>
    <NS0:year>2000</NS0:year>
  </rdf:Description>
  <rdf:Description rdf:about='#A10975'>
    <NS0:year>1997</NS0:year>
  </rdf:Description>
  <rdf:Description rdf:about='#A120416'>
    <rdf:type rdf:resource='http://www.daml.org/2001/12/factbook/factbook-ont#CountryPercent'/>
    <NS0:country rdf:resource='http://www.daml.org/2001/09/countries/fips#US'/>
    <NS0:percent>58</NS0:percent>
  </rdf:Description>
  <rdf:Description rdf:about='#A10781'>
    <rdf:type rdf:resource='#District'/>
    <NS0:name>Cayo</NS0:name>
  </rdf:Description>
  <rdf:Description rdf:about='#A10777'>
    <rdf:type rdf:resource='#District'/>
    <NS0:name>Belize</NS0:name>
  </rdf:Description>
  <rdf:Description rdf:about='#A10586'>
    <rdf:type rdf:resource='http://www.daml.org/2001/12/factbook/factbook-ont#LatLon'/>
    <NS0:latitude>17.25</NS0:latitude>
    <NS0:longitude>-88.75</NS0:longitude>
  </rdf:Description>
  <rdf:Description rdf:about='#A120410'>
    <rdf:type rdf:resource='http://www.daml.org/2001/12/factbook/factbook-ont#CountryPercent'/>
    <NS0:country rdf:resource='http://www.daml.org/2001/09/countries/fips#MX'/>
    <NS0:percent>1</NS0:percent>
  </rdf:Description>
  <rdf:Description rdf:about='#A10966'>
    <rdf:type rdf:resource='http://www.daml.org/2001/12/factbook/factbook-ont#CommodityPercent'/>
    <NS0:importsCommodity rdf:resource='http://www.daml.org/2001/12/factbook/commodities#pharmaceuticals'/>
  </rdf:Description>
  <rdf:Description rdf:about='#A10995'>
    <rdf:type rdf:resource='http://www.daml.org/2001/12/factbook/factbook-ont#Estimate'/>
    <NS0:year>1998</NS0:year>
  </rdf:Description>
  <rdf:Description rdf:about='#A10962'>
    <rdf:type rdf:resource='http://www.daml.org/2001/12/factbook/factbook-ont#CommodityPercent'/>
    <NS0:importsCommodity rdf:resource='http://www.daml.org/2001/12/factbook/commodities#chemicals'/>
  </rdf:Description>
  <rdf:Description rdf:about='#A120405'>
    <rdf:type rdf:resource='http://www.daml.org/2001/12/factbook/factbook-ont#CountryPercent'/>
    <NS0:country rdf:resource='http://www.daml.org/2001/09/countries/fips#CA'/>
    <NS0:percent>2</NS0:percent>
  </rdf:Description>
  <rdf:Description rdf:about='#A10770'>
    <rdf:type rdf:resource='http://www.daml.org/2001/12/factbook/factbook-ont#CapitalCity'/>
    <NS0:name>Belmopan</NS0:name>
  </rdf:Description>
  <rdf:Description rdf:about='#A10736'>
    <NS0:year>1980</NS0:year>
  </rdf:Description>
  <rdf:Description rdf:about='#A10958'>
    <rdf:type rdf:resource='http://www.daml.org/2001/12/factbook/factbook-ont#CommodityPercent'/>
    <NS0:importsCommodity rdf:resource='http://www.daml.org/2001/12/factbook/commodities#tobacco;_fuels'/>
  </rdf:Description>
  <rdf:Description rdf:about='#A120400'>
    <rdf:type rdf:resource='http://www.daml.org/2001/12/factbook/factbook-ont#CountryPercent'/>
    <NS0:country rdf:resource='http://www.daml.org/2001/09/countries/fips#UK'/>
    <NS0:percent>33</NS0:percent>
  </rdf:Description>
  <rdf:Description rdf:about='#A10741'>
    <NS0:note>official</NS0:note>
  </rdf:Description>
  <rdf:Description rdf:about='#A10954'>
    <rdf:type rdf:resource='http://www.daml.org/2001/12/factbook/factbook-ont#CommodityPercent'/>
    <NS0:importsCommodity rdf:resource='http://www.daml.org/2001/12/factbook/commodities#beverages'/>
  </rdf:Description>
  <rdf:Description rdf:about='#A10754'>
    <NS0:note>Carib</NS0:note>
  </rdf:Description>
  <rdf:Description rdf:about='#A120395'>
    <rdf:type rdf:resource='http://www.daml.org/2001/12/factbook/factbook-ont#CountryPercent'/>
    <NS0:country rdf:resource='http://www.daml.org/2001/09/countries/fips#US'/>
    <NS0:percent>42</NS0:percent>
  </rdf:Description>
  <rdf:Description rdf:about='#A10950'>
    <rdf:type rdf:resource='http://www.daml.org/2001/12/factbook/factbook-ont#CommodityPercent'/>
    <NS0:importsCommodity rdf:resource='http://www.daml.org/2001/12/factbook/commodities#manufactured_goods;_food'/>
  </rdf:Description>
  <rdf:Description rdf:about='#A10851'>
    <rdf:type rdf:resource='http://www.daml.org/2001/12/factbook/factbook-ont#Estimate'/>
    <NS0:year>2000</NS0:year>
  </rdf:Description>
  <rdf:Description rdf:about='#A10725'>
    <NS0:note>Anglican 12%, Methodist 6%, Mennonite 4%, Seventh-Day Adventist 3%, Pentecostal 2%, Jehovah&apos;s Witnesses 1%, other 2%</NS0:note>
  </rdf:Description>
  <rdf:Description rdf:about='#A10756'>
    <rdf:type rdf:resource='http://www.daml.org/2001/12/factbook/factbook-ont#LanguagePercent'/>
    <NS0:language rdf:resource='http://www.daml.org/2001/12/factbook/languages#Creole'/>
  </rdf:Description>
  <rdf:Description rdf:about='#A120390'>
    <rdf:type rdf:resource='http://www.daml.org/2001/12/factbook/factbook-ont#Border'/>
    <NS0:country rdf:resource='http://www.daml.org/2001/09/countries/fips#MX'/>
    <NS0:distance>250</NS0:distance>
  </rdf:Description>
  <rdf:Description rdf:about='#A10946'>
    <rdf:type rdf:resource='http://www.daml.org/2001/12/factbook/factbook-ont#CommodityPercent'/>
    <NS0:importsCommodity rdf:resource='http://www.daml.org/2001/12/factbook/commodities#machinery_and_transportation_equipment'/>
  </rdf:Description>
  <rdf:Description rdf:about='#A10899'>
    <NS0:year>1999</NS0:year>
  </rdf:Description>
  <rdf:Description rdf:about='#A10986'>
    <NS0:year>1997</NS0:year>
  </rdf:Description>
  <rdf:Description rdf:about='#A120385'>
    <rdf:type rdf:resource='http://www.daml.org/2001/12/factbook/factbook-ont#Border'/>
    <NS0:country rdf:resource='http://www.daml.org/2001/09/countries/fips#GT'/>
    <NS0:distance>266</NS0:distance>
  </rdf:Description>
  <rdf:Description rdf:about='#A10751'>
    <rdf:type rdf:resource='http://www.daml.org/2001/12/factbook/factbook-ont#LanguagePercent'/>
    <NS0:language rdf:resource='http://www.daml.org/2001/12/factbook/languages#Garifuna'/>
  </rdf:Description>
  <rdf:Description rdf:about='#A10686'>
    <rdf:type rdf:resource='http://www.daml.org/2001/12/factbook/factbook-ont#Estimate'/>
    <NS0:year>2001</NS0:year>
  </rdf:Description>
  <rdf:Description rdf:about='#A10939'>
    <rdf:type rdf:resource='http://www.daml.org/2001/12/factbook/factbook-ont#CommodityPercent'/>
    <NS0:exportsCommodity rdf:resource='http://www.daml.org/2001/12/factbook/commodities#wood'/>
  </rdf:Description>
  <rdf:Description rdf:about='#A10747'>
    <rdf:type rdf:resource='http://www.daml.org/2001/12/factbook/factbook-ont#LanguagePercent'/>
    <NS0:language rdf:resource='http://www.daml.org/2001/12/factbook/languages#Mayan'/>
  </rdf:Description>
  <rdf:Description rdf:about='#A11071'>
    <NS0:note>FY98/99</NS0:note>
  </rdf:Description>
  <rdf:Description rdf:about='#A10935'>
    <rdf:type rdf:resource='http://www.daml.org/2001/12/factbook/factbook-ont#CommodityPercent'/>
    <NS0:exportsCommodity rdf:resource='http://www.daml.org/2001/12/factbook/commodities#molasses'/>
  </rdf:Description>
  <rdf:Description rdf:about='#A10639'>
    <rdf:type rdf:resource='http://www.daml.org/2001/12/factbook/factbook-ont#Estimate'/>
    <NS0:note>July 2001</NS0:note>
  </rdf:Description>
  <rdf:Description rdf:about='#A10743'>
    <rdf:type rdf:resource='http://www.daml.org/2001/12/factbook/factbook-ont#LanguagePercent'/>
    <NS0:language rdf:resource='http://www.daml.org/2001/12/factbook/languages#Spanish'/>
  </rdf:Description>
  <rdf:Description rdf:about='#A10970'>
    <NS0:year>1998</NS0:year>
  </rdf:Description>
  <rdf:Description rdf:about='#A10901'>
    <NS0:year>1999</NS0:year>
  </rdf:Description>
  <rdf:Description rdf:about='#A10931'>
    <rdf:type rdf:resource='http://www.daml.org/2001/12/factbook/factbook-ont#CommodityPercent'/>
    <NS0:exportsCommodity rdf:resource='http://www.daml.org/2001/12/factbook/commodities#fish_products'/>
  </rdf:Description>
  <rdf:Description rdf:about='#A10738'>
    <rdf:type rdf:resource='http://www.daml.org/2001/12/factbook/factbook-ont#LanguagePercent'/>
    <NS0:language rdf:resource='http://www.daml.org/2001/12/factbook/languages#English'/>
  </rdf:Description>
  <rdf:Description rdf:about='#A10903'>
    <NS0:year>1999</NS0:year>
  </rdf:Description>
  <rdf:Description rdf:about='#A10927'>
    <rdf:type rdf:resource='http://www.daml.org/2001/12/factbook/factbook-ont#CommodityPercent'/>
    <NS0:exportsCommodity rdf:resource='http://www.daml.org/2001/12/factbook/commodities#clothing'/>
  </rdf:Description>
  <rdf:Description rdf:about='#A10732'>
    <rdf:type rdf:resource='http://www.daml.org/2001/12/factbook/factbook-ont#ReligionPercent'/>
    <NS0:religion rdf:resource='http://www.daml.org/2001/12/factbook/religions#other'/>
    <NS0:percent>6</NS0:percent>
  </rdf:Description>
  <rdf:Description rdf:about='#A10923'>
    <rdf:type rdf:resource='http://www.daml.org/2001/12/factbook/factbook-ont#CommodityPercent'/>
    <NS0:exportsCommodity rdf:resource='http://www.daml.org/2001/12/factbook/commodities#citrus'/>
  </rdf:Description>
  <rdf:Description rdf:about='#A10919'>
    <rdf:type rdf:resource='http://www.daml.org/2001/12/factbook/factbook-ont#CommodityPercent'/>
    <NS0:exportsCommodity rdf:resource='http://www.daml.org/2001/12/factbook/commodities#bananas'/>
  </rdf:Description>
  <rdf:Description rdf:about='#A10727'>
    <rdf:type rdf:resource='http://www.daml.org/2001/12/factbook/factbook-ont#ReligionPercent'/>
    <NS0:religion rdf:resource='http://www.daml.org/2001/12/factbook/religions#none'/>
    <NS0:percent>2</NS0:percent>
  </rdf:Description>
  <rdf:Description rdf:about='#A10991'>
    <NS0:year>2000</NS0:year>
  </rdf:Description>
  <rdf:Description rdf:about='#A10915'>
    <rdf:type rdf:resource='http://www.daml.org/2001/12/factbook/factbook-ont#CommodityPercent'/>
    <NS0:exportsCommodity rdf:resource='http://www.daml.org/2001/12/factbook/commodities#sugar'/>
  </rdf:Description>
  <rdf:Description rdf:about='#A10977'>
    <NS0:year>1997</NS0:year>
  </rdf:Description>
  <rdf:Description rdf:about='#A10721'>
    <rdf:type rdf:resource='http://www.daml.org/2001/12/factbook/factbook-ont#ReligionPercent'/>
    <NS0:religion rdf:resource='http://www.daml.org/2001/12/factbook/religions#Protestant'/>
    <NS0:percent>30</NS0:percent>
  </rdf:Description>
  <rdf:Description rdf:about='#A10897'>
    <NS0:year>1999</NS0:year>
  </rdf:Description>
  <rdf:Description rdf:about='#A10642'>
    <rdf:type rdf:resource='http://www.daml.org/2001/12/factbook/factbook-ont#Estimate'/>
    <NS0:year>2001</NS0:year>
  </rdf:Description>
  <rdf:Description rdf:about='#A10648'>
    <rdf:type rdf:resource='http://www.daml.org/2001/12/factbook/factbook-ont#Estimate'/>
    <NS0:year>2001</NS0:year>
  </rdf:Description>
  <rdf:Description rdf:about='#A10716'>
    <rdf:type rdf:resource='http://www.daml.org/2001/12/factbook/factbook-ont#ReligionPercent'/>
    <NS0:religion rdf:resource='http://www.daml.org/2001/12/factbook/religions#Roman_Catholic'/>
    <NS0:percent>62</NS0:percent>
  </rdf:Description>
  <rdf:Description rdf:about='#A10711'>
    <rdf:type rdf:resource='http://www.daml.org/2001/12/factbook/factbook-ont#EthnicGroupPercent'/>
    <NS0:ethnicGroup rdf:resource='http://www.daml.org/2001/12/factbook/ethnicGroups#other'/>
    <NS0:percent>10.3</NS0:percent>
  </rdf:Description>
  <rdf:Description rdf:about='#A10892'>
    <NS0:year>1999</NS0:year>
  </rdf:Description>
  <rdf:Description rdf:about='#A10706'>
    <rdf:type rdf:resource='http://www.daml.org/2001/12/factbook/factbook-ont#EthnicGroupPercent'/>
    <NS0:ethnicGroup rdf:resource='http://www.daml.org/2001/12/factbook/ethnicGroups#Garifuna'/>
    <NS0:percent>6.2</NS0:percent>
  </rdf:Description>
  <rdf:Description rdf:about='#A10683'>
    <rdf:type rdf:resource='http://www.daml.org/2001/12/factbook/factbook-ont#Estimate'/>
    <NS0:year>2001</NS0:year>
  </rdf:Description>
  <rdf:Description rdf:about='#A10701'>
    <rdf:type rdf:resource='http://www.daml.org/2001/12/factbook/factbook-ont#EthnicGroupPercent'/>
    <NS0:ethnicGroup rdf:resource='http://www.daml.org/2001/12/factbook/ethnicGroups#Maya'/>
    <NS0:percent>10</NS0:percent>
  </rdf:Description>
  <rdf:Description rdf:about='#A10680'>
    <rdf:type rdf:resource='http://www.daml.org/2001/12/factbook/factbook-ont#Estimate'/>
    <NS0:year>2001</NS0:year>
  </rdf:Description>
  <rdf:Description rdf:about='#A10880'>
    <NS0:year>1994</NS0:year>
  </rdf:Description>
  <rdf:Description rdf:about='#A10696'>
    <rdf:type rdf:resource='http://www.daml.org/2001/12/factbook/factbook-ont#EthnicGroupPercent'/>
    <NS0:ethnicGroup rdf:resource='http://www.daml.org/2001/12/factbook/ethnicGroups#Creole'/>
    <NS0:percent>29.8</NS0:percent>
  </rdf:Description>
</rdf:RDF>
