<?xml version='1.0' encoding='ISO-8859-1'?>
<rdf:RDF
  xmlns:rdf='http://www.w3.org/1999/02/22-rdf-syntax-ns#'
  xmlns:NS0='http://www.daml.org/2001/12/factbook/factbook-ont#'
  xmlns:rdfs='http://www.w3.org/2000/01/rdf-schema#'
  xml:base="http://www.daml.org/2001/12/factbook/br">
  <rdf:Description rdf:about='#A14552'>
    <rdf:type rdf:resource='http://www.daml.org/2001/12/factbook/factbook-ont#CommodityPercent'/>
    <NS0:importsCommodity rdf:resource='http://www.daml.org/2001/12/factbook/commodities#oil'/>
  </rdf:Description>
  <rdf:Description rdf:about='#A14168'>
    <rdf:type rdf:resource='http://www.daml.org/2001/12/factbook/factbook-ont#SexRatioBreakdown'/>
    <NS0:minAge>0</NS0:minAge>
    <NS0:maxAge>14</NS0:maxAge>
    <NS0:ratio>1.04</NS0:ratio>
  </rdf:Description>
  <rdf:Description rdf:about='#A14548'>
    <rdf:type rdf:resource='http://www.daml.org/2001/12/factbook/factbook-ont#CommodityPercent'/>
    <NS0:importsCommodity rdf:resource='http://www.daml.org/2001/12/factbook/commodities#chemical_products'/>
  </rdf:Description>
  <rdf:Description rdf:about='#A14162'>
    <rdf:type rdf:resource='http://www.daml.org/2001/12/factbook/factbook-ont#SexRatioBreakdown'/>
    <NS0:minAge>0</NS0:minAge>
    <NS0:maxAge>0</NS0:maxAge>
    <NS0:ratio>1.05</NS0:ratio>
  </rdf:Description>
  <rdf:Description rdf:about='#A14544'>
    <rdf:type rdf:resource='http://www.daml.org/2001/12/factbook/factbook-ont#CommodityPercent'/>
    <NS0:importsCommodity rdf:resource='http://www.daml.org/2001/12/factbook/commodities#machinery_and_equipment'/>
  </rdf:Description>
  <rdf:Description rdf:about='#A14483'>
    <NS0:year>1998</NS0:year>
  </rdf:Description>
  <rdf:Description rdf:about='#A14538'>
    <rdf:type rdf:resource='http://www.daml.org/2001/12/factbook/factbook-ont#CommodityPercent'/>
    <NS0:exportsCommodity rdf:resource='http://www.daml.org/2001/12/factbook/commodities#coffee'/>
  </rdf:Description>
  <rdf:Description rdf:about='#FederalDistrict'>
    <rdf:type rdf:resource='http://www.w3.org/2000/01/rdf-schema#Class'/>
    <rdfs:subClassOf rdf:resource='http://www.daml.org/2001/12/factbook/factbook-ont#AdministrativeDivision'/>
    <rdfs:label>FederalDistrict</rdfs:label>
  </rdf:Description>
  <rdf:Description rdf:about='#A14225'>
    <NS0:note>nominal</NS0:note>
  </rdf:Description>
  <rdf:Description rdf:about='#A14534'>
    <rdf:type rdf:resource='http://www.daml.org/2001/12/factbook/factbook-ont#CommodityPercent'/>
    <NS0:exportsCommodity rdf:resource='http://www.daml.org/2001/12/factbook/commodities#footwear'/>
  </rdf:Description>
  <rdf:Description rdf:about='#A14219'>
    <NS0:note>includes Japanese, Arab, Amerindian</NS0:note>
  </rdf:Description>
  <rdf:Description rdf:about='#A14530'>
    <rdf:type rdf:resource='http://www.daml.org/2001/12/factbook/factbook-ont#CommodityPercent'/>
    <NS0:exportsCommodity rdf:resource='http://www.daml.org/2001/12/factbook/commodities#soybeans'/>
  </rdf:Description>
  <rdf:Description rdf:about='#A14526'>
    <rdf:type rdf:resource='http://www.daml.org/2001/12/factbook/factbook-ont#CommodityPercent'/>
    <NS0:exportsCommodity rdf:resource='http://www.daml.org/2001/12/factbook/commodities#iron_ore'/>
  </rdf:Description>
  <rdf:Description rdf:about='#A14121'>
    <rdf:type rdf:resource='http://www.daml.org/2001/12/factbook/factbook-ont#Estimate'/>
    <NS0:year>1993</NS0:year>
  </rdf:Description>
  <rdf:Description rdf:about='#A14522'>
    <rdf:type rdf:resource='http://www.daml.org/2001/12/factbook/factbook-ont#CommodityPercent'/>
    <NS0:exportsCommodity rdf:resource='http://www.daml.org/2001/12/factbook/commodities#manufactures'/>
  </rdf:Description>
  <rdf:Description rdf:about='#A14153'>
    <rdf:type rdf:resource='http://www.daml.org/2001/12/factbook/factbook-ont#Estimate'/>
    <NS0:year>2001</NS0:year>
  </rdf:Description>
  <rdf:Description rdf:about='#A14703'>
    <rdf:type rdf:resource='http://www.daml.org/2001/12/factbook/factbook-ont#Estimate'/>
    <NS0:year>2001</NS0:year>
  </rdf:Description>
  <rdf:Description rdf:about='#A14449'>
    <rdf:type rdf:resource='http://www.daml.org/2001/12/factbook/factbook-ont#Estimate'/>
    <NS0:year>1999</NS0:year>
  </rdf:Description>
  <rdf:Description rdf:about='#A14508'>
    <NS0:year>1999</NS0:year>
  </rdf:Description>
  <rdf:Description rdf:about='#A14700'>
    <rdf:type rdf:resource='http://www.daml.org/2001/12/factbook/factbook-ont#Estimate'/>
    <NS0:year>2001</NS0:year>
  </rdf:Description>
  <rdf:Description rdf:about='#A14097'>
    <rdf:type rdf:resource='http://www.daml.org/2001/12/factbook/factbook-ont#ElevationExtreme'/>
    <NS0:name>Pico da Neblina</NS0:name>
    <NS0:elevation>3014</NS0:elevation>
  </rdf:Description>
  <rdf:Description rdf:about='#A14092'>
    <rdf:type rdf:resource='http://www.daml.org/2001/12/factbook/factbook-ont#ElevationExtreme'/>
    <NS0:name>Atlantic Ocean</NS0:name>
    <NS0:elevation>0</NS0:elevation>
  </rdf:Description>
  <rdf:Description rdf:about='#A14640'>
    <rdf:type rdf:resource='http://www.daml.org/2001/12/factbook/factbook-ont#Estimate'/>
    <NS0:year>2000</NS0:year>
  </rdf:Description>
  <rdf:Description rdf:about='#A14473'>
    <rdf:type rdf:resource='http://www.daml.org/2001/12/factbook/factbook-ont#OccupationPercent'/>
    <NS0:occupation rdf:resource='http://www.daml.org/2001/12/factbook/occupations#industry'/>
    <NS0:percent>23.7</NS0:percent>
  </rdf:Description>
  <rdf:Description rdf:about='#A14468'>
    <rdf:type rdf:resource='http://www.daml.org/2001/12/factbook/factbook-ont#OccupationPercent'/>
    <NS0:occupation rdf:resource='http://www.daml.org/2001/12/factbook/occupations#agriculture'/>
    <NS0:percent>23.1</NS0:percent>
  </rdf:Description>
  <rdf:Description rdf:about='#A14463'>
    <rdf:type rdf:resource='http://www.daml.org/2001/12/factbook/factbook-ont#OccupationPercent'/>
    <NS0:occupation rdf:resource='http://www.daml.org/2001/12/factbook/occupations#services'/>
    <NS0:percent>53.2</NS0:percent>
  </rdf:Description>
  <rdf:Description rdf:about='#A14230'>
    <NS0:note>official</NS0:note>
  </rdf:Description>
  <rdf:Description rdf:about='#A14074'>
    <rdf:type rdf:resource='http://www.daml.org/2001/12/factbook/factbook-ont#LatLon'/>
    <NS0:latitude>-10.0</NS0:latitude>
    <NS0:longitude>-55.0</NS0:longitude>
  </rdf:Description>
  <rdf:Description rdf:about='#A14118'>
    <rdf:type rdf:resource='http://www.daml.org/2001/12/factbook/factbook-ont#Estimate'/>
    <NS0:year>1993</NS0:year>
  </rdf:Description>
  <rdf:Description rdf:about='#A14499'>
    <NS0:year>1999</NS0:year>
  </rdf:Description>
  <rdf:Description rdf:about='#A14576'>
    <NS0:year>1997</NS0:year>
  </rdf:Description>
  <rdf:Description rdf:about='#A14542'>
    <NS0:note>f.o.b., 2000</NS0:note>
  </rdf:Description>
  <rdf:Description rdf:about='#A14581'>
    <NS0:year>2000</NS0:year>
  </rdf:Description>
  <rdf:Description rdf:about='#A14504'>
    <NS0:year>1999</NS0:year>
  </rdf:Description>
  <rdf:Description rdf:about='#A14567'>
    <NS0:year>1997</NS0:year>
  </rdf:Description>
  <rdf:Description rdf:about='#A14188'>
    <rdf:type rdf:resource='http://www.daml.org/2001/12/factbook/factbook-ont#Estimate'/>
    <NS0:year>2001</NS0:year>
  </rdf:Description>
  <rdf:Description rdf:about='#A14247'>
    <rdf:type rdf:resource='http://www.daml.org/2001/12/factbook/factbook-ont#Estimate'/>
    <NS0:year>1995</NS0:year>
  </rdf:Description>
  <rdf:Description rdf:about='#A14697'>
    <rdf:type rdf:resource='http://www.daml.org/2001/12/factbook/factbook-ont#Estimate'/>
    <NS0:year>2001</NS0:year>
  </rdf:Description>
  <rdf:Description rdf:about='#A14444'>
    <rdf:type rdf:resource='http://www.daml.org/2001/12/factbook/factbook-ont#Estimate'/>
    <NS0:year>2000</NS0:year>
  </rdf:Description>
  <rdf:Description rdf:about='#A14478'>
    <rdf:type rdf:resource='http://www.daml.org/2001/12/factbook/factbook-ont#Estimate'/>
    <NS0:year>2000</NS0:year>
  </rdf:Description>
  <rdf:Description rdf:about='#A14369'>
    <rdf:type rdf:resource='#State'/>
    <NS0:name>Tocantins</NS0:name>
  </rdf:Description>
  <rdf:Description rdf:about='#A14496'>
    <rdf:type rdf:resource='http://www.daml.org/2001/12/factbook/factbook-ont#Estimate'/>
    <NS0:year>2000</NS0:year>
  </rdf:Description>
  <rdf:Description rdf:about='#A14574'>
    <NS0:year>1997</NS0:year>
  </rdf:Description>
  <rdf:Description rdf:about='#A14365'>
    <rdf:type rdf:resource='#State'/>
    <NS0:name>Sergipe</NS0:name>
  </rdf:Description>
  <rdf:Description rdf:about='#A14361'>
    <rdf:type rdf:resource='#State'/>
    <NS0:name>Sao Paulo</NS0:name>
  </rdf:Description>
  <rdf:Description rdf:about='#A14357'>
    <rdf:type rdf:resource='#State'/>
    <NS0:name>Santa Catarina</NS0:name>
  </rdf:Description>
  <rdf:Description rdf:about='#A14353'>
    <rdf:type rdf:resource='#State'/>
    <NS0:name>Roraima</NS0:name>
  </rdf:Description>
  <rdf:Description rdf:about='#A14349'>
    <rdf:type rdf:resource='#State'/>
    <NS0:name>Rondonia</NS0:name>
  </rdf:Description>
  <rdf:Description rdf:about='#A14572'>
    <NS0:year>1997</NS0:year>
  </rdf:Description>
  <rdf:Description rdf:about='#A14452'>
    <rdf:type rdf:resource='http://www.daml.org/2001/12/factbook/factbook-ont#Estimate'/>
    <NS0:year>1990</NS0:year>
  </rdf:Description>
  <rdf:Description rdf:about='#A14345'>
    <rdf:type rdf:resource='#State'/>
    <NS0:name>Rio Grande do Sul</NS0:name>
  </rdf:Description>
  <rdf:Description rdf:about='#A14341'>
    <rdf:type rdf:resource='#State'/>
    <NS0:name>Rio Grande do Norte</NS0:name>
  </rdf:Description>
  <rdf:Description rdf:about='#A14460'>
    <rdf:type rdf:resource='http://www.daml.org/2001/12/factbook/factbook-ont#Estimate'/>
    <NS0:year>1999</NS0:year>
  </rdf:Description>
  <rdf:Description rdf:about='#A14337'>
    <rdf:type rdf:resource='#State'/>
    <NS0:name>Rio de Janeiro</NS0:name>
  </rdf:Description>
  <rdf:Description rdf:about='#A14560'>
    <NS0:year>2000</NS0:year>
  </rdf:Description>
  <rdf:Description rdf:about='#A14333'>
    <rdf:type rdf:resource='#State'/>
    <NS0:name>Piaui</NS0:name>
  </rdf:Description>
  <rdf:Description rdf:about='#A120806'>
    <rdf:type rdf:resource='http://www.daml.org/2001/12/factbook/factbook-ont#CountryPercent'/>
    <NS0:country rdf:resource='http://www.daml.org/2001/09/countries/fips#IT'/>
    <NS0:percent>5</NS0:percent>
  </rdf:Description>
  <rdf:Description rdf:about='#A14329'>
    <rdf:type rdf:resource='#State'/>
    <NS0:name>Pernambuco</NS0:name>
  </rdf:Description>
  <rdf:Description rdf:about='#A120801'>
    <rdf:type rdf:resource='http://www.daml.org/2001/12/factbook/factbook-ont#CountryPercent'/>
    <NS0:country rdf:resource='http://www.daml.org/2001/09/countries/fips#JA'/>
    <NS0:percent>5</NS0:percent>
  </rdf:Description>
  <rdf:Description rdf:about='#A14325'>
    <rdf:type rdf:resource='#State'/>
    <NS0:name>Parana</NS0:name>
  </rdf:Description>
  <rdf:Description rdf:about='#A14585'>
    <NS0:year>1996</NS0:year>
  </rdf:Description>
  <rdf:Description rdf:about='#A120796'>
    <rdf:type rdf:resource='http://www.daml.org/2001/12/factbook/factbook-ont#CountryPercent'/>
    <NS0:country rdf:resource='http://www.daml.org/2001/09/countries/fips#GM'/>
    <NS0:percent>10</NS0:percent>
  </rdf:Description>
  <rdf:Description rdf:about='#A14321'>
    <rdf:type rdf:resource='#State'/>
    <NS0:name>Paraiba</NS0:name>
  </rdf:Description>
  <rdf:Description rdf:about='#A120791'>
    <rdf:type rdf:resource='http://www.daml.org/2001/12/factbook/factbook-ont#CountryPercent'/>
    <NS0:country rdf:resource='http://www.daml.org/2001/09/countries/fips#AR'/>
    <NS0:percent>12</NS0:percent>
  </rdf:Description>
  <rdf:Description rdf:about='#A14317'>
    <rdf:type rdf:resource='#State'/>
    <NS0:name>Para</NS0:name>
  </rdf:Description>
  <rdf:Description rdf:about='#A14313'>
    <rdf:type rdf:resource='#State'/>
    <NS0:name>Minas Gerais</NS0:name>
  </rdf:Description>
  <rdf:Description rdf:about='#A14520'>
    <NS0:note>f.o.b., 2000</NS0:note>
  </rdf:Description>
  <rdf:Description rdf:about='#A120786'>
    <rdf:type rdf:resource='http://www.daml.org/2001/12/factbook/factbook-ont#CountryPercent'/>
    <NS0:country rdf:resource='http://www.daml.org/2001/09/countries/fips#US'/>
    <NS0:percent>24</NS0:percent>
  </rdf:Description>
  <rdf:Description rdf:about='#A14309'>
    <rdf:type rdf:resource='#State'/>
    <NS0:name>Mato Grosso do Sul</NS0:name>
  </rdf:Description>
  <rdf:Description rdf:about='#A14690'>
    <rdf:type rdf:resource='http://www.daml.org/2001/12/factbook/factbook-ont#AirportBreakdown'/>
    <NS0:paved>false</NS0:paved>
    <NS0:maxRunway>913</NS0:maxRunway>
    <NS0:count>1,347 (2000 est.)</NS0:count>
  </rdf:Description>
  <rdf:Description rdf:about='#A120780'>
    <rdf:type rdf:resource='http://www.daml.org/2001/12/factbook/factbook-ont#CountryPercent'/>
    <NS0:country rdf:resource='http://www.daml.org/2001/09/countries/fips#JA'/>
    <NS0:percent>5</NS0:percent>
  </rdf:Description>
  <rdf:Description rdf:about='#A14438'>
    <rdf:type rdf:resource='http://www.daml.org/2001/12/factbook/factbook-ont#Estimate'/>
    <NS0:year>2000</NS0:year>
  </rdf:Description>
  <rdf:Description rdf:about='#A14305'>
    <rdf:type rdf:resource='#State'/>
    <NS0:name>Mato Grosso</NS0:name>
  </rdf:Description>
  <rdf:Description rdf:about='#A120775'>
    <rdf:type rdf:resource='http://www.daml.org/2001/12/factbook/factbook-ont#CountryPercent'/>
    <NS0:country rdf:resource='http://www.daml.org/2001/09/countries/fips#NL'/>
    <NS0:percent>5</NS0:percent>
  </rdf:Description>
  <rdf:Description rdf:about='#A14301'>
    <rdf:type rdf:resource='#State'/>
    <NS0:name>Maranhao</NS0:name>
  </rdf:Description>
  <rdf:Description rdf:about='#A14683'>
    <rdf:type rdf:resource='http://www.daml.org/2001/12/factbook/factbook-ont#AirportBreakdown'/>
    <NS0:paved>false</NS0:paved>
    <NS0:minRunway>914</NS0:minRunway>
    <NS0:maxRunway>1523</NS0:maxRunway>
    <NS0:count>1,279</NS0:count>
  </rdf:Description>
  <rdf:Description rdf:about='#A14297'>
    <rdf:type rdf:resource='#State'/>
    <NS0:name>Goias</NS0:name>
  </rdf:Description>
  <rdf:Description rdf:about='#A120770'>
    <rdf:type rdf:resource='http://www.daml.org/2001/12/factbook/factbook-ont#CountryPercent'/>
    <NS0:country rdf:resource='http://www.daml.org/2001/09/countries/fips#GM'/>
    <NS0:percent>5</NS0:percent>
  </rdf:Description>
  <rdf:Description rdf:about='#A14293'>
    <rdf:type rdf:resource='#State'/>
    <NS0:name>Espirito Santo</NS0:name>
  </rdf:Description>
  <rdf:Description rdf:about='#A14676'>
    <rdf:type rdf:resource='http://www.daml.org/2001/12/factbook/factbook-ont#AirportBreakdown'/>
    <NS0:paved>false</NS0:paved>
    <NS0:minRunway>1524</NS0:minRunway>
    <NS0:maxRunway>2437</NS0:maxRunway>
    <NS0:count>68</NS0:count>
  </rdf:Description>
  <rdf:Description rdf:about='#A14203'>
    <NS0:note>includes Portuguese, German, Italian, Spanish, Polish</NS0:note>
  </rdf:Description>
  <rdf:Description rdf:about='#A120765'>
    <rdf:type rdf:resource='http://www.daml.org/2001/12/factbook/factbook-ont#CountryPercent'/>
    <NS0:country rdf:resource='http://www.daml.org/2001/09/countries/fips#AR'/>
    <NS0:percent>11</NS0:percent>
  </rdf:Description>
  <rdf:Description rdf:about='#A14289'>
    <rdf:type rdf:resource='#FederalDistrict'/>
    <NS0:name>Distrito Federal</NS0:name>
  </rdf:Description>
  <rdf:Description rdf:about='#A14670'>
    <rdf:type rdf:resource='http://www.daml.org/2001/12/factbook/factbook-ont#AirportBreakdown'/>
    <NS0:paved>true</NS0:paved>
    <NS0:maxRunway>913</NS0:maxRunway>
    <NS0:count>33 (2000 est.)</NS0:count>
  </rdf:Description>
  <rdf:Description rdf:about='#A120760'>
    <rdf:type rdf:resource='http://www.daml.org/2001/12/factbook/factbook-ont#CountryPercent'/>
    <NS0:country rdf:resource='http://www.daml.org/2001/09/countries/fips#US'/>
    <NS0:percent>23</NS0:percent>
  </rdf:Description>
  <rdf:Description rdf:about='#A14285'>
    <rdf:type rdf:resource='#State'/>
    <NS0:name>Ceara</NS0:name>
  </rdf:Description>
  <rdf:Description rdf:about='#A120755'>
    <rdf:type rdf:resource='http://www.daml.org/2001/12/factbook/factbook-ont#Border'/>
    <NS0:country rdf:resource='http://www.daml.org/2001/09/countries/fips#VE'/>
    <NS0:distance>2200</NS0:distance>
  </rdf:Description>
  <rdf:Description rdf:about='#A14708'>
    <NS0:note>FY99</NS0:note>
  </rdf:Description>
  <rdf:Description rdf:about='#A14281'>
    <rdf:type rdf:resource='#State'/>
    <NS0:name>Bahia</NS0:name>
  </rdf:Description>
  <rdf:Description rdf:about='#A14663'>
    <rdf:type rdf:resource='http://www.daml.org/2001/12/factbook/factbook-ont#AirportBreakdown'/>
    <NS0:paved>true</NS0:paved>
    <NS0:minRunway>914</NS0:minRunway>
    <NS0:maxRunway>1523</NS0:maxRunway>
    <NS0:count>370</NS0:count>
  </rdf:Description>
  <rdf:Description rdf:about='#A120784'>
    <NS0:note>1999</NS0:note>
  </rdf:Description>
  <rdf:Description rdf:about='#A14277'>
    <rdf:type rdf:resource='#State'/>
    <NS0:name>Amazonas</NS0:name>
  </rdf:Description>
  <rdf:Description rdf:about='#A14441'>
    <rdf:type rdf:resource='http://www.daml.org/2001/12/factbook/factbook-ont#Estimate'/>
    <NS0:year>2000</NS0:year>
  </rdf:Description>
  <rdf:Description rdf:about='#A120750'>
    <rdf:type rdf:resource='http://www.daml.org/2001/12/factbook/factbook-ont#Border'/>
    <NS0:country rdf:resource='http://www.daml.org/2001/09/countries/fips#UY'/>
    <NS0:distance>985</NS0:distance>
  </rdf:Description>
  <rdf:Description rdf:about='#A14273'>
    <rdf:type rdf:resource='#State'/>
    <NS0:name>Amapa</NS0:name>
  </rdf:Description>
  <rdf:Description rdf:about='#A14656'>
    <rdf:type rdf:resource='http://www.daml.org/2001/12/factbook/factbook-ont#AirportBreakdown'/>
    <NS0:paved>true</NS0:paved>
    <NS0:minRunway>1524</NS0:minRunway>
    <NS0:maxRunway>2437</NS0:maxRunway>
    <NS0:count>141</NS0:count>
  </rdf:Description>
  <rdf:Description rdf:about='#A120745'>
    <rdf:type rdf:resource='http://www.daml.org/2001/12/factbook/factbook-ont#Border'/>
    <NS0:country rdf:resource='http://www.daml.org/2001/09/countries/fips#NS'/>
    <NS0:distance>597</NS0:distance>
  </rdf:Description>
  <rdf:Description rdf:about='#State'>
    <rdf:type rdf:resource='http://www.w3.org/2000/01/rdf-schema#Class'/>
    <rdfs:subClassOf rdf:resource='http://www.daml.org/2001/12/factbook/factbook-ont#AdministrativeDivision'/>
    <rdfs:label>State</rdfs:label>
  </rdf:Description>
  <rdf:Description rdf:about='#A14269'>
    <rdf:type rdf:resource='#State'/>
    <NS0:name>Alagoas</NS0:name>
  </rdf:Description>
  <rdf:Description rdf:about='#A120740'>
    <rdf:type rdf:resource='http://www.daml.org/2001/12/factbook/factbook-ont#Border'/>
    <NS0:country rdf:resource='http://www.daml.org/2001/09/countries/fips#PE'/>
    <NS0:distance>1560</NS0:distance>
  </rdf:Description>
  <rdf:Description rdf:about='#A14649'>
    <rdf:type rdf:resource='http://www.daml.org/2001/12/factbook/factbook-ont#AirportBreakdown'/>
    <NS0:paved>true</NS0:paved>
    <NS0:minRunway>2438</NS0:minRunway>
    <NS0:maxRunway>3047</NS0:maxRunway>
    <NS0:count>21</NS0:count>
  </rdf:Description>
  <rdf:Description rdf:about='#A14456'>
    <NS0:year>1996</NS0:year>
  </rdf:Description>
  <rdf:Description rdf:about='#A14265'>
    <rdf:type rdf:resource='#State'/>
    <NS0:name>Acre</NS0:name>
  </rdf:Description>
  <rdf:Description rdf:about='#A120735'>
    <rdf:type rdf:resource='http://www.daml.org/2001/12/factbook/factbook-ont#Border'/>
    <NS0:country rdf:resource='http://www.daml.org/2001/09/countries/fips#PA'/>
    <NS0:distance>1290</NS0:distance>
  </rdf:Description>
  <rdf:Description rdf:about='#A14643'>
    <rdf:type rdf:resource='http://www.daml.org/2001/12/factbook/factbook-ont#AirportBreakdown'/>
    <NS0:paved>true</NS0:paved>
    <NS0:minRunway>3048</NS0:minRunway>
    <NS0:count>5</NS0:count>
  </rdf:Description>
  <rdf:Description rdf:about='#A120730'>
    <rdf:type rdf:resource='http://www.daml.org/2001/12/factbook/factbook-ont#Border'/>
    <NS0:country rdf:resource='http://www.daml.org/2001/09/countries/fips#GY'/>
    <NS0:distance>1119</NS0:distance>
  </rdf:Description>
  <rdf:Description rdf:about='#A14565'>
    <NS0:year>1997</NS0:year>
  </rdf:Description>
  <rdf:Description rdf:about='#A14255'>
    <rdf:type rdf:resource='http://www.daml.org/2001/12/factbook/factbook-ont#CapitalCity'/>
    <NS0:name>Brasilia</NS0:name>
  </rdf:Description>
  <rdf:Description rdf:about='#A14636'>
    <rdf:type rdf:resource='http://www.daml.org/2001/12/factbook/factbook-ont#Port'/>
    <NS0:name>Vitoria</NS0:name>
  </rdf:Description>
  <rdf:Description rdf:about='#A14150'>
    <rdf:type rdf:resource='http://www.daml.org/2001/12/factbook/factbook-ont#Estimate'/>
    <NS0:year>2001</NS0:year>
  </rdf:Description>
  <rdf:Description rdf:about='#A120725'>
    <rdf:type rdf:resource='http://www.daml.org/2001/12/factbook/factbook-ont#Border'/>
    <NS0:country rdf:resource='http://www.daml.org/2001/09/countries/fips#FG'/>
    <NS0:distance>673</NS0:distance>
  </rdf:Description>
  <rdf:Description rdf:about='#A14632'>
    <rdf:type rdf:resource='http://www.daml.org/2001/12/factbook/factbook-ont#Port'/>
    <NS0:name>Santos</NS0:name>
  </rdf:Description>
  <rdf:Description rdf:about='#A14579'>
    <NS0:year>2000</NS0:year>
  </rdf:Description>
  <rdf:Description rdf:about='#A120720'>
    <rdf:type rdf:resource='http://www.daml.org/2001/12/factbook/factbook-ont#Border'/>
    <NS0:country rdf:resource='http://www.daml.org/2001/09/countries/fips#CO'/>
    <NS0:distance>1643</NS0:distance>
  </rdf:Description>
  <rdf:Description rdf:about='#A14628'>
    <rdf:type rdf:resource='http://www.daml.org/2001/12/factbook/factbook-ont#Port'/>
    <NS0:name>Salvador</NS0:name>
  </rdf:Description>
  <rdf:Description rdf:about='#A120715'>
    <rdf:type rdf:resource='http://www.daml.org/2001/12/factbook/factbook-ont#Border'/>
    <NS0:country rdf:resource='http://www.daml.org/2001/09/countries/fips#BL'/>
    <NS0:distance>3400</NS0:distance>
  </rdf:Description>
  <rdf:Description rdf:about='#A14624'>
    <rdf:type rdf:resource='http://www.daml.org/2001/12/factbook/factbook-ont#Port'/>
    <NS0:name>Rio Grande</NS0:name>
  </rdf:Description>
  <rdf:Description rdf:about='#A14240'>
    <rdf:type rdf:resource='http://www.daml.org/2001/12/factbook/factbook-ont#LanguagePercent'/>
    <NS0:language rdf:resource='http://www.daml.org/2001/12/factbook/languages#French'/>
  </rdf:Description>
  <rdf:Description rdf:about='#A14191'>
    <rdf:type rdf:resource='http://www.daml.org/2001/12/factbook/factbook-ont#Estimate'/>
    <NS0:year>2001</NS0:year>
  </rdf:Description>
  <rdf:Description rdf:about='#A14620'>
    <rdf:type rdf:resource='http://www.daml.org/2001/12/factbook/factbook-ont#Port'/>
    <NS0:name>Rio de Janeiro</NS0:name>
  </rdf:Description>
  <rdf:Description rdf:about='#A14236'>
    <rdf:type rdf:resource='http://www.daml.org/2001/12/factbook/factbook-ont#LanguagePercent'/>
    <NS0:language rdf:resource='http://www.daml.org/2001/12/factbook/languages#English'/>
  </rdf:Description>
  <rdf:Description rdf:about='#A120710'>
    <rdf:type rdf:resource='http://www.daml.org/2001/12/factbook/factbook-ont#Border'/>
    <NS0:country rdf:resource='http://www.daml.org/2001/09/countries/fips#AR'/>
    <NS0:distance>1224</NS0:distance>
  </rdf:Description>
  <rdf:Description rdf:about='#A14616'>
    <rdf:type rdf:resource='http://www.daml.org/2001/12/factbook/factbook-ont#Port'/>
    <NS0:name>Recife</NS0:name>
  </rdf:Description>
  <rdf:Description rdf:about='#A14232'>
    <rdf:type rdf:resource='http://www.daml.org/2001/12/factbook/factbook-ont#LanguagePercent'/>
    <NS0:language rdf:resource='http://www.daml.org/2001/12/factbook/languages#Spanish'/>
  </rdf:Description>
  <rdf:Description rdf:about='#A14706'>
    <NS0:note>FY99</NS0:note>
  </rdf:Description>
  <rdf:Description rdf:about='#A14612'>
    <rdf:type rdf:resource='http://www.daml.org/2001/12/factbook/factbook-ont#Port'/>
    <NS0:name>Porto Alegre</NS0:name>
  </rdf:Description>
  <rdf:Description rdf:about='#A14227'>
    <rdf:type rdf:resource='http://www.daml.org/2001/12/factbook/factbook-ont#LanguagePercent'/>
    <NS0:language rdf:resource='http://www.daml.org/2001/12/factbook/languages#Portuguese'/>
  </rdf:Description>
  <rdf:Description rdf:about='#A14608'>
    <rdf:type rdf:resource='http://www.daml.org/2001/12/factbook/factbook-ont#Port'/>
    <NS0:name>Paranagua</NS0:name>
  </rdf:Description>
  <rdf:Description rdf:about='#A14458'>
    <NS0:year>2000</NS0:year>
  </rdf:Description>
  <rdf:Description rdf:about='#A14221'>
    <rdf:type rdf:resource='http://www.daml.org/2001/12/factbook/factbook-ont#ReligionPercent'/>
    <NS0:religion rdf:resource='http://www.daml.org/2001/12/factbook/religions#Roman_Catholic'/>
    <NS0:percent>80</NS0:percent>
  </rdf:Description>
  <rdf:Description rdf:about='#A14604'>
    <rdf:type rdf:resource='http://www.daml.org/2001/12/factbook/factbook-ont#Port'/>
    <NS0:name>Manaus</NS0:name>
  </rdf:Description>
  <rdf:Description rdf:about='#A14600'>
    <rdf:type rdf:resource='http://www.daml.org/2001/12/factbook/factbook-ont#Port'/>
    <NS0:name>Imbituba</NS0:name>
  </rdf:Description>
  <rdf:Description rdf:about='#A14215'>
    <rdf:type rdf:resource='http://www.daml.org/2001/12/factbook/factbook-ont#EthnicGroupPercent'/>
    <NS0:ethnicGroup rdf:resource='http://www.daml.org/2001/12/factbook/ethnicGroups#other'/>
    <NS0:percent>1</NS0:percent>
  </rdf:Description>
  <rdf:Description rdf:about='#A14596'>
    <rdf:type rdf:resource='http://www.daml.org/2001/12/factbook/factbook-ont#Port'/>
    <NS0:name>Ilheus</NS0:name>
  </rdf:Description>
  <rdf:Description rdf:about='#A14159'>
    <rdf:type rdf:resource='http://www.daml.org/2001/12/factbook/factbook-ont#Estimate'/>
    <NS0:year>2001</NS0:year>
  </rdf:Description>
  <rdf:Description rdf:about='#A14210'>
    <rdf:type rdf:resource='http://www.daml.org/2001/12/factbook/factbook-ont#EthnicGroupPercent'/>
    <NS0:ethnicGroup rdf:resource='http://www.daml.org/2001/12/factbook/ethnicGroups#black'/>
    <NS0:percent>6</NS0:percent>
  </rdf:Description>
  <rdf:Description rdf:about='#A14592'>
    <rdf:type rdf:resource='http://www.daml.org/2001/12/factbook/factbook-ont#Port'/>
    <NS0:name>Fortaleza</NS0:name>
  </rdf:Description>
  <rdf:Description rdf:about='#A14156'>
    <rdf:type rdf:resource='http://www.daml.org/2001/12/factbook/factbook-ont#Estimate'/>
    <NS0:year>2001</NS0:year>
  </rdf:Description>
  <rdf:Description rdf:about='#A14205'>
    <rdf:type rdf:resource='http://www.daml.org/2001/12/factbook/factbook-ont#EthnicGroupPercent'/>
    <NS0:ethnicGroup rdf:resource='http://www.daml.org/2001/12/factbook/ethnicGroups#mixed_white_and_black'/>
    <NS0:percent>38</NS0:percent>
  </rdf:Description>
  <rdf:Description rdf:about='#A14588'>
    <rdf:type rdf:resource='http://www.daml.org/2001/12/factbook/factbook-ont#Port'/>
    <NS0:name>Belem</NS0:name>
  </rdf:Description>
  <rdf:Description rdf:about='#A14199'>
    <rdf:type rdf:resource='http://www.daml.org/2001/12/factbook/factbook-ont#EthnicGroupPercent'/>
    <NS0:ethnicGroup rdf:resource='http://www.daml.org/2001/12/factbook/ethnicGroups#white'/>
    <NS0:percent>55</NS0:percent>
  </rdf:Description>
  <rdf:Description rdf:about='#A14194'>
    <rdf:type rdf:resource='http://www.daml.org/2001/12/factbook/factbook-ont#Estimate'/>
    <NS0:year>2001</NS0:year>
  </rdf:Description>
  <rdf:Description rdf:about='#A14185'>
    <rdf:type rdf:resource='http://www.daml.org/2001/12/factbook/factbook-ont#SexRatioBreakdown'/>
    <NS0:ratio>0.97</NS0:ratio>
  </rdf:Description>
  <rdf:Description rdf:about='http://www.daml.org/2001/09/countries/fips#BR'>
    <NS0:background>Following three centuries under the rule of Portugal, Brazil became an independent nation in 1822. By far the largest and most populous country in South America, Brazil has overcome more than half a century of military intervention in the governance of the country to pursue industrial and agricultural growth and development of the interior. Exploiting vast natural resources and a large labor pool, Brazil became Latin America&apos;s leading economic power by the 1970s. Highly unequal income distribution remains a pressing problem.</NS0:background>
    <NS0:location>Eastern South America, bordering the Atlantic Ocean</NS0:location>
    <NS0:geographicCoordinates rdf:resource='#A14074'/>
    <NS0:mapReferences>South America</NS0:mapReferences>
    <NS0:totalArea>8511965</NS0:totalArea>
    <NS0:landArea>8456510</NS0:landArea>
    <NS0:waterArea>55455</NS0:waterArea>
    <NS0:comparativeArea>slightly smaller than the US</NS0:comparativeArea>
    <NS0:landBoundaries>14691</NS0:landBoundaries>
    <NS0:coastline>7491</NS0:coastline>
    <NS0:contiguousZone>24</NS0:contiguousZone>
    <NS0:continentalShelf>200</NS0:continentalShelf>
    <NS0:exclusiveEconomicZone>200</NS0:exclusiveEconomicZone>
    <NS0:territorialSea>12</NS0:territorialSea>
    <NS0:climate>mostly tropical, but temperate in south</NS0:climate>
    <NS0:terrain>mostly flat to rolling lowlands in north; some plains, hills, mountains, and narrow coastal belt</NS0:terrain>
    <NS0:lowestPoint rdf:resource='#A14092'/>
    <NS0:highestPoint rdf:resource='#A14097'/>
    <NS0:naturalResource rdf:resource='http://www.daml.org/2001/12/factbook/naturalResources#bauxite'/>
    <NS0:naturalResource rdf:resource='http://www.daml.org/2001/12/factbook/naturalResources#gold'/>
    <NS0:naturalResource rdf:resource='http://www.daml.org/2001/12/factbook/naturalResources#iron_ore'/>
    <NS0:naturalResource rdf:resource='http://www.daml.org/2001/12/factbook/naturalResources#manganese'/>
    <NS0:naturalResource rdf:resource='http://www.daml.org/2001/12/factbook/naturalResources#nickel'/>
    <NS0:naturalResource rdf:resource='http://www.daml.org/2001/12/factbook/naturalResources#phosphates'/>
    <NS0:naturalResource rdf:resource='http://www.daml.org/2001/12/factbook/naturalResources#platinum'/>
    <NS0:naturalResource rdf:resource='http://www.daml.org/2001/12/factbook/naturalResources#tin'/>
    <NS0:naturalResource rdf:resource='http://www.daml.org/2001/12/factbook/naturalResources#uranium'/>
    <NS0:naturalResource rdf:resource='http://www.daml.org/2001/12/factbook/naturalResources#petroleum'/>
    <NS0:naturalResource rdf:resource='http://www.daml.org/2001/12/factbook/naturalResources#hydropower'/>
    <NS0:naturalResource rdf:resource='http://www.daml.org/2001/12/factbook/naturalResources#timber'/>
    <NS0:arableLand>5</NS0:arableLand>
    <NS0:permanentCrops>1</NS0:permanentCrops>
    <NS0:permanentPastures>22</NS0:permanentPastures>
    <NS0:forestsAndWoodland>58</NS0:forestsAndWoodland>
    <NS0:otherLandUse rdf:ID='A14118'>14</NS0:otherLandUse>
    <NS0:irrigatedLand rdf:ID='A14121'>28000</NS0:irrigatedLand>
    <NS0:naturalHazard>recurring droughts in northeast</NS0:naturalHazard>
    <NS0:naturalHazard>floods and occasional frost in south</NS0:naturalHazard>
    <NS0:environmentalIssue>deforestation in Amazon Basin destroys the habitat and endangers the existence of a multitude of plant and animal species indigenous to the area</NS0:environmentalIssue>
    <NS0:environmentalIssue>air and water pollution in Rio de Janeiro, Sao Paulo, and several other large cities</NS0:environmentalIssue>
    <NS0:environmentalIssue>land degradation and water pollution caused by improper mining activities</NS0:environmentalIssue>
    <NS0:environmentalAgreementPartyTo rdf:resource='http://www.daml.org/2001/12/factbook/environmentalAgreements#Antarctic-Environmental_Protocol'/>
    <NS0:environmentalAgreementPartyTo rdf:resource='http://www.daml.org/2001/12/factbook/environmentalAgreements#Antarctic-Marine_Living_Resources'/>
    <NS0:environmentalAgreementPartyTo rdf:resource='http://www.daml.org/2001/12/factbook/environmentalAgreements#Antarctic_Seals'/>
    <NS0:environmentalAgreementPartyTo rdf:resource='http://www.daml.org/2001/12/factbook/environmentalAgreements#Antarctic_Treaty'/>
    <NS0:environmentalAgreementPartyTo rdf:resource='http://www.daml.org/2001/12/factbook/environmentalAgreements#Biodiversity'/>
    <NS0:environmentalAgreementPartyTo rdf:resource='http://www.daml.org/2001/12/factbook/environmentalAgreements#Climate_Change'/>
    <NS0:environmentalAgreementPartyTo rdf:resource='http://www.daml.org/2001/12/factbook/environmentalAgreements#Desertification'/>
    <NS0:environmentalAgreementPartyTo rdf:resource='http://www.daml.org/2001/12/factbook/environmentalAgreements#Endangered_Species'/>
    <NS0:environmentalAgreementPartyTo rdf:resource='http://www.daml.org/2001/12/factbook/environmentalAgreements#Environmental_Modification'/>
    <NS0:environmentalAgreementPartyTo rdf:resource='http://www.daml.org/2001/12/factbook/environmentalAgreements#Hazardous_Wastes'/>
    <NS0:environmentalAgreementPartyTo rdf:resource='http://www.daml.org/2001/12/factbook/environmentalAgreements#Law_of_the_Sea'/>
    <NS0:environmentalAgreementPartyTo rdf:resource='http://www.daml.org/2001/12/factbook/environmentalAgreements#Marine_Dumping'/>
    <NS0:environmentalAgreementPartyTo rdf:resource='http://www.daml.org/2001/12/factbook/environmentalAgreements#Nuclear_Test_Ban'/>
    <NS0:environmentalAgreementPartyTo rdf:resource='http://www.daml.org/2001/12/factbook/environmentalAgreements#Ozone_Layer_Protection'/>
    <NS0:environmentalAgreementPartyTo rdf:resource='http://www.daml.org/2001/12/factbook/environmentalAgreements#Ship_Pollution'/>
    <NS0:environmentalAgreementPartyTo rdf:resource='http://www.daml.org/2001/12/factbook/environmentalAgreements#Tropical_Timber_83'/>
    <NS0:environmentalAgreementPartyTo rdf:resource='http://www.daml.org/2001/12/factbook/environmentalAgreements#Tropical_Timber_94'/>
    <NS0:environmentalAgreementPartyTo rdf:resource='http://www.daml.org/2001/12/factbook/environmentalAgreements#Wetlands'/>
    <NS0:environmentalAgreementPartyTo rdf:resource='http://www.daml.org/2001/12/factbook/environmentalAgreements#Whaling'/>
    <NS0:environmentalAgreementSigned rdf:resource='http://www.daml.org/2001/12/factbook/environmentalAgreements#Climate_Change-Kyoto_Protocol'/>
    <NS0:population>174468575</NS0:population>
    <NS0:populationGrowthRate rdf:ID='A14150'>0.91</NS0:populationGrowthRate>
    <NS0:birthRate rdf:ID='A14153'>18.45</NS0:birthRate>
    <NS0:deathRate rdf:ID='A14156'>9.34</NS0:deathRate>
    <NS0:netMigrationRate rdf:ID='A14159'>-0.03</NS0:netMigrationRate>
    <NS0:sexRatio rdf:resource='#A14162'/>
    <NS0:sexRatio rdf:resource='#A14168'/>
    <NS0:sexRatio rdf:resource='#A14174'/>
    <NS0:sexRatio rdf:resource='#A14180'/>
    <NS0:sexRatio rdf:ID='A14188' rdf:resource='#A14185'/>
    <NS0:infantMortalityRate rdf:ID='A14191'>36.96</NS0:infantMortalityRate>
    <NS0:totalFertilityRate rdf:ID='A14194'>2.09</NS0:totalFertilityRate>
    <NS0:nationalityNoun>Brazilian(s)</NS0:nationalityNoun>
    <NS0:nationalityAdjective>Brazilian</NS0:nationalityAdjective>
    <NS0:ethnicGroup rdf:ID='A14203' rdf:resource='#A14199'/>
    <NS0:ethnicGroup rdf:resource='#A14205'/>
    <NS0:ethnicGroup rdf:resource='#A14210'/>
    <NS0:ethnicGroup rdf:ID='A14219' rdf:resource='#A14215'/>
    <NS0:religion rdf:ID='A14225' rdf:resource='#A14221'/>
    <NS0:language rdf:ID='A14230' rdf:resource='#A14227'/>
    <NS0:language rdf:resource='#A14232'/>
    <NS0:language rdf:resource='#A14236'/>
    <NS0:language rdf:resource='#A14240'/>
    <NS0:literacyDefinition>age 15 and over can read and write</NS0:literacyDefinition>
    <NS0:literacyTotal>83.3</NS0:literacyTotal>
    <NS0:literacyMale>83.3</NS0:literacyMale>
    <NS0:literacyFemale rdf:ID='A14247'>83.2</NS0:literacyFemale>
    <NS0:conventionalLongCountryName>Federative Republic of Brazil</NS0:conventionalLongCountryName>
    <NS0:conventionalShortCountryName>Brazil</NS0:conventionalShortCountryName>
    <NS0:localLongCountryName>Republica Federativa do Brasil</NS0:localLongCountryName>
    <NS0:localShortCountryName>Brasil</NS0:localShortCountryName>
    <NS0:governmentType rdf:resource='http://www.daml.org/2001/12/factbook/governmentTypes#federative_republic'/>
    <NS0:capital rdf:resource='#A14255'/>
    <NS0:administrativeDivision rdf:resource='#A14265'/>
    <NS0:administrativeDivision rdf:resource='#A14269'/>
    <NS0:administrativeDivision rdf:resource='#A14273'/>
    <NS0:administrativeDivision rdf:resource='#A14277'/>
    <NS0:administrativeDivision rdf:resource='#A14281'/>
    <NS0:administrativeDivision rdf:resource='#A14285'/>
    <NS0:administrativeDivision rdf:resource='#A14289'/>
    <NS0:administrativeDivision rdf:resource='#A14293'/>
    <NS0:administrativeDivision rdf:resource='#A14297'/>
    <NS0:administrativeDivision rdf:resource='#A14301'/>
    <NS0:administrativeDivision rdf:resource='#A14305'/>
    <NS0:administrativeDivision rdf:resource='#A14309'/>
    <NS0:administrativeDivision rdf:resource='#A14313'/>
    <NS0:administrativeDivision rdf:resource='#A14317'/>
    <NS0:administrativeDivision rdf:resource='#A14321'/>
    <NS0:administrativeDivision rdf:resource='#A14325'/>
    <NS0:administrativeDivision rdf:resource='#A14329'/>
    <NS0:administrativeDivision rdf:resource='#A14333'/>
    <NS0:administrativeDivision rdf:resource='#A14337'/>
    <NS0:administrativeDivision rdf:resource='#A14341'/>
    <NS0:administrativeDivision rdf:resource='#A14345'/>
    <NS0:administrativeDivision rdf:resource='#A14349'/>
    <NS0:administrativeDivision rdf:resource='#A14353'/>
    <NS0:administrativeDivision rdf:resource='#A14357'/>
    <NS0:administrativeDivision rdf:resource='#A14361'/>
    <NS0:administrativeDivision rdf:resource='#A14365'/>
    <NS0:administrativeDivision rdf:resource='#A14369'/>
    <NS0:independence>7 September 1822 (from Portugal)</NS0:independence>
    <NS0:constitution>5 October 1988</NS0:constitution>
    <NS0:legalSystem>based on Roman codes; has not accepted compulsory ICJ jurisdiction</NS0:legalSystem>
    <NS0:suffrage>voluntary between 16 and 18 years of age and over 70; compulsory over 18 and under 70 years of age</NS0:suffrage>
    <NS0:participatesIn rdf:resource='http://www.daml.org/2001/12/factbook/internationalOrganizations#AfDB'/>
    <NS0:participatesIn rdf:resource='http://www.daml.org/2001/12/factbook/internationalOrganizations#BIS'/>
    <NS0:participatesIn rdf:resource='http://www.daml.org/2001/12/factbook/internationalOrganizations#CCC'/>
    <NS0:participatesIn rdf:resource='http://www.daml.org/2001/12/factbook/internationalOrganizations#ECLAC'/>
    <NS0:participatesIn rdf:resource='http://www.daml.org/2001/12/factbook/internationalOrganizations#FAO'/>
    <NS0:participatesIn rdf:resource='http://www.daml.org/2001/12/factbook/internationalOrganizations#G-11'/>
    <NS0:participatesIn rdf:resource='http://www.daml.org/2001/12/factbook/internationalOrganizations#G-15'/>
    <NS0:participatesIn rdf:resource='http://www.daml.org/2001/12/factbook/internationalOrganizations#G-19'/>
    <NS0:participatesIn rdf:resource='http://www.daml.org/2001/12/factbook/internationalOrganizations#G-24'/>
    <NS0:participatesIn rdf:resource='http://www.daml.org/2001/12/factbook/internationalOrganizations#G-77'/>
    <NS0:participatesIn rdf:resource='http://www.daml.org/2001/12/factbook/internationalOrganizations#IADB'/>
    <NS0:participatesIn rdf:resource='http://www.daml.org/2001/12/factbook/internationalOrganizations#IAEA'/>
    <NS0:participatesIn rdf:resource='http://www.daml.org/2001/12/factbook/internationalOrganizations#IBRD'/>
    <NS0:participatesIn rdf:resource='http://www.daml.org/2001/12/factbook/internationalOrganizations#ICAO'/>
    <NS0:participatesIn rdf:resource='http://www.daml.org/2001/12/factbook/internationalOrganizations#ICC'/>
    <NS0:participatesIn rdf:resource='http://www.daml.org/2001/12/factbook/internationalOrganizations#ICFTU'/>
    <NS0:participatesIn rdf:resource='http://www.daml.org/2001/12/factbook/internationalOrganizations#ICRM'/>
    <NS0:participatesIn rdf:resource='http://www.daml.org/2001/12/factbook/internationalOrganizations#IDA'/>
    <NS0:participatesIn rdf:resource='http://www.daml.org/2001/12/factbook/internationalOrganizations#IFAD'/>
    <NS0:participatesIn rdf:resource='http://www.daml.org/2001/12/factbook/internationalOrganizations#IFC'/>
    <NS0:participatesIn rdf:resource='http://www.daml.org/2001/12/factbook/internationalOrganizations#IFRCS'/>
    <NS0:participatesIn rdf:resource='http://www.daml.org/2001/12/factbook/internationalOrganizations#IHO'/>
    <NS0:participatesIn rdf:resource='http://www.daml.org/2001/12/factbook/internationalOrganizations#ILO'/>
    <NS0:participatesIn rdf:resource='http://www.daml.org/2001/12/factbook/internationalOrganizations#IMF'/>
    <NS0:participatesIn rdf:resource='http://www.daml.org/2001/12/factbook/internationalOrganizations#IMO'/>
    <NS0:participatesIn rdf:resource='http://www.daml.org/2001/12/factbook/internationalOrganizations#Inmarsat'/>
    <NS0:participatesIn rdf:resource='http://www.daml.org/2001/12/factbook/internationalOrganizations#Intelsat'/>
    <NS0:participatesIn rdf:resource='http://www.daml.org/2001/12/factbook/internationalOrganizations#Interpol'/>
    <NS0:participatesIn rdf:resource='http://www.daml.org/2001/12/factbook/internationalOrganizations#IOC'/>
    <NS0:participatesIn rdf:resource='http://www.daml.org/2001/12/factbook/internationalOrganizations#IOM'/>
    <NS0:participatesIn rdf:resource='http://www.daml.org/2001/12/factbook/internationalOrganizations#ISO'/>
    <NS0:participatesIn rdf:resource='http://www.daml.org/2001/12/factbook/internationalOrganizations#ITU'/>
    <NS0:participatesIn rdf:resource='http://www.daml.org/2001/12/factbook/internationalOrganizations#LAES'/>
    <NS0:participatesIn rdf:resource='http://www.daml.org/2001/12/factbook/internationalOrganizations#LAIA'/>
    <NS0:participatesIn rdf:resource='http://www.daml.org/2001/12/factbook/internationalOrganizations#Mercosur'/>
    <NS0:participatesIn rdf:resource='http://www.daml.org/2001/12/factbook/internationalOrganizations#NAM'/>
    <NS0:participatesIn rdf:resource='http://www.daml.org/2001/12/factbook/internationalOrganizations#NSG'/>
    <NS0:participatesIn rdf:resource='http://www.daml.org/2001/12/factbook/internationalOrganizations#OAS'/>
    <NS0:participatesIn rdf:resource='http://www.daml.org/2001/12/factbook/internationalOrganizations#OPANAL'/>
    <NS0:participatesIn rdf:resource='http://www.daml.org/2001/12/factbook/internationalOrganizations#OPCW'/>
    <NS0:participatesIn rdf:resource='http://www.daml.org/2001/12/factbook/internationalOrganizations#PCA'/>
    <NS0:participatesIn rdf:resource='http://www.daml.org/2001/12/factbook/internationalOrganizations#RG'/>
    <NS0:participatesIn rdf:resource='http://www.daml.org/2001/12/factbook/internationalOrganizations#UN'/>
    <NS0:participatesIn rdf:resource='http://www.daml.org/2001/12/factbook/internationalOrganizations#UNCTAD'/>
    <NS0:participatesIn rdf:resource='http://www.daml.org/2001/12/factbook/internationalOrganizations#UNESCO'/>
    <NS0:participatesIn rdf:resource='http://www.daml.org/2001/12/factbook/internationalOrganizations#UNHCR'/>
    <NS0:participatesIn rdf:resource='http://www.daml.org/2001/12/factbook/internationalOrganizations#UNIDO'/>
    <NS0:participatesIn rdf:resource='http://www.daml.org/2001/12/factbook/internationalOrganizations#UNITAR'/>
    <NS0:participatesIn rdf:resource='http://www.daml.org/2001/12/factbook/internationalOrganizations#UNMOP'/>
    <NS0:participatesIn rdf:resource='http://www.daml.org/2001/12/factbook/internationalOrganizations#UNTAET'/>
    <NS0:participatesIn rdf:resource='http://www.daml.org/2001/12/factbook/internationalOrganizations#UNU'/>
    <NS0:participatesIn rdf:resource='http://www.daml.org/2001/12/factbook/internationalOrganizations#UPU'/>
    <NS0:participatesIn rdf:resource='http://www.daml.org/2001/12/factbook/internationalOrganizations#WCL'/>
    <NS0:participatesIn rdf:resource='http://www.daml.org/2001/12/factbook/internationalOrganizations#WFTU'/>
    <NS0:participatesIn rdf:resource='http://www.daml.org/2001/12/factbook/internationalOrganizations#WHO'/>
    <NS0:participatesIn rdf:resource='http://www.daml.org/2001/12/factbook/internationalOrganizations#WIPO'/>
    <NS0:participatesIn rdf:resource='http://www.daml.org/2001/12/factbook/internationalOrganizations#WMO'/>
    <NS0:participatesIn rdf:resource='http://www.daml.org/2001/12/factbook/internationalOrganizations#WToO'/>
    <NS0:participatesIn rdf:resource='http://www.daml.org/2001/12/factbook/internationalOrganizations#WTrO'/>
    <NS0:flagDescription>green with a large yellow diamond in the center bearing a blue celestial globe with 27 white five-pointed stars (one for each state and the Federal District) arranged in the same pattern as the night sky over Brazil; the globe has a white equatorial band with the motto ORDEM E PROGRESSO (Order and Progress)</NS0:flagDescription>
    <NS0:economyOverview>Possessing large and well-developed agricultural, mining, manufacturing, and service sectors, Brazil&apos;s economy outweighs that of all other South American countries and is expanding its presence in world markets. In the late eighties and early nineties, high inflation hindered economic activity and investment. &quot;The Real Plan&quot;, instituted in the spring of 1994, sought to break inflationary expectations by pegging the real to the US dollar. Inflation was brought down to single digit annual figures, but not fast enough to avoid substantial real exchange rate appreciation during the transition phase of the &quot;Real Plan&quot;. This appreciation meant that Brazilian goods were now more expensive relative to goods from other countries, which contributed to large current account deficits. However, no shortage of foreign currency ensued because of the financial community&apos;s renewed interest in Brazilian markets as inflation rates stabilized and the debt crisis of the eighties faded from memory. The maintenance of large current account deficits via capital account surpluses became problematic as investors became more risk averse to emerging market exposure as a consequence of the Asian financial crisis in 1997 and the Russian bond default in August 1998. After crafting a fiscal adjustment program and pledging progress on structural reform, Brazil received a $41.5 billion IMF-led international support program in November 1998. In January 1999, the Brazilian Central Bank announced that the real would no longer be pegged to the US dollar. This devaluation helped moderate the downturn in economic growth in 1999 that investors had expressed concerns about over the summer of 1998. Brazil&apos;s debt to GDP ratio for 1999 beat the IMF target and helped reassure investors that Brazil will maintain tight fiscal and monetary policy even with a floating currency. The economy continued to recover in 2000, with inflation remaining in the single digits and expected growth for 2001 of 4.5%. Foreign direct investment set a record of more than $30 billion in 2000.</NS0:economyOverview>
    <NS0:grossDomesticProduct rdf:ID='A14438'>1130000000000</NS0:grossDomesticProduct>
    <NS0:grossDomesticProductRealGrowth rdf:ID='A14441'>4.2</NS0:grossDomesticProductRealGrowth>
    <NS0:grossDomesticProductPerCapita rdf:ID='A14444'>6500</NS0:grossDomesticProductPerCapita>
    <NS0:grossDomesticProductAgriculture>9</NS0:grossDomesticProductAgriculture>
    <NS0:grossDomesticProductIndustry>29</NS0:grossDomesticProductIndustry>
    <NS0:grossDomesticProductServices rdf:ID='A14449'>62</NS0:grossDomesticProductServices>
    <NS0:populationBelowPovertyLine rdf:ID='A14452'>17.4</NS0:populationBelowPovertyLine>
    <NS0:householdIncomeLowest10Percent>1</NS0:householdIncomeLowest10Percent>
    <NS0:householdIncomeHighest10Percent rdf:ID='A14456'>47.6</NS0:householdIncomeHighest10Percent>
    <NS0:inflationRate rdf:ID='A14458'>6</NS0:inflationRate>
    <NS0:laborForce rdf:ID='A14460'>79000000</NS0:laborForce>
    <NS0:occupation rdf:resource='#A14463'/>
    <NS0:occupation rdf:resource='#A14468'/>
    <NS0:occupation rdf:resource='#A14473'/>
    <NS0:unemploymentRate rdf:ID='A14478'>7.1</NS0:unemploymentRate>
    <NS0:budgetRevenues>151000000000</NS0:budgetRevenues>
    <NS0:budgetExpenditures>149000000000</NS0:budgetExpenditures>
    <NS0:budgetCapitalExpenditures rdf:ID='A14483'>36000000000</NS0:budgetCapitalExpenditures>
    <NS0:industry rdf:resource='http://www.daml.org/2001/12/factbook/industries#textiles'/>
    <NS0:industry rdf:resource='http://www.daml.org/2001/12/factbook/industries#shoes'/>
    <NS0:industry rdf:resource='http://www.daml.org/2001/12/factbook/industries#chemicals'/>
    <NS0:industry rdf:resource='http://www.daml.org/2001/12/factbook/industries#cement'/>
    <NS0:industry rdf:resource='http://www.daml.org/2001/12/factbook/industries#lumber'/>
    <NS0:industry rdf:resource='http://www.daml.org/2001/12/factbook/industries#iron_ore'/>
    <NS0:industry rdf:resource='http://www.daml.org/2001/12/factbook/industries#tin'/>
    <NS0:industry rdf:resource='http://www.daml.org/2001/12/factbook/industries#steel'/>
    <NS0:industry rdf:resource='http://www.daml.org/2001/12/factbook/industries#aircraft'/>
    <NS0:industry rdf:resource='http://www.daml.org/2001/12/factbook/industries#motor_vehicles_and_parts'/>
    <NS0:industry rdf:resource='http://www.daml.org/2001/12/factbook/industries#other_machinery_and_equipment'/>
    <NS0:industrialProductionGrowthRate rdf:ID='A14496'>6.9</NS0:industrialProductionGrowthRate>
    <NS0:electricityProduction rdf:ID='A14499'>337440000000</NS0:electricityProduction>
    <NS0:electricityProductionFossilFuel>5.28</NS0:electricityProductionFossilFuel>
    <NS0:electricityProductionHydro>90.66</NS0:electricityProductionHydro>
    <NS0:electricityProductionNuclear>1.12</NS0:electricityProductionNuclear>
    <NS0:electricityProductionOther rdf:ID='A14504'>2.94</NS0:electricityProductionOther>
    <NS0:electricityConsumption rdf:ID='A14506'>353674000000</NS0:electricityConsumption>
    <NS0:electricityExports rdf:ID='A14508'>5000000</NS0:electricityExports>
    <NS0:electricityImports>39860000000</NS0:electricityImports>
    <NS0:agricultureProduct rdf:resource='http://www.daml.org/2001/12/factbook/agricultureProducts#coffee'/>
    <NS0:agricultureProduct rdf:resource='http://www.daml.org/2001/12/factbook/agricultureProducts#soybeans'/>
    <NS0:agricultureProduct rdf:resource='http://www.daml.org/2001/12/factbook/agricultureProducts#wheat'/>
    <NS0:agricultureProduct rdf:resource='http://www.daml.org/2001/12/factbook/agricultureProducts#rice'/>
    <NS0:agricultureProduct rdf:resource='http://www.daml.org/2001/12/factbook/agricultureProducts#corn'/>
    <NS0:agricultureProduct rdf:resource='http://www.daml.org/2001/12/factbook/agricultureProducts#sugarcane'/>
    <NS0:agricultureProduct rdf:resource='http://www.daml.org/2001/12/factbook/agricultureProducts#cocoa'/>
    <NS0:agricultureProduct rdf:resource='http://www.daml.org/2001/12/factbook/agricultureProducts#citrus'/>
    <NS0:agricultureProduct rdf:resource='http://www.daml.org/2001/12/factbook/agricultureProducts#beef'/>
    <NS0:exports rdf:ID='A14520'>55100000000</NS0:exports>
    <NS0:exportsCommodity rdf:resource='#A14522'/>
    <NS0:exportsCommodity rdf:resource='#A14526'/>
    <NS0:exportsCommodity rdf:resource='#A14530'/>
    <NS0:exportsCommodity rdf:resource='#A14534'/>
    <NS0:exportsCommodity rdf:resource='#A14538'/>
    <NS0:imports rdf:ID='A14542'>55800000000</NS0:imports>
    <NS0:importsCommodity rdf:resource='#A14544'/>
    <NS0:importsCommodity rdf:resource='#A14548'/>
    <NS0:importsCommodity rdf:resource='#A14552'/>
    <NS0:importsCommodity rdf:resource='#A14556'/>
    <NS0:externalDebt rdf:ID='A14560'>232000000000</NS0:externalDebt>
    <NS0:currency>real (BRL)</NS0:currency>
    <NS0:currencyCode>BRL</NS0:currencyCode>
    <NS0:fiscalYear>calendar year</NS0:fiscalYear>
    <NS0:mainTelephoneLines rdf:ID='A14565'>17039000</NS0:mainTelephoneLines>
    <NS0:mobileTelephoneLines rdf:ID='A14567'>4400000</NS0:mobileTelephoneLines>
    <NS0:telephoneSystemGeneralAssessment>good working system</NS0:telephoneSystemGeneralAssessment>
    <NS0:telephoneSystemDomestic>extensive microwave radio relay system and a domestic satellite system with 64 earth stations</NS0:telephoneSystemDomestic>
    <NS0:telephoneSystemInternational>3 coaxial submarine cables; satellite earth stations - 3 Intelsat (Atlantic Ocean), 1 Inmarsat (Atlantic Ocean region east), connected by microwave relay system to MERCOSUR Brazilsat B3 satellite earth station</NS0:telephoneSystemInternational>
    <NS0:radios rdf:ID='A14572'>71000000</NS0:radios>
    <NS0:televisionBroadcastStations rdf:ID='A14574'>138</NS0:televisionBroadcastStations>
    <NS0:televisions rdf:ID='A14576'>36500000</NS0:televisions>
    <NS0:internetCountryCode>.br</NS0:internetCountryCode>
    <NS0:internetServiceProviders rdf:ID='A14579'>50</NS0:internetServiceProviders>
    <NS0:internetUsers rdf:ID='A14581'>8650000</NS0:internetUsers>
    <NS0:highwaysTotal>1980000</NS0:highwaysTotal>
    <NS0:highwaysPaved>184140</NS0:highwaysPaved>
    <NS0:highwaysUnpaved rdf:ID='A14585'>1795860</NS0:highwaysUnpaved>
    <NS0:waterways>50000</NS0:waterways>
    <NS0:port rdf:resource='#A14588'/>
    <NS0:port rdf:resource='#A14592'/>
    <NS0:port rdf:resource='#A14596'/>
    <NS0:port rdf:resource='#A14600'/>
    <NS0:port rdf:resource='#A14604'/>
    <NS0:port rdf:resource='#A14608'/>
    <NS0:port rdf:resource='#A14612'/>
    <NS0:port rdf:resource='#A14616'/>
    <NS0:port rdf:resource='#A14620'/>
    <NS0:port rdf:resource='#A14624'/>
    <NS0:port rdf:resource='#A14628'/>
    <NS0:port rdf:resource='#A14632'/>
    <NS0:port rdf:resource='#A14636'/>
    <NS0:airports rdf:ID='A14640'>3264</NS0:airports>
    <NS0:airportBreakdown rdf:resource='#A14643'/>
    <NS0:airportBreakdown rdf:resource='#A14649'/>
    <NS0:airportBreakdown rdf:resource='#A14656'/>
    <NS0:airportBreakdown rdf:resource='#A14663'/>
    <NS0:airportBreakdown rdf:resource='#A14670'/>
    <NS0:airportBreakdown rdf:resource='#A14676'/>
    <NS0:airportBreakdown rdf:resource='#A14683'/>
    <NS0:airportBreakdown rdf:resource='#A14690'/>
    <NS0:militaryAge>18</NS0:militaryAge>
    <NS0:malesOfMilitaryAge rdf:ID='A14697'>48298486</NS0:malesOfMilitaryAge>
    <NS0:malesFitForMilitaryService rdf:ID='A14700'>32388786</NS0:malesFitForMilitaryService>
    <NS0:malesReachingMilitaryAgeAnnually rdf:ID='A14703'>1762740</NS0:malesReachingMilitaryAgeAnnually>
    <NS0:militaryExpenditures rdf:ID='A14706'>13408000000</NS0:militaryExpenditures>
    <NS0:militaryExpendituresPercentGDP rdf:ID='A14708'>1.9</NS0:militaryExpendituresPercentGDP>
    <NS0:internationalDispute>none</NS0:internationalDispute>
    <NS0:illicitDrugs>limited illicit producer of cannabis, minor coca cultivation in the Amazon region, mostly used for domestic consumption</NS0:illicitDrugs>
    <NS0:illicitDrugs>government has a large-scale eradication program to control cannabis</NS0:illicitDrugs>
    <NS0:illicitDrugs>important transshipment country for Bolivian, Colombian, and Peruvian cocaine headed for the US and Europe</NS0:illicitDrugs>
    <NS0:illicitDrugs>also used by traffickers as a way station for narcotics air transshipments between Peru and Colombia</NS0:illicitDrugs>
    <NS0:illicitDrugs>upsurge in drug-related violence and weapons smuggling</NS0:illicitDrugs>
    <NS0:illicitDrugs>important market for Bolivian, Peruvian, and Colombian cocaine</NS0:illicitDrugs>
    <NS0:smallFlag>http://www.cia.gov/cia/publications/factbook/flags/br-flag.jpg</NS0:smallFlag>
    <NS0:largeFlag>http://www.cia.gov/cia/publications/factbook/flags/br-lgflag.jpg</NS0:largeFlag>
    <NS0:map>http://www.cia.gov/cia/publications/factbook/maps/br-map.jpg</NS0:map>
    <NS0:border rdf:resource='#A120710'/>
    <NS0:border rdf:resource='#A120715'/>
    <NS0:border rdf:resource='#A120720'/>
    <NS0:border rdf:resource='#A120725'/>
    <NS0:border rdf:resource='#A120730'/>
    <NS0:border rdf:resource='#A120735'/>
    <NS0:border rdf:resource='#A120740'/>
    <NS0:border rdf:resource='#A120745'/>
    <NS0:border rdf:resource='#A120750'/>
    <NS0:border rdf:resource='#A120755'/>
    <NS0:exportPartner rdf:resource='#A120760'/>
    <NS0:exportPartner rdf:resource='#A120765'/>
    <NS0:exportPartner rdf:resource='#A120770'/>
    <NS0:exportPartner rdf:resource='#A120775'/>
    <NS0:exportPartner rdf:ID='A120784' rdf:resource='#A120780'/>
    <NS0:importPartner rdf:resource='#A120786'/>
    <NS0:importPartner rdf:resource='#A120791'/>
    <NS0:importPartner rdf:resource='#A120796'/>
    <NS0:importPartner rdf:resource='#A120801'/>
    <NS0:importPartner rdf:ID='A120810' rdf:resource='#A120806'/>
  </rdf:Description>
  <rdf:Description rdf:about='#A14180'>
    <rdf:type rdf:resource='http://www.daml.org/2001/12/factbook/factbook-ont#SexRatioBreakdown'/>
    <NS0:minAge>65</NS0:minAge>
    <NS0:ratio>0.68</NS0:ratio>
  </rdf:Description>
  <rdf:Description rdf:about='#A14506'>
    <NS0:year>1999</NS0:year>
  </rdf:Description>
  <rdf:Description rdf:about='#A14174'>
    <rdf:type rdf:resource='http://www.daml.org/2001/12/factbook/factbook-ont#SexRatioBreakdown'/>
    <NS0:minAge>15</NS0:minAge>
    <NS0:maxAge>64</NS0:maxAge>
    <NS0:ratio>0.97</NS0:ratio>
  </rdf:Description>
  <rdf:Description rdf:about='#A120810'>
    <NS0:note>1999</NS0:note>
  </rdf:Description>
  <rdf:Description rdf:about='#A14556'>
    <rdf:type rdf:resource='http://www.daml.org/2001/12/factbook/factbook-ont#CommodityPercent'/>
    <NS0:importsCommodity rdf:resource='http://www.daml.org/2001/12/factbook/commodities#electricity'/>
  </rdf:Description>
</rdf:RDF>
