<?xml version='1.0' encoding='ISO-8859-1'?>
<rdf:RDF
  xmlns:rdf='http://www.w3.org/1999/02/22-rdf-syntax-ns#'
  xmlns:NS0='http://www.daml.org/2001/12/factbook/factbook-ont#'
  xmlns:rdfs='http://www.w3.org/2000/01/rdf-schema#'
  xml:base="http://www.daml.org/2001/12/factbook/by">
  <rdf:Description rdf:about='#A16608'>
    <rdf:type rdf:resource='#Province'/>
    <NS0:name>Ruyigi</NS0:name>
  </rdf:Description>
  <rdf:Description rdf:about='#A16604'>
    <rdf:type rdf:resource='#Province'/>
    <NS0:name>Rutana</NS0:name>
  </rdf:Description>
  <rdf:Description rdf:about='#A16795'>
    <rdf:type rdf:resource='http://www.daml.org/2001/12/factbook/factbook-ont#AirportBreakdown'/>
    <NS0:paved>false</NS0:paved>
    <NS0:minRunway>914</NS0:minRunway>
    <NS0:maxRunway>1523</NS0:maxRunway>
    <NS0:count>3 (2000 est.)</NS0:count>
  </rdf:Description>
  <rdf:Description rdf:about='#A16600'>
    <rdf:type rdf:resource='#Province'/>
    <NS0:name>Ngozi</NS0:name>
  </rdf:Description>
  <rdf:Description rdf:about='#A16789'>
    <rdf:type rdf:resource='http://www.daml.org/2001/12/factbook/factbook-ont#AirportBreakdown'/>
    <NS0:paved>true</NS0:paved>
    <NS0:minRunway>3048</NS0:minRunway>
    <NS0:count>1 (2000 est.)</NS0:count>
  </rdf:Description>
  <rdf:Description rdf:about='#A16596'>
    <rdf:type rdf:resource='#Province'/>
    <NS0:name>Mwaro</NS0:name>
  </rdf:Description>
  <rdf:Description rdf:about='#A121185'>
    <NS0:note>1999</NS0:note>
  </rdf:Description>
  <rdf:Description rdf:about='#A16754'>
    <rdf:type rdf:resource='http://www.daml.org/2001/12/factbook/factbook-ont#Estimate'/>
    <NS0:year>1999</NS0:year>
  </rdf:Description>
  <rdf:Description rdf:about='#Province'>
    <rdf:type rdf:resource='http://www.w3.org/2000/01/rdf-schema#Class'/>
    <rdfs:subClassOf rdf:resource='http://www.daml.org/2001/12/factbook/factbook-ont#AdministrativeDivision'/>
    <rdfs:label>Province</rdfs:label>
  </rdf:Description>
  <rdf:Description rdf:about='#A16592'>
    <rdf:type rdf:resource='#Province'/>
    <NS0:name>Muyinga</NS0:name>
  </rdf:Description>
  <rdf:Description rdf:about='#A16782'>
    <rdf:type rdf:resource='http://www.daml.org/2001/12/factbook/factbook-ont#Port'/>
    <NS0:name>Bujumbura</NS0:name>
  </rdf:Description>
  <rdf:Description rdf:about='#A16432'>
    <rdf:type rdf:resource='http://www.daml.org/2001/12/factbook/factbook-ont#Estimate'/>
    <NS0:year>2001</NS0:year>
  </rdf:Description>
  <rdf:Description rdf:about='#A16588'>
    <rdf:type rdf:resource='#Province'/>
    <NS0:name>Muramvya</NS0:name>
  </rdf:Description>
  <rdf:Description rdf:about='#A16584'>
    <rdf:type rdf:resource='#Province'/>
    <NS0:name>Makamba</NS0:name>
  </rdf:Description>
  <rdf:Description rdf:about='#A16803'>
    <rdf:type rdf:resource='http://www.daml.org/2001/12/factbook/factbook-ont#Estimate'/>
    <NS0:year>2001</NS0:year>
  </rdf:Description>
  <rdf:Description rdf:about='#A16580'>
    <rdf:type rdf:resource='#Province'/>
    <NS0:name>Kirundo</NS0:name>
  </rdf:Description>
  <rdf:Description rdf:about='#A16689'>
    <rdf:type rdf:resource='http://www.daml.org/2001/12/factbook/factbook-ont#Estimate'/>
    <NS0:year>1999</NS0:year>
  </rdf:Description>
  <rdf:Description rdf:about='#A16385'>
    <rdf:type rdf:resource='http://www.daml.org/2001/12/factbook/factbook-ont#ElevationExtreme'/>
    <NS0:name>Mount Heha</NS0:name>
    <NS0:elevation>2670</NS0:elevation>
  </rdf:Description>
  <rdf:Description rdf:about='#A16576'>
    <rdf:type rdf:resource='#Province'/>
    <NS0:name>Kayanza</NS0:name>
  </rdf:Description>
  <rdf:Description rdf:about='#A16502'>
    <NS0:note>Roman Catholic 62%, Protestant 5%</NS0:note>
  </rdf:Description>
  <rdf:Description rdf:about='#A16572'>
    <rdf:type rdf:resource='#Province'/>
    <NS0:name>Karuzi</NS0:name>
  </rdf:Description>
  <rdf:Description rdf:about='#A16380'>
    <rdf:type rdf:resource='http://www.daml.org/2001/12/factbook/factbook-ont#ElevationExtreme'/>
    <NS0:name>Lake Tanganyika</NS0:name>
    <NS0:elevation>772</NS0:elevation>
  </rdf:Description>
  <rdf:Description rdf:about='#A16671'>
    <NS0:year>1992</NS0:year>
  </rdf:Description>
  <rdf:Description rdf:about='#A16568'>
    <rdf:type rdf:resource='#Province'/>
    <NS0:name>Gitega</NS0:name>
  </rdf:Description>
  <rdf:Description rdf:about='#A16564'>
    <rdf:type rdf:resource='#Province'/>
    <NS0:name>Cibitoke</NS0:name>
  </rdf:Description>
  <rdf:Description rdf:about='#A16667'>
    <rdf:type rdf:resource='http://www.daml.org/2001/12/factbook/factbook-ont#Estimate'/>
    <NS0:year>1990</NS0:year>
  </rdf:Description>
  <rdf:Description rdf:about='#A16560'>
    <rdf:type rdf:resource='#Province'/>
    <NS0:name>Cankuzo</NS0:name>
  </rdf:Description>
  <rdf:Description rdf:about='#A16812'>
    <NS0:note>FY97</NS0:note>
  </rdf:Description>
  <rdf:Description rdf:about='#A16653'>
    <rdf:type rdf:resource='http://www.daml.org/2001/12/factbook/factbook-ont#Estimate'/>
    <NS0:year>2000</NS0:year>
  </rdf:Description>
  <rdf:Description rdf:about='#A16365'>
    <rdf:type rdf:resource='http://www.daml.org/2001/12/factbook/factbook-ont#LatLon'/>
    <NS0:latitude>-3.5</NS0:latitude>
    <NS0:longitude>30.0</NS0:longitude>
  </rdf:Description>
  <rdf:Description rdf:about='#A16556'>
    <rdf:type rdf:resource='#Province'/>
    <NS0:name>Bururi</NS0:name>
  </rdf:Description>
  <rdf:Description rdf:about='#A16747'>
    <rdf:type rdf:resource='http://www.daml.org/2001/12/factbook/factbook-ont#CommodityPercent'/>
    <NS0:importsCommodity rdf:resource='http://www.daml.org/2001/12/factbook/commodities#foodstuffs'/>
  </rdf:Description>
  <rdf:Description rdf:about='#A16522'>
    <NS0:note>official</NS0:note>
  </rdf:Description>
  <rdf:Description rdf:about='#A16659'>
    <rdf:type rdf:resource='http://www.daml.org/2001/12/factbook/factbook-ont#Estimate'/>
    <NS0:year>2000</NS0:year>
  </rdf:Description>
  <rdf:Description rdf:about='#A16552'>
    <rdf:type rdf:resource='#Province'/>
    <NS0:name>Bujumbura</NS0:name>
  </rdf:Description>
  <rdf:Description rdf:about='#A16743'>
    <rdf:type rdf:resource='http://www.daml.org/2001/12/factbook/factbook-ont#CommodityPercent'/>
    <NS0:importsCommodity rdf:resource='http://www.daml.org/2001/12/factbook/commodities#petroleum_products'/>
  </rdf:Description>
  <rdf:Description rdf:about='#A16517'>
    <NS0:note>official</NS0:note>
  </rdf:Description>
  <rdf:Description rdf:about='#A16548'>
    <rdf:type rdf:resource='#Province'/>
    <NS0:name>Bubanza</NS0:name>
  </rdf:Description>
  <rdf:Description rdf:about='#A16739'>
    <rdf:type rdf:resource='http://www.daml.org/2001/12/factbook/factbook-ont#CommodityPercent'/>
    <NS0:importsCommodity rdf:resource='http://www.daml.org/2001/12/factbook/commodities#capital_goods'/>
  </rdf:Description>
  <rdf:Description rdf:about='http://www.daml.org/2001/09/countries/fips#BY'>
    <NS0:background>Between 1993 and 2000, wide-spread, often intense ethnic violence between Hutu and Tutsi factions in Burundi created hundreds of thousands of refugees and left tens of thousands dead. Although some refugees have returned from neighboring countries, continued ethnic strife has forced many others to flee. Burundian troops, seeking to secure their borders, have intervened in the conflict in the Democratic Republic of the Congo.</NS0:background>
    <NS0:location>Central Africa, east of Democratic Republic of the Congo</NS0:location>
    <NS0:geographicCoordinates rdf:resource='#A16365'/>
    <NS0:mapReferences>Africa</NS0:mapReferences>
    <NS0:totalArea>27830</NS0:totalArea>
    <NS0:landArea>25650</NS0:landArea>
    <NS0:waterArea>2180</NS0:waterArea>
    <NS0:comparativeArea>slightly smaller than Maryland</NS0:comparativeArea>
    <NS0:landBoundaries>974</NS0:landBoundaries>
    <NS0:coastline rdf:ID='A16376'>0</NS0:coastline>
    <NS0:climate>equatorial; high plateau with considerable altitude variation (772 m to 2,670 m above sea level); average annual temperature varies with altitude from 23 to 17 degrees centigrade but is generally moderate as the average altitude is about 1,700 m; average annual rainfall is about 150 cm; wet seasons from February to May and September to November, and dry seasons from June to August and December to January</NS0:climate>
    <NS0:terrain>hilly and mountainous, dropping to a plateau in east, some plains</NS0:terrain>
    <NS0:lowestPoint rdf:resource='#A16380'/>
    <NS0:highestPoint rdf:resource='#A16385'/>
    <NS0:naturalResource rdf:resource='http://www.daml.org/2001/12/factbook/naturalResources#nickel'/>
    <NS0:naturalResource rdf:resource='http://www.daml.org/2001/12/factbook/naturalResources#uranium'/>
    <NS0:naturalResource rdf:resource='http://www.daml.org/2001/12/factbook/naturalResources#rare_earth_oxides'/>
    <NS0:naturalResource rdf:resource='http://www.daml.org/2001/12/factbook/naturalResources#peat'/>
    <NS0:naturalResource rdf:resource='http://www.daml.org/2001/12/factbook/naturalResources#cobalt'/>
    <NS0:naturalResource rdf:resource='http://www.daml.org/2001/12/factbook/naturalResources#copper'/>
    <NS0:naturalResource rdf:resource='http://www.daml.org/2001/12/factbook/naturalResources#platinum'/>
    <NS0:naturalResource rdf:resource='http://www.daml.org/2001/12/factbook/naturalResources#vanadium'/>
    <NS0:naturalResource rdf:resource='http://www.daml.org/2001/12/factbook/naturalResources#arable_land'/>
    <NS0:naturalResource rdf:resource='http://www.daml.org/2001/12/factbook/naturalResources#hydropower'/>
    <NS0:arableLand>44</NS0:arableLand>
    <NS0:permanentCrops>9</NS0:permanentCrops>
    <NS0:permanentPastures>36</NS0:permanentPastures>
    <NS0:forestsAndWoodland>3</NS0:forestsAndWoodland>
    <NS0:otherLandUse rdf:ID='A16404'>8</NS0:otherLandUse>
    <NS0:irrigatedLand rdf:ID='A16407'>140</NS0:irrigatedLand>
    <NS0:naturalHazard>flooding, landslides, drought</NS0:naturalHazard>
    <NS0:environmentalIssue>soil erosion as a result of overgrazing and the expansion of agriculture into marginal lands</NS0:environmentalIssue>
    <NS0:environmentalIssue>deforestation</NS0:environmentalIssue>
    <NS0:environmentalIssue>habitat loss threatens wildlife populations</NS0:environmentalIssue>
    <NS0:environmentalAgreementPartyTo rdf:resource='http://www.daml.org/2001/12/factbook/environmentalAgreements#Biodiversity'/>
    <NS0:environmentalAgreementPartyTo rdf:resource='http://www.daml.org/2001/12/factbook/environmentalAgreements#Climate_Change'/>
    <NS0:environmentalAgreementPartyTo rdf:resource='http://www.daml.org/2001/12/factbook/environmentalAgreements#Desertification'/>
    <NS0:environmentalAgreementPartyTo rdf:resource='http://www.daml.org/2001/12/factbook/environmentalAgreements#Endangered_Species'/>
    <NS0:environmentalAgreementPartyTo rdf:resource='http://www.daml.org/2001/12/factbook/environmentalAgreements#Hazardous_Wastes'/>
    <NS0:environmentalAgreementPartyTo rdf:resource='http://www.daml.org/2001/12/factbook/environmentalAgreements#Ozone_Layer_Protection'/>
    <NS0:environmentalAgreementSigned rdf:resource='http://www.daml.org/2001/12/factbook/environmentalAgreements#Law_of_the_Sea'/>
    <NS0:environmentalAgreementSigned rdf:resource='http://www.daml.org/2001/12/factbook/environmentalAgreements#Nuclear_Test_Ban'/>
    <NS0:population>6223897</NS0:population>
    <NS0:populationGrowthRate rdf:ID='A16423'>2.38</NS0:populationGrowthRate>
    <NS0:birthRate rdf:ID='A16426'>40.13</NS0:birthRate>
    <NS0:deathRate rdf:ID='A16429'>16.36</NS0:deathRate>
    <NS0:netMigrationRate rdf:ID='A16432'>0</NS0:netMigrationRate>
    <NS0:sexRatio rdf:resource='#A16435'/>
    <NS0:sexRatio rdf:resource='#A16441'/>
    <NS0:sexRatio rdf:resource='#A16447'/>
    <NS0:sexRatio rdf:resource='#A16453'/>
    <NS0:sexRatio rdf:ID='A16461' rdf:resource='#A16458'/>
    <NS0:infantMortalityRate rdf:ID='A16464'>70.74</NS0:infantMortalityRate>
    <NS0:totalFertilityRate rdf:ID='A16467'>6.16</NS0:totalFertilityRate>
    <NS0:nationalityNoun>Burundian(s)</NS0:nationalityNoun>
    <NS0:nationalityAdjective>Burundi</NS0:nationalityAdjective>
    <NS0:ethnicGroup rdf:ID='A16476' rdf:resource='#A16472'/>
    <NS0:ethnicGroup rdf:ID='A16482' rdf:resource='#A16478'/>
    <NS0:ethnicGroup rdf:ID='A16488' rdf:resource='#A16484'/>
    <NS0:ethnicGroup rdf:resource='#A16490'/>
    <NS0:ethnicGroup rdf:resource='#A16494'/>
    <NS0:religion rdf:ID='A16502' rdf:resource='#A16498'/>
    <NS0:religion rdf:resource='#A16504'/>
    <NS0:religion rdf:resource='#A16509'/>
    <NS0:language rdf:ID='A16517' rdf:resource='#A16514'/>
    <NS0:language rdf:ID='A16522' rdf:resource='#A16519'/>
    <NS0:language rdf:ID='A16527' rdf:resource='#A16524'/>
    <NS0:literacyDefinition>age 15 and over can read and write</NS0:literacyDefinition>
    <NS0:literacyTotal>35.3</NS0:literacyTotal>
    <NS0:literacyMale>49.3</NS0:literacyMale>
    <NS0:literacyFemale rdf:ID='A16532'>22.5</NS0:literacyFemale>
    <NS0:conventionalLongCountryName>Republic of Burundi</NS0:conventionalLongCountryName>
    <NS0:conventionalShortCountryName>Burundi</NS0:conventionalShortCountryName>
    <NS0:localLongCountryName>Republika y&apos;u Burundi</NS0:localLongCountryName>
    <NS0:localShortCountryName>Burundi</NS0:localShortCountryName>
    <NS0:formerCountryName>Urundi</NS0:formerCountryName>
    <NS0:governmentType rdf:resource='http://www.daml.org/2001/12/factbook/governmentTypes#republic'/>
    <NS0:capital rdf:resource='#A16541'/>
    <NS0:administrativeDivision rdf:resource='#A16548'/>
    <NS0:administrativeDivision rdf:resource='#A16552'/>
    <NS0:administrativeDivision rdf:resource='#A16556'/>
    <NS0:administrativeDivision rdf:resource='#A16560'/>
    <NS0:administrativeDivision rdf:resource='#A16564'/>
    <NS0:administrativeDivision rdf:resource='#A16568'/>
    <NS0:administrativeDivision rdf:resource='#A16572'/>
    <NS0:administrativeDivision rdf:resource='#A16576'/>
    <NS0:administrativeDivision rdf:resource='#A16580'/>
    <NS0:administrativeDivision rdf:resource='#A16584'/>
    <NS0:administrativeDivision rdf:resource='#A16588'/>
    <NS0:administrativeDivision rdf:resource='#A16592'/>
    <NS0:administrativeDivision rdf:resource='#A16596'/>
    <NS0:administrativeDivision rdf:resource='#A16600'/>
    <NS0:administrativeDivision rdf:resource='#A16604'/>
    <NS0:administrativeDivision rdf:resource='#A16608'/>
    <NS0:independence>1 July 1962 (from UN trusteeship under Belgian administration)</NS0:independence>
    <NS0:constitution>13 March 1992; provided for establishment of a plural political system; supplanted on 6 June 1998 by a Transitional Constitution which enlarged the National Assembly and created two vice presidents</NS0:constitution>
    <NS0:legalSystem>based on German and Belgian civil codes and customary law; has not accepted compulsory ICJ jurisdiction</NS0:legalSystem>
    <NS0:suffrage>NA years of age; universal adult</NS0:suffrage>
    <NS0:participatesIn rdf:resource='http://www.daml.org/2001/12/factbook/internationalOrganizations#ACCT'/>
    <NS0:participatesIn rdf:resource='http://www.daml.org/2001/12/factbook/internationalOrganizations#ACP'/>
    <NS0:participatesIn rdf:resource='http://www.daml.org/2001/12/factbook/internationalOrganizations#AfDB'/>
    <NS0:participatesIn rdf:resource='http://www.daml.org/2001/12/factbook/internationalOrganizations#CCC'/>
    <NS0:participatesIn rdf:resource='http://www.daml.org/2001/12/factbook/internationalOrganizations#CEEAC'/>
    <NS0:participatesIn rdf:resource='http://www.daml.org/2001/12/factbook/internationalOrganizations#CEPGL'/>
    <NS0:participatesIn rdf:resource='http://www.daml.org/2001/12/factbook/internationalOrganizations#ECA'/>
    <NS0:participatesIn rdf:resource='http://www.daml.org/2001/12/factbook/internationalOrganizations#FAO'/>
    <NS0:participatesIn rdf:resource='http://www.daml.org/2001/12/factbook/internationalOrganizations#G-77'/>
    <NS0:participatesIn rdf:resource='http://www.daml.org/2001/12/factbook/internationalOrganizations#IBRD'/>
    <NS0:participatesIn rdf:resource='http://www.daml.org/2001/12/factbook/internationalOrganizations#ICAO'/>
    <NS0:participatesIn rdf:resource='http://www.daml.org/2001/12/factbook/internationalOrganizations#ICRM'/>
    <NS0:participatesIn rdf:resource='http://www.daml.org/2001/12/factbook/internationalOrganizations#IDA'/>
    <NS0:participatesIn rdf:resource='http://www.daml.org/2001/12/factbook/internationalOrganizations#IFAD'/>
    <NS0:participatesIn rdf:resource='http://www.daml.org/2001/12/factbook/internationalOrganizations#IFC'/>
    <NS0:participatesIn rdf:resource='http://www.daml.org/2001/12/factbook/internationalOrganizations#IFRCS'/>
    <NS0:participatesIn rdf:resource='http://www.daml.org/2001/12/factbook/internationalOrganizations#ILO'/>
    <NS0:participatesIn rdf:resource='http://www.daml.org/2001/12/factbook/internationalOrganizations#IMF'/>
    <NS0:participatesIn rdf:resource='http://www.daml.org/2001/12/factbook/internationalOrganizations#Intelsat'/>
    <NS0:participatesIn rdf:resource='http://www.daml.org/2001/12/factbook/internationalOrganizations#Interpol'/>
    <NS0:participatesIn rdf:resource='http://www.daml.org/2001/12/factbook/internationalOrganizations#IOC'/>
    <NS0:participatesIn rdf:resource='http://www.daml.org/2001/12/factbook/internationalOrganizations#ITU'/>
    <NS0:participatesIn rdf:resource='http://www.daml.org/2001/12/factbook/internationalOrganizations#NAM'/>
    <NS0:participatesIn rdf:resource='http://www.daml.org/2001/12/factbook/internationalOrganizations#OAU'/>
    <NS0:participatesIn rdf:resource='http://www.daml.org/2001/12/factbook/internationalOrganizations#OPCW'/>
    <NS0:participatesIn rdf:resource='http://www.daml.org/2001/12/factbook/internationalOrganizations#UN'/>
    <NS0:participatesIn rdf:resource='http://www.daml.org/2001/12/factbook/internationalOrganizations#UNCTAD'/>
    <NS0:participatesIn rdf:resource='http://www.daml.org/2001/12/factbook/internationalOrganizations#UNESCO'/>
    <NS0:participatesIn rdf:resource='http://www.daml.org/2001/12/factbook/internationalOrganizations#UNIDO'/>
    <NS0:participatesIn rdf:resource='http://www.daml.org/2001/12/factbook/internationalOrganizations#UPU'/>
    <NS0:participatesIn rdf:resource='http://www.daml.org/2001/12/factbook/internationalOrganizations#WHO'/>
    <NS0:participatesIn rdf:resource='http://www.daml.org/2001/12/factbook/internationalOrganizations#WIPO'/>
    <NS0:participatesIn rdf:resource='http://www.daml.org/2001/12/factbook/internationalOrganizations#WMO'/>
    <NS0:participatesIn rdf:resource='http://www.daml.org/2001/12/factbook/internationalOrganizations#WToO'/>
    <NS0:participatesIn rdf:resource='http://www.daml.org/2001/12/factbook/internationalOrganizations#WTrO'/>
    <NS0:flagDescription>divided by a white diagonal cross into red panels (top and bottom) and green panels (hoist side and outer side) with a white disk superimposed at the center bearing three red six-pointed stars outlined in green arranged in a triangular design (one star above, two stars below)</NS0:flagDescription>
    <NS0:economyOverview>Burundi is a landlocked, resource-poor country with an underdeveloped manufacturing sector. The economy is predominantly agricultural with roughly 90% of the population dependent on subsistence agriculture. Its economic health depends on the coffee crop, which accounts for 80% of foreign exchange earnings. The ability to pay for imports therefore rests largely on the vagaries of the climate and the international coffee market. Since October 1993 the nation has suffered from massive ethnic-based violence which has resulted in the death of perhaps 250,000 persons and the displacement of about 800,000 others. Only one in four children go to school, and one in nine adults has HIV/AIDS. Foods, medicines, and electricity remain in short supply.</NS0:economyOverview>
    <NS0:grossDomesticProduct rdf:ID='A16653'>4400000000</NS0:grossDomesticProduct>
    <NS0:grossDomesticProductRealGrowth rdf:ID='A16656'>1.8</NS0:grossDomesticProductRealGrowth>
    <NS0:grossDomesticProductPerCapita rdf:ID='A16659'>720</NS0:grossDomesticProductPerCapita>
    <NS0:grossDomesticProductAgriculture>50</NS0:grossDomesticProductAgriculture>
    <NS0:grossDomesticProductIndustry>18</NS0:grossDomesticProductIndustry>
    <NS0:grossDomesticProductServices rdf:ID='A16664'>32</NS0:grossDomesticProductServices>
    <NS0:populationBelowPovertyLine rdf:ID='A16667'>36.2</NS0:populationBelowPovertyLine>
    <NS0:householdIncomeLowest10Percent>3.4</NS0:householdIncomeLowest10Percent>
    <NS0:householdIncomeHighest10Percent rdf:ID='A16671'>26.6</NS0:householdIncomeHighest10Percent>
    <NS0:inflationRate rdf:ID='A16673'>22</NS0:inflationRate>
    <NS0:laborForce>1900000</NS0:laborForce>
    <NS0:occupation rdf:resource='#A16677'/>
    <NS0:budgetRevenues>125000000</NS0:budgetRevenues>
    <NS0:budgetExpenditures>176000000</NS0:budgetExpenditures>
    <NS0:industry rdf:resource='http://www.daml.org/2001/12/factbook/industries#light_consumer_goods_such_as_blankets'/>
    <NS0:industry rdf:resource='http://www.daml.org/2001/12/factbook/industries#shoes'/>
    <NS0:industry rdf:resource='http://www.daml.org/2001/12/factbook/industries#soap'/>
    <NS0:industry rdf:resource='http://www.daml.org/2001/12/factbook/industries#assembly_of_imported_components'/>
    <NS0:industry rdf:resource='http://www.daml.org/2001/12/factbook/industries#public_works_construction'/>
    <NS0:industry rdf:resource='http://www.daml.org/2001/12/factbook/industries#food_processing'/>
    <NS0:industrialProductionGrowthRate rdf:ID='A16689'>6.3</NS0:industrialProductionGrowthRate>
    <NS0:electricityProduction rdf:ID='A16692'>141000000</NS0:electricityProduction>
    <NS0:electricityProductionFossilFuel>0.71</NS0:electricityProductionFossilFuel>
    <NS0:electricityProductionHydro>99.29</NS0:electricityProductionHydro>
    <NS0:electricityProductionNuclear>0</NS0:electricityProductionNuclear>
    <NS0:electricityProductionOther rdf:ID='A16697'>0</NS0:electricityProductionOther>
    <NS0:electricityConsumption rdf:ID='A16699'>160100000</NS0:electricityConsumption>
    <NS0:electricityExports rdf:ID='A16701'>0</NS0:electricityExports>
    <NS0:electricityImports>29000000</NS0:electricityImports>
    <NS0:agricultureProduct rdf:resource='http://www.daml.org/2001/12/factbook/agricultureProducts#coffee'/>
    <NS0:agricultureProduct rdf:resource='http://www.daml.org/2001/12/factbook/agricultureProducts#cotton'/>
    <NS0:agricultureProduct rdf:resource='http://www.daml.org/2001/12/factbook/agricultureProducts#tea'/>
    <NS0:agricultureProduct rdf:resource='http://www.daml.org/2001/12/factbook/agricultureProducts#corn'/>
    <NS0:agricultureProduct rdf:resource='http://www.daml.org/2001/12/factbook/agricultureProducts#sorghum'/>
    <NS0:agricultureProduct rdf:resource='http://www.daml.org/2001/12/factbook/agricultureProducts#sweet_potatoes'/>
    <NS0:agricultureProduct rdf:resource='http://www.daml.org/2001/12/factbook/agricultureProducts#bananas'/>
    <NS0:agricultureProduct rdf:resource='http://www.daml.org/2001/12/factbook/agricultureProducts#manioc'/>
    <NS0:agricultureProduct rdf:resource='http://www.daml.org/2001/12/factbook/agricultureProducts#beef'/>
    <NS0:agricultureProduct rdf:resource='http://www.daml.org/2001/12/factbook/agricultureProducts#milk'/>
    <NS0:agricultureProduct rdf:resource='http://www.daml.org/2001/12/factbook/agricultureProducts#hides'/>
    <NS0:exports rdf:ID='A16715'>32000000</NS0:exports>
    <NS0:exportsCommodity rdf:resource='#A16717'/>
    <NS0:exportsCommodity rdf:resource='#A16721'/>
    <NS0:exportsCommodity rdf:resource='#A16725'/>
    <NS0:exportsCommodity rdf:resource='#A16729'/>
    <NS0:exportsCommodity rdf:resource='#A16733'/>
    <NS0:imports rdf:ID='A16737'>110000000</NS0:imports>
    <NS0:importsCommodity rdf:resource='#A16739'/>
    <NS0:importsCommodity rdf:resource='#A16743'/>
    <NS0:importsCommodity rdf:resource='#A16747'/>
    <NS0:externalDebt rdf:ID='A16751'>1120000000</NS0:externalDebt>
    <NS0:economicAidRecipient rdf:ID='A16754'>1344000000</NS0:economicAidRecipient>
    <NS0:currency>Burundi franc (BIF)</NS0:currency>
    <NS0:currencyCode>BIF</NS0:currencyCode>
    <NS0:fiscalYear>calendar year</NS0:fiscalYear>
    <NS0:mainTelephoneLines rdf:ID='A16760'>16000</NS0:mainTelephoneLines>
    <NS0:mobileTelephoneLines rdf:ID='A16762'>619</NS0:mobileTelephoneLines>
    <NS0:telephoneSystemGeneralAssessment>primitive system</NS0:telephoneSystemGeneralAssessment>
    <NS0:telephoneSystemDomestic>sparse system of open wire, radiotelephone communications, and low-capacity microwave radio relay</NS0:telephoneSystemDomestic>
    <NS0:telephoneSystemInternational>satellite earth station - 1 Intelsat (Indian Ocean)</NS0:telephoneSystemInternational>
    <NS0:radios rdf:ID='A16767'>440000</NS0:radios>
    <NS0:televisionBroadcastStations rdf:ID='A16769'>1</NS0:televisionBroadcastStations>
    <NS0:televisions rdf:ID='A16771'>25000</NS0:televisions>
    <NS0:internetCountryCode>.bi</NS0:internetCountryCode>
    <NS0:internetServiceProviders rdf:ID='A16774'>1</NS0:internetServiceProviders>
    <NS0:internetUsers rdf:ID='A16776'>2000</NS0:internetUsers>
    <NS0:highwaysTotal>14480</NS0:highwaysTotal>
    <NS0:highwaysPaved>1028</NS0:highwaysPaved>
    <NS0:highwaysUnpaved rdf:ID='A16780'>13452</NS0:highwaysUnpaved>
    <NS0:port rdf:resource='#A16782'/>
    <NS0:airports rdf:ID='A16786'>4</NS0:airports>
    <NS0:airportBreakdown rdf:resource='#A16789'/>
    <NS0:airportBreakdown rdf:resource='#A16795'/>
    <NS0:militaryAge>16</NS0:militaryAge>
    <NS0:malesOfMilitaryAge rdf:ID='A16803'>1394273</NS0:malesOfMilitaryAge>
    <NS0:malesFitForMilitaryService rdf:ID='A16806'>728326</NS0:malesFitForMilitaryService>
    <NS0:malesReachingMilitaryAgeAnnually rdf:ID='A16809'>79360</NS0:malesReachingMilitaryAgeAnnually>
    <NS0:militaryExpenditures rdf:ID='A16812'>57000000</NS0:militaryExpenditures>
    <NS0:militaryExpendituresPercentGDP rdf:ID='A16814'>6.1</NS0:militaryExpendituresPercentGDP>
    <NS0:internationalDispute>none</NS0:internationalDispute>
    <NS0:smallFlag>http://www.cia.gov/cia/publications/factbook/flags/by-flag.jpg</NS0:smallFlag>
    <NS0:largeFlag>http://www.cia.gov/cia/publications/factbook/flags/by-lgflag.jpg</NS0:largeFlag>
    <NS0:map>http://www.cia.gov/cia/publications/factbook/maps/by-map.jpg</NS0:map>
    <NS0:border rdf:resource='#A121125'/>
    <NS0:border rdf:resource='#A121130'/>
    <NS0:exportPartner rdf:resource='#A121135'/>
    <NS0:exportPartner rdf:resource='#A121140'/>
    <NS0:exportPartner rdf:resource='#A121145'/>
    <NS0:exportPartner rdf:resource='#A121150'/>
    <NS0:exportPartner rdf:ID='A121159' rdf:resource='#A121155'/>
    <NS0:importPartner rdf:resource='#A121161'/>
    <NS0:importPartner rdf:resource='#A121166'/>
    <NS0:importPartner rdf:resource='#A121171'/>
    <NS0:importPartner rdf:resource='#A121176'/>
    <NS0:importPartner rdf:ID='A121185' rdf:resource='#A121181'/>
  </rdf:Description>
  <rdf:Description rdf:about='#A16461'>
    <rdf:type rdf:resource='http://www.daml.org/2001/12/factbook/factbook-ont#Estimate'/>
    <NS0:year>2001</NS0:year>
  </rdf:Description>
  <rdf:Description rdf:about='#A16527'>
    <NS0:note>along Lake Tanganyika and in the Bujumbura area</NS0:note>
  </rdf:Description>
  <rdf:Description rdf:about='#A16376'>
    <NS0:note>landlocked</NS0:note>
  </rdf:Description>
  <rdf:Description rdf:about='#A16733'>
    <rdf:type rdf:resource='http://www.daml.org/2001/12/factbook/factbook-ont#CommodityPercent'/>
    <NS0:exportsCommodity rdf:resource='http://www.daml.org/2001/12/factbook/commodities#hides'/>
  </rdf:Description>
  <rdf:Description rdf:about='#A16541'>
    <rdf:type rdf:resource='http://www.daml.org/2001/12/factbook/factbook-ont#CapitalCity'/>
    <NS0:name>Bujumbura</NS0:name>
  </rdf:Description>
  <rdf:Description rdf:about='#A16673'>
    <rdf:type rdf:resource='http://www.daml.org/2001/12/factbook/factbook-ont#Estimate'/>
    <NS0:year>2000</NS0:year>
  </rdf:Description>
  <rdf:Description rdf:about='#A16729'>
    <rdf:type rdf:resource='http://www.daml.org/2001/12/factbook/factbook-ont#CommodityPercent'/>
    <NS0:exportsCommodity rdf:resource='http://www.daml.org/2001/12/factbook/commodities#cotton'/>
  </rdf:Description>
  <rdf:Description rdf:about='#A16423'>
    <rdf:type rdf:resource='http://www.daml.org/2001/12/factbook/factbook-ont#Estimate'/>
    <NS0:year>2001</NS0:year>
  </rdf:Description>
  <rdf:Description rdf:about='#A16725'>
    <rdf:type rdf:resource='http://www.daml.org/2001/12/factbook/factbook-ont#CommodityPercent'/>
    <NS0:exportsCommodity rdf:resource='http://www.daml.org/2001/12/factbook/commodities#sugar'/>
  </rdf:Description>
  <rdf:Description rdf:about='#A16780'>
    <NS0:year>1996</NS0:year>
  </rdf:Description>
  <rdf:Description rdf:about='#A16464'>
    <rdf:type rdf:resource='http://www.daml.org/2001/12/factbook/factbook-ont#Estimate'/>
    <NS0:year>2001</NS0:year>
  </rdf:Description>
  <rdf:Description rdf:about='#A16721'>
    <rdf:type rdf:resource='http://www.daml.org/2001/12/factbook/factbook-ont#CommodityPercent'/>
    <NS0:exportsCommodity rdf:resource='http://www.daml.org/2001/12/factbook/commodities#tea'/>
  </rdf:Description>
  <rdf:Description rdf:about='#A16717'>
    <rdf:type rdf:resource='http://www.daml.org/2001/12/factbook/factbook-ont#CommodityPercent'/>
    <NS0:exportsCommodity rdf:resource='http://www.daml.org/2001/12/factbook/commodities#coffee'/>
  </rdf:Description>
  <rdf:Description rdf:about='#A16737'>
    <NS0:note>f.o.b., 2000</NS0:note>
  </rdf:Description>
  <rdf:Description rdf:about='#A16524'>
    <rdf:type rdf:resource='http://www.daml.org/2001/12/factbook/factbook-ont#LanguagePercent'/>
    <NS0:language rdf:resource='http://www.daml.org/2001/12/factbook/languages#Swahili'/>
  </rdf:Description>
  <rdf:Description rdf:about='#A16699'>
    <NS0:year>1999</NS0:year>
  </rdf:Description>
  <rdf:Description rdf:about='#A16760'>
    <NS0:year>1997</NS0:year>
  </rdf:Description>
  <rdf:Description rdf:about='#A16776'>
    <NS0:year>2000</NS0:year>
  </rdf:Description>
  <rdf:Description rdf:about='#A16701'>
    <NS0:year>1999</NS0:year>
  </rdf:Description>
  <rdf:Description rdf:about='#A16519'>
    <rdf:type rdf:resource='http://www.daml.org/2001/12/factbook/factbook-ont#LanguagePercent'/>
    <NS0:language rdf:resource='http://www.daml.org/2001/12/factbook/languages#French'/>
  </rdf:Description>
  <rdf:Description rdf:about='#A16514'>
    <rdf:type rdf:resource='http://www.daml.org/2001/12/factbook/factbook-ont#LanguagePercent'/>
    <NS0:language rdf:resource='http://www.daml.org/2001/12/factbook/languages#Kirundi'/>
  </rdf:Description>
  <rdf:Description rdf:about='#A121181'>
    <rdf:type rdf:resource='http://www.daml.org/2001/12/factbook/factbook-ont#CountryPercent'/>
    <NS0:country rdf:resource='http://www.daml.org/2001/09/countries/fips#FR'/>
    <NS0:percent>4</NS0:percent>
  </rdf:Description>
  <rdf:Description rdf:about='#A16509'>
    <rdf:type rdf:resource='http://www.daml.org/2001/12/factbook/factbook-ont#ReligionPercent'/>
    <NS0:religion rdf:resource='http://www.daml.org/2001/12/factbook/religions#Muslim'/>
    <NS0:percent>10</NS0:percent>
  </rdf:Description>
  <rdf:Description rdf:about='#A121176'>
    <rdf:type rdf:resource='http://www.daml.org/2001/12/factbook/factbook-ont#CountryPercent'/>
    <NS0:country rdf:resource='http://www.daml.org/2001/09/countries/fips#SF'/>
    <NS0:percent>5</NS0:percent>
  </rdf:Description>
  <rdf:Description rdf:about='#A16407'>
    <rdf:type rdf:resource='http://www.daml.org/2001/12/factbook/factbook-ont#Estimate'/>
    <NS0:year>1993</NS0:year>
  </rdf:Description>
  <rdf:Description rdf:about='#A16814'>
    <NS0:note>FY97</NS0:note>
  </rdf:Description>
  <rdf:Description rdf:about='#A16404'>
    <rdf:type rdf:resource='http://www.daml.org/2001/12/factbook/factbook-ont#Estimate'/>
    <NS0:year>1993</NS0:year>
  </rdf:Description>
  <rdf:Description rdf:about='#A16504'>
    <rdf:type rdf:resource='http://www.daml.org/2001/12/factbook/factbook-ont#ReligionPercent'/>
    <NS0:religion rdf:resource='http://www.daml.org/2001/12/factbook/religions#indigenous_beliefs'/>
    <NS0:percent>23</NS0:percent>
  </rdf:Description>
  <rdf:Description rdf:about='#A121171'>
    <rdf:type rdf:resource='http://www.daml.org/2001/12/factbook/factbook-ont#CountryPercent'/>
    <NS0:country rdf:resource='http://www.daml.org/2001/09/countries/fips#KE'/>
    <NS0:percent>8</NS0:percent>
  </rdf:Description>
  <rdf:Description rdf:about='#A16806'>
    <rdf:type rdf:resource='http://www.daml.org/2001/12/factbook/factbook-ont#Estimate'/>
    <NS0:year>2001</NS0:year>
  </rdf:Description>
  <rdf:Description rdf:about='#A121166'>
    <rdf:type rdf:resource='http://www.daml.org/2001/12/factbook/factbook-ont#CountryPercent'/>
    <NS0:country rdf:resource='http://www.daml.org/2001/09/countries/fips#ZA'/>
    <NS0:percent>11</NS0:percent>
  </rdf:Description>
  <rdf:Description rdf:about='#A16498'>
    <rdf:type rdf:resource='http://www.daml.org/2001/12/factbook/factbook-ont#ReligionPercent'/>
    <NS0:religion rdf:resource='http://www.daml.org/2001/12/factbook/religions#Christian'/>
    <NS0:percent>67</NS0:percent>
  </rdf:Description>
  <rdf:Description rdf:about='#A16769'>
    <NS0:year>1999</NS0:year>
  </rdf:Description>
  <rdf:Description rdf:about='#A16494'>
    <rdf:type rdf:resource='http://www.daml.org/2001/12/factbook/factbook-ont#EthnicGroupPercent'/>
    <NS0:ethnicGroup rdf:resource='http://www.daml.org/2001/12/factbook/ethnicGroups#South_Asians_2,000'/>
  </rdf:Description>
  <rdf:Description rdf:about='#A121161'>
    <rdf:type rdf:resource='http://www.daml.org/2001/12/factbook/factbook-ont#CountryPercent'/>
    <NS0:country rdf:resource='http://www.daml.org/2001/09/countries/fips#BE'/>
    <NS0:percent>20</NS0:percent>
  </rdf:Description>
  <rdf:Description rdf:about='#A16809'>
    <rdf:type rdf:resource='http://www.daml.org/2001/12/factbook/factbook-ont#Estimate'/>
    <NS0:year>2001</NS0:year>
  </rdf:Description>
  <rdf:Description rdf:about='#A16490'>
    <rdf:type rdf:resource='http://www.daml.org/2001/12/factbook/factbook-ont#EthnicGroupPercent'/>
    <NS0:ethnicGroup rdf:resource='http://www.daml.org/2001/12/factbook/ethnicGroups#Europeans_3,000'/>
  </rdf:Description>
  <rdf:Description rdf:about='#A16532'>
    <rdf:type rdf:resource='http://www.daml.org/2001/12/factbook/factbook-ont#Estimate'/>
    <NS0:year>1995</NS0:year>
  </rdf:Description>
  <rdf:Description rdf:about='#A16762'>
    <NS0:year>1997</NS0:year>
  </rdf:Description>
  <rdf:Description rdf:about='#A121155'>
    <rdf:type rdf:resource='http://www.daml.org/2001/12/factbook/factbook-ont#CountryPercent'/>
    <NS0:country rdf:resource='http://www.daml.org/2001/09/countries/fips#SZ'/>
    <NS0:percent>4</NS0:percent>
  </rdf:Description>
  <rdf:Description rdf:about='#A16677'>
    <rdf:type rdf:resource='http://www.daml.org/2001/12/factbook/factbook-ont#OccupationPercent'/>
    <NS0:occupation rdf:resource='http://www.daml.org/2001/12/factbook/occupations#NA'/>
  </rdf:Description>
  <rdf:Description rdf:about='#A121159'>
    <NS0:note>1999</NS0:note>
  </rdf:Description>
  <rdf:Description rdf:about='#A16484'>
    <rdf:type rdf:resource='http://www.daml.org/2001/12/factbook/factbook-ont#EthnicGroupPercent'/>
    <NS0:ethnicGroup rdf:resource='http://www.daml.org/2001/12/factbook/ethnicGroups#Twa'/>
    <NS0:percent>1</NS0:percent>
  </rdf:Description>
  <rdf:Description rdf:about='#A16786'>
    <rdf:type rdf:resource='http://www.daml.org/2001/12/factbook/factbook-ont#Estimate'/>
    <NS0:year>2000</NS0:year>
  </rdf:Description>
  <rdf:Description rdf:about='#A121150'>
    <rdf:type rdf:resource='http://www.daml.org/2001/12/factbook/factbook-ont#CountryPercent'/>
    <NS0:country rdf:resource='http://www.daml.org/2001/09/countries/fips#FR'/>
    <NS0:percent>6</NS0:percent>
  </rdf:Description>
  <rdf:Description rdf:about='#A16476'>
    <NS0:note>Bantu</NS0:note>
  </rdf:Description>
  <rdf:Description rdf:about='#A16426'>
    <rdf:type rdf:resource='http://www.daml.org/2001/12/factbook/factbook-ont#Estimate'/>
    <NS0:year>2001</NS0:year>
  </rdf:Description>
  <rdf:Description rdf:about='#A16478'>
    <rdf:type rdf:resource='http://www.daml.org/2001/12/factbook/factbook-ont#EthnicGroupPercent'/>
    <NS0:ethnicGroup rdf:resource='http://www.daml.org/2001/12/factbook/ethnicGroups#Tutsi'/>
    <NS0:percent>14</NS0:percent>
  </rdf:Description>
  <rdf:Description rdf:about='#A121145'>
    <rdf:type rdf:resource='http://www.daml.org/2001/12/factbook/factbook-ont#CountryPercent'/>
    <NS0:country rdf:resource='http://www.daml.org/2001/09/countries/fips#US'/>
    <NS0:percent>8</NS0:percent>
  </rdf:Description>
  <rdf:Description rdf:about='#A16482'>
    <NS0:note>Hamitic</NS0:note>
  </rdf:Description>
  <rdf:Description rdf:about='#A16429'>
    <rdf:type rdf:resource='http://www.daml.org/2001/12/factbook/factbook-ont#Estimate'/>
    <NS0:year>2001</NS0:year>
  </rdf:Description>
  <rdf:Description rdf:about='#A16771'>
    <NS0:year>1997</NS0:year>
  </rdf:Description>
  <rdf:Description rdf:about='#A121140'>
    <rdf:type rdf:resource='http://www.daml.org/2001/12/factbook/factbook-ont#CountryPercent'/>
    <NS0:country rdf:resource='http://www.daml.org/2001/09/countries/fips#BE'/>
    <NS0:percent>14</NS0:percent>
  </rdf:Description>
  <rdf:Description rdf:about='#A16472'>
    <rdf:type rdf:resource='http://www.daml.org/2001/12/factbook/factbook-ont#EthnicGroupPercent'/>
    <NS0:ethnicGroup rdf:resource='http://www.daml.org/2001/12/factbook/ethnicGroups#Hutu'/>
    <NS0:percent>85</NS0:percent>
  </rdf:Description>
  <rdf:Description rdf:about='#A16692'>
    <NS0:year>1999</NS0:year>
  </rdf:Description>
  <rdf:Description rdf:about='#A16774'>
    <NS0:year>2000</NS0:year>
  </rdf:Description>
  <rdf:Description rdf:about='#A121135'>
    <rdf:type rdf:resource='http://www.daml.org/2001/12/factbook/factbook-ont#CountryPercent'/>
    <NS0:country rdf:resource='http://www.daml.org/2001/09/countries/fips#GM'/>
    <NS0:percent>17</NS0:percent>
  </rdf:Description>
  <rdf:Description rdf:about='#A16488'>
    <NS0:note>Pygmy</NS0:note>
  </rdf:Description>
  <rdf:Description rdf:about='#A16715'>
    <NS0:note>f.o.b., 2000</NS0:note>
  </rdf:Description>
  <rdf:Description rdf:about='#A121130'>
    <rdf:type rdf:resource='http://www.daml.org/2001/12/factbook/factbook-ont#Border'/>
    <NS0:country rdf:resource='http://www.daml.org/2001/09/countries/fips#TZ'/>
    <NS0:distance>451</NS0:distance>
  </rdf:Description>
  <rdf:Description rdf:about='#A16458'>
    <rdf:type rdf:resource='http://www.daml.org/2001/12/factbook/factbook-ont#SexRatioBreakdown'/>
    <NS0:ratio>0.98</NS0:ratio>
  </rdf:Description>
  <rdf:Description rdf:about='#A121125'>
    <rdf:type rdf:resource='http://www.daml.org/2001/12/factbook/factbook-ont#Border'/>
    <NS0:country rdf:resource='http://www.daml.org/2001/09/countries/fips#RW'/>
    <NS0:distance>290</NS0:distance>
  </rdf:Description>
  <rdf:Description rdf:about='#A16664'>
    <rdf:type rdf:resource='http://www.daml.org/2001/12/factbook/factbook-ont#Estimate'/>
    <NS0:year>1999</NS0:year>
  </rdf:Description>
  <rdf:Description rdf:about='#A16453'>
    <rdf:type rdf:resource='http://www.daml.org/2001/12/factbook/factbook-ont#SexRatioBreakdown'/>
    <NS0:minAge>65</NS0:minAge>
    <NS0:ratio>0.7</NS0:ratio>
  </rdf:Description>
  <rdf:Description rdf:about='#A16767'>
    <NS0:year>1997</NS0:year>
  </rdf:Description>
  <rdf:Description rdf:about='#A16467'>
    <rdf:type rdf:resource='http://www.daml.org/2001/12/factbook/factbook-ont#Estimate'/>
    <NS0:year>2001</NS0:year>
  </rdf:Description>
  <rdf:Description rdf:about='#A16447'>
    <rdf:type rdf:resource='http://www.daml.org/2001/12/factbook/factbook-ont#SexRatioBreakdown'/>
    <NS0:minAge>15</NS0:minAge>
    <NS0:maxAge>64</NS0:maxAge>
    <NS0:ratio>0.97</NS0:ratio>
  </rdf:Description>
  <rdf:Description rdf:about='#A16441'>
    <rdf:type rdf:resource='http://www.daml.org/2001/12/factbook/factbook-ont#SexRatioBreakdown'/>
    <NS0:minAge>0</NS0:minAge>
    <NS0:maxAge>14</NS0:maxAge>
    <NS0:ratio>1.02</NS0:ratio>
  </rdf:Description>
  <rdf:Description rdf:about='#A16697'>
    <NS0:year>1999</NS0:year>
  </rdf:Description>
  <rdf:Description rdf:about='#A16435'>
    <rdf:type rdf:resource='http://www.daml.org/2001/12/factbook/factbook-ont#SexRatioBreakdown'/>
    <NS0:minAge>0</NS0:minAge>
    <NS0:maxAge>0</NS0:maxAge>
    <NS0:ratio>1.03</NS0:ratio>
  </rdf:Description>
  <rdf:Description rdf:about='#A16751'>
    <rdf:type rdf:resource='http://www.daml.org/2001/12/factbook/factbook-ont#Estimate'/>
    <NS0:year>1999</NS0:year>
  </rdf:Description>
  <rdf:Description rdf:about='#A16656'>
    <rdf:type rdf:resource='http://www.daml.org/2001/12/factbook/factbook-ont#Estimate'/>
    <NS0:year>2000</NS0:year>
  </rdf:Description>
</rdf:RDF>
