<?xml version='1.0' encoding='ISO-8859-1'?>
<rdf:RDF
  xmlns:rdf='http://www.w3.org/1999/02/22-rdf-syntax-ns#'
  xmlns:NS0='http://www.daml.org/2001/12/factbook/factbook-ont#'
  xmlns:rdfs='http://www.w3.org/2000/01/rdf-schema#'
  xml:base="http://www.daml.org/2001/12/factbook/ch">
  <rdf:Description rdf:about='#A20681'>
    <rdf:type rdf:resource='http://www.daml.org/2001/12/factbook/factbook-ont#CommodityPercent'/>
    <NS0:importsCommodity rdf:resource='http://www.daml.org/2001/12/factbook/commodities#iron_and_steel'/>
  </rdf:Description>
  <rdf:Description rdf:about='#A20297'>
    <rdf:type rdf:resource='http://www.daml.org/2001/12/factbook/factbook-ont#ReligionPercent'/>
    <NS0:religion rdf:resource='http://www.daml.org/2001/12/factbook/religions#Buddhist'/>
  </rdf:Description>
  <rdf:Description rdf:about='#A121792'>
    <rdf:type rdf:resource='http://www.daml.org/2001/12/factbook/factbook-ont#CountryPercent'/>
    <NS0:country rdf:resource='http://www.daml.org/2001/09/countries/fips#US'/>
    <NS0:percent>10</NS0:percent>
  </rdf:Description>
  <rdf:Description rdf:about='#A20677'>
    <rdf:type rdf:resource='http://www.daml.org/2001/12/factbook/factbook-ont#CommodityPercent'/>
    <NS0:importsCommodity rdf:resource='http://www.daml.org/2001/12/factbook/commodities#plastics'/>
  </rdf:Description>
  <rdf:Description rdf:about='#A20702'>
    <NS0:year>1997</NS0:year>
  </rdf:Description>
  <rdf:Description rdf:about='#A20292'>
    <rdf:type rdf:resource='http://www.daml.org/2001/12/factbook/factbook-ont#ReligionPercent'/>
    <NS0:religion rdf:resource='http://www.daml.org/2001/12/factbook/religions#Daoist'/>
  </rdf:Description>
  <rdf:Description rdf:about='#A121787'>
    <rdf:type rdf:resource='http://www.daml.org/2001/12/factbook/factbook-ont#CountryPercent'/>
    <NS0:country rdf:resource='http://www.daml.org/2001/09/countries/fips#TW'/>
    <NS0:percent>11</NS0:percent>
  </rdf:Description>
  <rdf:Description rdf:about='#A20673'>
    <rdf:type rdf:resource='http://www.daml.org/2001/12/factbook/factbook-ont#CommodityPercent'/>
    <NS0:importsCommodity rdf:resource='http://www.daml.org/2001/12/factbook/commodities#mineral_fuels'/>
  </rdf:Description>
  <rdf:Description rdf:about='#A20193'>
    <rdf:type rdf:resource='http://www.daml.org/2001/12/factbook/factbook-ont#Estimate'/>
    <NS0:year>2001</NS0:year>
  </rdf:Description>
  <rdf:Description rdf:about='#A20287'>
    <rdf:type rdf:resource='http://www.daml.org/2001/12/factbook/factbook-ont#EthnicGroupPercent'/>
    <NS0:ethnicGroup rdf:resource='http://www.daml.org/2001/12/factbook/ethnicGroups#other_nationalities'/>
    <NS0:percent>8.1</NS0:percent>
  </rdf:Description>
  <rdf:Description rdf:about='#A121782'>
    <rdf:type rdf:resource='http://www.daml.org/2001/12/factbook/factbook-ont#CountryPercent'/>
    <NS0:country rdf:resource='http://www.daml.org/2001/09/countries/fips#JA'/>
    <NS0:percent>18</NS0:percent>
  </rdf:Description>
  <rdf:Description rdf:about='#A20669'>
    <rdf:type rdf:resource='http://www.daml.org/2001/12/factbook/factbook-ont#CommodityPercent'/>
    <NS0:importsCommodity rdf:resource='http://www.daml.org/2001/12/factbook/commodities#machinery_and_equipment'/>
  </rdf:Description>
  <rdf:Description rdf:about='#A20283'>
    <rdf:type rdf:resource='http://www.daml.org/2001/12/factbook/factbook-ont#EthnicGroupPercent'/>
    <NS0:ethnicGroup rdf:resource='http://www.daml.org/2001/12/factbook/ethnicGroups#Korean'/>
  </rdf:Description>
  <rdf:Description rdf:about='#A121777'>
    <rdf:type rdf:resource='http://www.daml.org/2001/12/factbook/factbook-ont#CountryPercent'/>
    <NS0:country rdf:resource='http://www.daml.org/2001/09/countries/fips#TW'/>
  </rdf:Description>
  <rdf:Description rdf:about='#AutonomousRegion'>
    <rdf:type rdf:resource='http://www.w3.org/2000/01/rdf-schema#Class'/>
    <rdfs:subClassOf rdf:resource='http://www.daml.org/2001/12/factbook/factbook-ont#AdministrativeDivision'/>
    <rdfs:label>AutonomousRegion</rdfs:label>
  </rdf:Description>
  <rdf:Description rdf:about='#A20663'>
    <rdf:type rdf:resource='http://www.daml.org/2001/12/factbook/factbook-ont#CommodityPercent'/>
    <NS0:exportsCommodity rdf:resource='http://www.daml.org/2001/12/factbook/commodities#toys_and_sporting_goods;_mineral_fuels'/>
  </rdf:Description>
  <rdf:Description rdf:about='#A20279'>
    <rdf:type rdf:resource='http://www.daml.org/2001/12/factbook/factbook-ont#EthnicGroupPercent'/>
    <NS0:ethnicGroup rdf:resource='http://www.daml.org/2001/12/factbook/ethnicGroups#Buyi'/>
  </rdf:Description>
  <rdf:Description rdf:about='#A121773'>
    <rdf:type rdf:resource='http://www.daml.org/2001/12/factbook/factbook-ont#CountryPercent'/>
    <NS0:country rdf:resource='http://www.daml.org/2001/09/countries/fips#SN'/>
  </rdf:Description>
  <rdf:Description rdf:about='#A20659'>
    <rdf:type rdf:resource='http://www.daml.org/2001/12/factbook/factbook-ont#CommodityPercent'/>
    <NS0:exportsCommodity rdf:resource='http://www.daml.org/2001/12/factbook/commodities#footwear'/>
  </rdf:Description>
  <rdf:Description rdf:about='#A20275'>
    <rdf:type rdf:resource='http://www.daml.org/2001/12/factbook/factbook-ont#EthnicGroupPercent'/>
    <NS0:ethnicGroup rdf:resource='http://www.daml.org/2001/12/factbook/ethnicGroups#Mongol'/>
  </rdf:Description>
  <rdf:Description rdf:about='#A121769'>
    <rdf:type rdf:resource='http://www.daml.org/2001/12/factbook/factbook-ont#CountryPercent'/>
    <NS0:country rdf:resource='http://www.daml.org/2001/09/countries/fips#UK'/>
  </rdf:Description>
  <rdf:Description rdf:about='#A20655'>
    <rdf:type rdf:resource='http://www.daml.org/2001/12/factbook/factbook-ont#CommodityPercent'/>
    <NS0:exportsCommodity rdf:resource='http://www.daml.org/2001/12/factbook/commodities#machinery_and_equipment;_textiles_and_clothing'/>
  </rdf:Description>
  <rdf:Description rdf:about='#A20271'>
    <rdf:type rdf:resource='http://www.daml.org/2001/12/factbook/factbook-ont#EthnicGroupPercent'/>
    <NS0:ethnicGroup rdf:resource='http://www.daml.org/2001/12/factbook/ethnicGroups#Manchu'/>
  </rdf:Description>
  <rdf:Description rdf:about='#A20704'>
    <NS0:year>1997</NS0:year>
  </rdf:Description>
  <rdf:Description rdf:about='#A121765'>
    <rdf:type rdf:resource='http://www.daml.org/2001/12/factbook/factbook-ont#CountryPercent'/>
    <NS0:country rdf:resource='http://www.daml.org/2001/09/countries/fips#NL'/>
  </rdf:Description>
  <rdf:Description rdf:about='#A20718'>
    <NS0:year>1999</NS0:year>
  </rdf:Description>
  <rdf:Description rdf:about='#A20154'>
    <rdf:type rdf:resource='http://www.daml.org/2001/12/factbook/factbook-ont#Estimate'/>
    <NS0:year>1993</NS0:year>
  </rdf:Description>
  <rdf:Description rdf:about='#A20267'>
    <rdf:type rdf:resource='http://www.daml.org/2001/12/factbook/factbook-ont#EthnicGroupPercent'/>
    <NS0:ethnicGroup rdf:resource='http://www.daml.org/2001/12/factbook/ethnicGroups#Miao'/>
  </rdf:Description>
  <rdf:Description rdf:about='#A20716'>
    <NS0:year>1999</NS0:year>
  </rdf:Description>
  <rdf:Description rdf:about='#A121761'>
    <rdf:type rdf:resource='http://www.daml.org/2001/12/factbook/factbook-ont#CountryPercent'/>
    <NS0:country rdf:resource='http://www.daml.org/2001/09/countries/fips#GM'/>
  </rdf:Description>
  <rdf:Description rdf:about='#A20575'>
    <rdf:type rdf:resource='http://www.daml.org/2001/12/factbook/factbook-ont#Estimate'/>
    <NS0:year>2000</NS0:year>
  </rdf:Description>
  <rdf:Description rdf:about='#A20263'>
    <rdf:type rdf:resource='http://www.daml.org/2001/12/factbook/factbook-ont#EthnicGroupPercent'/>
    <NS0:ethnicGroup rdf:resource='http://www.daml.org/2001/12/factbook/ethnicGroups#Tibetan'/>
  </rdf:Description>
  <rdf:Description rdf:about='#A121757'>
    <rdf:type rdf:resource='http://www.daml.org/2001/12/factbook/factbook-ont#CountryPercent'/>
    <NS0:country rdf:resource='http://www.daml.org/2001/09/countries/fips#KS'/>
  </rdf:Description>
  <rdf:Description rdf:about='#A20259'>
    <rdf:type rdf:resource='http://www.daml.org/2001/12/factbook/factbook-ont#EthnicGroupPercent'/>
    <NS0:ethnicGroup rdf:resource='http://www.daml.org/2001/12/factbook/ethnicGroups#Yi'/>
  </rdf:Description>
  <rdf:Description rdf:about='#A121752'>
    <rdf:type rdf:resource='http://www.daml.org/2001/12/factbook/factbook-ont#CountryPercent'/>
    <NS0:country rdf:resource='http://www.daml.org/2001/09/countries/fips#JA'/>
    <NS0:percent>17</NS0:percent>
  </rdf:Description>
  <rdf:Description rdf:about='#A20295'>
    <NS0:note>Taoist</NS0:note>
  </rdf:Description>
  <rdf:Description rdf:about='#A20255'>
    <rdf:type rdf:resource='http://www.daml.org/2001/12/factbook/factbook-ont#EthnicGroupPercent'/>
    <NS0:ethnicGroup rdf:resource='http://www.daml.org/2001/12/factbook/ethnicGroups#Hui'/>
  </rdf:Description>
  <rdf:Description rdf:about='#A121747'>
    <rdf:type rdf:resource='http://www.daml.org/2001/12/factbook/factbook-ont#CountryPercent'/>
    <NS0:country rdf:resource='http://www.daml.org/2001/09/countries/fips#HK'/>
    <NS0:percent>18</NS0:percent>
  </rdf:Description>
  <rdf:Description rdf:about='#A20251'>
    <rdf:type rdf:resource='http://www.daml.org/2001/12/factbook/factbook-ont#EthnicGroupPercent'/>
    <NS0:ethnicGroup rdf:resource='http://www.daml.org/2001/12/factbook/ethnicGroups#Uygur'/>
  </rdf:Description>
  <rdf:Description rdf:about='#A20247'>
    <rdf:type rdf:resource='http://www.daml.org/2001/12/factbook/factbook-ont#EthnicGroupPercent'/>
    <NS0:ethnicGroup rdf:resource='http://www.daml.org/2001/12/factbook/ethnicGroups#Zhuang'/>
  </rdf:Description>
  <rdf:Description rdf:about='#A121742'>
    <rdf:type rdf:resource='http://www.daml.org/2001/12/factbook/factbook-ont#CountryPercent'/>
    <NS0:country rdf:resource='http://www.daml.org/2001/09/countries/fips#US'/>
    <NS0:percent>21</NS0:percent>
  </rdf:Description>
  <rdf:Description rdf:about='#A20637'>
    <NS0:year>1999</NS0:year>
  </rdf:Description>
  <rdf:Description rdf:about='#A121737'>
    <rdf:type rdf:resource='http://www.daml.org/2001/12/factbook/factbook-ont#Border'/>
    <NS0:country rdf:resource='http://www.daml.org/2001/09/countries/fips#VM'/>
    <NS0:distance>1281</NS0:distance>
  </rdf:Description>
  <rdf:Description rdf:about='#A20242'>
    <rdf:type rdf:resource='http://www.daml.org/2001/12/factbook/factbook-ont#EthnicGroupPercent'/>
    <NS0:ethnicGroup rdf:resource='http://www.daml.org/2001/12/factbook/ethnicGroups#Han_Chinese'/>
    <NS0:percent>91.9</NS0:percent>
  </rdf:Description>
  <rdf:Description rdf:about='#A20202'>
    <rdf:type rdf:resource='http://www.daml.org/2001/12/factbook/factbook-ont#Estimate'/>
    <NS0:year>2001</NS0:year>
  </rdf:Description>
  <rdf:Description rdf:about='#A121732'>
    <rdf:type rdf:resource='http://www.daml.org/2001/12/factbook/factbook-ont#Border'/>
    <NS0:country rdf:resource='http://www.daml.org/2001/09/countries/fips#TI'/>
    <NS0:distance>414</NS0:distance>
  </rdf:Description>
  <rdf:Description rdf:about='#A20310'>
    <rdf:type rdf:resource='http://www.daml.org/2001/12/factbook/factbook-ont#Estimate'/>
  </rdf:Description>
  <rdf:Description rdf:about='#A121726'>
    <rdf:type rdf:resource='http://www.daml.org/2001/12/factbook/factbook-ont#Border'/>
    <NS0:country rdf:resource='http://www.daml.org/2001/09/countries/fips#RS'/>
    <NS0:distance>40</NS0:distance>
  </rdf:Description>
  <rdf:Description rdf:about='#A20572'>
    <rdf:type rdf:resource='http://www.daml.org/2001/12/factbook/factbook-ont#Estimate'/>
    <NS0:year>2000</NS0:year>
  </rdf:Description>
  <rdf:Description rdf:about='#A20228'>
    <rdf:type rdf:resource='http://www.daml.org/2001/12/factbook/factbook-ont#SexRatioBreakdown'/>
    <NS0:ratio>1.06</NS0:ratio>
  </rdf:Description>
  <rdf:Description rdf:about='#A20667'>
    <NS0:note>f.o.b., 2000</NS0:note>
  </rdf:Description>
  <rdf:Description rdf:about='#A121720'>
    <rdf:type rdf:resource='http://www.daml.org/2001/12/factbook/factbook-ont#Border'/>
    <NS0:country rdf:resource='http://www.daml.org/2001/09/countries/fips#RS'/>
    <NS0:distance>3605</NS0:distance>
  </rdf:Description>
  <rdf:Description rdf:about='#A20223'>
    <rdf:type rdf:resource='http://www.daml.org/2001/12/factbook/factbook-ont#SexRatioBreakdown'/>
    <NS0:minAge>65</NS0:minAge>
    <NS0:ratio>0.89</NS0:ratio>
  </rdf:Description>
  <rdf:Description rdf:about='#A20605'>
    <rdf:type rdf:resource='http://www.daml.org/2001/12/factbook/factbook-ont#OccupationPercent'/>
    <NS0:occupation rdf:resource='http://www.daml.org/2001/12/factbook/occupations#services'/>
    <NS0:percent>26</NS0:percent>
  </rdf:Description>
  <rdf:Description rdf:about='#A121715'>
    <rdf:type rdf:resource='http://www.daml.org/2001/12/factbook/factbook-ont#Border'/>
    <NS0:country rdf:resource='http://www.daml.org/2001/09/countries/fips#PK'/>
    <NS0:distance>523</NS0:distance>
  </rdf:Description>
  <rdf:Description rdf:about='#A20709'>
    <NS0:note>January 2001</NS0:note>
  </rdf:Description>
  <rdf:Description rdf:about='#A20600'>
    <rdf:type rdf:resource='http://www.daml.org/2001/12/factbook/factbook-ont#OccupationPercent'/>
    <NS0:occupation rdf:resource='http://www.daml.org/2001/12/factbook/occupations#industry'/>
    <NS0:percent>24</NS0:percent>
  </rdf:Description>
  <rdf:Description rdf:about='#A20217'>
    <rdf:type rdf:resource='http://www.daml.org/2001/12/factbook/factbook-ont#SexRatioBreakdown'/>
    <NS0:minAge>15</NS0:minAge>
    <NS0:maxAge>64</NS0:maxAge>
    <NS0:ratio>1.06</NS0:ratio>
  </rdf:Description>
  <rdf:Description rdf:about='#A20357'>
    <rdf:type rdf:resource='http://www.daml.org/2001/12/factbook/factbook-ont#Estimate'/>
    <NS0:year>1995</NS0:year>
  </rdf:Description>
  <rdf:Description rdf:about='#A121710'>
    <rdf:type rdf:resource='http://www.daml.org/2001/12/factbook/factbook-ont#Border'/>
    <NS0:country rdf:resource='http://www.daml.org/2001/09/countries/fips#NP'/>
    <NS0:distance>1236</NS0:distance>
  </rdf:Description>
  <rdf:Description rdf:about='#A20595'>
    <rdf:type rdf:resource='http://www.daml.org/2001/12/factbook/factbook-ont#OccupationPercent'/>
    <NS0:occupation rdf:resource='http://www.daml.org/2001/12/factbook/occupations#agriculture'/>
    <NS0:percent>50</NS0:percent>
  </rdf:Description>
  <rdf:Description rdf:about='#A20211'>
    <rdf:type rdf:resource='http://www.daml.org/2001/12/factbook/factbook-ont#SexRatioBreakdown'/>
    <NS0:minAge>0</NS0:minAge>
    <NS0:maxAge>14</NS0:maxAge>
    <NS0:ratio>1.1</NS0:ratio>
  </rdf:Description>
  <rdf:Description rdf:about='#A121705'>
    <rdf:type rdf:resource='http://www.daml.org/2001/12/factbook/factbook-ont#Border'/>
    <NS0:country rdf:resource='http://www.daml.org/2001/09/countries/fips#MG'/>
    <NS0:distance>4676.9</NS0:distance>
  </rdf:Description>
  <rdf:Description rdf:about='#A121700'>
    <rdf:type rdf:resource='http://www.daml.org/2001/12/factbook/factbook-ont#Border'/>
    <NS0:country rdf:resource='http://www.daml.org/2001/09/countries/fips#MC'/>
    <NS0:distance>0.34</NS0:distance>
  </rdf:Description>
  <rdf:Description rdf:about='#A20205'>
    <rdf:type rdf:resource='http://www.daml.org/2001/12/factbook/factbook-ont#SexRatioBreakdown'/>
    <NS0:minAge>0</NS0:minAge>
    <NS0:maxAge>0</NS0:maxAge>
    <NS0:ratio>1.09</NS0:ratio>
  </rdf:Description>
  <rdf:Description rdf:about='#A121695'>
    <rdf:type rdf:resource='http://www.daml.org/2001/12/factbook/factbook-ont#Border'/>
    <NS0:country rdf:resource='http://www.daml.org/2001/09/countries/fips#LA'/>
    <NS0:distance>423</NS0:distance>
  </rdf:Description>
  <rdf:Description rdf:about='#A121780'>
    <NS0:note>2000</NS0:note>
  </rdf:Description>
  <rdf:Description rdf:about='#A121690'>
    <rdf:type rdf:resource='http://www.daml.org/2001/12/factbook/factbook-ont#Border'/>
    <NS0:country rdf:resource='http://www.daml.org/2001/09/countries/fips#KG'/>
    <NS0:distance>858</NS0:distance>
  </rdf:Description>
  <rdf:Description rdf:about='#A20589'>
    <rdf:type rdf:resource='http://www.daml.org/2001/12/factbook/factbook-ont#Estimate'/>
    <NS0:year>2000</NS0:year>
  </rdf:Description>
  <rdf:Description rdf:about='#A20157'>
    <rdf:type rdf:resource='http://www.daml.org/2001/12/factbook/factbook-ont#Estimate'/>
    <NS0:year>1993</NS0:year>
  </rdf:Description>
  <rdf:Description rdf:about='#A20190'>
    <rdf:type rdf:resource='http://www.daml.org/2001/12/factbook/factbook-ont#Estimate'/>
    <NS0:note>July 2001</NS0:note>
  </rdf:Description>
  <rdf:Description rdf:about='#A121685'>
    <rdf:type rdf:resource='http://www.daml.org/2001/12/factbook/factbook-ont#Border'/>
    <NS0:country rdf:resource='http://www.daml.org/2001/09/countries/fips#KN'/>
    <NS0:distance>1416</NS0:distance>
  </rdf:Description>
  <rdf:Description rdf:about='#A121680'>
    <rdf:type rdf:resource='http://www.daml.org/2001/12/factbook/factbook-ont#Border'/>
    <NS0:country rdf:resource='http://www.daml.org/2001/09/countries/fips#KZ'/>
    <NS0:distance>1533</NS0:distance>
  </rdf:Description>
  <rdf:Description rdf:about='#A121675'>
    <rdf:type rdf:resource='http://www.daml.org/2001/12/factbook/factbook-ont#Border'/>
    <NS0:country rdf:resource='http://www.daml.org/2001/09/countries/fips#IN'/>
    <NS0:distance>3380</NS0:distance>
  </rdf:Description>
  <rdf:Description rdf:about='#A121670'>
    <rdf:type rdf:resource='http://www.daml.org/2001/12/factbook/factbook-ont#Border'/>
    <NS0:country rdf:resource='http://www.daml.org/2001/09/countries/fips#HK'/>
    <NS0:distance>30</NS0:distance>
  </rdf:Description>
  <rdf:Description rdf:about='#A121665'>
    <rdf:type rdf:resource='http://www.daml.org/2001/12/factbook/factbook-ont#Border'/>
    <NS0:country rdf:resource='http://www.daml.org/2001/09/countries/fips#BM'/>
    <NS0:distance>2185</NS0:distance>
  </rdf:Description>
  <rdf:Description rdf:about='#A121660'>
    <rdf:type rdf:resource='http://www.daml.org/2001/12/factbook/factbook-ont#Border'/>
    <NS0:country rdf:resource='http://www.daml.org/2001/09/countries/fips#BT'/>
    <NS0:distance>470</NS0:distance>
  </rdf:Description>
  <rdf:Description rdf:about='#A20583'>
    <rdf:type rdf:resource='http://www.daml.org/2001/12/factbook/factbook-ont#Estimate'/>
    <NS0:year>1999</NS0:year>
  </rdf:Description>
  <rdf:Description rdf:about='#A121655'>
    <rdf:type rdf:resource='http://www.daml.org/2001/12/factbook/factbook-ont#Border'/>
    <NS0:country rdf:resource='http://www.daml.org/2001/09/countries/fips#AF'/>
    <NS0:distance>76</NS0:distance>
  </rdf:Description>
  <rdf:Description rdf:about='#A20580'>
    <rdf:type rdf:resource='http://www.daml.org/2001/12/factbook/factbook-ont#Estimate'/>
    <NS0:year>2000</NS0:year>
  </rdf:Description>
  <rdf:Description rdf:about='#A20868'>
    <rdf:type rdf:resource='http://www.daml.org/2001/12/factbook/factbook-ont#Estimate'/>
    <NS0:year>2001</NS0:year>
  </rdf:Description>
  <rdf:Description rdf:about='#A20231'>
    <rdf:type rdf:resource='http://www.daml.org/2001/12/factbook/factbook-ont#Estimate'/>
    <NS0:year>2001</NS0:year>
  </rdf:Description>
  <rdf:Description rdf:about='#A20128'>
    <rdf:type rdf:resource='http://www.daml.org/2001/12/factbook/factbook-ont#ElevationExtreme'/>
    <NS0:name>Turpan Pendi</NS0:name>
    <NS0:elevation>-154</NS0:elevation>
  </rdf:Description>
  <rdf:Description rdf:about='#A20707'>
    <NS0:year>2000</NS0:year>
  </rdf:Description>
  <rdf:Description rdf:about='#A20503'>
    <rdf:type rdf:resource='http://www.daml.org/2001/12/factbook/factbook-ont#AdministrativeDivision'/>
    <NS0:name>see separate entries for the special administrative regions of Hong Kong and Macau</NS0:name>
  </rdf:Description>
  <rdf:Description rdf:about='#A20695'>
    <NS0:year>2000</NS0:year>
  </rdf:Description>
  <rdf:Description rdf:about='#A20499'>
    <rdf:type rdf:resource='#Province'/>
    <NS0:name>Zhejiang</NS0:name>
  </rdf:Description>
  <rdf:Description rdf:about='#A20112'>
    <rdf:type rdf:resource='http://www.daml.org/2001/12/factbook/factbook-ont#LatLon'/>
    <NS0:latitude>35.0</NS0:latitude>
    <NS0:longitude>105.0</NS0:longitude>
  </rdf:Description>
  <rdf:Description rdf:about='#A20495'>
    <rdf:type rdf:resource='#Province'/>
    <NS0:name>Yunnan</NS0:name>
  </rdf:Description>
  <rdf:Description rdf:about='#A20352'>
    <NS0:note>see Ethnic groups entry</NS0:note>
  </rdf:Description>
  <rdf:Description rdf:about='#A20625'>
    <rdf:type rdf:resource='http://www.daml.org/2001/12/factbook/factbook-ont#Estimate'/>
    <NS0:year>2000</NS0:year>
  </rdf:Description>
  <rdf:Description rdf:about='#A20491'>
    <rdf:type rdf:resource='#AutonomousRegion'/>
    <NS0:name>Xizang</NS0:name>
  </rdf:Description>
  <rdf:Description rdf:about='#A121724'>
    <NS0:note>northeast</NS0:note>
  </rdf:Description>
  <rdf:Description rdf:about='#A20487'>
    <rdf:type rdf:resource='#AutonomousRegion'/>
    <NS0:name>Xinjiang</NS0:name>
  </rdf:Description>
  <rdf:Description rdf:about='#A20628'>
    <NS0:year>1999</NS0:year>
  </rdf:Description>
  <rdf:Description rdf:about='#A20330'>
    <NS0:note>Fuzhou</NS0:note>
  </rdf:Description>
  <rdf:Description rdf:about='#A20483'>
    <rdf:type rdf:resource='#Municipality'/>
    <NS0:name>Tianjin</NS0:name>
  </rdf:Description>
  <rdf:Description rdf:about='#A20697'>
    <NS0:note>January 2001</NS0:note>
  </rdf:Description>
  <rdf:Description rdf:about='#A20237'>
    <rdf:type rdf:resource='http://www.daml.org/2001/12/factbook/factbook-ont#Estimate'/>
    <NS0:year>2001</NS0:year>
  </rdf:Description>
  <rdf:Description rdf:about='#A121730'>
    <NS0:note>northwest</NS0:note>
  </rdf:Description>
  <rdf:Description rdf:about='#A20325'>
    <NS0:note>Shanghaiese</NS0:note>
  </rdf:Description>
  <rdf:Description rdf:about='#A20335'>
    <NS0:note>Hokkien-Taiwanese</NS0:note>
  </rdf:Description>
  <rdf:Description rdf:about='#A20479'>
    <rdf:type rdf:resource='#Province'/>
    <NS0:name>Sichuan</NS0:name>
  </rdf:Description>
  <rdf:Description rdf:about='#A20475'>
    <rdf:type rdf:resource='#Province'/>
    <NS0:name>Shanxi</NS0:name>
  </rdf:Description>
  <rdf:Description rdf:about='#A20855'>
    <rdf:type rdf:resource='http://www.daml.org/2001/12/factbook/factbook-ont#AirportBreakdown'/>
    <NS0:paved>false</NS0:paved>
    <NS0:maxRunway>913</NS0:maxRunway>
    <NS0:count>78 (2000 est.)</NS0:count>
  </rdf:Description>
  <rdf:Description rdf:about='#A20471'>
    <rdf:type rdf:resource='#Municipality'/>
    <NS0:name>Shanghai</NS0:name>
  </rdf:Description>
  <rdf:Description rdf:about='#A20467'>
    <rdf:type rdf:resource='#Province'/>
    <NS0:name>Shandong</NS0:name>
  </rdf:Description>
  <rdf:Description rdf:about='#A20848'>
    <rdf:type rdf:resource='http://www.daml.org/2001/12/factbook/factbook-ont#AirportBreakdown'/>
    <NS0:paved>false</NS0:paved>
    <NS0:minRunway>914</NS0:minRunway>
    <NS0:maxRunway>1523</NS0:maxRunway>
    <NS0:count>56</NS0:count>
  </rdf:Description>
  <rdf:Description rdf:about='#Municipality'>
    <rdf:type rdf:resource='http://www.w3.org/2000/01/rdf-schema#Class'/>
    <rdfs:subClassOf rdf:resource='http://www.daml.org/2001/12/factbook/factbook-ont#AdministrativeDivision'/>
    <rdfs:label>Municipality</rdfs:label>
  </rdf:Description>
  <rdf:Description rdf:about='#A20463'>
    <rdf:type rdf:resource='#Province'/>
    <NS0:name>Shaanxi</NS0:name>
  </rdf:Description>
  <rdf:Description rdf:about='#A20320'>
    <NS0:note>Cantonese</NS0:note>
  </rdf:Description>
  <rdf:Description rdf:about='#A20459'>
    <rdf:type rdf:resource='#Province'/>
    <NS0:name>Qinghai</NS0:name>
  </rdf:Description>
  <rdf:Description rdf:about='#A20315'>
    <NS0:note>Putonghua, based on the Beijing dialect</NS0:note>
  </rdf:Description>
  <rdf:Description rdf:about='#A20841'>
    <rdf:type rdf:resource='http://www.daml.org/2001/12/factbook/factbook-ont#AirportBreakdown'/>
    <NS0:paved>false</NS0:paved>
    <NS0:minRunway>1524</NS0:minRunway>
    <NS0:maxRunway>2437</NS0:maxRunway>
    <NS0:count>29</NS0:count>
  </rdf:Description>
  <rdf:Description rdf:about='#A20455'>
    <rdf:type rdf:resource='#AutonomousRegion'/>
    <NS0:name>Ningxia</NS0:name>
  </rdf:Description>
  <rdf:Description rdf:about='#A20834'>
    <rdf:type rdf:resource='http://www.daml.org/2001/12/factbook/factbook-ont#AirportBreakdown'/>
    <NS0:paved>false</NS0:paved>
    <NS0:minRunway>2438</NS0:minRunway>
    <NS0:maxRunway>3047</NS0:maxRunway>
    <NS0:count>1</NS0:count>
  </rdf:Description>
  <rdf:Description rdf:about='#A20451'>
    <rdf:type rdf:resource='#AutonomousRegion'/>
    <NS0:name>Nei Mongol</NS0:name>
  </rdf:Description>
  <rdf:Description rdf:about='#A20447'>
    <rdf:type rdf:resource='#Province'/>
    <NS0:name>Liaoning</NS0:name>
  </rdf:Description>
  <rdf:Description rdf:about='#A20828'>
    <rdf:type rdf:resource='http://www.daml.org/2001/12/factbook/factbook-ont#AirportBreakdown'/>
    <NS0:paved>false</NS0:paved>
    <NS0:minRunway>3048</NS0:minRunway>
    <NS0:count>1</NS0:count>
  </rdf:Description>
  <rdf:Description rdf:about='#A20443'>
    <rdf:type rdf:resource='#Province'/>
    <NS0:name>Jilin</NS0:name>
  </rdf:Description>
  <rdf:Description rdf:about='#A20234'>
    <rdf:type rdf:resource='http://www.daml.org/2001/12/factbook/factbook-ont#Estimate'/>
    <NS0:year>2001</NS0:year>
  </rdf:Description>
  <rdf:Description rdf:about='#A20439'>
    <rdf:type rdf:resource='#Province'/>
    <NS0:name>Jiangxi</NS0:name>
  </rdf:Description>
  <rdf:Description rdf:about='#A20822'>
    <rdf:type rdf:resource='http://www.daml.org/2001/12/factbook/factbook-ont#AirportBreakdown'/>
    <NS0:paved>true</NS0:paved>
    <NS0:maxRunway>913</NS0:maxRunway>
    <NS0:count>32 (2000 est.)</NS0:count>
  </rdf:Description>
  <rdf:Description rdf:about='#A20435'>
    <rdf:type rdf:resource='#Province'/>
    <NS0:name>Jiangsu</NS0:name>
  </rdf:Description>
  <rdf:Description rdf:about='#A20196'>
    <rdf:type rdf:resource='http://www.daml.org/2001/12/factbook/factbook-ont#Estimate'/>
    <NS0:year>2001</NS0:year>
  </rdf:Description>
  <rdf:Description rdf:about='#A20815'>
    <rdf:type rdf:resource='http://www.daml.org/2001/12/factbook/factbook-ont#AirportBreakdown'/>
    <NS0:paved>true</NS0:paved>
    <NS0:minRunway>914</NS0:minRunway>
    <NS0:maxRunway>1523</NS0:maxRunway>
    <NS0:count>30</NS0:count>
  </rdf:Description>
  <rdf:Description rdf:about='#A20431'>
    <rdf:type rdf:resource='#Province'/>
    <NS0:name>Hunan</NS0:name>
  </rdf:Description>
  <rdf:Description rdf:about='#A20569'>
    <rdf:type rdf:resource='http://www.daml.org/2001/12/factbook/factbook-ont#Estimate'/>
    <NS0:year>2000</NS0:year>
  </rdf:Description>
  <rdf:Description rdf:about='#A20587'>
    <NS0:year>1998</NS0:year>
  </rdf:Description>
  <rdf:Description rdf:about='#A20427'>
    <rdf:type rdf:resource='#Province'/>
    <NS0:name>Hubei</NS0:name>
  </rdf:Description>
  <rdf:Description rdf:about='#Province'>
    <rdf:type rdf:resource='http://www.w3.org/2000/01/rdf-schema#Class'/>
    <rdfs:subClassOf rdf:resource='http://www.daml.org/2001/12/factbook/factbook-ont#AdministrativeDivision'/>
    <rdfs:label>Province</rdfs:label>
  </rdf:Description>
  <rdf:Description rdf:about='#A20808'>
    <rdf:type rdf:resource='http://www.daml.org/2001/12/factbook/factbook-ont#AirportBreakdown'/>
    <NS0:paved>true</NS0:paved>
    <NS0:minRunway>1524</NS0:minRunway>
    <NS0:maxRunway>2437</NS0:maxRunway>
    <NS0:count>147</NS0:count>
  </rdf:Description>
  <rdf:Description rdf:about='#A20423'>
    <rdf:type rdf:resource='#Province'/>
    <NS0:name>Henan</NS0:name>
  </rdf:Description>
  <rdf:Description rdf:about='#A20419'>
    <rdf:type rdf:resource='#Province'/>
    <NS0:name>Heilongjiang</NS0:name>
  </rdf:Description>
  <rdf:Description rdf:about='#A20801'>
    <rdf:type rdf:resource='http://www.daml.org/2001/12/factbook/factbook-ont#AirportBreakdown'/>
    <NS0:paved>true</NS0:paved>
    <NS0:minRunway>2438</NS0:minRunway>
    <NS0:maxRunway>3047</NS0:maxRunway>
    <NS0:count>88</NS0:count>
  </rdf:Description>
  <rdf:Description rdf:about='#A20635'>
    <NS0:year>1999</NS0:year>
  </rdf:Description>
  <rdf:Description rdf:about='#A20415'>
    <rdf:type rdf:resource='#Province'/>
    <NS0:name>Hebei</NS0:name>
  </rdf:Description>
  <rdf:Description rdf:about='#A20795'>
    <rdf:type rdf:resource='http://www.daml.org/2001/12/factbook/factbook-ont#AirportBreakdown'/>
    <NS0:paved>true</NS0:paved>
    <NS0:minRunway>3048</NS0:minRunway>
    <NS0:count>27</NS0:count>
  </rdf:Description>
  <rdf:Description rdf:about='#A20711'>
    <NS0:note>including 5,400 km of provincial &quot;local&quot; rails</NS0:note>
  </rdf:Description>
  <rdf:Description rdf:about='#A20411'>
    <rdf:type rdf:resource='#Province'/>
    <NS0:name>Hainan</NS0:name>
  </rdf:Description>
  <rdf:Description rdf:about='#A20199'>
    <rdf:type rdf:resource='http://www.daml.org/2001/12/factbook/factbook-ont#Estimate'/>
    <NS0:year>2001</NS0:year>
  </rdf:Description>
  <rdf:Description rdf:about='#A20407'>
    <rdf:type rdf:resource='#Province'/>
    <NS0:name>Guizhou</NS0:name>
  </rdf:Description>
  <rdf:Description rdf:about='#A20788'>
    <rdf:type rdf:resource='http://www.daml.org/2001/12/factbook/factbook-ont#Port'/>
    <NS0:name>Zhanjiang</NS0:name>
  </rdf:Description>
  <rdf:Description rdf:about='#A20403'>
    <rdf:type rdf:resource='#AutonomousRegion'/>
    <NS0:name>Guangxi</NS0:name>
  </rdf:Description>
  <rdf:Description rdf:about='#A20784'>
    <rdf:type rdf:resource='http://www.daml.org/2001/12/factbook/factbook-ont#Port'/>
    <NS0:name>Yantai</NS0:name>
  </rdf:Description>
  <rdf:Description rdf:about='#A20862'>
    <rdf:type rdf:resource='http://www.daml.org/2001/12/factbook/factbook-ont#Estimate'/>
    <NS0:year>2001</NS0:year>
  </rdf:Description>
  <rdf:Description rdf:about='#A20399'>
    <rdf:type rdf:resource='#Province'/>
    <NS0:name>Guangdong</NS0:name>
  </rdf:Description>
  <rdf:Description rdf:about='#A20780'>
    <rdf:type rdf:resource='http://www.daml.org/2001/12/factbook/factbook-ont#Port'/>
    <NS0:name>Xingang</NS0:name>
  </rdf:Description>
  <rdf:Description rdf:about='#A20395'>
    <rdf:type rdf:resource='#Province'/>
    <NS0:name>Gansu</NS0:name>
  </rdf:Description>
  <rdf:Description rdf:about='#A20776'>
    <rdf:type rdf:resource='http://www.daml.org/2001/12/factbook/factbook-ont#Port'/>
    <NS0:name>Xiamen</NS0:name>
  </rdf:Description>
  <rdf:Description rdf:about='#A20391'>
    <rdf:type rdf:resource='#Province'/>
    <NS0:name>Fujian</NS0:name>
  </rdf:Description>
  <rdf:Description rdf:about='#A20772'>
    <rdf:type rdf:resource='http://www.daml.org/2001/12/factbook/factbook-ont#Port'/>
    <NS0:name>Tianjin</NS0:name>
  </rdf:Description>
  <rdf:Description rdf:about='#A20871'>
    <NS0:note>FY99</NS0:note>
  </rdf:Description>
  <rdf:Description rdf:about='#A20639'>
    <NS0:year>1999</NS0:year>
  </rdf:Description>
  <rdf:Description rdf:about='#A20387'>
    <rdf:type rdf:resource='#Municipality'/>
    <NS0:name>Chongqing</NS0:name>
  </rdf:Description>
  <rdf:Description rdf:about='#A20768'>
    <rdf:type rdf:resource='http://www.daml.org/2001/12/factbook/factbook-ont#Port'/>
    <NS0:name>Shantou</NS0:name>
  </rdf:Description>
  <rdf:Description rdf:about='#A20383'>
    <rdf:type rdf:resource='#Municipality'/>
    <NS0:name>Beijing</NS0:name>
  </rdf:Description>
  <rdf:Description rdf:about='#A20865'>
    <rdf:type rdf:resource='http://www.daml.org/2001/12/factbook/factbook-ont#Estimate'/>
    <NS0:year>2001</NS0:year>
  </rdf:Description>
  <rdf:Description rdf:about='#A20764'>
    <rdf:type rdf:resource='http://www.daml.org/2001/12/factbook/factbook-ont#Port'/>
    <NS0:name>Shanghai</NS0:name>
  </rdf:Description>
  <rdf:Description rdf:about='#A20379'>
    <rdf:type rdf:resource='#Province'/>
    <NS0:name>Anhui</NS0:name>
  </rdf:Description>
  <rdf:Description rdf:about='#A20760'>
    <rdf:type rdf:resource='http://www.daml.org/2001/12/factbook/factbook-ont#Port'/>
    <NS0:name>Qinhuangdao</NS0:name>
  </rdf:Description>
  <rdf:Description rdf:about='#A20756'>
    <rdf:type rdf:resource='http://www.daml.org/2001/12/factbook/factbook-ont#Port'/>
    <NS0:name>Qingdao</NS0:name>
  </rdf:Description>
  <rdf:Description rdf:about='#A20752'>
    <rdf:type rdf:resource='http://www.daml.org/2001/12/factbook/factbook-ont#Port'/>
    <NS0:name>Ningbo</NS0:name>
  </rdf:Description>
  <rdf:Description rdf:about='#A20366'>
    <rdf:type rdf:resource='http://www.daml.org/2001/12/factbook/factbook-ont#CapitalCity'/>
    <NS0:name>Beijing</NS0:name>
  </rdf:Description>
  <rdf:Description rdf:about='#A20748'>
    <rdf:type rdf:resource='http://www.daml.org/2001/12/factbook/factbook-ont#Port'/>
    <NS0:name>Nantong</NS0:name>
  </rdf:Description>
  <rdf:Description rdf:about='#A20744'>
    <rdf:type rdf:resource='http://www.daml.org/2001/12/factbook/factbook-ont#Port'/>
    <NS0:name>Nanjing</NS0:name>
  </rdf:Description>
  <rdf:Description rdf:about='#A20740'>
    <rdf:type rdf:resource='http://www.daml.org/2001/12/factbook/factbook-ont#Port'/>
    <NS0:name>Lianyungang</NS0:name>
  </rdf:Description>
  <rdf:Description rdf:about='#A20736'>
    <rdf:type rdf:resource='http://www.daml.org/2001/12/factbook/factbook-ont#Port'/>
    <NS0:name>Huangpu</NS0:name>
  </rdf:Description>
  <rdf:Description rdf:about='#A20792'>
    <rdf:type rdf:resource='http://www.daml.org/2001/12/factbook/factbook-ont#Estimate'/>
    <NS0:year>2000</NS0:year>
  </rdf:Description>
  <rdf:Description rdf:about='#A20732'>
    <rdf:type rdf:resource='http://www.daml.org/2001/12/factbook/factbook-ont#Port'/>
    <NS0:name>Haikou</NS0:name>
  </rdf:Description>
  <rdf:Description rdf:about='#A20349'>
    <rdf:type rdf:resource='http://www.daml.org/2001/12/factbook/factbook-ont#LanguagePercent'/>
    <NS0:language rdf:resource='http://www.daml.org/2001/12/factbook/languages#minority_languages'/>
  </rdf:Description>
  <rdf:Description rdf:about='#A121817'>
    <NS0:note>2000</NS0:note>
  </rdf:Description>
  <rdf:Description rdf:about='#A20345'>
    <rdf:type rdf:resource='http://www.daml.org/2001/12/factbook/factbook-ont#LanguagePercent'/>
    <NS0:language rdf:resource='http://www.daml.org/2001/12/factbook/languages#Hakka_dialects'/>
  </rdf:Description>
  <rdf:Description rdf:about='#A20728'>
    <rdf:type rdf:resource='http://www.daml.org/2001/12/factbook/factbook-ont#Port'/>
    <NS0:name>Guangzhou</NS0:name>
  </rdf:Description>
  <rdf:Description rdf:about='#A20633'>
    <NS0:year>1999</NS0:year>
  </rdf:Description>
  <rdf:Description rdf:about='#A20609'>
    <NS0:year>1998</NS0:year>
  </rdf:Description>
  <rdf:Description rdf:about='#A20341'>
    <rdf:type rdf:resource='http://www.daml.org/2001/12/factbook/factbook-ont#LanguagePercent'/>
    <NS0:language rdf:resource='http://www.daml.org/2001/12/factbook/languages#Gan'/>
  </rdf:Description>
  <rdf:Description rdf:about='#A20724'>
    <rdf:type rdf:resource='http://www.daml.org/2001/12/factbook/factbook-ont#Port'/>
    <NS0:name>Fuzhou</NS0:name>
  </rdf:Description>
  <rdf:Description rdf:about='#A20653'>
    <NS0:note>f.o.b., 2000</NS0:note>
  </rdf:Description>
  <rdf:Description rdf:about='#A20714'>
    <NS0:note>with at least 16,000 km of expressways</NS0:note>
  </rdf:Description>
  <rdf:Description rdf:about='#A20720'>
    <rdf:type rdf:resource='http://www.daml.org/2001/12/factbook/factbook-ont#Port'/>
    <NS0:name>Dalian</NS0:name>
  </rdf:Description>
  <rdf:Description rdf:about='#A20337'>
    <rdf:type rdf:resource='http://www.daml.org/2001/12/factbook/factbook-ont#LanguagePercent'/>
    <NS0:language rdf:resource='http://www.daml.org/2001/12/factbook/languages#Xiang'/>
  </rdf:Description>
  <rdf:Description rdf:about='#A20332'>
    <rdf:type rdf:resource='http://www.daml.org/2001/12/factbook/factbook-ont#LanguagePercent'/>
    <NS0:language rdf:resource='http://www.daml.org/2001/12/factbook/languages#Minnan'/>
  </rdf:Description>
  <rdf:Description rdf:about='http://www.daml.org/2001/09/countries/fips#CH'>
    <NS0:background>For centuries China has stood as a leading civilization, outpacing the rest of the world in the arts and sciences. But in the first half of the 20th century, China was beset by major famines, civil unrest, military defeats, and foreign occupation. After World War II, the Communists under MAO Zedong established a dictatorship that, while ensuring China&apos;s sovereignty, imposed strict controls over everyday life and cost the lives of tens of millions of people. After 1978, his successor DENG Xiaoping gradually introduced market-oriented reforms and decentralized economic decision making. Output quadrupled in the next 20 years and China now has the world&apos;s second largest GDP. Political controls remain tight even while economic controls continue to weaken.</NS0:background>
    <NS0:location>Eastern Asia, bordering the East China Sea, Korea Bay, Yellow Sea, and South China Sea, between North Korea and Vietnam</NS0:location>
    <NS0:geographicCoordinates rdf:resource='#A20112'/>
    <NS0:mapReferences>Asia</NS0:mapReferences>
    <NS0:totalArea>9596960</NS0:totalArea>
    <NS0:landArea>9326410</NS0:landArea>
    <NS0:waterArea>270550</NS0:waterArea>
    <NS0:comparativeArea>slightly smaller than the US</NS0:comparativeArea>
    <NS0:landBoundaries>22147.24</NS0:landBoundaries>
    <NS0:coastline>14500</NS0:coastline>
    <NS0:contiguousZone>24</NS0:contiguousZone>
    <NS0:territorialSea>12</NS0:territorialSea>
    <NS0:climate>extremely diverse; tropical in south to subarctic in north</NS0:climate>
    <NS0:terrain>mostly mountains, high plateaus, deserts in west; plains, deltas, and hills in east</NS0:terrain>
    <NS0:lowestPoint rdf:resource='#A20128'/>
    <NS0:naturalResource rdf:resource='http://www.daml.org/2001/12/factbook/naturalResources#coal'/>
    <NS0:naturalResource rdf:resource='http://www.daml.org/2001/12/factbook/naturalResources#iron_ore'/>
    <NS0:naturalResource rdf:resource='http://www.daml.org/2001/12/factbook/naturalResources#petroleum'/>
    <NS0:naturalResource rdf:resource='http://www.daml.org/2001/12/factbook/naturalResources#natural_gas'/>
    <NS0:naturalResource rdf:resource='http://www.daml.org/2001/12/factbook/naturalResources#mercury'/>
    <NS0:naturalResource rdf:resource='http://www.daml.org/2001/12/factbook/naturalResources#tin'/>
    <NS0:naturalResource rdf:resource='http://www.daml.org/2001/12/factbook/naturalResources#tungsten'/>
    <NS0:naturalResource rdf:resource='http://www.daml.org/2001/12/factbook/naturalResources#antimony'/>
    <NS0:naturalResource rdf:resource='http://www.daml.org/2001/12/factbook/naturalResources#manganese'/>
    <NS0:naturalResource rdf:resource='http://www.daml.org/2001/12/factbook/naturalResources#molybdenum'/>
    <NS0:naturalResource rdf:resource='http://www.daml.org/2001/12/factbook/naturalResources#vanadium'/>
    <NS0:naturalResource rdf:resource='http://www.daml.org/2001/12/factbook/naturalResources#magnetite'/>
    <NS0:naturalResource rdf:resource='http://www.daml.org/2001/12/factbook/naturalResources#aluminum'/>
    <NS0:naturalResource rdf:resource='http://www.daml.org/2001/12/factbook/naturalResources#lead'/>
    <NS0:naturalResource rdf:resource='http://www.daml.org/2001/12/factbook/naturalResources#zinc'/>
    <NS0:naturalResource rdf:resource='http://www.daml.org/2001/12/factbook/naturalResources#uranium'/>
    <NS0:naturalResource rdf:resource='http://www.daml.org/2001/12/factbook/naturalResources#hydropower_potential'/>
    <NS0:arableLand>10</NS0:arableLand>
    <NS0:permanentCrops>0</NS0:permanentCrops>
    <NS0:permanentPastures>43</NS0:permanentPastures>
    <NS0:forestsAndWoodland>14</NS0:forestsAndWoodland>
    <NS0:otherLandUse rdf:ID='A20154'>33</NS0:otherLandUse>
    <NS0:irrigatedLand rdf:ID='A20157'>498720</NS0:irrigatedLand>
    <NS0:naturalHazard>frequent typhoons</NS0:naturalHazard>
    <NS0:naturalHazard>damaging floods</NS0:naturalHazard>
    <NS0:naturalHazard>tsunamis</NS0:naturalHazard>
    <NS0:naturalHazard>earthquakes</NS0:naturalHazard>
    <NS0:naturalHazard>droughts</NS0:naturalHazard>
    <NS0:environmentalIssue>air pollution from reliance on coal, produces acid rain</NS0:environmentalIssue>
    <NS0:environmentalIssue>water shortages, particularly in the north</NS0:environmentalIssue>
    <NS0:environmentalIssue>water pollution from untreated wastes</NS0:environmentalIssue>
    <NS0:environmentalIssue>deforestation</NS0:environmentalIssue>
    <NS0:environmentalIssue>estimated loss of one-fifth of agricultural land since 1949 to soil erosion and economic development</NS0:environmentalIssue>
    <NS0:environmentalIssue>desertification</NS0:environmentalIssue>
    <NS0:environmentalIssue>trade in endangered species</NS0:environmentalIssue>
    <NS0:environmentalAgreementPartyTo rdf:resource='http://www.daml.org/2001/12/factbook/environmentalAgreements#Antarctic-Environmental_Protocol'/>
    <NS0:environmentalAgreementPartyTo rdf:resource='http://www.daml.org/2001/12/factbook/environmentalAgreements#Antarctic_Treaty'/>
    <NS0:environmentalAgreementPartyTo rdf:resource='http://www.daml.org/2001/12/factbook/environmentalAgreements#Biodiversity'/>
    <NS0:environmentalAgreementPartyTo rdf:resource='http://www.daml.org/2001/12/factbook/environmentalAgreements#Climate_Change'/>
    <NS0:environmentalAgreementPartyTo rdf:resource='http://www.daml.org/2001/12/factbook/environmentalAgreements#Desertification'/>
    <NS0:environmentalAgreementPartyTo rdf:resource='http://www.daml.org/2001/12/factbook/environmentalAgreements#Endangered_Species'/>
    <NS0:environmentalAgreementPartyTo rdf:resource='http://www.daml.org/2001/12/factbook/environmentalAgreements#Hazardous_Wastes'/>
    <NS0:environmentalAgreementPartyTo rdf:resource='http://www.daml.org/2001/12/factbook/environmentalAgreements#Law_of_the_Sea'/>
    <NS0:environmentalAgreementPartyTo rdf:resource='http://www.daml.org/2001/12/factbook/environmentalAgreements#Marine_Dumping'/>
    <NS0:environmentalAgreementPartyTo rdf:resource='http://www.daml.org/2001/12/factbook/environmentalAgreements#Nuclear_Test_Ban'/>
    <NS0:environmentalAgreementPartyTo rdf:resource='http://www.daml.org/2001/12/factbook/environmentalAgreements#Ozone_Layer_Protection'/>
    <NS0:environmentalAgreementPartyTo rdf:resource='http://www.daml.org/2001/12/factbook/environmentalAgreements#Ship_Pollution'/>
    <NS0:environmentalAgreementPartyTo rdf:resource='http://www.daml.org/2001/12/factbook/environmentalAgreements#Tropical_Timber_83'/>
    <NS0:environmentalAgreementPartyTo rdf:resource='http://www.daml.org/2001/12/factbook/environmentalAgreements#Tropical_Timber_94'/>
    <NS0:environmentalAgreementPartyTo rdf:resource='http://www.daml.org/2001/12/factbook/environmentalAgreements#Wetlands'/>
    <NS0:environmentalAgreementPartyTo rdf:resource='http://www.daml.org/2001/12/factbook/environmentalAgreements#Whaling'/>
    <NS0:environmentalAgreementSigned rdf:resource='http://www.daml.org/2001/12/factbook/environmentalAgreements#Climate_Change-Kyoto_Protocol'/>
    <NS0:environmentalAgreementSigned rdf:resource='http://www.daml.org/2001/12/factbook/environmentalAgreements#Marine_Life_Conservation'/>
    <NS0:population rdf:ID='A20190'>1273111290</NS0:population>
    <NS0:populationGrowthRate rdf:ID='A20193'>0.88</NS0:populationGrowthRate>
    <NS0:birthRate rdf:ID='A20196'>15.95</NS0:birthRate>
    <NS0:deathRate rdf:ID='A20199'>6.74</NS0:deathRate>
    <NS0:netMigrationRate rdf:ID='A20202'>-0.39</NS0:netMigrationRate>
    <NS0:sexRatio rdf:resource='#A20205'/>
    <NS0:sexRatio rdf:resource='#A20211'/>
    <NS0:sexRatio rdf:resource='#A20217'/>
    <NS0:sexRatio rdf:resource='#A20223'/>
    <NS0:sexRatio rdf:ID='A20231' rdf:resource='#A20228'/>
    <NS0:infantMortalityRate rdf:ID='A20234'>28.08</NS0:infantMortalityRate>
    <NS0:totalFertilityRate rdf:ID='A20237'>1.82</NS0:totalFertilityRate>
    <NS0:nationalityNoun>Chinese (singular and plural)</NS0:nationalityNoun>
    <NS0:nationalityAdjective>Chinese</NS0:nationalityAdjective>
    <NS0:ethnicGroup rdf:resource='#A20242'/>
    <NS0:ethnicGroup rdf:resource='#A20247'/>
    <NS0:ethnicGroup rdf:resource='#A20251'/>
    <NS0:ethnicGroup rdf:resource='#A20255'/>
    <NS0:ethnicGroup rdf:resource='#A20259'/>
    <NS0:ethnicGroup rdf:resource='#A20263'/>
    <NS0:ethnicGroup rdf:resource='#A20267'/>
    <NS0:ethnicGroup rdf:resource='#A20271'/>
    <NS0:ethnicGroup rdf:resource='#A20275'/>
    <NS0:ethnicGroup rdf:resource='#A20279'/>
    <NS0:ethnicGroup rdf:resource='#A20283'/>
    <NS0:ethnicGroup rdf:resource='#A20287'/>
    <NS0:religion rdf:ID='A20295' rdf:resource='#A20292'/>
    <NS0:religion rdf:resource='#A20297'/>
    <NS0:religion rdf:resource='#A20301'/>
    <NS0:religion rdf:ID='A20310' rdf:resource='#A20306'/>
    <NS0:language rdf:ID='A20315' rdf:resource='#A20312'/>
    <NS0:language rdf:ID='A20320' rdf:resource='#A20317'/>
    <NS0:language rdf:ID='A20325' rdf:resource='#A20322'/>
    <NS0:language rdf:ID='A20330' rdf:resource='#A20327'/>
    <NS0:language rdf:ID='A20335' rdf:resource='#A20332'/>
    <NS0:language rdf:resource='#A20337'/>
    <NS0:language rdf:resource='#A20341'/>
    <NS0:language rdf:resource='#A20345'/>
    <NS0:language rdf:ID='A20352' rdf:resource='#A20349'/>
    <NS0:literacyDefinition>age 15 and over can read and write</NS0:literacyDefinition>
    <NS0:literacyTotal>81.5</NS0:literacyTotal>
    <NS0:literacyMale>89.9</NS0:literacyMale>
    <NS0:literacyFemale rdf:ID='A20357'>72.7</NS0:literacyFemale>
    <NS0:conventionalLongCountryName>People&apos;s Republic of China</NS0:conventionalLongCountryName>
    <NS0:conventionalShortCountryName>China</NS0:conventionalShortCountryName>
    <NS0:localLongCountryName>Zhonghua Renmin Gongheguo</NS0:localLongCountryName>
    <NS0:localShortCountryName>Zhong Guo</NS0:localShortCountryName>
    <NS0:countryAbbreviation>PRC</NS0:countryAbbreviation>
    <NS0:governmentType rdf:resource='http://www.daml.org/2001/12/factbook/governmentTypes#Communist_state'/>
    <NS0:capital rdf:resource='#A20366'/>
    <NS0:administrativeDivision rdf:resource='#A20379'/>
    <NS0:administrativeDivision rdf:resource='#A20383'/>
    <NS0:administrativeDivision rdf:resource='#A20387'/>
    <NS0:administrativeDivision rdf:resource='#A20391'/>
    <NS0:administrativeDivision rdf:resource='#A20395'/>
    <NS0:administrativeDivision rdf:resource='#A20399'/>
    <NS0:administrativeDivision rdf:resource='#A20403'/>
    <NS0:administrativeDivision rdf:resource='#A20407'/>
    <NS0:administrativeDivision rdf:resource='#A20411'/>
    <NS0:administrativeDivision rdf:resource='#A20415'/>
    <NS0:administrativeDivision rdf:resource='#A20419'/>
    <NS0:administrativeDivision rdf:resource='#A20423'/>
    <NS0:administrativeDivision rdf:resource='#A20427'/>
    <NS0:administrativeDivision rdf:resource='#A20431'/>
    <NS0:administrativeDivision rdf:resource='#A20435'/>
    <NS0:administrativeDivision rdf:resource='#A20439'/>
    <NS0:administrativeDivision rdf:resource='#A20443'/>
    <NS0:administrativeDivision rdf:resource='#A20447'/>
    <NS0:administrativeDivision rdf:resource='#A20451'/>
    <NS0:administrativeDivision rdf:resource='#A20455'/>
    <NS0:administrativeDivision rdf:resource='#A20459'/>
    <NS0:administrativeDivision rdf:resource='#A20463'/>
    <NS0:administrativeDivision rdf:resource='#A20467'/>
    <NS0:administrativeDivision rdf:resource='#A20471'/>
    <NS0:administrativeDivision rdf:resource='#A20475'/>
    <NS0:administrativeDivision rdf:resource='#A20479'/>
    <NS0:administrativeDivision rdf:resource='#A20483'/>
    <NS0:administrativeDivision rdf:resource='#A20487'/>
    <NS0:administrativeDivision rdf:resource='#A20491'/>
    <NS0:administrativeDivision rdf:resource='#A20495'/>
    <NS0:administrativeDivision rdf:resource='#A20499'/>
    <NS0:administrativeDivision rdf:resource='#A20503'/>
    <NS0:independence>221 BC (unification under the Qin or Ch&apos;in Dynasty 221 BC; Qing or Ch&apos;ing Dynasty replaced by the Republic on 12 February 1912; People&apos;s Republic established 1 October 1949)</NS0:independence>
    <NS0:constitution>most recent promulgation 4 December 1982</NS0:constitution>
    <NS0:legalSystem>a complex amalgam of custom and statute, largely criminal law; rudimentary civil code in effect since 1 January 1987; new legal codes in effect since 1 January 1980; continuing efforts are being made to improve civil, administrative, criminal, and commercial law</NS0:legalSystem>
    <NS0:suffrage>18 years of age; universal</NS0:suffrage>
    <NS0:participatesIn rdf:resource='http://www.daml.org/2001/12/factbook/internationalOrganizations#AfDB'/>
    <NS0:participatesIn rdf:resource='http://www.daml.org/2001/12/factbook/internationalOrganizations#APEC'/>
    <NS0:participatesIn rdf:resource='http://www.daml.org/2001/12/factbook/internationalOrganizations#ARF'/>
    <NS0:participatesIn rdf:resource='http://www.daml.org/2001/12/factbook/internationalOrganizations#AsDB'/>
    <NS0:participatesIn rdf:resource='http://www.daml.org/2001/12/factbook/internationalOrganizations#ASEAN'/>
    <NS0:participatesIn rdf:resource='http://www.daml.org/2001/12/factbook/internationalOrganizations#BIS'/>
    <NS0:participatesIn rdf:resource='http://www.daml.org/2001/12/factbook/internationalOrganizations#CCC'/>
    <NS0:participatesIn rdf:resource='http://www.daml.org/2001/12/factbook/internationalOrganizations#CDB'/>
    <NS0:participatesIn rdf:resource='http://www.daml.org/2001/12/factbook/internationalOrganizations#ESCAP'/>
    <NS0:participatesIn rdf:resource='http://www.daml.org/2001/12/factbook/internationalOrganizations#FAO'/>
    <NS0:participatesIn rdf:resource='http://www.daml.org/2001/12/factbook/internationalOrganizations#G-77'/>
    <NS0:participatesIn rdf:resource='http://www.daml.org/2001/12/factbook/internationalOrganizations#IAEA'/>
    <NS0:participatesIn rdf:resource='http://www.daml.org/2001/12/factbook/internationalOrganizations#IBRD'/>
    <NS0:participatesIn rdf:resource='http://www.daml.org/2001/12/factbook/internationalOrganizations#ICAO'/>
    <NS0:participatesIn rdf:resource='http://www.daml.org/2001/12/factbook/internationalOrganizations#ICC'/>
    <NS0:participatesIn rdf:resource='http://www.daml.org/2001/12/factbook/internationalOrganizations#ICFTU'/>
    <NS0:participatesIn rdf:resource='http://www.daml.org/2001/12/factbook/internationalOrganizations#ICRM'/>
    <NS0:participatesIn rdf:resource='http://www.daml.org/2001/12/factbook/internationalOrganizations#IDA'/>
    <NS0:participatesIn rdf:resource='http://www.daml.org/2001/12/factbook/internationalOrganizations#IFAD'/>
    <NS0:participatesIn rdf:resource='http://www.daml.org/2001/12/factbook/internationalOrganizations#IFC'/>
    <NS0:participatesIn rdf:resource='http://www.daml.org/2001/12/factbook/internationalOrganizations#IFRCS'/>
    <NS0:participatesIn rdf:resource='http://www.daml.org/2001/12/factbook/internationalOrganizations#IHO'/>
    <NS0:participatesIn rdf:resource='http://www.daml.org/2001/12/factbook/internationalOrganizations#ILO'/>
    <NS0:participatesIn rdf:resource='http://www.daml.org/2001/12/factbook/internationalOrganizations#IMF'/>
    <NS0:participatesIn rdf:resource='http://www.daml.org/2001/12/factbook/internationalOrganizations#IMO'/>
    <NS0:participatesIn rdf:resource='http://www.daml.org/2001/12/factbook/internationalOrganizations#Inmarsat'/>
    <NS0:participatesIn rdf:resource='http://www.daml.org/2001/12/factbook/internationalOrganizations#Intelsat'/>
    <NS0:participatesIn rdf:resource='http://www.daml.org/2001/12/factbook/internationalOrganizations#Interpol'/>
    <NS0:participatesIn rdf:resource='http://www.daml.org/2001/12/factbook/internationalOrganizations#IOC'/>
    <NS0:participatesIn rdf:resource='http://www.daml.org/2001/12/factbook/internationalOrganizations#ISO'/>
    <NS0:participatesIn rdf:resource='http://www.daml.org/2001/12/factbook/internationalOrganizations#ITU'/>
    <NS0:participatesIn rdf:resource='http://www.daml.org/2001/12/factbook/internationalOrganizations#LAIA'/>
    <NS0:participatesIn rdf:resource='http://www.daml.org/2001/12/factbook/internationalOrganizations#MINURSO'/>
    <NS0:participatesIn rdf:resource='http://www.daml.org/2001/12/factbook/internationalOrganizations#NAM'/>
    <NS0:participatesIn rdf:resource='http://www.daml.org/2001/12/factbook/internationalOrganizations#OPCW'/>
    <NS0:participatesIn rdf:resource='http://www.daml.org/2001/12/factbook/internationalOrganizations#PCA'/>
    <NS0:participatesIn rdf:resource='http://www.daml.org/2001/12/factbook/internationalOrganizations#UN'/>
    <NS0:participatesIn rdf:resource='http://www.daml.org/2001/12/factbook/internationalOrganizations#UN_Security_Council'/>
    <NS0:participatesIn rdf:resource='http://www.daml.org/2001/12/factbook/internationalOrganizations#UNAMSIL'/>
    <NS0:participatesIn rdf:resource='http://www.daml.org/2001/12/factbook/internationalOrganizations#UNCTAD'/>
    <NS0:participatesIn rdf:resource='http://www.daml.org/2001/12/factbook/internationalOrganizations#UNESCO'/>
    <NS0:participatesIn rdf:resource='http://www.daml.org/2001/12/factbook/internationalOrganizations#UNHCR'/>
    <NS0:participatesIn rdf:resource='http://www.daml.org/2001/12/factbook/internationalOrganizations#UNIDO'/>
    <NS0:participatesIn rdf:resource='http://www.daml.org/2001/12/factbook/internationalOrganizations#UNIKOM'/>
    <NS0:participatesIn rdf:resource='http://www.daml.org/2001/12/factbook/internationalOrganizations#UNITAR'/>
    <NS0:participatesIn rdf:resource='http://www.daml.org/2001/12/factbook/internationalOrganizations#UNMEE'/>
    <NS0:participatesIn rdf:resource='http://www.daml.org/2001/12/factbook/internationalOrganizations#UNTAET'/>
    <NS0:participatesIn rdf:resource='http://www.daml.org/2001/12/factbook/internationalOrganizations#UNTSO'/>
    <NS0:participatesIn rdf:resource='http://www.daml.org/2001/12/factbook/internationalOrganizations#UNU'/>
    <NS0:participatesIn rdf:resource='http://www.daml.org/2001/12/factbook/internationalOrganizations#UPU'/>
    <NS0:participatesIn rdf:resource='http://www.daml.org/2001/12/factbook/internationalOrganizations#WHO'/>
    <NS0:participatesIn rdf:resource='http://www.daml.org/2001/12/factbook/internationalOrganizations#WIPO'/>
    <NS0:participatesIn rdf:resource='http://www.daml.org/2001/12/factbook/internationalOrganizations#WMO'/>
    <NS0:participatesIn rdf:resource='http://www.daml.org/2001/12/factbook/internationalOrganizations#WToO'/>
    <NS0:participatesIn rdf:resource='http://www.daml.org/2001/12/factbook/internationalOrganizations#WTrO'/>
    <NS0:participatesIn rdf:resource='http://www.daml.org/2001/12/factbook/internationalOrganizations#ZC'/>
    <NS0:flagDescription>red with a large yellow five-pointed star and four smaller yellow five-pointed stars (arranged in a vertical arc toward the middle of the flag) in the upper hoist-side corner</NS0:flagDescription>
    <NS0:economyOverview>In late 1978 the Chinese leadership began moving the economy from a sluggish Soviet-style centrally planned economy to a more market-oriented system. Whereas the system operates within a political framework of strict Communist control, the economic influence of non-state managers and enterprises has been steadily increasing. The authorities have switched to a system of household responsibility in agriculture in place of the old collectivization, increased the authority of local officials and plant managers in industry, permitted a wide variety of small-scale enterprise in services and light manufacturing, and opened the economy to increased foreign trade and investment. The result has been a quadrupling of GDP since 1978. In 2000, with its 1.26 billion people but a GDP of just $3,600 per capita, China stood as the second largest economy in the world after the US (measured on a purchasing power parity basis). Agricultural output doubled in the 1980s, and industry also posted major gains, especially in coastal areas near Hong Kong and opposite Taiwan, where foreign investment helped spur output of both domestic and export goods. On the darker side, the leadership has often experienced in its hybrid system the worst results of socialism (bureaucracy and lassitude) and of capitalism (windfall gains and stepped-up inflation). Beijing thus has periodically backtracked, retightening central controls at intervals. The government has struggled to (a) collect revenues due from provinces, businesses, and individuals; (b) reduce corruption and other economic crimes; and (c) keep afloat the large state-owned enterprises many of which had been shielded from competition by subsides and had been losing the ability to pay full wages and pensions. From 80 to 120 million surplus rural workers are adrift between the villages and the cities, many subsisting through part-time low-paying jobs. Popular resistance, changes in central policy, and loss of authority by rural cadres have weakened China&apos;s population control program, which is essential to maintaining growth in living standards. Another long-term threat to continued rapid economic growth is the deterioration in the environment, notably air pollution, soil erosion, and the steady fall of the water table especially in the north. China continues to lose arable land because of erosion and economic development. Weakness in the global economy in 2001 could hamper growth in exports. Beijing will intensify efforts to stimulate growth through spending on infrastructure--such as water control and power grids--and poverty relief and through rural tax reform aimed at eliminating arbitrary local levies on farmers.</NS0:economyOverview>
    <NS0:grossDomesticProduct rdf:ID='A20569'>4500000000000</NS0:grossDomesticProduct>
    <NS0:grossDomesticProductRealGrowth rdf:ID='A20572'>8</NS0:grossDomesticProductRealGrowth>
    <NS0:grossDomesticProductPerCapita rdf:ID='A20575'>3600</NS0:grossDomesticProductPerCapita>
    <NS0:grossDomesticProductAgriculture>15</NS0:grossDomesticProductAgriculture>
    <NS0:grossDomesticProductIndustry>50</NS0:grossDomesticProductIndustry>
    <NS0:grossDomesticProductServices rdf:ID='A20580'>35</NS0:grossDomesticProductServices>
    <NS0:populationBelowPovertyLine rdf:ID='A20583'>10</NS0:populationBelowPovertyLine>
    <NS0:householdIncomeLowest10Percent>2.4</NS0:householdIncomeLowest10Percent>
    <NS0:householdIncomeHighest10Percent rdf:ID='A20587'>30.4</NS0:householdIncomeHighest10Percent>
    <NS0:inflationRate rdf:ID='A20589'>0.4</NS0:inflationRate>
    <NS0:laborForce rdf:ID='A20592'>700000000</NS0:laborForce>
    <NS0:occupation rdf:resource='#A20595'/>
    <NS0:occupation rdf:resource='#A20600'/>
    <NS0:occupation rdf:ID='A20609' rdf:resource='#A20605'/>
    <NS0:industry rdf:resource='http://www.daml.org/2001/12/factbook/industries#iron_and_steel'/>
    <NS0:industry rdf:resource='http://www.daml.org/2001/12/factbook/industries#coal'/>
    <NS0:industry rdf:resource='http://www.daml.org/2001/12/factbook/industries#machine_building'/>
    <NS0:industry rdf:resource='http://www.daml.org/2001/12/factbook/industries#armaments'/>
    <NS0:industry rdf:resource='http://www.daml.org/2001/12/factbook/industries#textiles_and_apparel'/>
    <NS0:industry rdf:resource='http://www.daml.org/2001/12/factbook/industries#petroleum'/>
    <NS0:industry rdf:resource='http://www.daml.org/2001/12/factbook/industries#cement'/>
    <NS0:industry rdf:resource='http://www.daml.org/2001/12/factbook/industries#chemical_fertilizers'/>
    <NS0:industry rdf:resource='http://www.daml.org/2001/12/factbook/industries#footwear'/>
    <NS0:industry rdf:resource='http://www.daml.org/2001/12/factbook/industries#toys'/>
    <NS0:industry rdf:resource='http://www.daml.org/2001/12/factbook/industries#food_processing'/>
    <NS0:industry rdf:resource='http://www.daml.org/2001/12/factbook/industries#automobiles'/>
    <NS0:industry rdf:resource='http://www.daml.org/2001/12/factbook/industries#consumer_electronics'/>
    <NS0:industry rdf:resource='http://www.daml.org/2001/12/factbook/industries#telecommunications'/>
    <NS0:industrialProductionGrowthRate rdf:ID='A20625'>10</NS0:industrialProductionGrowthRate>
    <NS0:electricityProduction rdf:ID='A20628'>1173000000000</NS0:electricityProduction>
    <NS0:electricityProductionFossilFuel>79.82</NS0:electricityProductionFossilFuel>
    <NS0:electricityProductionHydro>18.98</NS0:electricityProductionHydro>
    <NS0:electricityProductionNuclear>1.2</NS0:electricityProductionNuclear>
    <NS0:electricityProductionOther rdf:ID='A20633'>0.01</NS0:electricityProductionOther>
    <NS0:electricityConsumption rdf:ID='A20635'>1084000000000</NS0:electricityConsumption>
    <NS0:electricityExports rdf:ID='A20637'>7200000000</NS0:electricityExports>
    <NS0:electricityImports rdf:ID='A20639'>90000000</NS0:electricityImports>
    <NS0:agricultureProduct rdf:resource='http://www.daml.org/2001/12/factbook/agricultureProducts#rice'/>
    <NS0:agricultureProduct rdf:resource='http://www.daml.org/2001/12/factbook/agricultureProducts#wheat'/>
    <NS0:agricultureProduct rdf:resource='http://www.daml.org/2001/12/factbook/agricultureProducts#potatoes'/>
    <NS0:agricultureProduct rdf:resource='http://www.daml.org/2001/12/factbook/agricultureProducts#sorghum'/>
    <NS0:agricultureProduct rdf:resource='http://www.daml.org/2001/12/factbook/agricultureProducts#peanuts'/>
    <NS0:agricultureProduct rdf:resource='http://www.daml.org/2001/12/factbook/agricultureProducts#tea'/>
    <NS0:agricultureProduct rdf:resource='http://www.daml.org/2001/12/factbook/agricultureProducts#millet'/>
    <NS0:agricultureProduct rdf:resource='http://www.daml.org/2001/12/factbook/agricultureProducts#barley'/>
    <NS0:agricultureProduct rdf:resource='http://www.daml.org/2001/12/factbook/agricultureProducts#cotton'/>
    <NS0:agricultureProduct rdf:resource='http://www.daml.org/2001/12/factbook/agricultureProducts#oilseed'/>
    <NS0:agricultureProduct rdf:resource='http://www.daml.org/2001/12/factbook/agricultureProducts#pork'/>
    <NS0:agricultureProduct rdf:resource='http://www.daml.org/2001/12/factbook/agricultureProducts#fish'/>
    <NS0:exports rdf:ID='A20653'>232000000000</NS0:exports>
    <NS0:exportsCommodity rdf:resource='#A20655'/>
    <NS0:exportsCommodity rdf:resource='#A20659'/>
    <NS0:exportsCommodity rdf:resource='#A20663'/>
    <NS0:imports rdf:ID='A20667'>197000000000</NS0:imports>
    <NS0:importsCommodity rdf:resource='#A20669'/>
    <NS0:importsCommodity rdf:resource='#A20673'/>
    <NS0:importsCommodity rdf:resource='#A20677'/>
    <NS0:importsCommodity rdf:resource='#A20681'/>
    <NS0:importsCommodity rdf:resource='#A20685'/>
    <NS0:externalDebt rdf:ID='A20689'>162000000000</NS0:externalDebt>
    <NS0:currency>yuan (CNY)</NS0:currency>
    <NS0:currencyCode>CNY</NS0:currencyCode>
    <NS0:fiscalYear>calendar year</NS0:fiscalYear>
    <NS0:mainTelephoneLines rdf:ID='A20695'>135000000</NS0:mainTelephoneLines>
    <NS0:mobileTelephoneLines rdf:ID='A20697'>65000000</NS0:mobileTelephoneLines>
    <NS0:telephoneSystemGeneralAssessment>domestic and international services are increasingly available for private use; unevenly distributed domestic system serves principal cities, industrial centers, and many towns</NS0:telephoneSystemGeneralAssessment>
    <NS0:telephoneSystemDomestic>interprovincial fiber-optic trunk lines and cellular telephone systems have been installed; a domestic satellite system with 55 earth stations is in place</NS0:telephoneSystemDomestic>
    <NS0:telephoneSystemInternational>satellite earth stations - 5 Intelsat (4 Pacific Ocean and 1 Indian Ocean), 1 Intersputnik (Indian Ocean region) and 1 Inmarsat (Pacific and Indian Ocean regions); several international fiber-optic links to Japan, South Korea, Hong Kong, Russia, and Germany (2000)</NS0:telephoneSystemInternational>
    <NS0:radios rdf:ID='A20702'>417000000</NS0:radios>
    <NS0:televisions rdf:ID='A20704'>400000000</NS0:televisions>
    <NS0:internetCountryCode>.cn</NS0:internetCountryCode>
    <NS0:internetServiceProviders rdf:ID='A20707'>3</NS0:internetServiceProviders>
    <NS0:internetUsers rdf:ID='A20709'>22000000</NS0:internetUsers>
    <NS0:railwaysTotal rdf:ID='A20711'>67524</NS0:railwaysTotal>
    <NS0:highwaysTotal>1400000</NS0:highwaysTotal>
    <NS0:highwaysPaved rdf:ID='A20714'>271300</NS0:highwaysPaved>
    <NS0:highwaysUnpaved rdf:ID='A20716'>1128700</NS0:highwaysUnpaved>
    <NS0:waterways rdf:ID='A20718'>110000</NS0:waterways>
    <NS0:port rdf:resource='#A20720'/>
    <NS0:port rdf:resource='#A20724'/>
    <NS0:port rdf:resource='#A20728'/>
    <NS0:port rdf:resource='#A20732'/>
    <NS0:port rdf:resource='#A20736'/>
    <NS0:port rdf:resource='#A20740'/>
    <NS0:port rdf:resource='#A20744'/>
    <NS0:port rdf:resource='#A20748'/>
    <NS0:port rdf:resource='#A20752'/>
    <NS0:port rdf:resource='#A20756'/>
    <NS0:port rdf:resource='#A20760'/>
    <NS0:port rdf:resource='#A20764'/>
    <NS0:port rdf:resource='#A20768'/>
    <NS0:port rdf:resource='#A20772'/>
    <NS0:port rdf:resource='#A20776'/>
    <NS0:port rdf:resource='#A20780'/>
    <NS0:port rdf:resource='#A20784'/>
    <NS0:port rdf:resource='#A20788'/>
    <NS0:airports rdf:ID='A20792'>489</NS0:airports>
    <NS0:airportBreakdown rdf:resource='#A20795'/>
    <NS0:airportBreakdown rdf:resource='#A20801'/>
    <NS0:airportBreakdown rdf:resource='#A20808'/>
    <NS0:airportBreakdown rdf:resource='#A20815'/>
    <NS0:airportBreakdown rdf:resource='#A20822'/>
    <NS0:airportBreakdown rdf:resource='#A20828'/>
    <NS0:airportBreakdown rdf:resource='#A20834'/>
    <NS0:airportBreakdown rdf:resource='#A20841'/>
    <NS0:airportBreakdown rdf:resource='#A20848'/>
    <NS0:airportBreakdown rdf:resource='#A20855'/>
    <NS0:militaryAge>18</NS0:militaryAge>
    <NS0:malesOfMilitaryAge rdf:ID='A20862'>366306353</NS0:malesOfMilitaryAge>
    <NS0:malesFitForMilitaryService rdf:ID='A20865'>200886946</NS0:malesFitForMilitaryService>
    <NS0:malesReachingMilitaryAgeAnnually rdf:ID='A20868'>10089458</NS0:malesReachingMilitaryAgeAnnually>
    <NS0:militaryExpendituresPercentGDP rdf:ID='A20871'>1.2</NS0:militaryExpendituresPercentGDP>
    <NS0:internationalDispute>most of boundary with India in dispute</NS0:internationalDispute>
    <NS0:internationalDispute>dispute over at least two small sections of the boundary with Russia remains to be settled, despite 1997 boundary agreement</NS0:internationalDispute>
    <NS0:internationalDispute>portions of the boundary with Tajikistan are indefinite</NS0:internationalDispute>
    <NS0:internationalDispute>33-km section of boundary with North Korea in the Paektu-san area is indefinite</NS0:internationalDispute>
    <NS0:internationalDispute>involved in a complex dispute over the Spratly Islands with Malaysia, Philippines, Taiwan, Vietnam, and possibly Brunei</NS0:internationalDispute>
    <NS0:internationalDispute>maritime boundary agreement with Vietnam in the Gulf of Tonkin awaits ratification</NS0:internationalDispute>
    <NS0:internationalDispute>Paracel Islands occupied by China, but claimed by Vietnam and Taiwan</NS0:internationalDispute>
    <NS0:internationalDispute>claims Japanese-administered Senkaku-shoto , as does Taiwan</NS0:internationalDispute>
    <NS0:illicitDrugs>major transshipment point for heroin produced in the Golden Triangle</NS0:illicitDrugs>
    <NS0:illicitDrugs>growing domestic drug abuse problem</NS0:illicitDrugs>
    <NS0:illicitDrugs>source country for chemical precursors and methamphetamine</NS0:illicitDrugs>
    <NS0:smallFlag>http://www.cia.gov/cia/publications/factbook/flags/ch-flag.jpg</NS0:smallFlag>
    <NS0:largeFlag>http://www.cia.gov/cia/publications/factbook/flags/ch-lgflag.jpg</NS0:largeFlag>
    <NS0:map>http://www.cia.gov/cia/publications/factbook/maps/ch-map.jpg</NS0:map>
    <NS0:border rdf:resource='#A121655'/>
    <NS0:border rdf:resource='#A121660'/>
    <NS0:border rdf:resource='#A121665'/>
    <NS0:border rdf:resource='#A121670'/>
    <NS0:border rdf:resource='#A121675'/>
    <NS0:border rdf:resource='#A121680'/>
    <NS0:border rdf:resource='#A121685'/>
    <NS0:border rdf:resource='#A121690'/>
    <NS0:border rdf:resource='#A121695'/>
    <NS0:border rdf:resource='#A121700'/>
    <NS0:border rdf:resource='#A121705'/>
    <NS0:border rdf:resource='#A121710'/>
    <NS0:border rdf:resource='#A121715'/>
    <NS0:border rdf:ID='A121724' rdf:resource='#A121720'/>
    <NS0:border rdf:ID='A121730' rdf:resource='#A121726'/>
    <NS0:border rdf:resource='#A121732'/>
    <NS0:border rdf:resource='#A121737'/>
    <NS0:exportPartner rdf:resource='#A121742'/>
    <NS0:exportPartner rdf:resource='#A121747'/>
    <NS0:exportPartner rdf:resource='#A121752'/>
    <NS0:exportPartner rdf:resource='#A121757'/>
    <NS0:exportPartner rdf:resource='#A121761'/>
    <NS0:exportPartner rdf:resource='#A121765'/>
    <NS0:exportPartner rdf:resource='#A121769'/>
    <NS0:exportPartner rdf:resource='#A121773'/>
    <NS0:exportPartner rdf:ID='A121780' rdf:resource='#A121777'/>
    <NS0:importPartner rdf:resource='#A121782'/>
    <NS0:importPartner rdf:resource='#A121787'/>
    <NS0:importPartner rdf:resource='#A121792'/>
    <NS0:importPartner rdf:resource='#A121797'/>
    <NS0:importPartner rdf:resource='#A121802'/>
    <NS0:importPartner rdf:resource='#A121806'/>
    <NS0:importPartner rdf:resource='#A121810'/>
    <NS0:importPartner rdf:ID='A121817' rdf:resource='#A121814'/>
  </rdf:Description>
  <rdf:Description rdf:about='#A20327'>
    <rdf:type rdf:resource='http://www.daml.org/2001/12/factbook/factbook-ont#LanguagePercent'/>
    <NS0:language rdf:resource='http://www.daml.org/2001/12/factbook/languages#Minbei'/>
  </rdf:Description>
  <rdf:Description rdf:about='#A20322'>
    <rdf:type rdf:resource='http://www.daml.org/2001/12/factbook/factbook-ont#LanguagePercent'/>
    <NS0:language rdf:resource='http://www.daml.org/2001/12/factbook/languages#Wu'/>
  </rdf:Description>
  <rdf:Description rdf:about='#A121814'>
    <rdf:type rdf:resource='http://www.daml.org/2001/12/factbook/factbook-ont#CountryPercent'/>
    <NS0:country rdf:resource='http://www.daml.org/2001/09/countries/fips#MY'/>
  </rdf:Description>
  <rdf:Description rdf:about='#A20317'>
    <rdf:type rdf:resource='http://www.daml.org/2001/12/factbook/factbook-ont#LanguagePercent'/>
    <NS0:language rdf:resource='http://www.daml.org/2001/12/factbook/languages#Yue'/>
  </rdf:Description>
  <rdf:Description rdf:about='#A121810'>
    <rdf:type rdf:resource='http://www.daml.org/2001/12/factbook/factbook-ont#CountryPercent'/>
    <NS0:country rdf:resource='http://www.daml.org/2001/09/countries/fips#RS'/>
  </rdf:Description>
  <rdf:Description rdf:about='#A20312'>
    <rdf:type rdf:resource='http://www.daml.org/2001/12/factbook/factbook-ont#LanguagePercent'/>
    <NS0:language rdf:resource='http://www.daml.org/2001/12/factbook/languages#Standard_Chinese_or_Mandarin'/>
  </rdf:Description>
  <rdf:Description rdf:about='#A121806'>
    <rdf:type rdf:resource='http://www.daml.org/2001/12/factbook/factbook-ont#CountryPercent'/>
    <NS0:country rdf:resource='http://www.daml.org/2001/09/countries/fips#HK'/>
  </rdf:Description>
  <rdf:Description rdf:about='#A20592'>
    <rdf:type rdf:resource='http://www.daml.org/2001/12/factbook/factbook-ont#Estimate'/>
    <NS0:year>1998</NS0:year>
  </rdf:Description>
  <rdf:Description rdf:about='#A121802'>
    <rdf:type rdf:resource='http://www.daml.org/2001/12/factbook/factbook-ont#CountryPercent'/>
    <NS0:country rdf:resource='http://www.daml.org/2001/09/countries/fips#GM'/>
  </rdf:Description>
  <rdf:Description rdf:about='#A20306'>
    <rdf:type rdf:resource='http://www.daml.org/2001/12/factbook/factbook-ont#ReligionPercent'/>
    <NS0:religion rdf:resource='http://www.daml.org/2001/12/factbook/religions#Christian'/>
    <NS0:percent>1</NS0:percent>
  </rdf:Description>
  <rdf:Description rdf:about='#A20689'>
    <rdf:type rdf:resource='http://www.daml.org/2001/12/factbook/factbook-ont#Estimate'/>
    <NS0:year>2000</NS0:year>
  </rdf:Description>
  <rdf:Description rdf:about='#A20685'>
    <rdf:type rdf:resource='http://www.daml.org/2001/12/factbook/factbook-ont#CommodityPercent'/>
    <NS0:importsCommodity rdf:resource='http://www.daml.org/2001/12/factbook/commodities#chemicals'/>
  </rdf:Description>
  <rdf:Description rdf:about='#A121797'>
    <rdf:type rdf:resource='http://www.daml.org/2001/12/factbook/factbook-ont#CountryPercent'/>
    <NS0:country rdf:resource='http://www.daml.org/2001/09/countries/fips#KS'/>
    <NS0:percent>10</NS0:percent>
  </rdf:Description>
  <rdf:Description rdf:about='#A20301'>
    <rdf:type rdf:resource='http://www.daml.org/2001/12/factbook/factbook-ont#ReligionPercent'/>
    <NS0:religion rdf:resource='http://www.daml.org/2001/12/factbook/religions#Muslim'/>
    <NS0:percent>2%-3</NS0:percent>
  </rdf:Description>
</rdf:RDF>
