<?xml version='1.0' encoding='ISO-8859-1'?>
<rdf:RDF
  xmlns:rdf='http://www.w3.org/1999/02/22-rdf-syntax-ns#'
  xmlns:NS0='http://www.daml.org/2001/12/factbook/factbook-ont#'
  xmlns:rdfs='http://www.w3.org/2000/01/rdf-schema#'
  xml:base="http://www.daml.org/2001/12/factbook/cn">
  <rdf:Description rdf:about='#A121892'>
    <NS0:note>1998</NS0:note>
  </rdf:Description>
  <rdf:Description rdf:about='#A22725'>
    <rdf:type rdf:resource='http://www.daml.org/2001/12/factbook/factbook-ont#OccupationPercent'/>
    <NS0:occupation rdf:resource='http://www.daml.org/2001/12/factbook/occupations#agriculture'/>
    <NS0:percent>80</NS0:percent>
  </rdf:Description>
  <rdf:Description rdf:about='#A22807'>
    <rdf:type rdf:resource='http://www.daml.org/2001/12/factbook/factbook-ont#Estimate'/>
    <NS0:year>1997</NS0:year>
  </rdf:Description>
  <rdf:Description rdf:about='#A22635'>
    <rdf:type rdf:resource='http://www.daml.org/2001/12/factbook/factbook-ont#Estimate'/>
    <NS0:year>1995</NS0:year>
  </rdf:Description>
  <rdf:Description rdf:about='#A22750'>
    <NS0:year>1999</NS0:year>
  </rdf:Description>
  <rdf:Description rdf:about='#A22511'>
    <rdf:type rdf:resource='http://www.daml.org/2001/12/factbook/factbook-ont#ElevationExtreme'/>
    <NS0:name>Le Kartala</NS0:name>
    <NS0:elevation>2360</NS0:elevation>
  </rdf:Description>
  <rdf:Description rdf:about='#A22824'>
    <NS0:year>1997</NS0:year>
  </rdf:Description>
  <rdf:Description rdf:about='#A22547'>
    <rdf:type rdf:resource='http://www.daml.org/2001/12/factbook/factbook-ont#Estimate'/>
    <NS0:year>2001</NS0:year>
  </rdf:Description>
  <rdf:Description rdf:about='#A22833'>
    <NS0:year>1996</NS0:year>
  </rdf:Description>
  <rdf:Description rdf:about='#A22576'>
    <rdf:type rdf:resource='http://www.daml.org/2001/12/factbook/factbook-ont#Estimate'/>
    <NS0:year>2001</NS0:year>
  </rdf:Description>
  <rdf:Description rdf:about='#A22579'>
    <rdf:type rdf:resource='http://www.daml.org/2001/12/factbook/factbook-ont#Estimate'/>
    <NS0:year>2001</NS0:year>
  </rdf:Description>
  <rdf:Description rdf:about='#A22506'>
    <rdf:type rdf:resource='http://www.daml.org/2001/12/factbook/factbook-ont#ElevationExtreme'/>
    <NS0:name>Indian Ocean</NS0:name>
    <NS0:elevation>0</NS0:elevation>
  </rdf:Description>
  <rdf:Description rdf:about='#A22720'>
    <NS0:year>1999</NS0:year>
  </rdf:Description>
  <rdf:Description rdf:about='#A22864'>
    <rdf:type rdf:resource='http://www.daml.org/2001/12/factbook/factbook-ont#Estimate'/>
    <NS0:year>2001</NS0:year>
  </rdf:Description>
  <rdf:Description rdf:about='#A22756'>
    <NS0:year>1999</NS0:year>
  </rdf:Description>
  <rdf:Description rdf:about='#A22706'>
    <rdf:type rdf:resource='http://www.daml.org/2001/12/factbook/factbook-ont#Estimate'/>
    <NS0:year>2000</NS0:year>
  </rdf:Description>
  <rdf:Description rdf:about='#A22742'>
    <rdf:type rdf:resource='http://www.daml.org/2001/12/factbook/factbook-ont#Estimate'/>
    <NS0:year>1999</NS0:year>
  </rdf:Description>
  <rdf:Description rdf:about='#A22827'>
    <NS0:year>2000</NS0:year>
  </rdf:Description>
  <rdf:Description rdf:about='#A22745'>
    <NS0:year>1999</NS0:year>
  </rdf:Description>
  <rdf:Description rdf:about='#A22491'>
    <rdf:type rdf:resource='http://www.daml.org/2001/12/factbook/factbook-ont#LatLon'/>
    <NS0:latitude>-12.166666666666666</NS0:latitude>
    <NS0:longitude>44.25</NS0:longitude>
  </rdf:Description>
  <rdf:Description rdf:about='#A22717'>
    <rdf:type rdf:resource='http://www.daml.org/2001/12/factbook/factbook-ont#Estimate'/>
    <NS0:year>2000</NS0:year>
  </rdf:Description>
  <rdf:Description rdf:about='#A22867'>
    <rdf:type rdf:resource='http://www.daml.org/2001/12/factbook/factbook-ont#Estimate'/>
    <NS0:year>2001</NS0:year>
  </rdf:Description>
  <rdf:Description rdf:about='http://www.daml.org/2001/09/countries/fips#CN'>
    <NS0:background>Unstable Comoros has endured 19 coups or attempted coups since gaining independence from France in 1975. In 1997, the islands of Anjouan and Moheli declared their independence from Comoros. In 1999, military chief Col. AZALI seized power. He has pledged to resolve the secessionist crisis through the 2000 Fomboni Accord, a confederal arrangement that the Organization of African Unity has yet to recognize.</NS0:background>
    <NS0:location>Southern Africa, group of islands in the Mozambique Channel, about two-thirds of the way between northern Madagascar and northern Mozambique</NS0:location>
    <NS0:geographicCoordinates rdf:resource='#A22491'/>
    <NS0:mapReferences>Africa</NS0:mapReferences>
    <NS0:totalArea>2170</NS0:totalArea>
    <NS0:landArea>2170</NS0:landArea>
    <NS0:waterArea>0</NS0:waterArea>
    <NS0:comparativeArea>slightly more than 12 times the size of Washington, DC</NS0:comparativeArea>
    <NS0:coastline>340</NS0:coastline>
    <NS0:exclusiveEconomicZone>200</NS0:exclusiveEconomicZone>
    <NS0:territorialSea>12</NS0:territorialSea>
    <NS0:climate>tropical marine; rainy season (November to May)</NS0:climate>
    <NS0:terrain>volcanic islands, interiors vary from steep mountains to low hills</NS0:terrain>
    <NS0:lowestPoint rdf:resource='#A22506'/>
    <NS0:highestPoint rdf:resource='#A22511'/>
    <NS0:naturalResource rdf:resource='http://www.daml.org/2001/12/factbook/naturalResources#NEGL'/>
    <NS0:arableLand>35</NS0:arableLand>
    <NS0:permanentCrops>10</NS0:permanentCrops>
    <NS0:permanentPastures>7</NS0:permanentPastures>
    <NS0:forestsAndWoodland>18</NS0:forestsAndWoodland>
    <NS0:otherLandUse rdf:ID='A22521'>30</NS0:otherLandUse>
    <NS0:naturalHazard>cyclones possible during rainy season</NS0:naturalHazard>
    <NS0:naturalHazard>Le Kartala on Grand Comore is an active volcano</NS0:naturalHazard>
    <NS0:environmentalIssue>soil degradation and erosion results from crop cultivation on slopes without proper terracing</NS0:environmentalIssue>
    <NS0:environmentalIssue>deforestation</NS0:environmentalIssue>
    <NS0:environmentalAgreementPartyTo rdf:resource='http://www.daml.org/2001/12/factbook/environmentalAgreements#Biodiversity'/>
    <NS0:environmentalAgreementPartyTo rdf:resource='http://www.daml.org/2001/12/factbook/environmentalAgreements#Climate_Change'/>
    <NS0:environmentalAgreementPartyTo rdf:resource='http://www.daml.org/2001/12/factbook/environmentalAgreements#Desertification'/>
    <NS0:environmentalAgreementPartyTo rdf:resource='http://www.daml.org/2001/12/factbook/environmentalAgreements#Endangered_Species'/>
    <NS0:environmentalAgreementPartyTo rdf:resource='http://www.daml.org/2001/12/factbook/environmentalAgreements#Hazardous_Wastes'/>
    <NS0:environmentalAgreementPartyTo rdf:resource='http://www.daml.org/2001/12/factbook/environmentalAgreements#Law_of_the_Sea'/>
    <NS0:environmentalAgreementPartyTo rdf:resource='http://www.daml.org/2001/12/factbook/environmentalAgreements#Ozone_Layer_Protection'/>
    <NS0:environmentalAgreementPartyTo rdf:resource='http://www.daml.org/2001/12/factbook/environmentalAgreements#Ship_Pollution'/>
    <NS0:environmentalAgreementPartyTo rdf:resource='http://www.daml.org/2001/12/factbook/environmentalAgreements#Wetlands'/>
    <NS0:environmentalAgreementSigned rdf:resource='http://www.daml.org/2001/12/factbook/environmentalAgreements#none_of_the_selected_agreements'/>
    <NS0:population rdf:ID='A22538'>596202</NS0:population>
    <NS0:populationGrowthRate rdf:ID='A22541'>3.02</NS0:populationGrowthRate>
    <NS0:birthRate rdf:ID='A22544'>39.52</NS0:birthRate>
    <NS0:deathRate rdf:ID='A22547'>9.35</NS0:deathRate>
    <NS0:sexRatio rdf:resource='#A22550'/>
    <NS0:sexRatio rdf:resource='#A22556'/>
    <NS0:sexRatio rdf:resource='#A22562'/>
    <NS0:sexRatio rdf:resource='#A22568'/>
    <NS0:sexRatio rdf:ID='A22576' rdf:resource='#A22573'/>
    <NS0:infantMortalityRate rdf:ID='A22579'>84.07</NS0:infantMortalityRate>
    <NS0:totalFertilityRate rdf:ID='A22582'>5.32</NS0:totalFertilityRate>
    <NS0:nationalityNoun>Comoran(s)</NS0:nationalityNoun>
    <NS0:nationalityAdjective>Comoran</NS0:nationalityAdjective>
    <NS0:ethnicGroup rdf:resource='#A22587'/>
    <NS0:ethnicGroup rdf:resource='#A22591'/>
    <NS0:ethnicGroup rdf:resource='#A22595'/>
    <NS0:ethnicGroup rdf:resource='#A22599'/>
    <NS0:ethnicGroup rdf:resource='#A22603'/>
    <NS0:religion rdf:resource='#A22607'/>
    <NS0:religion rdf:resource='#A22612'/>
    <NS0:language rdf:ID='A22620' rdf:resource='#A22617'/>
    <NS0:language rdf:ID='A22625' rdf:resource='#A22622'/>
    <NS0:language rdf:ID='A22630' rdf:resource='#A22627'/>
    <NS0:literacyDefinition>age 15 and over can read and write</NS0:literacyDefinition>
    <NS0:literacyTotal>57.3</NS0:literacyTotal>
    <NS0:literacyMale>64.2</NS0:literacyMale>
    <NS0:literacyFemale rdf:ID='A22635'>50.4</NS0:literacyFemale>
    <NS0:conventionalLongCountryName>Federal Islamic Republic of the Comoros</NS0:conventionalLongCountryName>
    <NS0:conventionalShortCountryName>Comoros</NS0:conventionalShortCountryName>
    <NS0:localLongCountryName>Republique Federale Islamique des Comores</NS0:localLongCountryName>
    <NS0:localShortCountryName>Comores</NS0:localShortCountryName>
    <NS0:governmentType rdf:resource='http://www.daml.org/2001/12/factbook/governmentTypes#independent_republic'/>
    <NS0:capital rdf:resource='#A22643'/>
    <NS0:administrativeDivision rdf:resource='#A22650'/>
    <NS0:administrativeDivision rdf:resource='#A22654'/>
    <NS0:administrativeDivision rdf:resource='#A22658'/>
    <NS0:independence>6 July 1975 (from France)</NS0:independence>
    <NS0:constitution>20 October 1996</NS0:constitution>
    <NS0:legalSystem>French and Muslim law in a new consolidated code</NS0:legalSystem>
    <NS0:suffrage>18 years of age; universal</NS0:suffrage>
    <NS0:participatesIn rdf:resource='http://www.daml.org/2001/12/factbook/internationalOrganizations#ACCT'/>
    <NS0:participatesIn rdf:resource='http://www.daml.org/2001/12/factbook/internationalOrganizations#ACP'/>
    <NS0:participatesIn rdf:resource='http://www.daml.org/2001/12/factbook/internationalOrganizations#AfDB'/>
    <NS0:participatesIn rdf:resource='http://www.daml.org/2001/12/factbook/internationalOrganizations#AFESD'/>
    <NS0:participatesIn rdf:resource='http://www.daml.org/2001/12/factbook/internationalOrganizations#AL'/>
    <NS0:participatesIn rdf:resource='http://www.daml.org/2001/12/factbook/internationalOrganizations#CCC'/>
    <NS0:participatesIn rdf:resource='http://www.daml.org/2001/12/factbook/internationalOrganizations#ECA'/>
    <NS0:participatesIn rdf:resource='http://www.daml.org/2001/12/factbook/internationalOrganizations#FAO'/>
    <NS0:participatesIn rdf:resource='http://www.daml.org/2001/12/factbook/internationalOrganizations#FZ'/>
    <NS0:participatesIn rdf:resource='http://www.daml.org/2001/12/factbook/internationalOrganizations#G-77'/>
    <NS0:participatesIn rdf:resource='http://www.daml.org/2001/12/factbook/internationalOrganizations#IBRD'/>
    <NS0:participatesIn rdf:resource='http://www.daml.org/2001/12/factbook/internationalOrganizations#ICAO'/>
    <NS0:participatesIn rdf:resource='http://www.daml.org/2001/12/factbook/internationalOrganizations#ICRM'/>
    <NS0:participatesIn rdf:resource='http://www.daml.org/2001/12/factbook/internationalOrganizations#IDA'/>
    <NS0:participatesIn rdf:resource='http://www.daml.org/2001/12/factbook/internationalOrganizations#IDB'/>
    <NS0:participatesIn rdf:resource='http://www.daml.org/2001/12/factbook/internationalOrganizations#IFAD'/>
    <NS0:participatesIn rdf:resource='http://www.daml.org/2001/12/factbook/internationalOrganizations#IFC'/>
    <NS0:participatesIn rdf:resource='http://www.daml.org/2001/12/factbook/internationalOrganizations#IFRCS'/>
    <NS0:participatesIn rdf:resource='http://www.daml.org/2001/12/factbook/internationalOrganizations#ILO'/>
    <NS0:participatesIn rdf:resource='http://www.daml.org/2001/12/factbook/internationalOrganizations#IMF'/>
    <NS0:participatesIn rdf:resource='http://www.daml.org/2001/12/factbook/internationalOrganizations#InOC'/>
    <NS0:participatesIn rdf:resource='http://www.daml.org/2001/12/factbook/internationalOrganizations#Intelsat'/>
    <NS0:participatesIn rdf:resource='http://www.daml.org/2001/12/factbook/internationalOrganizations#Interpol'/>
    <NS0:participatesIn rdf:resource='http://www.daml.org/2001/12/factbook/internationalOrganizations#IOC'/>
    <NS0:participatesIn rdf:resource='http://www.daml.org/2001/12/factbook/internationalOrganizations#ISO'/>
    <NS0:participatesIn rdf:resource='http://www.daml.org/2001/12/factbook/internationalOrganizations#ITU'/>
    <NS0:participatesIn rdf:resource='http://www.daml.org/2001/12/factbook/internationalOrganizations#NAM'/>
    <NS0:participatesIn rdf:resource='http://www.daml.org/2001/12/factbook/internationalOrganizations#OAU'/>
    <NS0:participatesIn rdf:resource='http://www.daml.org/2001/12/factbook/internationalOrganizations#OIC'/>
    <NS0:participatesIn rdf:resource='http://www.daml.org/2001/12/factbook/internationalOrganizations#OPCW'/>
    <NS0:participatesIn rdf:resource='http://www.daml.org/2001/12/factbook/internationalOrganizations#UN'/>
    <NS0:participatesIn rdf:resource='http://www.daml.org/2001/12/factbook/internationalOrganizations#UNCTAD'/>
    <NS0:participatesIn rdf:resource='http://www.daml.org/2001/12/factbook/internationalOrganizations#UNESCO'/>
    <NS0:participatesIn rdf:resource='http://www.daml.org/2001/12/factbook/internationalOrganizations#UNIDO'/>
    <NS0:participatesIn rdf:resource='http://www.daml.org/2001/12/factbook/internationalOrganizations#UPU'/>
    <NS0:participatesIn rdf:resource='http://www.daml.org/2001/12/factbook/internationalOrganizations#WHO'/>
    <NS0:participatesIn rdf:resource='http://www.daml.org/2001/12/factbook/internationalOrganizations#WMO'/>
    <NS0:participatesIn rdf:resource='http://www.daml.org/2001/12/factbook/internationalOrganizations#WTrO'/>
    <NS0:flagDescription>green with a white crescent in the center of the field, its points facing downward; there are four white five-pointed stars placed in a line between the points of the crescent; the crescent, stars, and color green are traditional symbols of Islam; the four stars represent the four main islands of the archipelago - Mwali, Njazidja, Nzwani, and Mayotte (a territorial collectivity of France, but claimed by Comoros); the design, the most recent of several, is described in the constitution approved by referendum on 7 June 1992</NS0:flagDescription>
    <NS0:economyOverview>One of the world&apos;s poorest countries, Comoros is made up of three islands that have inadequate transportation links, a young and rapidly increasing population, and few natural resources. The low educational level of the labor force contributes to a subsistence level of economic activity, high unemployment, and a heavy dependence on foreign grants and technical assistance. Agriculture, including fishing, hunting, and forestry, is the leading sector of the economy. It contributes 40% to GDP, employs 80% of the labor force, and provides most of the exports. The country is not self-sufficient in food production; rice, the main staple, accounts for the bulk of imports. The government is struggling to upgrade education and technical training, to privatize commercial and industrial enterprises, to improve health services, to diversify exports, to promote tourism, and to reduce the high population growth rate. Continued foreign support is essential if the goal of 4% annual GDP growth is to be met. Remittances from 150,000 Comorans abroad help supplement GDP.</NS0:economyOverview>
    <NS0:grossDomesticProduct rdf:ID='A22706'>419000000</NS0:grossDomesticProduct>
    <NS0:grossDomesticProductRealGrowth rdf:ID='A22709'>0.5</NS0:grossDomesticProductRealGrowth>
    <NS0:grossDomesticProductPerCapita rdf:ID='A22712'>720</NS0:grossDomesticProductPerCapita>
    <NS0:grossDomesticProductAgriculture>40</NS0:grossDomesticProductAgriculture>
    <NS0:grossDomesticProductIndustry>4</NS0:grossDomesticProductIndustry>
    <NS0:grossDomesticProductServices rdf:ID='A22717'>56</NS0:grossDomesticProductServices>
    <NS0:inflationRate rdf:ID='A22720'>3.5</NS0:inflationRate>
    <NS0:laborForce rdf:ID='A22722'>144500</NS0:laborForce>
    <NS0:occupation rdf:resource='#A22725'/>
    <NS0:unemploymentRate rdf:ID='A22730'>20</NS0:unemploymentRate>
    <NS0:budgetRevenues>48000000</NS0:budgetRevenues>
    <NS0:budgetExpenditures>53000000</NS0:budgetExpenditures>
    <NS0:industry rdf:resource='http://www.daml.org/2001/12/factbook/industries#tourism'/>
    <NS0:industry rdf:resource='http://www.daml.org/2001/12/factbook/industries#perfume_distillation'/>
    <NS0:industry rdf:resource='http://www.daml.org/2001/12/factbook/industries#textiles'/>
    <NS0:industry rdf:resource='http://www.daml.org/2001/12/factbook/industries#furniture'/>
    <NS0:industry rdf:resource='http://www.daml.org/2001/12/factbook/industries#jewelry'/>
    <NS0:industry rdf:resource='http://www.daml.org/2001/12/factbook/industries#construction_materials'/>
    <NS0:industry rdf:resource='http://www.daml.org/2001/12/factbook/industries#soft_drinks'/>
    <NS0:industrialProductionGrowthRate rdf:ID='A22742'>-2</NS0:industrialProductionGrowthRate>
    <NS0:electricityProduction rdf:ID='A22745'>17000000</NS0:electricityProduction>
    <NS0:electricityProductionFossilFuel>88.24</NS0:electricityProductionFossilFuel>
    <NS0:electricityProductionHydro>11.76</NS0:electricityProductionHydro>
    <NS0:electricityProductionNuclear>0</NS0:electricityProductionNuclear>
    <NS0:electricityProductionOther rdf:ID='A22750'>0</NS0:electricityProductionOther>
    <NS0:electricityConsumption rdf:ID='A22752'>15800000</NS0:electricityConsumption>
    <NS0:electricityExports rdf:ID='A22754'>0</NS0:electricityExports>
    <NS0:electricityImports rdf:ID='A22756'>0</NS0:electricityImports>
    <NS0:agricultureProduct rdf:resource='http://www.daml.org/2001/12/factbook/agricultureProducts#vanilla'/>
    <NS0:agricultureProduct rdf:resource='http://www.daml.org/2001/12/factbook/agricultureProducts#cloves'/>
    <NS0:agricultureProduct rdf:resource='http://www.daml.org/2001/12/factbook/agricultureProducts#perfume_essences'/>
    <NS0:agricultureProduct rdf:resource='http://www.daml.org/2001/12/factbook/agricultureProducts#copra'/>
    <NS0:agricultureProduct rdf:resource='http://www.daml.org/2001/12/factbook/agricultureProducts#coconuts'/>
    <NS0:agricultureProduct rdf:resource='http://www.daml.org/2001/12/factbook/agricultureProducts#bananas'/>
    <NS0:agricultureProduct rdf:resource='http://www.daml.org/2001/12/factbook/agricultureProducts#cassava'/>
    <NS0:exports rdf:ID='A22765'>7900000</NS0:exports>
    <NS0:exportsCommodity rdf:resource='#A22768'/>
    <NS0:exportsCommodity rdf:resource='#A22772'/>
    <NS0:exportsCommodity rdf:resource='#A22776'/>
    <NS0:exportsCommodity rdf:resource='#A22780'/>
    <NS0:exportsCommodity rdf:resource='#A22784'/>
    <NS0:imports rdf:ID='A22788'>55100000</NS0:imports>
    <NS0:importsCommodity rdf:resource='#A22791'/>
    <NS0:importsCommodity rdf:resource='#A22795'/>
    <NS0:importsCommodity rdf:resource='#A22799'/>
    <NS0:importsCommodity rdf:resource='#A22803'/>
    <NS0:externalDebt rdf:ID='A22807'>197000000</NS0:externalDebt>
    <NS0:economicAidRecipient rdf:ID='A22810'>28100000</NS0:economicAidRecipient>
    <NS0:currency>Comoran franc (KMF)</NS0:currency>
    <NS0:currencyCode>KMF</NS0:currencyCode>
    <NS0:fiscalYear>calendar year</NS0:fiscalYear>
    <NS0:mainTelephoneLines rdf:ID='A22815'>6000</NS0:mainTelephoneLines>
    <NS0:telephoneSystemGeneralAssessment>sparse system of microwave radio relay and HF radiotelephone communication stations</NS0:telephoneSystemGeneralAssessment>
    <NS0:telephoneSystemDomestic>HF radiotelephone communications and microwave radio relay</NS0:telephoneSystemDomestic>
    <NS0:telephoneSystemInternational>HF radiotelephone communications to Madagascar and Reunion</NS0:telephoneSystemInternational>
    <NS0:radios rdf:ID='A22820'>90000</NS0:radios>
    <NS0:televisionBroadcastStations rdf:ID='A22822'>0</NS0:televisionBroadcastStations>
    <NS0:televisions rdf:ID='A22824'>1000</NS0:televisions>
    <NS0:internetCountryCode>.km</NS0:internetCountryCode>
    <NS0:internetServiceProviders rdf:ID='A22827'>1</NS0:internetServiceProviders>
    <NS0:internetUsers rdf:ID='A22829'>800</NS0:internetUsers>
    <NS0:highwaysTotal>880</NS0:highwaysTotal>
    <NS0:highwaysPaved>673</NS0:highwaysPaved>
    <NS0:highwaysUnpaved rdf:ID='A22833'>207</NS0:highwaysUnpaved>
    <NS0:port rdf:resource='#A22835'/>
    <NS0:port rdf:resource='#A22839'/>
    <NS0:port rdf:resource='#A22843'/>
    <NS0:airports rdf:ID='A22847'>4</NS0:airports>
    <NS0:airportBreakdown rdf:resource='#A22850'/>
    <NS0:airportBreakdown rdf:resource='#A22857'/>
    <NS0:malesOfMilitaryAge rdf:ID='A22864'>141120</NS0:malesOfMilitaryAge>
    <NS0:malesFitForMilitaryService rdf:ID='A22867'>83920</NS0:malesFitForMilitaryService>
    <NS0:internationalDispute>claims French-administered Mayotte</NS0:internationalDispute>
    <NS0:internationalDispute>the island of Anjouan has moved to secede from Comoros</NS0:internationalDispute>
    <NS0:smallFlag>http://www.cia.gov/cia/publications/factbook/flags/cn-flag.jpg</NS0:smallFlag>
    <NS0:largeFlag>http://www.cia.gov/cia/publications/factbook/flags/cn-lgflag.jpg</NS0:largeFlag>
    <NS0:map>http://www.cia.gov/cia/publications/factbook/maps/cn-map.jpg</NS0:map>
    <NS0:exportPartner rdf:resource='#A121883'/>
    <NS0:exportPartner rdf:ID='A121892' rdf:resource='#A121888'/>
    <NS0:importPartner rdf:resource='#A121894'/>
    <NS0:importPartner rdf:resource='#A121899'/>
    <NS0:importPartner rdf:resource='#A121904'/>
    <NS0:importPartner rdf:ID='A121913' rdf:resource='#A121909'/>
  </rdf:Description>
  <rdf:Description rdf:about='#A22754'>
    <NS0:year>1999</NS0:year>
  </rdf:Description>
  <rdf:Description rdf:about='#A22538'>
    <rdf:type rdf:resource='http://www.daml.org/2001/12/factbook/factbook-ont#Estimate'/>
    <NS0:note>July 2001</NS0:note>
  </rdf:Description>
  <rdf:Description rdf:about='#A22857'>
    <rdf:type rdf:resource='http://www.daml.org/2001/12/factbook/factbook-ont#AirportBreakdown'/>
    <NS0:paved>true</NS0:paved>
    <NS0:minRunway>914</NS0:minRunway>
    <NS0:maxRunway>1523</NS0:maxRunway>
    <NS0:count>3 (2000 est.)</NS0:count>
  </rdf:Description>
  <rdf:Description rdf:about='#A22850'>
    <rdf:type rdf:resource='http://www.daml.org/2001/12/factbook/factbook-ont#AirportBreakdown'/>
    <NS0:paved>true</NS0:paved>
    <NS0:minRunway>2438</NS0:minRunway>
    <NS0:maxRunway>3047</NS0:maxRunway>
    <NS0:count>1</NS0:count>
  </rdf:Description>
  <rdf:Description rdf:about='#A22658'>
    <rdf:type rdf:resource='#Island'/>
    <NS0:name>and Moheli</NS0:name>
  </rdf:Description>
  <rdf:Description rdf:about='#A22829'>
    <NS0:year>2000</NS0:year>
  </rdf:Description>
  <rdf:Description rdf:about='#A22654'>
    <rdf:type rdf:resource='#Island'/>
    <NS0:name>Anjouan</NS0:name>
  </rdf:Description>
  <rdf:Description rdf:about='#A22843'>
    <rdf:type rdf:resource='http://www.daml.org/2001/12/factbook/factbook-ont#Port'/>
    <NS0:name>Moutsamoudou</NS0:name>
  </rdf:Description>
  <rdf:Description rdf:about='#A22650'>
    <rdf:type rdf:resource='#Island'/>
    <NS0:name>Grande Comore</NS0:name>
  </rdf:Description>
  <rdf:Description rdf:about='#A22839'>
    <rdf:type rdf:resource='http://www.daml.org/2001/12/factbook/factbook-ont#Port'/>
    <NS0:name>Moroni</NS0:name>
  </rdf:Description>
  <rdf:Description rdf:about='#A22620'>
    <NS0:note>official</NS0:note>
  </rdf:Description>
  <rdf:Description rdf:about='#A22788'>
    <rdf:type rdf:resource='http://www.daml.org/2001/12/factbook/factbook-ont#Estimate'/>
    <NS0:note>f.o.b., 1999</NS0:note>
  </rdf:Description>
  <rdf:Description rdf:about='#A22625'>
    <NS0:note>official</NS0:note>
  </rdf:Description>
  <rdf:Description rdf:about='#A22835'>
    <rdf:type rdf:resource='http://www.daml.org/2001/12/factbook/factbook-ont#Port'/>
    <NS0:name>Fomboni</NS0:name>
  </rdf:Description>
  <rdf:Description rdf:about='#A22643'>
    <rdf:type rdf:resource='http://www.daml.org/2001/12/factbook/factbook-ont#CapitalCity'/>
    <NS0:name>Moroni</NS0:name>
  </rdf:Description>
  <rdf:Description rdf:about='#A22709'>
    <rdf:type rdf:resource='http://www.daml.org/2001/12/factbook/factbook-ont#Estimate'/>
    <NS0:year>2000</NS0:year>
  </rdf:Description>
  <rdf:Description rdf:about='#A22815'>
    <NS0:year>1997</NS0:year>
  </rdf:Description>
  <rdf:Description rdf:about='#A22722'>
    <rdf:type rdf:resource='http://www.daml.org/2001/12/factbook/factbook-ont#Estimate'/>
    <NS0:year>1996</NS0:year>
  </rdf:Description>
  <rdf:Description rdf:about='#A22627'>
    <rdf:type rdf:resource='http://www.daml.org/2001/12/factbook/factbook-ont#LanguagePercent'/>
    <NS0:language rdf:resource='http://www.daml.org/2001/12/factbook/languages#Comoran'/>
  </rdf:Description>
  <rdf:Description rdf:about='#A22630'>
    <NS0:note>a blend of Swahili and Arabic</NS0:note>
  </rdf:Description>
  <rdf:Description rdf:about='#A22622'>
    <rdf:type rdf:resource='http://www.daml.org/2001/12/factbook/factbook-ont#LanguagePercent'/>
    <NS0:language rdf:resource='http://www.daml.org/2001/12/factbook/languages#French'/>
  </rdf:Description>
  <rdf:Description rdf:about='#A22617'>
    <rdf:type rdf:resource='http://www.daml.org/2001/12/factbook/factbook-ont#LanguagePercent'/>
    <NS0:language rdf:resource='http://www.daml.org/2001/12/factbook/languages#Arabic'/>
  </rdf:Description>
  <rdf:Description rdf:about='#A22521'>
    <rdf:type rdf:resource='http://www.daml.org/2001/12/factbook/factbook-ont#Estimate'/>
    <NS0:year>1993</NS0:year>
  </rdf:Description>
  <rdf:Description rdf:about='#A22847'>
    <rdf:type rdf:resource='http://www.daml.org/2001/12/factbook/factbook-ont#Estimate'/>
    <NS0:year>2000</NS0:year>
  </rdf:Description>
  <rdf:Description rdf:about='#A22752'>
    <NS0:year>1999</NS0:year>
  </rdf:Description>
  <rdf:Description rdf:about='#A22803'>
    <rdf:type rdf:resource='http://www.daml.org/2001/12/factbook/factbook-ont#CommodityPercent'/>
    <NS0:importsCommodity rdf:resource='http://www.daml.org/2001/12/factbook/commodities#transport_equipment'/>
  </rdf:Description>
  <rdf:Description rdf:about='#A22612'>
    <rdf:type rdf:resource='http://www.daml.org/2001/12/factbook/factbook-ont#ReligionPercent'/>
    <NS0:religion rdf:resource='http://www.daml.org/2001/12/factbook/religions#Roman_Catholic'/>
    <NS0:percent>2</NS0:percent>
  </rdf:Description>
  <rdf:Description rdf:about='#A22765'>
    <rdf:type rdf:resource='http://www.daml.org/2001/12/factbook/factbook-ont#Estimate'/>
    <NS0:note>f.o.b., 1999</NS0:note>
  </rdf:Description>
  <rdf:Description rdf:about='#A22799'>
    <rdf:type rdf:resource='http://www.daml.org/2001/12/factbook/factbook-ont#CommodityPercent'/>
    <NS0:importsCommodity rdf:resource='http://www.daml.org/2001/12/factbook/commodities#cement'/>
  </rdf:Description>
  <rdf:Description rdf:about='#A22607'>
    <rdf:type rdf:resource='http://www.daml.org/2001/12/factbook/factbook-ont#ReligionPercent'/>
    <NS0:religion rdf:resource='http://www.daml.org/2001/12/factbook/religions#Sunni_Muslim'/>
    <NS0:percent>98</NS0:percent>
  </rdf:Description>
  <rdf:Description rdf:about='#A22582'>
    <rdf:type rdf:resource='http://www.daml.org/2001/12/factbook/factbook-ont#Estimate'/>
    <NS0:year>2001</NS0:year>
  </rdf:Description>
  <rdf:Description rdf:about='#A22541'>
    <rdf:type rdf:resource='http://www.daml.org/2001/12/factbook/factbook-ont#Estimate'/>
    <NS0:year>2001</NS0:year>
  </rdf:Description>
  <rdf:Description rdf:about='#A22795'>
    <rdf:type rdf:resource='http://www.daml.org/2001/12/factbook/factbook-ont#CommodityPercent'/>
    <NS0:importsCommodity rdf:resource='http://www.daml.org/2001/12/factbook/commodities#consumer_goods;_petroleum_products'/>
  </rdf:Description>
  <rdf:Description rdf:about='#A22603'>
    <rdf:type rdf:resource='http://www.daml.org/2001/12/factbook/factbook-ont#EthnicGroupPercent'/>
    <NS0:ethnicGroup rdf:resource='http://www.daml.org/2001/12/factbook/ethnicGroups#Sakalava'/>
  </rdf:Description>
  <rdf:Description rdf:about='#A22791'>
    <rdf:type rdf:resource='http://www.daml.org/2001/12/factbook/factbook-ont#CommodityPercent'/>
    <NS0:importsCommodity rdf:resource='http://www.daml.org/2001/12/factbook/commodities#rice_and_other_foodstuffs'/>
  </rdf:Description>
  <rdf:Description rdf:about='#A22599'>
    <rdf:type rdf:resource='http://www.daml.org/2001/12/factbook/factbook-ont#EthnicGroupPercent'/>
    <NS0:ethnicGroup rdf:resource='http://www.daml.org/2001/12/factbook/ethnicGroups#Oimatsaha'/>
  </rdf:Description>
  <rdf:Description rdf:about='#A22595'>
    <rdf:type rdf:resource='http://www.daml.org/2001/12/factbook/factbook-ont#EthnicGroupPercent'/>
    <NS0:ethnicGroup rdf:resource='http://www.daml.org/2001/12/factbook/ethnicGroups#Makoa'/>
  </rdf:Description>
  <rdf:Description rdf:about='#A22820'>
    <NS0:year>1997</NS0:year>
  </rdf:Description>
  <rdf:Description rdf:about='#A22544'>
    <rdf:type rdf:resource='http://www.daml.org/2001/12/factbook/factbook-ont#Estimate'/>
    <NS0:year>2001</NS0:year>
  </rdf:Description>
  <rdf:Description rdf:about='#A22784'>
    <rdf:type rdf:resource='http://www.daml.org/2001/12/factbook/factbook-ont#CommodityPercent'/>
    <NS0:exportsCommodity rdf:resource='http://www.daml.org/2001/12/factbook/commodities#copra'/>
  </rdf:Description>
  <rdf:Description rdf:about='#A22591'>
    <rdf:type rdf:resource='http://www.daml.org/2001/12/factbook/factbook-ont#EthnicGroupPercent'/>
    <NS0:ethnicGroup rdf:resource='http://www.daml.org/2001/12/factbook/ethnicGroups#Cafre'/>
  </rdf:Description>
  <rdf:Description rdf:about='#A121909'>
    <rdf:type rdf:resource='http://www.daml.org/2001/12/factbook/factbook-ont#CountryPercent'/>
    <NS0:country rdf:resource='http://www.daml.org/2001/09/countries/fips#KE'/>
    <NS0:percent>8</NS0:percent>
  </rdf:Description>
  <rdf:Description rdf:about='#A22780'>
    <rdf:type rdf:resource='http://www.daml.org/2001/12/factbook/factbook-ont#CommodityPercent'/>
    <NS0:exportsCommodity rdf:resource='http://www.daml.org/2001/12/factbook/commodities#perfume_oil'/>
  </rdf:Description>
  <rdf:Description rdf:about='#A22587'>
    <rdf:type rdf:resource='http://www.daml.org/2001/12/factbook/factbook-ont#EthnicGroupPercent'/>
    <NS0:ethnicGroup rdf:resource='http://www.daml.org/2001/12/factbook/ethnicGroups#Antalote'/>
  </rdf:Description>
  <rdf:Description rdf:about='#A22776'>
    <rdf:type rdf:resource='http://www.daml.org/2001/12/factbook/factbook-ont#CommodityPercent'/>
    <NS0:exportsCommodity rdf:resource='http://www.daml.org/2001/12/factbook/commodities#cloves'/>
  </rdf:Description>
  <rdf:Description rdf:about='#A121904'>
    <rdf:type rdf:resource='http://www.daml.org/2001/12/factbook/factbook-ont#CountryPercent'/>
    <NS0:country rdf:resource='http://www.daml.org/2001/09/countries/fips#SF'/>
    <NS0:percent>8</NS0:percent>
  </rdf:Description>
  <rdf:Description rdf:about='#A22772'>
    <rdf:type rdf:resource='http://www.daml.org/2001/12/factbook/factbook-ont#CommodityPercent'/>
    <NS0:exportsCommodity rdf:resource='http://www.daml.org/2001/12/factbook/commodities#ylang-ylang'/>
  </rdf:Description>
  <rdf:Description rdf:about='#A22730'>
    <rdf:type rdf:resource='http://www.daml.org/2001/12/factbook/factbook-ont#Estimate'/>
    <NS0:year>1996</NS0:year>
  </rdf:Description>
  <rdf:Description rdf:about='#A22810'>
    <NS0:year>1997</NS0:year>
  </rdf:Description>
  <rdf:Description rdf:about='#A121899'>
    <rdf:type rdf:resource='http://www.daml.org/2001/12/factbook/factbook-ont#CountryPercent'/>
    <NS0:country rdf:resource='http://www.daml.org/2001/09/countries/fips#PK'/>
    <NS0:percent>13</NS0:percent>
  </rdf:Description>
  <rdf:Description rdf:about='#A22768'>
    <rdf:type rdf:resource='http://www.daml.org/2001/12/factbook/factbook-ont#CommodityPercent'/>
    <NS0:exportsCommodity rdf:resource='http://www.daml.org/2001/12/factbook/commodities#vanilla'/>
  </rdf:Description>
  <rdf:Description rdf:about='#A121894'>
    <rdf:type rdf:resource='http://www.daml.org/2001/12/factbook/factbook-ont#CountryPercent'/>
    <NS0:country rdf:resource='http://www.daml.org/2001/09/countries/fips#FR'/>
    <NS0:percent>38</NS0:percent>
  </rdf:Description>
  <rdf:Description rdf:about='#A22573'>
    <rdf:type rdf:resource='http://www.daml.org/2001/12/factbook/factbook-ont#SexRatioBreakdown'/>
    <NS0:ratio>0.98</NS0:ratio>
  </rdf:Description>
  <rdf:Description rdf:about='#A121913'>
    <NS0:note>1998</NS0:note>
  </rdf:Description>
  <rdf:Description rdf:about='#A121888'>
    <rdf:type rdf:resource='http://www.daml.org/2001/12/factbook/factbook-ont#CountryPercent'/>
    <NS0:country rdf:resource='http://www.daml.org/2001/09/countries/fips#GM'/>
    <NS0:percent>25</NS0:percent>
  </rdf:Description>
  <rdf:Description rdf:about='#A22568'>
    <rdf:type rdf:resource='http://www.daml.org/2001/12/factbook/factbook-ont#SexRatioBreakdown'/>
    <NS0:minAge>65</NS0:minAge>
    <NS0:ratio>0.91</NS0:ratio>
  </rdf:Description>
  <rdf:Description rdf:about='#A22822'>
    <NS0:year>1998</NS0:year>
  </rdf:Description>
  <rdf:Description rdf:about='#A121883'>
    <rdf:type rdf:resource='http://www.daml.org/2001/12/factbook/factbook-ont#CountryPercent'/>
    <NS0:country rdf:resource='http://www.daml.org/2001/09/countries/fips#FR'/>
    <NS0:percent>50</NS0:percent>
  </rdf:Description>
  <rdf:Description rdf:about='#A22562'>
    <rdf:type rdf:resource='http://www.daml.org/2001/12/factbook/factbook-ont#SexRatioBreakdown'/>
    <NS0:minAge>15</NS0:minAge>
    <NS0:maxAge>64</NS0:maxAge>
    <NS0:ratio>0.97</NS0:ratio>
  </rdf:Description>
  <rdf:Description rdf:about='#Island'>
    <rdf:type rdf:resource='http://www.w3.org/2000/01/rdf-schema#Class'/>
    <rdfs:subClassOf rdf:resource='http://www.daml.org/2001/12/factbook/factbook-ont#AdministrativeDivision'/>
    <rdfs:label>Island</rdfs:label>
  </rdf:Description>
  <rdf:Description rdf:about='#A22712'>
    <rdf:type rdf:resource='http://www.daml.org/2001/12/factbook/factbook-ont#Estimate'/>
    <NS0:year>2000</NS0:year>
  </rdf:Description>
  <rdf:Description rdf:about='#A22556'>
    <rdf:type rdf:resource='http://www.daml.org/2001/12/factbook/factbook-ont#SexRatioBreakdown'/>
    <NS0:minAge>0</NS0:minAge>
    <NS0:maxAge>14</NS0:maxAge>
    <NS0:ratio>1.01</NS0:ratio>
  </rdf:Description>
  <rdf:Description rdf:about='#A22550'>
    <rdf:type rdf:resource='http://www.daml.org/2001/12/factbook/factbook-ont#SexRatioBreakdown'/>
    <NS0:minAge>0</NS0:minAge>
    <NS0:maxAge>0</NS0:maxAge>
    <NS0:ratio>1.03</NS0:ratio>
  </rdf:Description>
</rdf:RDF>
