<?xml version='1.0' encoding='ISO-8859-1'?>
<rdf:RDF
  xmlns:rdf='http://www.w3.org/1999/02/22-rdf-syntax-ns#'
  xmlns:NS0='http://www.daml.org/2001/12/factbook/factbook-ont#'
  xmlns:rdfs='http://www.w3.org/2000/01/rdf-schema#'
  xml:base="http://www.daml.org/2001/12/factbook/cy">
  <rdf:Description rdf:about='#A26440'>
    <NS0:year>2000</NS0:year>
  </rdf:Description>
  <rdf:Description rdf:about='#A26355'>
    <rdf:type rdf:resource='#District'/>
    <NS0:name>Limassol</NS0:name>
  </rdf:Description>
  <rdf:Description rdf:about='#A26629'>
    <rdf:type rdf:resource='http://www.daml.org/2001/12/factbook/factbook-ont#Estimate'/>
    <NS0:year>2001</NS0:year>
  </rdf:Description>
  <rdf:Description rdf:about='#A26351'>
    <rdf:type rdf:resource='#District'/>
    <NS0:name>Larnaca</NS0:name>
  </rdf:Description>
  <rdf:Description rdf:about='#A26159'>
    <rdf:type rdf:resource='http://www.daml.org/2001/12/factbook/factbook-ont#LatLon'/>
    <NS0:latitude>35.0</NS0:latitude>
    <NS0:longitude>33.0</NS0:longitude>
  </rdf:Description>
  <rdf:Description rdf:about='#A26420'>
    <rdf:type rdf:resource='http://www.daml.org/2001/12/factbook/factbook-ont#Estimate'/>
    <NS0:year>1999</NS0:year>
  </rdf:Description>
  <rdf:Description rdf:about='#A26347'>
    <rdf:type rdf:resource='#District'/>
    <NS0:name>Kyrenia</NS0:name>
  </rdf:Description>
  <rdf:Description rdf:about='#A26278'>
    <NS0:note>99.5% of the Greeks live in the Greek Cypriot area; 0.5% of the Greeks live in the Turkish Cypriot area</NS0:note>
  </rdf:Description>
  <rdf:Description rdf:about='#A26537'>
    <rdf:type rdf:resource='http://www.daml.org/2001/12/factbook/factbook-ont#CommodityPercent'/>
    <NS0:importsCommodity rdf:resource='http://www.daml.org/2001/12/factbook/commodities#machinery'/>
  </rdf:Description>
  <rdf:Description rdf:about='#A26550'>
    <NS0:year>2000</NS0:year>
  </rdf:Description>
  <rdf:Description rdf:about='#A26343'>
    <rdf:type rdf:resource='#District'/>
    <NS0:name>Famagusta</NS0:name>
  </rdf:Description>
  <rdf:Description rdf:about='#A26533'>
    <rdf:type rdf:resource='http://www.daml.org/2001/12/factbook/factbook-ont#CommodityPercent'/>
    <NS0:importsCommodity rdf:resource='http://www.daml.org/2001/12/factbook/commodities#chemicals'/>
  </rdf:Description>
  <rdf:Description rdf:about='#A26529'>
    <rdf:type rdf:resource='http://www.daml.org/2001/12/factbook/factbook-ont#CommodityPercent'/>
    <NS0:importsCommodity rdf:resource='http://www.daml.org/2001/12/factbook/commodities#minerals'/>
  </rdf:Description>
  <rdf:Description rdf:about='#A26165'>
    <NS0:note>of which 3,355 sq km are in the Turkish Cypriot area</NS0:note>
  </rdf:Description>
  <rdf:Description rdf:about='#A26284'>
    <NS0:note>1.3% of the Turks live in the Greek Cypriot area; 98.7% of the Turks live in the Turkish Cypriot area</NS0:note>
  </rdf:Description>
  <rdf:Description rdf:about='#A26336'>
    <rdf:type rdf:resource='http://www.daml.org/2001/12/factbook/factbook-ont#CapitalCity'/>
    <NS0:name>Nicosia</NS0:name>
  </rdf:Description>
  <rdf:Description rdf:about='#A26290'>
    <NS0:note>99.2% of the other ethnic groups live in the Greek Cypriot area; 0.8% of the other ethnic groups live in the Turkish Cypriot area</NS0:note>
  </rdf:Description>
  <rdf:Description rdf:about='#A26468'>
    <NS0:year>1999</NS0:year>
  </rdf:Description>
  <rdf:Description rdf:about='#A26525'>
    <rdf:type rdf:resource='http://www.daml.org/2001/12/factbook/factbook-ont#CommodityPercent'/>
    <NS0:importsCommodity rdf:resource='http://www.daml.org/2001/12/factbook/commodities#machinery;_Turkish_Cypriot_area:_food'/>
  </rdf:Description>
  <rdf:Description rdf:about='#A26234'>
    <rdf:type rdf:resource='http://www.daml.org/2001/12/factbook/factbook-ont#Estimate'/>
    <NS0:year>2001</NS0:year>
  </rdf:Description>
  <rdf:Description rdf:about='#A26521'>
    <rdf:type rdf:resource='http://www.daml.org/2001/12/factbook/factbook-ont#CommodityPercent'/>
    <NS0:importsCommodity rdf:resource='http://www.daml.org/2001/12/factbook/commodities#food_and_feed_grains'/>
  </rdf:Description>
  <rdf:Description rdf:about='#A26517'>
    <rdf:type rdf:resource='http://www.daml.org/2001/12/factbook/factbook-ont#CommodityPercent'/>
    <NS0:importsCommodity rdf:resource='http://www.daml.org/2001/12/factbook/commodities#petroleum_and_lubricants'/>
  </rdf:Description>
  <rdf:Description rdf:about='#A26323'>
    <rdf:type rdf:resource='http://www.daml.org/2001/12/factbook/factbook-ont#LanguagePercent'/>
    <NS0:language rdf:resource='http://www.daml.org/2001/12/factbook/languages#English'/>
  </rdf:Description>
  <rdf:Description rdf:about='#A26513'>
    <rdf:type rdf:resource='http://www.daml.org/2001/12/factbook/factbook-ont#CommodityPercent'/>
    <NS0:importsCommodity rdf:resource='http://www.daml.org/2001/12/factbook/commodities#Greek_Cypriot_area:_consumer_goods'/>
  </rdf:Description>
  <rdf:Description rdf:about='#A26225'>
    <rdf:type rdf:resource='http://www.daml.org/2001/12/factbook/factbook-ont#Estimate'/>
    <NS0:year>2001</NS0:year>
  </rdf:Description>
  <rdf:Description rdf:about='#A26199'>
    <rdf:type rdf:resource='http://www.daml.org/2001/12/factbook/factbook-ont#Estimate'/>
    <NS0:year>1993</NS0:year>
  </rdf:Description>
  <rdf:Description rdf:about='#A26319'>
    <rdf:type rdf:resource='http://www.daml.org/2001/12/factbook/factbook-ont#LanguagePercent'/>
    <NS0:language rdf:resource='http://www.daml.org/2001/12/factbook/languages#Turkish'/>
  </rdf:Description>
  <rdf:Description rdf:about='#A26472'>
    <NS0:year>1999</NS0:year>
  </rdf:Description>
  <rdf:Description rdf:about='#A26509'>
    <rdf:type rdf:resource='http://www.daml.org/2001/12/factbook/factbook-ont#CommodityPercent'/>
    <NS0:exportsCommodity rdf:resource='http://www.daml.org/2001/12/factbook/commodities#textiles'/>
  </rdf:Description>
  <rdf:Description rdf:about='http://www.daml.org/2001/09/countries/fips#CY'>
    <NS0:background>Independence from the UK was approved in 1960 with constitutional guarantees by the Greek Cypriot majority to the Turkish Cypriot minority. In 1974, a Greek-sponsored attempt to seize the government was met by military intervention from Turkey, which soon controlled almost 40% of the island. In 1983, the Turkish-held area declared itself the &quot;Turkish Republic of Northern Cyprus&quot;, but it is recognized only by Turkey. UN-led talks on the status of Cyprus resumed in December 1999 to prepare the ground for meaningful negotiations leading to a comprehensive settlement.</NS0:background>
    <NS0:location>Middle East, island in the Mediterranean Sea, south of Turkey</NS0:location>
    <NS0:geographicCoordinates rdf:resource='#A26159'/>
    <NS0:mapReferences>Middle East</NS0:mapReferences>
    <NS0:totalArea rdf:ID='A26165'>9250</NS0:totalArea>
    <NS0:landArea>9240</NS0:landArea>
    <NS0:waterArea>10</NS0:waterArea>
    <NS0:comparativeArea>about 0.6 times the size of Connecticut</NS0:comparativeArea>
    <NS0:coastline>648</NS0:coastline>
    <NS0:territorialSea>12</NS0:territorialSea>
    <NS0:climate>temperate, Mediterranean with hot, dry summers and cool, winters</NS0:climate>
    <NS0:terrain>central plain with mountains to north and south; scattered but significant plains along southern coast</NS0:terrain>
    <NS0:lowestPoint rdf:resource='#A26174'/>
    <NS0:highestPoint rdf:resource='#A26179'/>
    <NS0:naturalResource rdf:resource='http://www.daml.org/2001/12/factbook/naturalResources#copper'/>
    <NS0:naturalResource rdf:resource='http://www.daml.org/2001/12/factbook/naturalResources#pyrites'/>
    <NS0:naturalResource rdf:resource='http://www.daml.org/2001/12/factbook/naturalResources#asbestos'/>
    <NS0:naturalResource rdf:resource='http://www.daml.org/2001/12/factbook/naturalResources#gypsum'/>
    <NS0:naturalResource rdf:resource='http://www.daml.org/2001/12/factbook/naturalResources#timber'/>
    <NS0:naturalResource rdf:resource='http://www.daml.org/2001/12/factbook/naturalResources#salt'/>
    <NS0:naturalResource rdf:resource='http://www.daml.org/2001/12/factbook/naturalResources#marble'/>
    <NS0:naturalResource rdf:resource='http://www.daml.org/2001/12/factbook/naturalResources#clay_earth_pigment'/>
    <NS0:arableLand>12</NS0:arableLand>
    <NS0:permanentCrops>5</NS0:permanentCrops>
    <NS0:permanentPastures>0</NS0:permanentPastures>
    <NS0:forestsAndWoodland>13</NS0:forestsAndWoodland>
    <NS0:otherLandUse rdf:ID='A26196'>70</NS0:otherLandUse>
    <NS0:irrigatedLand rdf:ID='A26199'>390</NS0:irrigatedLand>
    <NS0:naturalHazard>moderate earthquake activity</NS0:naturalHazard>
    <NS0:naturalHazard>droughts</NS0:naturalHazard>
    <NS0:environmentalIssue>water resource problems</NS0:environmentalIssue>
    <NS0:environmentalIssue>water pollution from sewage and industrial wastes</NS0:environmentalIssue>
    <NS0:environmentalIssue>coastal degradation</NS0:environmentalIssue>
    <NS0:environmentalIssue>loss of wildlife habitats from urbanization</NS0:environmentalIssue>
    <NS0:environmentalAgreementPartyTo rdf:resource='http://www.daml.org/2001/12/factbook/environmentalAgreements#Air_Pollution'/>
    <NS0:environmentalAgreementPartyTo rdf:resource='http://www.daml.org/2001/12/factbook/environmentalAgreements#Biodiversity'/>
    <NS0:environmentalAgreementPartyTo rdf:resource='http://www.daml.org/2001/12/factbook/environmentalAgreements#Climate_Change'/>
    <NS0:environmentalAgreementPartyTo rdf:resource='http://www.daml.org/2001/12/factbook/environmentalAgreements#Climate_Change-Kyoto_Protocol'/>
    <NS0:environmentalAgreementPartyTo rdf:resource='http://www.daml.org/2001/12/factbook/environmentalAgreements#Desertification'/>
    <NS0:environmentalAgreementPartyTo rdf:resource='http://www.daml.org/2001/12/factbook/environmentalAgreements#Endangered_Species'/>
    <NS0:environmentalAgreementPartyTo rdf:resource='http://www.daml.org/2001/12/factbook/environmentalAgreements#Environmental_Modification'/>
    <NS0:environmentalAgreementPartyTo rdf:resource='http://www.daml.org/2001/12/factbook/environmentalAgreements#Hazardous_Wastes'/>
    <NS0:environmentalAgreementPartyTo rdf:resource='http://www.daml.org/2001/12/factbook/environmentalAgreements#Law_of_the_Sea'/>
    <NS0:environmentalAgreementPartyTo rdf:resource='http://www.daml.org/2001/12/factbook/environmentalAgreements#Marine_Dumping'/>
    <NS0:environmentalAgreementPartyTo rdf:resource='http://www.daml.org/2001/12/factbook/environmentalAgreements#Nuclear_Test_Ban'/>
    <NS0:environmentalAgreementPartyTo rdf:resource='http://www.daml.org/2001/12/factbook/environmentalAgreements#Ozone_Layer_Protection'/>
    <NS0:environmentalAgreementPartyTo rdf:resource='http://www.daml.org/2001/12/factbook/environmentalAgreements#Ship_Pollution'/>
    <NS0:environmentalAgreementSigned rdf:resource='http://www.daml.org/2001/12/factbook/environmentalAgreements#Air_Pollution-Persistent_Organic_Pollutants'/>
    <NS0:population rdf:ID='A26222'>762887</NS0:population>
    <NS0:populationGrowthRate rdf:ID='A26225'>0.59</NS0:populationGrowthRate>
    <NS0:birthRate rdf:ID='A26228'>13.08</NS0:birthRate>
    <NS0:deathRate rdf:ID='A26231'>7.65</NS0:deathRate>
    <NS0:netMigrationRate rdf:ID='A26234'>0.44</NS0:netMigrationRate>
    <NS0:sexRatio rdf:resource='#A26237'/>
    <NS0:sexRatio rdf:resource='#A26243'/>
    <NS0:sexRatio rdf:resource='#A26249'/>
    <NS0:sexRatio rdf:resource='#A26255'/>
    <NS0:sexRatio rdf:ID='A26263' rdf:resource='#A26260'/>
    <NS0:infantMortalityRate rdf:ID='A26266'>7.89</NS0:infantMortalityRate>
    <NS0:totalFertilityRate rdf:ID='A26269'>1.93</NS0:totalFertilityRate>
    <NS0:nationalityNoun>Cypriot(s)</NS0:nationalityNoun>
    <NS0:nationalityAdjective>Cypriot</NS0:nationalityAdjective>
    <NS0:ethnicGroup rdf:ID='A26278' rdf:resource='#A26274'/>
    <NS0:ethnicGroup rdf:ID='A26284' rdf:resource='#A26280'/>
    <NS0:ethnicGroup rdf:ID='A26290' rdf:resource='#A26286'/>
    <NS0:religion rdf:resource='#A26292'/>
    <NS0:religion rdf:resource='#A26297'/>
    <NS0:religion rdf:resource='#A26302'/>
    <NS0:religion rdf:resource='#A26306'/>
    <NS0:religion rdf:resource='#A26310'/>
    <NS0:language rdf:resource='#A26315'/>
    <NS0:language rdf:resource='#A26319'/>
    <NS0:language rdf:resource='#A26323'/>
    <NS0:literacyDefinition>age 15 and over can read and write</NS0:literacyDefinition>
    <NS0:literacyTotal>94</NS0:literacyTotal>
    <NS0:literacyMale>98</NS0:literacyMale>
    <NS0:literacyFemale rdf:ID='A26330'>91</NS0:literacyFemale>
    <NS0:conventionalLongCountryName>Republic of Cyprus</NS0:conventionalLongCountryName>
    <NS0:conventionalShortCountryName>Cyprus</NS0:conventionalShortCountryName>
    <NS0:governmentType rdf:resource='http://www.daml.org/2001/12/factbook/governmentTypes#republic'/>
    <NS0:capital rdf:resource='#A26336'/>
    <NS0:administrativeDivision rdf:resource='#A26343'/>
    <NS0:administrativeDivision rdf:resource='#A26347'/>
    <NS0:administrativeDivision rdf:resource='#A26351'/>
    <NS0:administrativeDivision rdf:resource='#A26355'/>
    <NS0:administrativeDivision rdf:resource='#A26359'/>
    <NS0:administrativeDivision rdf:resource='#A26363'/>
    <NS0:independence>16 August 1960 (from UK); note - Turkish Cypriot area proclaimed self-rule on 13 February 1975</NS0:independence>
    <NS0:constitution>16 August 1960; negotiations to create the basis for a new or revised constitution to govern the island and to better relations between Greek and Turkish Cypriots have been held intermittently; in 1975 Turkish Cypriots created their own constitution and governing bodies within the &quot;Turkish Federated State of Cyprus,&quot; which was renamed the &quot;Turkish Republic of Northern Cyprus&quot; in 1983; a new constitution for the Turkish Cypriot area passed by referendum on 5 May 1985</NS0:constitution>
    <NS0:legalSystem>based on common law, with civil law modifications</NS0:legalSystem>
    <NS0:suffrage>18 years of age; universal</NS0:suffrage>
    <NS0:participatesIn rdf:resource='http://www.daml.org/2001/12/factbook/internationalOrganizations#Australia_Group'/>
    <NS0:participatesIn rdf:resource='http://www.daml.org/2001/12/factbook/internationalOrganizations#C'/>
    <NS0:participatesIn rdf:resource='http://www.daml.org/2001/12/factbook/internationalOrganizations#CCC'/>
    <NS0:participatesIn rdf:resource='http://www.daml.org/2001/12/factbook/internationalOrganizations#CE'/>
    <NS0:participatesIn rdf:resource='http://www.daml.org/2001/12/factbook/internationalOrganizations#EBRD'/>
    <NS0:participatesIn rdf:resource='http://www.daml.org/2001/12/factbook/internationalOrganizations#ECE'/>
    <NS0:participatesIn rdf:resource='http://www.daml.org/2001/12/factbook/internationalOrganizations#EU'/>
    <NS0:participatesIn rdf:resource='http://www.daml.org/2001/12/factbook/internationalOrganizations#FAO'/>
    <NS0:participatesIn rdf:resource='http://www.daml.org/2001/12/factbook/internationalOrganizations#G-77'/>
    <NS0:participatesIn rdf:resource='http://www.daml.org/2001/12/factbook/internationalOrganizations#IAEA'/>
    <NS0:participatesIn rdf:resource='http://www.daml.org/2001/12/factbook/internationalOrganizations#IBRD'/>
    <NS0:participatesIn rdf:resource='http://www.daml.org/2001/12/factbook/internationalOrganizations#ICAO'/>
    <NS0:participatesIn rdf:resource='http://www.daml.org/2001/12/factbook/internationalOrganizations#ICC'/>
    <NS0:participatesIn rdf:resource='http://www.daml.org/2001/12/factbook/internationalOrganizations#ICFTU'/>
    <NS0:participatesIn rdf:resource='http://www.daml.org/2001/12/factbook/internationalOrganizations#IDA'/>
    <NS0:participatesIn rdf:resource='http://www.daml.org/2001/12/factbook/internationalOrganizations#IFAD'/>
    <NS0:participatesIn rdf:resource='http://www.daml.org/2001/12/factbook/internationalOrganizations#IFC'/>
    <NS0:participatesIn rdf:resource='http://www.daml.org/2001/12/factbook/internationalOrganizations#IFRCS'/>
    <NS0:participatesIn rdf:resource='http://www.daml.org/2001/12/factbook/internationalOrganizations#IHO'/>
    <NS0:participatesIn rdf:resource='http://www.daml.org/2001/12/factbook/internationalOrganizations#ILO'/>
    <NS0:participatesIn rdf:resource='http://www.daml.org/2001/12/factbook/internationalOrganizations#IMF'/>
    <NS0:participatesIn rdf:resource='http://www.daml.org/2001/12/factbook/internationalOrganizations#IMO'/>
    <NS0:participatesIn rdf:resource='http://www.daml.org/2001/12/factbook/internationalOrganizations#Inmarsat'/>
    <NS0:participatesIn rdf:resource='http://www.daml.org/2001/12/factbook/internationalOrganizations#Intelsat'/>
    <NS0:participatesIn rdf:resource='http://www.daml.org/2001/12/factbook/internationalOrganizations#Interpol'/>
    <NS0:participatesIn rdf:resource='http://www.daml.org/2001/12/factbook/internationalOrganizations#IOC'/>
    <NS0:participatesIn rdf:resource='http://www.daml.org/2001/12/factbook/internationalOrganizations#IOM'/>
    <NS0:participatesIn rdf:resource='http://www.daml.org/2001/12/factbook/internationalOrganizations#ISO'/>
    <NS0:participatesIn rdf:resource='http://www.daml.org/2001/12/factbook/internationalOrganizations#ITU'/>
    <NS0:participatesIn rdf:resource='http://www.daml.org/2001/12/factbook/internationalOrganizations#NAM'/>
    <NS0:participatesIn rdf:resource='http://www.daml.org/2001/12/factbook/internationalOrganizations#NSG'/>
    <NS0:participatesIn rdf:resource='http://www.daml.org/2001/12/factbook/internationalOrganizations#OAS'/>
    <NS0:participatesIn rdf:resource='http://www.daml.org/2001/12/factbook/internationalOrganizations#OPCW'/>
    <NS0:participatesIn rdf:resource='http://www.daml.org/2001/12/factbook/internationalOrganizations#OSCE'/>
    <NS0:participatesIn rdf:resource='http://www.daml.org/2001/12/factbook/internationalOrganizations#PCA'/>
    <NS0:participatesIn rdf:resource='http://www.daml.org/2001/12/factbook/internationalOrganizations#UN'/>
    <NS0:participatesIn rdf:resource='http://www.daml.org/2001/12/factbook/internationalOrganizations#UNCTAD'/>
    <NS0:participatesIn rdf:resource='http://www.daml.org/2001/12/factbook/internationalOrganizations#UNESCO'/>
    <NS0:participatesIn rdf:resource='http://www.daml.org/2001/12/factbook/internationalOrganizations#UNIDO'/>
    <NS0:participatesIn rdf:resource='http://www.daml.org/2001/12/factbook/internationalOrganizations#UPU'/>
    <NS0:participatesIn rdf:resource='http://www.daml.org/2001/12/factbook/internationalOrganizations#WCL'/>
    <NS0:participatesIn rdf:resource='http://www.daml.org/2001/12/factbook/internationalOrganizations#WFTU'/>
    <NS0:participatesIn rdf:resource='http://www.daml.org/2001/12/factbook/internationalOrganizations#WHO'/>
    <NS0:participatesIn rdf:resource='http://www.daml.org/2001/12/factbook/internationalOrganizations#WIPO'/>
    <NS0:participatesIn rdf:resource='http://www.daml.org/2001/12/factbook/internationalOrganizations#WMO'/>
    <NS0:participatesIn rdf:resource='http://www.daml.org/2001/12/factbook/internationalOrganizations#WToO'/>
    <NS0:participatesIn rdf:resource='http://www.daml.org/2001/12/factbook/internationalOrganizations#WTrO'/>
    <NS0:flagDescription>white with a copper-colored silhouette of the island (the name Cyprus is derived from the Greek word for copper) above two green crossed olive branches in the center of the flag; the branches symbolize the hope for peace and reconciliation between the Greek and Turkish communities</NS0:flagDescription>
    <NS0:economyOverview>Economic affairs are affected by the division of the country. The Greek Cypriot economy is prosperous but highly susceptible to external shocks. Erratic growth rates in the 1990s reflect the economy&apos;s vulnerability to swings in tourist arrivals, caused by political instability on the island and fluctuations in economic conditions in Western Europe. Economic policy is focused on meeting the criteria for admission to the EU. As in the Turkish sector, water shortage is a growing problem, and several desalination plants are planned. The Turkish Cypriot economy has about one-fifth the population and one-third the per capita GDP of the south. Because it is recognized only by Turkey, it has had much difficulty arranging foreign financing, and foreign firms have hesitated to invest there. It remains heavily dependent on agriculture and government service, which together employ about half of the work force. Moreover, the small, vulnerable economy has suffered because the Turkish lira is legal tender. To compensate for the economy&apos;s weakness, Turkey provides direct and indirect aid to tourism, education, industry, etc.</NS0:economyOverview>
    <NS0:grossDomesticProductRealGrowth rdf:ID='A26420'>Greek Cypriot area: 4.2% (2000 est.); Turkish Cypriot area: 4.9</NS0:grossDomesticProductRealGrowth>
    <NS0:inflationRate rdf:ID='A26423'>Greek Cypriot area: 4.2% (2000 est.); Turkish Cypriot area: 58</NS0:inflationRate>
    <NS0:occupation rdf:resource='#A26426'/>
    <NS0:occupation rdf:resource='#A26431'/>
    <NS0:occupation rdf:ID='A26440' rdf:resource='#A26436'/>
    <NS0:occupation rdf:resource='#A26442'/>
    <NS0:occupation rdf:ID='A26451' rdf:resource='#A26447'/>
    <NS0:unemploymentRate rdf:ID='A26453'>Greek Cypriot area: 3.6% (2000 est.); Turkish Cypriot area: 6</NS0:unemploymentRate>
    <NS0:industry rdf:resource='http://www.daml.org/2001/12/factbook/industries#food'/>
    <NS0:industry rdf:resource='http://www.daml.org/2001/12/factbook/industries#beverages'/>
    <NS0:industry rdf:resource='http://www.daml.org/2001/12/factbook/industries#textiles'/>
    <NS0:industry rdf:resource='http://www.daml.org/2001/12/factbook/industries#chemicals'/>
    <NS0:industry rdf:resource='http://www.daml.org/2001/12/factbook/industries#metal_products'/>
    <NS0:industry rdf:resource='http://www.daml.org/2001/12/factbook/industries#tourism'/>
    <NS0:industry rdf:resource='http://www.daml.org/2001/12/factbook/industries#wood_products'/>
    <NS0:industrialProductionGrowthRate rdf:ID='A26463'>Greek Cypriot area: 2.2% (1999); Turkish Cypriot area: -0.3</NS0:industrialProductionGrowthRate>
    <NS0:electricityProductionFossilFuel>100</NS0:electricityProductionFossilFuel>
    <NS0:electricityProductionHydro>0</NS0:electricityProductionHydro>
    <NS0:electricityProductionNuclear>0</NS0:electricityProductionNuclear>
    <NS0:electricityProductionOther rdf:ID='A26468'>0</NS0:electricityProductionOther>
    <NS0:electricityExports rdf:ID='A26470'>0</NS0:electricityExports>
    <NS0:electricityImports rdf:ID='A26472'>0</NS0:electricityImports>
    <NS0:agricultureProduct rdf:resource='http://www.daml.org/2001/12/factbook/agricultureProducts#potatoes'/>
    <NS0:agricultureProduct rdf:resource='http://www.daml.org/2001/12/factbook/agricultureProducts#citrus'/>
    <NS0:agricultureProduct rdf:resource='http://www.daml.org/2001/12/factbook/agricultureProducts#vegetables'/>
    <NS0:agricultureProduct rdf:resource='http://www.daml.org/2001/12/factbook/agricultureProducts#barley'/>
    <NS0:agricultureProduct rdf:resource='http://www.daml.org/2001/12/factbook/agricultureProducts#grapes'/>
    <NS0:agricultureProduct rdf:resource='http://www.daml.org/2001/12/factbook/agricultureProducts#olives'/>
    <NS0:exportsCommodity rdf:resource='#A26481'/>
    <NS0:exportsCommodity rdf:resource='#A26485'/>
    <NS0:exportsCommodity rdf:resource='#A26489'/>
    <NS0:exportsCommodity rdf:resource='#A26493'/>
    <NS0:exportsCommodity rdf:resource='#A26497'/>
    <NS0:exportsCommodity rdf:resource='#A26501'/>
    <NS0:exportsCommodity rdf:resource='#A26505'/>
    <NS0:exportsCommodity rdf:resource='#A26509'/>
    <NS0:importsCommodity rdf:resource='#A26513'/>
    <NS0:importsCommodity rdf:resource='#A26517'/>
    <NS0:importsCommodity rdf:resource='#A26521'/>
    <NS0:importsCommodity rdf:resource='#A26525'/>
    <NS0:importsCommodity rdf:resource='#A26529'/>
    <NS0:importsCommodity rdf:resource='#A26533'/>
    <NS0:importsCommodity rdf:resource='#A26537'/>
    <NS0:currency>Greek Cypriot area: Cypriot pound (CYP); Turkish Cypriot area: Turkish lira (TRL)</NS0:currency>
    <NS0:currencyCode>CYP; TRL</NS0:currencyCode>
    <NS0:fiscalYear>calendar year</NS0:fiscalYear>
    <NS0:telephoneSystemGeneralAssessment>excellent in both the Greek Cypriot and Turkish Cypriot areas</NS0:telephoneSystemGeneralAssessment>
    <NS0:telephoneSystemDomestic>open wire, fiber-optic cable, and microwave radio relay</NS0:telephoneSystemDomestic>
    <NS0:telephoneSystemInternational>tropospheric scatter; 3 coaxial and 5 fiber-optic submarine cables; satellite earth stations - 3 Intelsat (1 Atlantic Ocean and 2 Indian Ocean), 2 Eutelsat, 2 Intersputnik, and 1 Arabsat</NS0:telephoneSystemInternational>
    <NS0:internetCountryCode>.cy</NS0:internetCountryCode>
    <NS0:internetServiceProviders rdf:ID='A26548'>6</NS0:internetServiceProviders>
    <NS0:internetUsers rdf:ID='A26550'>80000</NS0:internetUsers>
    <NS0:port rdf:resource='#A26552'/>
    <NS0:port rdf:resource='#A26556'/>
    <NS0:port rdf:resource='#A26560'/>
    <NS0:port rdf:resource='#A26564'/>
    <NS0:port rdf:resource='#A26568'/>
    <NS0:port rdf:resource='#A26572'/>
    <NS0:airports rdf:ID='A26576'>15</NS0:airports>
    <NS0:airportBreakdown rdf:resource='#A26579'/>
    <NS0:airportBreakdown rdf:resource='#A26586'/>
    <NS0:airportBreakdown rdf:resource='#A26593'/>
    <NS0:airportBreakdown rdf:resource='#A26600'/>
    <NS0:airportBreakdown rdf:resource='#A26606'/>
    <NS0:airportBreakdown rdf:resource='#A26613'/>
    <NS0:heliports rdf:ID='A26619'>7</NS0:heliports>
    <NS0:militaryAge>18</NS0:militaryAge>
    <NS0:malesOfMilitaryAge rdf:ID='A26623'>198275</NS0:malesOfMilitaryAge>
    <NS0:malesFitForMilitaryService rdf:ID='A26626'>136147</NS0:malesFitForMilitaryService>
    <NS0:malesReachingMilitaryAgeAnnually rdf:ID='A26629'>6616</NS0:malesReachingMilitaryAgeAnnually>
    <NS0:militaryExpenditures rdf:ID='A26632'>370000000</NS0:militaryExpenditures>
    <NS0:militaryExpendituresPercentGDP rdf:ID='A26634'>4.2</NS0:militaryExpendituresPercentGDP>
    <NS0:internationalDispute>1974 hostilities divided the island into two de facto autonomous areas, a Greek Cypriot area controlled by the internationally recognized Cypriot Government and a Turkish-Cypriot area (37% of the island), that are separated by a UN buffer zone (4% of the island)</NS0:internationalDispute>
    <NS0:internationalDispute>there are two UK sovereign base areas mostly within the Greek Cypriot portion of the island</NS0:internationalDispute>
    <NS0:illicitDrugs>minor transit point for heroin and hashish via air routes and container traffic to Europe, especially from Lebanon and Turkey</NS0:illicitDrugs>
    <NS0:illicitDrugs>some cocaine transits as well</NS0:illicitDrugs>
    <NS0:smallFlag>http://www.cia.gov/cia/publications/factbook/flags/cy-flag.jpg</NS0:smallFlag>
    <NS0:largeFlag>http://www.cia.gov/cia/publications/factbook/flags/cy-lgflag.jpg</NS0:largeFlag>
    <NS0:map>http://www.cia.gov/cia/publications/factbook/maps/cy-map.jpg</NS0:map>
    <NS0:exportPartner rdf:resource='#A122303'/>
    <NS0:exportPartner rdf:resource='#A122308'/>
    <NS0:exportPartner rdf:resource='#A122313'/>
    <NS0:importPartner rdf:resource='#A122318'/>
    <NS0:importPartner rdf:resource='#A122323'/>
    <NS0:importPartner rdf:resource='#A122328'/>
    <NS0:importPartner rdf:resource='#A122333'/>
  </rdf:Description>
  <rdf:Description rdf:about='#A26315'>
    <rdf:type rdf:resource='http://www.daml.org/2001/12/factbook/factbook-ont#LanguagePercent'/>
    <NS0:language rdf:resource='http://www.daml.org/2001/12/factbook/languages#Greek'/>
  </rdf:Description>
  <rdf:Description rdf:about='#A26505'>
    <rdf:type rdf:resource='http://www.daml.org/2001/12/factbook/factbook-ont#CommodityPercent'/>
    <NS0:exportsCommodity rdf:resource='http://www.daml.org/2001/12/factbook/commodities#potatoes'/>
  </rdf:Description>
  <rdf:Description rdf:about='#A26634'>
    <NS0:note>FY00</NS0:note>
  </rdf:Description>
  <rdf:Description rdf:about='#A26310'>
    <rdf:type rdf:resource='http://www.daml.org/2001/12/factbook/factbook-ont#ReligionPercent'/>
    <NS0:religion rdf:resource='http://www.daml.org/2001/12/factbook/religions#other'/>
    <NS0:percent>4</NS0:percent>
  </rdf:Description>
  <rdf:Description rdf:about='#A26501'>
    <rdf:type rdf:resource='http://www.daml.org/2001/12/factbook/factbook-ont#CommodityPercent'/>
    <NS0:exportsCommodity rdf:resource='http://www.daml.org/2001/12/factbook/commodities#clothing_and_shoes;_Turkish_Cypriot_area:_citrus'/>
  </rdf:Description>
  <rdf:Description rdf:about='#A26306'>
    <rdf:type rdf:resource='http://www.daml.org/2001/12/factbook/factbook-ont#ReligionPercent'/>
    <NS0:religion rdf:resource='http://www.daml.org/2001/12/factbook/religions#Armenian_Apostolic'/>
  </rdf:Description>
  <rdf:Description rdf:about='#A26497'>
    <rdf:type rdf:resource='http://www.daml.org/2001/12/factbook/factbook-ont#CommodityPercent'/>
    <NS0:exportsCommodity rdf:resource='http://www.daml.org/2001/12/factbook/commodities#cement'/>
  </rdf:Description>
  <rdf:Description rdf:about='#A26548'>
    <NS0:year>2000</NS0:year>
  </rdf:Description>
  <rdf:Description rdf:about='#A26302'>
    <rdf:type rdf:resource='http://www.daml.org/2001/12/factbook/factbook-ont#ReligionPercent'/>
    <NS0:religion rdf:resource='http://www.daml.org/2001/12/factbook/religions#Maronite'/>
  </rdf:Description>
  <rdf:Description rdf:about='#A26493'>
    <rdf:type rdf:resource='http://www.daml.org/2001/12/factbook/factbook-ont#CommodityPercent'/>
    <NS0:exportsCommodity rdf:resource='http://www.daml.org/2001/12/factbook/commodities#wine'/>
  </rdf:Description>
  <rdf:Description rdf:about='#A26463'>
    <NS0:year>1999</NS0:year>
  </rdf:Description>
  <rdf:Description rdf:about='#A26489'>
    <rdf:type rdf:resource='http://www.daml.org/2001/12/factbook/factbook-ont#CommodityPercent'/>
    <NS0:exportsCommodity rdf:resource='http://www.daml.org/2001/12/factbook/commodities#grapes'/>
  </rdf:Description>
  <rdf:Description rdf:about='#A26297'>
    <rdf:type rdf:resource='http://www.daml.org/2001/12/factbook/factbook-ont#ReligionPercent'/>
    <NS0:religion rdf:resource='http://www.daml.org/2001/12/factbook/religions#Muslim'/>
    <NS0:percent>18</NS0:percent>
  </rdf:Description>
  <rdf:Description rdf:about='#A26485'>
    <rdf:type rdf:resource='http://www.daml.org/2001/12/factbook/factbook-ont#CommodityPercent'/>
    <NS0:exportsCommodity rdf:resource='http://www.daml.org/2001/12/factbook/commodities#potatoes'/>
  </rdf:Description>
  <rdf:Description rdf:about='#A26292'>
    <rdf:type rdf:resource='http://www.daml.org/2001/12/factbook/factbook-ont#ReligionPercent'/>
    <NS0:religion rdf:resource='http://www.daml.org/2001/12/factbook/religions#Greek_Orthodox'/>
    <NS0:percent>78</NS0:percent>
  </rdf:Description>
  <rdf:Description rdf:about='#A26263'>
    <rdf:type rdf:resource='http://www.daml.org/2001/12/factbook/factbook-ont#Estimate'/>
    <NS0:year>2001</NS0:year>
  </rdf:Description>
  <rdf:Description rdf:about='#A26470'>
    <NS0:year>1999</NS0:year>
  </rdf:Description>
  <rdf:Description rdf:about='#A26481'>
    <rdf:type rdf:resource='http://www.daml.org/2001/12/factbook/factbook-ont#CommodityPercent'/>
    <NS0:exportsCommodity rdf:resource='http://www.daml.org/2001/12/factbook/commodities#Greek_Cypriot_area:_citrus'/>
  </rdf:Description>
  <rdf:Description rdf:about='#A26286'>
    <rdf:type rdf:resource='http://www.daml.org/2001/12/factbook/factbook-ont#EthnicGroupPercent'/>
    <NS0:ethnicGroup rdf:resource='http://www.daml.org/2001/12/factbook/ethnicGroups#other'/>
    <NS0:percent>4</NS0:percent>
  </rdf:Description>
  <rdf:Description rdf:about='#A26453'>
    <rdf:type rdf:resource='http://www.daml.org/2001/12/factbook/factbook-ont#Estimate'/>
    <NS0:year>1998</NS0:year>
  </rdf:Description>
  <rdf:Description rdf:about='#A26280'>
    <rdf:type rdf:resource='http://www.daml.org/2001/12/factbook/factbook-ont#EthnicGroupPercent'/>
    <NS0:ethnicGroup rdf:resource='http://www.daml.org/2001/12/factbook/ethnicGroups#Turkish'/>
    <NS0:percent>18</NS0:percent>
  </rdf:Description>
  <rdf:Description rdf:about='#A26274'>
    <rdf:type rdf:resource='http://www.daml.org/2001/12/factbook/factbook-ont#EthnicGroupPercent'/>
    <NS0:ethnicGroup rdf:resource='http://www.daml.org/2001/12/factbook/ethnicGroups#Greek'/>
    <NS0:percent>78</NS0:percent>
  </rdf:Description>
  <rdf:Description rdf:about='#A26266'>
    <rdf:type rdf:resource='http://www.daml.org/2001/12/factbook/factbook-ont#Estimate'/>
    <NS0:year>2001</NS0:year>
  </rdf:Description>
  <rdf:Description rdf:about='#District'>
    <rdf:type rdf:resource='http://www.w3.org/2000/01/rdf-schema#Class'/>
    <rdfs:subClassOf rdf:resource='http://www.daml.org/2001/12/factbook/factbook-ont#AdministrativeDivision'/>
    <rdfs:label>District</rdfs:label>
  </rdf:Description>
  <rdf:Description rdf:about='#A26260'>
    <rdf:type rdf:resource='http://www.daml.org/2001/12/factbook/factbook-ont#SexRatioBreakdown'/>
    <NS0:ratio>1</NS0:ratio>
  </rdf:Description>
  <rdf:Description rdf:about='#A122333'>
    <rdf:type rdf:resource='http://www.daml.org/2001/12/factbook/factbook-ont#CountryPercent'/>
    <NS0:country rdf:resource='http://www.daml.org/2001/09/countries/fips#UK'/>
    <NS0:percent>12.5</NS0:percent>
  </rdf:Description>
  <rdf:Description rdf:about='#A26231'>
    <rdf:type rdf:resource='http://www.daml.org/2001/12/factbook/factbook-ont#Estimate'/>
    <NS0:year>2001</NS0:year>
  </rdf:Description>
  <rdf:Description rdf:about='#A26447'>
    <rdf:type rdf:resource='http://www.daml.org/2001/12/factbook/factbook-ont#OccupationPercent'/>
    <NS0:occupation rdf:resource='http://www.daml.org/2001/12/factbook/occupations#agriculture'/>
    <NS0:percent>20.8</NS0:percent>
  </rdf:Description>
  <rdf:Description rdf:about='#A122328'>
    <rdf:type rdf:resource='http://www.daml.org/2001/12/factbook/factbook-ont#CountryPercent'/>
    <NS0:country rdf:resource='http://www.daml.org/2001/09/countries/fips#GR'/>
    <NS0:percent>8.2</NS0:percent>
  </rdf:Description>
  <rdf:Description rdf:about='#A26255'>
    <rdf:type rdf:resource='http://www.daml.org/2001/12/factbook/factbook-ont#SexRatioBreakdown'/>
    <NS0:minAge>65</NS0:minAge>
    <NS0:ratio>0.77</NS0:ratio>
  </rdf:Description>
  <rdf:Description rdf:about='#A26442'>
    <rdf:type rdf:resource='http://www.daml.org/2001/12/factbook/factbook-ont#OccupationPercent'/>
    <NS0:occupation rdf:resource='http://www.daml.org/2001/12/factbook/occupations#industry'/>
    <NS0:percent>22.8</NS0:percent>
  </rdf:Description>
  <rdf:Description rdf:about='#A122323'>
    <rdf:type rdf:resource='http://www.daml.org/2001/12/factbook/factbook-ont#CountryPercent'/>
    <NS0:country rdf:resource='http://www.daml.org/2001/09/countries/fips#IT'/>
    <NS0:percent>8.8</NS0:percent>
  </rdf:Description>
  <rdf:Description rdf:about='#A26423'>
    <rdf:type rdf:resource='http://www.daml.org/2001/12/factbook/factbook-ont#Estimate'/>
    <NS0:year>1999</NS0:year>
  </rdf:Description>
  <rdf:Description rdf:about='#A26249'>
    <rdf:type rdf:resource='http://www.daml.org/2001/12/factbook/factbook-ont#SexRatioBreakdown'/>
    <NS0:minAge>15</NS0:minAge>
    <NS0:maxAge>64</NS0:maxAge>
    <NS0:ratio>1.02</NS0:ratio>
  </rdf:Description>
  <rdf:Description rdf:about='#A26436'>
    <rdf:type rdf:resource='http://www.daml.org/2001/12/factbook/factbook-ont#OccupationPercent'/>
    <NS0:occupation rdf:resource='http://www.daml.org/2001/12/factbook/occupations#agriculture_5%_;_Turkish_Cypriot_area:_services'/>
    <NS0:percent>56.4</NS0:percent>
  </rdf:Description>
  <rdf:Description rdf:about='#A122318'>
    <rdf:type rdf:resource='http://www.daml.org/2001/12/factbook/factbook-ont#CountryPercent'/>
    <NS0:country rdf:resource='http://www.daml.org/2001/09/countries/fips#US'/>
    <NS0:percent>10.6</NS0:percent>
  </rdf:Description>
  <rdf:Description rdf:about='#A26243'>
    <rdf:type rdf:resource='http://www.daml.org/2001/12/factbook/factbook-ont#SexRatioBreakdown'/>
    <NS0:minAge>0</NS0:minAge>
    <NS0:maxAge>14</NS0:maxAge>
    <NS0:ratio>1.05</NS0:ratio>
  </rdf:Description>
  <rdf:Description rdf:about='#A26330'>
    <rdf:type rdf:resource='http://www.daml.org/2001/12/factbook/factbook-ont#Estimate'/>
    <NS0:year>1987</NS0:year>
  </rdf:Description>
  <rdf:Description rdf:about='#A26431'>
    <rdf:type rdf:resource='http://www.daml.org/2001/12/factbook/factbook-ont#OccupationPercent'/>
    <NS0:occupation rdf:resource='http://www.daml.org/2001/12/factbook/occupations#industry'/>
    <NS0:percent>22</NS0:percent>
  </rdf:Description>
  <rdf:Description rdf:about='#A122313'>
    <rdf:type rdf:resource='http://www.daml.org/2001/12/factbook/factbook-ont#CountryPercent'/>
    <NS0:country rdf:resource='http://www.daml.org/2001/09/countries/fips#UK'/>
    <NS0:percent>31</NS0:percent>
  </rdf:Description>
  <rdf:Description rdf:about='#A26237'>
    <rdf:type rdf:resource='http://www.daml.org/2001/12/factbook/factbook-ont#SexRatioBreakdown'/>
    <NS0:minAge>0</NS0:minAge>
    <NS0:maxAge>0</NS0:maxAge>
    <NS0:ratio>1.05</NS0:ratio>
  </rdf:Description>
  <rdf:Description rdf:about='#A26426'>
    <rdf:type rdf:resource='http://www.daml.org/2001/12/factbook/factbook-ont#OccupationPercent'/>
    <NS0:occupation rdf:resource='http://www.daml.org/2001/12/factbook/occupations#Greek_Cypriot_area:_services'/>
    <NS0:percent>73</NS0:percent>
  </rdf:Description>
  <rdf:Description rdf:about='#A122308'>
    <rdf:type rdf:resource='http://www.daml.org/2001/12/factbook/factbook-ont#CountryPercent'/>
    <NS0:country rdf:resource='http://www.daml.org/2001/09/countries/fips#RS'/>
    <NS0:percent>7.0</NS0:percent>
  </rdf:Description>
  <rdf:Description rdf:about='#A26613'>
    <rdf:type rdf:resource='http://www.daml.org/2001/12/factbook/factbook-ont#AirportBreakdown'/>
    <NS0:paved>false</NS0:paved>
    <NS0:maxRunway>913</NS0:maxRunway>
    <NS0:count>2 (2000 est.)</NS0:count>
  </rdf:Description>
  <rdf:Description rdf:about='#A26576'>
    <rdf:type rdf:resource='http://www.daml.org/2001/12/factbook/factbook-ont#Estimate'/>
    <NS0:year>2000</NS0:year>
  </rdf:Description>
  <rdf:Description rdf:about='#A122303'>
    <rdf:type rdf:resource='http://www.daml.org/2001/12/factbook/factbook-ont#CountryPercent'/>
    <NS0:country rdf:resource='http://www.daml.org/2001/09/countries/fips#GR'/>
    <NS0:percent>9.7</NS0:percent>
  </rdf:Description>
  <rdf:Description rdf:about='#A26606'>
    <rdf:type rdf:resource='http://www.daml.org/2001/12/factbook/factbook-ont#AirportBreakdown'/>
    <NS0:paved>false</NS0:paved>
    <NS0:minRunway>914</NS0:minRunway>
    <NS0:maxRunway>1523</NS0:maxRunway>
    <NS0:count>1</NS0:count>
  </rdf:Description>
  <rdf:Description rdf:about='#A26600'>
    <rdf:type rdf:resource='http://www.daml.org/2001/12/factbook/factbook-ont#AirportBreakdown'/>
    <NS0:paved>true</NS0:paved>
    <NS0:maxRunway>913</NS0:maxRunway>
    <NS0:count>1 (2000 est.)</NS0:count>
  </rdf:Description>
  <rdf:Description rdf:about='#A26593'>
    <rdf:type rdf:resource='http://www.daml.org/2001/12/factbook/factbook-ont#AirportBreakdown'/>
    <NS0:paved>true</NS0:paved>
    <NS0:minRunway>914</NS0:minRunway>
    <NS0:maxRunway>1523</NS0:maxRunway>
    <NS0:count>3</NS0:count>
  </rdf:Description>
  <rdf:Description rdf:about='#A26586'>
    <rdf:type rdf:resource='http://www.daml.org/2001/12/factbook/factbook-ont#AirportBreakdown'/>
    <NS0:paved>true</NS0:paved>
    <NS0:minRunway>1524</NS0:minRunway>
    <NS0:maxRunway>2437</NS0:maxRunway>
    <NS0:count>1</NS0:count>
  </rdf:Description>
  <rdf:Description rdf:about='#A26579'>
    <rdf:type rdf:resource='http://www.daml.org/2001/12/factbook/factbook-ont#AirportBreakdown'/>
    <NS0:paved>true</NS0:paved>
    <NS0:minRunway>2438</NS0:minRunway>
    <NS0:maxRunway>3047</NS0:maxRunway>
    <NS0:count>7</NS0:count>
  </rdf:Description>
  <rdf:Description rdf:about='#A26626'>
    <rdf:type rdf:resource='http://www.daml.org/2001/12/factbook/factbook-ont#Estimate'/>
    <NS0:year>2001</NS0:year>
  </rdf:Description>
  <rdf:Description rdf:about='#A26619'>
    <rdf:type rdf:resource='http://www.daml.org/2001/12/factbook/factbook-ont#Estimate'/>
    <NS0:year>2000</NS0:year>
  </rdf:Description>
  <rdf:Description rdf:about='#A26269'>
    <rdf:type rdf:resource='http://www.daml.org/2001/12/factbook/factbook-ont#Estimate'/>
    <NS0:year>2001</NS0:year>
  </rdf:Description>
  <rdf:Description rdf:about='#A26572'>
    <rdf:type rdf:resource='http://www.daml.org/2001/12/factbook/factbook-ont#Port'/>
    <NS0:name>Vasilikos</NS0:name>
  </rdf:Description>
  <rdf:Description rdf:about='#A26196'>
    <rdf:type rdf:resource='http://www.daml.org/2001/12/factbook/factbook-ont#Estimate'/>
    <NS0:year>1993</NS0:year>
  </rdf:Description>
  <rdf:Description rdf:about='#A26568'>
    <rdf:type rdf:resource='http://www.daml.org/2001/12/factbook/factbook-ont#Port'/>
    <NS0:name>Paphos</NS0:name>
  </rdf:Description>
  <rdf:Description rdf:about='#A26228'>
    <rdf:type rdf:resource='http://www.daml.org/2001/12/factbook/factbook-ont#Estimate'/>
    <NS0:year>2001</NS0:year>
  </rdf:Description>
  <rdf:Description rdf:about='#A26564'>
    <rdf:type rdf:resource='http://www.daml.org/2001/12/factbook/factbook-ont#Port'/>
    <NS0:name>Limassol</NS0:name>
  </rdf:Description>
  <rdf:Description rdf:about='#A26179'>
    <rdf:type rdf:resource='http://www.daml.org/2001/12/factbook/factbook-ont#ElevationExtreme'/>
    <NS0:name>Olympus</NS0:name>
    <NS0:elevation>1951</NS0:elevation>
  </rdf:Description>
  <rdf:Description rdf:about='#A26623'>
    <rdf:type rdf:resource='http://www.daml.org/2001/12/factbook/factbook-ont#Estimate'/>
    <NS0:year>2001</NS0:year>
  </rdf:Description>
  <rdf:Description rdf:about='#A26560'>
    <rdf:type rdf:resource='http://www.daml.org/2001/12/factbook/factbook-ont#Port'/>
    <NS0:name>Larnaca</NS0:name>
  </rdf:Description>
  <rdf:Description rdf:about='#A26556'>
    <rdf:type rdf:resource='http://www.daml.org/2001/12/factbook/factbook-ont#Port'/>
    <NS0:name>Kyrenia</NS0:name>
  </rdf:Description>
  <rdf:Description rdf:about='#A26174'>
    <rdf:type rdf:resource='http://www.daml.org/2001/12/factbook/factbook-ont#ElevationExtreme'/>
    <NS0:name>Mediterranean Sea</NS0:name>
    <NS0:elevation>0</NS0:elevation>
  </rdf:Description>
  <rdf:Description rdf:about='#A26363'>
    <rdf:type rdf:resource='#District'/>
    <NS0:name>Paphos</NS0:name>
  </rdf:Description>
  <rdf:Description rdf:about='#A26451'>
    <NS0:year>1998</NS0:year>
  </rdf:Description>
  <rdf:Description rdf:about='#A26632'>
    <NS0:note>FY00</NS0:note>
  </rdf:Description>
  <rdf:Description rdf:about='#A26552'>
    <rdf:type rdf:resource='http://www.daml.org/2001/12/factbook/factbook-ont#Port'/>
    <NS0:name>Famagusta</NS0:name>
  </rdf:Description>
  <rdf:Description rdf:about='#A26222'>
    <rdf:type rdf:resource='http://www.daml.org/2001/12/factbook/factbook-ont#Estimate'/>
    <NS0:note>July 2001</NS0:note>
  </rdf:Description>
  <rdf:Description rdf:about='#A26359'>
    <rdf:type rdf:resource='#District'/>
    <NS0:name>Nicosia</NS0:name>
  </rdf:Description>
</rdf:RDF>
