<?xml version='1.0' encoding='ISO-8859-1'?>
<rdf:RDF
  xmlns:rdf='http://www.w3.org/1999/02/22-rdf-syntax-ns#'
  xmlns:NS0='http://www.daml.org/2001/12/factbook/factbook-ont#'
  xmlns:rdfs='http://www.w3.org/2000/01/rdf-schema#'
  xml:base="http://www.daml.org/2001/12/factbook/dr">
  <rdf:Description rdf:about='#A28640'>
    <NS0:year>1997</NS0:year>
  </rdf:Description>
  <rdf:Description rdf:about='#A28501'>
    <rdf:type rdf:resource='http://www.daml.org/2001/12/factbook/factbook-ont#Estimate'/>
    <NS0:year>1999</NS0:year>
  </rdf:Description>
  <rdf:Description rdf:about='#A28544'>
    <NS0:year>1999</NS0:year>
  </rdf:Description>
  <rdf:Description rdf:about='#A28507'>
    <rdf:type rdf:resource='http://www.daml.org/2001/12/factbook/factbook-ont#Estimate'/>
    <NS0:year>2000</NS0:year>
  </rdf:Description>
  <rdf:Description rdf:about='#A28676'>
    <rdf:type rdf:resource='http://www.daml.org/2001/12/factbook/factbook-ont#Estimate'/>
    <NS0:year>2000</NS0:year>
  </rdf:Description>
  <rdf:Description rdf:about='#A28487'>
    <rdf:type rdf:resource='http://www.daml.org/2001/12/factbook/factbook-ont#Estimate'/>
    <NS0:year>2000</NS0:year>
  </rdf:Description>
  <rdf:Description rdf:about='#A28257'>
    <rdf:type rdf:resource='http://www.daml.org/2001/12/factbook/factbook-ont#SexRatioBreakdown'/>
    <NS0:ratio>1.03</NS0:ratio>
  </rdf:Description>
  <rdf:Description rdf:about='#A28490'>
    <rdf:type rdf:resource='http://www.daml.org/2001/12/factbook/factbook-ont#Estimate'/>
    <NS0:year>2000</NS0:year>
  </rdf:Description>
  <rdf:Description rdf:about='#A28541'>
    <rdf:type rdf:resource='http://www.daml.org/2001/12/factbook/factbook-ont#Estimate'/>
    <NS0:year>2000</NS0:year>
  </rdf:Description>
  <rdf:Description rdf:about='#A28252'>
    <rdf:type rdf:resource='http://www.daml.org/2001/12/factbook/factbook-ont#SexRatioBreakdown'/>
    <NS0:minAge>65</NS0:minAge>
    <NS0:ratio>0.9</NS0:ratio>
  </rdf:Description>
  <rdf:Description rdf:about='http://www.daml.org/2001/09/countries/fips#DR'>
    <NS0:background>A legacy of unsettled, mostly non-representative, rule for much of the 20th century was brought to an end in 1996 when free and open elections ushered in a new government.</NS0:background>
    <NS0:location>Caribbean, eastern two-thirds of the island of Hispaniola, between the Caribbean Sea and the North Atlantic Ocean, east of Haiti</NS0:location>
    <NS0:geographicCoordinates rdf:resource='#A28160'/>
    <NS0:mapReferences>Central America and the Caribbean</NS0:mapReferences>
    <NS0:totalArea>48730</NS0:totalArea>
    <NS0:landArea>48380</NS0:landArea>
    <NS0:waterArea>350</NS0:waterArea>
    <NS0:comparativeArea>slightly more than twice the size of New Hampshire</NS0:comparativeArea>
    <NS0:landBoundaries>275</NS0:landBoundaries>
    <NS0:coastline>1288</NS0:coastline>
    <NS0:contiguousZone>24</NS0:contiguousZone>
    <NS0:exclusiveEconomicZone>200</NS0:exclusiveEconomicZone>
    <NS0:territorialSea>6</NS0:territorialSea>
    <NS0:climate>tropical maritime; little seasonal temperature variation; seasonal variation in rainfall</NS0:climate>
    <NS0:terrain>rugged highlands and mountains with fertile valleys interspersed</NS0:terrain>
    <NS0:lowestPoint rdf:resource='#A28177'/>
    <NS0:highestPoint rdf:resource='#A28182'/>
    <NS0:naturalResource rdf:resource='http://www.daml.org/2001/12/factbook/naturalResources#nickel'/>
    <NS0:naturalResource rdf:resource='http://www.daml.org/2001/12/factbook/naturalResources#bauxite'/>
    <NS0:naturalResource rdf:resource='http://www.daml.org/2001/12/factbook/naturalResources#gold'/>
    <NS0:naturalResource rdf:resource='http://www.daml.org/2001/12/factbook/naturalResources#silver'/>
    <NS0:arableLand>21</NS0:arableLand>
    <NS0:permanentCrops>9</NS0:permanentCrops>
    <NS0:permanentPastures>43</NS0:permanentPastures>
    <NS0:forestsAndWoodland>12</NS0:forestsAndWoodland>
    <NS0:otherLandUse rdf:ID='A28195'>15</NS0:otherLandUse>
    <NS0:irrigatedLand rdf:ID='A28198'>2300</NS0:irrigatedLand>
    <NS0:naturalHazard>lies in the middle of the hurricane belt and subject to severe storms from June to October</NS0:naturalHazard>
    <NS0:naturalHazard>occasional flooding</NS0:naturalHazard>
    <NS0:naturalHazard>periodic droughts</NS0:naturalHazard>
    <NS0:environmentalIssue>water shortages</NS0:environmentalIssue>
    <NS0:environmentalIssue>soil eroding into the sea damages coral reefs</NS0:environmentalIssue>
    <NS0:environmentalIssue>deforestation</NS0:environmentalIssue>
    <NS0:environmentalIssue>Hurricane Georges damage</NS0:environmentalIssue>
    <NS0:environmentalAgreementPartyTo rdf:resource='http://www.daml.org/2001/12/factbook/environmentalAgreements#Biodiversity'/>
    <NS0:environmentalAgreementPartyTo rdf:resource='http://www.daml.org/2001/12/factbook/environmentalAgreements#Climate_Change'/>
    <NS0:environmentalAgreementPartyTo rdf:resource='http://www.daml.org/2001/12/factbook/environmentalAgreements#Desertification'/>
    <NS0:environmentalAgreementPartyTo rdf:resource='http://www.daml.org/2001/12/factbook/environmentalAgreements#Endangered_Species'/>
    <NS0:environmentalAgreementPartyTo rdf:resource='http://www.daml.org/2001/12/factbook/environmentalAgreements#Hazardous_Wastes'/>
    <NS0:environmentalAgreementPartyTo rdf:resource='http://www.daml.org/2001/12/factbook/environmentalAgreements#Marine_Dumping'/>
    <NS0:environmentalAgreementPartyTo rdf:resource='http://www.daml.org/2001/12/factbook/environmentalAgreements#Marine_Life_Conservation'/>
    <NS0:environmentalAgreementPartyTo rdf:resource='http://www.daml.org/2001/12/factbook/environmentalAgreements#Nuclear_Test_Ban'/>
    <NS0:environmentalAgreementPartyTo rdf:resource='http://www.daml.org/2001/12/factbook/environmentalAgreements#Ozone_Layer_Protection'/>
    <NS0:environmentalAgreementPartyTo rdf:resource='http://www.daml.org/2001/12/factbook/environmentalAgreements#Ship_Pollution'/>
    <NS0:environmentalAgreementSigned rdf:resource='http://www.daml.org/2001/12/factbook/environmentalAgreements#Law_of_the_Sea'/>
    <NS0:population rdf:ID='A28219'>8581477</NS0:population>
    <NS0:populationGrowthRate rdf:ID='A28222'>1.63</NS0:populationGrowthRate>
    <NS0:birthRate rdf:ID='A28225'>24.77</NS0:birthRate>
    <NS0:deathRate rdf:ID='A28228'>4.7</NS0:deathRate>
    <NS0:netMigrationRate rdf:ID='A28231'>-3.81</NS0:netMigrationRate>
    <NS0:sexRatio rdf:resource='#A28234'/>
    <NS0:sexRatio rdf:resource='#A28240'/>
    <NS0:sexRatio rdf:resource='#A28246'/>
    <NS0:sexRatio rdf:resource='#A28252'/>
    <NS0:sexRatio rdf:ID='A28260' rdf:resource='#A28257'/>
    <NS0:infantMortalityRate rdf:ID='A28263'>34.67</NS0:infantMortalityRate>
    <NS0:totalFertilityRate rdf:ID='A28266'>2.97</NS0:totalFertilityRate>
    <NS0:nationalityNoun>Dominican(s)</NS0:nationalityNoun>
    <NS0:nationalityAdjective>Dominican</NS0:nationalityAdjective>
    <NS0:ethnicGroup rdf:resource='#A28271'/>
    <NS0:ethnicGroup rdf:resource='#A28276'/>
    <NS0:ethnicGroup rdf:resource='#A28281'/>
    <NS0:religion rdf:resource='#A28286'/>
    <NS0:language rdf:resource='#A28291'/>
    <NS0:literacyDefinition>age 15 and over can read and write</NS0:literacyDefinition>
    <NS0:literacyTotal>82.1</NS0:literacyTotal>
    <NS0:literacyMale>82</NS0:literacyMale>
    <NS0:literacyFemale rdf:ID='A28298'>82.2</NS0:literacyFemale>
    <NS0:conventionalLongCountryName>Dominican Republic</NS0:conventionalLongCountryName>
    <NS0:conventionalShortCountryName>none</NS0:conventionalShortCountryName>
    <NS0:localLongCountryName>Republica Dominicana</NS0:localLongCountryName>
    <NS0:localShortCountryName>none</NS0:localShortCountryName>
    <NS0:governmentType rdf:resource='http://www.daml.org/2001/12/factbook/governmentTypes#representative_democracy'/>
    <NS0:capital rdf:resource='#A28306'/>
    <NS0:administrativeDivision rdf:resource='#A28316'/>
    <NS0:administrativeDivision rdf:resource='#A28320'/>
    <NS0:administrativeDivision rdf:resource='#A28324'/>
    <NS0:administrativeDivision rdf:resource='#A28328'/>
    <NS0:administrativeDivision rdf:resource='#A28332'/>
    <NS0:administrativeDivision rdf:resource='#A28336'/>
    <NS0:administrativeDivision rdf:resource='#A28340'/>
    <NS0:administrativeDivision rdf:resource='#A28344'/>
    <NS0:administrativeDivision rdf:resource='#A28348'/>
    <NS0:administrativeDivision rdf:resource='#A28352'/>
    <NS0:administrativeDivision rdf:resource='#A28356'/>
    <NS0:administrativeDivision rdf:resource='#A28360'/>
    <NS0:administrativeDivision rdf:resource='#A28364'/>
    <NS0:administrativeDivision rdf:resource='#A28368'/>
    <NS0:administrativeDivision rdf:resource='#A28372'/>
    <NS0:administrativeDivision rdf:resource='#A28376'/>
    <NS0:administrativeDivision rdf:resource='#A28380'/>
    <NS0:administrativeDivision rdf:resource='#A28384'/>
    <NS0:administrativeDivision rdf:resource='#A28388'/>
    <NS0:administrativeDivision rdf:resource='#A28392'/>
    <NS0:administrativeDivision rdf:resource='#A28396'/>
    <NS0:administrativeDivision rdf:resource='#A28400'/>
    <NS0:administrativeDivision rdf:resource='#A28404'/>
    <NS0:administrativeDivision rdf:resource='#A28408'/>
    <NS0:administrativeDivision rdf:resource='#A28412'/>
    <NS0:administrativeDivision rdf:resource='#A28416'/>
    <NS0:administrativeDivision rdf:resource='#A28420'/>
    <NS0:administrativeDivision rdf:resource='#A28424'/>
    <NS0:administrativeDivision rdf:resource='#A28428'/>
    <NS0:administrativeDivision rdf:resource='#A28432'/>
    <NS0:independence>27 February 1844 (from Haiti)</NS0:independence>
    <NS0:constitution>28 November 1966</NS0:constitution>
    <NS0:legalSystem>based on French civil codes</NS0:legalSystem>
    <NS0:suffrage>18 years of age, universal and compulsory; married persons regardless of age</NS0:suffrage>
    <NS0:participatesIn rdf:resource='http://www.daml.org/2001/12/factbook/internationalOrganizations#ACP'/>
    <NS0:participatesIn rdf:resource='http://www.daml.org/2001/12/factbook/internationalOrganizations#Caricom'/>
    <NS0:participatesIn rdf:resource='http://www.daml.org/2001/12/factbook/internationalOrganizations#ECLAC'/>
    <NS0:participatesIn rdf:resource='http://www.daml.org/2001/12/factbook/internationalOrganizations#FAO'/>
    <NS0:participatesIn rdf:resource='http://www.daml.org/2001/12/factbook/internationalOrganizations#G-11'/>
    <NS0:participatesIn rdf:resource='http://www.daml.org/2001/12/factbook/internationalOrganizations#G-77'/>
    <NS0:participatesIn rdf:resource='http://www.daml.org/2001/12/factbook/internationalOrganizations#IADB'/>
    <NS0:participatesIn rdf:resource='http://www.daml.org/2001/12/factbook/internationalOrganizations#IAEA'/>
    <NS0:participatesIn rdf:resource='http://www.daml.org/2001/12/factbook/internationalOrganizations#IBRD'/>
    <NS0:participatesIn rdf:resource='http://www.daml.org/2001/12/factbook/internationalOrganizations#ICAO'/>
    <NS0:participatesIn rdf:resource='http://www.daml.org/2001/12/factbook/internationalOrganizations#ICFTU'/>
    <NS0:participatesIn rdf:resource='http://www.daml.org/2001/12/factbook/internationalOrganizations#ICRM'/>
    <NS0:participatesIn rdf:resource='http://www.daml.org/2001/12/factbook/internationalOrganizations#IDA'/>
    <NS0:participatesIn rdf:resource='http://www.daml.org/2001/12/factbook/internationalOrganizations#IFAD'/>
    <NS0:participatesIn rdf:resource='http://www.daml.org/2001/12/factbook/internationalOrganizations#IFC'/>
    <NS0:participatesIn rdf:resource='http://www.daml.org/2001/12/factbook/internationalOrganizations#IFRCS'/>
    <NS0:participatesIn rdf:resource='http://www.daml.org/2001/12/factbook/internationalOrganizations#IHO'/>
    <NS0:participatesIn rdf:resource='http://www.daml.org/2001/12/factbook/internationalOrganizations#ILO'/>
    <NS0:participatesIn rdf:resource='http://www.daml.org/2001/12/factbook/internationalOrganizations#IMF'/>
    <NS0:participatesIn rdf:resource='http://www.daml.org/2001/12/factbook/internationalOrganizations#IMO'/>
    <NS0:participatesIn rdf:resource='http://www.daml.org/2001/12/factbook/internationalOrganizations#Intelsat'/>
    <NS0:participatesIn rdf:resource='http://www.daml.org/2001/12/factbook/internationalOrganizations#Interpol'/>
    <NS0:participatesIn rdf:resource='http://www.daml.org/2001/12/factbook/internationalOrganizations#IOC'/>
    <NS0:participatesIn rdf:resource='http://www.daml.org/2001/12/factbook/internationalOrganizations#IOM'/>
    <NS0:participatesIn rdf:resource='http://www.daml.org/2001/12/factbook/internationalOrganizations#ISO'/>
    <NS0:participatesIn rdf:resource='http://www.daml.org/2001/12/factbook/internationalOrganizations#ITU'/>
    <NS0:participatesIn rdf:resource='http://www.daml.org/2001/12/factbook/internationalOrganizations#LAES'/>
    <NS0:participatesIn rdf:resource='http://www.daml.org/2001/12/factbook/internationalOrganizations#LAIA'/>
    <NS0:participatesIn rdf:resource='http://www.daml.org/2001/12/factbook/internationalOrganizations#NAM'/>
    <NS0:participatesIn rdf:resource='http://www.daml.org/2001/12/factbook/internationalOrganizations#OAS'/>
    <NS0:participatesIn rdf:resource='http://www.daml.org/2001/12/factbook/internationalOrganizations#OPANAL'/>
    <NS0:participatesIn rdf:resource='http://www.daml.org/2001/12/factbook/internationalOrganizations#OPCW'/>
    <NS0:participatesIn rdf:resource='http://www.daml.org/2001/12/factbook/internationalOrganizations#PCA'/>
    <NS0:participatesIn rdf:resource='http://www.daml.org/2001/12/factbook/internationalOrganizations#UN'/>
    <NS0:participatesIn rdf:resource='http://www.daml.org/2001/12/factbook/internationalOrganizations#UNCTAD'/>
    <NS0:participatesIn rdf:resource='http://www.daml.org/2001/12/factbook/internationalOrganizations#UNESCO'/>
    <NS0:participatesIn rdf:resource='http://www.daml.org/2001/12/factbook/internationalOrganizations#UNIDO'/>
    <NS0:participatesIn rdf:resource='http://www.daml.org/2001/12/factbook/internationalOrganizations#UPU'/>
    <NS0:participatesIn rdf:resource='http://www.daml.org/2001/12/factbook/internationalOrganizations#WCL'/>
    <NS0:participatesIn rdf:resource='http://www.daml.org/2001/12/factbook/internationalOrganizations#WFTU'/>
    <NS0:participatesIn rdf:resource='http://www.daml.org/2001/12/factbook/internationalOrganizations#WHO'/>
    <NS0:participatesIn rdf:resource='http://www.daml.org/2001/12/factbook/internationalOrganizations#WIPO'/>
    <NS0:participatesIn rdf:resource='http://www.daml.org/2001/12/factbook/internationalOrganizations#WMO'/>
    <NS0:participatesIn rdf:resource='http://www.daml.org/2001/12/factbook/internationalOrganizations#WToO'/>
    <NS0:participatesIn rdf:resource='http://www.daml.org/2001/12/factbook/internationalOrganizations#WTrO'/>
    <NS0:flagDescription>a centered white cross that extends to the edges divides the flag into four rectangles - the top ones are blue (hoist side) and red, and the bottom ones are red (hoist side) and blue; a small coat of arms is at the center of the cross</NS0:flagDescription>
    <NS0:economyOverview>The Dominican economy experienced dramatic growth over the last decade, even though the economy was hit hard by Hurricane Georges in 1998. Although the country has long been viewed primarily as an exporter of sugar, coffee, and tobacco, in recent years the service sector has overtaken agriculture as the economy&apos;s largest employer, due to growth in tourism and free trade zones. The country suffers from marked income inequality; the poorest half of the population receives less than one-fifth of GNP, while the richest ten percent enjoy 40% of national income. In December 2000, the new MEJIA administration passed broad new tax legislation which it hopes will provide enough revenue to offset rising oil prices and to service foreign debt.</NS0:economyOverview>
    <NS0:grossDomesticProduct rdf:ID='A28487'>48300000000</NS0:grossDomesticProduct>
    <NS0:grossDomesticProductRealGrowth rdf:ID='A28490'>8</NS0:grossDomesticProductRealGrowth>
    <NS0:grossDomesticProductPerCapita rdf:ID='A28493'>5700</NS0:grossDomesticProductPerCapita>
    <NS0:grossDomesticProductAgriculture>11.3</NS0:grossDomesticProductAgriculture>
    <NS0:grossDomesticProductIndustry>32.2</NS0:grossDomesticProductIndustry>
    <NS0:grossDomesticProductServices rdf:ID='A28498'>56.5</NS0:grossDomesticProductServices>
    <NS0:populationBelowPovertyLine rdf:ID='A28501'>25</NS0:populationBelowPovertyLine>
    <NS0:householdIncomeLowest10Percent>1.6</NS0:householdIncomeLowest10Percent>
    <NS0:householdIncomeHighest10Percent rdf:ID='A28505'>39.6</NS0:householdIncomeHighest10Percent>
    <NS0:inflationRate rdf:ID='A28507'>7.9</NS0:inflationRate>
    <NS0:occupation rdf:resource='#A28510'/>
    <NS0:occupation rdf:resource='#A28515'/>
    <NS0:occupation rdf:ID='A28524' rdf:resource='#A28520'/>
    <NS0:unemploymentRate rdf:ID='A28527'>13.8</NS0:unemploymentRate>
    <NS0:budgetRevenues>2300000000</NS0:budgetRevenues>
    <NS0:budgetExpenditures>2900000000</NS0:budgetExpenditures>
    <NS0:budgetCapitalExpenditures rdf:ID='A28532'>867000000</NS0:budgetCapitalExpenditures>
    <NS0:industry rdf:resource='http://www.daml.org/2001/12/factbook/industries#tourism'/>
    <NS0:industry rdf:resource='http://www.daml.org/2001/12/factbook/industries#sugar_processing'/>
    <NS0:industry rdf:resource='http://www.daml.org/2001/12/factbook/industries#ferronickel_and_gold_mining'/>
    <NS0:industry rdf:resource='http://www.daml.org/2001/12/factbook/industries#textiles'/>
    <NS0:industry rdf:resource='http://www.daml.org/2001/12/factbook/industries#cement'/>
    <NS0:industry rdf:resource='http://www.daml.org/2001/12/factbook/industries#tobacco'/>
    <NS0:industrialProductionGrowthRate rdf:ID='A28541'>8</NS0:industrialProductionGrowthRate>
    <NS0:electricityProduction rdf:ID='A28544'>7290000000</NS0:electricityProduction>
    <NS0:electricityProductionFossilFuel>87.19</NS0:electricityProductionFossilFuel>
    <NS0:electricityProductionHydro>12.4</NS0:electricityProductionHydro>
    <NS0:electricityProductionNuclear>0</NS0:electricityProductionNuclear>
    <NS0:electricityProductionOther rdf:ID='A28549'>0.41</NS0:electricityProductionOther>
    <NS0:electricityConsumption rdf:ID='A28551'>6780000000</NS0:electricityConsumption>
    <NS0:electricityExports rdf:ID='A28553'>0</NS0:electricityExports>
    <NS0:electricityImports rdf:ID='A28555'>0</NS0:electricityImports>
    <NS0:agricultureProduct rdf:resource='http://www.daml.org/2001/12/factbook/agricultureProducts#sugarcane'/>
    <NS0:agricultureProduct rdf:resource='http://www.daml.org/2001/12/factbook/agricultureProducts#coffee'/>
    <NS0:agricultureProduct rdf:resource='http://www.daml.org/2001/12/factbook/agricultureProducts#cotton'/>
    <NS0:agricultureProduct rdf:resource='http://www.daml.org/2001/12/factbook/agricultureProducts#cocoa'/>
    <NS0:agricultureProduct rdf:resource='http://www.daml.org/2001/12/factbook/agricultureProducts#tobacco'/>
    <NS0:agricultureProduct rdf:resource='http://www.daml.org/2001/12/factbook/agricultureProducts#rice'/>
    <NS0:agricultureProduct rdf:resource='http://www.daml.org/2001/12/factbook/agricultureProducts#beans'/>
    <NS0:agricultureProduct rdf:resource='http://www.daml.org/2001/12/factbook/agricultureProducts#potatoes'/>
    <NS0:agricultureProduct rdf:resource='http://www.daml.org/2001/12/factbook/agricultureProducts#corn'/>
    <NS0:agricultureProduct rdf:resource='http://www.daml.org/2001/12/factbook/agricultureProducts#bananas'/>
    <NS0:agricultureProduct rdf:resource='http://www.daml.org/2001/12/factbook/agricultureProducts#cattle'/>
    <NS0:agricultureProduct rdf:resource='http://www.daml.org/2001/12/factbook/agricultureProducts#pigs'/>
    <NS0:agricultureProduct rdf:resource='http://www.daml.org/2001/12/factbook/agricultureProducts#dairy_products'/>
    <NS0:agricultureProduct rdf:resource='http://www.daml.org/2001/12/factbook/agricultureProducts#beef'/>
    <NS0:agricultureProduct rdf:resource='http://www.daml.org/2001/12/factbook/agricultureProducts#eggs'/>
    <NS0:exports rdf:ID='A28572'>5800000000</NS0:exports>
    <NS0:exportsCommodity rdf:resource='#A28574'/>
    <NS0:exportsCommodity rdf:resource='#A28578'/>
    <NS0:exportsCommodity rdf:resource='#A28582'/>
    <NS0:exportsCommodity rdf:resource='#A28586'/>
    <NS0:exportsCommodity rdf:resource='#A28590'/>
    <NS0:exportsCommodity rdf:resource='#A28594'/>
    <NS0:exportsCommodity rdf:resource='#A28598'/>
    <NS0:exportsCommodity rdf:resource='#A28602'/>
    <NS0:imports rdf:ID='A28606'>9600000000</NS0:imports>
    <NS0:importsCommodity rdf:resource='#A28609'/>
    <NS0:importsCommodity rdf:resource='#A28613'/>
    <NS0:importsCommodity rdf:resource='#A28617'/>
    <NS0:importsCommodity rdf:resource='#A28621'/>
    <NS0:externalDebt rdf:ID='A28625'>4700000000</NS0:externalDebt>
    <NS0:economicAidRecipient rdf:ID='A28628'>239600000</NS0:economicAidRecipient>
    <NS0:currency>Dominican peso (DOP)</NS0:currency>
    <NS0:currencyCode>DOP</NS0:currencyCode>
    <NS0:fiscalYear>calendar year</NS0:fiscalYear>
    <NS0:mainTelephoneLines rdf:ID='A28633'>709000</NS0:mainTelephoneLines>
    <NS0:mobileTelephoneLines rdf:ID='A28635'>130149</NS0:mobileTelephoneLines>
    <NS0:telephoneSystemGeneralAssessment>NA</NS0:telephoneSystemGeneralAssessment>
    <NS0:telephoneSystemDomestic>relatively efficient system based on islandwide microwave radio relay network</NS0:telephoneSystemDomestic>
    <NS0:telephoneSystemInternational>1 coaxial submarine cable; satellite earth station - 1 Intelsat (Atlantic Ocean)</NS0:telephoneSystemInternational>
    <NS0:radios rdf:ID='A28640'>1440000</NS0:radios>
    <NS0:televisionBroadcastStations rdf:ID='A28642'>25</NS0:televisionBroadcastStations>
    <NS0:televisions rdf:ID='A28644'>770000</NS0:televisions>
    <NS0:internetCountryCode>.do</NS0:internetCountryCode>
    <NS0:internetServiceProviders rdf:ID='A28647'>24</NS0:internetServiceProviders>
    <NS0:internetUsers rdf:ID='A28649'>25000</NS0:internetUsers>
    <NS0:railwaysTotal>757</NS0:railwaysTotal>
    <NS0:highwaysTotal>12600</NS0:highwaysTotal>
    <NS0:highwaysPaved>6224</NS0:highwaysPaved>
    <NS0:highwaysUnpaved rdf:ID='A28654'>6376</NS0:highwaysUnpaved>
    <NS0:port rdf:resource='#A28656'/>
    <NS0:port rdf:resource='#A28660'/>
    <NS0:port rdf:resource='#A28664'/>
    <NS0:port rdf:resource='#A28668'/>
    <NS0:port rdf:resource='#A28672'/>
    <NS0:airports rdf:ID='A28676'>29</NS0:airports>
    <NS0:airportBreakdown rdf:resource='#A28679'/>
    <NS0:airportBreakdown rdf:resource='#A28685'/>
    <NS0:airportBreakdown rdf:resource='#A28692'/>
    <NS0:airportBreakdown rdf:resource='#A28699'/>
    <NS0:airportBreakdown rdf:resource='#A28706'/>
    <NS0:airportBreakdown rdf:resource='#A28712'/>
    <NS0:airportBreakdown rdf:resource='#A28719'/>
    <NS0:airportBreakdown rdf:resource='#A28726'/>
    <NS0:militaryAge>18</NS0:militaryAge>
    <NS0:malesOfMilitaryAge rdf:ID='A28733'>2281035</NS0:malesOfMilitaryAge>
    <NS0:malesFitForMilitaryService rdf:ID='A28736'>1430776</NS0:malesFitForMilitaryService>
    <NS0:malesReachingMilitaryAgeAnnually rdf:ID='A28739'>87404</NS0:malesReachingMilitaryAgeAnnually>
    <NS0:militaryExpenditures rdf:ID='A28742'>180000000</NS0:militaryExpenditures>
    <NS0:militaryExpendituresPercentGDP rdf:ID='A28744'>1.1</NS0:militaryExpendituresPercentGDP>
    <NS0:internationalDispute>none</NS0:internationalDispute>
    <NS0:illicitDrugs>transshipment point for South American drugs destined for the US and Europe</NS0:illicitDrugs>
    <NS0:illicitDrugs>has become a transshipment point for ecstasy from the Netherlands and Belgium destined for US and Canada</NS0:illicitDrugs>
    <NS0:smallFlag>http://www.cia.gov/cia/publications/factbook/flags/dr-flag.jpg</NS0:smallFlag>
    <NS0:largeFlag>http://www.cia.gov/cia/publications/factbook/flags/dr-lgflag.jpg</NS0:largeFlag>
    <NS0:map>http://www.cia.gov/cia/publications/factbook/maps/dr-map.jpg</NS0:map>
    <NS0:border rdf:resource='#A122523'/>
    <NS0:exportPartner rdf:resource='#A122528'/>
    <NS0:exportPartner rdf:resource='#A122533'/>
    <NS0:exportPartner rdf:resource='#A122538'/>
    <NS0:exportPartner rdf:resource='#A122543'/>
    <NS0:exportPartner rdf:ID='A122552' rdf:resource='#A122548'/>
    <NS0:importPartner rdf:resource='#A122554'/>
    <NS0:importPartner rdf:resource='#A122559'/>
    <NS0:importPartner rdf:resource='#A122564'/>
    <NS0:importPartner rdf:resource='#A122569'/>
    <NS0:importPartner rdf:ID='A122578' rdf:resource='#A122574'/>
  </rdf:Description>
  <rdf:Description rdf:about='#A28654'>
    <NS0:year>1996</NS0:year>
  </rdf:Description>
  <rdf:Description rdf:about='#A28572'>
    <NS0:note>f.o.b., 2000</NS0:note>
  </rdf:Description>
  <rdf:Description rdf:about='#A28246'>
    <rdf:type rdf:resource='http://www.daml.org/2001/12/factbook/factbook-ont#SexRatioBreakdown'/>
    <NS0:minAge>15</NS0:minAge>
    <NS0:maxAge>64</NS0:maxAge>
    <NS0:ratio>1.04</NS0:ratio>
  </rdf:Description>
  <rdf:Description rdf:about='#A28642'>
    <NS0:year>1997</NS0:year>
  </rdf:Description>
  <rdf:Description rdf:about='#Province'>
    <rdf:type rdf:resource='http://www.w3.org/2000/01/rdf-schema#Class'/>
    <rdfs:subClassOf rdf:resource='http://www.daml.org/2001/12/factbook/factbook-ont#AdministrativeDivision'/>
    <rdfs:label>Province</rdfs:label>
  </rdf:Description>
  <rdf:Description rdf:about='#A28553'>
    <NS0:year>1999</NS0:year>
  </rdf:Description>
  <rdf:Description rdf:about='#A28432'>
    <rdf:type rdf:resource='#Province'/>
    <NS0:name>Valverde</NS0:name>
  </rdf:Description>
  <rdf:Description rdf:about='#A28240'>
    <rdf:type rdf:resource='http://www.daml.org/2001/12/factbook/factbook-ont#SexRatioBreakdown'/>
    <NS0:minAge>0</NS0:minAge>
    <NS0:maxAge>14</NS0:maxAge>
    <NS0:ratio>1.04</NS0:ratio>
  </rdf:Description>
  <rdf:Description rdf:about='#A28621'>
    <rdf:type rdf:resource='http://www.daml.org/2001/12/factbook/factbook-ont#CommodityPercent'/>
    <NS0:importsCommodity rdf:resource='http://www.daml.org/2001/12/factbook/commodities#chemicals_and_pharmaceuticals'/>
  </rdf:Description>
  <rdf:Description rdf:about='#A28625'>
    <rdf:type rdf:resource='http://www.daml.org/2001/12/factbook/factbook-ont#Estimate'/>
    <NS0:year>2000</NS0:year>
  </rdf:Description>
  <rdf:Description rdf:about='#A28428'>
    <rdf:type rdf:resource='#Province'/>
    <NS0:name>Santiago Rodriguez</NS0:name>
  </rdf:Description>
  <rdf:Description rdf:about='#A28617'>
    <rdf:type rdf:resource='http://www.daml.org/2001/12/factbook/factbook-ont#CommodityPercent'/>
    <NS0:importsCommodity rdf:resource='http://www.daml.org/2001/12/factbook/commodities#cotton_and_fabrics'/>
  </rdf:Description>
  <rdf:Description rdf:about='#A28234'>
    <rdf:type rdf:resource='http://www.daml.org/2001/12/factbook/factbook-ont#SexRatioBreakdown'/>
    <NS0:minAge>0</NS0:minAge>
    <NS0:maxAge>0</NS0:maxAge>
    <NS0:ratio>1.05</NS0:ratio>
  </rdf:Description>
  <rdf:Description rdf:about='#A28424'>
    <rdf:type rdf:resource='#Province'/>
    <NS0:name>Santiago</NS0:name>
  </rdf:Description>
  <rdf:Description rdf:about='#A28266'>
    <rdf:type rdf:resource='http://www.daml.org/2001/12/factbook/factbook-ont#Estimate'/>
    <NS0:year>2001</NS0:year>
  </rdf:Description>
  <rdf:Description rdf:about='#A28613'>
    <rdf:type rdf:resource='http://www.daml.org/2001/12/factbook/factbook-ont#CommodityPercent'/>
    <NS0:importsCommodity rdf:resource='http://www.daml.org/2001/12/factbook/commodities#petroleum'/>
  </rdf:Description>
  <rdf:Description rdf:about='#A28420'>
    <rdf:type rdf:resource='#Province'/>
    <NS0:name>San Pedro de Macoris</NS0:name>
  </rdf:Description>
  <rdf:Description rdf:about='#A28609'>
    <rdf:type rdf:resource='http://www.daml.org/2001/12/factbook/factbook-ont#CommodityPercent'/>
    <NS0:importsCommodity rdf:resource='http://www.daml.org/2001/12/factbook/commodities#foodstuffs'/>
  </rdf:Description>
  <rdf:Description rdf:about='#A28416'>
    <rdf:type rdf:resource='#Province'/>
    <NS0:name>San Juan</NS0:name>
  </rdf:Description>
  <rdf:Description rdf:about='#A28412'>
    <rdf:type rdf:resource='#Province'/>
    <NS0:name>San Cristobal</NS0:name>
  </rdf:Description>
  <rdf:Description rdf:about='#A28602'>
    <rdf:type rdf:resource='http://www.daml.org/2001/12/factbook/factbook-ont#CommodityPercent'/>
    <NS0:exportsCommodity rdf:resource='http://www.daml.org/2001/12/factbook/commodities#meats'/>
  </rdf:Description>
  <rdf:Description rdf:about='#A122574'>
    <rdf:type rdf:resource='http://www.daml.org/2001/12/factbook/factbook-ont#CountryPercent'/>
    <NS0:country rdf:resource='http://www.daml.org/2001/09/countries/fips#PM'/>
    <NS0:percent>2.6</NS0:percent>
  </rdf:Description>
  <rdf:Description rdf:about='#A122552'>
    <NS0:note>1999 est.</NS0:note>
  </rdf:Description>
  <rdf:Description rdf:about='#A28408'>
    <rdf:type rdf:resource='#Province'/>
    <NS0:name>Sanchez Ramirez</NS0:name>
  </rdf:Description>
  <rdf:Description rdf:about='#A28524'>
    <rdf:type rdf:resource='http://www.daml.org/2001/12/factbook/factbook-ont#Estimate'/>
    <NS0:year>1998</NS0:year>
  </rdf:Description>
  <rdf:Description rdf:about='#A28551'>
    <NS0:year>1999</NS0:year>
  </rdf:Description>
  <rdf:Description rdf:about='#A28598'>
    <rdf:type rdf:resource='http://www.daml.org/2001/12/factbook/factbook-ont#CommodityPercent'/>
    <NS0:exportsCommodity rdf:resource='http://www.daml.org/2001/12/factbook/commodities#tobacco'/>
  </rdf:Description>
  <rdf:Description rdf:about='#A122569'>
    <rdf:type rdf:resource='http://www.daml.org/2001/12/factbook/factbook-ont#CountryPercent'/>
    <NS0:country rdf:resource='http://www.daml.org/2001/09/countries/fips#JA'/>
    <NS0:percent>3</NS0:percent>
  </rdf:Description>
  <rdf:Description rdf:about='#A28404'>
    <rdf:type rdf:resource='#Province'/>
    <NS0:name>Samana</NS0:name>
  </rdf:Description>
  <rdf:Description rdf:about='#A28733'>
    <rdf:type rdf:resource='http://www.daml.org/2001/12/factbook/factbook-ont#Estimate'/>
    <NS0:year>2001</NS0:year>
  </rdf:Description>
  <rdf:Description rdf:about='#A28594'>
    <rdf:type rdf:resource='http://www.daml.org/2001/12/factbook/factbook-ont#CommodityPercent'/>
    <NS0:exportsCommodity rdf:resource='http://www.daml.org/2001/12/factbook/commodities#cocoa'/>
  </rdf:Description>
  <rdf:Description rdf:about='#A122564'>
    <rdf:type rdf:resource='http://www.daml.org/2001/12/factbook/factbook-ont#CountryPercent'/>
    <NS0:country rdf:resource='http://www.daml.org/2001/09/countries/fips#MX'/>
    <NS0:percent>4</NS0:percent>
  </rdf:Description>
  <rdf:Description rdf:about='#A28400'>
    <rdf:type rdf:resource='#Province'/>
    <NS0:name>Salcedo</NS0:name>
  </rdf:Description>
  <rdf:Description rdf:about='#A28590'>
    <rdf:type rdf:resource='http://www.daml.org/2001/12/factbook/factbook-ont#CommodityPercent'/>
    <NS0:exportsCommodity rdf:resource='http://www.daml.org/2001/12/factbook/commodities#coffee'/>
  </rdf:Description>
  <rdf:Description rdf:about='#A28647'>
    <NS0:year>2000</NS0:year>
  </rdf:Description>
  <rdf:Description rdf:about='#A28195'>
    <rdf:type rdf:resource='http://www.daml.org/2001/12/factbook/factbook-ont#Estimate'/>
    <NS0:year>1993</NS0:year>
  </rdf:Description>
  <rdf:Description rdf:about='#A28396'>
    <rdf:type rdf:resource='#Province'/>
    <NS0:name>Puerto Plata</NS0:name>
  </rdf:Description>
  <rdf:Description rdf:about='#A122559'>
    <rdf:type rdf:resource='http://www.daml.org/2001/12/factbook/factbook-ont#CountryPercent'/>
    <NS0:country rdf:resource='http://www.daml.org/2001/09/countries/fips#VE'/>
    <NS0:percent>9.2</NS0:percent>
  </rdf:Description>
  <rdf:Description rdf:about='#A28555'>
    <NS0:year>1999</NS0:year>
  </rdf:Description>
  <rdf:Description rdf:about='#A28586'>
    <rdf:type rdf:resource='http://www.daml.org/2001/12/factbook/factbook-ont#CommodityPercent'/>
    <NS0:exportsCommodity rdf:resource='http://www.daml.org/2001/12/factbook/commodities#silver'/>
  </rdf:Description>
  <rdf:Description rdf:about='#A28219'>
    <rdf:type rdf:resource='http://www.daml.org/2001/12/factbook/factbook-ont#Estimate'/>
    <NS0:note>July 2001</NS0:note>
  </rdf:Description>
  <rdf:Description rdf:about='#A28392'>
    <rdf:type rdf:resource='#Province'/>
    <NS0:name>Peravia</NS0:name>
  </rdf:Description>
  <rdf:Description rdf:about='#A28582'>
    <rdf:type rdf:resource='http://www.daml.org/2001/12/factbook/factbook-ont#CommodityPercent'/>
    <NS0:exportsCommodity rdf:resource='http://www.daml.org/2001/12/factbook/commodities#gold'/>
  </rdf:Description>
  <rdf:Description rdf:about='#A122554'>
    <rdf:type rdf:resource='http://www.daml.org/2001/12/factbook/factbook-ont#CountryPercent'/>
    <NS0:country rdf:resource='http://www.daml.org/2001/09/countries/fips#US'/>
    <NS0:percent>25.7</NS0:percent>
  </rdf:Description>
  <rdf:Description rdf:about='#A28739'>
    <rdf:type rdf:resource='http://www.daml.org/2001/12/factbook/factbook-ont#Estimate'/>
    <NS0:year>2001</NS0:year>
  </rdf:Description>
  <rdf:Description rdf:about='#A28388'>
    <rdf:type rdf:resource='#Province'/>
    <NS0:name>Pedernales</NS0:name>
  </rdf:Description>
  <rdf:Description rdf:about='#A28578'>
    <rdf:type rdf:resource='http://www.daml.org/2001/12/factbook/factbook-ont#CommodityPercent'/>
    <NS0:exportsCommodity rdf:resource='http://www.daml.org/2001/12/factbook/commodities#sugar'/>
  </rdf:Description>
  <rdf:Description rdf:about='#A122548'>
    <rdf:type rdf:resource='http://www.daml.org/2001/12/factbook/factbook-ont#CountryPercent'/>
    <NS0:country rdf:resource='http://www.daml.org/2001/09/countries/fips#UK'/>
    <NS0:percent>4.5</NS0:percent>
  </rdf:Description>
  <rdf:Description rdf:about='#A28384'>
    <rdf:type rdf:resource='#Province'/>
    <NS0:name>Monte Plata</NS0:name>
  </rdf:Description>
  <rdf:Description rdf:about='#A28574'>
    <rdf:type rdf:resource='http://www.daml.org/2001/12/factbook/factbook-ont#CommodityPercent'/>
    <NS0:exportsCommodity rdf:resource='http://www.daml.org/2001/12/factbook/commodities#ferronickel'/>
  </rdf:Description>
  <rdf:Description rdf:about='#A28380'>
    <rdf:type rdf:resource='#Province'/>
    <NS0:name>Monte Cristi</NS0:name>
  </rdf:Description>
  <rdf:Description rdf:about='#A122543'>
    <rdf:type rdf:resource='http://www.daml.org/2001/12/factbook/factbook-ont#CountryPercent'/>
    <NS0:country rdf:resource='http://www.daml.org/2001/09/countries/fips#RS'/>
    <NS0:percent>7.4</NS0:percent>
  </rdf:Description>
  <rdf:Description rdf:about='#A28376'>
    <rdf:type rdf:resource='#Province'/>
    <NS0:name>Monsenor Nouel</NS0:name>
  </rdf:Description>
  <rdf:Description rdf:about='#A28228'>
    <rdf:type rdf:resource='http://www.daml.org/2001/12/factbook/factbook-ont#Estimate'/>
    <NS0:year>2001</NS0:year>
  </rdf:Description>
  <rdf:Description rdf:about='#A122538'>
    <rdf:type rdf:resource='http://www.daml.org/2001/12/factbook/factbook-ont#CountryPercent'/>
    <NS0:country rdf:resource='http://www.daml.org/2001/09/countries/fips#CA'/>
    <NS0:percent>7.6</NS0:percent>
  </rdf:Description>
  <rdf:Description rdf:about='#A28182'>
    <rdf:type rdf:resource='http://www.daml.org/2001/12/factbook/factbook-ont#ElevationExtreme'/>
    <NS0:name>Pico Duarte</NS0:name>
    <NS0:elevation>3175</NS0:elevation>
  </rdf:Description>
  <rdf:Description rdf:about='#A28372'>
    <rdf:type rdf:resource='#Province'/>
    <NS0:name>Maria Trinidad Sanchez</NS0:name>
  </rdf:Description>
  <rdf:Description rdf:about='#A122533'>
    <rdf:type rdf:resource='http://www.daml.org/2001/12/factbook/factbook-ont#CountryPercent'/>
    <NS0:country rdf:resource='http://www.daml.org/2001/09/countries/fips#NL'/>
    <NS0:percent>7.8</NS0:percent>
  </rdf:Description>
  <rdf:Description rdf:about='#A28649'>
    <NS0:year>1999</NS0:year>
  </rdf:Description>
  <rdf:Description rdf:about='#A28177'>
    <rdf:type rdf:resource='http://www.daml.org/2001/12/factbook/factbook-ont#ElevationExtreme'/>
    <NS0:name>Lago Enriquillo</NS0:name>
    <NS0:elevation>-46</NS0:elevation>
  </rdf:Description>
  <rdf:Description rdf:about='#A28368'>
    <rdf:type rdf:resource='#Province'/>
    <NS0:name>La Vega</NS0:name>
  </rdf:Description>
  <rdf:Description rdf:about='#A122528'>
    <rdf:type rdf:resource='http://www.daml.org/2001/12/factbook/factbook-ont#CountryPercent'/>
    <NS0:country rdf:resource='http://www.daml.org/2001/09/countries/fips#US'/>
    <NS0:percent>66.1</NS0:percent>
  </rdf:Description>
  <rdf:Description rdf:about='#A28364'>
    <rdf:type rdf:resource='#Province'/>
    <NS0:name>La Romana</NS0:name>
  </rdf:Description>
  <rdf:Description rdf:about='#A28628'>
    <NS0:year>1995</NS0:year>
  </rdf:Description>
  <rdf:Description rdf:about='#District'>
    <rdf:type rdf:resource='http://www.w3.org/2000/01/rdf-schema#Class'/>
    <rdfs:subClassOf rdf:resource='http://www.daml.org/2001/12/factbook/factbook-ont#AdministrativeDivision'/>
    <rdfs:label>District</rdfs:label>
  </rdf:Description>
  <rdf:Description rdf:about='#A28360'>
    <rdf:type rdf:resource='#Province'/>
    <NS0:name>La Altagracia</NS0:name>
  </rdf:Description>
  <rdf:Description rdf:about='#A122523'>
    <rdf:type rdf:resource='http://www.daml.org/2001/12/factbook/factbook-ont#Border'/>
    <NS0:country rdf:resource='http://www.daml.org/2001/09/countries/fips#HA'/>
    <NS0:distance>275</NS0:distance>
  </rdf:Description>
  <rdf:Description rdf:about='#A28356'>
    <rdf:type rdf:resource='#Province'/>
    <NS0:name>Independencia</NS0:name>
  </rdf:Description>
  <rdf:Description rdf:about='#A122578'>
    <NS0:note>1999 est.</NS0:note>
  </rdf:Description>
  <rdf:Description rdf:about='#A28505'>
    <NS0:year>1989</NS0:year>
  </rdf:Description>
  <rdf:Description rdf:about='#A28352'>
    <rdf:type rdf:resource='#Province'/>
    <NS0:name>Hato Mayor</NS0:name>
  </rdf:Description>
  <rdf:Description rdf:about='#A28160'>
    <rdf:type rdf:resource='http://www.daml.org/2001/12/factbook/factbook-ont#LatLon'/>
    <NS0:latitude>19.0</NS0:latitude>
    <NS0:longitude>-70.66666666666667</NS0:longitude>
  </rdf:Description>
  <rdf:Description rdf:about='#A28348'>
    <rdf:type rdf:resource='#Province'/>
    <NS0:name>Espaillat</NS0:name>
  </rdf:Description>
  <rdf:Description rdf:about='#A28198'>
    <rdf:type rdf:resource='http://www.daml.org/2001/12/factbook/factbook-ont#Estimate'/>
    <NS0:year>1993</NS0:year>
  </rdf:Description>
  <rdf:Description rdf:about='#A28635'>
    <NS0:year>1997</NS0:year>
  </rdf:Description>
  <rdf:Description rdf:about='#A28263'>
    <rdf:type rdf:resource='http://www.daml.org/2001/12/factbook/factbook-ont#Estimate'/>
    <NS0:year>2001</NS0:year>
  </rdf:Description>
  <rdf:Description rdf:about='#A28344'>
    <rdf:type rdf:resource='#Province'/>
    <NS0:name>El Seibo</NS0:name>
  </rdf:Description>
  <rdf:Description rdf:about='#A28726'>
    <rdf:type rdf:resource='http://www.daml.org/2001/12/factbook/factbook-ont#AirportBreakdown'/>
    <NS0:paved>false</NS0:paved>
    <NS0:maxRunway>913</NS0:maxRunway>
    <NS0:count>10 (2000 est.)</NS0:count>
  </rdf:Description>
  <rdf:Description rdf:about='#A28340'>
    <rdf:type rdf:resource='#Province'/>
    <NS0:name>Elias Pina</NS0:name>
  </rdf:Description>
  <rdf:Description rdf:about='#A28225'>
    <rdf:type rdf:resource='http://www.daml.org/2001/12/factbook/factbook-ont#Estimate'/>
    <NS0:year>2001</NS0:year>
  </rdf:Description>
  <rdf:Description rdf:about='#A28222'>
    <rdf:type rdf:resource='http://www.daml.org/2001/12/factbook/factbook-ont#Estimate'/>
    <NS0:year>2001</NS0:year>
  </rdf:Description>
  <rdf:Description rdf:about='#A28719'>
    <rdf:type rdf:resource='http://www.daml.org/2001/12/factbook/factbook-ont#AirportBreakdown'/>
    <NS0:paved>false</NS0:paved>
    <NS0:minRunway>914</NS0:minRunway>
    <NS0:maxRunway>1523</NS0:maxRunway>
    <NS0:count>4</NS0:count>
  </rdf:Description>
  <rdf:Description rdf:about='#A28336'>
    <rdf:type rdf:resource='#Province'/>
    <NS0:name>Duarte</NS0:name>
  </rdf:Description>
  <rdf:Description rdf:about='#A28332'>
    <rdf:type rdf:resource='#District'/>
    <NS0:name>Distrito Nacional</NS0:name>
  </rdf:Description>
  <rdf:Description rdf:about='#A28712'>
    <rdf:type rdf:resource='http://www.daml.org/2001/12/factbook/factbook-ont#AirportBreakdown'/>
    <NS0:paved>false</NS0:paved>
    <NS0:minRunway>1524</NS0:minRunway>
    <NS0:maxRunway>2437</NS0:maxRunway>
    <NS0:count>2</NS0:count>
  </rdf:Description>
  <rdf:Description rdf:about='#A28520'>
    <rdf:type rdf:resource='http://www.daml.org/2001/12/factbook/factbook-ont#OccupationPercent'/>
    <NS0:occupation rdf:resource='http://www.daml.org/2001/12/factbook/occupations#agriculture'/>
    <NS0:percent>17</NS0:percent>
  </rdf:Description>
  <rdf:Description rdf:about='#A28328'>
    <rdf:type rdf:resource='#Province'/>
    <NS0:name>Dajabon</NS0:name>
  </rdf:Description>
  <rdf:Description rdf:about='#A28644'>
    <NS0:year>1997</NS0:year>
  </rdf:Description>
  <rdf:Description rdf:about='#A28532'>
    <rdf:type rdf:resource='http://www.daml.org/2001/12/factbook/factbook-ont#Estimate'/>
    <NS0:year>1999</NS0:year>
  </rdf:Description>
  <rdf:Description rdf:about='#A28324'>
    <rdf:type rdf:resource='#Province'/>
    <NS0:name>Barahona</NS0:name>
  </rdf:Description>
  <rdf:Description rdf:about='#A28515'>
    <rdf:type rdf:resource='http://www.daml.org/2001/12/factbook/factbook-ont#OccupationPercent'/>
    <NS0:occupation rdf:resource='http://www.daml.org/2001/12/factbook/occupations#industry'/>
    <NS0:percent>24.3</NS0:percent>
  </rdf:Description>
  <rdf:Description rdf:about='#A28706'>
    <rdf:type rdf:resource='http://www.daml.org/2001/12/factbook/factbook-ont#AirportBreakdown'/>
    <NS0:paved>true</NS0:paved>
    <NS0:maxRunway>913</NS0:maxRunway>
    <NS0:count>1 (2000 est.)</NS0:count>
  </rdf:Description>
  <rdf:Description rdf:about='#A28320'>
    <rdf:type rdf:resource='#Province'/>
    <NS0:name>Baoruco</NS0:name>
  </rdf:Description>
  <rdf:Description rdf:about='#A28260'>
    <rdf:type rdf:resource='http://www.daml.org/2001/12/factbook/factbook-ont#Estimate'/>
    <NS0:year>2001</NS0:year>
  </rdf:Description>
  <rdf:Description rdf:about='#A28493'>
    <rdf:type rdf:resource='http://www.daml.org/2001/12/factbook/factbook-ont#Estimate'/>
    <NS0:year>2000</NS0:year>
  </rdf:Description>
  <rdf:Description rdf:about='#A28510'>
    <rdf:type rdf:resource='http://www.daml.org/2001/12/factbook/factbook-ont#OccupationPercent'/>
    <NS0:occupation rdf:resource='http://www.daml.org/2001/12/factbook/occupations#services_and_government'/>
    <NS0:percent>58.7</NS0:percent>
  </rdf:Description>
  <rdf:Description rdf:about='#A28699'>
    <rdf:type rdf:resource='http://www.daml.org/2001/12/factbook/factbook-ont#AirportBreakdown'/>
    <NS0:paved>true</NS0:paved>
    <NS0:minRunway>914</NS0:minRunway>
    <NS0:maxRunway>1523</NS0:maxRunway>
    <NS0:count>3</NS0:count>
  </rdf:Description>
  <rdf:Description rdf:about='#A28316'>
    <rdf:type rdf:resource='#Province'/>
    <NS0:name>Azua</NS0:name>
  </rdf:Description>
  <rdf:Description rdf:about='#A28742'>
    <NS0:note>FY98</NS0:note>
  </rdf:Description>
  <rdf:Description rdf:about='#A28606'>
    <rdf:type rdf:resource='http://www.daml.org/2001/12/factbook/factbook-ont#Estimate'/>
    <NS0:note>f.o.b., 2000</NS0:note>
  </rdf:Description>
  <rdf:Description rdf:about='#A28692'>
    <rdf:type rdf:resource='http://www.daml.org/2001/12/factbook/factbook-ont#AirportBreakdown'/>
    <NS0:paved>true</NS0:paved>
    <NS0:minRunway>1524</NS0:minRunway>
    <NS0:maxRunway>2437</NS0:maxRunway>
    <NS0:count>4</NS0:count>
  </rdf:Description>
  <rdf:Description rdf:about='#A28633'>
    <NS0:year>1997</NS0:year>
  </rdf:Description>
  <rdf:Description rdf:about='#A28231'>
    <rdf:type rdf:resource='http://www.daml.org/2001/12/factbook/factbook-ont#Estimate'/>
    <NS0:year>2001</NS0:year>
  </rdf:Description>
  <rdf:Description rdf:about='#A28736'>
    <rdf:type rdf:resource='http://www.daml.org/2001/12/factbook/factbook-ont#Estimate'/>
    <NS0:year>2001</NS0:year>
  </rdf:Description>
  <rdf:Description rdf:about='#A28306'>
    <rdf:type rdf:resource='http://www.daml.org/2001/12/factbook/factbook-ont#CapitalCity'/>
    <NS0:name>Santo Domingo</NS0:name>
  </rdf:Description>
  <rdf:Description rdf:about='#A28685'>
    <rdf:type rdf:resource='http://www.daml.org/2001/12/factbook/factbook-ont#AirportBreakdown'/>
    <NS0:paved>true</NS0:paved>
    <NS0:minRunway>2438</NS0:minRunway>
    <NS0:maxRunway>3047</NS0:maxRunway>
    <NS0:count>2</NS0:count>
  </rdf:Description>
  <rdf:Description rdf:about='#A28679'>
    <rdf:type rdf:resource='http://www.daml.org/2001/12/factbook/factbook-ont#AirportBreakdown'/>
    <NS0:paved>true</NS0:paved>
    <NS0:minRunway>3048</NS0:minRunway>
    <NS0:count>3</NS0:count>
  </rdf:Description>
  <rdf:Description rdf:about='#A28527'>
    <rdf:type rdf:resource='http://www.daml.org/2001/12/factbook/factbook-ont#Estimate'/>
    <NS0:year>1999</NS0:year>
  </rdf:Description>
  <rdf:Description rdf:about='#A28291'>
    <rdf:type rdf:resource='http://www.daml.org/2001/12/factbook/factbook-ont#LanguagePercent'/>
    <NS0:language rdf:resource='http://www.daml.org/2001/12/factbook/languages#Spanish'/>
  </rdf:Description>
  <rdf:Description rdf:about='#A28672'>
    <rdf:type rdf:resource='http://www.daml.org/2001/12/factbook/factbook-ont#Port'/>
    <NS0:name>Santo Domingo</NS0:name>
  </rdf:Description>
  <rdf:Description rdf:about='#A28286'>
    <rdf:type rdf:resource='http://www.daml.org/2001/12/factbook/factbook-ont#ReligionPercent'/>
    <NS0:religion rdf:resource='http://www.daml.org/2001/12/factbook/religions#Roman_Catholic'/>
    <NS0:percent>95</NS0:percent>
  </rdf:Description>
  <rdf:Description rdf:about='#A28668'>
    <rdf:type rdf:resource='http://www.daml.org/2001/12/factbook/factbook-ont#Port'/>
    <NS0:name>San Pedro de Macoris</NS0:name>
  </rdf:Description>
  <rdf:Description rdf:about='#A28549'>
    <NS0:year>1999</NS0:year>
  </rdf:Description>
  <rdf:Description rdf:about='#A28664'>
    <rdf:type rdf:resource='http://www.daml.org/2001/12/factbook/factbook-ont#Port'/>
    <NS0:name>Puerto Plata</NS0:name>
  </rdf:Description>
  <rdf:Description rdf:about='#A28281'>
    <rdf:type rdf:resource='http://www.daml.org/2001/12/factbook/factbook-ont#EthnicGroupPercent'/>
    <NS0:ethnicGroup rdf:resource='http://www.daml.org/2001/12/factbook/ethnicGroups#mixed'/>
    <NS0:percent>73</NS0:percent>
  </rdf:Description>
  <rdf:Description rdf:about='#A28498'>
    <rdf:type rdf:resource='http://www.daml.org/2001/12/factbook/factbook-ont#Estimate'/>
    <NS0:year>1999</NS0:year>
  </rdf:Description>
  <rdf:Description rdf:about='#A28660'>
    <rdf:type rdf:resource='http://www.daml.org/2001/12/factbook/factbook-ont#Port'/>
    <NS0:name>La Romana</NS0:name>
  </rdf:Description>
  <rdf:Description rdf:about='#A28298'>
    <rdf:type rdf:resource='http://www.daml.org/2001/12/factbook/factbook-ont#Estimate'/>
    <NS0:year>1995</NS0:year>
  </rdf:Description>
  <rdf:Description rdf:about='#A28276'>
    <rdf:type rdf:resource='http://www.daml.org/2001/12/factbook/factbook-ont#EthnicGroupPercent'/>
    <NS0:ethnicGroup rdf:resource='http://www.daml.org/2001/12/factbook/ethnicGroups#black'/>
    <NS0:percent>11</NS0:percent>
  </rdf:Description>
  <rdf:Description rdf:about='#A28656'>
    <rdf:type rdf:resource='http://www.daml.org/2001/12/factbook/factbook-ont#Port'/>
    <NS0:name>Barahona</NS0:name>
  </rdf:Description>
  <rdf:Description rdf:about='#A28744'>
    <NS0:note>FY98</NS0:note>
  </rdf:Description>
  <rdf:Description rdf:about='#A28271'>
    <rdf:type rdf:resource='http://www.daml.org/2001/12/factbook/factbook-ont#EthnicGroupPercent'/>
    <NS0:ethnicGroup rdf:resource='http://www.daml.org/2001/12/factbook/ethnicGroups#white'/>
    <NS0:percent>16</NS0:percent>
  </rdf:Description>
</rdf:RDF>
