<?xml version='1.0' encoding='ISO-8859-1'?>
<rdf:RDF
  xmlns:rdf='http://www.w3.org/1999/02/22-rdf-syntax-ns#'
  xmlns:NS0='http://www.daml.org/2001/12/factbook/factbook-ont#'
  xmlns:rdfs='http://www.w3.org/2000/01/rdf-schema#'
  xml:base="http://www.daml.org/2001/12/factbook/ec">
  <rdf:Description rdf:about='#A28896'>
    <NS0:note>official</NS0:note>
  </rdf:Description>
  <rdf:Description rdf:about='#A122621'>
    <rdf:type rdf:resource='http://www.daml.org/2001/12/factbook/factbook-ont#CountryPercent'/>
    <NS0:country rdf:resource='http://www.daml.org/2001/09/countries/fips#CO'/>
    <NS0:percent>13</NS0:percent>
  </rdf:Description>
  <rdf:Description rdf:about='#A28836'>
    <rdf:type rdf:resource='http://www.daml.org/2001/12/factbook/factbook-ont#SexRatioBreakdown'/>
    <NS0:minAge>0</NS0:minAge>
    <NS0:maxAge>14</NS0:maxAge>
    <NS0:ratio>1.03</NS0:ratio>
  </rdf:Description>
  <rdf:Description rdf:about='#A122616'>
    <rdf:type rdf:resource='http://www.daml.org/2001/12/factbook/factbook-ont#CountryPercent'/>
    <NS0:country rdf:resource='http://www.daml.org/2001/09/countries/fips#US'/>
    <NS0:percent>30</NS0:percent>
  </rdf:Description>
  <rdf:Description rdf:about='#A28830'>
    <rdf:type rdf:resource='http://www.daml.org/2001/12/factbook/factbook-ont#SexRatioBreakdown'/>
    <NS0:minAge>0</NS0:minAge>
    <NS0:maxAge>0</NS0:maxAge>
    <NS0:ratio>1.05</NS0:ratio>
  </rdf:Description>
  <rdf:Description rdf:about='#A122610'>
    <rdf:type rdf:resource='http://www.daml.org/2001/12/factbook/factbook-ont#CountryPercent'/>
    <NS0:country rdf:resource='http://www.daml.org/2001/09/countries/fips#PE'/>
    <NS0:percent>4</NS0:percent>
  </rdf:Description>
  <rdf:Description rdf:about='#A29209'>
    <NS0:year>1997</NS0:year>
  </rdf:Description>
  <rdf:Description rdf:about='#A122605'>
    <rdf:type rdf:resource='http://www.daml.org/2001/12/factbook/factbook-ont#CountryPercent'/>
    <NS0:country rdf:resource='http://www.daml.org/2001/09/countries/fips#CI'/>
    <NS0:percent>5</NS0:percent>
  </rdf:Description>
  <rdf:Description rdf:about='#A28821'>
    <rdf:type rdf:resource='http://www.daml.org/2001/12/factbook/factbook-ont#Estimate'/>
    <NS0:year>2001</NS0:year>
  </rdf:Description>
  <rdf:Description rdf:about='#A122600'>
    <rdf:type rdf:resource='http://www.daml.org/2001/12/factbook/factbook-ont#CountryPercent'/>
    <NS0:country rdf:resource='http://www.daml.org/2001/09/countries/fips#IT'/>
    <NS0:percent>5</NS0:percent>
  </rdf:Description>
  <rdf:Description rdf:about='#Province'>
    <rdf:type rdf:resource='http://www.w3.org/2000/01/rdf-schema#Class'/>
    <rdfs:subClassOf rdf:resource='http://www.daml.org/2001/12/factbook/factbook-ont#AdministrativeDivision'/>
    <rdfs:label>Province</rdfs:label>
  </rdf:Description>
  <rdf:Description rdf:about='#A29207'>
    <NS0:year>1997</NS0:year>
  </rdf:Description>
  <rdf:Description rdf:about='#A122595'>
    <rdf:type rdf:resource='http://www.daml.org/2001/12/factbook/factbook-ont#CountryPercent'/>
    <NS0:country rdf:resource='http://www.daml.org/2001/09/countries/fips#CO'/>
    <NS0:percent>5</NS0:percent>
  </rdf:Description>
  <rdf:Description rdf:about='#A29005'>
    <rdf:type rdf:resource='#Province'/>
    <NS0:name>Zamora-Chinchipe</NS0:name>
  </rdf:Description>
  <rdf:Description rdf:about='#A29303'>
    <rdf:type rdf:resource='http://www.daml.org/2001/12/factbook/factbook-ont#Estimate'/>
    <NS0:year>2001</NS0:year>
  </rdf:Description>
  <rdf:Description rdf:about='#A29001'>
    <rdf:type rdf:resource='#Province'/>
    <NS0:name>Tungurahua</NS0:name>
  </rdf:Description>
  <rdf:Description rdf:about='#A29247'>
    <rdf:type rdf:resource='http://www.daml.org/2001/12/factbook/factbook-ont#Estimate'/>
    <NS0:year>2000</NS0:year>
  </rdf:Description>
  <rdf:Description rdf:about='#A122590'>
    <rdf:type rdf:resource='http://www.daml.org/2001/12/factbook/factbook-ont#CountryPercent'/>
    <NS0:country rdf:resource='http://www.daml.org/2001/09/countries/fips#US'/>
    <NS0:percent>37</NS0:percent>
  </rdf:Description>
  <rdf:Description rdf:about='#A29080'>
    <NS0:year>1995</NS0:year>
  </rdf:Description>
  <rdf:Description rdf:about='#A28862'>
    <rdf:type rdf:resource='http://www.daml.org/2001/12/factbook/factbook-ont#Estimate'/>
    <NS0:year>2001</NS0:year>
  </rdf:Description>
  <rdf:Description rdf:about='#A29117'>
    <NS0:year>1999</NS0:year>
  </rdf:Description>
  <rdf:Description rdf:about='#A29189'>
    <rdf:type rdf:resource='http://www.daml.org/2001/12/factbook/factbook-ont#CommodityPercent'/>
    <NS0:importsCommodity rdf:resource='http://www.daml.org/2001/12/factbook/commodities#fuels;_consumer_goods'/>
  </rdf:Description>
  <rdf:Description rdf:about='#A28997'>
    <rdf:type rdf:resource='#Province'/>
    <NS0:name>Sucumbios</NS0:name>
  </rdf:Description>
  <rdf:Description rdf:about='#A122585'>
    <rdf:type rdf:resource='http://www.daml.org/2001/12/factbook/factbook-ont#Border'/>
    <NS0:country rdf:resource='http://www.daml.org/2001/09/countries/fips#PE'/>
    <NS0:distance>1420</NS0:distance>
  </rdf:Description>
  <rdf:Description rdf:about='#A29185'>
    <rdf:type rdf:resource='http://www.daml.org/2001/12/factbook/factbook-ont#CommodityPercent'/>
    <NS0:importsCommodity rdf:resource='http://www.daml.org/2001/12/factbook/commodities#raw_materials'/>
  </rdf:Description>
  <rdf:Description rdf:about='#A28993'>
    <rdf:type rdf:resource='#Province'/>
    <NS0:name>Pichincha</NS0:name>
  </rdf:Description>
  <rdf:Description rdf:about='#A29200'>
    <NS0:year>1997</NS0:year>
  </rdf:Description>
  <rdf:Description rdf:about='#A29181'>
    <rdf:type rdf:resource='http://www.daml.org/2001/12/factbook/factbook-ont#CommodityPercent'/>
    <NS0:importsCommodity rdf:resource='http://www.daml.org/2001/12/factbook/commodities#machinery_and_equipment'/>
  </rdf:Description>
  <rdf:Description rdf:about='#A122580'>
    <rdf:type rdf:resource='http://www.daml.org/2001/12/factbook/factbook-ont#Border'/>
    <NS0:country rdf:resource='http://www.daml.org/2001/09/countries/fips#CO'/>
    <NS0:distance>590</NS0:distance>
  </rdf:Description>
  <rdf:Description rdf:about='#A28859'>
    <rdf:type rdf:resource='http://www.daml.org/2001/12/factbook/factbook-ont#Estimate'/>
    <NS0:year>2001</NS0:year>
  </rdf:Description>
  <rdf:Description rdf:about='#A29126'>
    <NS0:year>1999</NS0:year>
  </rdf:Description>
  <rdf:Description rdf:about='#A28989'>
    <rdf:type rdf:resource='#Province'/>
    <NS0:name>Pastaza</NS0:name>
  </rdf:Description>
  <rdf:Description rdf:about='#A29124'>
    <NS0:year>1999</NS0:year>
  </rdf:Description>
  <rdf:Description rdf:about='#A28787'>
    <rdf:type rdf:resource='http://www.daml.org/2001/12/factbook/factbook-ont#Estimate'/>
    <NS0:year>1993</NS0:year>
  </rdf:Description>
  <rdf:Description rdf:about='#A29202'>
    <NS0:year>1997</NS0:year>
  </rdf:Description>
  <rdf:Description rdf:about='#A28985'>
    <rdf:type rdf:resource='#Province'/>
    <NS0:name>Orellana</NS0:name>
  </rdf:Description>
  <rdf:Description rdf:about='#A29174'>
    <rdf:type rdf:resource='http://www.daml.org/2001/12/factbook/factbook-ont#CommodityPercent'/>
    <NS0:exportsCommodity rdf:resource='http://www.daml.org/2001/12/factbook/commodities#fish'/>
  </rdf:Description>
  <rdf:Description rdf:about='#A122645'>
    <NS0:note>1998</NS0:note>
  </rdf:Description>
  <rdf:Description rdf:about='#A28981'>
    <rdf:type rdf:resource='#Province'/>
    <NS0:name>Napo</NS0:name>
  </rdf:Description>
  <rdf:Description rdf:about='#A28871'>
    <NS0:note>mixed Amerindian and white</NS0:note>
  </rdf:Description>
  <rdf:Description rdf:about='#A29170'>
    <rdf:type rdf:resource='http://www.daml.org/2001/12/factbook/factbook-ont#CommodityPercent'/>
    <NS0:exportsCommodity rdf:resource='http://www.daml.org/2001/12/factbook/commodities#cut_flowers'/>
  </rdf:Description>
  <rdf:Description rdf:about='#A29073'>
    <rdf:type rdf:resource='http://www.daml.org/2001/12/factbook/factbook-ont#Estimate'/>
    <NS0:year>1999</NS0:year>
  </rdf:Description>
  <rdf:Description rdf:about='#A28977'>
    <rdf:type rdf:resource='#Province'/>
    <NS0:name>Morona-Santiago</NS0:name>
  </rdf:Description>
  <rdf:Description rdf:about='#A28827'>
    <rdf:type rdf:resource='http://www.daml.org/2001/12/factbook/factbook-ont#Estimate'/>
    <NS0:year>2001</NS0:year>
  </rdf:Description>
  <rdf:Description rdf:about='#A29166'>
    <rdf:type rdf:resource='http://www.daml.org/2001/12/factbook/factbook-ont#CommodityPercent'/>
    <NS0:exportsCommodity rdf:resource='http://www.daml.org/2001/12/factbook/commodities#cocoa'/>
  </rdf:Description>
  <rdf:Description rdf:about='#A28973'>
    <rdf:type rdf:resource='#Province'/>
    <NS0:name>Manabi</NS0:name>
  </rdf:Description>
  <rdf:Description rdf:about='#A29162'>
    <rdf:type rdf:resource='http://www.daml.org/2001/12/factbook/factbook-ont#CommodityPercent'/>
    <NS0:exportsCommodity rdf:resource='http://www.daml.org/2001/12/factbook/commodities#coffee'/>
  </rdf:Description>
  <rdf:Description rdf:about='#A28969'>
    <rdf:type rdf:resource='#Province'/>
    <NS0:name>Los Rios</NS0:name>
  </rdf:Description>
  <rdf:Description rdf:about='#A29158'>
    <rdf:type rdf:resource='http://www.daml.org/2001/12/factbook/factbook-ont#CommodityPercent'/>
    <NS0:exportsCommodity rdf:resource='http://www.daml.org/2001/12/factbook/commodities#shrimp'/>
  </rdf:Description>
  <rdf:Description rdf:about='#A28856'>
    <rdf:type rdf:resource='http://www.daml.org/2001/12/factbook/factbook-ont#Estimate'/>
    <NS0:year>2001</NS0:year>
  </rdf:Description>
  <rdf:Description rdf:about='#A28965'>
    <rdf:type rdf:resource='#Province'/>
    <NS0:name>Loja</NS0:name>
  </rdf:Description>
  <rdf:Description rdf:about='#A28774'>
    <rdf:type rdf:resource='http://www.daml.org/2001/12/factbook/factbook-ont#ElevationExtreme'/>
    <NS0:name>Chimborazo</NS0:name>
    <NS0:elevation>6267</NS0:elevation>
  </rdf:Description>
  <rdf:Description rdf:about='#A28906'>
    <rdf:type rdf:resource='http://www.daml.org/2001/12/factbook/factbook-ont#Estimate'/>
    <NS0:year>1995</NS0:year>
  </rdf:Description>
  <rdf:Description rdf:about='#A29154'>
    <rdf:type rdf:resource='http://www.daml.org/2001/12/factbook/factbook-ont#CommodityPercent'/>
    <NS0:exportsCommodity rdf:resource='http://www.daml.org/2001/12/factbook/commodities#bananas'/>
  </rdf:Description>
  <rdf:Description rdf:about='#A28961'>
    <rdf:type rdf:resource='#Province'/>
    <NS0:name>Imbabura</NS0:name>
  </rdf:Description>
  <rdf:Description rdf:about='#A28769'>
    <rdf:type rdf:resource='http://www.daml.org/2001/12/factbook/factbook-ont#ElevationExtreme'/>
    <NS0:name>Pacific Ocean</NS0:name>
    <NS0:elevation>0</NS0:elevation>
  </rdf:Description>
  <rdf:Description rdf:about='#A29150'>
    <rdf:type rdf:resource='http://www.daml.org/2001/12/factbook/factbook-ont#CommodityPercent'/>
    <NS0:exportsCommodity rdf:resource='http://www.daml.org/2001/12/factbook/commodities#petroleum'/>
  </rdf:Description>
  <rdf:Description rdf:about='#A28957'>
    <rdf:type rdf:resource='#Province'/>
    <NS0:name>Guayas</NS0:name>
  </rdf:Description>
  <rdf:Description rdf:about='#A29212'>
    <NS0:year>2000</NS0:year>
  </rdf:Description>
  <rdf:Description rdf:about='#A29195'>
    <NS0:year>1995</NS0:year>
  </rdf:Description>
  <rdf:Description rdf:about='#A28953'>
    <rdf:type rdf:resource='#Province'/>
    <NS0:name>Galapagos</NS0:name>
  </rdf:Description>
  <rdf:Description rdf:about='#A29122'>
    <NS0:year>1999</NS0:year>
  </rdf:Description>
  <rdf:Description rdf:about='#A28949'>
    <rdf:type rdf:resource='#Province'/>
    <NS0:name>Esmeraldas</NS0:name>
  </rdf:Description>
  <rdf:Description rdf:about='#A28945'>
    <rdf:type rdf:resource='#Province'/>
    <NS0:name>El Oro</NS0:name>
  </rdf:Description>
  <rdf:Description rdf:about='#A28754'>
    <rdf:type rdf:resource='http://www.daml.org/2001/12/factbook/factbook-ont#LatLon'/>
    <NS0:latitude>-2.0</NS0:latitude>
    <NS0:longitude>-77.5</NS0:longitude>
  </rdf:Description>
  <rdf:Description rdf:about='#A29193'>
    <NS0:year>1999</NS0:year>
  </rdf:Description>
  <rdf:Description rdf:about='#A29062'>
    <rdf:type rdf:resource='http://www.daml.org/2001/12/factbook/factbook-ont#Estimate'/>
    <NS0:year>2000</NS0:year>
  </rdf:Description>
  <rdf:Description rdf:about='#A28941'>
    <rdf:type rdf:resource='#Province'/>
    <NS0:name>Cotopaxi</NS0:name>
  </rdf:Description>
  <rdf:Description rdf:about='#A28937'>
    <rdf:type rdf:resource='#Province'/>
    <NS0:name>Chimborazo</NS0:name>
  </rdf:Description>
  <rdf:Description rdf:about='#A29065'>
    <rdf:type rdf:resource='http://www.daml.org/2001/12/factbook/factbook-ont#Estimate'/>
    <NS0:year>2000</NS0:year>
  </rdf:Description>
  <rdf:Description rdf:about='#A122614'>
    <NS0:note>1999</NS0:note>
  </rdf:Description>
  <rdf:Description rdf:about='#A28933'>
    <rdf:type rdf:resource='#Province'/>
    <NS0:name>Carchi</NS0:name>
  </rdf:Description>
  <rdf:Description rdf:about='#A28929'>
    <rdf:type rdf:resource='#Province'/>
    <NS0:name>Canar</NS0:name>
  </rdf:Description>
  <rdf:Description rdf:about='#A29296'>
    <rdf:type rdf:resource='http://www.daml.org/2001/12/factbook/factbook-ont#Estimate'/>
    <NS0:year>2000</NS0:year>
  </rdf:Description>
  <rdf:Description rdf:about='#A28925'>
    <rdf:type rdf:resource='#Province'/>
    <NS0:name>Bolivar</NS0:name>
  </rdf:Description>
  <rdf:Description rdf:about='#A28824'>
    <rdf:type rdf:resource='http://www.daml.org/2001/12/factbook/factbook-ont#Estimate'/>
    <NS0:year>2001</NS0:year>
  </rdf:Description>
  <rdf:Description rdf:about='#A28921'>
    <rdf:type rdf:resource='#Province'/>
    <NS0:name>Azuay</NS0:name>
  </rdf:Description>
  <rdf:Description rdf:about='#A29178'>
    <rdf:type rdf:resource='http://www.daml.org/2001/12/factbook/factbook-ont#Estimate'/>
    <NS0:note>f.o.b., 2000</NS0:note>
  </rdf:Description>
  <rdf:Description rdf:about='#A29309'>
    <NS0:note>FY98</NS0:note>
  </rdf:Description>
  <rdf:Description rdf:about='#A28914'>
    <rdf:type rdf:resource='http://www.daml.org/2001/12/factbook/factbook-ont#CapitalCity'/>
    <NS0:name>Quito</NS0:name>
  </rdf:Description>
  <rdf:Description rdf:about='#A29114'>
    <rdf:type rdf:resource='http://www.daml.org/2001/12/factbook/factbook-ont#Estimate'/>
    <NS0:year>1997</NS0:year>
  </rdf:Description>
  <rdf:Description rdf:about='#A29290'>
    <rdf:type rdf:resource='http://www.daml.org/2001/12/factbook/factbook-ont#AirportBreakdown'/>
    <NS0:paved>false</NS0:paved>
    <NS0:maxRunway>913</NS0:maxRunway>
    <NS0:count>89 (2000 est.)</NS0:count>
  </rdf:Description>
  <rdf:Description rdf:about='#A29147'>
    <rdf:type rdf:resource='http://www.daml.org/2001/12/factbook/factbook-ont#Estimate'/>
    <NS0:note>f.o.b., 2000</NS0:note>
  </rdf:Description>
  <rdf:Description rdf:about='#A29096'>
    <rdf:type rdf:resource='http://www.daml.org/2001/12/factbook/factbook-ont#OccupationPercent'/>
    <NS0:occupation rdf:resource='http://www.daml.org/2001/12/factbook/occupations#services'/>
    <NS0:percent>45</NS0:percent>
  </rdf:Description>
  <rdf:Description rdf:about='#A29283'>
    <rdf:type rdf:resource='http://www.daml.org/2001/12/factbook/factbook-ont#AirportBreakdown'/>
    <NS0:paved>false</NS0:paved>
    <NS0:minRunway>914</NS0:minRunway>
    <NS0:maxRunway>1523</NS0:maxRunway>
    <NS0:count>32</NS0:count>
  </rdf:Description>
  <rdf:Description rdf:about='#A29091'>
    <rdf:type rdf:resource='http://www.daml.org/2001/12/factbook/factbook-ont#OccupationPercent'/>
    <NS0:occupation rdf:resource='http://www.daml.org/2001/12/factbook/occupations#industry'/>
    <NS0:percent>25</NS0:percent>
  </rdf:Description>
  <rdf:Description rdf:about='#A28898'>
    <rdf:type rdf:resource='http://www.daml.org/2001/12/factbook/factbook-ont#LanguagePercent'/>
    <NS0:language rdf:resource='http://www.daml.org/2001/12/factbook/languages#Amerindian_languages'/>
  </rdf:Description>
  <rdf:Description rdf:about='#A28790'>
    <rdf:type rdf:resource='http://www.daml.org/2001/12/factbook/factbook-ont#Estimate'/>
    <NS0:year>1993</NS0:year>
  </rdf:Description>
  <rdf:Description rdf:about='#A29086'>
    <rdf:type rdf:resource='http://www.daml.org/2001/12/factbook/factbook-ont#OccupationPercent'/>
    <NS0:occupation rdf:resource='http://www.daml.org/2001/12/factbook/occupations#agriculture'/>
    <NS0:percent>30</NS0:percent>
  </rdf:Description>
  <rdf:Description rdf:about='#A29277'>
    <rdf:type rdf:resource='http://www.daml.org/2001/12/factbook/factbook-ont#AirportBreakdown'/>
    <NS0:paved>true</NS0:paved>
    <NS0:maxRunway>913</NS0:maxRunway>
    <NS0:count>19 (2000 est.)</NS0:count>
  </rdf:Description>
  <rdf:Description rdf:about='#A28815'>
    <rdf:type rdf:resource='http://www.daml.org/2001/12/factbook/factbook-ont#Estimate'/>
    <NS0:note>July 2001</NS0:note>
  </rdf:Description>
  <rdf:Description rdf:about='#A29082'>
    <rdf:type rdf:resource='http://www.daml.org/2001/12/factbook/factbook-ont#Estimate'/>
    <NS0:year>2000</NS0:year>
  </rdf:Description>
  <rdf:Description rdf:about='#A28893'>
    <rdf:type rdf:resource='http://www.daml.org/2001/12/factbook/factbook-ont#LanguagePercent'/>
    <NS0:language rdf:resource='http://www.daml.org/2001/12/factbook/languages#Spanish'/>
  </rdf:Description>
  <rdf:Description rdf:about='#A28888'>
    <rdf:type rdf:resource='http://www.daml.org/2001/12/factbook/factbook-ont#ReligionPercent'/>
    <NS0:religion rdf:resource='http://www.daml.org/2001/12/factbook/religions#Roman_Catholic'/>
    <NS0:percent>95</NS0:percent>
  </rdf:Description>
  <rdf:Description rdf:about='#A29270'>
    <rdf:type rdf:resource='http://www.daml.org/2001/12/factbook/factbook-ont#AirportBreakdown'/>
    <NS0:paved>true</NS0:paved>
    <NS0:minRunway>914</NS0:minRunway>
    <NS0:maxRunway>1523</NS0:maxRunway>
    <NS0:count>15</NS0:count>
  </rdf:Description>
  <rdf:Description rdf:about='#A28883'>
    <rdf:type rdf:resource='http://www.daml.org/2001/12/factbook/factbook-ont#EthnicGroupPercent'/>
    <NS0:ethnicGroup rdf:resource='http://www.daml.org/2001/12/factbook/ethnicGroups#black'/>
    <NS0:percent>3</NS0:percent>
  </rdf:Description>
  <rdf:Description rdf:about='#A29214'>
    <NS0:year>2000</NS0:year>
  </rdf:Description>
  <rdf:Description rdf:about='#A29263'>
    <rdf:type rdf:resource='http://www.daml.org/2001/12/factbook/factbook-ont#AirportBreakdown'/>
    <NS0:paved>true</NS0:paved>
    <NS0:minRunway>1524</NS0:minRunway>
    <NS0:maxRunway>2437</NS0:maxRunway>
    <NS0:count>18</NS0:count>
  </rdf:Description>
  <rdf:Description rdf:about='#A29306'>
    <rdf:type rdf:resource='http://www.daml.org/2001/12/factbook/factbook-ont#Estimate'/>
    <NS0:year>2001</NS0:year>
  </rdf:Description>
  <rdf:Description rdf:about='#A29100'>
    <rdf:type rdf:resource='http://www.daml.org/2001/12/factbook/factbook-ont#Estimate'/>
    <NS0:year>1999</NS0:year>
  </rdf:Description>
  <rdf:Description rdf:about='#A29128'>
    <NS0:year>1999</NS0:year>
  </rdf:Description>
  <rdf:Description rdf:about='#A28878'>
    <rdf:type rdf:resource='http://www.daml.org/2001/12/factbook/factbook-ont#EthnicGroupPercent'/>
    <NS0:ethnicGroup rdf:resource='http://www.daml.org/2001/12/factbook/ethnicGroups#Spanish_and_others'/>
    <NS0:percent>7</NS0:percent>
  </rdf:Description>
  <rdf:Description rdf:about='#A29256'>
    <rdf:type rdf:resource='http://www.daml.org/2001/12/factbook/factbook-ont#AirportBreakdown'/>
    <NS0:paved>true</NS0:paved>
    <NS0:minRunway>2438</NS0:minRunway>
    <NS0:maxRunway>3047</NS0:maxRunway>
    <NS0:count>5</NS0:count>
  </rdf:Description>
  <rdf:Description rdf:about='#A28873'>
    <rdf:type rdf:resource='http://www.daml.org/2001/12/factbook/factbook-ont#EthnicGroupPercent'/>
    <NS0:ethnicGroup rdf:resource='http://www.daml.org/2001/12/factbook/ethnicGroups#Amerindian'/>
    <NS0:percent>25</NS0:percent>
  </rdf:Description>
  <rdf:Description rdf:about='#A29250'>
    <rdf:type rdf:resource='http://www.daml.org/2001/12/factbook/factbook-ont#AirportBreakdown'/>
    <NS0:paved>true</NS0:paved>
    <NS0:minRunway>3048</NS0:minRunway>
    <NS0:count>2</NS0:count>
  </rdf:Description>
  <rdf:Description rdf:about='#A29300'>
    <rdf:type rdf:resource='http://www.daml.org/2001/12/factbook/factbook-ont#Estimate'/>
    <NS0:year>2001</NS0:year>
  </rdf:Description>
  <rdf:Description rdf:about='#A29219'>
    <rdf:type rdf:resource='http://www.daml.org/2001/12/factbook/factbook-ont#Estimate'/>
    <NS0:year>1999</NS0:year>
  </rdf:Description>
  <rdf:Description rdf:about='#A28867'>
    <rdf:type rdf:resource='http://www.daml.org/2001/12/factbook/factbook-ont#EthnicGroupPercent'/>
    <NS0:ethnicGroup rdf:resource='http://www.daml.org/2001/12/factbook/ethnicGroups#mestizo'/>
    <NS0:percent>65</NS0:percent>
  </rdf:Description>
  <rdf:Description rdf:about='#A29068'>
    <rdf:type rdf:resource='http://www.daml.org/2001/12/factbook/factbook-ont#Estimate'/>
    <NS0:year>2000</NS0:year>
  </rdf:Description>
  <rdf:Description rdf:about='#A29243'>
    <rdf:type rdf:resource='http://www.daml.org/2001/12/factbook/factbook-ont#Port'/>
    <NS0:name>San Lorenzo</NS0:name>
  </rdf:Description>
  <rdf:Description rdf:about='#A122641'>
    <rdf:type rdf:resource='http://www.daml.org/2001/12/factbook/factbook-ont#CountryPercent'/>
    <NS0:country rdf:resource='http://www.daml.org/2001/09/countries/fips#MX'/>
    <NS0:percent>3</NS0:percent>
  </rdf:Description>
  <rdf:Description rdf:about='#A29239'>
    <rdf:type rdf:resource='http://www.daml.org/2001/12/factbook/factbook-ont#Port'/>
    <NS0:name>Puerto Bolivar</NS0:name>
  </rdf:Description>
  <rdf:Description rdf:about='#A122636'>
    <rdf:type rdf:resource='http://www.daml.org/2001/12/factbook/factbook-ont#CountryPercent'/>
    <NS0:country rdf:resource='http://www.daml.org/2001/09/countries/fips#VE'/>
    <NS0:percent>6</NS0:percent>
  </rdf:Description>
  <rdf:Description rdf:about='#A28818'>
    <rdf:type rdf:resource='http://www.daml.org/2001/12/factbook/factbook-ont#Estimate'/>
    <NS0:year>2001</NS0:year>
  </rdf:Description>
  <rdf:Description rdf:about='#A29235'>
    <rdf:type rdf:resource='http://www.daml.org/2001/12/factbook/factbook-ont#Port'/>
    <NS0:name>Manta</NS0:name>
  </rdf:Description>
  <rdf:Description rdf:about='#A28853'>
    <rdf:type rdf:resource='http://www.daml.org/2001/12/factbook/factbook-ont#SexRatioBreakdown'/>
    <NS0:ratio>0.99</NS0:ratio>
  </rdf:Description>
  <rdf:Description rdf:about='#A122631'>
    <rdf:type rdf:resource='http://www.daml.org/2001/12/factbook/factbook-ont#CountryPercent'/>
    <NS0:country rdf:resource='http://www.daml.org/2001/09/countries/fips#JA'/>
    <NS0:percent>5</NS0:percent>
  </rdf:Description>
  <rdf:Description rdf:about='#A29231'>
    <rdf:type rdf:resource='http://www.daml.org/2001/12/factbook/factbook-ont#Port'/>
    <NS0:name>La Libertad</NS0:name>
  </rdf:Description>
  <rdf:Description rdf:about='#A28848'>
    <rdf:type rdf:resource='http://www.daml.org/2001/12/factbook/factbook-ont#SexRatioBreakdown'/>
    <NS0:minAge>65</NS0:minAge>
    <NS0:ratio>0.87</NS0:ratio>
  </rdf:Description>
  <rdf:Description rdf:about='#A29311'>
    <NS0:note>FY98</NS0:note>
  </rdf:Description>
  <rdf:Description rdf:about='#A29076'>
    <rdf:type rdf:resource='http://www.daml.org/2001/12/factbook/factbook-ont#Estimate'/>
    <NS0:year>1999</NS0:year>
  </rdf:Description>
  <rdf:Description rdf:about='#A29227'>
    <rdf:type rdf:resource='http://www.daml.org/2001/12/factbook/factbook-ont#Port'/>
    <NS0:name>Guayaquil</NS0:name>
  </rdf:Description>
  <rdf:Description rdf:about='#A28901'>
    <NS0:note>especially Quechua</NS0:note>
  </rdf:Description>
  <rdf:Description rdf:about='#A122626'>
    <rdf:type rdf:resource='http://www.daml.org/2001/12/factbook/factbook-ont#CountryPercent'/>
    <NS0:country rdf:resource='http://www.daml.org/2001/09/countries/fips#VE'/>
    <NS0:percent>6</NS0:percent>
  </rdf:Description>
  <rdf:Description rdf:about='#A28842'>
    <rdf:type rdf:resource='http://www.daml.org/2001/12/factbook/factbook-ont#SexRatioBreakdown'/>
    <NS0:minAge>15</NS0:minAge>
    <NS0:maxAge>64</NS0:maxAge>
    <NS0:ratio>0.98</NS0:ratio>
  </rdf:Description>
  <rdf:Description rdf:about='#A29223'>
    <rdf:type rdf:resource='http://www.daml.org/2001/12/factbook/factbook-ont#Port'/>
    <NS0:name>Esmeraldas</NS0:name>
  </rdf:Description>
  <rdf:Description rdf:about='http://www.daml.org/2001/09/countries/fips#EC'>
    <NS0:background>The &quot;Republic of the Equator&quot; was one of three countries that emerged from the collapse of Gran Colombia in 1830 (the others being Colombia and Venezuela). Between 1904 and 1942, Ecuador lost territories in a series of conflicts with its neighbors. A border war with Peru that flared in 1995 was resolved in 1999.</NS0:background>
    <NS0:location>Western South America, bordering the Pacific Ocean at the Equator, between Colombia and Peru</NS0:location>
    <NS0:geographicCoordinates rdf:resource='#A28754'/>
    <NS0:mapReferences>South America</NS0:mapReferences>
    <NS0:totalArea>283560</NS0:totalArea>
    <NS0:landArea>276840</NS0:landArea>
    <NS0:waterArea>6720</NS0:waterArea>
    <NS0:comparativeArea>slightly smaller than Nevada</NS0:comparativeArea>
    <NS0:landBoundaries>2010</NS0:landBoundaries>
    <NS0:coastline>2237</NS0:coastline>
    <NS0:territorialSea>200</NS0:territorialSea>
    <NS0:climate>tropical along coast, becoming cooler inland at higher elevations; tropical in Amazonian jungle lowlands</NS0:climate>
    <NS0:terrain>coastal plain (costa), inter-Andean central highlands (sierra), and flat to rolling eastern jungle (oriente)</NS0:terrain>
    <NS0:lowestPoint rdf:resource='#A28769'/>
    <NS0:highestPoint rdf:resource='#A28774'/>
    <NS0:naturalResource rdf:resource='http://www.daml.org/2001/12/factbook/naturalResources#petroleum'/>
    <NS0:naturalResource rdf:resource='http://www.daml.org/2001/12/factbook/naturalResources#fish'/>
    <NS0:naturalResource rdf:resource='http://www.daml.org/2001/12/factbook/naturalResources#timber'/>
    <NS0:naturalResource rdf:resource='http://www.daml.org/2001/12/factbook/naturalResources#hydropower'/>
    <NS0:arableLand>6</NS0:arableLand>
    <NS0:permanentCrops>5</NS0:permanentCrops>
    <NS0:permanentPastures>18</NS0:permanentPastures>
    <NS0:forestsAndWoodland>56</NS0:forestsAndWoodland>
    <NS0:otherLandUse rdf:ID='A28787'>15</NS0:otherLandUse>
    <NS0:irrigatedLand rdf:ID='A28790'>5560</NS0:irrigatedLand>
    <NS0:naturalHazard>frequent earthquakes, landslides, volcanic activity</NS0:naturalHazard>
    <NS0:naturalHazard>periodic droughts</NS0:naturalHazard>
    <NS0:environmentalIssue>deforestation</NS0:environmentalIssue>
    <NS0:environmentalIssue>soil erosion</NS0:environmentalIssue>
    <NS0:environmentalIssue>desertification</NS0:environmentalIssue>
    <NS0:environmentalIssue>water pollution</NS0:environmentalIssue>
    <NS0:environmentalIssue>pollution from oil production wastes</NS0:environmentalIssue>
    <NS0:environmentalAgreementPartyTo rdf:resource='http://www.daml.org/2001/12/factbook/environmentalAgreements#Antarctic-Environmental_Protocol'/>
    <NS0:environmentalAgreementPartyTo rdf:resource='http://www.daml.org/2001/12/factbook/environmentalAgreements#Antarctic_Treaty'/>
    <NS0:environmentalAgreementPartyTo rdf:resource='http://www.daml.org/2001/12/factbook/environmentalAgreements#Biodiversity'/>
    <NS0:environmentalAgreementPartyTo rdf:resource='http://www.daml.org/2001/12/factbook/environmentalAgreements#Climate_Change'/>
    <NS0:environmentalAgreementPartyTo rdf:resource='http://www.daml.org/2001/12/factbook/environmentalAgreements#Climate_Change-Kyoto_Protocol'/>
    <NS0:environmentalAgreementPartyTo rdf:resource='http://www.daml.org/2001/12/factbook/environmentalAgreements#Desertification'/>
    <NS0:environmentalAgreementPartyTo rdf:resource='http://www.daml.org/2001/12/factbook/environmentalAgreements#Endangered_Species'/>
    <NS0:environmentalAgreementPartyTo rdf:resource='http://www.daml.org/2001/12/factbook/environmentalAgreements#Hazardous_Wastes'/>
    <NS0:environmentalAgreementPartyTo rdf:resource='http://www.daml.org/2001/12/factbook/environmentalAgreements#Nuclear_Test_Ban'/>
    <NS0:environmentalAgreementPartyTo rdf:resource='http://www.daml.org/2001/12/factbook/environmentalAgreements#Ozone_Layer_Protection'/>
    <NS0:environmentalAgreementPartyTo rdf:resource='http://www.daml.org/2001/12/factbook/environmentalAgreements#Ship_Pollution'/>
    <NS0:environmentalAgreementPartyTo rdf:resource='http://www.daml.org/2001/12/factbook/environmentalAgreements#Tropical_Timber_83'/>
    <NS0:environmentalAgreementPartyTo rdf:resource='http://www.daml.org/2001/12/factbook/environmentalAgreements#Tropical_Timber_94'/>
    <NS0:environmentalAgreementPartyTo rdf:resource='http://www.daml.org/2001/12/factbook/environmentalAgreements#Wetlands'/>
    <NS0:environmentalAgreementSigned rdf:resource='http://www.daml.org/2001/12/factbook/environmentalAgreements#none_of_the_selected_agreements'/>
    <NS0:population rdf:ID='A28815'>13183978</NS0:population>
    <NS0:populationGrowthRate rdf:ID='A28818'>2</NS0:populationGrowthRate>
    <NS0:birthRate rdf:ID='A28821'>25.99</NS0:birthRate>
    <NS0:deathRate rdf:ID='A28824'>5.44</NS0:deathRate>
    <NS0:netMigrationRate rdf:ID='A28827'>-0.55</NS0:netMigrationRate>
    <NS0:sexRatio rdf:resource='#A28830'/>
    <NS0:sexRatio rdf:resource='#A28836'/>
    <NS0:sexRatio rdf:resource='#A28842'/>
    <NS0:sexRatio rdf:resource='#A28848'/>
    <NS0:sexRatio rdf:ID='A28856' rdf:resource='#A28853'/>
    <NS0:infantMortalityRate rdf:ID='A28859'>34.08</NS0:infantMortalityRate>
    <NS0:totalFertilityRate rdf:ID='A28862'>3.12</NS0:totalFertilityRate>
    <NS0:nationalityNoun>Ecuadorian(s)</NS0:nationalityNoun>
    <NS0:nationalityAdjective>Ecuadorian</NS0:nationalityAdjective>
    <NS0:ethnicGroup rdf:ID='A28871' rdf:resource='#A28867'/>
    <NS0:ethnicGroup rdf:resource='#A28873'/>
    <NS0:ethnicGroup rdf:resource='#A28878'/>
    <NS0:ethnicGroup rdf:resource='#A28883'/>
    <NS0:religion rdf:resource='#A28888'/>
    <NS0:language rdf:ID='A28896' rdf:resource='#A28893'/>
    <NS0:language rdf:ID='A28901' rdf:resource='#A28898'/>
    <NS0:literacyDefinition>age 15 and over can read and write</NS0:literacyDefinition>
    <NS0:literacyTotal>90.1</NS0:literacyTotal>
    <NS0:literacyMale>92</NS0:literacyMale>
    <NS0:literacyFemale rdf:ID='A28906'>88.2</NS0:literacyFemale>
    <NS0:conventionalLongCountryName>Republic of Ecuador</NS0:conventionalLongCountryName>
    <NS0:conventionalShortCountryName>Ecuador</NS0:conventionalShortCountryName>
    <NS0:localLongCountryName>Republica del Ecuador</NS0:localLongCountryName>
    <NS0:localShortCountryName>Ecuador</NS0:localShortCountryName>
    <NS0:governmentType rdf:resource='http://www.daml.org/2001/12/factbook/governmentTypes#republic'/>
    <NS0:capital rdf:resource='#A28914'/>
    <NS0:administrativeDivision rdf:resource='#A28921'/>
    <NS0:administrativeDivision rdf:resource='#A28925'/>
    <NS0:administrativeDivision rdf:resource='#A28929'/>
    <NS0:administrativeDivision rdf:resource='#A28933'/>
    <NS0:administrativeDivision rdf:resource='#A28937'/>
    <NS0:administrativeDivision rdf:resource='#A28941'/>
    <NS0:administrativeDivision rdf:resource='#A28945'/>
    <NS0:administrativeDivision rdf:resource='#A28949'/>
    <NS0:administrativeDivision rdf:resource='#A28953'/>
    <NS0:administrativeDivision rdf:resource='#A28957'/>
    <NS0:administrativeDivision rdf:resource='#A28961'/>
    <NS0:administrativeDivision rdf:resource='#A28965'/>
    <NS0:administrativeDivision rdf:resource='#A28969'/>
    <NS0:administrativeDivision rdf:resource='#A28973'/>
    <NS0:administrativeDivision rdf:resource='#A28977'/>
    <NS0:administrativeDivision rdf:resource='#A28981'/>
    <NS0:administrativeDivision rdf:resource='#A28985'/>
    <NS0:administrativeDivision rdf:resource='#A28989'/>
    <NS0:administrativeDivision rdf:resource='#A28993'/>
    <NS0:administrativeDivision rdf:resource='#A28997'/>
    <NS0:administrativeDivision rdf:resource='#A29001'/>
    <NS0:administrativeDivision rdf:resource='#A29005'/>
    <NS0:independence>24 May 1822 (from Spain)</NS0:independence>
    <NS0:constitution>10 August 1998</NS0:constitution>
    <NS0:legalSystem>based on civil law system; has not accepted compulsory ICJ jurisdiction</NS0:legalSystem>
    <NS0:suffrage>18 years of age; universal, compulsory for literate persons ages 18-65, optional for other eligible voters</NS0:suffrage>
    <NS0:participatesIn rdf:resource='http://www.daml.org/2001/12/factbook/internationalOrganizations#CAN'/>
    <NS0:participatesIn rdf:resource='http://www.daml.org/2001/12/factbook/internationalOrganizations#CCC'/>
    <NS0:participatesIn rdf:resource='http://www.daml.org/2001/12/factbook/internationalOrganizations#ECLAC'/>
    <NS0:participatesIn rdf:resource='http://www.daml.org/2001/12/factbook/internationalOrganizations#FAO'/>
    <NS0:participatesIn rdf:resource='http://www.daml.org/2001/12/factbook/internationalOrganizations#G-11'/>
    <NS0:participatesIn rdf:resource='http://www.daml.org/2001/12/factbook/internationalOrganizations#G-77'/>
    <NS0:participatesIn rdf:resource='http://www.daml.org/2001/12/factbook/internationalOrganizations#IADB'/>
    <NS0:participatesIn rdf:resource='http://www.daml.org/2001/12/factbook/internationalOrganizations#IAEA'/>
    <NS0:participatesIn rdf:resource='http://www.daml.org/2001/12/factbook/internationalOrganizations#IBRD'/>
    <NS0:participatesIn rdf:resource='http://www.daml.org/2001/12/factbook/internationalOrganizations#ICAO'/>
    <NS0:participatesIn rdf:resource='http://www.daml.org/2001/12/factbook/internationalOrganizations#ICC'/>
    <NS0:participatesIn rdf:resource='http://www.daml.org/2001/12/factbook/internationalOrganizations#ICFTU'/>
    <NS0:participatesIn rdf:resource='http://www.daml.org/2001/12/factbook/internationalOrganizations#ICRM'/>
    <NS0:participatesIn rdf:resource='http://www.daml.org/2001/12/factbook/internationalOrganizations#IDA'/>
    <NS0:participatesIn rdf:resource='http://www.daml.org/2001/12/factbook/internationalOrganizations#IFAD'/>
    <NS0:participatesIn rdf:resource='http://www.daml.org/2001/12/factbook/internationalOrganizations#IFC'/>
    <NS0:participatesIn rdf:resource='http://www.daml.org/2001/12/factbook/internationalOrganizations#IFRCS'/>
    <NS0:participatesIn rdf:resource='http://www.daml.org/2001/12/factbook/internationalOrganizations#IHO'/>
    <NS0:participatesIn rdf:resource='http://www.daml.org/2001/12/factbook/internationalOrganizations#ILO'/>
    <NS0:participatesIn rdf:resource='http://www.daml.org/2001/12/factbook/internationalOrganizations#IMF'/>
    <NS0:participatesIn rdf:resource='http://www.daml.org/2001/12/factbook/internationalOrganizations#IMO'/>
    <NS0:participatesIn rdf:resource='http://www.daml.org/2001/12/factbook/internationalOrganizations#Intelsat'/>
    <NS0:participatesIn rdf:resource='http://www.daml.org/2001/12/factbook/internationalOrganizations#Interpol'/>
    <NS0:participatesIn rdf:resource='http://www.daml.org/2001/12/factbook/internationalOrganizations#IOC'/>
    <NS0:participatesIn rdf:resource='http://www.daml.org/2001/12/factbook/internationalOrganizations#IOM'/>
    <NS0:participatesIn rdf:resource='http://www.daml.org/2001/12/factbook/internationalOrganizations#ISO'/>
    <NS0:participatesIn rdf:resource='http://www.daml.org/2001/12/factbook/internationalOrganizations#ITU'/>
    <NS0:participatesIn rdf:resource='http://www.daml.org/2001/12/factbook/internationalOrganizations#LAES'/>
    <NS0:participatesIn rdf:resource='http://www.daml.org/2001/12/factbook/internationalOrganizations#LAIA'/>
    <NS0:participatesIn rdf:resource='http://www.daml.org/2001/12/factbook/internationalOrganizations#NAM'/>
    <NS0:participatesIn rdf:resource='http://www.daml.org/2001/12/factbook/internationalOrganizations#OAS'/>
    <NS0:participatesIn rdf:resource='http://www.daml.org/2001/12/factbook/internationalOrganizations#OPANAL'/>
    <NS0:participatesIn rdf:resource='http://www.daml.org/2001/12/factbook/internationalOrganizations#OPCW'/>
    <NS0:participatesIn rdf:resource='http://www.daml.org/2001/12/factbook/internationalOrganizations#PCA'/>
    <NS0:participatesIn rdf:resource='http://www.daml.org/2001/12/factbook/internationalOrganizations#RG'/>
    <NS0:participatesIn rdf:resource='http://www.daml.org/2001/12/factbook/internationalOrganizations#UN'/>
    <NS0:participatesIn rdf:resource='http://www.daml.org/2001/12/factbook/internationalOrganizations#UNCTAD'/>
    <NS0:participatesIn rdf:resource='http://www.daml.org/2001/12/factbook/internationalOrganizations#UNESCO'/>
    <NS0:participatesIn rdf:resource='http://www.daml.org/2001/12/factbook/internationalOrganizations#UNIDO'/>
    <NS0:participatesIn rdf:resource='http://www.daml.org/2001/12/factbook/internationalOrganizations#UPU'/>
    <NS0:participatesIn rdf:resource='http://www.daml.org/2001/12/factbook/internationalOrganizations#WCL'/>
    <NS0:participatesIn rdf:resource='http://www.daml.org/2001/12/factbook/internationalOrganizations#WFTU'/>
    <NS0:participatesIn rdf:resource='http://www.daml.org/2001/12/factbook/internationalOrganizations#WHO'/>
    <NS0:participatesIn rdf:resource='http://www.daml.org/2001/12/factbook/internationalOrganizations#WIPO'/>
    <NS0:participatesIn rdf:resource='http://www.daml.org/2001/12/factbook/internationalOrganizations#WMO'/>
    <NS0:participatesIn rdf:resource='http://www.daml.org/2001/12/factbook/internationalOrganizations#WToO'/>
    <NS0:participatesIn rdf:resource='http://www.daml.org/2001/12/factbook/internationalOrganizations#WTrO'/>
    <NS0:flagDescription>three horizontal bands of yellow (top, double width), blue, and red with the coat of arms superimposed at the center of the flag; similar to the flag of Colombia which is shorter and does not bear a coat of arms</NS0:flagDescription>
    <NS0:economyOverview>Ecuador has substantial oil resources and rich agricultural areas. Because the country exports primary products such as oil, bananas, and shrimp, fluctuations in world market prices can have a substantial domestic impact. Ecuador joined the World Trade Organization in 1996, but has failed to comply with many of its accession commitments. In recent years, growth has been uneven due to ill-conceived fiscal stabilization measures. The aftermath of El Nino and depressed oil market of 1997-98 drove Ecuador&apos;s economy into a free-fall in 1999. The beginning of 1999 saw the banking sector collapse, which helped precipitate an unprecedented default on external loans later that year. Continued economic instability drove a 70% depreciation of the currency throughout 1999, which eventually forced a desperate government to &quot;dollarize&quot; the currency regime in 2000. The move stabilized the currency, but did not stave off the ouster of the government. The new president, Gustavo NOBOA has yet to complete negotiations for a long sought IMF accord. He will find it difficult to push through the reforms necessary to make &quot;dollarization&quot; work in the long run.</NS0:economyOverview>
    <NS0:grossDomesticProduct rdf:ID='A29062'>37200000000</NS0:grossDomesticProduct>
    <NS0:grossDomesticProductRealGrowth rdf:ID='A29065'>0.8</NS0:grossDomesticProductRealGrowth>
    <NS0:grossDomesticProductPerCapita rdf:ID='A29068'>2900</NS0:grossDomesticProductPerCapita>
    <NS0:grossDomesticProductAgriculture>14</NS0:grossDomesticProductAgriculture>
    <NS0:grossDomesticProductIndustry>36</NS0:grossDomesticProductIndustry>
    <NS0:grossDomesticProductServices rdf:ID='A29073'>50</NS0:grossDomesticProductServices>
    <NS0:populationBelowPovertyLine rdf:ID='A29076'>50</NS0:populationBelowPovertyLine>
    <NS0:householdIncomeLowest10Percent>2.2</NS0:householdIncomeLowest10Percent>
    <NS0:householdIncomeHighest10Percent rdf:ID='A29080'>33.8</NS0:householdIncomeHighest10Percent>
    <NS0:inflationRate rdf:ID='A29082'>96</NS0:inflationRate>
    <NS0:laborForce>4200000</NS0:laborForce>
    <NS0:occupation rdf:resource='#A29086'/>
    <NS0:occupation rdf:resource='#A29091'/>
    <NS0:occupation rdf:ID='A29100' rdf:resource='#A29096'/>
    <NS0:budgetExpenditures>5100000000</NS0:budgetExpenditures>
    <NS0:industry rdf:resource='http://www.daml.org/2001/12/factbook/industries#petroleum'/>
    <NS0:industry rdf:resource='http://www.daml.org/2001/12/factbook/industries#food_processing'/>
    <NS0:industry rdf:resource='http://www.daml.org/2001/12/factbook/industries#textiles'/>
    <NS0:industry rdf:resource='http://www.daml.org/2001/12/factbook/industries#metal_work'/>
    <NS0:industry rdf:resource='http://www.daml.org/2001/12/factbook/industries#paper_products'/>
    <NS0:industry rdf:resource='http://www.daml.org/2001/12/factbook/industries#wood_products'/>
    <NS0:industry rdf:resource='http://www.daml.org/2001/12/factbook/industries#chemicals'/>
    <NS0:industry rdf:resource='http://www.daml.org/2001/12/factbook/industries#plastics'/>
    <NS0:industry rdf:resource='http://www.daml.org/2001/12/factbook/industries#fishing'/>
    <NS0:industry rdf:resource='http://www.daml.org/2001/12/factbook/industries#lumber'/>
    <NS0:industrialProductionGrowthRate rdf:ID='A29114'>2.4</NS0:industrialProductionGrowthRate>
    <NS0:electricityProduction rdf:ID='A29117'>10065000000</NS0:electricityProduction>
    <NS0:electricityProductionFossilFuel>29.51</NS0:electricityProductionFossilFuel>
    <NS0:electricityProductionHydro>70.49</NS0:electricityProductionHydro>
    <NS0:electricityProductionNuclear>0</NS0:electricityProductionNuclear>
    <NS0:electricityProductionOther rdf:ID='A29122'>0</NS0:electricityProductionOther>
    <NS0:electricityConsumption rdf:ID='A29124'>9386000000</NS0:electricityConsumption>
    <NS0:electricityExports rdf:ID='A29126'>0</NS0:electricityExports>
    <NS0:electricityImports rdf:ID='A29128'>25000000</NS0:electricityImports>
    <NS0:agricultureProduct rdf:resource='http://www.daml.org/2001/12/factbook/agricultureProducts#bananas'/>
    <NS0:agricultureProduct rdf:resource='http://www.daml.org/2001/12/factbook/agricultureProducts#coffee'/>
    <NS0:agricultureProduct rdf:resource='http://www.daml.org/2001/12/factbook/agricultureProducts#cocoa'/>
    <NS0:agricultureProduct rdf:resource='http://www.daml.org/2001/12/factbook/agricultureProducts#rice'/>
    <NS0:agricultureProduct rdf:resource='http://www.daml.org/2001/12/factbook/agricultureProducts#potatoes'/>
    <NS0:agricultureProduct rdf:resource='http://www.daml.org/2001/12/factbook/agricultureProducts#manioc'/>
    <NS0:agricultureProduct rdf:resource='http://www.daml.org/2001/12/factbook/agricultureProducts#plantains'/>
    <NS0:agricultureProduct rdf:resource='http://www.daml.org/2001/12/factbook/agricultureProducts#sugarcane'/>
    <NS0:agricultureProduct rdf:resource='http://www.daml.org/2001/12/factbook/agricultureProducts#cattle'/>
    <NS0:agricultureProduct rdf:resource='http://www.daml.org/2001/12/factbook/agricultureProducts#sheep'/>
    <NS0:agricultureProduct rdf:resource='http://www.daml.org/2001/12/factbook/agricultureProducts#pigs'/>
    <NS0:agricultureProduct rdf:resource='http://www.daml.org/2001/12/factbook/agricultureProducts#beef'/>
    <NS0:agricultureProduct rdf:resource='http://www.daml.org/2001/12/factbook/agricultureProducts#pork'/>
    <NS0:agricultureProduct rdf:resource='http://www.daml.org/2001/12/factbook/agricultureProducts#dairy_products'/>
    <NS0:agricultureProduct rdf:resource='http://www.daml.org/2001/12/factbook/agricultureProducts#balsa_wood'/>
    <NS0:agricultureProduct rdf:resource='http://www.daml.org/2001/12/factbook/agricultureProducts#fish'/>
    <NS0:agricultureProduct rdf:resource='http://www.daml.org/2001/12/factbook/agricultureProducts#shrimp'/>
    <NS0:exports rdf:ID='A29147'>5600000000</NS0:exports>
    <NS0:exportsCommodity rdf:resource='#A29150'/>
    <NS0:exportsCommodity rdf:resource='#A29154'/>
    <NS0:exportsCommodity rdf:resource='#A29158'/>
    <NS0:exportsCommodity rdf:resource='#A29162'/>
    <NS0:exportsCommodity rdf:resource='#A29166'/>
    <NS0:exportsCommodity rdf:resource='#A29170'/>
    <NS0:exportsCommodity rdf:resource='#A29174'/>
    <NS0:imports rdf:ID='A29178'>3400000000</NS0:imports>
    <NS0:importsCommodity rdf:resource='#A29181'/>
    <NS0:importsCommodity rdf:resource='#A29185'/>
    <NS0:importsCommodity rdf:resource='#A29189'/>
    <NS0:externalDebt rdf:ID='A29193'>15000000000</NS0:externalDebt>
    <NS0:economicAidRecipient rdf:ID='A29195'>695700000</NS0:economicAidRecipient>
    <NS0:currency>US dollar (USD)</NS0:currency>
    <NS0:currencyCode>USD</NS0:currencyCode>
    <NS0:fiscalYear>calendar year</NS0:fiscalYear>
    <NS0:mainTelephoneLines rdf:ID='A29200'>899000</NS0:mainTelephoneLines>
    <NS0:mobileTelephoneLines rdf:ID='A29202'>160061</NS0:mobileTelephoneLines>
    <NS0:telephoneSystemGeneralAssessment>NA</NS0:telephoneSystemGeneralAssessment>
    <NS0:telephoneSystemDomestic>facilities generally inadequate and unreliable</NS0:telephoneSystemDomestic>
    <NS0:telephoneSystemInternational>satellite earth station - 1 Intelsat (Atlantic Ocean)</NS0:telephoneSystemInternational>
    <NS0:radios rdf:ID='A29207'>4150000</NS0:radios>
    <NS0:televisions rdf:ID='A29209'>1550000</NS0:televisions>
    <NS0:internetCountryCode>.ec</NS0:internetCountryCode>
    <NS0:internetServiceProviders rdf:ID='A29212'>13</NS0:internetServiceProviders>
    <NS0:internetUsers rdf:ID='A29214'>20000</NS0:internetUsers>
    <NS0:railwaysTotal>965</NS0:railwaysTotal>
    <NS0:highwaysTotal>43197</NS0:highwaysTotal>
    <NS0:highwaysPaved>8165</NS0:highwaysPaved>
    <NS0:highwaysUnpaved rdf:ID='A29219'>35032</NS0:highwaysUnpaved>
    <NS0:waterways>1500</NS0:waterways>
    <NS0:port rdf:resource='#A29223'/>
    <NS0:port rdf:resource='#A29227'/>
    <NS0:port rdf:resource='#A29231'/>
    <NS0:port rdf:resource='#A29235'/>
    <NS0:port rdf:resource='#A29239'/>
    <NS0:port rdf:resource='#A29243'/>
    <NS0:airports rdf:ID='A29247'>180</NS0:airports>
    <NS0:airportBreakdown rdf:resource='#A29250'/>
    <NS0:airportBreakdown rdf:resource='#A29256'/>
    <NS0:airportBreakdown rdf:resource='#A29263'/>
    <NS0:airportBreakdown rdf:resource='#A29270'/>
    <NS0:airportBreakdown rdf:resource='#A29277'/>
    <NS0:airportBreakdown rdf:resource='#A29283'/>
    <NS0:airportBreakdown rdf:resource='#A29290'/>
    <NS0:heliports rdf:ID='A29296'>1</NS0:heliports>
    <NS0:militaryAge>20</NS0:militaryAge>
    <NS0:malesOfMilitaryAge rdf:ID='A29300'>3382567</NS0:malesOfMilitaryAge>
    <NS0:malesFitForMilitaryService rdf:ID='A29303'>2280899</NS0:malesFitForMilitaryService>
    <NS0:malesReachingMilitaryAgeAnnually rdf:ID='A29306'>132978</NS0:malesReachingMilitaryAgeAnnually>
    <NS0:militaryExpenditures rdf:ID='A29309'>720000000</NS0:militaryExpenditures>
    <NS0:militaryExpendituresPercentGDP rdf:ID='A29311'>3.4</NS0:militaryExpendituresPercentGDP>
    <NS0:internationalDispute>none</NS0:internationalDispute>
    <NS0:illicitDrugs>significant transit country for cocaine and derivatives of coca originating in Colombia and Peru</NS0:illicitDrugs>
    <NS0:illicitDrugs>importer of precursor chemicals used in production of illicit narcotics</NS0:illicitDrugs>
    <NS0:illicitDrugs>important money-laundering hub</NS0:illicitDrugs>
    <NS0:illicitDrugs>increased activity on the northern frontier by trafficking groups and Colombian insurgents</NS0:illicitDrugs>
    <NS0:smallFlag>http://www.cia.gov/cia/publications/factbook/flags/ec-flag.jpg</NS0:smallFlag>
    <NS0:largeFlag>http://www.cia.gov/cia/publications/factbook/flags/ec-lgflag.jpg</NS0:largeFlag>
    <NS0:map>http://www.cia.gov/cia/publications/factbook/maps/ec-map.jpg</NS0:map>
    <NS0:border rdf:resource='#A122580'/>
    <NS0:border rdf:resource='#A122585'/>
    <NS0:exportPartner rdf:resource='#A122590'/>
    <NS0:exportPartner rdf:resource='#A122595'/>
    <NS0:exportPartner rdf:resource='#A122600'/>
    <NS0:exportPartner rdf:resource='#A122605'/>
    <NS0:exportPartner rdf:ID='A122614' rdf:resource='#A122610'/>
    <NS0:importPartner rdf:resource='#A122616'/>
    <NS0:importPartner rdf:resource='#A122621'/>
    <NS0:importPartner rdf:resource='#A122626'/>
    <NS0:importPartner rdf:resource='#A122631'/>
    <NS0:importPartner rdf:resource='#A122636'/>
    <NS0:importPartner rdf:ID='A122645' rdf:resource='#A122641'/>
  </rdf:Description>
</rdf:RDF>
