<?xml version='1.0' encoding='ISO-8859-1'?>
<rdf:RDF
  xmlns:rdf='http://www.w3.org/1999/02/22-rdf-syntax-ns#'
  xmlns:NS0='http://www.daml.org/2001/12/factbook/factbook-ont#'
  xml:base="http://www.daml.org/2001/12/factbook/en">
  <rdf:Description rdf:about='#A31323'>
    <rdf:type rdf:resource='http://www.daml.org/2001/12/factbook/factbook-ont#CommodityPercent'/>
    <NS0:exportsCommodity rdf:resource='http://www.daml.org/2001/12/factbook/commodities#wood_products'/>
    <NS0:percent>20</NS0:percent>
  </rdf:Description>
  <rdf:Description rdf:about='#A31129'>
    <rdf:type rdf:resource='http://www.daml.org/2001/12/factbook/factbook-ont#ReligionPercent'/>
    <NS0:religion rdf:resource='http://www.daml.org/2001/12/factbook/religions#Seventh-Day_Adventist'/>
  </rdf:Description>
  <rdf:Description rdf:about='#A31318'>
    <rdf:type rdf:resource='http://www.daml.org/2001/12/factbook/factbook-ont#CommodityPercent'/>
    <NS0:exportsCommodity rdf:resource='http://www.daml.org/2001/12/factbook/commodities#machinery_and_equipment'/>
    <NS0:percent>24</NS0:percent>
  </rdf:Description>
  <rdf:Description rdf:about='#A31125'>
    <rdf:type rdf:resource='http://www.daml.org/2001/12/factbook/factbook-ont#ReligionPercent'/>
    <NS0:religion rdf:resource='http://www.daml.org/2001/12/factbook/religions#Methodist'/>
  </rdf:Description>
  <rdf:Description rdf:about='#A31073'>
    <rdf:type rdf:resource='http://www.daml.org/2001/12/factbook/factbook-ont#Estimate'/>
    <NS0:year>2001</NS0:year>
  </rdf:Description>
  <rdf:Description rdf:about='#A31121'>
    <rdf:type rdf:resource='http://www.daml.org/2001/12/factbook/factbook-ont#ReligionPercent'/>
    <NS0:religion rdf:resource='http://www.daml.org/2001/12/factbook/religions#Baptist'/>
  </rdf:Description>
  <rdf:Description rdf:about='#A31029'>
    <rdf:type rdf:resource='http://www.daml.org/2001/12/factbook/factbook-ont#Estimate'/>
    <NS0:year>2001</NS0:year>
  </rdf:Description>
  <rdf:Description rdf:about='#A31117'>
    <rdf:type rdf:resource='http://www.daml.org/2001/12/factbook/factbook-ont#ReligionPercent'/>
    <NS0:religion rdf:resource='http://www.daml.org/2001/12/factbook/religions#Estonian_Orthodox'/>
  </rdf:Description>
  <rdf:Description rdf:about='#A31113'>
    <rdf:type rdf:resource='http://www.daml.org/2001/12/factbook/factbook-ont#ReligionPercent'/>
    <NS0:religion rdf:resource='http://www.daml.org/2001/12/factbook/religions#Russian_Orthodox'/>
  </rdf:Description>
  <rdf:Description rdf:about='#A31109'>
    <rdf:type rdf:resource='http://www.daml.org/2001/12/factbook/factbook-ont#ReligionPercent'/>
    <NS0:religion rdf:resource='http://www.daml.org/2001/12/factbook/religions#Evangelical_Lutheran'/>
  </rdf:Description>
  <rdf:Description rdf:about='#A31373'>
    <NS0:year>1999</NS0:year>
  </rdf:Description>
  <rdf:Description rdf:about='#A31316'>
    <NS0:note>f.o.b., 2000</NS0:note>
  </rdf:Description>
  <rdf:Description rdf:about='#A31103'>
    <rdf:type rdf:resource='http://www.daml.org/2001/12/factbook/factbook-ont#EthnicGroupPercent'/>
    <NS0:ethnicGroup rdf:resource='http://www.daml.org/2001/12/factbook/ethnicGroups#other'/>
    <NS0:percent>1.8</NS0:percent>
  </rdf:Description>
  <rdf:Description rdf:about='#A31239'>
    <rdf:type rdf:resource='http://www.daml.org/2001/12/factbook/factbook-ont#Estimate'/>
    <NS0:year>2000</NS0:year>
  </rdf:Description>
  <rdf:Description rdf:about='#A31487'>
    <NS0:note>FY99</NS0:note>
  </rdf:Description>
  <rdf:Description rdf:about='#A122917'>
    <NS0:note>1999</NS0:note>
  </rdf:Description>
  <rdf:Description rdf:about='#A31098'>
    <rdf:type rdf:resource='http://www.daml.org/2001/12/factbook/factbook-ont#EthnicGroupPercent'/>
    <NS0:ethnicGroup rdf:resource='http://www.daml.org/2001/12/factbook/ethnicGroups#Finn'/>
    <NS0:percent>1</NS0:percent>
  </rdf:Description>
  <rdf:Description rdf:about='#A31303'>
    <NS0:year>1999</NS0:year>
  </rdf:Description>
  <rdf:Description rdf:about='#A31255'>
    <rdf:type rdf:resource='http://www.daml.org/2001/12/factbook/factbook-ont#Estimate'/>
    <NS0:year>1999</NS0:year>
  </rdf:Description>
  <rdf:Description rdf:about='#A31093'>
    <rdf:type rdf:resource='http://www.daml.org/2001/12/factbook/factbook-ont#EthnicGroupPercent'/>
    <NS0:ethnicGroup rdf:resource='http://www.daml.org/2001/12/factbook/ethnicGroups#Byelorussian'/>
    <NS0:percent>1.5</NS0:percent>
  </rdf:Description>
  <rdf:Description rdf:about='#A31478'>
    <rdf:type rdf:resource='http://www.daml.org/2001/12/factbook/factbook-ont#Estimate'/>
    <NS0:year>2001</NS0:year>
  </rdf:Description>
  <rdf:Description rdf:about='#A31471'>
    <rdf:type rdf:resource='http://www.daml.org/2001/12/factbook/factbook-ont#AirportBreakdown'/>
    <NS0:paved>false</NS0:paved>
    <NS0:maxRunway>913</NS0:maxRunway>
    <NS0:count>6 (2000 est.)</NS0:count>
  </rdf:Description>
  <rdf:Description rdf:about='#A31307'>
    <NS0:year>1999</NS0:year>
  </rdf:Description>
  <rdf:Description rdf:about='#A31088'>
    <rdf:type rdf:resource='http://www.daml.org/2001/12/factbook/factbook-ont#EthnicGroupPercent'/>
    <NS0:ethnicGroup rdf:resource='http://www.daml.org/2001/12/factbook/ethnicGroups#Ukrainian'/>
    <NS0:percent>2.5</NS0:percent>
  </rdf:Description>
  <rdf:Description rdf:about='#A31177'>
    <rdf:type rdf:resource='http://www.daml.org/2001/12/factbook/factbook-ont#Estimate'/>
    <NS0:year>1998</NS0:year>
  </rdf:Description>
  <rdf:Description rdf:about='#A31249'>
    <rdf:type rdf:resource='http://www.daml.org/2001/12/factbook/factbook-ont#Estimate'/>
    <NS0:year>1995</NS0:year>
  </rdf:Description>
  <rdf:Description rdf:about='#A31083'>
    <rdf:type rdf:resource='http://www.daml.org/2001/12/factbook/factbook-ont#EthnicGroupPercent'/>
    <NS0:ethnicGroup rdf:resource='http://www.daml.org/2001/12/factbook/ethnicGroups#Russian'/>
    <NS0:percent>28.1</NS0:percent>
  </rdf:Description>
  <rdf:Description rdf:about='#A31464'>
    <rdf:type rdf:resource='http://www.daml.org/2001/12/factbook/factbook-ont#AirportBreakdown'/>
    <NS0:paved>false</NS0:paved>
    <NS0:minRunway>914</NS0:minRunway>
    <NS0:maxRunway>1523</NS0:maxRunway>
    <NS0:count>5</NS0:count>
  </rdf:Description>
  <rdf:Description rdf:about='#A31032'>
    <rdf:type rdf:resource='http://www.daml.org/2001/12/factbook/factbook-ont#Estimate'/>
    <NS0:year>2001</NS0:year>
  </rdf:Description>
  <rdf:Description rdf:about='#A31390'>
    <NS0:year>1997</NS0:year>
  </rdf:Description>
  <rdf:Description rdf:about='#A31271'>
    <rdf:type rdf:resource='http://www.daml.org/2001/12/factbook/factbook-ont#OccupationPercent'/>
    <NS0:occupation rdf:resource='http://www.daml.org/2001/12/factbook/occupations#services'/>
    <NS0:percent>69</NS0:percent>
  </rdf:Description>
  <rdf:Description rdf:about='#A31078'>
    <rdf:type rdf:resource='http://www.daml.org/2001/12/factbook/factbook-ont#EthnicGroupPercent'/>
    <NS0:ethnicGroup rdf:resource='http://www.daml.org/2001/12/factbook/ethnicGroups#Estonian'/>
    <NS0:percent>65.1</NS0:percent>
  </rdf:Description>
  <rdf:Description rdf:about='#A31305'>
    <NS0:year>1999</NS0:year>
  </rdf:Description>
  <rdf:Description rdf:about='#A31266'>
    <rdf:type rdf:resource='http://www.daml.org/2001/12/factbook/factbook-ont#OccupationPercent'/>
    <NS0:occupation rdf:resource='http://www.daml.org/2001/12/factbook/occupations#agriculture'/>
    <NS0:percent>11</NS0:percent>
  </rdf:Description>
  <rdf:Description rdf:about='#A31457'>
    <rdf:type rdf:resource='http://www.daml.org/2001/12/factbook/factbook-ont#AirportBreakdown'/>
    <NS0:paved>false</NS0:paved>
    <NS0:minRunway>1524</NS0:minRunway>
    <NS0:maxRunway>2437</NS0:maxRunway>
    <NS0:count>7</NS0:count>
  </rdf:Description>
  <rdf:Description rdf:about='#A31261'>
    <rdf:type rdf:resource='http://www.daml.org/2001/12/factbook/factbook-ont#OccupationPercent'/>
    <NS0:occupation rdf:resource='http://www.daml.org/2001/12/factbook/occupations#industry'/>
    <NS0:percent>20</NS0:percent>
  </rdf:Description>
  <rdf:Description rdf:about='#A31450'>
    <rdf:type rdf:resource='http://www.daml.org/2001/12/factbook/factbook-ont#AirportBreakdown'/>
    <NS0:paved>false</NS0:paved>
    <NS0:minRunway>2438</NS0:minRunway>
    <NS0:maxRunway>3047</NS0:maxRunway>
    <NS0:count>5</NS0:count>
  </rdf:Description>
  <rdf:Description rdf:about='#A31392'>
    <NS0:year>1997</NS0:year>
  </rdf:Description>
  <rdf:Description rdf:about='#A31236'>
    <rdf:type rdf:resource='http://www.daml.org/2001/12/factbook/factbook-ont#Estimate'/>
    <NS0:year>2000</NS0:year>
  </rdf:Description>
  <rdf:Description rdf:about='#A31064'>
    <rdf:type rdf:resource='http://www.daml.org/2001/12/factbook/factbook-ont#SexRatioBreakdown'/>
    <NS0:ratio>0.86</NS0:ratio>
  </rdf:Description>
  <rdf:Description rdf:about='#A31242'>
    <rdf:type rdf:resource='http://www.daml.org/2001/12/factbook/factbook-ont#Estimate'/>
    <NS0:year>2000</NS0:year>
  </rdf:Description>
  <rdf:Description rdf:about='#A31444'>
    <rdf:type rdf:resource='http://www.daml.org/2001/12/factbook/factbook-ont#AirportBreakdown'/>
    <NS0:paved>false</NS0:paved>
    <NS0:minRunway>3048</NS0:minRunway>
    <NS0:count>1</NS0:count>
  </rdf:Description>
  <rdf:Description rdf:about='#A31059'>
    <rdf:type rdf:resource='http://www.daml.org/2001/12/factbook/factbook-ont#SexRatioBreakdown'/>
    <NS0:minAge>65</NS0:minAge>
    <NS0:ratio>0.49</NS0:ratio>
  </rdf:Description>
  <rdf:Description rdf:about='#A31438'>
    <rdf:type rdf:resource='http://www.daml.org/2001/12/factbook/factbook-ont#AirportBreakdown'/>
    <NS0:paved>true</NS0:paved>
    <NS0:maxRunway>913</NS0:maxRunway>
    <NS0:count>1 (2000 est.)</NS0:count>
  </rdf:Description>
  <rdf:Description rdf:about='#A31053'>
    <rdf:type rdf:resource='http://www.daml.org/2001/12/factbook/factbook-ont#SexRatioBreakdown'/>
    <NS0:minAge>15</NS0:minAge>
    <NS0:maxAge>64</NS0:maxAge>
    <NS0:ratio>0.93</NS0:ratio>
  </rdf:Description>
  <rdf:Description rdf:about='#A31484'>
    <rdf:type rdf:resource='http://www.daml.org/2001/12/factbook/factbook-ont#Estimate'/>
    <NS0:year>2001</NS0:year>
  </rdf:Description>
  <rdf:Description rdf:about='#A31431'>
    <rdf:type rdf:resource='http://www.daml.org/2001/12/factbook/factbook-ont#AirportBreakdown'/>
    <NS0:paved>true</NS0:paved>
    <NS0:minRunway>2438</NS0:minRunway>
    <NS0:maxRunway>3047</NS0:maxRunway>
    <NS0:count>7</NS0:count>
  </rdf:Description>
  <rdf:Description rdf:about='#A31047'>
    <rdf:type rdf:resource='http://www.daml.org/2001/12/factbook/factbook-ont#SexRatioBreakdown'/>
    <NS0:minAge>0</NS0:minAge>
    <NS0:maxAge>14</NS0:maxAge>
    <NS0:ratio>1.04</NS0:ratio>
  </rdf:Description>
  <rdf:Description rdf:about='#A31006'>
    <rdf:type rdf:resource='http://www.daml.org/2001/12/factbook/factbook-ont#Estimate'/>
    <NS0:year>1996</NS0:year>
  </rdf:Description>
  <rdf:Description rdf:about='#A31035'>
    <rdf:type rdf:resource='http://www.daml.org/2001/12/factbook/factbook-ont#Estimate'/>
    <NS0:year>2001</NS0:year>
  </rdf:Description>
  <rdf:Description rdf:about='#A31375'>
    <rdf:type rdf:resource='http://www.daml.org/2001/12/factbook/factbook-ont#Estimate'/>
    <NS0:year>2000</NS0:year>
  </rdf:Description>
  <rdf:Description rdf:about='#A122913'>
    <rdf:type rdf:resource='http://www.daml.org/2001/12/factbook/factbook-ont#CountryPercent'/>
    <NS0:country rdf:resource='http://www.daml.org/2001/09/countries/fips#JA'/>
    <NS0:percent>4.7</NS0:percent>
  </rdf:Description>
  <rdf:Description rdf:about='#A31424'>
    <rdf:type rdf:resource='http://www.daml.org/2001/12/factbook/factbook-ont#Port'/>
    <NS0:name>Tallinn</NS0:name>
  </rdf:Description>
  <rdf:Description rdf:about='#A31041'>
    <rdf:type rdf:resource='http://www.daml.org/2001/12/factbook/factbook-ont#SexRatioBreakdown'/>
    <NS0:minAge>0</NS0:minAge>
    <NS0:maxAge>0</NS0:maxAge>
    <NS0:ratio>1.05</NS0:ratio>
  </rdf:Description>
  <rdf:Description rdf:about='#A31420'>
    <rdf:type rdf:resource='http://www.daml.org/2001/12/factbook/factbook-ont#Port'/>
    <NS0:name>Parnu</NS0:name>
  </rdf:Description>
  <rdf:Description rdf:about='#A122908'>
    <rdf:type rdf:resource='http://www.daml.org/2001/12/factbook/factbook-ont#CountryPercent'/>
    <NS0:country rdf:resource='http://www.daml.org/2001/09/countries/fips#GM'/>
    <NS0:percent>9.3</NS0:percent>
  </rdf:Description>
  <rdf:Description rdf:about='#A122891'>
    <NS0:note>1999</NS0:note>
  </rdf:Description>
  <rdf:Description rdf:about='#A31416'>
    <rdf:type rdf:resource='http://www.daml.org/2001/12/factbook/factbook-ont#Port'/>
    <NS0:name>Paldiski</NS0:name>
  </rdf:Description>
  <rdf:Description rdf:about='#A31400'>
    <NS0:year>2000</NS0:year>
  </rdf:Description>
  <rdf:Description rdf:about='#A31298'>
    <NS0:year>1999</NS0:year>
  </rdf:Description>
  <rdf:Description rdf:about='#A122903'>
    <rdf:type rdf:resource='http://www.daml.org/2001/12/factbook/factbook-ont#CountryPercent'/>
    <NS0:country rdf:resource='http://www.daml.org/2001/09/countries/fips#SW'/>
    <NS0:percent>9.3</NS0:percent>
  </rdf:Description>
  <rdf:Description rdf:about='#A31489'>
    <NS0:note>FY99</NS0:note>
  </rdf:Description>
  <rdf:Description rdf:about='#A31412'>
    <rdf:type rdf:resource='http://www.daml.org/2001/12/factbook/factbook-ont#Port'/>
    <NS0:name>Muuga</NS0:name>
  </rdf:Description>
  <rdf:Description rdf:about='#A122898'>
    <rdf:type rdf:resource='http://www.daml.org/2001/12/factbook/factbook-ont#CountryPercent'/>
    <NS0:country rdf:resource='http://www.daml.org/2001/09/countries/fips#RS'/>
    <NS0:percent>13.5</NS0:percent>
  </rdf:Description>
  <rdf:Description rdf:about='#A31408'>
    <rdf:type rdf:resource='http://www.daml.org/2001/12/factbook/factbook-ont#Port'/>
    <NS0:name>Kunda</NS0:name>
  </rdf:Description>
  <rdf:Description rdf:about='#A122893'>
    <rdf:type rdf:resource='http://www.daml.org/2001/12/factbook/factbook-ont#CountryPercent'/>
    <NS0:country rdf:resource='http://www.daml.org/2001/09/countries/fips#FI'/>
    <NS0:percent>22.8</NS0:percent>
  </rdf:Description>
  <rdf:Description rdf:about='#A31404'>
    <rdf:type rdf:resource='http://www.daml.org/2001/12/factbook/factbook-ont#Port'/>
    <NS0:name>Haapsalu</NS0:name>
  </rdf:Description>
  <rdf:Description rdf:about='#A31347'>
    <NS0:note>f.o.b., 2000</NS0:note>
  </rdf:Description>
  <rdf:Description rdf:about='#A31383'>
    <NS0:note>yearend 1998</NS0:note>
  </rdf:Description>
  <rdf:Description rdf:about='#A122887'>
    <rdf:type rdf:resource='http://www.daml.org/2001/12/factbook/factbook-ont#CountryPercent'/>
    <NS0:country rdf:resource='http://www.daml.org/2001/09/countries/fips#US'/>
    <NS0:percent>2.5</NS0:percent>
  </rdf:Description>
  <rdf:Description rdf:about='#A31402'>
    <NS0:note>perennially navigable</NS0:note>
  </rdf:Description>
  <rdf:Description rdf:about='#A31247'>
    <NS0:year>1999</NS0:year>
  </rdf:Description>
  <rdf:Description rdf:about='#A122882'>
    <rdf:type rdf:resource='http://www.daml.org/2001/12/factbook/factbook-ont#CountryPercent'/>
    <NS0:country rdf:resource='http://www.daml.org/2001/09/countries/fips#GM'/>
    <NS0:percent>7.5</NS0:percent>
  </rdf:Description>
  <rdf:Description rdf:about='#A31385'>
    <NS0:note>yearend 2000</NS0:note>
  </rdf:Description>
  <rdf:Description rdf:about='#A31481'>
    <rdf:type rdf:resource='http://www.daml.org/2001/12/factbook/factbook-ont#Estimate'/>
    <NS0:year>2001</NS0:year>
  </rdf:Description>
  <rdf:Description rdf:about='#A122877'>
    <rdf:type rdf:resource='http://www.daml.org/2001/12/factbook/factbook-ont#CountryPercent'/>
    <NS0:country rdf:resource='http://www.daml.org/2001/09/countries/fips#LG'/>
    <NS0:percent>8.7</NS0:percent>
  </rdf:Description>
  <rdf:Description rdf:about='#A31253'>
    <NS0:year>1996</NS0:year>
  </rdf:Description>
  <rdf:Description rdf:about='#A31345'>
    <NS0:year>1999</NS0:year>
  </rdf:Description>
  <rdf:Description rdf:about='#A122872'>
    <rdf:type rdf:resource='http://www.daml.org/2001/12/factbook/factbook-ont#CountryPercent'/>
    <NS0:country rdf:resource='http://www.daml.org/2001/09/countries/fips#RS'/>
    <NS0:percent>9.2</NS0:percent>
  </rdf:Description>
  <rdf:Description rdf:about='#A31378'>
    <NS0:year>1995</NS0:year>
  </rdf:Description>
  <rdf:Description rdf:about='#A122867'>
    <rdf:type rdf:resource='http://www.daml.org/2001/12/factbook/factbook-ont#CountryPercent'/>
    <NS0:country rdf:resource='http://www.daml.org/2001/09/countries/fips#SW'/>
    <NS0:percent>18.8</NS0:percent>
  </rdf:Description>
  <rdf:Description rdf:about='#A31186'>
    <rdf:type rdf:resource='http://www.daml.org/2001/12/factbook/factbook-ont#CapitalCity'/>
    <NS0:name>Tallinn</NS0:name>
  </rdf:Description>
  <rdf:Description rdf:about='#A122862'>
    <rdf:type rdf:resource='http://www.daml.org/2001/12/factbook/factbook-ont#CountryPercent'/>
    <NS0:country rdf:resource='http://www.daml.org/2001/09/countries/fips#FI'/>
    <NS0:percent>19.4</NS0:percent>
  </rdf:Description>
  <rdf:Description rdf:about='#A31428'>
    <rdf:type rdf:resource='http://www.daml.org/2001/12/factbook/factbook-ont#Estimate'/>
    <NS0:year>2000</NS0:year>
  </rdf:Description>
  <rdf:Description rdf:about='#A31369'>
    <rdf:type rdf:resource='http://www.daml.org/2001/12/factbook/factbook-ont#CommodityPercent'/>
    <NS0:importsCommodity rdf:resource='http://www.daml.org/2001/12/factbook/commodities#textiles'/>
    <NS0:percent>8</NS0:percent>
  </rdf:Description>
  <rdf:Description rdf:about='#A122857'>
    <rdf:type rdf:resource='http://www.daml.org/2001/12/factbook/factbook-ont#Border'/>
    <NS0:country rdf:resource='http://www.daml.org/2001/09/countries/fips#RS'/>
    <NS0:distance>294</NS0:distance>
  </rdf:Description>
  <rdf:Description rdf:about='#A30986'>
    <rdf:type rdf:resource='http://www.daml.org/2001/12/factbook/factbook-ont#ElevationExtreme'/>
    <NS0:name>Suur Munamagi</NS0:name>
    <NS0:elevation>318</NS0:elevation>
  </rdf:Description>
  <rdf:Description rdf:about='#A31003'>
    <rdf:type rdf:resource='http://www.daml.org/2001/12/factbook/factbook-ont#Estimate'/>
    <NS0:year>1996</NS0:year>
  </rdf:Description>
  <rdf:Description rdf:about='#A31395'>
    <NS0:year>2000</NS0:year>
  </rdf:Description>
  <rdf:Description rdf:about='#A31258'>
    <rdf:type rdf:resource='http://www.daml.org/2001/12/factbook/factbook-ont#Estimate'/>
    <NS0:year>1999</NS0:year>
  </rdf:Description>
  <rdf:Description rdf:about='#A31364'>
    <rdf:type rdf:resource='http://www.daml.org/2001/12/factbook/factbook-ont#CommodityPercent'/>
    <NS0:importsCommodity rdf:resource='http://www.daml.org/2001/12/factbook/commodities#metal_products'/>
    <NS0:percent>8</NS0:percent>
  </rdf:Description>
  <rdf:Description rdf:about='#A30981'>
    <rdf:type rdf:resource='http://www.daml.org/2001/12/factbook/factbook-ont#ElevationExtreme'/>
    <NS0:name>Baltic Sea</NS0:name>
    <NS0:elevation>0</NS0:elevation>
  </rdf:Description>
  <rdf:Description rdf:about='#A122852'>
    <rdf:type rdf:resource='http://www.daml.org/2001/12/factbook/factbook-ont#Border'/>
    <NS0:country rdf:resource='http://www.daml.org/2001/09/countries/fips#LG'/>
    <NS0:distance>339</NS0:distance>
  </rdf:Description>
  <rdf:Description rdf:about='#A31170'>
    <rdf:type rdf:resource='http://www.daml.org/2001/12/factbook/factbook-ont#LanguagePercent'/>
    <NS0:language rdf:resource='http://www.daml.org/2001/12/factbook/languages#other'/>
  </rdf:Description>
  <rdf:Description rdf:about='#A31067'>
    <rdf:type rdf:resource='http://www.daml.org/2001/12/factbook/factbook-ont#Estimate'/>
    <NS0:year>2001</NS0:year>
  </rdf:Description>
  <rdf:Description rdf:about='#A31359'>
    <rdf:type rdf:resource='http://www.daml.org/2001/12/factbook/factbook-ont#CommodityPercent'/>
    <NS0:importsCommodity rdf:resource='http://www.daml.org/2001/12/factbook/commodities#foodstuffs'/>
    <NS0:percent>11</NS0:percent>
  </rdf:Description>
  <rdf:Description rdf:about='#A31166'>
    <rdf:type rdf:resource='http://www.daml.org/2001/12/factbook/factbook-ont#LanguagePercent'/>
    <NS0:language rdf:resource='http://www.daml.org/2001/12/factbook/languages#Finnish'/>
  </rdf:Description>
  <rdf:Description rdf:about='#A31309'>
    <NS0:year>1999</NS0:year>
  </rdf:Description>
  <rdf:Description rdf:about='#A31070'>
    <rdf:type rdf:resource='http://www.daml.org/2001/12/factbook/factbook-ont#Estimate'/>
    <NS0:year>2001</NS0:year>
  </rdf:Description>
  <rdf:Description rdf:about='#A31354'>
    <rdf:type rdf:resource='http://www.daml.org/2001/12/factbook/factbook-ont#CommodityPercent'/>
    <NS0:importsCommodity rdf:resource='http://www.daml.org/2001/12/factbook/commodities#chemical_products'/>
    <NS0:percent>13</NS0:percent>
  </rdf:Description>
  <rdf:Description rdf:about='#A31162'>
    <rdf:type rdf:resource='http://www.daml.org/2001/12/factbook/factbook-ont#LanguagePercent'/>
    <NS0:language rdf:resource='http://www.daml.org/2001/12/factbook/languages#English'/>
  </rdf:Description>
  <rdf:Description rdf:about='#A31038'>
    <rdf:type rdf:resource='http://www.daml.org/2001/12/factbook/factbook-ont#Estimate'/>
    <NS0:year>2001</NS0:year>
  </rdf:Description>
  <rdf:Description rdf:about='#A31349'>
    <rdf:type rdf:resource='http://www.daml.org/2001/12/factbook/factbook-ont#CommodityPercent'/>
    <NS0:importsCommodity rdf:resource='http://www.daml.org/2001/12/factbook/commodities#machinery_and_equipment'/>
    <NS0:percent>31</NS0:percent>
  </rdf:Description>
  <rdf:Description rdf:about='#A31158'>
    <rdf:type rdf:resource='http://www.daml.org/2001/12/factbook/factbook-ont#LanguagePercent'/>
    <NS0:language rdf:resource='http://www.daml.org/2001/12/factbook/languages#Ukrainian'/>
  </rdf:Description>
  <rdf:Description rdf:about='#A30966'>
    <rdf:type rdf:resource='http://www.daml.org/2001/12/factbook/factbook-ont#LatLon'/>
    <NS0:latitude>59.0</NS0:latitude>
    <NS0:longitude>26.0</NS0:longitude>
  </rdf:Description>
  <rdf:Description rdf:about='#A31397'>
    <NS0:year>2000</NS0:year>
  </rdf:Description>
  <rdf:Description rdf:about='#A31154'>
    <rdf:type rdf:resource='http://www.daml.org/2001/12/factbook/factbook-ont#LanguagePercent'/>
    <NS0:language rdf:resource='http://www.daml.org/2001/12/factbook/languages#Russian'/>
  </rdf:Description>
  <rdf:Description rdf:about='#A31342'>
    <rdf:type rdf:resource='http://www.daml.org/2001/12/factbook/factbook-ont#CommodityPercent'/>
    <NS0:exportsCommodity rdf:resource='http://www.daml.org/2001/12/factbook/commodities#chemical_products'/>
  </rdf:Description>
  <rdf:Description rdf:about='#A31149'>
    <rdf:type rdf:resource='http://www.daml.org/2001/12/factbook/factbook-ont#LanguagePercent'/>
    <NS0:language rdf:resource='http://www.daml.org/2001/12/factbook/languages#Estonian'/>
  </rdf:Description>
  <rdf:Description rdf:about='#A31338'>
    <rdf:type rdf:resource='http://www.daml.org/2001/12/factbook/factbook-ont#CommodityPercent'/>
    <NS0:exportsCommodity rdf:resource='http://www.daml.org/2001/12/factbook/commodities#metals'/>
  </rdf:Description>
  <rdf:Description rdf:about='#A31145'>
    <rdf:type rdf:resource='http://www.daml.org/2001/12/factbook/factbook-ont#ReligionPercent'/>
    <NS0:religion rdf:resource='http://www.daml.org/2001/12/factbook/religions#Jewish'/>
  </rdf:Description>
  <rdf:Description rdf:about='http://www.daml.org/2001/09/countries/fips#EN'>
    <NS0:background>After centuries of Swedish and Russian rule, Estonia attained independence in 1918. Forcibly incorporated into the USSR in 1940, it regained its freedom in 1991 with the collapse of the Soviet Union. Since the last Russian troops left in 1994, Estonia has been free to promote economic and political ties with Western Europe.</NS0:background>
    <NS0:location>Eastern Europe, bordering the Baltic Sea and Gulf of Finland, between Latvia and Russia</NS0:location>
    <NS0:geographicCoordinates rdf:resource='#A30966'/>
    <NS0:mapReferences>Europe</NS0:mapReferences>
    <NS0:totalArea>45226</NS0:totalArea>
    <NS0:landArea>43211</NS0:landArea>
    <NS0:waterArea>2015</NS0:waterArea>
    <NS0:comparativeArea>slightly smaller than New Hampshire and Vermont combined</NS0:comparativeArea>
    <NS0:landBoundaries>633</NS0:landBoundaries>
    <NS0:coastline>3794</NS0:coastline>
    <NS0:territorialSea>12</NS0:territorialSea>
    <NS0:climate>maritime, wet, moderate winters, cool summers</NS0:climate>
    <NS0:terrain>marshy, lowlands</NS0:terrain>
    <NS0:lowestPoint rdf:resource='#A30981'/>
    <NS0:highestPoint rdf:resource='#A30986'/>
    <NS0:naturalResource rdf:resource='http://www.daml.org/2001/12/factbook/naturalResources#shale_oil'/>
    <NS0:naturalResource rdf:resource='http://www.daml.org/2001/12/factbook/naturalResources#peat'/>
    <NS0:naturalResource rdf:resource='http://www.daml.org/2001/12/factbook/naturalResources#phosphorite'/>
    <NS0:naturalResource rdf:resource='http://www.daml.org/2001/12/factbook/naturalResources#amber'/>
    <NS0:naturalResource rdf:resource='http://www.daml.org/2001/12/factbook/naturalResources#cambrian_blue_clay'/>
    <NS0:naturalResource rdf:resource='http://www.daml.org/2001/12/factbook/naturalResources#limestone'/>
    <NS0:naturalResource rdf:resource='http://www.daml.org/2001/12/factbook/naturalResources#dolomite'/>
    <NS0:naturalResource rdf:resource='http://www.daml.org/2001/12/factbook/naturalResources#arable_land'/>
    <NS0:arableLand>25</NS0:arableLand>
    <NS0:permanentCrops>0</NS0:permanentCrops>
    <NS0:permanentPastures>11</NS0:permanentPastures>
    <NS0:forestsAndWoodland>44</NS0:forestsAndWoodland>
    <NS0:otherLandUse rdf:ID='A31003'>20</NS0:otherLandUse>
    <NS0:irrigatedLand rdf:ID='A31006'>110</NS0:irrigatedLand>
    <NS0:naturalHazard>flooding occurs frequently in the spring</NS0:naturalHazard>
    <NS0:environmentalIssue>air heavily polluted with sulfur dioxide from oil-shale burning power plants in northeast</NS0:environmentalIssue>
    <NS0:environmentalIssue>contamination of soil and groundwater with petroleum products, chemicals at former Soviet military bases</NS0:environmentalIssue>
    <NS0:environmentalIssue>Estonia has more than 1,400 natural and manmade lakes, the smaller of which in agricultural areas are heavily affected by organic waste</NS0:environmentalIssue>
    <NS0:environmentalIssue>coastal sea water is polluted in many locations</NS0:environmentalIssue>
    <NS0:environmentalAgreementPartyTo rdf:resource='http://www.daml.org/2001/12/factbook/environmentalAgreements#Air_Pollution'/>
    <NS0:environmentalAgreementPartyTo rdf:resource='http://www.daml.org/2001/12/factbook/environmentalAgreements#Air_Pollution-Nitrogen_Oxides'/>
    <NS0:environmentalAgreementPartyTo rdf:resource='http://www.daml.org/2001/12/factbook/environmentalAgreements#Air_Pollution-Sulphur_85'/>
    <NS0:environmentalAgreementPartyTo rdf:resource='http://www.daml.org/2001/12/factbook/environmentalAgreements#Air_Pollution-Volatile_Organic_Compounds'/>
    <NS0:environmentalAgreementPartyTo rdf:resource='http://www.daml.org/2001/12/factbook/environmentalAgreements#Biodiversity'/>
    <NS0:environmentalAgreementPartyTo rdf:resource='http://www.daml.org/2001/12/factbook/environmentalAgreements#Climate_Change'/>
    <NS0:environmentalAgreementPartyTo rdf:resource='http://www.daml.org/2001/12/factbook/environmentalAgreements#Endangered_Species'/>
    <NS0:environmentalAgreementPartyTo rdf:resource='http://www.daml.org/2001/12/factbook/environmentalAgreements#Hazardous_Wastes'/>
    <NS0:environmentalAgreementPartyTo rdf:resource='http://www.daml.org/2001/12/factbook/environmentalAgreements#Ship_Pollution'/>
    <NS0:environmentalAgreementPartyTo rdf:resource='http://www.daml.org/2001/12/factbook/environmentalAgreements#Ozone_Layer_Protection'/>
    <NS0:environmentalAgreementPartyTo rdf:resource='http://www.daml.org/2001/12/factbook/environmentalAgreements#Wetlands'/>
    <NS0:environmentalAgreementSigned rdf:resource='http://www.daml.org/2001/12/factbook/environmentalAgreements#Climate_Change-Kyoto_Protocol'/>
    <NS0:population rdf:ID='A31026'>1423316</NS0:population>
    <NS0:populationGrowthRate rdf:ID='A31029'>-0.55</NS0:populationGrowthRate>
    <NS0:birthRate rdf:ID='A31032'>8.7</NS0:birthRate>
    <NS0:deathRate rdf:ID='A31035'>13.48</NS0:deathRate>
    <NS0:netMigrationRate rdf:ID='A31038'>-0.76</NS0:netMigrationRate>
    <NS0:sexRatio rdf:resource='#A31041'/>
    <NS0:sexRatio rdf:resource='#A31047'/>
    <NS0:sexRatio rdf:resource='#A31053'/>
    <NS0:sexRatio rdf:resource='#A31059'/>
    <NS0:sexRatio rdf:ID='A31067' rdf:resource='#A31064'/>
    <NS0:infantMortalityRate rdf:ID='A31070'>12.62</NS0:infantMortalityRate>
    <NS0:totalFertilityRate rdf:ID='A31073'>1.21</NS0:totalFertilityRate>
    <NS0:nationalityNoun>Estonian(s)</NS0:nationalityNoun>
    <NS0:nationalityAdjective>Estonian</NS0:nationalityAdjective>
    <NS0:ethnicGroup rdf:resource='#A31078'/>
    <NS0:ethnicGroup rdf:resource='#A31083'/>
    <NS0:ethnicGroup rdf:resource='#A31088'/>
    <NS0:ethnicGroup rdf:resource='#A31093'/>
    <NS0:ethnicGroup rdf:resource='#A31098'/>
    <NS0:ethnicGroup rdf:ID='A31107' rdf:resource='#A31103'/>
    <NS0:religion rdf:resource='#A31109'/>
    <NS0:religion rdf:resource='#A31113'/>
    <NS0:religion rdf:resource='#A31117'/>
    <NS0:religion rdf:resource='#A31121'/>
    <NS0:religion rdf:resource='#A31125'/>
    <NS0:religion rdf:resource='#A31129'/>
    <NS0:religion rdf:resource='#A31133'/>
    <NS0:religion rdf:resource='#A31137'/>
    <NS0:religion rdf:resource='#A31141'/>
    <NS0:religion rdf:resource='#A31145'/>
    <NS0:language rdf:ID='A31152' rdf:resource='#A31149'/>
    <NS0:language rdf:resource='#A31154'/>
    <NS0:language rdf:resource='#A31158'/>
    <NS0:language rdf:resource='#A31162'/>
    <NS0:language rdf:resource='#A31166'/>
    <NS0:language rdf:resource='#A31170'/>
    <NS0:literacyDefinition>age 15 and over can read and write</NS0:literacyDefinition>
    <NS0:literacyTotal>100</NS0:literacyTotal>
    <NS0:literacyMale>100</NS0:literacyMale>
    <NS0:literacyFemale rdf:ID='A31177'>100</NS0:literacyFemale>
    <NS0:conventionalLongCountryName>Republic of Estonia</NS0:conventionalLongCountryName>
    <NS0:conventionalShortCountryName>Estonia</NS0:conventionalShortCountryName>
    <NS0:localLongCountryName>Eesti Vabariik</NS0:localLongCountryName>
    <NS0:localShortCountryName>Eesti</NS0:localShortCountryName>
    <NS0:formerCountryName>Estonian Soviet Socialist Republic</NS0:formerCountryName>
    <NS0:governmentType rdf:resource='http://www.daml.org/2001/12/factbook/governmentTypes#parliamentary_democracy'/>
    <NS0:capital rdf:resource='#A31186'/>
    <NS0:independence>6 September 1991 (from Soviet Union)</NS0:independence>
    <NS0:constitution>adopted 28 June 1992</NS0:constitution>
    <NS0:legalSystem>based on civil law system; no judicial review of legislative acts</NS0:legalSystem>
    <NS0:suffrage>18 years of age; universal for all Estonian citizens</NS0:suffrage>
    <NS0:participatesIn rdf:resource='http://www.daml.org/2001/12/factbook/internationalOrganizations#BIS'/>
    <NS0:participatesIn rdf:resource='http://www.daml.org/2001/12/factbook/internationalOrganizations#CBSS'/>
    <NS0:participatesIn rdf:resource='http://www.daml.org/2001/12/factbook/internationalOrganizations#CCC'/>
    <NS0:participatesIn rdf:resource='http://www.daml.org/2001/12/factbook/internationalOrganizations#CE'/>
    <NS0:participatesIn rdf:resource='http://www.daml.org/2001/12/factbook/internationalOrganizations#EAPC'/>
    <NS0:participatesIn rdf:resource='http://www.daml.org/2001/12/factbook/internationalOrganizations#EBRD'/>
    <NS0:participatesIn rdf:resource='http://www.daml.org/2001/12/factbook/internationalOrganizations#ECE'/>
    <NS0:participatesIn rdf:resource='http://www.daml.org/2001/12/factbook/internationalOrganizations#EU'/>
    <NS0:participatesIn rdf:resource='http://www.daml.org/2001/12/factbook/internationalOrganizations#FAO'/>
    <NS0:participatesIn rdf:resource='http://www.daml.org/2001/12/factbook/internationalOrganizations#IAEA'/>
    <NS0:participatesIn rdf:resource='http://www.daml.org/2001/12/factbook/internationalOrganizations#IBRD'/>
    <NS0:participatesIn rdf:resource='http://www.daml.org/2001/12/factbook/internationalOrganizations#ICAO'/>
    <NS0:participatesIn rdf:resource='http://www.daml.org/2001/12/factbook/internationalOrganizations#ICFTU'/>
    <NS0:participatesIn rdf:resource='http://www.daml.org/2001/12/factbook/internationalOrganizations#ICRM'/>
    <NS0:participatesIn rdf:resource='http://www.daml.org/2001/12/factbook/internationalOrganizations#IFC'/>
    <NS0:participatesIn rdf:resource='http://www.daml.org/2001/12/factbook/internationalOrganizations#IFRCS'/>
    <NS0:participatesIn rdf:resource='http://www.daml.org/2001/12/factbook/internationalOrganizations#IHO'/>
    <NS0:participatesIn rdf:resource='http://www.daml.org/2001/12/factbook/internationalOrganizations#ILO'/>
    <NS0:participatesIn rdf:resource='http://www.daml.org/2001/12/factbook/internationalOrganizations#IMF'/>
    <NS0:participatesIn rdf:resource='http://www.daml.org/2001/12/factbook/internationalOrganizations#IMO'/>
    <NS0:participatesIn rdf:resource='http://www.daml.org/2001/12/factbook/internationalOrganizations#Interpol'/>
    <NS0:participatesIn rdf:resource='http://www.daml.org/2001/12/factbook/internationalOrganizations#IOC'/>
    <NS0:participatesIn rdf:resource='http://www.daml.org/2001/12/factbook/internationalOrganizations#IOM'/>
    <NS0:participatesIn rdf:resource='http://www.daml.org/2001/12/factbook/internationalOrganizations#ISO'/>
    <NS0:participatesIn rdf:resource='http://www.daml.org/2001/12/factbook/internationalOrganizations#ITU'/>
    <NS0:participatesIn rdf:resource='http://www.daml.org/2001/12/factbook/internationalOrganizations#OPCW'/>
    <NS0:participatesIn rdf:resource='http://www.daml.org/2001/12/factbook/internationalOrganizations#OSCE'/>
    <NS0:participatesIn rdf:resource='http://www.daml.org/2001/12/factbook/internationalOrganizations#PFP'/>
    <NS0:participatesIn rdf:resource='http://www.daml.org/2001/12/factbook/internationalOrganizations#UN'/>
    <NS0:participatesIn rdf:resource='http://www.daml.org/2001/12/factbook/internationalOrganizations#UNCTAD'/>
    <NS0:participatesIn rdf:resource='http://www.daml.org/2001/12/factbook/internationalOrganizations#UNESCO'/>
    <NS0:participatesIn rdf:resource='http://www.daml.org/2001/12/factbook/internationalOrganizations#UNMIBH'/>
    <NS0:participatesIn rdf:resource='http://www.daml.org/2001/12/factbook/internationalOrganizations#UNMIK'/>
    <NS0:participatesIn rdf:resource='http://www.daml.org/2001/12/factbook/internationalOrganizations#UNTSO'/>
    <NS0:participatesIn rdf:resource='http://www.daml.org/2001/12/factbook/internationalOrganizations#UPU'/>
    <NS0:participatesIn rdf:resource='http://www.daml.org/2001/12/factbook/internationalOrganizations#WEU'/>
    <NS0:participatesIn rdf:resource='http://www.daml.org/2001/12/factbook/internationalOrganizations#WHO'/>
    <NS0:participatesIn rdf:resource='http://www.daml.org/2001/12/factbook/internationalOrganizations#WIPO'/>
    <NS0:participatesIn rdf:resource='http://www.daml.org/2001/12/factbook/internationalOrganizations#WMO'/>
    <NS0:participatesIn rdf:resource='http://www.daml.org/2001/12/factbook/internationalOrganizations#WTrO'/>
    <NS0:flagDescription>pre-1940 flag restored by Supreme Soviet in May 1990 - three equal horizontal bands of blue (top), black, and white</NS0:flagDescription>
    <NS0:economyOverview>In 2000, Estonia rebounded from the Russian financial crisis by scaling back its budget and reorienting trade away from Russian markets into EU member states. After GDP shrank 1.1% in 1999, the economy made a strong recovery in 2000, with growth estimated at 6.4% - the highest in Central and Eastern Europe. Estonia joined the World Trade Organization in November 1999 - the second Baltic state to join - and continues its EU accession talks. For 2001, Estonians predict GDP to grow around 6%, inflation of between 4.2%-5.3%, and a balanced budget. Substantial gains were made in completing privatization of Estonia&apos;s few remaining large, state-owned companies in 2000, and this momentum is expected to continue in 2001. Estonia hopes to join the EU during the next round of enlargement tentatively set for 2004.</NS0:economyOverview>
    <NS0:grossDomesticProduct rdf:ID='A31236'>14700000000</NS0:grossDomesticProduct>
    <NS0:grossDomesticProductRealGrowth rdf:ID='A31239'>6.4</NS0:grossDomesticProductRealGrowth>
    <NS0:grossDomesticProductPerCapita rdf:ID='A31242'>10000</NS0:grossDomesticProductPerCapita>
    <NS0:grossDomesticProductAgriculture>3.6</NS0:grossDomesticProductAgriculture>
    <NS0:grossDomesticProductIndustry>30.7</NS0:grossDomesticProductIndustry>
    <NS0:grossDomesticProductServices rdf:ID='A31247'>65.7</NS0:grossDomesticProductServices>
    <NS0:populationBelowPovertyLine rdf:ID='A31249'>8.9</NS0:populationBelowPovertyLine>
    <NS0:householdIncomeLowest10Percent>3.2</NS0:householdIncomeLowest10Percent>
    <NS0:householdIncomeHighest10Percent rdf:ID='A31253'>28.5</NS0:householdIncomeHighest10Percent>
    <NS0:inflationRate rdf:ID='A31255'>4.1</NS0:inflationRate>
    <NS0:laborForce rdf:ID='A31258'>785500</NS0:laborForce>
    <NS0:occupation rdf:resource='#A31261'/>
    <NS0:occupation rdf:resource='#A31266'/>
    <NS0:occupation rdf:ID='A31275' rdf:resource='#A31271'/>
    <NS0:unemploymentRate rdf:ID='A31278'>11.7</NS0:unemploymentRate>
    <NS0:budgetRevenues>1370000000</NS0:budgetRevenues>
    <NS0:budgetExpenditures>1370000000</NS0:budgetExpenditures>
    <NS0:industry rdf:resource='http://www.daml.org/2001/12/factbook/industries#oil_shale'/>
    <NS0:industry rdf:resource='http://www.daml.org/2001/12/factbook/industries#shipbuilding'/>
    <NS0:industry rdf:resource='http://www.daml.org/2001/12/factbook/industries#phosphates'/>
    <NS0:industry rdf:resource='http://www.daml.org/2001/12/factbook/industries#electric_motors'/>
    <NS0:industry rdf:resource='http://www.daml.org/2001/12/factbook/industries#excavators'/>
    <NS0:industry rdf:resource='http://www.daml.org/2001/12/factbook/industries#cement'/>
    <NS0:industry rdf:resource='http://www.daml.org/2001/12/factbook/industries#furniture'/>
    <NS0:industry rdf:resource='http://www.daml.org/2001/12/factbook/industries#clothing'/>
    <NS0:industry rdf:resource='http://www.daml.org/2001/12/factbook/industries#textiles'/>
    <NS0:industry rdf:resource='http://www.daml.org/2001/12/factbook/industries#paper'/>
    <NS0:industry rdf:resource='http://www.daml.org/2001/12/factbook/industries#shoes'/>
    <NS0:industry rdf:resource='http://www.daml.org/2001/12/factbook/industries#apparel'/>
    <NS0:industrialProductionGrowthRate rdf:ID='A31295'>5</NS0:industrialProductionGrowthRate>
    <NS0:electricityProduction rdf:ID='A31298'>7782000000</NS0:electricityProduction>
    <NS0:electricityProductionFossilFuel>99.72</NS0:electricityProductionFossilFuel>
    <NS0:electricityProductionHydro>0.09</NS0:electricityProductionHydro>
    <NS0:electricityProductionNuclear>0</NS0:electricityProductionNuclear>
    <NS0:electricityProductionOther rdf:ID='A31303'>0.19</NS0:electricityProductionOther>
    <NS0:electricityConsumption rdf:ID='A31305'>6807000000</NS0:electricityConsumption>
    <NS0:electricityExports rdf:ID='A31307'>530000000</NS0:electricityExports>
    <NS0:electricityImports rdf:ID='A31309'>100000000</NS0:electricityImports>
    <NS0:agricultureProduct rdf:resource='http://www.daml.org/2001/12/factbook/agricultureProducts#potatoes'/>
    <NS0:agricultureProduct rdf:resource='http://www.daml.org/2001/12/factbook/agricultureProducts#fruits'/>
    <NS0:agricultureProduct rdf:resource='http://www.daml.org/2001/12/factbook/agricultureProducts#vegetables'/>
    <NS0:agricultureProduct rdf:resource='http://www.daml.org/2001/12/factbook/agricultureProducts#livestock_and_dairy_products'/>
    <NS0:agricultureProduct rdf:resource='http://www.daml.org/2001/12/factbook/agricultureProducts#fish'/>
    <NS0:exports rdf:ID='A31316'>3100000000</NS0:exports>
    <NS0:exportsCommodity rdf:resource='#A31318'/>
    <NS0:exportsCommodity rdf:resource='#A31323'/>
    <NS0:exportsCommodity rdf:resource='#A31328'/>
    <NS0:exportsCommodity rdf:resource='#A31333'/>
    <NS0:exportsCommodity rdf:resource='#A31338'/>
    <NS0:exportsCommodity rdf:ID='A31345' rdf:resource='#A31342'/>
    <NS0:imports rdf:ID='A31347'>4000000000</NS0:imports>
    <NS0:importsCommodity rdf:resource='#A31349'/>
    <NS0:importsCommodity rdf:resource='#A31354'/>
    <NS0:importsCommodity rdf:resource='#A31359'/>
    <NS0:importsCommodity rdf:resource='#A31364'/>
    <NS0:importsCommodity rdf:ID='A31373' rdf:resource='#A31369'/>
    <NS0:externalDebt rdf:ID='A31375'>1600000000</NS0:externalDebt>
    <NS0:economicAidRecipient rdf:ID='A31378'>137300000</NS0:economicAidRecipient>
    <NS0:currency>Estonian kroon (EEK)</NS0:currency>
    <NS0:currencyCode>EEK</NS0:currencyCode>
    <NS0:fiscalYear>calendar year</NS0:fiscalYear>
    <NS0:mainTelephoneLines rdf:ID='A31383'>476078</NS0:mainTelephoneLines>
    <NS0:mobileTelephoneLines rdf:ID='A31385'>475000</NS0:mobileTelephoneLines>
    <NS0:telephoneSystemGeneralAssessment>foreign investment in the form of joint business ventures greatly improved telephone service; Internet services available throughout most of the country; about 150,000 unfilled subscriber requests</NS0:telephoneSystemGeneralAssessment>
    <NS0:telephoneSystemDomestic>local - the Ministry of Transport and Communications is expanding cellular telephone services to form rural networks; intercity - highly developed fiber-optic backbone (double loop) system presently serving at least 16 major cities (1998)</NS0:telephoneSystemDomestic>
    <NS0:telephoneSystemInternational>fiber-optic cables to Finland, Sweden, Latvia, and Russia provide worldwide packet-switched service; two international switches are located in Tallinn</NS0:telephoneSystemInternational>
    <NS0:radios rdf:ID='A31390'>1010000</NS0:radios>
    <NS0:televisions rdf:ID='A31392'>605000</NS0:televisions>
    <NS0:internetCountryCode>.ee</NS0:internetCountryCode>
    <NS0:internetServiceProviders rdf:ID='A31395'>28</NS0:internetServiceProviders>
    <NS0:internetUsers rdf:ID='A31397'>309000</NS0:internetUsers>
    <NS0:highwaysTotal>30300</NS0:highwaysTotal>
    <NS0:highwaysUnpaved rdf:ID='A31400'>1100</NS0:highwaysUnpaved>
    <NS0:waterways rdf:ID='A31402'>320</NS0:waterways>
    <NS0:port rdf:resource='#A31404'/>
    <NS0:port rdf:resource='#A31408'/>
    <NS0:port rdf:resource='#A31412'/>
    <NS0:port rdf:resource='#A31416'/>
    <NS0:port rdf:resource='#A31420'/>
    <NS0:port rdf:resource='#A31424'/>
    <NS0:airports rdf:ID='A31428'>32</NS0:airports>
    <NS0:airportBreakdown rdf:resource='#A31431'/>
    <NS0:airportBreakdown rdf:resource='#A31438'/>
    <NS0:airportBreakdown rdf:resource='#A31444'/>
    <NS0:airportBreakdown rdf:resource='#A31450'/>
    <NS0:airportBreakdown rdf:resource='#A31457'/>
    <NS0:airportBreakdown rdf:resource='#A31464'/>
    <NS0:airportBreakdown rdf:resource='#A31471'/>
    <NS0:militaryAge>18</NS0:militaryAge>
    <NS0:malesOfMilitaryAge rdf:ID='A31478'>359677</NS0:malesOfMilitaryAge>
    <NS0:malesFitForMilitaryService rdf:ID='A31481'>282418</NS0:malesFitForMilitaryService>
    <NS0:malesReachingMilitaryAgeAnnually rdf:ID='A31484'>11164</NS0:malesReachingMilitaryAgeAnnually>
    <NS0:militaryExpenditures rdf:ID='A31487'>70000000</NS0:militaryExpenditures>
    <NS0:militaryExpendituresPercentGDP rdf:ID='A31489'>1.2</NS0:militaryExpendituresPercentGDP>
    <NS0:internationalDispute>Estonian and Russian negotiators reached a technical border agreement in December 1996 which has not been signed nor ratified by Russia as of February 2001</NS0:internationalDispute>
    <NS0:illicitDrugs>transshipment point for opiates and cannabis from Southwest Asia and the Caucasus via Russia, cocaine from Latin America to Western Europe and Scandinavia, and synthetic drugs from Western Europe to Scandinavia</NS0:illicitDrugs>
    <NS0:illicitDrugs>possible precursor manufacturing and/or trafficking</NS0:illicitDrugs>
    <NS0:illicitDrugs>synthetic drug production growing, trafficked to Russia, Baltics, Finland</NS0:illicitDrugs>
    <NS0:smallFlag>http://www.cia.gov/cia/publications/factbook/flags/en-flag.jpg</NS0:smallFlag>
    <NS0:largeFlag>http://www.cia.gov/cia/publications/factbook/flags/en-lgflag.jpg</NS0:largeFlag>
    <NS0:map>http://www.cia.gov/cia/publications/factbook/maps/en-map.jpg</NS0:map>
    <NS0:border rdf:resource='#A122852'/>
    <NS0:border rdf:resource='#A122857'/>
    <NS0:exportPartner rdf:resource='#A122862'/>
    <NS0:exportPartner rdf:resource='#A122867'/>
    <NS0:exportPartner rdf:resource='#A122872'/>
    <NS0:exportPartner rdf:resource='#A122877'/>
    <NS0:exportPartner rdf:resource='#A122882'/>
    <NS0:exportPartner rdf:ID='A122891' rdf:resource='#A122887'/>
    <NS0:importPartner rdf:resource='#A122893'/>
    <NS0:importPartner rdf:resource='#A122898'/>
    <NS0:importPartner rdf:resource='#A122903'/>
    <NS0:importPartner rdf:resource='#A122908'/>
    <NS0:importPartner rdf:ID='A122917' rdf:resource='#A122913'/>
  </rdf:Description>
  <rdf:Description rdf:about='#A31152'>
    <NS0:note>official</NS0:note>
  </rdf:Description>
  <rdf:Description rdf:about='#A31295'>
    <rdf:type rdf:resource='http://www.daml.org/2001/12/factbook/factbook-ont#Estimate'/>
    <NS0:year>2000</NS0:year>
  </rdf:Description>
  <rdf:Description rdf:about='#A31333'>
    <rdf:type rdf:resource='http://www.daml.org/2001/12/factbook/factbook-ont#CommodityPercent'/>
    <NS0:exportsCommodity rdf:resource='http://www.daml.org/2001/12/factbook/commodities#food_products'/>
    <NS0:percent>9</NS0:percent>
  </rdf:Description>
  <rdf:Description rdf:about='#A31107'>
    <NS0:year>1998</NS0:year>
  </rdf:Description>
  <rdf:Description rdf:about='#A31275'>
    <rdf:type rdf:resource='http://www.daml.org/2001/12/factbook/factbook-ont#Estimate'/>
    <NS0:year>1999</NS0:year>
  </rdf:Description>
  <rdf:Description rdf:about='#A31141'>
    <rdf:type rdf:resource='http://www.daml.org/2001/12/factbook/factbook-ont#ReligionPercent'/>
    <NS0:religion rdf:resource='http://www.daml.org/2001/12/factbook/religions#Word_of_Life'/>
  </rdf:Description>
  <rdf:Description rdf:about='#A31026'>
    <rdf:type rdf:resource='http://www.daml.org/2001/12/factbook/factbook-ont#Estimate'/>
    <NS0:note>July 2001</NS0:note>
  </rdf:Description>
  <rdf:Description rdf:about='#A31278'>
    <rdf:type rdf:resource='http://www.daml.org/2001/12/factbook/factbook-ont#Estimate'/>
    <NS0:year>1999</NS0:year>
  </rdf:Description>
  <rdf:Description rdf:about='#A31137'>
    <rdf:type rdf:resource='http://www.daml.org/2001/12/factbook/factbook-ont#ReligionPercent'/>
    <NS0:religion rdf:resource='http://www.daml.org/2001/12/factbook/religions#Pentecostal'/>
  </rdf:Description>
  <rdf:Description rdf:about='#A31328'>
    <rdf:type rdf:resource='http://www.daml.org/2001/12/factbook/factbook-ont#CommodityPercent'/>
    <NS0:exportsCommodity rdf:resource='http://www.daml.org/2001/12/factbook/commodities#textiles'/>
    <NS0:percent>17</NS0:percent>
  </rdf:Description>
  <rdf:Description rdf:about='#A31133'>
    <rdf:type rdf:resource='http://www.daml.org/2001/12/factbook/factbook-ont#ReligionPercent'/>
    <NS0:religion rdf:resource='http://www.daml.org/2001/12/factbook/religions#Roman_Catholic'/>
  </rdf:Description>
</rdf:RDF>
