<?xml version='1.0' encoding='ISO-8859-1'?>
<rdf:RDF
  xmlns:rdf='http://www.w3.org/1999/02/22-rdf-syntax-ns#'
  xmlns:NS0='http://www.daml.org/2001/12/factbook/factbook-ont#'
  xmlns:rdfs='http://www.w3.org/2000/01/rdf-schema#'
  xml:base="http://www.daml.org/2001/12/factbook/es">
  <rdf:Description rdf:about='#A32241'>
    <rdf:type rdf:resource='http://www.daml.org/2001/12/factbook/factbook-ont#Estimate'/>
    <NS0:year>1999</NS0:year>
  </rdf:Description>
  <rdf:Description rdf:about='#A32220'>
    <NS0:year>1995</NS0:year>
  </rdf:Description>
  <rdf:Description rdf:about='#A32073'>
    <rdf:type rdf:resource='http://www.daml.org/2001/12/factbook/factbook-ont#LanguagePercent'/>
    <NS0:language rdf:resource='http://www.daml.org/2001/12/factbook/languages#Nahua'/>
  </rdf:Description>
  <rdf:Description rdf:about='#A32003'>
    <rdf:type rdf:resource='http://www.daml.org/2001/12/factbook/factbook-ont#Estimate'/>
    <NS0:year>2001</NS0:year>
  </rdf:Description>
  <rdf:Description rdf:about='#A32361'>
    <NS0:year>1990</NS0:year>
  </rdf:Description>
  <rdf:Description rdf:about='#A32069'>
    <rdf:type rdf:resource='http://www.daml.org/2001/12/factbook/factbook-ont#LanguagePercent'/>
    <NS0:language rdf:resource='http://www.daml.org/2001/12/factbook/languages#Spanish'/>
  </rdf:Description>
  <rdf:Description rdf:about='#A32038'>
    <rdf:type rdf:resource='http://www.daml.org/2001/12/factbook/factbook-ont#Estimate'/>
    <NS0:year>2001</NS0:year>
  </rdf:Description>
  <rdf:Description rdf:about='#A32225'>
    <NS0:year>1999</NS0:year>
  </rdf:Description>
  <rdf:Description rdf:about='#A32064'>
    <rdf:type rdf:resource='http://www.daml.org/2001/12/factbook/factbook-ont#ReligionPercent'/>
    <NS0:religion rdf:resource='http://www.daml.org/2001/12/factbook/religions#Roman_Catholic'/>
    <NS0:percent>86</NS0:percent>
  </rdf:Description>
  <rdf:Description rdf:about='#A32059'>
    <rdf:type rdf:resource='http://www.daml.org/2001/12/factbook/factbook-ont#EthnicGroupPercent'/>
    <NS0:ethnicGroup rdf:resource='http://www.daml.org/2001/12/factbook/ethnicGroups#white'/>
    <NS0:percent>9</NS0:percent>
  </rdf:Description>
  <rdf:Description rdf:about='#A32076'>
    <NS0:note>among some Amerindians</NS0:note>
  </rdf:Description>
  <rdf:Description rdf:about='#Department'>
    <rdf:type rdf:resource='http://www.w3.org/2000/01/rdf-schema#Class'/>
    <rdfs:subClassOf rdf:resource='http://www.daml.org/2001/12/factbook/factbook-ont#AdministrativeDivision'/>
    <rdfs:label>Department</rdfs:label>
  </rdf:Description>
  <rdf:Description rdf:about='#A32352'>
    <NS0:year>1997</NS0:year>
  </rdf:Description>
  <rdf:Description rdf:about='#A32054'>
    <rdf:type rdf:resource='http://www.daml.org/2001/12/factbook/factbook-ont#EthnicGroupPercent'/>
    <NS0:ethnicGroup rdf:resource='http://www.daml.org/2001/12/factbook/ethnicGroups#Amerindian'/>
    <NS0:percent>1</NS0:percent>
  </rdf:Description>
  <rdf:Description rdf:about='#A32271'>
    <NS0:year>1999</NS0:year>
  </rdf:Description>
  <rdf:Description rdf:about='#A32443'>
    <NS0:note>FY99</NS0:note>
  </rdf:Description>
  <rdf:Description rdf:about='#A32049'>
    <rdf:type rdf:resource='http://www.daml.org/2001/12/factbook/factbook-ont#EthnicGroupPercent'/>
    <NS0:ethnicGroup rdf:resource='http://www.daml.org/2001/12/factbook/ethnicGroups#mestizo'/>
    <NS0:percent>90</NS0:percent>
  </rdf:Description>
  <rdf:Description rdf:about='#A32237'>
    <rdf:type rdf:resource='http://www.daml.org/2001/12/factbook/factbook-ont#OccupationPercent'/>
    <NS0:occupation rdf:resource='http://www.daml.org/2001/12/factbook/occupations#services'/>
    <NS0:percent>55</NS0:percent>
  </rdf:Description>
  <rdf:Description rdf:about='#A32213'>
    <rdf:type rdf:resource='http://www.daml.org/2001/12/factbook/factbook-ont#Estimate'/>
    <NS0:year>1999</NS0:year>
  </rdf:Description>
  <rdf:Description rdf:about='#A32350'>
    <NS0:year>1998</NS0:year>
  </rdf:Description>
  <rdf:Description rdf:about='#A32424'>
    <rdf:type rdf:resource='http://www.daml.org/2001/12/factbook/factbook-ont#AirportBreakdown'/>
    <NS0:paved>false</NS0:paved>
    <NS0:maxRunway>913</NS0:maxRunway>
    <NS0:count>62 (2000 est.)</NS0:count>
  </rdf:Description>
  <rdf:Description rdf:about='#A32394'>
    <rdf:type rdf:resource='http://www.daml.org/2001/12/factbook/factbook-ont#Estimate'/>
    <NS0:year>2000</NS0:year>
  </rdf:Description>
  <rdf:Description rdf:about='#A32232'>
    <rdf:type rdf:resource='http://www.daml.org/2001/12/factbook/factbook-ont#OccupationPercent'/>
    <NS0:occupation rdf:resource='http://www.daml.org/2001/12/factbook/occupations#industry'/>
    <NS0:percent>15</NS0:percent>
  </rdf:Description>
  <rdf:Description rdf:about='#A32205'>
    <rdf:type rdf:resource='http://www.daml.org/2001/12/factbook/factbook-ont#Estimate'/>
    <NS0:year>2000</NS0:year>
  </rdf:Description>
  <rdf:Description rdf:about='#A32284'>
    <NS0:note>f.o.b., 2000</NS0:note>
  </rdf:Description>
  <rdf:Description rdf:about='#A32227'>
    <rdf:type rdf:resource='http://www.daml.org/2001/12/factbook/factbook-ont#OccupationPercent'/>
    <NS0:occupation rdf:resource='http://www.daml.org/2001/12/factbook/occupations#agriculture'/>
    <NS0:percent>30</NS0:percent>
  </rdf:Description>
  <rdf:Description rdf:about='#A32440'>
    <rdf:type rdf:resource='http://www.daml.org/2001/12/factbook/factbook-ont#Estimate'/>
    <NS0:year>2001</NS0:year>
  </rdf:Description>
  <rdf:Description rdf:about='#A32035'>
    <rdf:type rdf:resource='http://www.daml.org/2001/12/factbook/factbook-ont#SexRatioBreakdown'/>
    <NS0:ratio>0.95</NS0:ratio>
  </rdf:Description>
  <rdf:Description rdf:about='#A32417'>
    <rdf:type rdf:resource='http://www.daml.org/2001/12/factbook/factbook-ont#AirportBreakdown'/>
    <NS0:paved>false</NS0:paved>
    <NS0:minRunway>914</NS0:minRunway>
    <NS0:maxRunway>1523</NS0:maxRunway>
    <NS0:count>17</NS0:count>
  </rdf:Description>
  <rdf:Description rdf:about='#A32030'>
    <rdf:type rdf:resource='http://www.daml.org/2001/12/factbook/factbook-ont#SexRatioBreakdown'/>
    <NS0:minAge>65</NS0:minAge>
    <NS0:ratio>0.82</NS0:ratio>
  </rdf:Description>
  <rdf:Description rdf:about='#A32370'>
    <NS0:note>including 327 km of expressways</NS0:note>
  </rdf:Description>
  <rdf:Description rdf:about='#A32410'>
    <rdf:type rdf:resource='http://www.daml.org/2001/12/factbook/factbook-ont#AirportBreakdown'/>
    <NS0:paved>true</NS0:paved>
    <NS0:minRunway>914</NS0:minRunway>
    <NS0:maxRunway>1523</NS0:maxRunway>
    <NS0:count>2 (2000 est.)</NS0:count>
  </rdf:Description>
  <rdf:Description rdf:about='#A32024'>
    <rdf:type rdf:resource='http://www.daml.org/2001/12/factbook/factbook-ont#SexRatioBreakdown'/>
    <NS0:minAge>15</NS0:minAge>
    <NS0:maxAge>64</NS0:maxAge>
    <NS0:ratio>0.9</NS0:ratio>
  </rdf:Description>
  <rdf:Description rdf:about='#A32403'>
    <rdf:type rdf:resource='http://www.daml.org/2001/12/factbook/factbook-ont#AirportBreakdown'/>
    <NS0:paved>true</NS0:paved>
    <NS0:minRunway>1524</NS0:minRunway>
    <NS0:maxRunway>2437</NS0:maxRunway>
    <NS0:count>1</NS0:count>
  </rdf:Description>
  <rdf:Description rdf:about='#A32018'>
    <rdf:type rdf:resource='http://www.daml.org/2001/12/factbook/factbook-ont#SexRatioBreakdown'/>
    <NS0:minAge>0</NS0:minAge>
    <NS0:maxAge>14</NS0:maxAge>
    <NS0:ratio>1.04</NS0:ratio>
  </rdf:Description>
  <rdf:Description rdf:about='#A32397'>
    <rdf:type rdf:resource='http://www.daml.org/2001/12/factbook/factbook-ont#AirportBreakdown'/>
    <NS0:paved>true</NS0:paved>
    <NS0:minRunway>3048</NS0:minRunway>
    <NS0:count>1</NS0:count>
  </rdf:Description>
  <rdf:Description rdf:about='#A31977'>
    <rdf:type rdf:resource='http://www.daml.org/2001/12/factbook/factbook-ont#Estimate'/>
    <NS0:year>1993</NS0:year>
  </rdf:Description>
  <rdf:Description rdf:about='#A32006'>
    <rdf:type rdf:resource='http://www.daml.org/2001/12/factbook/factbook-ont#Estimate'/>
    <NS0:year>2001</NS0:year>
  </rdf:Description>
  <rdf:Description rdf:about='#A32012'>
    <rdf:type rdf:resource='http://www.daml.org/2001/12/factbook/factbook-ont#SexRatioBreakdown'/>
    <NS0:minAge>0</NS0:minAge>
    <NS0:maxAge>0</NS0:maxAge>
    <NS0:ratio>1.05</NS0:ratio>
  </rdf:Description>
  <rdf:Description rdf:about='#A32390'>
    <rdf:type rdf:resource='http://www.daml.org/2001/12/factbook/factbook-ont#Port'/>
    <NS0:name>Puerto El Triunfo</NS0:name>
  </rdf:Description>
  <rdf:Description rdf:about='#A32269'>
    <NS0:year>1999</NS0:year>
  </rdf:Description>
  <rdf:Description rdf:about='#A32386'>
    <rdf:type rdf:resource='http://www.daml.org/2001/12/factbook/factbook-ont#Port'/>
    <NS0:name>La Union</NS0:name>
  </rdf:Description>
  <rdf:Description rdf:about='#A32382'>
    <rdf:type rdf:resource='http://www.daml.org/2001/12/factbook/factbook-ont#Port'/>
    <NS0:name>La Libertad</NS0:name>
  </rdf:Description>
  <rdf:Description rdf:about='#A122724'>
    <rdf:type rdf:resource='http://www.daml.org/2001/12/factbook/factbook-ont#CountryPercent'/>
    <NS0:country rdf:resource='http://www.daml.org/2001/09/countries/fips#CS'/>
    <NS0:percent>3</NS0:percent>
  </rdf:Description>
  <rdf:Description rdf:about='#A32208'>
    <rdf:type rdf:resource='http://www.daml.org/2001/12/factbook/factbook-ont#Estimate'/>
    <NS0:year>2000</NS0:year>
  </rdf:Description>
  <rdf:Description rdf:about='#A32378'>
    <rdf:type rdf:resource='http://www.daml.org/2001/12/factbook/factbook-ont#Port'/>
    <NS0:name>Puerto Cutuco</NS0:name>
  </rdf:Description>
  <rdf:Description rdf:about='#A32314'>
    <NS0:note>f.o.b., 2000</NS0:note>
  </rdf:Description>
  <rdf:Description rdf:about='#A122719'>
    <rdf:type rdf:resource='http://www.daml.org/2001/12/factbook/factbook-ont#CountryPercent'/>
    <NS0:country rdf:resource='http://www.daml.org/2001/09/countries/fips#MX'/>
    <NS0:percent>6</NS0:percent>
  </rdf:Description>
  <rdf:Description rdf:about='#A32374'>
    <rdf:type rdf:resource='http://www.daml.org/2001/12/factbook/factbook-ont#Port'/>
    <NS0:name>Acajutla</NS0:name>
  </rdf:Description>
  <rdf:Description rdf:about='#A32222'>
    <rdf:type rdf:resource='http://www.daml.org/2001/12/factbook/factbook-ont#Estimate'/>
    <NS0:year>2000</NS0:year>
  </rdf:Description>
  <rdf:Description rdf:about='#A122714'>
    <rdf:type rdf:resource='http://www.daml.org/2001/12/factbook/factbook-ont#CountryPercent'/>
    <NS0:country rdf:resource='http://www.daml.org/2001/09/countries/fips#GT'/>
    <NS0:percent>9</NS0:percent>
  </rdf:Description>
  <rdf:Description rdf:about='#A32437'>
    <rdf:type rdf:resource='http://www.daml.org/2001/12/factbook/factbook-ont#Estimate'/>
    <NS0:year>2001</NS0:year>
  </rdf:Description>
  <rdf:Description rdf:about='#A122709'>
    <rdf:type rdf:resource='http://www.daml.org/2001/12/factbook/factbook-ont#CountryPercent'/>
    <NS0:country rdf:resource='http://www.daml.org/2001/09/countries/fips#US'/>
    <NS0:percent>52</NS0:percent>
  </rdf:Description>
  <rdf:Description rdf:about='#A32265'>
    <NS0:year>1999</NS0:year>
  </rdf:Description>
  <rdf:Description rdf:about='#A32364'>
    <NS0:year>2000</NS0:year>
  </rdf:Description>
  <rdf:Description rdf:about='#A122728'>
    <NS0:note>1999</NS0:note>
  </rdf:Description>
  <rdf:Description rdf:about='#A32044'>
    <rdf:type rdf:resource='http://www.daml.org/2001/12/factbook/factbook-ont#Estimate'/>
    <NS0:year>2001</NS0:year>
  </rdf:Description>
  <rdf:Description rdf:about='#A122703'>
    <rdf:type rdf:resource='http://www.daml.org/2001/12/factbook/factbook-ont#CountryPercent'/>
    <NS0:country rdf:resource='http://www.daml.org/2001/09/countries/fips#CS'/>
    <NS0:percent>4</NS0:percent>
  </rdf:Description>
  <rdf:Description rdf:about='#A32357'>
    <NS0:year>1997</NS0:year>
  </rdf:Description>
  <rdf:Description rdf:about='#A122698'>
    <rdf:type rdf:resource='http://www.daml.org/2001/12/factbook/factbook-ont#CountryPercent'/>
    <NS0:country rdf:resource='http://www.daml.org/2001/09/countries/fips#HO'/>
    <NS0:percent>7</NS0:percent>
  </rdf:Description>
  <rdf:Description rdf:about='#A31974'>
    <rdf:type rdf:resource='http://www.daml.org/2001/12/factbook/factbook-ont#Estimate'/>
    <NS0:year>1993</NS0:year>
  </rdf:Description>
  <rdf:Description rdf:about='#A32366'>
    <NS0:year>2000</NS0:year>
  </rdf:Description>
  <rdf:Description rdf:about='#A122693'>
    <rdf:type rdf:resource='http://www.daml.org/2001/12/factbook/factbook-ont#CountryPercent'/>
    <NS0:country rdf:resource='http://www.daml.org/2001/09/countries/fips#GT'/>
    <NS0:percent>11</NS0:percent>
  </rdf:Description>
  <rdf:Description rdf:about='#A31997'>
    <rdf:type rdf:resource='http://www.daml.org/2001/12/factbook/factbook-ont#Estimate'/>
    <NS0:note>July 2001</NS0:note>
  </rdf:Description>
  <rdf:Description rdf:about='#A32244'>
    <rdf:type rdf:resource='http://www.daml.org/2001/12/factbook/factbook-ont#Estimate'/>
    <NS0:year>2000</NS0:year>
  </rdf:Description>
  <rdf:Description rdf:about='#A32081'>
    <rdf:type rdf:resource='http://www.daml.org/2001/12/factbook/factbook-ont#Estimate'/>
    <NS0:year>1995</NS0:year>
  </rdf:Description>
  <rdf:Description rdf:about='#A122688'>
    <rdf:type rdf:resource='http://www.daml.org/2001/12/factbook/factbook-ont#CountryPercent'/>
    <NS0:country rdf:resource='http://www.daml.org/2001/09/countries/fips#US'/>
    <NS0:percent>63</NS0:percent>
  </rdf:Description>
  <rdf:Description rdf:about='#A31961'>
    <rdf:type rdf:resource='http://www.daml.org/2001/12/factbook/factbook-ont#ElevationExtreme'/>
    <NS0:name>Cerro El Pital</NS0:name>
    <NS0:elevation>2730</NS0:elevation>
  </rdf:Description>
  <rdf:Description rdf:about='#A122683'>
    <rdf:type rdf:resource='http://www.daml.org/2001/12/factbook/factbook-ont#Border'/>
    <NS0:country rdf:resource='http://www.daml.org/2001/09/countries/fips#HO'/>
    <NS0:distance>342</NS0:distance>
  </rdf:Description>
  <rdf:Description rdf:about='#A32340'>
    <rdf:type rdf:resource='http://www.daml.org/2001/12/factbook/factbook-ont#CommodityPercent'/>
    <NS0:importsCommodity rdf:resource='http://www.daml.org/2001/12/factbook/commodities#electricity'/>
  </rdf:Description>
  <rdf:Description rdf:about='#A32148'>
    <rdf:type rdf:resource='#Department'/>
    <NS0:name>Usulutan</NS0:name>
  </rdf:Description>
  <rdf:Description rdf:about='#A31956'>
    <rdf:type rdf:resource='http://www.daml.org/2001/12/factbook/factbook-ont#ElevationExtreme'/>
    <NS0:name>Pacific Ocean</NS0:name>
    <NS0:elevation>0</NS0:elevation>
  </rdf:Description>
  <rdf:Description rdf:about='#A32336'>
    <rdf:type rdf:resource='http://www.daml.org/2001/12/factbook/factbook-ont#CommodityPercent'/>
    <NS0:importsCommodity rdf:resource='http://www.daml.org/2001/12/factbook/commodities#petroleum'/>
  </rdf:Description>
  <rdf:Description rdf:about='#A122678'>
    <rdf:type rdf:resource='http://www.daml.org/2001/12/factbook/factbook-ont#Border'/>
    <NS0:country rdf:resource='http://www.daml.org/2001/09/countries/fips#GT'/>
    <NS0:distance>203</NS0:distance>
  </rdf:Description>
  <rdf:Description rdf:about='#A32144'>
    <rdf:type rdf:resource='#Department'/>
    <NS0:name>Sonsonate</NS0:name>
  </rdf:Description>
  <rdf:Description rdf:about='#A32332'>
    <rdf:type rdf:resource='http://www.daml.org/2001/12/factbook/factbook-ont#CommodityPercent'/>
    <NS0:importsCommodity rdf:resource='http://www.daml.org/2001/12/factbook/commodities#foodstuffs'/>
  </rdf:Description>
  <rdf:Description rdf:about='#A32140'>
    <rdf:type rdf:resource='#Department'/>
    <NS0:name>San Vicente</NS0:name>
  </rdf:Description>
  <rdf:Description rdf:about='#A32328'>
    <rdf:type rdf:resource='http://www.daml.org/2001/12/factbook/factbook-ont#CommodityPercent'/>
    <NS0:importsCommodity rdf:resource='http://www.daml.org/2001/12/factbook/commodities#fuels'/>
  </rdf:Description>
  <rdf:Description rdf:about='#A32136'>
    <rdf:type rdf:resource='#Department'/>
    <NS0:name>Santa Ana</NS0:name>
  </rdf:Description>
  <rdf:Description rdf:about='#A32260'>
    <NS0:year>1999</NS0:year>
  </rdf:Description>
  <rdf:Description rdf:about='#A32324'>
    <rdf:type rdf:resource='http://www.daml.org/2001/12/factbook/factbook-ont#CommodityPercent'/>
    <NS0:importsCommodity rdf:resource='http://www.daml.org/2001/12/factbook/commodities#capital_goods'/>
  </rdf:Description>
  <rdf:Description rdf:about='#A31941'>
    <rdf:type rdf:resource='http://www.daml.org/2001/12/factbook/factbook-ont#LatLon'/>
    <NS0:latitude>13.833333333333334</NS0:latitude>
    <NS0:longitude>-88.91666666666667</NS0:longitude>
  </rdf:Description>
  <rdf:Description rdf:about='#A32132'>
    <rdf:type rdf:resource='#Department'/>
    <NS0:name>San Salvador</NS0:name>
  </rdf:Description>
  <rdf:Description rdf:about='#A32009'>
    <rdf:type rdf:resource='http://www.daml.org/2001/12/factbook/factbook-ont#Estimate'/>
    <NS0:year>2001</NS0:year>
  </rdf:Description>
  <rdf:Description rdf:about='#A32320'>
    <rdf:type rdf:resource='http://www.daml.org/2001/12/factbook/factbook-ont#CommodityPercent'/>
    <NS0:importsCommodity rdf:resource='http://www.daml.org/2001/12/factbook/commodities#consumer_goods'/>
  </rdf:Description>
  <rdf:Description rdf:about='#A32128'>
    <rdf:type rdf:resource='#Department'/>
    <NS0:name>San Miguel</NS0:name>
  </rdf:Description>
  <rdf:Description rdf:about='#A122707'>
    <NS0:note>1999</NS0:note>
  </rdf:Description>
  <rdf:Description rdf:about='#A32316'>
    <rdf:type rdf:resource='http://www.daml.org/2001/12/factbook/factbook-ont#CommodityPercent'/>
    <NS0:importsCommodity rdf:resource='http://www.daml.org/2001/12/factbook/commodities#raw_materials'/>
  </rdf:Description>
  <rdf:Description rdf:about='#A32124'>
    <rdf:type rdf:resource='#Department'/>
    <NS0:name>Morazan</NS0:name>
  </rdf:Description>
  <rdf:Description rdf:about='#A32430'>
    <rdf:type rdf:resource='http://www.daml.org/2001/12/factbook/factbook-ont#Estimate'/>
    <NS0:year>2000</NS0:year>
  </rdf:Description>
  <rdf:Description rdf:about='#A32000'>
    <rdf:type rdf:resource='http://www.daml.org/2001/12/factbook/factbook-ont#Estimate'/>
    <NS0:year>2001</NS0:year>
  </rdf:Description>
  <rdf:Description rdf:about='#A32041'>
    <rdf:type rdf:resource='http://www.daml.org/2001/12/factbook/factbook-ont#Estimate'/>
    <NS0:year>2001</NS0:year>
  </rdf:Description>
  <rdf:Description rdf:about='#A32120'>
    <rdf:type rdf:resource='#Department'/>
    <NS0:name>La Union</NS0:name>
  </rdf:Description>
  <rdf:Description rdf:about='#A32310'>
    <rdf:type rdf:resource='http://www.daml.org/2001/12/factbook/factbook-ont#CommodityPercent'/>
    <NS0:exportsCommodity rdf:resource='http://www.daml.org/2001/12/factbook/commodities#electricity'/>
  </rdf:Description>
  <rdf:Description rdf:about='#A32359'>
    <NS0:year>1997</NS0:year>
  </rdf:Description>
  <rdf:Description rdf:about='#A32202'>
    <rdf:type rdf:resource='http://www.daml.org/2001/12/factbook/factbook-ont#Estimate'/>
    <NS0:year>2000</NS0:year>
  </rdf:Description>
  <rdf:Description rdf:about='#A32216'>
    <rdf:type rdf:resource='http://www.daml.org/2001/12/factbook/factbook-ont#Estimate'/>
    <NS0:year>1999</NS0:year>
  </rdf:Description>
  <rdf:Description rdf:about='#A32116'>
    <rdf:type rdf:resource='#Department'/>
    <NS0:name>La Paz</NS0:name>
  </rdf:Description>
  <rdf:Description rdf:about='#A32306'>
    <rdf:type rdf:resource='http://www.daml.org/2001/12/factbook/factbook-ont#CommodityPercent'/>
    <NS0:exportsCommodity rdf:resource='http://www.daml.org/2001/12/factbook/commodities#chemicals'/>
  </rdf:Description>
  <rdf:Description rdf:about='#A32372'>
    <NS0:year>1997</NS0:year>
  </rdf:Description>
  <rdf:Description rdf:about='#A32445'>
    <NS0:note>FY99</NS0:note>
  </rdf:Description>
  <rdf:Description rdf:about='#A32112'>
    <rdf:type rdf:resource='#Department'/>
    <NS0:name>La Libertad</NS0:name>
  </rdf:Description>
  <rdf:Description rdf:about='#A32302'>
    <rdf:type rdf:resource='http://www.daml.org/2001/12/factbook/factbook-ont#CommodityPercent'/>
    <NS0:exportsCommodity rdf:resource='http://www.daml.org/2001/12/factbook/commodities#textiles'/>
  </rdf:Description>
  <rdf:Description rdf:about='#A32108'>
    <rdf:type rdf:resource='#Department'/>
    <NS0:name>Cuscatlan</NS0:name>
  </rdf:Description>
  <rdf:Description rdf:about='#A32434'>
    <rdf:type rdf:resource='http://www.daml.org/2001/12/factbook/factbook-ont#Estimate'/>
    <NS0:year>2001</NS0:year>
  </rdf:Description>
  <rdf:Description rdf:about='#A32298'>
    <rdf:type rdf:resource='http://www.daml.org/2001/12/factbook/factbook-ont#CommodityPercent'/>
    <NS0:exportsCommodity rdf:resource='http://www.daml.org/2001/12/factbook/commodities#shrimp'/>
  </rdf:Description>
  <rdf:Description rdf:about='http://www.daml.org/2001/09/countries/fips#ES'>
    <NS0:background>El Salvador achieved independence from Spain in 1821 and from the Central American Federation in 1839. A 12-year civil war, which cost the lives of some 75,000 people, was brought to a close in 1992 when the government and leftist rebels signed a treaty that provided for military and political reforms.</NS0:background>
    <NS0:location>Middle America, bordering the North Pacific Ocean, between Guatemala and Honduras</NS0:location>
    <NS0:geographicCoordinates rdf:resource='#A31941'/>
    <NS0:mapReferences>Central America and the Caribbean</NS0:mapReferences>
    <NS0:totalArea>21040</NS0:totalArea>
    <NS0:landArea>20720</NS0:landArea>
    <NS0:waterArea>320</NS0:waterArea>
    <NS0:comparativeArea>slightly smaller than Massachusetts</NS0:comparativeArea>
    <NS0:landBoundaries>545</NS0:landBoundaries>
    <NS0:coastline>307</NS0:coastline>
    <NS0:territorialSea>200</NS0:territorialSea>
    <NS0:climate>tropical; rainy season (May to October); dry season (November to April); tropical on coast; temperate in uplands</NS0:climate>
    <NS0:terrain>mostly mountains with narrow coastal belt and central plateau</NS0:terrain>
    <NS0:lowestPoint rdf:resource='#A31956'/>
    <NS0:highestPoint rdf:resource='#A31961'/>
    <NS0:naturalResource rdf:resource='http://www.daml.org/2001/12/factbook/naturalResources#hydropower'/>
    <NS0:naturalResource rdf:resource='http://www.daml.org/2001/12/factbook/naturalResources#geothermal_power'/>
    <NS0:naturalResource rdf:resource='http://www.daml.org/2001/12/factbook/naturalResources#petroleum'/>
    <NS0:naturalResource rdf:resource='http://www.daml.org/2001/12/factbook/naturalResources#arable_land'/>
    <NS0:arableLand>27</NS0:arableLand>
    <NS0:permanentCrops>8</NS0:permanentCrops>
    <NS0:permanentPastures>29</NS0:permanentPastures>
    <NS0:forestsAndWoodland>5</NS0:forestsAndWoodland>
    <NS0:otherLandUse rdf:ID='A31974'>31</NS0:otherLandUse>
    <NS0:irrigatedLand rdf:ID='A31977'>1200</NS0:irrigatedLand>
    <NS0:naturalHazard>known as the Land of Volcanoes</NS0:naturalHazard>
    <NS0:naturalHazard>frequent and sometimes very destructive earthquakes and volcanic activity</NS0:naturalHazard>
    <NS0:environmentalIssue>deforestation</NS0:environmentalIssue>
    <NS0:environmentalIssue>soil erosion</NS0:environmentalIssue>
    <NS0:environmentalIssue>water pollution</NS0:environmentalIssue>
    <NS0:environmentalIssue>contamination of soils from disposal of toxic wastes</NS0:environmentalIssue>
    <NS0:environmentalIssue>Hurricane Mitch damage</NS0:environmentalIssue>
    <NS0:environmentalAgreementPartyTo rdf:resource='http://www.daml.org/2001/12/factbook/environmentalAgreements#Biodiversity'/>
    <NS0:environmentalAgreementPartyTo rdf:resource='http://www.daml.org/2001/12/factbook/environmentalAgreements#Climate_Change'/>
    <NS0:environmentalAgreementPartyTo rdf:resource='http://www.daml.org/2001/12/factbook/environmentalAgreements#Climate_Change-Kyoto_Protocol'/>
    <NS0:environmentalAgreementPartyTo rdf:resource='http://www.daml.org/2001/12/factbook/environmentalAgreements#Desertification'/>
    <NS0:environmentalAgreementPartyTo rdf:resource='http://www.daml.org/2001/12/factbook/environmentalAgreements#Endangered_Species'/>
    <NS0:environmentalAgreementPartyTo rdf:resource='http://www.daml.org/2001/12/factbook/environmentalAgreements#Hazardous_Wastes'/>
    <NS0:environmentalAgreementPartyTo rdf:resource='http://www.daml.org/2001/12/factbook/environmentalAgreements#Nuclear_Test_Ban'/>
    <NS0:environmentalAgreementPartyTo rdf:resource='http://www.daml.org/2001/12/factbook/environmentalAgreements#Ozone_Layer_Protection'/>
    <NS0:environmentalAgreementPartyTo rdf:resource='http://www.daml.org/2001/12/factbook/environmentalAgreements#Wetlands'/>
    <NS0:environmentalAgreementSigned rdf:resource='http://www.daml.org/2001/12/factbook/environmentalAgreements#Law_of_the_Sea'/>
    <NS0:population rdf:ID='A31997'>6237662</NS0:population>
    <NS0:populationGrowthRate rdf:ID='A32000'>1.85</NS0:populationGrowthRate>
    <NS0:birthRate rdf:ID='A32003'>28.67</NS0:birthRate>
    <NS0:deathRate rdf:ID='A32006'>6.18</NS0:deathRate>
    <NS0:netMigrationRate rdf:ID='A32009'>-3.95</NS0:netMigrationRate>
    <NS0:sexRatio rdf:resource='#A32012'/>
    <NS0:sexRatio rdf:resource='#A32018'/>
    <NS0:sexRatio rdf:resource='#A32024'/>
    <NS0:sexRatio rdf:resource='#A32030'/>
    <NS0:sexRatio rdf:ID='A32038' rdf:resource='#A32035'/>
    <NS0:infantMortalityRate rdf:ID='A32041'>28.4</NS0:infantMortalityRate>
    <NS0:totalFertilityRate rdf:ID='A32044'>3.34</NS0:totalFertilityRate>
    <NS0:nationalityNoun>Salvadoran(s)</NS0:nationalityNoun>
    <NS0:nationalityAdjective>Salvadoran</NS0:nationalityAdjective>
    <NS0:ethnicGroup rdf:resource='#A32049'/>
    <NS0:ethnicGroup rdf:resource='#A32054'/>
    <NS0:ethnicGroup rdf:resource='#A32059'/>
    <NS0:religion rdf:resource='#A32064'/>
    <NS0:language rdf:resource='#A32069'/>
    <NS0:language rdf:ID='A32076' rdf:resource='#A32073'/>
    <NS0:literacyDefinition>age 10 and over can read and write</NS0:literacyDefinition>
    <NS0:literacyTotal>71.5</NS0:literacyTotal>
    <NS0:literacyMale>73.5</NS0:literacyMale>
    <NS0:literacyFemale rdf:ID='A32081'>69.8</NS0:literacyFemale>
    <NS0:conventionalLongCountryName>Republic of El Salvador</NS0:conventionalLongCountryName>
    <NS0:conventionalShortCountryName>El Salvador</NS0:conventionalShortCountryName>
    <NS0:localLongCountryName>Republica de El Salvador</NS0:localLongCountryName>
    <NS0:localShortCountryName>El Salvador</NS0:localShortCountryName>
    <NS0:governmentType rdf:resource='http://www.daml.org/2001/12/factbook/governmentTypes#republic'/>
    <NS0:capital rdf:resource='#A32089'/>
    <NS0:administrativeDivision rdf:resource='#A32096'/>
    <NS0:administrativeDivision rdf:resource='#A32100'/>
    <NS0:administrativeDivision rdf:resource='#A32104'/>
    <NS0:administrativeDivision rdf:resource='#A32108'/>
    <NS0:administrativeDivision rdf:resource='#A32112'/>
    <NS0:administrativeDivision rdf:resource='#A32116'/>
    <NS0:administrativeDivision rdf:resource='#A32120'/>
    <NS0:administrativeDivision rdf:resource='#A32124'/>
    <NS0:administrativeDivision rdf:resource='#A32128'/>
    <NS0:administrativeDivision rdf:resource='#A32132'/>
    <NS0:administrativeDivision rdf:resource='#A32136'/>
    <NS0:administrativeDivision rdf:resource='#A32140'/>
    <NS0:administrativeDivision rdf:resource='#A32144'/>
    <NS0:administrativeDivision rdf:resource='#A32148'/>
    <NS0:independence>15 September 1821 (from Spain)</NS0:independence>
    <NS0:constitution>23 December 1983</NS0:constitution>
    <NS0:legalSystem>based on civil and Roman law, with traces of common law; judicial review of legislative acts in the Supreme Court; accepts compulsory ICJ jurisdiction, with reservations</NS0:legalSystem>
    <NS0:suffrage>18 years of age; universal</NS0:suffrage>
    <NS0:participatesIn rdf:resource='http://www.daml.org/2001/12/factbook/internationalOrganizations#BCIE'/>
    <NS0:participatesIn rdf:resource='http://www.daml.org/2001/12/factbook/internationalOrganizations#CACM'/>
    <NS0:participatesIn rdf:resource='http://www.daml.org/2001/12/factbook/internationalOrganizations#ECLAC'/>
    <NS0:participatesIn rdf:resource='http://www.daml.org/2001/12/factbook/internationalOrganizations#FAO'/>
    <NS0:participatesIn rdf:resource='http://www.daml.org/2001/12/factbook/internationalOrganizations#G-77'/>
    <NS0:participatesIn rdf:resource='http://www.daml.org/2001/12/factbook/internationalOrganizations#IADB'/>
    <NS0:participatesIn rdf:resource='http://www.daml.org/2001/12/factbook/internationalOrganizations#IAEA'/>
    <NS0:participatesIn rdf:resource='http://www.daml.org/2001/12/factbook/internationalOrganizations#IBRD'/>
    <NS0:participatesIn rdf:resource='http://www.daml.org/2001/12/factbook/internationalOrganizations#ICAO'/>
    <NS0:participatesIn rdf:resource='http://www.daml.org/2001/12/factbook/internationalOrganizations#ICFTU'/>
    <NS0:participatesIn rdf:resource='http://www.daml.org/2001/12/factbook/internationalOrganizations#ICRM'/>
    <NS0:participatesIn rdf:resource='http://www.daml.org/2001/12/factbook/internationalOrganizations#IDA'/>
    <NS0:participatesIn rdf:resource='http://www.daml.org/2001/12/factbook/internationalOrganizations#IFAD'/>
    <NS0:participatesIn rdf:resource='http://www.daml.org/2001/12/factbook/internationalOrganizations#IFC'/>
    <NS0:participatesIn rdf:resource='http://www.daml.org/2001/12/factbook/internationalOrganizations#IFRCS'/>
    <NS0:participatesIn rdf:resource='http://www.daml.org/2001/12/factbook/internationalOrganizations#ILO'/>
    <NS0:participatesIn rdf:resource='http://www.daml.org/2001/12/factbook/internationalOrganizations#IMF'/>
    <NS0:participatesIn rdf:resource='http://www.daml.org/2001/12/factbook/internationalOrganizations#IMO'/>
    <NS0:participatesIn rdf:resource='http://www.daml.org/2001/12/factbook/internationalOrganizations#Intelsat'/>
    <NS0:participatesIn rdf:resource='http://www.daml.org/2001/12/factbook/internationalOrganizations#Interpol'/>
    <NS0:participatesIn rdf:resource='http://www.daml.org/2001/12/factbook/internationalOrganizations#IOC'/>
    <NS0:participatesIn rdf:resource='http://www.daml.org/2001/12/factbook/internationalOrganizations#IOM'/>
    <NS0:participatesIn rdf:resource='http://www.daml.org/2001/12/factbook/internationalOrganizations#ISO'/>
    <NS0:participatesIn rdf:resource='http://www.daml.org/2001/12/factbook/internationalOrganizations#ITU'/>
    <NS0:participatesIn rdf:resource='http://www.daml.org/2001/12/factbook/internationalOrganizations#LAES'/>
    <NS0:participatesIn rdf:resource='http://www.daml.org/2001/12/factbook/internationalOrganizations#LAIA'/>
    <NS0:participatesIn rdf:resource='http://www.daml.org/2001/12/factbook/internationalOrganizations#MINURSO'/>
    <NS0:participatesIn rdf:resource='http://www.daml.org/2001/12/factbook/internationalOrganizations#NAM'/>
    <NS0:participatesIn rdf:resource='http://www.daml.org/2001/12/factbook/internationalOrganizations#OAS'/>
    <NS0:participatesIn rdf:resource='http://www.daml.org/2001/12/factbook/internationalOrganizations#OPANAL'/>
    <NS0:participatesIn rdf:resource='http://www.daml.org/2001/12/factbook/internationalOrganizations#OPCW'/>
    <NS0:participatesIn rdf:resource='http://www.daml.org/2001/12/factbook/internationalOrganizations#PCA'/>
    <NS0:participatesIn rdf:resource='http://www.daml.org/2001/12/factbook/internationalOrganizations#UN'/>
    <NS0:participatesIn rdf:resource='http://www.daml.org/2001/12/factbook/internationalOrganizations#UNCTAD'/>
    <NS0:participatesIn rdf:resource='http://www.daml.org/2001/12/factbook/internationalOrganizations#UNESCO'/>
    <NS0:participatesIn rdf:resource='http://www.daml.org/2001/12/factbook/internationalOrganizations#UNIDO'/>
    <NS0:participatesIn rdf:resource='http://www.daml.org/2001/12/factbook/internationalOrganizations#UPU'/>
    <NS0:participatesIn rdf:resource='http://www.daml.org/2001/12/factbook/internationalOrganizations#WCL'/>
    <NS0:participatesIn rdf:resource='http://www.daml.org/2001/12/factbook/internationalOrganizations#WFTU'/>
    <NS0:participatesIn rdf:resource='http://www.daml.org/2001/12/factbook/internationalOrganizations#WHO'/>
    <NS0:participatesIn rdf:resource='http://www.daml.org/2001/12/factbook/internationalOrganizations#WIPO'/>
    <NS0:participatesIn rdf:resource='http://www.daml.org/2001/12/factbook/internationalOrganizations#WMO'/>
    <NS0:participatesIn rdf:resource='http://www.daml.org/2001/12/factbook/internationalOrganizations#WToO'/>
    <NS0:participatesIn rdf:resource='http://www.daml.org/2001/12/factbook/internationalOrganizations#WTrO'/>
    <NS0:flagDescription>three equal horizontal bands of blue (top), white, and blue with the national coat of arms centered in the white band; the coat of arms features a round emblem encircled by the words REPUBLICA DE EL SALVADOR EN LA AMERICA CENTRAL; similar to the flag of Nicaragua, which has a different coat of arms centered in the white band - it features a triangle encircled by the words REPUBLICA DE NICARAGUA on top and AMERICA CENTRAL on the bottom; also similar to the flag of Honduras, which has five blue stars arranged in an X pattern centered in the white band</NS0:flagDescription>
    <NS0:economyOverview>El Salvador is a struggling Central American economy which has been suffering from a weak tax collection system, factory closings, the aftermaths of Hurricane Mitch of 1998 and the devastating earthquakes of early 2001, and weak world coffee prices. On the bright side, in recent years inflation has fallen to single digit levels, and total exports have grown substantially. The trade deficit has been offset by remittances (an estimated $1.6 billion in 2000) from Salvadorans living abroad and by external aid. As of 1 January 2001, the US dollar was made legal tender alongside the colon.</NS0:economyOverview>
    <NS0:grossDomesticProduct rdf:ID='A32202'>24000000000</NS0:grossDomesticProduct>
    <NS0:grossDomesticProductRealGrowth rdf:ID='A32205'>2.5</NS0:grossDomesticProductRealGrowth>
    <NS0:grossDomesticProductPerCapita rdf:ID='A32208'>4000</NS0:grossDomesticProductPerCapita>
    <NS0:grossDomesticProductAgriculture>12</NS0:grossDomesticProductAgriculture>
    <NS0:grossDomesticProductIndustry>28</NS0:grossDomesticProductIndustry>
    <NS0:grossDomesticProductServices rdf:ID='A32213'>60</NS0:grossDomesticProductServices>
    <NS0:populationBelowPovertyLine rdf:ID='A32216'>48</NS0:populationBelowPovertyLine>
    <NS0:householdIncomeLowest10Percent>1.2</NS0:householdIncomeLowest10Percent>
    <NS0:householdIncomeHighest10Percent rdf:ID='A32220'>38.3</NS0:householdIncomeHighest10Percent>
    <NS0:inflationRate rdf:ID='A32222'>2.5</NS0:inflationRate>
    <NS0:laborForce rdf:ID='A32225'>2350000</NS0:laborForce>
    <NS0:occupation rdf:resource='#A32227'/>
    <NS0:occupation rdf:resource='#A32232'/>
    <NS0:occupation rdf:ID='A32241' rdf:resource='#A32237'/>
    <NS0:unemploymentRate rdf:ID='A32244'>10</NS0:unemploymentRate>
    <NS0:budgetRevenues>1800000000</NS0:budgetRevenues>
    <NS0:budgetExpenditures>2200000000</NS0:budgetExpenditures>
    <NS0:industry rdf:resource='http://www.daml.org/2001/12/factbook/industries#food_processing'/>
    <NS0:industry rdf:resource='http://www.daml.org/2001/12/factbook/industries#beverages'/>
    <NS0:industry rdf:resource='http://www.daml.org/2001/12/factbook/industries#petroleum'/>
    <NS0:industry rdf:resource='http://www.daml.org/2001/12/factbook/industries#chemicals'/>
    <NS0:industry rdf:resource='http://www.daml.org/2001/12/factbook/industries#fertilizer'/>
    <NS0:industry rdf:resource='http://www.daml.org/2001/12/factbook/industries#textiles'/>
    <NS0:industry rdf:resource='http://www.daml.org/2001/12/factbook/industries#furniture'/>
    <NS0:industry rdf:resource='http://www.daml.org/2001/12/factbook/industries#light_metals'/>
    <NS0:industrialProductionGrowthRate rdf:ID='A32257'>5</NS0:industrialProductionGrowthRate>
    <NS0:electricityProduction rdf:ID='A32260'>3641000000</NS0:electricityProduction>
    <NS0:electricityProductionFossilFuel>45.65</NS0:electricityProductionFossilFuel>
    <NS0:electricityProductionHydro>41.01</NS0:electricityProductionHydro>
    <NS0:electricityProductionNuclear>0</NS0:electricityProductionNuclear>
    <NS0:electricityProductionOther rdf:ID='A32265'>13.34</NS0:electricityProductionOther>
    <NS0:electricityConsumption rdf:ID='A32267'>3638000000</NS0:electricityConsumption>
    <NS0:electricityExports rdf:ID='A32269'>208000000</NS0:electricityExports>
    <NS0:electricityImports rdf:ID='A32271'>460000000</NS0:electricityImports>
    <NS0:agricultureProduct rdf:resource='http://www.daml.org/2001/12/factbook/agricultureProducts#coffee'/>
    <NS0:agricultureProduct rdf:resource='http://www.daml.org/2001/12/factbook/agricultureProducts#sugar'/>
    <NS0:agricultureProduct rdf:resource='http://www.daml.org/2001/12/factbook/agricultureProducts#corn'/>
    <NS0:agricultureProduct rdf:resource='http://www.daml.org/2001/12/factbook/agricultureProducts#rice'/>
    <NS0:agricultureProduct rdf:resource='http://www.daml.org/2001/12/factbook/agricultureProducts#beans'/>
    <NS0:agricultureProduct rdf:resource='http://www.daml.org/2001/12/factbook/agricultureProducts#oilseed'/>
    <NS0:agricultureProduct rdf:resource='http://www.daml.org/2001/12/factbook/agricultureProducts#cotton'/>
    <NS0:agricultureProduct rdf:resource='http://www.daml.org/2001/12/factbook/agricultureProducts#sorghum'/>
    <NS0:agricultureProduct rdf:resource='http://www.daml.org/2001/12/factbook/agricultureProducts#shrimp'/>
    <NS0:agricultureProduct rdf:resource='http://www.daml.org/2001/12/factbook/agricultureProducts#beef'/>
    <NS0:agricultureProduct rdf:resource='http://www.daml.org/2001/12/factbook/agricultureProducts#dairy_products'/>
    <NS0:exports rdf:ID='A32284'>2800000000</NS0:exports>
    <NS0:exportsCommodity rdf:resource='#A32286'/>
    <NS0:exportsCommodity rdf:resource='#A32290'/>
    <NS0:exportsCommodity rdf:resource='#A32294'/>
    <NS0:exportsCommodity rdf:resource='#A32298'/>
    <NS0:exportsCommodity rdf:resource='#A32302'/>
    <NS0:exportsCommodity rdf:resource='#A32306'/>
    <NS0:exportsCommodity rdf:resource='#A32310'/>
    <NS0:imports rdf:ID='A32314'>4600000000</NS0:imports>
    <NS0:importsCommodity rdf:resource='#A32316'/>
    <NS0:importsCommodity rdf:resource='#A32320'/>
    <NS0:importsCommodity rdf:resource='#A32324'/>
    <NS0:importsCommodity rdf:resource='#A32328'/>
    <NS0:importsCommodity rdf:resource='#A32332'/>
    <NS0:importsCommodity rdf:resource='#A32336'/>
    <NS0:importsCommodity rdf:resource='#A32340'/>
    <NS0:externalDebt rdf:ID='A32344'>4099999999</NS0:externalDebt>
    <NS0:currency>Salvadoran colon (SVC); US dollar (USD)</NS0:currency>
    <NS0:currencyCode>SVC; USD</NS0:currencyCode>
    <NS0:fiscalYear>calendar year</NS0:fiscalYear>
    <NS0:mainTelephoneLines rdf:ID='A32350'>380000</NS0:mainTelephoneLines>
    <NS0:mobileTelephoneLines rdf:ID='A32352'>40163</NS0:mobileTelephoneLines>
    <NS0:telephoneSystemGeneralAssessment>NA</NS0:telephoneSystemGeneralAssessment>
    <NS0:telephoneSystemDomestic>nationwide microwave radio relay system</NS0:telephoneSystemDomestic>
    <NS0:telephoneSystemInternational>satellite earth station - 1 Intelsat (Atlantic Ocean); connected to Central American Microwave System</NS0:telephoneSystemInternational>
    <NS0:radios rdf:ID='A32357'>2750000</NS0:radios>
    <NS0:televisionBroadcastStations rdf:ID='A32359'>5</NS0:televisionBroadcastStations>
    <NS0:televisions rdf:ID='A32361'>600000</NS0:televisions>
    <NS0:internetCountryCode>.sv</NS0:internetCountryCode>
    <NS0:internetServiceProviders rdf:ID='A32364'>4</NS0:internetServiceProviders>
    <NS0:internetUsers rdf:ID='A32366'>40000</NS0:internetUsers>
    <NS0:railwaysTotal>562</NS0:railwaysTotal>
    <NS0:highwaysTotal>10029</NS0:highwaysTotal>
    <NS0:highwaysPaved rdf:ID='A32370'>1986</NS0:highwaysPaved>
    <NS0:highwaysUnpaved rdf:ID='A32372'>8043</NS0:highwaysUnpaved>
    <NS0:port rdf:resource='#A32374'/>
    <NS0:port rdf:resource='#A32378'/>
    <NS0:port rdf:resource='#A32382'/>
    <NS0:port rdf:resource='#A32386'/>
    <NS0:port rdf:resource='#A32390'/>
    <NS0:airports rdf:ID='A32394'>83</NS0:airports>
    <NS0:airportBreakdown rdf:resource='#A32397'/>
    <NS0:airportBreakdown rdf:resource='#A32403'/>
    <NS0:airportBreakdown rdf:resource='#A32410'/>
    <NS0:airportBreakdown rdf:resource='#A32417'/>
    <NS0:airportBreakdown rdf:resource='#A32424'/>
    <NS0:heliports rdf:ID='A32430'>1</NS0:heliports>
    <NS0:militaryAge>18</NS0:militaryAge>
    <NS0:malesOfMilitaryAge rdf:ID='A32434'>1464898</NS0:malesOfMilitaryAge>
    <NS0:malesFitForMilitaryService rdf:ID='A32437'>929263</NS0:malesFitForMilitaryService>
    <NS0:malesReachingMilitaryAgeAnnually rdf:ID='A32440'>68103</NS0:malesReachingMilitaryAgeAnnually>
    <NS0:militaryExpenditures rdf:ID='A32443'>112000000</NS0:militaryExpenditures>
    <NS0:militaryExpendituresPercentGDP rdf:ID='A32445'>0.7</NS0:militaryExpendituresPercentGDP>
    <NS0:internationalDispute>with respect to the maritime boundary in the Golfo de Fonseca, the ICJ referred to the line determined by the 1900 Honduras-Nicaragua Mixed Boundary Commission and advised that some tripartite resolution among El Salvador, Honduras and Nicaragua likely would be required</NS0:internationalDispute>
    <NS0:illicitDrugs>transshipment point for cocaine</NS0:illicitDrugs>
    <NS0:illicitDrugs>marijuana produced for local consumption</NS0:illicitDrugs>
    <NS0:illicitDrugs>domestic drug abuse on the rise</NS0:illicitDrugs>
    <NS0:smallFlag>http://www.cia.gov/cia/publications/factbook/flags/es-flag.jpg</NS0:smallFlag>
    <NS0:largeFlag>http://www.cia.gov/cia/publications/factbook/flags/es-lgflag.jpg</NS0:largeFlag>
    <NS0:map>http://www.cia.gov/cia/publications/factbook/maps/es-map.jpg</NS0:map>
    <NS0:border rdf:resource='#A122678'/>
    <NS0:border rdf:resource='#A122683'/>
    <NS0:exportPartner rdf:resource='#A122688'/>
    <NS0:exportPartner rdf:resource='#A122693'/>
    <NS0:exportPartner rdf:resource='#A122698'/>
    <NS0:exportPartner rdf:ID='A122707' rdf:resource='#A122703'/>
    <NS0:importPartner rdf:resource='#A122709'/>
    <NS0:importPartner rdf:resource='#A122714'/>
    <NS0:importPartner rdf:resource='#A122719'/>
    <NS0:importPartner rdf:ID='A122728' rdf:resource='#A122724'/>
  </rdf:Description>
  <rdf:Description rdf:about='#A32104'>
    <rdf:type rdf:resource='#Department'/>
    <NS0:name>Chalatenango</NS0:name>
  </rdf:Description>
  <rdf:Description rdf:about='#A32294'>
    <rdf:type rdf:resource='http://www.daml.org/2001/12/factbook/factbook-ont#CommodityPercent'/>
    <NS0:exportsCommodity rdf:resource='http://www.daml.org/2001/12/factbook/commodities#sugar'/>
  </rdf:Description>
  <rdf:Description rdf:about='#A32100'>
    <rdf:type rdf:resource='#Department'/>
    <NS0:name>Cabanas</NS0:name>
  </rdf:Description>
  <rdf:Description rdf:about='#A32257'>
    <rdf:type rdf:resource='http://www.daml.org/2001/12/factbook/factbook-ont#Estimate'/>
    <NS0:year>2000</NS0:year>
  </rdf:Description>
  <rdf:Description rdf:about='#A32290'>
    <rdf:type rdf:resource='http://www.daml.org/2001/12/factbook/factbook-ont#CommodityPercent'/>
    <NS0:exportsCommodity rdf:resource='http://www.daml.org/2001/12/factbook/commodities#coffee'/>
  </rdf:Description>
  <rdf:Description rdf:about='#A32096'>
    <rdf:type rdf:resource='#Department'/>
    <NS0:name>Ahuachapan</NS0:name>
  </rdf:Description>
  <rdf:Description rdf:about='#A32344'>
    <rdf:type rdf:resource='http://www.daml.org/2001/12/factbook/factbook-ont#Estimate'/>
    <NS0:year>2000</NS0:year>
  </rdf:Description>
  <rdf:Description rdf:about='#A32286'>
    <rdf:type rdf:resource='http://www.daml.org/2001/12/factbook/factbook-ont#CommodityPercent'/>
    <NS0:exportsCommodity rdf:resource='http://www.daml.org/2001/12/factbook/commodities#offshore_assembly_exports'/>
  </rdf:Description>
  <rdf:Description rdf:about='#A32267'>
    <NS0:year>1999</NS0:year>
  </rdf:Description>
  <rdf:Description rdf:about='#A32089'>
    <rdf:type rdf:resource='http://www.daml.org/2001/12/factbook/factbook-ont#CapitalCity'/>
    <NS0:name>San Salvador</NS0:name>
  </rdf:Description>
</rdf:RDF>
