<?xml version='1.0' encoding='ISO-8859-1'?>
<rdf:RDF
  xmlns:rdf='http://www.w3.org/1999/02/22-rdf-syntax-ns#'
  xmlns:NS0='http://www.daml.org/2001/12/factbook/factbook-ont#'
  xml:base="http://www.daml.org/2001/12/factbook/fg">
  <rdf:Description rdf:about='#A33880'>
    <rdf:type rdf:resource='http://www.daml.org/2001/12/factbook/factbook-ont#Estimate'/>
    <NS0:year>1993</NS0:year>
  </rdf:Description>
  <rdf:Description rdf:about='#A33977'>
    <rdf:type rdf:resource='http://www.daml.org/2001/12/factbook/factbook-ont#Estimate'/>
    <NS0:year>1982</NS0:year>
  </rdf:Description>
  <rdf:Description rdf:about='#A34124'>
    <NS0:year>2000</NS0:year>
  </rdf:Description>
  <rdf:Description rdf:about='#A34092'>
    <NS0:note>c.i.f., 1997</NS0:note>
  </rdf:Description>
  <rdf:Description rdf:about='#A33986'>
    <rdf:type rdf:resource='http://www.daml.org/2001/12/factbook/factbook-ont#CapitalCity'/>
    <NS0:name>Cayenne</NS0:name>
  </rdf:Description>
  <rdf:Description rdf:about='#A34107'>
    <NS0:year>1988</NS0:year>
  </rdf:Description>
  <rdf:Description rdf:about='#A34171'>
    <rdf:type rdf:resource='http://www.daml.org/2001/12/factbook/factbook-ont#AirportBreakdown'/>
    <NS0:paved>false</NS0:paved>
    <NS0:maxRunway>913</NS0:maxRunway>
    <NS0:count>5 (2000 est.)</NS0:count>
  </rdf:Description>
  <rdf:Description rdf:about='#A33927'>
    <rdf:type rdf:resource='http://www.daml.org/2001/12/factbook/factbook-ont#Estimate'/>
    <NS0:year>2001</NS0:year>
  </rdf:Description>
  <rdf:Description rdf:about='#A34164'>
    <rdf:type rdf:resource='http://www.daml.org/2001/12/factbook/factbook-ont#AirportBreakdown'/>
    <NS0:paved>false</NS0:paved>
    <NS0:minRunway>914</NS0:minRunway>
    <NS0:maxRunway>1523</NS0:maxRunway>
    <NS0:count>2</NS0:count>
  </rdf:Description>
  <rdf:Description rdf:about='#A33970'>
    <rdf:type rdf:resource='http://www.daml.org/2001/12/factbook/factbook-ont#LanguagePercent'/>
    <NS0:language rdf:resource='http://www.daml.org/2001/12/factbook/languages#French'/>
  </rdf:Description>
  <rdf:Description rdf:about='#A34158'>
    <rdf:type rdf:resource='http://www.daml.org/2001/12/factbook/factbook-ont#AirportBreakdown'/>
    <NS0:paved>true</NS0:paved>
    <NS0:maxRunway>913</NS0:maxRunway>
    <NS0:count>1 (2000 est.)</NS0:count>
  </rdf:Description>
  <rdf:Description rdf:about='#A33966'>
    <rdf:type rdf:resource='http://www.daml.org/2001/12/factbook/factbook-ont#ReligionPercent'/>
    <NS0:religion rdf:resource='http://www.daml.org/2001/12/factbook/religions#Roman_Catholic'/>
  </rdf:Description>
  <rdf:Description rdf:about='#A33961'>
    <rdf:type rdf:resource='http://www.daml.org/2001/12/factbook/factbook-ont#EthnicGroupPercent'/>
    <NS0:ethnicGroup rdf:resource='http://www.daml.org/2001/12/factbook/ethnicGroups#other'/>
    <NS0:percent>10</NS0:percent>
  </rdf:Description>
  <rdf:Description rdf:about='#A34151'>
    <rdf:type rdf:resource='http://www.daml.org/2001/12/factbook/factbook-ont#AirportBreakdown'/>
    <NS0:paved>true</NS0:paved>
    <NS0:minRunway>914</NS0:minRunway>
    <NS0:maxRunway>1523</NS0:maxRunway>
    <NS0:count>2</NS0:count>
  </rdf:Description>
  <rdf:Description rdf:about='#A33956'>
    <rdf:type rdf:resource='http://www.daml.org/2001/12/factbook/factbook-ont#EthnicGroupPercent'/>
    <NS0:ethnicGroup rdf:resource='http://www.daml.org/2001/12/factbook/ethnicGroups#Amerindian'/>
    <NS0:percent>12</NS0:percent>
  </rdf:Description>
  <rdf:Description rdf:about='#A34142'>
    <rdf:type rdf:resource='http://www.daml.org/2001/12/factbook/factbook-ont#Estimate'/>
    <NS0:year>2000</NS0:year>
  </rdf:Description>
  <rdf:Description rdf:about='#A34145'>
    <rdf:type rdf:resource='http://www.daml.org/2001/12/factbook/factbook-ont#AirportBreakdown'/>
    <NS0:paved>true</NS0:paved>
    <NS0:minRunway>3048</NS0:minRunway>
    <NS0:count>1</NS0:count>
  </rdf:Description>
  <rdf:Description rdf:about='#A33886'>
    <rdf:type rdf:resource='http://www.daml.org/2001/12/factbook/factbook-ont#Estimate'/>
    <NS0:note>July 2001</NS0:note>
  </rdf:Description>
  <rdf:Description rdf:about='#A33952'>
    <rdf:type rdf:resource='http://www.daml.org/2001/12/factbook/factbook-ont#EthnicGroupPercent'/>
    <NS0:ethnicGroup rdf:resource='http://www.daml.org/2001/12/factbook/ethnicGroups#Chinese'/>
  </rdf:Description>
  <rdf:Description rdf:about='#A33948'>
    <rdf:type rdf:resource='http://www.daml.org/2001/12/factbook/factbook-ont#EthnicGroupPercent'/>
    <NS0:ethnicGroup rdf:resource='http://www.daml.org/2001/12/factbook/ethnicGroups#East_Indian'/>
  </rdf:Description>
  <rdf:Description rdf:about='#A34138'>
    <rdf:type rdf:resource='http://www.daml.org/2001/12/factbook/factbook-ont#Port'/>
    <NS0:name>Saint-Laurent du Maroni</NS0:name>
  </rdf:Description>
  <rdf:Description rdf:about='#A33943'>
    <rdf:type rdf:resource='http://www.daml.org/2001/12/factbook/factbook-ont#EthnicGroupPercent'/>
    <NS0:ethnicGroup rdf:resource='http://www.daml.org/2001/12/factbook/ethnicGroups#white'/>
    <NS0:percent>12</NS0:percent>
  </rdf:Description>
  <rdf:Description rdf:about='#A34134'>
    <rdf:type rdf:resource='http://www.daml.org/2001/12/factbook/factbook-ont#Port'/>
    <NS0:name>Degrad des Cannes</NS0:name>
  </rdf:Description>
  <rdf:Description rdf:about='#A34180'>
    <rdf:type rdf:resource='http://www.daml.org/2001/12/factbook/factbook-ont#Estimate'/>
    <NS0:year>2001</NS0:year>
  </rdf:Description>
  <rdf:Description rdf:about='#A34130'>
    <rdf:type rdf:resource='http://www.daml.org/2001/12/factbook/factbook-ont#Port'/>
    <NS0:name>Cayenne</NS0:name>
  </rdf:Description>
  <rdf:Description rdf:about='#A33938'>
    <rdf:type rdf:resource='http://www.daml.org/2001/12/factbook/factbook-ont#EthnicGroupPercent'/>
    <NS0:ethnicGroup rdf:resource='http://www.daml.org/2001/12/factbook/ethnicGroups#black_or_mulatto'/>
    <NS0:percent>66</NS0:percent>
  </rdf:Description>
  <rdf:Description rdf:about='#A33892'>
    <rdf:type rdf:resource='http://www.daml.org/2001/12/factbook/factbook-ont#Estimate'/>
    <NS0:year>2001</NS0:year>
  </rdf:Description>
  <rdf:Description rdf:about='#A34037'>
    <NS0:year>1996</NS0:year>
  </rdf:Description>
  <rdf:Description rdf:about='#A33924'>
    <rdf:type rdf:resource='http://www.daml.org/2001/12/factbook/factbook-ont#SexRatioBreakdown'/>
    <NS0:ratio>1.13</NS0:ratio>
  </rdf:Description>
  <rdf:Description rdf:about='#A33919'>
    <rdf:type rdf:resource='http://www.daml.org/2001/12/factbook/factbook-ont#SexRatioBreakdown'/>
    <NS0:minAge>65</NS0:minAge>
    <NS0:ratio>1.03</NS0:ratio>
  </rdf:Description>
  <rdf:Description rdf:about='#A34007'>
    <NS0:year>1997</NS0:year>
  </rdf:Description>
  <rdf:Description rdf:about='#A33913'>
    <rdf:type rdf:resource='http://www.daml.org/2001/12/factbook/factbook-ont#SexRatioBreakdown'/>
    <NS0:minAge>15</NS0:minAge>
    <NS0:maxAge>64</NS0:maxAge>
    <NS0:ratio>1.18</NS0:ratio>
  </rdf:Description>
  <rdf:Description rdf:about='#A34103'>
    <rdf:type rdf:resource='http://www.daml.org/2001/12/factbook/factbook-ont#CommodityPercent'/>
    <NS0:importsCommodity rdf:resource='http://www.daml.org/2001/12/factbook/commodities#fuels_and_chemicals'/>
  </rdf:Description>
  <rdf:Description rdf:about='#A34055'>
    <NS0:year>1999</NS0:year>
  </rdf:Description>
  <rdf:Description rdf:about='#A34099'>
    <rdf:type rdf:resource='http://www.daml.org/2001/12/factbook/factbook-ont#CommodityPercent'/>
    <NS0:importsCommodity rdf:resource='http://www.daml.org/2001/12/factbook/commodities#machinery_and_transport_equipment'/>
  </rdf:Description>
  <rdf:Description rdf:about='#A33907'>
    <rdf:type rdf:resource='http://www.daml.org/2001/12/factbook/factbook-ont#SexRatioBreakdown'/>
    <NS0:minAge>0</NS0:minAge>
    <NS0:maxAge>14</NS0:maxAge>
    <NS0:ratio>1.05</NS0:ratio>
  </rdf:Description>
  <rdf:Description rdf:about='#A33889'>
    <rdf:type rdf:resource='http://www.daml.org/2001/12/factbook/factbook-ont#Estimate'/>
    <NS0:year>2001</NS0:year>
  </rdf:Description>
  <rdf:Description rdf:about='#A34094'>
    <rdf:type rdf:resource='http://www.daml.org/2001/12/factbook/factbook-ont#CommodityPercent'/>
    <NS0:importsCommodity rdf:resource='http://www.daml.org/2001/12/factbook/commodities#food'/>
  </rdf:Description>
  <rdf:Description rdf:about='#A33901'>
    <rdf:type rdf:resource='http://www.daml.org/2001/12/factbook/factbook-ont#SexRatioBreakdown'/>
    <NS0:minAge>0</NS0:minAge>
    <NS0:maxAge>0</NS0:maxAge>
    <NS0:ratio>1.05</NS0:ratio>
  </rdf:Description>
  <rdf:Description rdf:about='#A34119'>
    <NS0:year>1997</NS0:year>
  </rdf:Description>
  <rdf:Description rdf:about='#A34088'>
    <rdf:type rdf:resource='http://www.daml.org/2001/12/factbook/factbook-ont#CommodityPercent'/>
    <NS0:exportsCommodity rdf:resource='http://www.daml.org/2001/12/factbook/commodities#clothing'/>
  </rdf:Description>
  <rdf:Description rdf:about='#A34005'>
    <NS0:year>1992</NS0:year>
  </rdf:Description>
  <rdf:Description rdf:about='#A34084'>
    <rdf:type rdf:resource='http://www.daml.org/2001/12/factbook/factbook-ont#CommodityPercent'/>
    <NS0:exportsCommodity rdf:resource='http://www.daml.org/2001/12/factbook/commodities#rosewood_essence'/>
  </rdf:Description>
  <rdf:Description rdf:about='#A34080'>
    <rdf:type rdf:resource='http://www.daml.org/2001/12/factbook/factbook-ont#CommodityPercent'/>
    <NS0:exportsCommodity rdf:resource='http://www.daml.org/2001/12/factbook/commodities#rum'/>
  </rdf:Description>
  <rdf:Description rdf:about='#A34044'>
    <NS0:year>1999</NS0:year>
  </rdf:Description>
  <rdf:Description rdf:about='#A34076'>
    <rdf:type rdf:resource='http://www.daml.org/2001/12/factbook/factbook-ont#CommodityPercent'/>
    <NS0:exportsCommodity rdf:resource='http://www.daml.org/2001/12/factbook/commodities#gold'/>
  </rdf:Description>
  <rdf:Description rdf:about='#A123269'>
    <rdf:type rdf:resource='http://www.daml.org/2001/12/factbook/factbook-ont#CountryPercent'/>
    <NS0:country rdf:resource='http://www.daml.org/2001/09/countries/fips#TD'/>
    <NS0:percent>6</NS0:percent>
  </rdf:Description>
  <rdf:Description rdf:about='#A34072'>
    <rdf:type rdf:resource='http://www.daml.org/2001/12/factbook/factbook-ont#CommodityPercent'/>
    <NS0:exportsCommodity rdf:resource='http://www.daml.org/2001/12/factbook/commodities#timber'/>
  </rdf:Description>
  <rdf:Description rdf:about='#A123257'>
    <NS0:note>1997</NS0:note>
  </rdf:Description>
  <rdf:Description rdf:about='#A34066'>
    <NS0:note>f.o.b., 1997</NS0:note>
  </rdf:Description>
  <rdf:Description rdf:about='#A34068'>
    <rdf:type rdf:resource='http://www.daml.org/2001/12/factbook/factbook-ont#CommodityPercent'/>
    <NS0:exportsCommodity rdf:resource='http://www.daml.org/2001/12/factbook/commodities#shrimp'/>
  </rdf:Description>
  <rdf:Description rdf:about='#A123264'>
    <rdf:type rdf:resource='http://www.daml.org/2001/12/factbook/factbook-ont#CountryPercent'/>
    <NS0:country rdf:resource='http://www.daml.org/2001/09/countries/fips#US'/>
    <NS0:percent>14</NS0:percent>
  </rdf:Description>
  <rdf:Description rdf:about='#A123259'>
    <rdf:type rdf:resource='http://www.daml.org/2001/12/factbook/factbook-ont#CountryPercent'/>
    <NS0:country rdf:resource='http://www.daml.org/2001/09/countries/fips#FR'/>
    <NS0:percent>52</NS0:percent>
  </rdf:Description>
  <rdf:Description rdf:about='#A34117'>
    <NS0:year>1997</NS0:year>
  </rdf:Description>
  <rdf:Description rdf:about='#A34122'>
    <NS0:year>2000</NS0:year>
  </rdf:Description>
  <rdf:Description rdf:about='#A34128'>
    <NS0:year>1998</NS0:year>
  </rdf:Description>
  <rdf:Description rdf:about='#A123253'>
    <rdf:type rdf:resource='http://www.daml.org/2001/12/factbook/factbook-ont#CountryPercent'/>
    <NS0:country rdf:resource='http://www.daml.org/2001/09/countries/fips#US'/>
    <NS0:percent>2</NS0:percent>
  </rdf:Description>
  <rdf:Description rdf:about='#A33862'>
    <rdf:type rdf:resource='http://www.daml.org/2001/12/factbook/factbook-ont#ElevationExtreme'/>
    <NS0:name>Bellevue de l&apos;Inini</NS0:name>
    <NS0:elevation>851</NS0:elevation>
  </rdf:Description>
  <rdf:Description rdf:about='#A33930'>
    <rdf:type rdf:resource='http://www.daml.org/2001/12/factbook/factbook-ont#Estimate'/>
    <NS0:year>2001</NS0:year>
  </rdf:Description>
  <rdf:Description rdf:about='#A123248'>
    <rdf:type rdf:resource='http://www.daml.org/2001/12/factbook/factbook-ont#CountryPercent'/>
    <NS0:country rdf:resource='http://www.daml.org/2001/09/countries/fips#SZ'/>
    <NS0:percent>7</NS0:percent>
  </rdf:Description>
  <rdf:Description rdf:about='#A34002'>
    <rdf:type rdf:resource='http://www.daml.org/2001/12/factbook/factbook-ont#Estimate'/>
    <NS0:year>1998</NS0:year>
  </rdf:Description>
  <rdf:Description rdf:about='#A33857'>
    <rdf:type rdf:resource='http://www.daml.org/2001/12/factbook/factbook-ont#ElevationExtreme'/>
    <NS0:name>Atlantic Ocean</NS0:name>
    <NS0:elevation>0</NS0:elevation>
  </rdf:Description>
  <rdf:Description rdf:about='#A34112'>
    <NS0:year>1997</NS0:year>
  </rdf:Description>
  <rdf:Description rdf:about='#A33999'>
    <rdf:type rdf:resource='http://www.daml.org/2001/12/factbook/factbook-ont#Estimate'/>
    <NS0:year>1998</NS0:year>
  </rdf:Description>
  <rdf:Description rdf:about='#A123243'>
    <rdf:type rdf:resource='http://www.daml.org/2001/12/factbook/factbook-ont#CountryPercent'/>
    <NS0:country rdf:resource='http://www.daml.org/2001/09/countries/fips#FR'/>
    <NS0:percent>62</NS0:percent>
  </rdf:Description>
  <rdf:Description rdf:about='#A33933'>
    <rdf:type rdf:resource='http://www.daml.org/2001/12/factbook/factbook-ont#Estimate'/>
    <NS0:year>2001</NS0:year>
  </rdf:Description>
  <rdf:Description rdf:about='#A34177'>
    <rdf:type rdf:resource='http://www.daml.org/2001/12/factbook/factbook-ont#Estimate'/>
    <NS0:year>2001</NS0:year>
  </rdf:Description>
  <rdf:Description rdf:about='#A34053'>
    <NS0:year>1999</NS0:year>
  </rdf:Description>
  <rdf:Description rdf:about='#A123238'>
    <rdf:type rdf:resource='http://www.daml.org/2001/12/factbook/factbook-ont#Border'/>
    <NS0:country rdf:resource='http://www.daml.org/2001/09/countries/fips#NS'/>
    <NS0:distance>510</NS0:distance>
  </rdf:Description>
  <rdf:Description rdf:about='#A123233'>
    <rdf:type rdf:resource='http://www.daml.org/2001/12/factbook/factbook-ont#Border'/>
    <NS0:country rdf:resource='http://www.daml.org/2001/09/countries/fips#BR'/>
    <NS0:distance>673</NS0:distance>
  </rdf:Description>
  <rdf:Description rdf:about='http://www.daml.org/2001/09/countries/fips#FG'>
    <NS0:background>First settled by the French in 1604, French Guiana was the site of notorious penal settlements until 1951. The European Space Agency launches its communication satellites from Kourou.</NS0:background>
    <NS0:location>Northern South America, bordering the North Atlantic Ocean, between Brazil and Suriname</NS0:location>
    <NS0:geographicCoordinates rdf:resource='#A33841'/>
    <NS0:mapReferences>South America</NS0:mapReferences>
    <NS0:totalArea>91000</NS0:totalArea>
    <NS0:landArea>89150</NS0:landArea>
    <NS0:waterArea>1850</NS0:waterArea>
    <NS0:comparativeArea>slightly smaller than Indiana</NS0:comparativeArea>
    <NS0:landBoundaries>1183</NS0:landBoundaries>
    <NS0:coastline>378</NS0:coastline>
    <NS0:exclusiveEconomicZone>200</NS0:exclusiveEconomicZone>
    <NS0:territorialSea>12</NS0:territorialSea>
    <NS0:climate>tropical; hot, humid; little seasonal temperature variation</NS0:climate>
    <NS0:terrain>low-lying coastal plains rising to hills and small mountains</NS0:terrain>
    <NS0:lowestPoint rdf:resource='#A33857'/>
    <NS0:highestPoint rdf:resource='#A33862'/>
    <NS0:naturalResource rdf:resource='http://www.daml.org/2001/12/factbook/naturalResources#bauxite'/>
    <NS0:naturalResource rdf:resource='http://www.daml.org/2001/12/factbook/naturalResources#timber'/>
    <NS0:naturalResource rdf:resource='http://www.daml.org/2001/12/factbook/naturalResources#gold'/>
    <NS0:naturalResource rdf:resource='http://www.daml.org/2001/12/factbook/naturalResources#cinnabar'/>
    <NS0:naturalResource rdf:resource='http://www.daml.org/2001/12/factbook/naturalResources#kaolin'/>
    <NS0:naturalResource rdf:resource='http://www.daml.org/2001/12/factbook/naturalResources#fish'/>
    <NS0:arableLand>0</NS0:arableLand>
    <NS0:permanentCrops>0</NS0:permanentCrops>
    <NS0:permanentPastures>0</NS0:permanentPastures>
    <NS0:forestsAndWoodland>90</NS0:forestsAndWoodland>
    <NS0:otherLandUse rdf:ID='A33877'>10</NS0:otherLandUse>
    <NS0:irrigatedLand rdf:ID='A33880'>20</NS0:irrigatedLand>
    <NS0:naturalHazard>high frequency of heavy showers and severe thunderstorms</NS0:naturalHazard>
    <NS0:naturalHazard>flooding</NS0:naturalHazard>
    <NS0:environmentalIssue>NA</NS0:environmentalIssue>
    <NS0:population rdf:ID='A33886'>177562</NS0:population>
    <NS0:populationGrowthRate rdf:ID='A33889'>2.74</NS0:populationGrowthRate>
    <NS0:birthRate rdf:ID='A33892'>22.02</NS0:birthRate>
    <NS0:deathRate rdf:ID='A33895'>4.77</NS0:deathRate>
    <NS0:netMigrationRate rdf:ID='A33898'>10.14</NS0:netMigrationRate>
    <NS0:sexRatio rdf:resource='#A33901'/>
    <NS0:sexRatio rdf:resource='#A33907'/>
    <NS0:sexRatio rdf:resource='#A33913'/>
    <NS0:sexRatio rdf:resource='#A33919'/>
    <NS0:sexRatio rdf:ID='A33927' rdf:resource='#A33924'/>
    <NS0:infantMortalityRate rdf:ID='A33930'>13.61</NS0:infantMortalityRate>
    <NS0:totalFertilityRate rdf:ID='A33933'>3.17</NS0:totalFertilityRate>
    <NS0:nationalityNoun>French Guianese (singular and plural)</NS0:nationalityNoun>
    <NS0:nationalityAdjective>French Guianese</NS0:nationalityAdjective>
    <NS0:ethnicGroup rdf:resource='#A33938'/>
    <NS0:ethnicGroup rdf:resource='#A33943'/>
    <NS0:ethnicGroup rdf:resource='#A33948'/>
    <NS0:ethnicGroup rdf:resource='#A33952'/>
    <NS0:ethnicGroup rdf:resource='#A33956'/>
    <NS0:ethnicGroup rdf:resource='#A33961'/>
    <NS0:religion rdf:resource='#A33966'/>
    <NS0:language rdf:resource='#A33970'/>
    <NS0:literacyDefinition>age 15 and over can read and write</NS0:literacyDefinition>
    <NS0:literacyTotal>83</NS0:literacyTotal>
    <NS0:literacyMale>84</NS0:literacyMale>
    <NS0:literacyFemale rdf:ID='A33977'>82</NS0:literacyFemale>
    <NS0:conventionalLongCountryName>Department of Guiana</NS0:conventionalLongCountryName>
    <NS0:conventionalShortCountryName>French Guiana</NS0:conventionalShortCountryName>
    <NS0:localLongCountryName>none</NS0:localLongCountryName>
    <NS0:localShortCountryName>Guyane</NS0:localShortCountryName>
    <NS0:dependencyStatus>overseas department of France</NS0:dependencyStatus>
    <NS0:governmentType rdf:resource='http://www.daml.org/2001/12/factbook/governmentTypes#NA'/>
    <NS0:capital rdf:resource='#A33986'/>
    <NS0:independence>none (overseas department of France)</NS0:independence>
    <NS0:constitution>28 September 1958 (French Constitution)</NS0:constitution>
    <NS0:legalSystem>French legal system</NS0:legalSystem>
    <NS0:suffrage>18 years of age; universal</NS0:suffrage>
    <NS0:participatesIn rdf:resource='http://www.daml.org/2001/12/factbook/internationalOrganizations#FZ'/>
    <NS0:participatesIn rdf:resource='http://www.daml.org/2001/12/factbook/internationalOrganizations#WCL'/>
    <NS0:participatesIn rdf:resource='http://www.daml.org/2001/12/factbook/internationalOrganizations#WFTU'/>
    <NS0:flagDescription>the flag of France is used</NS0:flagDescription>
    <NS0:economyOverview>The economy is tied closely to that of France through subsidies and imports. Besides the French space center at Kourou, fishing and forestry are the most important economic activities. The large reserves of tropical hardwoods, not fully exploited, support an expanding sawmill industry which provides sawn logs for export. Cultivation of crops is limited to the coastal area, where the population is largely concentrated; rice and manioc are the major crops. French Guiana is heavily dependent on imports of food and energy. Unemployment is a serious problem, particularly among younger workers.</NS0:economyOverview>
    <NS0:grossDomesticProduct rdf:ID='A33999'>1000000000</NS0:grossDomesticProduct>
    <NS0:grossDomesticProductPerCapita rdf:ID='A34002'>6000</NS0:grossDomesticProductPerCapita>
    <NS0:inflationRate rdf:ID='A34005'>2.5</NS0:inflationRate>
    <NS0:laborForce rdf:ID='A34007'>58800</NS0:laborForce>
    <NS0:occupation rdf:resource='#A34009'/>
    <NS0:occupation rdf:resource='#A34013'/>
    <NS0:occupation rdf:resource='#A34017'/>
    <NS0:occupation rdf:resource='#A34022'/>
    <NS0:occupation rdf:ID='A34031' rdf:resource='#A34027'/>
    <NS0:unemploymentRate rdf:ID='A34033'>21.4</NS0:unemploymentRate>
    <NS0:budgetRevenues>225000000</NS0:budgetRevenues>
    <NS0:budgetExpenditures>390000000</NS0:budgetExpenditures>
    <NS0:budgetCapitalExpenditures rdf:ID='A34037'>105000000</NS0:budgetCapitalExpenditures>
    <NS0:industry rdf:resource='http://www.daml.org/2001/12/factbook/industries#construction'/>
    <NS0:industry rdf:resource='http://www.daml.org/2001/12/factbook/industries#shrimp_processing'/>
    <NS0:industry rdf:resource='http://www.daml.org/2001/12/factbook/industries#forestry_products'/>
    <NS0:industry rdf:resource='http://www.daml.org/2001/12/factbook/industries#rum'/>
    <NS0:industry rdf:resource='http://www.daml.org/2001/12/factbook/industries#gold_mining'/>
    <NS0:electricityProduction rdf:ID='A34044'>440000000</NS0:electricityProduction>
    <NS0:electricityProductionFossilFuel>100</NS0:electricityProductionFossilFuel>
    <NS0:electricityProductionHydro>0</NS0:electricityProductionHydro>
    <NS0:electricityProductionNuclear>0</NS0:electricityProductionNuclear>
    <NS0:electricityProductionOther rdf:ID='A34049'>0</NS0:electricityProductionOther>
    <NS0:electricityConsumption rdf:ID='A34051'>409200000</NS0:electricityConsumption>
    <NS0:electricityExports rdf:ID='A34053'>0</NS0:electricityExports>
    <NS0:electricityImports rdf:ID='A34055'>0</NS0:electricityImports>
    <NS0:agricultureProduct rdf:resource='http://www.daml.org/2001/12/factbook/agricultureProducts#rice'/>
    <NS0:agricultureProduct rdf:resource='http://www.daml.org/2001/12/factbook/agricultureProducts#manioc'/>
    <NS0:agricultureProduct rdf:resource='http://www.daml.org/2001/12/factbook/agricultureProducts#sugar'/>
    <NS0:agricultureProduct rdf:resource='http://www.daml.org/2001/12/factbook/agricultureProducts#cocoa'/>
    <NS0:agricultureProduct rdf:resource='http://www.daml.org/2001/12/factbook/agricultureProducts#vegetables'/>
    <NS0:agricultureProduct rdf:resource='http://www.daml.org/2001/12/factbook/agricultureProducts#bananas'/>
    <NS0:agricultureProduct rdf:resource='http://www.daml.org/2001/12/factbook/agricultureProducts#cattle'/>
    <NS0:agricultureProduct rdf:resource='http://www.daml.org/2001/12/factbook/agricultureProducts#pigs'/>
    <NS0:agricultureProduct rdf:resource='http://www.daml.org/2001/12/factbook/agricultureProducts#poultry'/>
    <NS0:exports rdf:ID='A34066'>155000000</NS0:exports>
    <NS0:exportsCommodity rdf:resource='#A34068'/>
    <NS0:exportsCommodity rdf:resource='#A34072'/>
    <NS0:exportsCommodity rdf:resource='#A34076'/>
    <NS0:exportsCommodity rdf:resource='#A34080'/>
    <NS0:exportsCommodity rdf:resource='#A34084'/>
    <NS0:exportsCommodity rdf:resource='#A34088'/>
    <NS0:imports rdf:ID='A34092'>625000000</NS0:imports>
    <NS0:importsCommodity rdf:ID='A34097' rdf:resource='#A34094'/>
    <NS0:importsCommodity rdf:resource='#A34099'/>
    <NS0:importsCommodity rdf:resource='#A34103'/>
    <NS0:externalDebt rdf:ID='A34107'>1200000000</NS0:externalDebt>
    <NS0:currency>French franc (FRF); euro (EUR)</NS0:currency>
    <NS0:currencyCode>FRF; EUR</NS0:currencyCode>
    <NS0:fiscalYear>calendar year</NS0:fiscalYear>
    <NS0:mainTelephoneLines rdf:ID='A34112'>47000</NS0:mainTelephoneLines>
    <NS0:telephoneSystemGeneralAssessment>NA</NS0:telephoneSystemGeneralAssessment>
    <NS0:telephoneSystemDomestic>fair open wire and microwave radio relay system</NS0:telephoneSystemDomestic>
    <NS0:telephoneSystemInternational>satellite earth station - 1 Intelsat (Atlantic Ocean)</NS0:telephoneSystemInternational>
    <NS0:radios rdf:ID='A34117'>104000</NS0:radios>
    <NS0:televisions rdf:ID='A34119'>30000</NS0:televisions>
    <NS0:internetCountryCode>.gf</NS0:internetCountryCode>
    <NS0:internetServiceProviders rdf:ID='A34122'>2</NS0:internetServiceProviders>
    <NS0:internetUsers rdf:ID='A34124'>2000</NS0:internetUsers>
    <NS0:highwaysTotal>1817</NS0:highwaysTotal>
    <NS0:highwaysPaved>817</NS0:highwaysPaved>
    <NS0:highwaysUnpaved rdf:ID='A34128'>1000</NS0:highwaysUnpaved>
    <NS0:port rdf:resource='#A34130'/>
    <NS0:port rdf:resource='#A34134'/>
    <NS0:port rdf:resource='#A34138'/>
    <NS0:airports rdf:ID='A34142'>11</NS0:airports>
    <NS0:airportBreakdown rdf:resource='#A34145'/>
    <NS0:airportBreakdown rdf:resource='#A34151'/>
    <NS0:airportBreakdown rdf:resource='#A34158'/>
    <NS0:airportBreakdown rdf:resource='#A34164'/>
    <NS0:airportBreakdown rdf:resource='#A34171'/>
    <NS0:malesOfMilitaryAge rdf:ID='A34177'>49495</NS0:malesOfMilitaryAge>
    <NS0:malesFitForMilitaryService rdf:ID='A34180'>32052</NS0:malesFitForMilitaryService>
    <NS0:internationalDispute>Suriname claims area between Riviere Litani and Riviere Marouini</NS0:internationalDispute>
    <NS0:illicitDrugs>small amount of marijuana grown for local consumption</NS0:illicitDrugs>
    <NS0:illicitDrugs>minor transshipment point to Europe</NS0:illicitDrugs>
    <NS0:smallFlag>http://www.cia.gov/cia/publications/factbook/flags/fg-flag.jpg</NS0:smallFlag>
    <NS0:largeFlag>http://www.cia.gov/cia/publications/factbook/flags/fg-lgflag.jpg</NS0:largeFlag>
    <NS0:map>http://www.cia.gov/cia/publications/factbook/maps/fg-map.jpg</NS0:map>
    <NS0:border rdf:resource='#A123233'/>
    <NS0:border rdf:resource='#A123238'/>
    <NS0:exportPartner rdf:resource='#A123243'/>
    <NS0:exportPartner rdf:resource='#A123248'/>
    <NS0:exportPartner rdf:ID='A123257' rdf:resource='#A123253'/>
    <NS0:importPartner rdf:resource='#A123259'/>
    <NS0:importPartner rdf:resource='#A123264'/>
    <NS0:importPartner rdf:ID='A123273' rdf:resource='#A123269'/>
  </rdf:Description>
  <rdf:Description rdf:about='#A33841'>
    <rdf:type rdf:resource='http://www.daml.org/2001/12/factbook/factbook-ont#LatLon'/>
    <NS0:latitude>4.0</NS0:latitude>
    <NS0:longitude>-53.0</NS0:longitude>
  </rdf:Description>
  <rdf:Description rdf:about='#A34049'>
    <NS0:year>1999</NS0:year>
  </rdf:Description>
  <rdf:Description rdf:about='#A34027'>
    <rdf:type rdf:resource='http://www.daml.org/2001/12/factbook/factbook-ont#OccupationPercent'/>
    <NS0:occupation rdf:resource='http://www.daml.org/2001/12/factbook/occupations#agriculture'/>
    <NS0:percent>18.2</NS0:percent>
  </rdf:Description>
  <rdf:Description rdf:about='#A34033'>
    <NS0:year>1998</NS0:year>
  </rdf:Description>
  <rdf:Description rdf:about='#A33895'>
    <rdf:type rdf:resource='http://www.daml.org/2001/12/factbook/factbook-ont#Estimate'/>
    <NS0:year>2001</NS0:year>
  </rdf:Description>
  <rdf:Description rdf:about='#A34022'>
    <rdf:type rdf:resource='http://www.daml.org/2001/12/factbook/factbook-ont#OccupationPercent'/>
    <NS0:occupation rdf:resource='http://www.daml.org/2001/12/factbook/occupations#industry'/>
    <NS0:percent>21.2</NS0:percent>
  </rdf:Description>
  <rdf:Description rdf:about='#A34097'>
    <NS0:note>grains, processed meat</NS0:note>
  </rdf:Description>
  <rdf:Description rdf:about='#A34051'>
    <NS0:year>1999</NS0:year>
  </rdf:Description>
  <rdf:Description rdf:about='#A34017'>
    <rdf:type rdf:resource='http://www.daml.org/2001/12/factbook/factbook-ont#OccupationPercent'/>
    <NS0:occupation rdf:resource='http://www.daml.org/2001/12/factbook/occupations#commerce'/>
    <NS0:percent>60.6</NS0:percent>
  </rdf:Description>
  <rdf:Description rdf:about='#A123273'>
    <NS0:note>1997</NS0:note>
  </rdf:Description>
  <rdf:Description rdf:about='#A34013'>
    <rdf:type rdf:resource='http://www.daml.org/2001/12/factbook/factbook-ont#OccupationPercent'/>
    <NS0:occupation rdf:resource='http://www.daml.org/2001/12/factbook/occupations#government'/>
  </rdf:Description>
  <rdf:Description rdf:about='#A34031'>
    <NS0:year>1980</NS0:year>
  </rdf:Description>
  <rdf:Description rdf:about='#A34009'>
    <rdf:type rdf:resource='http://www.daml.org/2001/12/factbook/factbook-ont#OccupationPercent'/>
    <NS0:occupation rdf:resource='http://www.daml.org/2001/12/factbook/occupations#services'/>
  </rdf:Description>
  <rdf:Description rdf:about='#A33898'>
    <rdf:type rdf:resource='http://www.daml.org/2001/12/factbook/factbook-ont#Estimate'/>
    <NS0:year>2001</NS0:year>
  </rdf:Description>
  <rdf:Description rdf:about='#A33877'>
    <rdf:type rdf:resource='http://www.daml.org/2001/12/factbook/factbook-ont#Estimate'/>
    <NS0:year>1996</NS0:year>
  </rdf:Description>
</rdf:RDF>
