<?xml version='1.0' encoding='ISO-8859-1'?>
<rdf:RDF
  xmlns:rdf='http://www.w3.org/1999/02/22-rdf-syntax-ns#'
  xmlns:NS0='http://www.daml.org/2001/12/factbook/factbook-ont#'
  xmlns:rdfs='http://www.w3.org/2000/01/rdf-schema#'
  xml:base="http://www.daml.org/2001/12/factbook/fm">
  <rdf:Description rdf:about='#A35339'>
    <rdf:type rdf:resource='http://www.daml.org/2001/12/factbook/factbook-ont#ReligionPercent'/>
    <NS0:religion rdf:resource='http://www.daml.org/2001/12/factbook/religions#other_and_none'/>
    <NS0:percent>3</NS0:percent>
  </rdf:Description>
  <rdf:Description rdf:about='#A35529'>
    <rdf:type rdf:resource='http://www.daml.org/2001/12/factbook/factbook-ont#Port'/>
    <NS0:name>Kolonia</NS0:name>
  </rdf:Description>
  <rdf:Description rdf:about='#A35514'>
    <NS0:year>1997</NS0:year>
  </rdf:Description>
  <rdf:Description rdf:about='#A35525'>
    <rdf:type rdf:resource='http://www.daml.org/2001/12/factbook/factbook-ont#Port'/>
    <NS0:name>Colonia</NS0:name>
  </rdf:Description>
  <rdf:Description rdf:about='#A35334'>
    <rdf:type rdf:resource='http://www.daml.org/2001/12/factbook/factbook-ont#ReligionPercent'/>
    <NS0:religion rdf:resource='http://www.daml.org/2001/12/factbook/religions#Protestant'/>
    <NS0:percent>47</NS0:percent>
  </rdf:Description>
  <rdf:Description rdf:about='#A35329'>
    <rdf:type rdf:resource='http://www.daml.org/2001/12/factbook/factbook-ont#ReligionPercent'/>
    <NS0:religion rdf:resource='http://www.daml.org/2001/12/factbook/religions#Roman_Catholic'/>
    <NS0:percent>50</NS0:percent>
  </rdf:Description>
  <rdf:Description rdf:about='#A35503'>
    <rdf:type rdf:resource='http://www.daml.org/2001/12/factbook/factbook-ont#Estimate'/>
    <NS0:year>1997</NS0:year>
  </rdf:Description>
  <rdf:Description rdf:about='#A35325'>
    <rdf:type rdf:resource='http://www.daml.org/2001/12/factbook/factbook-ont#EthnicGroupPercent'/>
    <NS0:ethnicGroup rdf:resource='http://www.daml.org/2001/12/factbook/ethnicGroups#nine_ethnic_Micronesian_and_Polynesian_groups'/>
  </rdf:Description>
  <rdf:Description rdf:about='#A35446'>
    <rdf:type rdf:resource='http://www.daml.org/2001/12/factbook/factbook-ont#Estimate'/>
    <NS0:year>1999</NS0:year>
  </rdf:Description>
  <rdf:Description rdf:about='#A35426'>
    <rdf:type rdf:resource='http://www.daml.org/2001/12/factbook/factbook-ont#Estimate'/>
    <NS0:year>1999</NS0:year>
  </rdf:Description>
  <rdf:Description rdf:about='#A35523'>
    <NS0:year>1996</NS0:year>
  </rdf:Description>
  <rdf:Description rdf:about='#A35437'>
    <rdf:type rdf:resource='http://www.daml.org/2001/12/factbook/factbook-ont#Estimate'/>
    <NS0:year>1996</NS0:year>
  </rdf:Description>
  <rdf:Description rdf:about='#A35499'>
    <rdf:type rdf:resource='http://www.daml.org/2001/12/factbook/factbook-ont#CommodityPercent'/>
    <NS0:importsCommodity rdf:resource='http://www.daml.org/2001/12/factbook/commodities#beverages'/>
  </rdf:Description>
  <rdf:Description rdf:about='#A35432'>
    <rdf:type rdf:resource='http://www.daml.org/2001/12/factbook/factbook-ont#Estimate'/>
    <NS0:year>1999</NS0:year>
  </rdf:Description>
  <rdf:Description rdf:about='#A35484'>
    <rdf:type rdf:resource='http://www.daml.org/2001/12/factbook/factbook-ont#Estimate'/>
    <NS0:note>c.i.f., 1996</NS0:note>
  </rdf:Description>
  <rdf:Description rdf:about='#A35495'>
    <rdf:type rdf:resource='http://www.daml.org/2001/12/factbook/factbook-ont#CommodityPercent'/>
    <NS0:importsCommodity rdf:resource='http://www.daml.org/2001/12/factbook/commodities#machinery_and_equipment'/>
  </rdf:Description>
  <rdf:Description rdf:about='#A126694'>
    <rdf:type rdf:resource='http://www.daml.org/2001/12/factbook/factbook-ont#CountryPercent'/>
    <NS0:country rdf:resource='http://www.daml.org/2001/09/countries/fips#AS'/>
  </rdf:Description>
  <rdf:Description rdf:about='#A35302'>
    <rdf:type rdf:resource='http://www.daml.org/2001/12/factbook/factbook-ont#ElevationExtreme'/>
    <NS0:name>Totolom</NS0:name>
    <NS0:elevation>791</NS0:elevation>
  </rdf:Description>
  <rdf:Description rdf:about='#A35491'>
    <rdf:type rdf:resource='http://www.daml.org/2001/12/factbook/factbook-ont#CommodityPercent'/>
    <NS0:importsCommodity rdf:resource='http://www.daml.org/2001/12/factbook/commodities#manufactured_goods'/>
  </rdf:Description>
  <rdf:Description rdf:about='#A126690'>
    <rdf:type rdf:resource='http://www.daml.org/2001/12/factbook/factbook-ont#CountryPercent'/>
    <NS0:country rdf:resource='http://www.daml.org/2001/09/countries/fips#JA'/>
  </rdf:Description>
  <rdf:Description rdf:about='#A35395'>
    <rdf:type rdf:resource='#State'/>
    <NS0:name>Yap</NS0:name>
  </rdf:Description>
  <rdf:Description rdf:about='#A35541'>
    <rdf:type rdf:resource='http://www.daml.org/2001/12/factbook/factbook-ont#Estimate'/>
    <NS0:year>2000</NS0:year>
  </rdf:Description>
  <rdf:Description rdf:about='#A35297'>
    <rdf:type rdf:resource='http://www.daml.org/2001/12/factbook/factbook-ont#ElevationExtreme'/>
    <NS0:name>Pacific Ocean</NS0:name>
    <NS0:elevation>0</NS0:elevation>
  </rdf:Description>
  <rdf:Description rdf:about='#A35487'>
    <rdf:type rdf:resource='http://www.daml.org/2001/12/factbook/factbook-ont#CommodityPercent'/>
    <NS0:importsCommodity rdf:resource='http://www.daml.org/2001/12/factbook/commodities#food'/>
  </rdf:Description>
  <rdf:Description rdf:about='#A35391'>
    <rdf:type rdf:resource='#State'/>
    <NS0:name>Pohnpei</NS0:name>
  </rdf:Description>
  <rdf:Description rdf:about='#A126686'>
    <rdf:type rdf:resource='http://www.daml.org/2001/12/factbook/factbook-ont#CountryPercent'/>
    <NS0:country rdf:resource='http://www.daml.org/2001/09/countries/fips#US'/>
  </rdf:Description>
  <rdf:Description rdf:about='#A35387'>
    <rdf:type rdf:resource='#State'/>
    <NS0:name>Kosrae</NS0:name>
  </rdf:Description>
  <rdf:Description rdf:about='#A126682'>
    <rdf:type rdf:resource='http://www.daml.org/2001/12/factbook/factbook-ont#CountryPercent'/>
    <NS0:country rdf:resource='http://www.daml.org/2001/09/countries/fips#GQ'/>
  </rdf:Description>
  <rdf:Description rdf:about='#A35480'>
    <rdf:type rdf:resource='http://www.daml.org/2001/12/factbook/factbook-ont#CommodityPercent'/>
    <NS0:exportsCommodity rdf:resource='http://www.daml.org/2001/12/factbook/commodities#black_pepper'/>
  </rdf:Description>
  <rdf:Description rdf:about='#A35440'>
    <NS0:note>FY98/99</NS0:note>
  </rdf:Description>
  <rdf:Description rdf:about='#A126678'>
    <rdf:type rdf:resource='http://www.daml.org/2001/12/factbook/factbook-ont#CountryPercent'/>
    <NS0:country rdf:resource='http://www.daml.org/2001/09/countries/fips#US'/>
  </rdf:Description>
  <rdf:Description rdf:about='#A35383'>
    <rdf:type rdf:resource='#State'/>
    <NS0:name>Chuuk</NS0:name>
  </rdf:Description>
  <rdf:Description rdf:about='#A35476'>
    <rdf:type rdf:resource='http://www.daml.org/2001/12/factbook/factbook-ont#CommodityPercent'/>
    <NS0:exportsCommodity rdf:resource='http://www.daml.org/2001/12/factbook/commodities#bananas'/>
  </rdf:Description>
  <rdf:Description rdf:about='#A126674'>
    <rdf:type rdf:resource='http://www.daml.org/2001/12/factbook/factbook-ont#CountryPercent'/>
    <NS0:country rdf:resource='http://www.daml.org/2001/09/countries/fips#JA'/>
  </rdf:Description>
  <rdf:Description rdf:about='#A35320'>
    <rdf:type rdf:resource='http://www.daml.org/2001/12/factbook/factbook-ont#Estimate'/>
    <NS0:note>July 2001</NS0:note>
  </rdf:Description>
  <rdf:Description rdf:about='http://www.daml.org/2001/09/countries/fips#FM'>
    <NS0:background>In 1979 the Federated States of Micronesia, a UN Trust Territory under US administration, adopted a constitution. In 1986 independence was attained under a Compact of Free Association with the United States. Present concerns include large-scale unemployment, overfishing, and overdependence on US aid.</NS0:background>
    <NS0:location>Oceania, island group in the North Pacific Ocean, about three-quarters of the way from Hawaii to Indonesia</NS0:location>
    <NS0:geographicCoordinates rdf:resource='#A35282'/>
    <NS0:mapReferences>Oceania</NS0:mapReferences>
    <NS0:totalArea>702</NS0:totalArea>
    <NS0:landArea>702</NS0:landArea>
    <NS0:waterArea>0</NS0:waterArea>
    <NS0:comparativeArea>four times the size of Washington, DC</NS0:comparativeArea>
    <NS0:coastline>6112</NS0:coastline>
    <NS0:exclusiveEconomicZone>200</NS0:exclusiveEconomicZone>
    <NS0:territorialSea>12</NS0:territorialSea>
    <NS0:climate>tropical; heavy year-round rainfall, especially in the eastern islands; located on southern edge of the typhoon belt with occasionally severe damage</NS0:climate>
    <NS0:terrain>islands vary geologically from high mountainous islands to low, coral atolls; volcanic outcroppings on Pohnpei, Kosrae, and Truk</NS0:terrain>
    <NS0:lowestPoint rdf:resource='#A35297'/>
    <NS0:highestPoint rdf:resource='#A35302'/>
    <NS0:naturalResource rdf:resource='http://www.daml.org/2001/12/factbook/naturalResources#forests'/>
    <NS0:naturalResource rdf:resource='http://www.daml.org/2001/12/factbook/naturalResources#marine_products'/>
    <NS0:naturalResource rdf:resource='http://www.daml.org/2001/12/factbook/naturalResources#deep-seabed_minerals'/>
    <NS0:naturalHazard>typhoons</NS0:naturalHazard>
    <NS0:environmentalIssue>overfishing</NS0:environmentalIssue>
    <NS0:environmentalAgreementPartyTo rdf:resource='http://www.daml.org/2001/12/factbook/environmentalAgreements#Biodiversity'/>
    <NS0:environmentalAgreementPartyTo rdf:resource='http://www.daml.org/2001/12/factbook/environmentalAgreements#Climate_Change'/>
    <NS0:environmentalAgreementPartyTo rdf:resource='http://www.daml.org/2001/12/factbook/environmentalAgreements#Climate_Change-Kyoto_Protocol'/>
    <NS0:environmentalAgreementPartyTo rdf:resource='http://www.daml.org/2001/12/factbook/environmentalAgreements#Desertification'/>
    <NS0:environmentalAgreementPartyTo rdf:resource='http://www.daml.org/2001/12/factbook/environmentalAgreements#Hazardous_Wastes'/>
    <NS0:environmentalAgreementPartyTo rdf:resource='http://www.daml.org/2001/12/factbook/environmentalAgreements#Law_of_the_Sea'/>
    <NS0:environmentalAgreementPartyTo rdf:resource='http://www.daml.org/2001/12/factbook/environmentalAgreements#Ozone_Layer_Protection'/>
    <NS0:environmentalAgreementSigned rdf:resource='http://www.daml.org/2001/12/factbook/environmentalAgreements#none_of_the_selected_agreements'/>
    <NS0:population rdf:ID='A35320'>134597</NS0:population>
    <NS0:nationalityNoun>Micronesian(s)</NS0:nationalityNoun>
    <NS0:nationalityAdjective>Micronesian; Kosrae(s), Pohnpeian(s), Trukese, Yapese</NS0:nationalityAdjective>
    <NS0:ethnicGroup rdf:resource='#A35325'/>
    <NS0:religion rdf:resource='#A35329'/>
    <NS0:religion rdf:resource='#A35334'/>
    <NS0:religion rdf:resource='#A35339'/>
    <NS0:language rdf:ID='A35347' rdf:resource='#A35344'/>
    <NS0:language rdf:resource='#A35349'/>
    <NS0:language rdf:resource='#A35353'/>
    <NS0:language rdf:resource='#A35357'/>
    <NS0:language rdf:resource='#A35361'/>
    <NS0:literacyDefinition>age 15 and over can read and write</NS0:literacyDefinition>
    <NS0:literacyTotal>89</NS0:literacyTotal>
    <NS0:literacyMale>91</NS0:literacyMale>
    <NS0:literacyFemale rdf:ID='A35368'>88</NS0:literacyFemale>
    <NS0:conventionalLongCountryName>Federated States of Micronesia</NS0:conventionalLongCountryName>
    <NS0:conventionalShortCountryName>none</NS0:conventionalShortCountryName>
    <NS0:formerCountryName>Ponape, Truk, and Yap Districts (Trust Territory of the Pacific Islands)</NS0:formerCountryName>
    <NS0:countryAbbreviation>FSM</NS0:countryAbbreviation>
    <NS0:governmentType rdf:resource='http://www.daml.org/2001/12/factbook/governmentTypes#constitutional_government_in_free_association_with_the_US;_the_Compact_of_Free_Association_entered_into_force_3_November_1986'/>
    <NS0:capital rdf:resource='#A35376'/>
    <NS0:administrativeDivision rdf:resource='#A35383'/>
    <NS0:administrativeDivision rdf:resource='#A35387'/>
    <NS0:administrativeDivision rdf:resource='#A35391'/>
    <NS0:administrativeDivision rdf:resource='#A35395'/>
    <NS0:independence>3 November 1986 (from the US-administered UN Trusteeship)</NS0:independence>
    <NS0:constitution>10 May 1979</NS0:constitution>
    <NS0:legalSystem>based on adapted Trust Territory laws, acts of the legislature, municipal, common, and customary laws</NS0:legalSystem>
    <NS0:suffrage>18 years of age; universal</NS0:suffrage>
    <NS0:participatesIn rdf:resource='http://www.daml.org/2001/12/factbook/internationalOrganizations#ACP'/>
    <NS0:participatesIn rdf:resource='http://www.daml.org/2001/12/factbook/internationalOrganizations#AsDB'/>
    <NS0:participatesIn rdf:resource='http://www.daml.org/2001/12/factbook/internationalOrganizations#ESCAP'/>
    <NS0:participatesIn rdf:resource='http://www.daml.org/2001/12/factbook/internationalOrganizations#G-77'/>
    <NS0:participatesIn rdf:resource='http://www.daml.org/2001/12/factbook/internationalOrganizations#IBRD'/>
    <NS0:participatesIn rdf:resource='http://www.daml.org/2001/12/factbook/internationalOrganizations#ICAO'/>
    <NS0:participatesIn rdf:resource='http://www.daml.org/2001/12/factbook/internationalOrganizations#IDA'/>
    <NS0:participatesIn rdf:resource='http://www.daml.org/2001/12/factbook/internationalOrganizations#IFC'/>
    <NS0:participatesIn rdf:resource='http://www.daml.org/2001/12/factbook/internationalOrganizations#IMF'/>
    <NS0:participatesIn rdf:resource='http://www.daml.org/2001/12/factbook/internationalOrganizations#Intelsat'/>
    <NS0:participatesIn rdf:resource='http://www.daml.org/2001/12/factbook/internationalOrganizations#IOC'/>
    <NS0:participatesIn rdf:resource='http://www.daml.org/2001/12/factbook/internationalOrganizations#ITU'/>
    <NS0:participatesIn rdf:resource='http://www.daml.org/2001/12/factbook/internationalOrganizations#OPCW'/>
    <NS0:participatesIn rdf:resource='http://www.daml.org/2001/12/factbook/internationalOrganizations#Sparteca'/>
    <NS0:participatesIn rdf:resource='http://www.daml.org/2001/12/factbook/internationalOrganizations#SPC'/>
    <NS0:participatesIn rdf:resource='http://www.daml.org/2001/12/factbook/internationalOrganizations#SPF'/>
    <NS0:participatesIn rdf:resource='http://www.daml.org/2001/12/factbook/internationalOrganizations#UN'/>
    <NS0:participatesIn rdf:resource='http://www.daml.org/2001/12/factbook/internationalOrganizations#UNCTAD'/>
    <NS0:participatesIn rdf:resource='http://www.daml.org/2001/12/factbook/internationalOrganizations#UNESCO'/>
    <NS0:participatesIn rdf:resource='http://www.daml.org/2001/12/factbook/internationalOrganizations#WHO'/>
    <NS0:participatesIn rdf:resource='http://www.daml.org/2001/12/factbook/internationalOrganizations#WMO'/>
    <NS0:flagDescription>light blue with four white five-pointed stars centered; the stars are arranged in a diamond pattern</NS0:flagDescription>
    <NS0:economyOverview>Economic activity consists primarily of subsistence farming and fishing. The islands have few mineral deposits worth exploiting, except for high-grade phosphate. The potential for a tourist industry exists, but the remoteness of the location and a lack of adequate facilities hinder development. In 1996, the country experienced a 20% reduction in revenues from the Compact of Free Association - the agreement between the US and Micronesia in which Micronesia receives $1.3 billion in financial and technical assistance over a 15-year period until 2001 - as a result of the second step-down under the agreement. Since these revenues accounted for 57% of consolidated government revenues, reduced Compact funding resulted in a severe depression. While Micronesia&apos;s economy appears to have bottomed out in 1999, the country&apos;s medium-term economic outlook remains fragile due to likely further reductions in external grants made under the US Compact funding. Geographical isolation and a poorly developed infrastructure remain major impediments to long-term growth.</NS0:economyOverview>
    <NS0:grossDomesticProduct rdf:ID='A35426'>263000000</NS0:grossDomesticProduct>
    <NS0:grossDomesticProductRealGrowth rdf:ID='A35429'>0.3</NS0:grossDomesticProductRealGrowth>
    <NS0:grossDomesticProductPerCapita rdf:ID='A35432'>2000</NS0:grossDomesticProductPerCapita>
    <NS0:grossDomesticProductAgriculture>19</NS0:grossDomesticProductAgriculture>
    <NS0:grossDomesticProductIndustry>4</NS0:grossDomesticProductIndustry>
    <NS0:grossDomesticProductServices rdf:ID='A35437'>77</NS0:grossDomesticProductServices>
    <NS0:inflationRate rdf:ID='A35440'>2.6</NS0:inflationRate>
    <NS0:occupation rdf:resource='#A35442'/>
    <NS0:unemploymentRate rdf:ID='A35446'>16</NS0:unemploymentRate>
    <NS0:budgetRevenues rdf:ID='A35449'>161000000</NS0:budgetRevenues>
    <NS0:budgetExpenditures>160000000</NS0:budgetExpenditures>
    <NS0:industry rdf:resource='http://www.daml.org/2001/12/factbook/industries#tourism'/>
    <NS0:industry rdf:resource='http://www.daml.org/2001/12/factbook/industries#construction'/>
    <NS0:industry rdf:resource='http://www.daml.org/2001/12/factbook/industries#fish_processing'/>
    <NS0:industry rdf:resource='http://www.daml.org/2001/12/factbook/industries#craft_items_from_shell'/>
    <NS0:industry rdf:resource='http://www.daml.org/2001/12/factbook/industries#wood'/>
    <NS0:industry rdf:resource='http://www.daml.org/2001/12/factbook/industries#and_pearls'/>
    <NS0:agricultureProduct rdf:resource='http://www.daml.org/2001/12/factbook/agricultureProducts#black_pepper'/>
    <NS0:agricultureProduct rdf:resource='http://www.daml.org/2001/12/factbook/agricultureProducts#tropical_fruits_and_vegetables'/>
    <NS0:agricultureProduct rdf:resource='http://www.daml.org/2001/12/factbook/agricultureProducts#coconuts'/>
    <NS0:agricultureProduct rdf:resource='http://www.daml.org/2001/12/factbook/agricultureProducts#cassava'/>
    <NS0:agricultureProduct rdf:resource='http://www.daml.org/2001/12/factbook/agricultureProducts#sweet_potatoes'/>
    <NS0:agricultureProduct rdf:resource='http://www.daml.org/2001/12/factbook/agricultureProducts#pigs'/>
    <NS0:agricultureProduct rdf:resource='http://www.daml.org/2001/12/factbook/agricultureProducts#chickens'/>
    <NS0:exports rdf:ID='A35465'>73000000</NS0:exports>
    <NS0:exportsCommodity rdf:resource='#A35468'/>
    <NS0:exportsCommodity rdf:resource='#A35472'/>
    <NS0:exportsCommodity rdf:resource='#A35476'/>
    <NS0:exportsCommodity rdf:resource='#A35480'/>
    <NS0:imports rdf:ID='A35484'>168000000</NS0:imports>
    <NS0:importsCommodity rdf:resource='#A35487'/>
    <NS0:importsCommodity rdf:resource='#A35491'/>
    <NS0:importsCommodity rdf:resource='#A35495'/>
    <NS0:importsCommodity rdf:resource='#A35499'/>
    <NS0:externalDebt rdf:ID='A35503'>111000000</NS0:externalDebt>
    <NS0:currency>US dollar (USD)</NS0:currency>
    <NS0:currencyCode>USD</NS0:currencyCode>
    <NS0:fiscalYear>1 October - 30 September</NS0:fiscalYear>
    <NS0:mainTelephoneLines rdf:ID='A35509'>11000</NS0:mainTelephoneLines>
    <NS0:telephoneSystemGeneralAssessment>adequate system</NS0:telephoneSystemGeneralAssessment>
    <NS0:telephoneSystemDomestic>islands interconnected by shortwave radiotelephone (used mostly for government purposes)</NS0:telephoneSystemDomestic>
    <NS0:telephoneSystemInternational>satellite earth stations - 4 Intelsat (Pacific Ocean)</NS0:telephoneSystemInternational>
    <NS0:televisionBroadcastStations rdf:ID='A35514'>2</NS0:televisionBroadcastStations>
    <NS0:internetCountryCode>.fm</NS0:internetCountryCode>
    <NS0:internetServiceProviders rdf:ID='A35517'>1</NS0:internetServiceProviders>
    <NS0:internetUsers rdf:ID='A35519'>2000</NS0:internetUsers>
    <NS0:highwaysTotal>240</NS0:highwaysTotal>
    <NS0:highwaysPaved>42</NS0:highwaysPaved>
    <NS0:highwaysUnpaved rdf:ID='A35523'>198</NS0:highwaysUnpaved>
    <NS0:port rdf:resource='#A35525'/>
    <NS0:port rdf:resource='#A35529'/>
    <NS0:port rdf:resource='#A35533'/>
    <NS0:port rdf:resource='#A35537'/>
    <NS0:airports rdf:ID='A35541'>7</NS0:airports>
    <NS0:airportBreakdown rdf:resource='#A35544'/>
    <NS0:airportBreakdown rdf:resource='#A35551'/>
    <NS0:airportBreakdown rdf:resource='#A35558'/>
    <NS0:internationalDispute>none</NS0:internationalDispute>
    <NS0:smallFlag>http://www.cia.gov/cia/publications/factbook/flags/fm-flag.jpg</NS0:smallFlag>
    <NS0:largeFlag>http://www.cia.gov/cia/publications/factbook/flags/fm-lgflag.jpg</NS0:largeFlag>
    <NS0:map>http://www.cia.gov/cia/publications/factbook/maps/fm-map.jpg</NS0:map>
    <NS0:exportPartner rdf:resource='#A126674'/>
    <NS0:exportPartner rdf:resource='#A126678'/>
    <NS0:exportPartner rdf:resource='#A126682'/>
    <NS0:importPartner rdf:resource='#A126686'/>
    <NS0:importPartner rdf:resource='#A126690'/>
    <NS0:importPartner rdf:resource='#A126694'/>
  </rdf:Description>
  <rdf:Description rdf:about='#A35472'>
    <rdf:type rdf:resource='http://www.daml.org/2001/12/factbook/factbook-ont#CommodityPercent'/>
    <NS0:exportsCommodity rdf:resource='http://www.daml.org/2001/12/factbook/commodities#garments'/>
  </rdf:Description>
  <rdf:Description rdf:about='#A35282'>
    <rdf:type rdf:resource='http://www.daml.org/2001/12/factbook/factbook-ont#LatLon'/>
    <NS0:latitude>6.916666666666667</NS0:latitude>
    <NS0:longitude>158.25</NS0:longitude>
  </rdf:Description>
  <rdf:Description rdf:about='#A35376'>
    <rdf:type rdf:resource='http://www.daml.org/2001/12/factbook/factbook-ont#CapitalCity'/>
    <NS0:name>Palikir</NS0:name>
  </rdf:Description>
  <rdf:Description rdf:about='#A35509'>
    <NS0:year>2001</NS0:year>
  </rdf:Description>
  <rdf:Description rdf:about='#A35468'>
    <rdf:type rdf:resource='http://www.daml.org/2001/12/factbook/factbook-ont#CommodityPercent'/>
    <NS0:exportsCommodity rdf:resource='http://www.daml.org/2001/12/factbook/commodities#fish'/>
  </rdf:Description>
  <rdf:Description rdf:about='#A35429'>
    <rdf:type rdf:resource='http://www.daml.org/2001/12/factbook/factbook-ont#Estimate'/>
    <NS0:year>1999</NS0:year>
  </rdf:Description>
  <rdf:Description rdf:about='#A35517'>
    <NS0:year>2000</NS0:year>
  </rdf:Description>
  <rdf:Description rdf:about='#A35558'>
    <rdf:type rdf:resource='http://www.daml.org/2001/12/factbook/factbook-ont#AirportBreakdown'/>
    <NS0:paved>false</NS0:paved>
    <NS0:minRunway>914</NS0:minRunway>
    <NS0:maxRunway>1523</NS0:maxRunway>
    <NS0:count>1 (2000 est.)</NS0:count>
  </rdf:Description>
  <rdf:Description rdf:about='#A35347'>
    <NS0:note>official and common language</NS0:note>
  </rdf:Description>
  <rdf:Description rdf:about='#A35465'>
    <rdf:type rdf:resource='http://www.daml.org/2001/12/factbook/factbook-ont#Estimate'/>
    <NS0:note>f.o.b., 1996</NS0:note>
  </rdf:Description>
  <rdf:Description rdf:about='#A35361'>
    <rdf:type rdf:resource='http://www.daml.org/2001/12/factbook/factbook-ont#LanguagePercent'/>
    <NS0:language rdf:resource='http://www.daml.org/2001/12/factbook/languages#Kosrean'/>
  </rdf:Description>
  <rdf:Description rdf:about='#A35551'>
    <rdf:type rdf:resource='http://www.daml.org/2001/12/factbook/factbook-ont#AirportBreakdown'/>
    <NS0:paved>true</NS0:paved>
    <NS0:minRunway>914</NS0:minRunway>
    <NS0:maxRunway>1523</NS0:maxRunway>
    <NS0:count>2 (2000 est.)</NS0:count>
  </rdf:Description>
  <rdf:Description rdf:about='#State'>
    <rdf:type rdf:resource='http://www.w3.org/2000/01/rdf-schema#Class'/>
    <rdfs:subClassOf rdf:resource='http://www.daml.org/2001/12/factbook/factbook-ont#AdministrativeDivision'/>
    <rdfs:label>State</rdfs:label>
  </rdf:Description>
  <rdf:Description rdf:about='#A35357'>
    <rdf:type rdf:resource='http://www.daml.org/2001/12/factbook/factbook-ont#LanguagePercent'/>
    <NS0:language rdf:resource='http://www.daml.org/2001/12/factbook/languages#Yapese'/>
  </rdf:Description>
  <rdf:Description rdf:about='#A35449'>
    <NS0:note>$69 million less grants</NS0:note>
  </rdf:Description>
  <rdf:Description rdf:about='#A35544'>
    <rdf:type rdf:resource='http://www.daml.org/2001/12/factbook/factbook-ont#AirportBreakdown'/>
    <NS0:paved>true</NS0:paved>
    <NS0:minRunway>1524</NS0:minRunway>
    <NS0:maxRunway>2437</NS0:maxRunway>
    <NS0:count>4</NS0:count>
  </rdf:Description>
  <rdf:Description rdf:about='#A35368'>
    <rdf:type rdf:resource='http://www.daml.org/2001/12/factbook/factbook-ont#Estimate'/>
    <NS0:year>1980</NS0:year>
  </rdf:Description>
  <rdf:Description rdf:about='#A35353'>
    <rdf:type rdf:resource='http://www.daml.org/2001/12/factbook/factbook-ont#LanguagePercent'/>
    <NS0:language rdf:resource='http://www.daml.org/2001/12/factbook/languages#Pohnpeian'/>
  </rdf:Description>
  <rdf:Description rdf:about='#A35349'>
    <rdf:type rdf:resource='http://www.daml.org/2001/12/factbook/factbook-ont#LanguagePercent'/>
    <NS0:language rdf:resource='http://www.daml.org/2001/12/factbook/languages#Trukese'/>
  </rdf:Description>
  <rdf:Description rdf:about='#A35442'>
    <rdf:type rdf:resource='http://www.daml.org/2001/12/factbook/factbook-ont#OccupationPercent'/>
    <NS0:occupation rdf:resource='http://www.daml.org/2001/12/factbook/occupations#two-thirds_are_government_employees'/>
  </rdf:Description>
  <rdf:Description rdf:about='#A35537'>
    <rdf:type rdf:resource='http://www.daml.org/2001/12/factbook/factbook-ont#Port'/>
    <NS0:name>Moen</NS0:name>
  </rdf:Description>
  <rdf:Description rdf:about='#A35344'>
    <rdf:type rdf:resource='http://www.daml.org/2001/12/factbook/factbook-ont#LanguagePercent'/>
    <NS0:language rdf:resource='http://www.daml.org/2001/12/factbook/languages#English'/>
  </rdf:Description>
  <rdf:Description rdf:about='#A35519'>
    <NS0:year>2000</NS0:year>
  </rdf:Description>
  <rdf:Description rdf:about='#A35533'>
    <rdf:type rdf:resource='http://www.daml.org/2001/12/factbook/factbook-ont#Port'/>
    <NS0:name>Lele</NS0:name>
  </rdf:Description>
</rdf:RDF>
