<?xml version='1.0' encoding='ISO-8859-1'?>
<rdf:RDF
  xmlns:rdf='http://www.w3.org/1999/02/22-rdf-syntax-ns#'
  xmlns:NS0='http://www.daml.org/2001/12/factbook/factbook-ont#'
  xmlns:rdfs='http://www.w3.org/2000/01/rdf-schema#'
  xml:base="http://www.daml.org/2001/12/factbook/gg">
  <rdf:Description rdf:about='#A38296'>
    <rdf:type rdf:resource='#Rayon'/>
    <NS0:name>Khonis</NS0:name>
  </rdf:Description>
  <rdf:Description rdf:about='#A38677'>
    <rdf:type rdf:resource='http://www.daml.org/2001/12/factbook/factbook-ont#AirportBreakdown'/>
    <NS0:paved>false</NS0:paved>
    <NS0:minRunway>1524</NS0:minRunway>
    <NS0:maxRunway>2437</NS0:maxRunway>
    <NS0:count>4</NS0:count>
  </rdf:Description>
  <rdf:Description rdf:about='#A38292'>
    <rdf:type rdf:resource='#Rayon'/>
    <NS0:name>Khobis</NS0:name>
  </rdf:Description>
  <rdf:Description rdf:about='#A38288'>
    <rdf:type rdf:resource='#Rayon'/>
    <NS0:name>Khashuris</NS0:name>
  </rdf:Description>
  <rdf:Description rdf:about='#A38670'>
    <rdf:type rdf:resource='http://www.daml.org/2001/12/factbook/factbook-ont#AirportBreakdown'/>
    <NS0:paved>false</NS0:paved>
    <NS0:minRunway>2438</NS0:minRunway>
    <NS0:maxRunway>3047</NS0:maxRunway>
    <NS0:count>1</NS0:count>
  </rdf:Description>
  <rdf:Description rdf:about='#A38284'>
    <rdf:type rdf:resource='#Rayon'/>
    <NS0:name>Kharagaulis</NS0:name>
  </rdf:Description>
  <rdf:Description rdf:about='#A38664'>
    <rdf:type rdf:resource='http://www.daml.org/2001/12/factbook/factbook-ont#AirportBreakdown'/>
    <NS0:paved>true</NS0:paved>
    <NS0:maxRunway>913</NS0:maxRunway>
    <NS0:count>3 (2000 est.)</NS0:count>
  </rdf:Description>
  <rdf:Description rdf:about='#A38280'>
    <rdf:type rdf:resource='#Rayon'/>
    <NS0:name>Kaspis</NS0:name>
  </rdf:Description>
  <rdf:Description rdf:about='#A38276'>
    <rdf:type rdf:resource='#Rayon'/>
    <NS0:name>K&apos;arelis</NS0:name>
  </rdf:Description>
  <rdf:Description rdf:about='#A38605'>
    <NS0:year>1997</NS0:year>
  </rdf:Description>
  <rdf:Description rdf:about='#A38657'>
    <rdf:type rdf:resource='http://www.daml.org/2001/12/factbook/factbook-ont#AirportBreakdown'/>
    <NS0:paved>true</NS0:paved>
    <NS0:minRunway>914</NS0:minRunway>
    <NS0:maxRunway>1523</NS0:maxRunway>
    <NS0:count>2</NS0:count>
  </rdf:Description>
  <rdf:Description rdf:about='#Rayon'>
    <rdf:type rdf:resource='http://www.w3.org/2000/01/rdf-schema#Class'/>
    <rdfs:subClassOf rdf:resource='http://www.daml.org/2001/12/factbook/factbook-ont#AdministrativeDivision'/>
    <rdfs:label>Rayon</rdfs:label>
  </rdf:Description>
  <rdf:Description rdf:about='#A38272'>
    <rdf:type rdf:resource='#Rayon'/>
    <NS0:name>Javis</NS0:name>
  </rdf:Description>
  <rdf:Description rdf:about='#A123474'>
    <NS0:note>1999</NS0:note>
  </rdf:Description>
  <rdf:Description rdf:about='#A38709'>
    <NS0:note>FY00</NS0:note>
  </rdf:Description>
  <rdf:Description rdf:about='#A38268'>
    <rdf:type rdf:resource='#Rayon'/>
    <NS0:name>Gurjaanis</NS0:name>
  </rdf:Description>
  <rdf:Description rdf:about='#A38650'>
    <rdf:type rdf:resource='http://www.daml.org/2001/12/factbook/factbook-ont#AirportBreakdown'/>
    <NS0:paved>true</NS0:paved>
    <NS0:minRunway>1524</NS0:minRunway>
    <NS0:maxRunway>2437</NS0:maxRunway>
    <NS0:count>2</NS0:count>
  </rdf:Description>
  <rdf:Description rdf:about='#A38264'>
    <rdf:type rdf:resource='#Rayon'/>
    <NS0:name>Goris</NS0:name>
  </rdf:Description>
  <rdf:Description rdf:about='#A38260'>
    <rdf:type rdf:resource='#City'/>
    <NS0:name>Gori</NS0:name>
  </rdf:Description>
  <rdf:Description rdf:about='#A38643'>
    <rdf:type rdf:resource='http://www.daml.org/2001/12/factbook/factbook-ont#AirportBreakdown'/>
    <NS0:paved>true</NS0:paved>
    <NS0:minRunway>2438</NS0:minRunway>
    <NS0:maxRunway>3047</NS0:maxRunway>
    <NS0:count>8</NS0:count>
  </rdf:Description>
  <rdf:Description rdf:about='#A38256'>
    <rdf:type rdf:resource='#Rayon'/>
    <NS0:name>Gardabanis</NS0:name>
  </rdf:Description>
  <rdf:Description rdf:about='#A38637'>
    <rdf:type rdf:resource='http://www.daml.org/2001/12/factbook/factbook-ont#AirportBreakdown'/>
    <NS0:paved>true</NS0:paved>
    <NS0:minRunway>3048</NS0:minRunway>
    <NS0:count>1</NS0:count>
  </rdf:Description>
  <rdf:Description rdf:about='#A38252'>
    <rdf:type rdf:resource='#Rayon'/>
    <NS0:name>Dushet&apos;is</NS0:name>
  </rdf:Description>
  <rdf:Description rdf:about='#A38248'>
    <rdf:type rdf:resource='#Rayon'/>
    <NS0:name>Dmanisis</NS0:name>
  </rdf:Description>
  <rdf:Description rdf:about='#A38620'>
    <NS0:note>these roads are said to be hard-surfaced, and include, in addition to conventionally paved roads, some that are surfaced with gravel or other coarse aggregate, making them trafficable in all weather</NS0:note>
  </rdf:Description>
  <rdf:Description rdf:about='#A38630'>
    <rdf:type rdf:resource='http://www.daml.org/2001/12/factbook/factbook-ont#Port'/>
    <NS0:name>Sokhumi</NS0:name>
  </rdf:Description>
  <rdf:Description rdf:about='#A38244'>
    <rdf:type rdf:resource='#Rayon'/>
    <NS0:name>Dedop&apos;listsqaros</NS0:name>
  </rdf:Description>
  <rdf:Description rdf:about='#A38626'>
    <rdf:type rdf:resource='http://www.daml.org/2001/12/factbook/factbook-ont#Port'/>
    <NS0:name>P&apos;ot&apos;i</NS0:name>
  </rdf:Description>
  <rdf:Description rdf:about='#A38515'>
    <rdf:type rdf:resource='http://www.daml.org/2001/12/factbook/factbook-ont#Estimate'/>
    <NS0:year>1999</NS0:year>
  </rdf:Description>
  <rdf:Description rdf:about='#A38240'>
    <rdf:type rdf:resource='#Rayon'/>
    <NS0:name>Ch&apos;okhatauris</NS0:name>
  </rdf:Description>
  <rdf:Description rdf:about='#A38622'>
    <rdf:type rdf:resource='http://www.daml.org/2001/12/factbook/factbook-ont#Port'/>
    <NS0:name>Bat&apos;umi</NS0:name>
  </rdf:Description>
  <rdf:Description rdf:about='#A38236'>
    <rdf:type rdf:resource='#Rayon'/>
    <NS0:name>Ch&apos;khorotsqus</NS0:name>
  </rdf:Description>
  <rdf:Description rdf:about='#A38232'>
    <rdf:type rdf:resource='#City'/>
    <NS0:name>Chiat&apos;ura</NS0:name>
  </rdf:Description>
  <rdf:Description rdf:about='#A38228'>
    <rdf:type rdf:resource='#Rayon'/>
    <NS0:name>Borjomis</NS0:name>
  </rdf:Description>
  <rdf:Description rdf:about='#A38224'>
    <rdf:type rdf:resource='#Rayon'/>
    <NS0:name>Bolnisis</NS0:name>
  </rdf:Description>
  <rdf:Description rdf:about='#A38220'>
    <rdf:type rdf:resource='#Rayon'/>
    <NS0:name>Baghdat&apos;is</NS0:name>
  </rdf:Description>
  <rdf:Description rdf:about='#A38216'>
    <rdf:type rdf:resource='#Rayon'/>
    <NS0:name>Aspindzis</NS0:name>
  </rdf:Description>
  <rdf:Description rdf:about='#A38577'>
    <rdf:type rdf:resource='http://www.daml.org/2001/12/factbook/factbook-ont#Estimate'/>
    <NS0:year>2000</NS0:year>
  </rdf:Description>
  <rdf:Description rdf:about='#A123490'>
    <NS0:note>1999</NS0:note>
  </rdf:Description>
  <rdf:Description rdf:about='#A38212'>
    <rdf:type rdf:resource='#Rayon'/>
    <NS0:name>Ambrolauris</NS0:name>
  </rdf:Description>
  <rdf:Description rdf:about='#A38592'>
    <rdf:type rdf:resource='http://www.daml.org/2001/12/factbook/factbook-ont#CommodityPercent'/>
    <NS0:importsCommodity rdf:resource='http://www.daml.org/2001/12/factbook/commodities#transport_equipment'/>
  </rdf:Description>
  <rdf:Description rdf:about='#A38596'>
    <NS0:year>2000</NS0:year>
  </rdf:Description>
  <rdf:Description rdf:about='#A38208'>
    <rdf:type rdf:resource='#Rayon'/>
    <NS0:name>Akhmetis</NS0:name>
  </rdf:Description>
  <rdf:Description rdf:about='#A38588'>
    <rdf:type rdf:resource='http://www.daml.org/2001/12/factbook/factbook-ont#CommodityPercent'/>
    <NS0:importsCommodity rdf:resource='http://www.daml.org/2001/12/factbook/commodities#machinery_and_parts'/>
  </rdf:Description>
  <rdf:Description rdf:about='#A38204'>
    <rdf:type rdf:resource='#Rayon'/>
    <NS0:name>Akhalts&apos;ikhis</NS0:name>
  </rdf:Description>
  <rdf:Description rdf:about='#A38584'>
    <rdf:type rdf:resource='http://www.daml.org/2001/12/factbook/factbook-ont#CommodityPercent'/>
    <NS0:importsCommodity rdf:resource='http://www.daml.org/2001/12/factbook/commodities#grain_and_other_foods'/>
  </rdf:Description>
  <rdf:Description rdf:about='#A38200'>
    <rdf:type rdf:resource='#Rayon'/>
    <NS0:name>Akhalk&apos;alak&apos;is</NS0:name>
  </rdf:Description>
  <rdf:Description rdf:about='#A38580'>
    <rdf:type rdf:resource='http://www.daml.org/2001/12/factbook/factbook-ont#CommodityPercent'/>
    <NS0:importsCommodity rdf:resource='http://www.daml.org/2001/12/factbook/commodities#fuel'/>
  </rdf:Description>
  <rdf:Description rdf:about='#A38196'>
    <rdf:type rdf:resource='#Rayon'/>
    <NS0:name>Akhalgoris</NS0:name>
  </rdf:Description>
  <rdf:Description rdf:about='#A38493'>
    <rdf:type rdf:resource='http://www.daml.org/2001/12/factbook/factbook-ont#Estimate'/>
    <NS0:year>1999</NS0:year>
  </rdf:Description>
  <rdf:Description rdf:about='#A38192'>
    <rdf:type rdf:resource='#AutonomousRepublic'/>
    <NS0:name>Ajaria or Acharis Avtonomiuri Respublika</NS0:name>
  </rdf:Description>
  <rdf:Description rdf:about='#A38598'>
    <NS0:year>1995</NS0:year>
  </rdf:Description>
  <rdf:Description rdf:about='#A38573'>
    <rdf:type rdf:resource='http://www.daml.org/2001/12/factbook/factbook-ont#CommodityPercent'/>
    <NS0:exportsCommodity rdf:resource='http://www.daml.org/2001/12/factbook/commodities#other_agricultural_products;_diverse_types_of_machinery_and_metals;_chemicals;_fuel_reexports;_textiles'/>
  </rdf:Description>
  <rdf:Description rdf:about='#A38188'>
    <rdf:type rdf:resource='#Rayon'/>
    <NS0:name>Adigenis</NS0:name>
  </rdf:Description>
  <rdf:Description rdf:about='#A38548'>
    <NS0:year>1999</NS0:year>
  </rdf:Description>
  <rdf:Description rdf:about='#A38569'>
    <rdf:type rdf:resource='http://www.daml.org/2001/12/factbook/factbook-ont#CommodityPercent'/>
    <NS0:exportsCommodity rdf:resource='http://www.daml.org/2001/12/factbook/commodities#wine'/>
  </rdf:Description>
  <rdf:Description rdf:about='#A38184'>
    <rdf:type rdf:resource='#AutonomousRepublic'/>
    <NS0:name>Abkhazia or Ap&apos;khazet&apos;is Avtonomiuri Respublika</NS0:name>
  </rdf:Description>
  <rdf:Description rdf:about='#A38565'>
    <rdf:type rdf:resource='http://www.daml.org/2001/12/factbook/factbook-ont#CommodityPercent'/>
    <NS0:exportsCommodity rdf:resource='http://www.daml.org/2001/12/factbook/commodities#tea'/>
  </rdf:Description>
  <rdf:Description rdf:about='#A38180'>
    <rdf:type rdf:resource='#Rayon'/>
    <NS0:name>Abashis</NS0:name>
  </rdf:Description>
  <rdf:Description rdf:about='#A38485'>
    <rdf:type rdf:resource='http://www.daml.org/2001/12/factbook/factbook-ont#Estimate'/>
    <NS0:year>2000</NS0:year>
  </rdf:Description>
  <rdf:Description rdf:about='#A38561'>
    <rdf:type rdf:resource='http://www.daml.org/2001/12/factbook/factbook-ont#CommodityPercent'/>
    <NS0:exportsCommodity rdf:resource='http://www.daml.org/2001/12/factbook/commodities#citrus_fruits'/>
  </rdf:Description>
  <rdf:Description rdf:about='#A38482'>
    <rdf:type rdf:resource='http://www.daml.org/2001/12/factbook/factbook-ont#Estimate'/>
    <NS0:year>2000</NS0:year>
  </rdf:Description>
  <rdf:Description rdf:about='#A38058'>
    <rdf:type rdf:resource='http://www.daml.org/2001/12/factbook/factbook-ont#Estimate'/>
    <NS0:year>2001</NS0:year>
  </rdf:Description>
  <rdf:Description rdf:about='#A38167'>
    <rdf:type rdf:resource='http://www.daml.org/2001/12/factbook/factbook-ont#CapitalCity'/>
    <NS0:name>T&apos;bilisi</NS0:name>
  </rdf:Description>
  <rdf:Description rdf:about='#A38017'>
    <rdf:type rdf:resource='http://www.daml.org/2001/12/factbook/factbook-ont#Estimate'/>
    <NS0:note>July 2001</NS0:note>
  </rdf:Description>
  <rdf:Description rdf:about='#AutonomousRepublic'>
    <rdf:type rdf:resource='http://www.w3.org/2000/01/rdf-schema#Class'/>
    <rdfs:subClassOf rdf:resource='http://www.daml.org/2001/12/factbook/factbook-ont#AdministrativeDivision'/>
    <rdfs:label>AutonomousRepublic</rdfs:label>
  </rdf:Description>
  <rdf:Description rdf:about='#A38150'>
    <rdf:type rdf:resource='http://www.daml.org/2001/12/factbook/factbook-ont#LanguagePercent'/>
    <NS0:language rdf:resource='http://www.daml.org/2001/12/factbook/languages#other'/>
    <NS0:percent>7</NS0:percent>
  </rdf:Description>
  <rdf:Description rdf:about='#A38145'>
    <rdf:type rdf:resource='http://www.daml.org/2001/12/factbook/factbook-ont#LanguagePercent'/>
    <NS0:language rdf:resource='http://www.daml.org/2001/12/factbook/languages#Azeri'/>
    <NS0:percent>6</NS0:percent>
  </rdf:Description>
  <rdf:Description rdf:about='#A38140'>
    <rdf:type rdf:resource='http://www.daml.org/2001/12/factbook/factbook-ont#LanguagePercent'/>
    <NS0:language rdf:resource='http://www.daml.org/2001/12/factbook/languages#Armenian'/>
    <NS0:percent>7</NS0:percent>
  </rdf:Description>
  <rdf:Description rdf:about='#A38135'>
    <rdf:type rdf:resource='http://www.daml.org/2001/12/factbook/factbook-ont#LanguagePercent'/>
    <NS0:language rdf:resource='http://www.daml.org/2001/12/factbook/languages#Russian'/>
    <NS0:percent>9</NS0:percent>
  </rdf:Description>
  <rdf:Description rdf:about='#A38129'>
    <rdf:type rdf:resource='http://www.daml.org/2001/12/factbook/factbook-ont#LanguagePercent'/>
    <NS0:language rdf:resource='http://www.daml.org/2001/12/factbook/languages#Georgian'/>
    <NS0:percent>71</NS0:percent>
  </rdf:Description>
  <rdf:Description rdf:about='#A38511'>
    <rdf:type rdf:resource='http://www.daml.org/2001/12/factbook/factbook-ont#OccupationPercent'/>
    <NS0:occupation rdf:resource='http://www.daml.org/2001/12/factbook/occupations#services'/>
    <NS0:percent>40</NS0:percent>
  </rdf:Description>
  <rdf:Description rdf:about='#A38124'>
    <rdf:type rdf:resource='http://www.daml.org/2001/12/factbook/factbook-ont#ReligionPercent'/>
    <NS0:religion rdf:resource='http://www.daml.org/2001/12/factbook/religions#unknown'/>
    <NS0:percent>6</NS0:percent>
  </rdf:Description>
  <rdf:Description rdf:about='#A38506'>
    <rdf:type rdf:resource='http://www.daml.org/2001/12/factbook/factbook-ont#OccupationPercent'/>
    <NS0:occupation rdf:resource='http://www.daml.org/2001/12/factbook/occupations#agriculture'/>
    <NS0:percent>40</NS0:percent>
  </rdf:Description>
  <rdf:Description rdf:about='#A38698'>
    <rdf:type rdf:resource='http://www.daml.org/2001/12/factbook/factbook-ont#Estimate'/>
    <NS0:year>2001</NS0:year>
  </rdf:Description>
  <rdf:Description rdf:about='#A38119'>
    <rdf:type rdf:resource='http://www.daml.org/2001/12/factbook/factbook-ont#ReligionPercent'/>
    <NS0:religion rdf:resource='http://www.daml.org/2001/12/factbook/religions#Armenian_Apostolic'/>
    <NS0:percent>8</NS0:percent>
  </rdf:Description>
  <rdf:Description rdf:about='#A38634'>
    <rdf:type rdf:resource='http://www.daml.org/2001/12/factbook/factbook-ont#Estimate'/>
    <NS0:year>2000</NS0:year>
  </rdf:Description>
  <rdf:Description rdf:about='#A38501'>
    <rdf:type rdf:resource='http://www.daml.org/2001/12/factbook/factbook-ont#OccupationPercent'/>
    <NS0:occupation rdf:resource='http://www.daml.org/2001/12/factbook/occupations#industry'/>
    <NS0:percent>20</NS0:percent>
  </rdf:Description>
  <rdf:Description rdf:about='#A38114'>
    <rdf:type rdf:resource='http://www.daml.org/2001/12/factbook/factbook-ont#ReligionPercent'/>
    <NS0:religion rdf:resource='http://www.daml.org/2001/12/factbook/religions#Russian_Orthodox'/>
    <NS0:percent>10</NS0:percent>
  </rdf:Description>
  <rdf:Description rdf:about='#City'>
    <rdf:type rdf:resource='http://www.w3.org/2000/01/rdf-schema#Class'/>
    <rdfs:subClassOf rdf:resource='http://www.daml.org/2001/12/factbook/factbook-ont#AdministrativeDivision'/>
    <rdfs:label>City</rdfs:label>
  </rdf:Description>
  <rdf:Description rdf:about='#A38109'>
    <rdf:type rdf:resource='http://www.daml.org/2001/12/factbook/factbook-ont#ReligionPercent'/>
    <NS0:religion rdf:resource='http://www.daml.org/2001/12/factbook/religions#Muslim'/>
    <NS0:percent>11</NS0:percent>
  </rdf:Description>
  <rdf:Description rdf:about='#A38104'>
    <rdf:type rdf:resource='http://www.daml.org/2001/12/factbook/factbook-ont#ReligionPercent'/>
    <NS0:religion rdf:resource='http://www.daml.org/2001/12/factbook/religions#Georgian_Orthodox'/>
    <NS0:percent>65</NS0:percent>
  </rdf:Description>
  <rdf:Description rdf:about='#A38536'>
    <rdf:type rdf:resource='http://www.daml.org/2001/12/factbook/factbook-ont#Estimate'/>
    <NS0:year>1998</NS0:year>
  </rdf:Description>
  <rdf:Description rdf:about='#A38099'>
    <rdf:type rdf:resource='http://www.daml.org/2001/12/factbook/factbook-ont#EthnicGroupPercent'/>
    <NS0:ethnicGroup rdf:resource='http://www.daml.org/2001/12/factbook/ethnicGroups#other'/>
    <NS0:percent>5</NS0:percent>
  </rdf:Description>
  <rdf:Description rdf:about='#A38707'>
    <NS0:note>FY00</NS0:note>
  </rdf:Description>
  <rdf:Description rdf:about='#A38094'>
    <rdf:type rdf:resource='http://www.daml.org/2001/12/factbook/factbook-ont#EthnicGroupPercent'/>
    <NS0:ethnicGroup rdf:resource='http://www.daml.org/2001/12/factbook/ethnicGroups#Abkhaz'/>
    <NS0:percent>1.8</NS0:percent>
  </rdf:Description>
  <rdf:Description rdf:about='#A38023'>
    <rdf:type rdf:resource='http://www.daml.org/2001/12/factbook/factbook-ont#Estimate'/>
    <NS0:year>2001</NS0:year>
  </rdf:Description>
  <rdf:Description rdf:about='#A38479'>
    <rdf:type rdf:resource='http://www.daml.org/2001/12/factbook/factbook-ont#Estimate'/>
    <NS0:year>2000</NS0:year>
  </rdf:Description>
  <rdf:Description rdf:about='#A38064'>
    <rdf:type rdf:resource='http://www.daml.org/2001/12/factbook/factbook-ont#Estimate'/>
    <NS0:year>2001</NS0:year>
  </rdf:Description>
  <rdf:Description rdf:about='#A38089'>
    <rdf:type rdf:resource='http://www.daml.org/2001/12/factbook/factbook-ont#EthnicGroupPercent'/>
    <NS0:ethnicGroup rdf:resource='http://www.daml.org/2001/12/factbook/ethnicGroups#Ossetian'/>
    <NS0:percent>3</NS0:percent>
  </rdf:Description>
  <rdf:Description rdf:about='#A38084'>
    <rdf:type rdf:resource='http://www.daml.org/2001/12/factbook/factbook-ont#EthnicGroupPercent'/>
    <NS0:ethnicGroup rdf:resource='http://www.daml.org/2001/12/factbook/ethnicGroups#Azeri'/>
    <NS0:percent>5.7</NS0:percent>
  </rdf:Description>
  <rdf:Description rdf:about='#A38079'>
    <rdf:type rdf:resource='http://www.daml.org/2001/12/factbook/factbook-ont#EthnicGroupPercent'/>
    <NS0:ethnicGroup rdf:resource='http://www.daml.org/2001/12/factbook/ethnicGroups#Russian'/>
    <NS0:percent>6.3</NS0:percent>
  </rdf:Description>
  <rdf:Description rdf:about='#A38701'>
    <rdf:type rdf:resource='http://www.daml.org/2001/12/factbook/factbook-ont#Estimate'/>
    <NS0:year>2001</NS0:year>
  </rdf:Description>
  <rdf:Description rdf:about='#A123486'>
    <rdf:type rdf:resource='http://www.daml.org/2001/12/factbook/factbook-ont#CountryPercent'/>
    <NS0:country rdf:resource='http://www.daml.org/2001/09/countries/fips#US'/>
    <NS0:percent>12</NS0:percent>
  </rdf:Description>
  <rdf:Description rdf:about='#A38074'>
    <rdf:type rdf:resource='http://www.daml.org/2001/12/factbook/factbook-ont#EthnicGroupPercent'/>
    <NS0:ethnicGroup rdf:resource='http://www.daml.org/2001/12/factbook/ethnicGroups#Armenian'/>
    <NS0:percent>8.1</NS0:percent>
  </rdf:Description>
  <rdf:Description rdf:about='http://www.daml.org/2001/09/countries/fips#GG'>
    <NS0:background>Georgia was absorbed into the Russian Empire in the 19th century. Independent for three years (1918-1921) following the Russian revolution, it was forcibly incorporated into the USSR until the Soviet Union dissolved in 1991. Russian troops remain garrisoned at four military bases and as peacekeepers in the separatist regions of Abkhazia and South Ossetia (but are scheduled to withdraw from two of the bases by July 2001). Despite a badly degraded transportation network - brought on by ethnic conflict, criminal activities, and fuel shortages - the country continues to move toward a market economy and greater integration with Western institutions.</NS0:background>
    <NS0:location>Southwestern Asia, bordering the Black Sea, between Turkey and Russia</NS0:location>
    <NS0:geographicCoordinates rdf:resource='#A37960'/>
    <NS0:mapReferences>Commonwealth of Independent States</NS0:mapReferences>
    <NS0:totalArea>69700</NS0:totalArea>
    <NS0:landArea>69700</NS0:landArea>
    <NS0:waterArea>0</NS0:waterArea>
    <NS0:comparativeArea>slightly smaller than South Carolina</NS0:comparativeArea>
    <NS0:landBoundaries>1461</NS0:landBoundaries>
    <NS0:coastline>310</NS0:coastline>
    <NS0:climate>warm and pleasant; Mediterranean-like on Black Sea coast</NS0:climate>
    <NS0:terrain>largely mountainous with Great Caucasus Mountains in the north and Lesser Caucasus Mountains in the south; Kolkhet&apos;is Dablobi (Kolkhida Lowland) opens to the Black Sea in the west; Mtkvari River Basin in the east; good soils in river valley flood plains, foothills of Kolkhida Lowland</NS0:terrain>
    <NS0:lowestPoint rdf:resource='#A37974'/>
    <NS0:highestPoint rdf:resource='#A37979'/>
    <NS0:naturalResource rdf:resource='http://www.daml.org/2001/12/factbook/naturalResources#forests'/>
    <NS0:naturalResource rdf:resource='http://www.daml.org/2001/12/factbook/naturalResources#hydropower'/>
    <NS0:naturalResource rdf:resource='http://www.daml.org/2001/12/factbook/naturalResources#manganese_deposits'/>
    <NS0:naturalResource rdf:resource='http://www.daml.org/2001/12/factbook/naturalResources#iron_ore'/>
    <NS0:naturalResource rdf:resource='http://www.daml.org/2001/12/factbook/naturalResources#copper'/>
    <NS0:naturalResource rdf:resource='http://www.daml.org/2001/12/factbook/naturalResources#minor_coal_and_oil_deposits;_coastal_climate_and_soils_allow_for_important_tea_and_citrus_growth'/>
    <NS0:arableLand>9</NS0:arableLand>
    <NS0:permanentCrops>4</NS0:permanentCrops>
    <NS0:permanentPastures>25</NS0:permanentPastures>
    <NS0:forestsAndWoodland>34</NS0:forestsAndWoodland>
    <NS0:otherLandUse rdf:ID='A37994'>28</NS0:otherLandUse>
    <NS0:irrigatedLand rdf:ID='A37997'>4000</NS0:irrigatedLand>
    <NS0:naturalHazard>earthquakes</NS0:naturalHazard>
    <NS0:environmentalIssue>air pollution, particularly in Rust&apos;avi</NS0:environmentalIssue>
    <NS0:environmentalIssue>heavy pollution of Mtkvari River and the Black Sea</NS0:environmentalIssue>
    <NS0:environmentalIssue>inadequate supplies of potable water</NS0:environmentalIssue>
    <NS0:environmentalIssue>soil pollution from toxic chemicals</NS0:environmentalIssue>
    <NS0:environmentalAgreementPartyTo rdf:resource='http://www.daml.org/2001/12/factbook/environmentalAgreements#Air_Pollution'/>
    <NS0:environmentalAgreementPartyTo rdf:resource='http://www.daml.org/2001/12/factbook/environmentalAgreements#Biodiversity'/>
    <NS0:environmentalAgreementPartyTo rdf:resource='http://www.daml.org/2001/12/factbook/environmentalAgreements#Climate_Change'/>
    <NS0:environmentalAgreementPartyTo rdf:resource='http://www.daml.org/2001/12/factbook/environmentalAgreements#Climate_Change-Kyoto_Protocol'/>
    <NS0:environmentalAgreementPartyTo rdf:resource='http://www.daml.org/2001/12/factbook/environmentalAgreements#Desertification'/>
    <NS0:environmentalAgreementPartyTo rdf:resource='http://www.daml.org/2001/12/factbook/environmentalAgreements#Endangered_Species'/>
    <NS0:environmentalAgreementPartyTo rdf:resource='http://www.daml.org/2001/12/factbook/environmentalAgreements#Hazardous_Wastes'/>
    <NS0:environmentalAgreementPartyTo rdf:resource='http://www.daml.org/2001/12/factbook/environmentalAgreements#Law_of_the_Sea'/>
    <NS0:environmentalAgreementPartyTo rdf:resource='http://www.daml.org/2001/12/factbook/environmentalAgreements#Ozone_Layer_Protection'/>
    <NS0:environmentalAgreementPartyTo rdf:resource='http://www.daml.org/2001/12/factbook/environmentalAgreements#Ship_Pollution'/>
    <NS0:environmentalAgreementPartyTo rdf:resource='http://www.daml.org/2001/12/factbook/environmentalAgreements#Wetlands'/>
    <NS0:environmentalAgreementSigned rdf:resource='http://www.daml.org/2001/12/factbook/environmentalAgreements#none_of_the_selected_agreements'/>
    <NS0:population rdf:ID='A38017'>4989285</NS0:population>
    <NS0:populationGrowthRate rdf:ID='A38020'>-0.59</NS0:populationGrowthRate>
    <NS0:birthRate rdf:ID='A38023'>11.18</NS0:birthRate>
    <NS0:deathRate rdf:ID='A38026'>14.58</NS0:deathRate>
    <NS0:netMigrationRate rdf:ID='A38029'>-2.48</NS0:netMigrationRate>
    <NS0:sexRatio rdf:resource='#A38032'/>
    <NS0:sexRatio rdf:resource='#A38038'/>
    <NS0:sexRatio rdf:resource='#A38044'/>
    <NS0:sexRatio rdf:resource='#A38050'/>
    <NS0:sexRatio rdf:ID='A38058' rdf:resource='#A38055'/>
    <NS0:infantMortalityRate rdf:ID='A38061'>52.37</NS0:infantMortalityRate>
    <NS0:totalFertilityRate rdf:ID='A38064'>1.45</NS0:totalFertilityRate>
    <NS0:nationalityNoun>Georgian(s)</NS0:nationalityNoun>
    <NS0:nationalityAdjective>Georgian</NS0:nationalityAdjective>
    <NS0:ethnicGroup rdf:resource='#A38069'/>
    <NS0:ethnicGroup rdf:resource='#A38074'/>
    <NS0:ethnicGroup rdf:resource='#A38079'/>
    <NS0:ethnicGroup rdf:resource='#A38084'/>
    <NS0:ethnicGroup rdf:resource='#A38089'/>
    <NS0:ethnicGroup rdf:resource='#A38094'/>
    <NS0:ethnicGroup rdf:resource='#A38099'/>
    <NS0:religion rdf:resource='#A38104'/>
    <NS0:religion rdf:resource='#A38109'/>
    <NS0:religion rdf:resource='#A38114'/>
    <NS0:religion rdf:resource='#A38119'/>
    <NS0:religion rdf:resource='#A38124'/>
    <NS0:language rdf:ID='A38133' rdf:resource='#A38129'/>
    <NS0:language rdf:resource='#A38135'/>
    <NS0:language rdf:resource='#A38140'/>
    <NS0:language rdf:resource='#A38145'/>
    <NS0:language rdf:resource='#A38150'/>
    <NS0:literacyDefinition>age 15 and over can read and write</NS0:literacyDefinition>
    <NS0:literacyTotal>99</NS0:literacyTotal>
    <NS0:literacyMale>100</NS0:literacyMale>
    <NS0:literacyFemale rdf:ID='A38158'>98</NS0:literacyFemale>
    <NS0:conventionalLongCountryName>none</NS0:conventionalLongCountryName>
    <NS0:conventionalShortCountryName>Georgia</NS0:conventionalShortCountryName>
    <NS0:localLongCountryName>none</NS0:localLongCountryName>
    <NS0:localShortCountryName>Sak&apos;art&apos;velo</NS0:localShortCountryName>
    <NS0:formerCountryName>Georgian Soviet Socialist Republic</NS0:formerCountryName>
    <NS0:governmentType rdf:resource='http://www.daml.org/2001/12/factbook/governmentTypes#republic'/>
    <NS0:capital rdf:resource='#A38167'/>
    <NS0:administrativeDivision rdf:resource='#A38180'/>
    <NS0:administrativeDivision rdf:resource='#A38184'/>
    <NS0:administrativeDivision rdf:resource='#A38188'/>
    <NS0:administrativeDivision rdf:resource='#A38192'/>
    <NS0:administrativeDivision rdf:resource='#A38196'/>
    <NS0:administrativeDivision rdf:resource='#A38200'/>
    <NS0:administrativeDivision rdf:resource='#A38204'/>
    <NS0:administrativeDivision rdf:resource='#A38208'/>
    <NS0:administrativeDivision rdf:resource='#A38212'/>
    <NS0:administrativeDivision rdf:resource='#A38216'/>
    <NS0:administrativeDivision rdf:resource='#A38220'/>
    <NS0:administrativeDivision rdf:resource='#A38224'/>
    <NS0:administrativeDivision rdf:resource='#A38228'/>
    <NS0:administrativeDivision rdf:resource='#A38232'/>
    <NS0:administrativeDivision rdf:resource='#A38236'/>
    <NS0:administrativeDivision rdf:resource='#A38240'/>
    <NS0:administrativeDivision rdf:resource='#A38244'/>
    <NS0:administrativeDivision rdf:resource='#A38248'/>
    <NS0:administrativeDivision rdf:resource='#A38252'/>
    <NS0:administrativeDivision rdf:resource='#A38256'/>
    <NS0:administrativeDivision rdf:resource='#A38260'/>
    <NS0:administrativeDivision rdf:resource='#A38264'/>
    <NS0:administrativeDivision rdf:resource='#A38268'/>
    <NS0:administrativeDivision rdf:resource='#A38272'/>
    <NS0:administrativeDivision rdf:resource='#A38276'/>
    <NS0:administrativeDivision rdf:resource='#A38280'/>
    <NS0:administrativeDivision rdf:resource='#A38284'/>
    <NS0:administrativeDivision rdf:resource='#A38288'/>
    <NS0:administrativeDivision rdf:resource='#A38292'/>
    <NS0:administrativeDivision rdf:resource='#A38296'/>
    <NS0:administrativeDivision rdf:resource='#A38300'/>
    <NS0:administrativeDivision rdf:resource='#A38304'/>
    <NS0:administrativeDivision rdf:resource='#A38308'/>
    <NS0:administrativeDivision rdf:resource='#A38312'/>
    <NS0:administrativeDivision rdf:resource='#A38316'/>
    <NS0:administrativeDivision rdf:resource='#A38320'/>
    <NS0:administrativeDivision rdf:resource='#A38324'/>
    <NS0:administrativeDivision rdf:resource='#A38328'/>
    <NS0:administrativeDivision rdf:resource='#A38332'/>
    <NS0:administrativeDivision rdf:resource='#A38336'/>
    <NS0:administrativeDivision rdf:resource='#A38340'/>
    <NS0:administrativeDivision rdf:resource='#A38344'/>
    <NS0:administrativeDivision rdf:resource='#A38348'/>
    <NS0:administrativeDivision rdf:resource='#A38352'/>
    <NS0:administrativeDivision rdf:resource='#A38356'/>
    <NS0:administrativeDivision rdf:resource='#A38360'/>
    <NS0:administrativeDivision rdf:resource='#A38364'/>
    <NS0:administrativeDivision rdf:resource='#A38368'/>
    <NS0:administrativeDivision rdf:resource='#A38372'/>
    <NS0:administrativeDivision rdf:resource='#A38376'/>
    <NS0:administrativeDivision rdf:resource='#A38380'/>
    <NS0:administrativeDivision rdf:resource='#A38384'/>
    <NS0:administrativeDivision rdf:resource='#A38388'/>
    <NS0:administrativeDivision rdf:resource='#A38392'/>
    <NS0:administrativeDivision rdf:resource='#A38396'/>
    <NS0:administrativeDivision rdf:resource='#A38400'/>
    <NS0:administrativeDivision rdf:resource='#A38404'/>
    <NS0:administrativeDivision rdf:resource='#A38408'/>
    <NS0:administrativeDivision rdf:resource='#A38412'/>
    <NS0:administrativeDivision rdf:resource='#A38416'/>
    <NS0:administrativeDivision rdf:resource='#A38420'/>
    <NS0:administrativeDivision rdf:resource='#A38424'/>
    <NS0:administrativeDivision rdf:resource='#A38428'/>
    <NS0:administrativeDivision rdf:resource='#A38432'/>
    <NS0:independence>9 April 1991 (from Soviet Union)</NS0:independence>
    <NS0:constitution>adopted 17 October 1995</NS0:constitution>
    <NS0:legalSystem>based on civil law system</NS0:legalSystem>
    <NS0:suffrage>18 years of age; universal</NS0:suffrage>
    <NS0:participatesIn rdf:resource='http://www.daml.org/2001/12/factbook/internationalOrganizations#BSEC'/>
    <NS0:participatesIn rdf:resource='http://www.daml.org/2001/12/factbook/internationalOrganizations#CCC'/>
    <NS0:participatesIn rdf:resource='http://www.daml.org/2001/12/factbook/internationalOrganizations#CE'/>
    <NS0:participatesIn rdf:resource='http://www.daml.org/2001/12/factbook/internationalOrganizations#CIS'/>
    <NS0:participatesIn rdf:resource='http://www.daml.org/2001/12/factbook/internationalOrganizations#EAPC'/>
    <NS0:participatesIn rdf:resource='http://www.daml.org/2001/12/factbook/internationalOrganizations#EBRD'/>
    <NS0:participatesIn rdf:resource='http://www.daml.org/2001/12/factbook/internationalOrganizations#ECE'/>
    <NS0:participatesIn rdf:resource='http://www.daml.org/2001/12/factbook/internationalOrganizations#FAO'/>
    <NS0:participatesIn rdf:resource='http://www.daml.org/2001/12/factbook/internationalOrganizations#IAEA'/>
    <NS0:participatesIn rdf:resource='http://www.daml.org/2001/12/factbook/internationalOrganizations#IBRD'/>
    <NS0:participatesIn rdf:resource='http://www.daml.org/2001/12/factbook/internationalOrganizations#ICAO'/>
    <NS0:participatesIn rdf:resource='http://www.daml.org/2001/12/factbook/internationalOrganizations#ICFTU'/>
    <NS0:participatesIn rdf:resource='http://www.daml.org/2001/12/factbook/internationalOrganizations#IDA'/>
    <NS0:participatesIn rdf:resource='http://www.daml.org/2001/12/factbook/internationalOrganizations#IFAD'/>
    <NS0:participatesIn rdf:resource='http://www.daml.org/2001/12/factbook/internationalOrganizations#IFC'/>
    <NS0:participatesIn rdf:resource='http://www.daml.org/2001/12/factbook/internationalOrganizations#IFRCS'/>
    <NS0:participatesIn rdf:resource='http://www.daml.org/2001/12/factbook/internationalOrganizations#ILO'/>
    <NS0:participatesIn rdf:resource='http://www.daml.org/2001/12/factbook/internationalOrganizations#IMF'/>
    <NS0:participatesIn rdf:resource='http://www.daml.org/2001/12/factbook/internationalOrganizations#IMO'/>
    <NS0:participatesIn rdf:resource='http://www.daml.org/2001/12/factbook/internationalOrganizations#Inmarsat'/>
    <NS0:participatesIn rdf:resource='http://www.daml.org/2001/12/factbook/internationalOrganizations#Interpol'/>
    <NS0:participatesIn rdf:resource='http://www.daml.org/2001/12/factbook/internationalOrganizations#IOC'/>
    <NS0:participatesIn rdf:resource='http://www.daml.org/2001/12/factbook/internationalOrganizations#IOM'/>
    <NS0:participatesIn rdf:resource='http://www.daml.org/2001/12/factbook/internationalOrganizations#ITU'/>
    <NS0:participatesIn rdf:resource='http://www.daml.org/2001/12/factbook/internationalOrganizations#OPCW'/>
    <NS0:participatesIn rdf:resource='http://www.daml.org/2001/12/factbook/internationalOrganizations#OSCE'/>
    <NS0:participatesIn rdf:resource='http://www.daml.org/2001/12/factbook/internationalOrganizations#PFP'/>
    <NS0:participatesIn rdf:resource='http://www.daml.org/2001/12/factbook/internationalOrganizations#UN'/>
    <NS0:participatesIn rdf:resource='http://www.daml.org/2001/12/factbook/internationalOrganizations#UNCTAD'/>
    <NS0:participatesIn rdf:resource='http://www.daml.org/2001/12/factbook/internationalOrganizations#UNESCO'/>
    <NS0:participatesIn rdf:resource='http://www.daml.org/2001/12/factbook/internationalOrganizations#UNIDO'/>
    <NS0:participatesIn rdf:resource='http://www.daml.org/2001/12/factbook/internationalOrganizations#UPU'/>
    <NS0:participatesIn rdf:resource='http://www.daml.org/2001/12/factbook/internationalOrganizations#WHO'/>
    <NS0:participatesIn rdf:resource='http://www.daml.org/2001/12/factbook/internationalOrganizations#WIPO'/>
    <NS0:participatesIn rdf:resource='http://www.daml.org/2001/12/factbook/internationalOrganizations#WMO'/>
    <NS0:participatesIn rdf:resource='http://www.daml.org/2001/12/factbook/internationalOrganizations#WToO'/>
    <NS0:participatesIn rdf:resource='http://www.daml.org/2001/12/factbook/internationalOrganizations#WTrO'/>
    <NS0:flagDescription>maroon field with small rectangle in upper hoist side corner; rectangle divided horizontally with black on top, white below</NS0:flagDescription>
    <NS0:economyOverview>Georgia&apos;s economy has traditionally revolved around Black Sea tourism; cultivation of citrus fruits, tea, and grapes; mining of manganese and copper; and output of a small industrial sector producing wine, metals, machinery, chemicals, and textiles. The country imports the bulk of its energy needs, including natural gas and oil products. Its only sizable internal energy resource is hydropower. Despite the severe damage the economy has suffered due to civil strife, Georgia, with the help of the IMF and World Bank, has made substantial economic gains since 1995, increasing GDP growth and slashing inflation. The Georgian economy continues to experience large budget deficits due to a failure to collect tax revenues. Georgia also still suffers from energy shortages; it privatized the distribution network in 1998, and deliveries are steadily improving. The country is pinning its hopes for long-term recovery on the development of an international transportation corridor through the key Black Sea ports of P&apos;ot&apos;i and Bat&apos;umi. The growing trade deficit, continuing problems with tax evasion and corruption, and political uncertainties cloud the short-term economic picture.</NS0:economyOverview>
    <NS0:grossDomesticProduct rdf:ID='A38479'>22800000000</NS0:grossDomesticProduct>
    <NS0:grossDomesticProductRealGrowth rdf:ID='A38482'>1.9</NS0:grossDomesticProductRealGrowth>
    <NS0:grossDomesticProductPerCapita rdf:ID='A38485'>4600</NS0:grossDomesticProductPerCapita>
    <NS0:grossDomesticProductAgriculture>32</NS0:grossDomesticProductAgriculture>
    <NS0:grossDomesticProductIndustry>23</NS0:grossDomesticProductIndustry>
    <NS0:grossDomesticProductServices rdf:ID='A38490'>45</NS0:grossDomesticProductServices>
    <NS0:populationBelowPovertyLine rdf:ID='A38493'>60</NS0:populationBelowPovertyLine>
    <NS0:inflationRate rdf:ID='A38496'>4.1</NS0:inflationRate>
    <NS0:laborForce rdf:ID='A38499'>3080000</NS0:laborForce>
    <NS0:occupation rdf:resource='#A38501'/>
    <NS0:occupation rdf:resource='#A38506'/>
    <NS0:occupation rdf:ID='A38515' rdf:resource='#A38511'/>
    <NS0:unemploymentRate rdf:ID='A38518'>14.9</NS0:unemploymentRate>
    <NS0:budgetRevenues>437000000</NS0:budgetRevenues>
    <NS0:budgetExpenditures>626000000</NS0:budgetExpenditures>
    <NS0:budgetCapitalExpenditures rdf:ID='A38523'>60000000</NS0:budgetCapitalExpenditures>
    <NS0:industry rdf:resource='http://www.daml.org/2001/12/factbook/industries#steel'/>
    <NS0:industry rdf:resource='http://www.daml.org/2001/12/factbook/industries#aircraft'/>
    <NS0:industry rdf:resource='http://www.daml.org/2001/12/factbook/industries#machine_tools'/>
    <NS0:industry rdf:resource='http://www.daml.org/2001/12/factbook/industries#electric_locomotives'/>
    <NS0:industry rdf:resource='http://www.daml.org/2001/12/factbook/industries#trucks'/>
    <NS0:industry rdf:resource='http://www.daml.org/2001/12/factbook/industries#tractors'/>
    <NS0:industry rdf:resource='http://www.daml.org/2001/12/factbook/industries#textiles'/>
    <NS0:industry rdf:resource='http://www.daml.org/2001/12/factbook/industries#shoes'/>
    <NS0:industry rdf:resource='http://www.daml.org/2001/12/factbook/industries#chemicals'/>
    <NS0:industry rdf:resource='http://www.daml.org/2001/12/factbook/industries#wood_products'/>
    <NS0:industry rdf:resource='http://www.daml.org/2001/12/factbook/industries#wine'/>
    <NS0:industrialProductionGrowthRate rdf:ID='A38536'>-0.3</NS0:industrialProductionGrowthRate>
    <NS0:electricityProduction rdf:ID='A38539'>7975000000</NS0:electricityProduction>
    <NS0:electricityProductionFossilFuel>20.38</NS0:electricityProductionFossilFuel>
    <NS0:electricityProductionHydro>79.62</NS0:electricityProductionHydro>
    <NS0:electricityProductionNuclear>0</NS0:electricityProductionNuclear>
    <NS0:electricityProductionOther rdf:ID='A38544'>0</NS0:electricityProductionOther>
    <NS0:electricityConsumption rdf:ID='A38546'>7117000000</NS0:electricityConsumption>
    <NS0:electricityExports rdf:ID='A38548'>850000000</NS0:electricityExports>
    <NS0:electricityImports rdf:ID='A38550'>550000000</NS0:electricityImports>
    <NS0:agricultureProduct rdf:resource='http://www.daml.org/2001/12/factbook/agricultureProducts#citrus'/>
    <NS0:agricultureProduct rdf:resource='http://www.daml.org/2001/12/factbook/agricultureProducts#grapes'/>
    <NS0:agricultureProduct rdf:resource='http://www.daml.org/2001/12/factbook/agricultureProducts#tea'/>
    <NS0:agricultureProduct rdf:resource='http://www.daml.org/2001/12/factbook/agricultureProducts#vegetables'/>
    <NS0:agricultureProduct rdf:resource='http://www.daml.org/2001/12/factbook/agricultureProducts#potatoes'/>
    <NS0:agricultureProduct rdf:resource='http://www.daml.org/2001/12/factbook/agricultureProducts#livestock'/>
    <NS0:exports rdf:ID='A38558'>372000000</NS0:exports>
    <NS0:exportsCommodity rdf:resource='#A38561'/>
    <NS0:exportsCommodity rdf:resource='#A38565'/>
    <NS0:exportsCommodity rdf:resource='#A38569'/>
    <NS0:exportsCommodity rdf:resource='#A38573'/>
    <NS0:imports rdf:ID='A38577'>898000000</NS0:imports>
    <NS0:importsCommodity rdf:resource='#A38580'/>
    <NS0:importsCommodity rdf:resource='#A38584'/>
    <NS0:importsCommodity rdf:resource='#A38588'/>
    <NS0:importsCommodity rdf:resource='#A38592'/>
    <NS0:externalDebt rdf:ID='A38596'>1900000000</NS0:externalDebt>
    <NS0:economicAidRecipient rdf:ID='A38598'>212700000</NS0:economicAidRecipient>
    <NS0:currency>lari (GEL)</NS0:currency>
    <NS0:currencyCode>GEL</NS0:currencyCode>
    <NS0:fiscalYear>calendar year</NS0:fiscalYear>
    <NS0:mainTelephoneLines rdf:ID='A38603'>620000</NS0:mainTelephoneLines>
    <NS0:mobileTelephoneLines rdf:ID='A38605'>30000</NS0:mobileTelephoneLines>
    <NS0:telephoneSystemGeneralAssessment>NA</NS0:telephoneSystemGeneralAssessment>
    <NS0:telephoneSystemDomestic>local - T&apos;bilisi and K&apos;ut&apos;aisi have cellular telephone networks; urban telephone density is about 20 per 100 people; rural telephone density is about 4 per 100 people; intercity facilities include a fiber-optic line between T&apos;bilisi and K&apos;ut&apos;aisi; nationwide pager service is available</NS0:telephoneSystemDomestic>
    <NS0:telephoneSystemInternational>Georgia and Russia are working on a fiber-optic line between P&apos;ot&apos;i and Sochi (Russia); present international service is available by microwave, landline, and satellite through the Moscow switch; international electronic mail and telex service are available</NS0:telephoneSystemInternational>
    <NS0:radios rdf:ID='A38610'>3020000</NS0:radios>
    <NS0:televisions rdf:ID='A38612'>2570000</NS0:televisions>
    <NS0:internetCountryCode>.ge</NS0:internetCountryCode>
    <NS0:internetServiceProviders rdf:ID='A38615'>6</NS0:internetServiceProviders>
    <NS0:internetUsers rdf:ID='A38617'>20000</NS0:internetUsers>
    <NS0:highwaysTotal>33900</NS0:highwaysTotal>
    <NS0:highwaysPaved rdf:ID='A38620'>29500</NS0:highwaysPaved>
    <NS0:port rdf:resource='#A38622'/>
    <NS0:port rdf:resource='#A38626'/>
    <NS0:port rdf:resource='#A38630'/>
    <NS0:airports rdf:ID='A38634'>31</NS0:airports>
    <NS0:airportBreakdown rdf:resource='#A38637'/>
    <NS0:airportBreakdown rdf:resource='#A38643'/>
    <NS0:airportBreakdown rdf:resource='#A38650'/>
    <NS0:airportBreakdown rdf:resource='#A38657'/>
    <NS0:airportBreakdown rdf:resource='#A38664'/>
    <NS0:airportBreakdown rdf:resource='#A38670'/>
    <NS0:airportBreakdown rdf:resource='#A38677'/>
    <NS0:airportBreakdown rdf:resource='#A38684'/>
    <NS0:airportBreakdown rdf:resource='#A38691'/>
    <NS0:militaryAge>18</NS0:militaryAge>
    <NS0:malesOfMilitaryAge rdf:ID='A38698'>1296199</NS0:malesOfMilitaryAge>
    <NS0:malesFitForMilitaryService rdf:ID='A38701'>1024574</NS0:malesFitForMilitaryService>
    <NS0:malesReachingMilitaryAgeAnnually rdf:ID='A38704'>41561</NS0:malesReachingMilitaryAgeAnnually>
    <NS0:militaryExpenditures rdf:ID='A38707'>23000000</NS0:militaryExpenditures>
    <NS0:militaryExpendituresPercentGDP rdf:ID='A38709'>0.59</NS0:militaryExpendituresPercentGDP>
    <NS0:internationalDispute>none</NS0:internationalDispute>
    <NS0:illicitDrugs>limited cultivation of cannabis and opium poppy, mostly for domestic consumption</NS0:illicitDrugs>
    <NS0:illicitDrugs>used as transshipment point for opiates via Central Asia to Western Europe and Russia</NS0:illicitDrugs>
    <NS0:smallFlag>http://www.cia.gov/cia/publications/factbook/flags/gg-flag.jpg</NS0:smallFlag>
    <NS0:largeFlag>http://www.cia.gov/cia/publications/factbook/flags/gg-lgflag.jpg</NS0:largeFlag>
    <NS0:map>http://www.cia.gov/cia/publications/factbook/maps/gg-map.jpg</NS0:map>
    <NS0:border rdf:resource='#A123435'/>
    <NS0:border rdf:resource='#A123440'/>
    <NS0:border rdf:resource='#A123445'/>
    <NS0:border rdf:resource='#A123450'/>
    <NS0:exportPartner rdf:resource='#A123455'/>
    <NS0:exportPartner rdf:resource='#A123460'/>
    <NS0:exportPartner rdf:resource='#A123465'/>
    <NS0:exportPartner rdf:ID='A123474' rdf:resource='#A123470'/>
    <NS0:importPartner rdf:resource='#A123476'/>
    <NS0:importPartner rdf:resource='#A123481'/>
    <NS0:importPartner rdf:ID='A123490' rdf:resource='#A123486'/>
  </rdf:Description>
  <rdf:Description rdf:about='#A37997'>
    <rdf:type rdf:resource='http://www.daml.org/2001/12/factbook/factbook-ont#Estimate'/>
    <NS0:year>1993</NS0:year>
  </rdf:Description>
  <rdf:Description rdf:about='#A123481'>
    <rdf:type rdf:resource='http://www.daml.org/2001/12/factbook/factbook-ont#CountryPercent'/>
    <NS0:country rdf:resource='http://www.daml.org/2001/09/countries/fips#TU'/>
    <NS0:percent>12</NS0:percent>
  </rdf:Description>
  <rdf:Description rdf:about='#A38544'>
    <NS0:year>1999</NS0:year>
  </rdf:Description>
  <rdf:Description rdf:about='#A38069'>
    <rdf:type rdf:resource='http://www.daml.org/2001/12/factbook/factbook-ont#EthnicGroupPercent'/>
    <NS0:ethnicGroup rdf:resource='http://www.daml.org/2001/12/factbook/ethnicGroups#Georgian'/>
    <NS0:percent>70.1</NS0:percent>
  </rdf:Description>
  <rdf:Description rdf:about='#A38539'>
    <NS0:year>1999</NS0:year>
  </rdf:Description>
  <rdf:Description rdf:about='#A123476'>
    <rdf:type rdf:resource='http://www.daml.org/2001/12/factbook/factbook-ont#CountryPercent'/>
    <NS0:country rdf:resource='http://www.daml.org/2001/09/countries/fips#RS'/>
    <NS0:percent>19</NS0:percent>
  </rdf:Description>
  <rdf:Description rdf:about='#A123470'>
    <rdf:type rdf:resource='http://www.daml.org/2001/12/factbook/factbook-ont#CountryPercent'/>
    <NS0:country rdf:resource='http://www.daml.org/2001/09/countries/fips#AM'/>
    <NS0:percent>6</NS0:percent>
  </rdf:Description>
  <rdf:Description rdf:about='#A38490'>
    <rdf:type rdf:resource='http://www.daml.org/2001/12/factbook/factbook-ont#Estimate'/>
    <NS0:year>1999</NS0:year>
  </rdf:Description>
  <rdf:Description rdf:about='#A123465'>
    <rdf:type rdf:resource='http://www.daml.org/2001/12/factbook/factbook-ont#CountryPercent'/>
    <NS0:country rdf:resource='http://www.daml.org/2001/09/countries/fips#AJ'/>
    <NS0:percent>8</NS0:percent>
  </rdf:Description>
  <rdf:Description rdf:about='#A38055'>
    <rdf:type rdf:resource='http://www.daml.org/2001/12/factbook/factbook-ont#SexRatioBreakdown'/>
    <NS0:ratio>0.91</NS0:ratio>
  </rdf:Description>
  <rdf:Description rdf:about='#A38026'>
    <rdf:type rdf:resource='http://www.daml.org/2001/12/factbook/factbook-ont#Estimate'/>
    <NS0:year>2001</NS0:year>
  </rdf:Description>
  <rdf:Description rdf:about='#A38496'>
    <rdf:type rdf:resource='http://www.daml.org/2001/12/factbook/factbook-ont#Estimate'/>
    <NS0:year>2000</NS0:year>
  </rdf:Description>
  <rdf:Description rdf:about='#A123460'>
    <rdf:type rdf:resource='http://www.daml.org/2001/12/factbook/factbook-ont#CountryPercent'/>
    <NS0:country rdf:resource='http://www.daml.org/2001/09/countries/fips#TU'/>
    <NS0:percent>16</NS0:percent>
  </rdf:Description>
  <rdf:Description rdf:about='#A38050'>
    <rdf:type rdf:resource='http://www.daml.org/2001/12/factbook/factbook-ont#SexRatioBreakdown'/>
    <NS0:minAge>65</NS0:minAge>
    <NS0:ratio>0.63</NS0:ratio>
  </rdf:Description>
  <rdf:Description rdf:about='#A38432'>
    <rdf:type rdf:resource='#Rayon'/>
    <NS0:name>Zugdidis</NS0:name>
  </rdf:Description>
  <rdf:Description rdf:about='#A123455'>
    <rdf:type rdf:resource='http://www.daml.org/2001/12/factbook/factbook-ont#CountryPercent'/>
    <NS0:country rdf:resource='http://www.daml.org/2001/09/countries/fips#RS'/>
    <NS0:percent>19</NS0:percent>
  </rdf:Description>
  <rdf:Description rdf:about='#A38428'>
    <rdf:type rdf:resource='#City'/>
    <NS0:name>Zugdidi</NS0:name>
  </rdf:Description>
  <rdf:Description rdf:about='#A38044'>
    <rdf:type rdf:resource='http://www.daml.org/2001/12/factbook/factbook-ont#SexRatioBreakdown'/>
    <NS0:minAge>15</NS0:minAge>
    <NS0:maxAge>64</NS0:maxAge>
    <NS0:ratio>0.93</NS0:ratio>
  </rdf:Description>
  <rdf:Description rdf:about='#A38424'>
    <rdf:type rdf:resource='#Rayon'/>
    <NS0:name>Zestap&apos;onis</NS0:name>
  </rdf:Description>
  <rdf:Description rdf:about='#A123450'>
    <rdf:type rdf:resource='http://www.daml.org/2001/12/factbook/factbook-ont#Border'/>
    <NS0:country rdf:resource='http://www.daml.org/2001/09/countries/fips#TU'/>
    <NS0:distance>252</NS0:distance>
  </rdf:Description>
  <rdf:Description rdf:about='#A37994'>
    <rdf:type rdf:resource='http://www.daml.org/2001/12/factbook/factbook-ont#Estimate'/>
    <NS0:year>1993</NS0:year>
  </rdf:Description>
  <rdf:Description rdf:about='#A38499'>
    <NS0:year>1997</NS0:year>
  </rdf:Description>
  <rdf:Description rdf:about='#A38158'>
    <rdf:type rdf:resource='http://www.daml.org/2001/12/factbook/factbook-ont#Estimate'/>
    <NS0:year>1989</NS0:year>
  </rdf:Description>
  <rdf:Description rdf:about='#A38038'>
    <rdf:type rdf:resource='http://www.daml.org/2001/12/factbook/factbook-ont#SexRatioBreakdown'/>
    <NS0:minAge>0</NS0:minAge>
    <NS0:maxAge>14</NS0:maxAge>
    <NS0:ratio>1.04</NS0:ratio>
  </rdf:Description>
  <rdf:Description rdf:about='#A38420'>
    <rdf:type rdf:resource='#Rayon'/>
    <NS0:name>Vanis</NS0:name>
  </rdf:Description>
  <rdf:Description rdf:about='#A123445'>
    <rdf:type rdf:resource='http://www.daml.org/2001/12/factbook/factbook-ont#Border'/>
    <NS0:country rdf:resource='http://www.daml.org/2001/09/countries/fips#RS'/>
    <NS0:distance>723</NS0:distance>
  </rdf:Description>
  <rdf:Description rdf:about='#A38416'>
    <rdf:type rdf:resource='#City'/>
    <NS0:name>Tsqaltubo</NS0:name>
  </rdf:Description>
  <rdf:Description rdf:about='#A38032'>
    <rdf:type rdf:resource='http://www.daml.org/2001/12/factbook/factbook-ont#SexRatioBreakdown'/>
    <NS0:minAge>0</NS0:minAge>
    <NS0:maxAge>0</NS0:maxAge>
    <NS0:ratio>1.05</NS0:ratio>
  </rdf:Description>
  <rdf:Description rdf:about='#A123440'>
    <rdf:type rdf:resource='http://www.daml.org/2001/12/factbook/factbook-ont#Border'/>
    <NS0:country rdf:resource='http://www.daml.org/2001/09/countries/fips#AJ'/>
    <NS0:distance>322</NS0:distance>
  </rdf:Description>
  <rdf:Description rdf:about='#A38061'>
    <rdf:type rdf:resource='http://www.daml.org/2001/12/factbook/factbook-ont#Estimate'/>
    <NS0:year>2001</NS0:year>
  </rdf:Description>
  <rdf:Description rdf:about='#A38412'>
    <rdf:type rdf:resource='#Rayon'/>
    <NS0:name>Tsalkis</NS0:name>
  </rdf:Description>
  <rdf:Description rdf:about='#A123435'>
    <rdf:type rdf:resource='http://www.daml.org/2001/12/factbook/factbook-ont#Border'/>
    <NS0:country rdf:resource='http://www.daml.org/2001/09/countries/fips#AM'/>
    <NS0:distance>164</NS0:distance>
  </rdf:Description>
  <rdf:Description rdf:about='#A38408'>
    <rdf:type rdf:resource='#Rayon'/>
    <NS0:name>Tsalenjikhis</NS0:name>
  </rdf:Description>
  <rdf:Description rdf:about='#A38404'>
    <rdf:type rdf:resource='#Rayon'/>
    <NS0:name>Ts&apos;ageris</NS0:name>
  </rdf:Description>
  <rdf:Description rdf:about='#A38400'>
    <rdf:type rdf:resource='#City'/>
    <NS0:name>Tqibuli</NS0:name>
  </rdf:Description>
  <rdf:Description rdf:about='#A38396'>
    <rdf:type rdf:resource='#Rayon'/>
    <NS0:name>T&apos;ianet&apos;is</NS0:name>
  </rdf:Description>
  <rdf:Description rdf:about='#A38392'>
    <rdf:type rdf:resource='#Rayon'/>
    <NS0:name>T&apos;et&apos;ritsqaros</NS0:name>
  </rdf:Description>
  <rdf:Description rdf:about='#A38388'>
    <rdf:type rdf:resource='#Rayon'/>
    <NS0:name>T&apos;erjolis</NS0:name>
  </rdf:Description>
  <rdf:Description rdf:about='#A38384'>
    <rdf:type rdf:resource='#Rayon'/>
    <NS0:name>T&apos;elavis</NS0:name>
  </rdf:Description>
  <rdf:Description rdf:about='#A38133'>
    <NS0:note>official</NS0:note>
  </rdf:Description>
  <rdf:Description rdf:about='#A38380'>
    <rdf:type rdf:resource='#City'/>
    <NS0:name>T&apos;bilisi</NS0:name>
  </rdf:Description>
  <rdf:Description rdf:about='#A38615'>
    <NS0:year>2000</NS0:year>
  </rdf:Description>
  <rdf:Description rdf:about='#A38376'>
    <rdf:type rdf:resource='#Rayon'/>
    <NS0:name>Sighnaghis</NS0:name>
  </rdf:Description>
  <rdf:Description rdf:about='#A38372'>
    <rdf:type rdf:resource='#Rayon'/>
    <NS0:name>Senakis</NS0:name>
  </rdf:Description>
  <rdf:Description rdf:about='#A38368'>
    <rdf:type rdf:resource='#Rayon'/>
    <NS0:name>Samtrediis</NS0:name>
  </rdf:Description>
  <rdf:Description rdf:about='#A38617'>
    <NS0:year>2000</NS0:year>
  </rdf:Description>
  <rdf:Description rdf:about='#A38364'>
    <rdf:type rdf:resource='#Rayon'/>
    <NS0:name>Sagarejos</NS0:name>
  </rdf:Description>
  <rdf:Description rdf:about='#A37979'>
    <rdf:type rdf:resource='http://www.daml.org/2001/12/factbook/factbook-ont#ElevationExtreme'/>
    <NS0:name>Mt&apos;a Mqinvartsveri (Gora Kazbek)</NS0:name>
    <NS0:elevation>5048</NS0:elevation>
  </rdf:Description>
  <rdf:Description rdf:about='#A38360'>
    <rdf:type rdf:resource='#Rayon'/>
    <NS0:name>Sach&apos;kheris</NS0:name>
  </rdf:Description>
  <rdf:Description rdf:about='#A38518'>
    <rdf:type rdf:resource='http://www.daml.org/2001/12/factbook/factbook-ont#Estimate'/>
    <NS0:year>1999</NS0:year>
  </rdf:Description>
  <rdf:Description rdf:about='#A37974'>
    <rdf:type rdf:resource='http://www.daml.org/2001/12/factbook/factbook-ont#ElevationExtreme'/>
    <NS0:name>Black Sea</NS0:name>
    <NS0:elevation>0</NS0:elevation>
  </rdf:Description>
  <rdf:Description rdf:about='#A38356'>
    <rdf:type rdf:resource='#City'/>
    <NS0:name>Rust&apos;avi</NS0:name>
  </rdf:Description>
  <rdf:Description rdf:about='#A38029'>
    <rdf:type rdf:resource='http://www.daml.org/2001/12/factbook/factbook-ont#Estimate'/>
    <NS0:year>2001</NS0:year>
  </rdf:Description>
  <rdf:Description rdf:about='#A38610'>
    <NS0:year>1997</NS0:year>
  </rdf:Description>
  <rdf:Description rdf:about='#A38352'>
    <rdf:type rdf:resource='#Rayon'/>
    <NS0:name>Qvarlis</NS0:name>
  </rdf:Description>
  <rdf:Description rdf:about='#A38348'>
    <rdf:type rdf:resource='#Rayon'/>
    <NS0:name>Qazbegis</NS0:name>
  </rdf:Description>
  <rdf:Description rdf:about='#A38344'>
    <rdf:type rdf:resource='#City'/>
    <NS0:name>P&apos;ot&apos;i</NS0:name>
  </rdf:Description>
  <rdf:Description rdf:about='#A37960'>
    <rdf:type rdf:resource='http://www.daml.org/2001/12/factbook/factbook-ont#LatLon'/>
    <NS0:latitude>42.0</NS0:latitude>
    <NS0:longitude>43.5</NS0:longitude>
  </rdf:Description>
  <rdf:Description rdf:about='#A38020'>
    <rdf:type rdf:resource='http://www.daml.org/2001/12/factbook/factbook-ont#Estimate'/>
    <NS0:year>2001</NS0:year>
  </rdf:Description>
  <rdf:Description rdf:about='#A38523'>
    <NS0:year>1999</NS0:year>
  </rdf:Description>
  <rdf:Description rdf:about='#A38340'>
    <rdf:type rdf:resource='#Rayon'/>
    <NS0:name>Ozurget&apos;is</NS0:name>
  </rdf:Description>
  <rdf:Description rdf:about='#A38546'>
    <NS0:year>1999</NS0:year>
  </rdf:Description>
  <rdf:Description rdf:about='#A38336'>
    <rdf:type rdf:resource='#Rayon'/>
    <NS0:name>Onis</NS0:name>
  </rdf:Description>
  <rdf:Description rdf:about='#A38704'>
    <rdf:type rdf:resource='http://www.daml.org/2001/12/factbook/factbook-ont#Estimate'/>
    <NS0:year>2001</NS0:year>
  </rdf:Description>
  <rdf:Description rdf:about='#A38332'>
    <rdf:type rdf:resource='#Rayon'/>
    <NS0:name>Ninotsmindis</NS0:name>
  </rdf:Description>
  <rdf:Description rdf:about='#A38558'>
    <rdf:type rdf:resource='http://www.daml.org/2001/12/factbook/factbook-ont#Estimate'/>
    <NS0:year>2000</NS0:year>
  </rdf:Description>
  <rdf:Description rdf:about='#A38328'>
    <rdf:type rdf:resource='#Rayon'/>
    <NS0:name>Mts&apos;khet&apos;is</NS0:name>
  </rdf:Description>
  <rdf:Description rdf:about='#A38324'>
    <rdf:type rdf:resource='#Rayon'/>
    <NS0:name>Mestiis</NS0:name>
  </rdf:Description>
  <rdf:Description rdf:about='#A38320'>
    <rdf:type rdf:resource='#Rayon'/>
    <NS0:name>Martvilis</NS0:name>
  </rdf:Description>
  <rdf:Description rdf:about='#A38316'>
    <rdf:type rdf:resource='#Rayon'/>
    <NS0:name>Marneulis</NS0:name>
  </rdf:Description>
  <rdf:Description rdf:about='#A38612'>
    <NS0:year>1997</NS0:year>
  </rdf:Description>
  <rdf:Description rdf:about='#A38312'>
    <rdf:type rdf:resource='#Rayon'/>
    <NS0:name>Lentekhis</NS0:name>
  </rdf:Description>
  <rdf:Description rdf:about='#A38550'>
    <NS0:year>1999</NS0:year>
  </rdf:Description>
  <rdf:Description rdf:about='#A38603'>
    <NS0:year>1997</NS0:year>
  </rdf:Description>
  <rdf:Description rdf:about='#A38308'>
    <rdf:type rdf:resource='#Rayon'/>
    <NS0:name>Lanch&apos;khut&apos;is</NS0:name>
  </rdf:Description>
  <rdf:Description rdf:about='#A38691'>
    <rdf:type rdf:resource='http://www.daml.org/2001/12/factbook/factbook-ont#AirportBreakdown'/>
    <NS0:paved>false</NS0:paved>
    <NS0:maxRunway>913</NS0:maxRunway>
    <NS0:count>6 (2000 est.)</NS0:count>
  </rdf:Description>
  <rdf:Description rdf:about='#A38304'>
    <rdf:type rdf:resource='#Rayon'/>
    <NS0:name>Lagodekhis</NS0:name>
  </rdf:Description>
  <rdf:Description rdf:about='#A38684'>
    <rdf:type rdf:resource='http://www.daml.org/2001/12/factbook/factbook-ont#AirportBreakdown'/>
    <NS0:paved>false</NS0:paved>
    <NS0:minRunway>914</NS0:minRunway>
    <NS0:maxRunway>1523</NS0:maxRunway>
    <NS0:count>4</NS0:count>
  </rdf:Description>
  <rdf:Description rdf:about='#A38300'>
    <rdf:type rdf:resource='#City'/>
    <NS0:name>K&apos;ut&apos;aisi</NS0:name>
  </rdf:Description>
</rdf:RDF>
