<?xml version='1.0' encoding='ISO-8859-1'?>
<rdf:RDF
  xmlns:rdf='http://www.w3.org/1999/02/22-rdf-syntax-ns#'
  xmlns:NS0='http://www.daml.org/2001/12/factbook/factbook-ont#'
  xml:base="http://www.daml.org/2001/12/factbook/gi">
  <rdf:Description rdf:about='#A39345'>
    <rdf:type rdf:resource='http://www.daml.org/2001/12/factbook/factbook-ont#ReligionPercent'/>
    <NS0:religion rdf:resource='http://www.daml.org/2001/12/factbook/religions#Church_of_England'/>
    <NS0:percent>6.9</NS0:percent>
  </rdf:Description>
  <rdf:Description rdf:about='#A39446'>
    <NS0:year>1999</NS0:year>
  </rdf:Description>
  <rdf:Description rdf:about='#A39340'>
    <rdf:type rdf:resource='http://www.daml.org/2001/12/factbook/factbook-ont#ReligionPercent'/>
    <NS0:religion rdf:resource='http://www.daml.org/2001/12/factbook/religions#Roman_Catholic'/>
    <NS0:percent>76.9</NS0:percent>
  </rdf:Description>
  <rdf:Description rdf:about='#A39336'>
    <rdf:type rdf:resource='http://www.daml.org/2001/12/factbook/factbook-ont#EthnicGroupPercent'/>
    <NS0:ethnicGroup rdf:resource='http://www.daml.org/2001/12/factbook/ethnicGroups#Portuguese'/>
  </rdf:Description>
  <rdf:Description rdf:about='#A39448'>
    <NS0:year>1999</NS0:year>
  </rdf:Description>
  <rdf:Description rdf:about='#A39332'>
    <rdf:type rdf:resource='http://www.daml.org/2001/12/factbook/factbook-ont#EthnicGroupPercent'/>
    <NS0:ethnicGroup rdf:resource='http://www.daml.org/2001/12/factbook/ethnicGroups#Maltese'/>
  </rdf:Description>
  <rdf:Description rdf:about='#A39412'>
    <NS0:note>including non-Gibraltar laborers</NS0:note>
  </rdf:Description>
  <rdf:Description rdf:about='#A39461'>
    <NS0:note>principally reexports</NS0:note>
  </rdf:Description>
  <rdf:Description rdf:about='#A39455'>
    <NS0:note>f.o.b., 1997</NS0:note>
  </rdf:Description>
  <rdf:Description rdf:about='#A39506'>
    <NS0:year>2001</NS0:year>
  </rdf:Description>
  <rdf:Description rdf:about='#A39328'>
    <rdf:type rdf:resource='http://www.daml.org/2001/12/factbook/factbook-ont#EthnicGroupPercent'/>
    <NS0:ethnicGroup rdf:resource='http://www.daml.org/2001/12/factbook/ethnicGroups#English'/>
  </rdf:Description>
  <rdf:Description rdf:about='#A39364'>
    <NS0:year>1991</NS0:year>
  </rdf:Description>
  <rdf:Description rdf:about='#A39324'>
    <rdf:type rdf:resource='http://www.daml.org/2001/12/factbook/factbook-ont#EthnicGroupPercent'/>
    <NS0:ethnicGroup rdf:resource='http://www.daml.org/2001/12/factbook/ethnicGroups#Italian'/>
  </rdf:Description>
  <rdf:Description rdf:about='#A39515'>
    <rdf:type rdf:resource='http://www.daml.org/2001/12/factbook/factbook-ont#AirportBreakdown'/>
    <NS0:paved>true</NS0:paved>
    <NS0:minRunway>1524</NS0:minRunway>
    <NS0:maxRunway>2437</NS0:maxRunway>
    <NS0:count>1 (2000 est.)</NS0:count>
  </rdf:Description>
  <rdf:Description rdf:about='#A39320'>
    <rdf:type rdf:resource='http://www.daml.org/2001/12/factbook/factbook-ont#EthnicGroupPercent'/>
    <NS0:ethnicGroup rdf:resource='http://www.daml.org/2001/12/factbook/ethnicGroups#Spanish'/>
  </rdf:Description>
  <rdf:Description rdf:about='#A39280'>
    <rdf:type rdf:resource='http://www.daml.org/2001/12/factbook/factbook-ont#Estimate'/>
    <NS0:year>2001</NS0:year>
  </rdf:Description>
  <rdf:Description rdf:about='#A39508'>
    <rdf:type rdf:resource='http://www.daml.org/2001/12/factbook/factbook-ont#Port'/>
    <NS0:name>Gibraltar</NS0:name>
  </rdf:Description>
  <rdf:Description rdf:about='#A39277'>
    <rdf:type rdf:resource='http://www.daml.org/2001/12/factbook/factbook-ont#Estimate'/>
    <NS0:year>2001</NS0:year>
  </rdf:Description>
  <rdf:Description rdf:about='#A39306'>
    <rdf:type rdf:resource='http://www.daml.org/2001/12/factbook/factbook-ont#SexRatioBreakdown'/>
    <NS0:ratio>1</NS0:ratio>
  </rdf:Description>
  <rdf:Description rdf:about='#A39301'>
    <rdf:type rdf:resource='http://www.daml.org/2001/12/factbook/factbook-ont#SexRatioBreakdown'/>
    <NS0:minAge>65</NS0:minAge>
    <NS0:ratio>0.72</NS0:ratio>
  </rdf:Description>
  <rdf:Description rdf:about='#A39271'>
    <rdf:type rdf:resource='http://www.daml.org/2001/12/factbook/factbook-ont#Estimate'/>
    <NS0:note>July 2001</NS0:note>
  </rdf:Description>
  <rdf:Description rdf:about='#A39295'>
    <rdf:type rdf:resource='http://www.daml.org/2001/12/factbook/factbook-ont#SexRatioBreakdown'/>
    <NS0:minAge>15</NS0:minAge>
    <NS0:maxAge>64</NS0:maxAge>
    <NS0:ratio>1.07</NS0:ratio>
  </rdf:Description>
  <rdf:Description rdf:about='#A39483'>
    <rdf:type rdf:resource='http://www.daml.org/2001/12/factbook/factbook-ont#CommodityPercent'/>
    <NS0:importsCommodity rdf:resource='http://www.daml.org/2001/12/factbook/commodities#foodstuffs'/>
  </rdf:Description>
  <rdf:Description rdf:about='#A39499'>
    <NS0:year>1997</NS0:year>
  </rdf:Description>
  <rdf:Description rdf:about='#A39473'>
    <NS0:note>c.i.f., 1997</NS0:note>
  </rdf:Description>
  <rdf:Description rdf:about='#A39289'>
    <rdf:type rdf:resource='http://www.daml.org/2001/12/factbook/factbook-ont#SexRatioBreakdown'/>
    <NS0:minAge>0</NS0:minAge>
    <NS0:maxAge>14</NS0:maxAge>
    <NS0:ratio>1.05</NS0:ratio>
  </rdf:Description>
  <rdf:Description rdf:about='#A39479'>
    <rdf:type rdf:resource='http://www.daml.org/2001/12/factbook/factbook-ont#CommodityPercent'/>
    <NS0:importsCommodity rdf:resource='http://www.daml.org/2001/12/factbook/commodities#manufactured_goods'/>
  </rdf:Description>
  <rdf:Description rdf:about='#A39475'>
    <rdf:type rdf:resource='http://www.daml.org/2001/12/factbook/factbook-ont#CommodityPercent'/>
    <NS0:importsCommodity rdf:resource='http://www.daml.org/2001/12/factbook/commodities#fuels'/>
  </rdf:Description>
  <rdf:Description rdf:about='#A39283'>
    <rdf:type rdf:resource='http://www.daml.org/2001/12/factbook/factbook-ont#SexRatioBreakdown'/>
    <NS0:minAge>0</NS0:minAge>
    <NS0:maxAge>0</NS0:maxAge>
    <NS0:ratio>1.05</NS0:ratio>
  </rdf:Description>
  <rdf:Description rdf:about='#A39468'>
    <rdf:type rdf:resource='http://www.daml.org/2001/12/factbook/factbook-ont#CommodityPercent'/>
    <NS0:exportsCommodity rdf:resource='http://www.daml.org/2001/12/factbook/commodities#other'/>
    <NS0:percent>8</NS0:percent>
  </rdf:Description>
  <rdf:Description rdf:about='#A39463'>
    <rdf:type rdf:resource='http://www.daml.org/2001/12/factbook/factbook-ont#CommodityPercent'/>
    <NS0:exportsCommodity rdf:resource='http://www.daml.org/2001/12/factbook/commodities#manufactured_goods'/>
    <NS0:percent>41</NS0:percent>
  </rdf:Description>
  <rdf:Description rdf:about='#A39457'>
    <rdf:type rdf:resource='http://www.daml.org/2001/12/factbook/factbook-ont#CommodityPercent'/>
    <NS0:exportsCommodity rdf:resource='http://www.daml.org/2001/12/factbook/commodities#petroleum'/>
    <NS0:percent>51</NS0:percent>
  </rdf:Description>
  <rdf:Description rdf:about='#A39492'>
    <NS0:year>1997</NS0:year>
  </rdf:Description>
  <rdf:Description rdf:about='#A39309'>
    <rdf:type rdf:resource='http://www.daml.org/2001/12/factbook/factbook-ont#Estimate'/>
    <NS0:year>2001</NS0:year>
  </rdf:Description>
  <rdf:Description rdf:about='#A39255'>
    <rdf:type rdf:resource='http://www.daml.org/2001/12/factbook/factbook-ont#ElevationExtreme'/>
    <NS0:name>Rock of Gibraltar</NS0:name>
    <NS0:elevation>426</NS0:elevation>
  </rdf:Description>
  <rdf:Description rdf:about='#A39512'>
    <rdf:type rdf:resource='http://www.daml.org/2001/12/factbook/factbook-ont#Estimate'/>
    <NS0:year>2000</NS0:year>
  </rdf:Description>
  <rdf:Description rdf:about='#A123673'>
    <rdf:type rdf:resource='http://www.daml.org/2001/12/factbook/factbook-ont#CountryPercent'/>
    <NS0:country rdf:resource='http://www.daml.org/2001/09/countries/fips#NL'/>
  </rdf:Description>
  <rdf:Description rdf:about='#A39490'>
    <NS0:year>1997</NS0:year>
  </rdf:Description>
  <rdf:Description rdf:about='#A39250'>
    <rdf:type rdf:resource='http://www.daml.org/2001/12/factbook/factbook-ont#ElevationExtreme'/>
    <NS0:name>Mediterranean Sea</NS0:name>
    <NS0:elevation>0</NS0:elevation>
  </rdf:Description>
  <rdf:Description rdf:about='#A123669'>
    <rdf:type rdf:resource='http://www.daml.org/2001/12/factbook/factbook-ont#CountryPercent'/>
    <NS0:country rdf:resource='http://www.daml.org/2001/09/countries/fips#JA'/>
  </rdf:Description>
  <rdf:Description rdf:about='#A39502'>
    <NS0:year>2000</NS0:year>
  </rdf:Description>
  <rdf:Description rdf:about='#A39404'>
    <rdf:type rdf:resource='http://www.daml.org/2001/12/factbook/factbook-ont#Estimate'/>
    <NS0:year>1997</NS0:year>
  </rdf:Description>
  <rdf:Description rdf:about='#A123665'>
    <rdf:type rdf:resource='http://www.daml.org/2001/12/factbook/factbook-ont#CountryPercent'/>
    <NS0:country rdf:resource='http://www.daml.org/2001/09/countries/fips#SP'/>
  </rdf:Description>
  <rdf:Description rdf:about='#A123661'>
    <rdf:type rdf:resource='http://www.daml.org/2001/12/factbook/factbook-ont#CountryPercent'/>
    <NS0:country rdf:resource='http://www.daml.org/2001/09/countries/fips#UK'/>
  </rdf:Description>
  <rdf:Description rdf:about='#A39235'>
    <rdf:type rdf:resource='http://www.daml.org/2001/12/factbook/factbook-ont#LatLon'/>
    <NS0:latitude>36.18333333333333</NS0:latitude>
    <NS0:longitude>-5.366666666666666</NS0:longitude>
  </rdf:Description>
  <rdf:Description rdf:about='#A123657'>
    <rdf:type rdf:resource='http://www.daml.org/2001/12/factbook/factbook-ont#CountryPercent'/>
    <NS0:country rdf:resource='http://www.daml.org/2001/09/countries/fips#GM'/>
  </rdf:Description>
  <rdf:Description rdf:about='#A39450'>
    <NS0:year>1999</NS0:year>
  </rdf:Description>
  <rdf:Description rdf:about='#A39424'>
    <rdf:type rdf:resource='http://www.daml.org/2001/12/factbook/factbook-ont#OccupationPercent'/>
    <NS0:occupation rdf:resource='http://www.daml.org/2001/12/factbook/occupations#agriculture'/>
    <NS0:percent>NEGL</NS0:percent>
  </rdf:Description>
  <rdf:Description rdf:about='#A39407'>
    <rdf:type rdf:resource='http://www.daml.org/2001/12/factbook/factbook-ont#Estimate'/>
    <NS0:year>1997</NS0:year>
  </rdf:Description>
  <rdf:Description rdf:about='#A123653'>
    <rdf:type rdf:resource='http://www.daml.org/2001/12/factbook/factbook-ont#CountryPercent'/>
    <NS0:country rdf:resource='http://www.daml.org/2001/09/countries/fips#US'/>
  </rdf:Description>
  <rdf:Description rdf:about='#A39419'>
    <rdf:type rdf:resource='http://www.daml.org/2001/12/factbook/factbook-ont#OccupationPercent'/>
    <NS0:occupation rdf:resource='http://www.daml.org/2001/12/factbook/occupations#industry'/>
    <NS0:percent>40</NS0:percent>
  </rdf:Description>
  <rdf:Description rdf:about='#A123649'>
    <rdf:type rdf:resource='http://www.daml.org/2001/12/factbook/factbook-ont#CountryPercent'/>
    <NS0:country rdf:resource='http://www.daml.org/2001/09/countries/fips#SP'/>
  </rdf:Description>
  <rdf:Description rdf:about='#A39452'>
    <NS0:year>1999</NS0:year>
  </rdf:Description>
  <rdf:Description rdf:about='#A39265'>
    <rdf:type rdf:resource='http://www.daml.org/2001/12/factbook/factbook-ont#Estimate'/>
    <NS0:year>1993</NS0:year>
  </rdf:Description>
  <rdf:Description rdf:about='#A123645'>
    <rdf:type rdf:resource='http://www.daml.org/2001/12/factbook/factbook-ont#CountryPercent'/>
    <NS0:country rdf:resource='http://www.daml.org/2001/09/countries/fips#NL'/>
  </rdf:Description>
  <rdf:Description rdf:about='http://www.daml.org/2001/09/countries/fips#GI'>
    <NS0:background>Strategically important, Gibraltar was ceded to Great Britain by Spain in the 1713 Treaty of Utrecht; the British garrison was formally declared a colony in 1830. In a 1967 referendum, Gibraltarians ignored Spanish pressure and voted overwhelmingly to remain a British dependency.</NS0:background>
    <NS0:location>Southwestern Europe, bordering the Strait of Gibraltar, which links the Mediterranean Sea and the North Atlantic Ocean, on the southern coast of Spain</NS0:location>
    <NS0:geographicCoordinates rdf:resource='#A39235'/>
    <NS0:mapReferences>Europe</NS0:mapReferences>
    <NS0:totalArea>6.5</NS0:totalArea>
    <NS0:landArea>6.5</NS0:landArea>
    <NS0:waterArea>0</NS0:waterArea>
    <NS0:comparativeArea>about 11 times the size of The Mall in Washington, DC</NS0:comparativeArea>
    <NS0:landBoundaries>1.2</NS0:landBoundaries>
    <NS0:coastline>12</NS0:coastline>
    <NS0:territorialSea>3</NS0:territorialSea>
    <NS0:climate>Mediterranean with mild winters and warm summers</NS0:climate>
    <NS0:terrain>a narrow coastal lowland borders the Rock of Gibraltar</NS0:terrain>
    <NS0:lowestPoint rdf:resource='#A39250'/>
    <NS0:highestPoint rdf:resource='#A39255'/>
    <NS0:naturalResource rdf:resource='http://www.daml.org/2001/12/factbook/naturalResources#NEGL'/>
    <NS0:arableLand>0</NS0:arableLand>
    <NS0:permanentCrops>0</NS0:permanentCrops>
    <NS0:permanentPastures>0</NS0:permanentPastures>
    <NS0:forestsAndWoodland>0</NS0:forestsAndWoodland>
    <NS0:otherLandUse rdf:ID='A39265'>100</NS0:otherLandUse>
    <NS0:naturalHazard>NA</NS0:naturalHazard>
    <NS0:environmentalIssue>limited natural freshwater resources</NS0:environmentalIssue>
    <NS0:environmentalIssue>large concrete or natural rock water catchments collect rainwater</NS0:environmentalIssue>
    <NS0:population rdf:ID='A39271'>27649</NS0:population>
    <NS0:populationGrowthRate rdf:ID='A39274'>0.24</NS0:populationGrowthRate>
    <NS0:birthRate rdf:ID='A39277'>11.25</NS0:birthRate>
    <NS0:deathRate rdf:ID='A39280'>8.82</NS0:deathRate>
    <NS0:sexRatio rdf:resource='#A39283'/>
    <NS0:sexRatio rdf:resource='#A39289'/>
    <NS0:sexRatio rdf:resource='#A39295'/>
    <NS0:sexRatio rdf:resource='#A39301'/>
    <NS0:sexRatio rdf:ID='A39309' rdf:resource='#A39306'/>
    <NS0:infantMortalityRate rdf:ID='A39312'>5.49</NS0:infantMortalityRate>
    <NS0:totalFertilityRate rdf:ID='A39315'>1.64</NS0:totalFertilityRate>
    <NS0:nationalityNoun>Gibraltarian(s)</NS0:nationalityNoun>
    <NS0:nationalityAdjective>Gibraltar</NS0:nationalityAdjective>
    <NS0:ethnicGroup rdf:resource='#A39320'/>
    <NS0:ethnicGroup rdf:resource='#A39324'/>
    <NS0:ethnicGroup rdf:resource='#A39328'/>
    <NS0:ethnicGroup rdf:resource='#A39332'/>
    <NS0:ethnicGroup rdf:resource='#A39336'/>
    <NS0:religion rdf:resource='#A39340'/>
    <NS0:religion rdf:resource='#A39345'/>
    <NS0:religion rdf:resource='#A39350'/>
    <NS0:religion rdf:resource='#A39355'/>
    <NS0:religion rdf:ID='A39364' rdf:resource='#A39360'/>
    <NS0:language rdf:ID='A39369' rdf:resource='#A39366'/>
    <NS0:language rdf:resource='#A39371'/>
    <NS0:language rdf:resource='#A39375'/>
    <NS0:language rdf:resource='#A39379'/>
    <NS0:language rdf:resource='#A39383'/>
    <NS0:literacyDefinition>NA</NS0:literacyDefinition>
    <NS0:literacyTotal>above 80</NS0:literacyTotal>
    <NS0:conventionalLongCountryName>none</NS0:conventionalLongCountryName>
    <NS0:conventionalShortCountryName>Gibraltar</NS0:conventionalShortCountryName>
    <NS0:dependencyStatus>overseas territory of the UK</NS0:dependencyStatus>
    <NS0:governmentType rdf:resource='http://www.daml.org/2001/12/factbook/governmentTypes#NA'/>
    <NS0:capital rdf:resource='#A39393'/>
    <NS0:independence>none (overseas territory of the UK)</NS0:independence>
    <NS0:constitution>30 May 1969</NS0:constitution>
    <NS0:legalSystem>English law</NS0:legalSystem>
    <NS0:suffrage>18 years of age; universal, plus other UK subjects who have been residents six months or more</NS0:suffrage>
    <NS0:participatesIn rdf:resource='http://www.daml.org/2001/12/factbook/internationalOrganizations#Interpol'/>
    <NS0:flagDescription>two horizontal bands of white (top, double width) and red with a three-towered red castle in the center of the white band; hanging from the castle gate is a gold key centered in the red band</NS0:flagDescription>
    <NS0:economyOverview>Gibraltar benefits from an extensive shipping trade, offshore banking, and its position as an international conference center. The British military presence has been sharply reduced and now contributes about 11% to the local economy. The financial sector accounts for 20% of GDP; tourism (almost 6 million visitors in 1998), shipping services fees, and duties on consumer goods also generate revenue. In recent years, Gibraltar has seen major structural change from a public to a private sector economy, but changes in government spending still have a major impact on the level of employment.</NS0:economyOverview>
    <NS0:grossDomesticProduct rdf:ID='A39404'>500000000</NS0:grossDomesticProduct>
    <NS0:grossDomesticProductPerCapita rdf:ID='A39407'>17500</NS0:grossDomesticProductPerCapita>
    <NS0:inflationRate rdf:ID='A39410'>1.5</NS0:inflationRate>
    <NS0:laborForce rdf:ID='A39412'>14800</NS0:laborForce>
    <NS0:occupation rdf:resource='#A39414'/>
    <NS0:occupation rdf:resource='#A39419'/>
    <NS0:occupation rdf:resource='#A39424'/>
    <NS0:unemploymentRate rdf:ID='A39429'>13.5</NS0:unemploymentRate>
    <NS0:budgetRevenues>307000000</NS0:budgetRevenues>
    <NS0:budgetExpenditures>284000000</NS0:budgetExpenditures>
    <NS0:industry rdf:resource='http://www.daml.org/2001/12/factbook/industries#tourism'/>
    <NS0:industry rdf:resource='http://www.daml.org/2001/12/factbook/industries#banking_and_finance'/>
    <NS0:industry rdf:resource='http://www.daml.org/2001/12/factbook/industries#ship-building_and_repairing'/>
    <NS0:industry rdf:resource='http://www.daml.org/2001/12/factbook/industries#support_to_large_UK_naval_and_air_bases'/>
    <NS0:industry rdf:resource='http://www.daml.org/2001/12/factbook/industries#tobacco'/>
    <NS0:industry rdf:resource='http://www.daml.org/2001/12/factbook/industries#mineral_water'/>
    <NS0:industry rdf:resource='http://www.daml.org/2001/12/factbook/industries#beer'/>
    <NS0:industry rdf:resource='http://www.daml.org/2001/12/factbook/industries#canned_fish'/>
    <NS0:electricityProduction rdf:ID='A39441'>95000000</NS0:electricityProduction>
    <NS0:electricityProductionFossilFuel>100</NS0:electricityProductionFossilFuel>
    <NS0:electricityProductionHydro>0</NS0:electricityProductionHydro>
    <NS0:electricityProductionNuclear>0</NS0:electricityProductionNuclear>
    <NS0:electricityProductionOther rdf:ID='A39446'>0</NS0:electricityProductionOther>
    <NS0:electricityConsumption rdf:ID='A39448'>88400000</NS0:electricityConsumption>
    <NS0:electricityExports rdf:ID='A39450'>0</NS0:electricityExports>
    <NS0:electricityImports rdf:ID='A39452'>0</NS0:electricityImports>
    <NS0:agricultureProduct rdf:resource='http://www.daml.org/2001/12/factbook/agricultureProducts#none'/>
    <NS0:exports rdf:ID='A39455'>81100000</NS0:exports>
    <NS0:exportsCommodity rdf:ID='A39461' rdf:resource='#A39457'/>
    <NS0:exportsCommodity rdf:resource='#A39463'/>
    <NS0:exportsCommodity rdf:resource='#A39468'/>
    <NS0:imports rdf:ID='A39473'>492000000</NS0:imports>
    <NS0:importsCommodity rdf:resource='#A39475'/>
    <NS0:importsCommodity rdf:resource='#A39479'/>
    <NS0:importsCommodity rdf:resource='#A39483'/>
    <NS0:currency>Gibraltar pound (GIP)</NS0:currency>
    <NS0:currencyCode>GIP</NS0:currencyCode>
    <NS0:fiscalYear>1 July - 30 June</NS0:fiscalYear>
    <NS0:mainTelephoneLines rdf:ID='A39490'>19000</NS0:mainTelephoneLines>
    <NS0:mobileTelephoneLines rdf:ID='A39492'>1620</NS0:mobileTelephoneLines>
    <NS0:telephoneSystemGeneralAssessment>adequate, automatic domestic system and adequate international facilities</NS0:telephoneSystemGeneralAssessment>
    <NS0:telephoneSystemDomestic>automatic exchange facilities</NS0:telephoneSystemDomestic>
    <NS0:telephoneSystemInternational>radiotelephone; microwave radio relay; satellite earth station - 1 Intelsat (Atlantic Ocean)</NS0:telephoneSystemInternational>
    <NS0:radios rdf:ID='A39497'>37000</NS0:radios>
    <NS0:televisions rdf:ID='A39499'>10000</NS0:televisions>
    <NS0:internetCountryCode>.gi</NS0:internetCountryCode>
    <NS0:internetServiceProviders rdf:ID='A39502'>2</NS0:internetServiceProviders>
    <NS0:highwaysTotal>46.25</NS0:highwaysTotal>
    <NS0:highwaysPaved>46.25</NS0:highwaysPaved>
    <NS0:highwaysUnpaved rdf:ID='A39506'>0</NS0:highwaysUnpaved>
    <NS0:port rdf:resource='#A39508'/>
    <NS0:airports rdf:ID='A39512'>1</NS0:airports>
    <NS0:airportBreakdown rdf:resource='#A39515'/>
    <NS0:internationalDispute>source of friction between Spain and the UK</NS0:internationalDispute>
    <NS0:smallFlag>http://www.cia.gov/cia/publications/factbook/flags/gi-flag.jpg</NS0:smallFlag>
    <NS0:largeFlag>http://www.cia.gov/cia/publications/factbook/flags/gi-lgflag.jpg</NS0:largeFlag>
    <NS0:map>http://www.cia.gov/cia/publications/factbook/maps/gi-map.jpg</NS0:map>
    <NS0:border rdf:resource='#A123628'/>
    <NS0:exportPartner rdf:resource='#A123633'/>
    <NS0:exportPartner rdf:resource='#A123637'/>
    <NS0:exportPartner rdf:resource='#A123641'/>
    <NS0:exportPartner rdf:resource='#A123645'/>
    <NS0:exportPartner rdf:resource='#A123649'/>
    <NS0:exportPartner rdf:resource='#A123653'/>
    <NS0:exportPartner rdf:resource='#A123657'/>
    <NS0:importPartner rdf:resource='#A123661'/>
    <NS0:importPartner rdf:resource='#A123665'/>
    <NS0:importPartner rdf:resource='#A123669'/>
    <NS0:importPartner rdf:resource='#A123673'/>
  </rdf:Description>
  <rdf:Description rdf:about='#A39414'>
    <rdf:type rdf:resource='http://www.daml.org/2001/12/factbook/factbook-ont#OccupationPercent'/>
    <NS0:occupation rdf:resource='http://www.daml.org/2001/12/factbook/occupations#services'/>
    <NS0:percent>60</NS0:percent>
  </rdf:Description>
  <rdf:Description rdf:about='#A39315'>
    <rdf:type rdf:resource='http://www.daml.org/2001/12/factbook/factbook-ont#Estimate'/>
    <NS0:year>2001</NS0:year>
  </rdf:Description>
  <rdf:Description rdf:about='#A123641'>
    <rdf:type rdf:resource='http://www.daml.org/2001/12/factbook/factbook-ont#CountryPercent'/>
    <NS0:country rdf:resource='http://www.daml.org/2001/09/countries/fips#PO'/>
  </rdf:Description>
  <rdf:Description rdf:about='#A39410'>
    <NS0:year>1998</NS0:year>
  </rdf:Description>
  <rdf:Description rdf:about='#A123637'>
    <rdf:type rdf:resource='http://www.daml.org/2001/12/factbook/factbook-ont#CountryPercent'/>
    <NS0:country rdf:resource='http://www.daml.org/2001/09/countries/fips#MO'/>
  </rdf:Description>
  <rdf:Description rdf:about='#A123633'>
    <rdf:type rdf:resource='http://www.daml.org/2001/12/factbook/factbook-ont#CountryPercent'/>
    <NS0:country rdf:resource='http://www.daml.org/2001/09/countries/fips#UK'/>
  </rdf:Description>
  <rdf:Description rdf:about='#A123628'>
    <rdf:type rdf:resource='http://www.daml.org/2001/12/factbook/factbook-ont#Border'/>
    <NS0:country rdf:resource='http://www.daml.org/2001/09/countries/fips#SP'/>
    <NS0:distance>1.2</NS0:distance>
  </rdf:Description>
  <rdf:Description rdf:about='#A39393'>
    <rdf:type rdf:resource='http://www.daml.org/2001/12/factbook/factbook-ont#CapitalCity'/>
    <NS0:name>Gibraltar</NS0:name>
  </rdf:Description>
  <rdf:Description rdf:about='#A39383'>
    <rdf:type rdf:resource='http://www.daml.org/2001/12/factbook/factbook-ont#LanguagePercent'/>
    <NS0:language rdf:resource='http://www.daml.org/2001/12/factbook/languages#Russian'/>
  </rdf:Description>
  <rdf:Description rdf:about='#A39429'>
    <NS0:year>1996</NS0:year>
  </rdf:Description>
  <rdf:Description rdf:about='#A39379'>
    <rdf:type rdf:resource='http://www.daml.org/2001/12/factbook/factbook-ont#LanguagePercent'/>
    <NS0:language rdf:resource='http://www.daml.org/2001/12/factbook/languages#Portuguese'/>
  </rdf:Description>
  <rdf:Description rdf:about='#A39375'>
    <rdf:type rdf:resource='http://www.daml.org/2001/12/factbook/factbook-ont#LanguagePercent'/>
    <NS0:language rdf:resource='http://www.daml.org/2001/12/factbook/languages#Italian'/>
  </rdf:Description>
  <rdf:Description rdf:about='#A39371'>
    <rdf:type rdf:resource='http://www.daml.org/2001/12/factbook/factbook-ont#LanguagePercent'/>
    <NS0:language rdf:resource='http://www.daml.org/2001/12/factbook/languages#Spanish'/>
  </rdf:Description>
  <rdf:Description rdf:about='#A39366'>
    <rdf:type rdf:resource='http://www.daml.org/2001/12/factbook/factbook-ont#LanguagePercent'/>
    <NS0:language rdf:resource='http://www.daml.org/2001/12/factbook/languages#English'/>
  </rdf:Description>
  <rdf:Description rdf:about='#A39369'>
    <NS0:note>used in schools and for official purposes</NS0:note>
  </rdf:Description>
  <rdf:Description rdf:about='#A39497'>
    <NS0:year>1997</NS0:year>
  </rdf:Description>
  <rdf:Description rdf:about='#A39360'>
    <rdf:type rdf:resource='http://www.daml.org/2001/12/factbook/factbook-ont#ReligionPercent'/>
    <NS0:religion rdf:resource='http://www.daml.org/2001/12/factbook/religions#none_or_other'/>
    <NS0:percent>7</NS0:percent>
  </rdf:Description>
  <rdf:Description rdf:about='#A39312'>
    <rdf:type rdf:resource='http://www.daml.org/2001/12/factbook/factbook-ont#Estimate'/>
    <NS0:year>2001</NS0:year>
  </rdf:Description>
  <rdf:Description rdf:about='#A39355'>
    <rdf:type rdf:resource='http://www.daml.org/2001/12/factbook/factbook-ont#ReligionPercent'/>
    <NS0:religion rdf:resource='http://www.daml.org/2001/12/factbook/religions#Jewish'/>
    <NS0:percent>2.3</NS0:percent>
  </rdf:Description>
  <rdf:Description rdf:about='#A39441'>
    <NS0:year>1999</NS0:year>
  </rdf:Description>
  <rdf:Description rdf:about='#A39350'>
    <rdf:type rdf:resource='http://www.daml.org/2001/12/factbook/factbook-ont#ReligionPercent'/>
    <NS0:religion rdf:resource='http://www.daml.org/2001/12/factbook/religions#Muslim'/>
    <NS0:percent>6.9</NS0:percent>
  </rdf:Description>
  <rdf:Description rdf:about='#A39274'>
    <rdf:type rdf:resource='http://www.daml.org/2001/12/factbook/factbook-ont#Estimate'/>
    <NS0:year>2001</NS0:year>
  </rdf:Description>
</rdf:RDF>
