<?xml version='1.0' encoding='ISO-8859-1'?>
<rdf:RDF
  xmlns:rdf='http://www.w3.org/1999/02/22-rdf-syntax-ns#'
  xmlns:NS0='http://www.daml.org/2001/12/factbook/factbook-ont#'
  xml:base="http://www.daml.org/2001/12/factbook/gk">
  <rdf:Description rdf:about='#A40087'>
    <NS0:year>2000</NS0:year>
  </rdf:Description>
  <rdf:Description rdf:about='#A40094'>
    <rdf:type rdf:resource='http://www.daml.org/2001/12/factbook/factbook-ont#Estimate'/>
    <NS0:year>1999</NS0:year>
  </rdf:Description>
  <rdf:Description rdf:about='#A39980'>
    <rdf:type rdf:resource='http://www.daml.org/2001/12/factbook/factbook-ont#Estimate'/>
    <NS0:year>2001</NS0:year>
  </rdf:Description>
  <rdf:Description rdf:about='#A40079'>
    <rdf:type rdf:resource='http://www.daml.org/2001/12/factbook/factbook-ont#Estimate'/>
    <NS0:year>1999</NS0:year>
  </rdf:Description>
  <rdf:Description rdf:about='#A39989'>
    <rdf:type rdf:resource='http://www.daml.org/2001/12/factbook/factbook-ont#SexRatioBreakdown'/>
    <NS0:minAge>0</NS0:minAge>
    <NS0:maxAge>14</NS0:maxAge>
    <NS0:ratio>1.03</NS0:ratio>
  </rdf:Description>
  <rdf:Description rdf:about='#A40082'>
    <rdf:type rdf:resource='http://www.daml.org/2001/12/factbook/factbook-ont#Estimate'/>
    <NS0:year>1999</NS0:year>
  </rdf:Description>
  <rdf:Description rdf:about='#A40174'>
    <rdf:type rdf:resource='http://www.daml.org/2001/12/factbook/factbook-ont#AirportBreakdown'/>
    <NS0:paved>true</NS0:paved>
    <NS0:maxRunway>913</NS0:maxRunway>
    <NS0:count>1 (2000 est.)</NS0:count>
  </rdf:Description>
  <rdf:Description rdf:about='#A39983'>
    <rdf:type rdf:resource='http://www.daml.org/2001/12/factbook/factbook-ont#SexRatioBreakdown'/>
    <NS0:minAge>0</NS0:minAge>
    <NS0:maxAge>0</NS0:maxAge>
    <NS0:ratio>1.04</NS0:ratio>
  </rdf:Description>
  <rdf:Description rdf:about='#A40164'>
    <rdf:type rdf:resource='http://www.daml.org/2001/12/factbook/factbook-ont#Estimate'/>
    <NS0:year>2000</NS0:year>
  </rdf:Description>
  <rdf:Description rdf:about='#A40089'>
    <rdf:type rdf:resource='http://www.daml.org/2001/12/factbook/factbook-ont#Estimate'/>
    <NS0:year>2000</NS0:year>
  </rdf:Description>
  <rdf:Description rdf:about='#A40148'>
    <NS0:year>1997</NS0:year>
  </rdf:Description>
  <rdf:Description rdf:about='#A40167'>
    <rdf:type rdf:resource='http://www.daml.org/2001/12/factbook/factbook-ont#AirportBreakdown'/>
    <NS0:paved>true</NS0:paved>
    <NS0:minRunway>914</NS0:minRunway>
    <NS0:maxRunway>1523</NS0:maxRunway>
    <NS0:count>1</NS0:count>
  </rdf:Description>
  <rdf:Description rdf:about='#A40015'>
    <rdf:type rdf:resource='http://www.daml.org/2001/12/factbook/factbook-ont#Estimate'/>
    <NS0:year>2001</NS0:year>
  </rdf:Description>
  <rdf:Description rdf:about='#A40065'>
    <rdf:type rdf:resource='http://www.daml.org/2001/12/factbook/factbook-ont#CapitalCity'/>
    <NS0:name>Saint Peter Port</NS0:name>
  </rdf:Description>
  <rdf:Description rdf:about='#A40160'>
    <rdf:type rdf:resource='http://www.daml.org/2001/12/factbook/factbook-ont#Port'/>
    <NS0:name>Saint Sampson</NS0:name>
  </rdf:Description>
  <rdf:Description rdf:about='http://www.daml.org/2001/09/countries/fips#GK'>
    <NS0:background>The island of Guernsey and the other Channel Islands represent the last remnants of the medieval Dukedom of Normandy, which held sway in both France and England. The islands were the only British soil occupied by German troops in World War II.</NS0:background>
    <NS0:location>Western Europe, islands in the English Channel, northwest of France</NS0:location>
    <NS0:geographicCoordinates rdf:resource='#A39940'/>
    <NS0:mapReferences>Europe</NS0:mapReferences>
    <NS0:totalArea>194</NS0:totalArea>
    <NS0:landArea>194</NS0:landArea>
    <NS0:waterArea>0</NS0:waterArea>
    <NS0:comparativeArea>slightly larger than Washington, DC</NS0:comparativeArea>
    <NS0:coastline>50</NS0:coastline>
    <NS0:exclusiveFishingZone>12</NS0:exclusiveFishingZone>
    <NS0:territorialSea>3</NS0:territorialSea>
    <NS0:climate>temperate with mild winters and cool summers; about 50% of days are overcast</NS0:climate>
    <NS0:terrain>mostly level with low hills in southwest</NS0:terrain>
    <NS0:lowestPoint rdf:resource='#A39955'/>
    <NS0:highestPoint rdf:resource='#A39960'/>
    <NS0:naturalResource rdf:resource='http://www.daml.org/2001/12/factbook/naturalResources#cropland'/>
    <NS0:naturalHazard>NA</NS0:naturalHazard>
    <NS0:environmentalIssue>NA</NS0:environmentalIssue>
    <NS0:population rdf:ID='A39968'>64342</NS0:population>
    <NS0:populationGrowthRate rdf:ID='A39971'>0.39</NS0:populationGrowthRate>
    <NS0:birthRate rdf:ID='A39974'>9.9</NS0:birthRate>
    <NS0:deathRate rdf:ID='A39977'>9.87</NS0:deathRate>
    <NS0:netMigrationRate rdf:ID='A39980'>3.89</NS0:netMigrationRate>
    <NS0:sexRatio rdf:resource='#A39983'/>
    <NS0:sexRatio rdf:resource='#A39989'/>
    <NS0:sexRatio rdf:resource='#A39995'/>
    <NS0:sexRatio rdf:resource='#A40001'/>
    <NS0:sexRatio rdf:ID='A40009' rdf:resource='#A40006'/>
    <NS0:infantMortalityRate rdf:ID='A40012'>5</NS0:infantMortalityRate>
    <NS0:totalFertilityRate rdf:ID='A40015'>1.36</NS0:totalFertilityRate>
    <NS0:nationalityNoun>Channel Islander(s)</NS0:nationalityNoun>
    <NS0:nationalityAdjective>Channel Islander</NS0:nationalityAdjective>
    <NS0:ethnicGroup rdf:resource='#A40020'/>
    <NS0:religion rdf:resource='#A40024'/>
    <NS0:religion rdf:resource='#A40028'/>
    <NS0:religion rdf:resource='#A40032'/>
    <NS0:religion rdf:resource='#A40036'/>
    <NS0:religion rdf:resource='#A40040'/>
    <NS0:religion rdf:resource='#A40044'/>
    <NS0:language rdf:resource='#A40048'/>
    <NS0:language rdf:resource='#A40052'/>
    <NS0:language rdf:resource='#A40056'/>
    <NS0:literacyDefinition>NA</NS0:literacyDefinition>
    <NS0:conventionalLongCountryName>Bailiwick of Guernsey</NS0:conventionalLongCountryName>
    <NS0:conventionalShortCountryName>Guernsey</NS0:conventionalShortCountryName>
    <NS0:dependencyStatus>British crown dependency</NS0:dependencyStatus>
    <NS0:governmentType rdf:resource='http://www.daml.org/2001/12/factbook/governmentTypes#NA'/>
    <NS0:capital rdf:resource='#A40065'/>
    <NS0:independence>none (British crown dependency)</NS0:independence>
    <NS0:constitution>unwritten; partly statutes, partly common law and practice</NS0:constitution>
    <NS0:legalSystem>English law and local statute; justice is administered by the Royal Court</NS0:legalSystem>
    <NS0:suffrage>18 years of age; universal</NS0:suffrage>
    <NS0:participatesIn rdf:resource='http://www.daml.org/2001/12/factbook/internationalOrganizations#none'/>
    <NS0:flagDescription>white with the red cross of Saint George (patron saint of England) extending to the edges of the flag and a yellow equal-armed cross of William the Conqueror superimposed on the Saint George cross</NS0:flagDescription>
    <NS0:economyOverview>Financial services - banking, fund management, insurance, etc. - account for about 55% of total income in this tiny Channel Island economy. Tourism, manufacturing, and horticulture, mainly tomatoes and cut flowers, have been declining. Light tax and death duties make Guernsey a popular tax haven. The evolving economic integration of the EU nations is changing the rules of the game under which Guernsey operates.</NS0:economyOverview>
    <NS0:grossDomesticProduct rdf:ID='A40076'>1300000000</NS0:grossDomesticProduct>
    <NS0:grossDomesticProductRealGrowth rdf:ID='A40079'>5.7</NS0:grossDomesticProductRealGrowth>
    <NS0:grossDomesticProductPerCapita rdf:ID='A40082'>20000</NS0:grossDomesticProductPerCapita>
    <NS0:grossDomesticProductAgriculture>3</NS0:grossDomesticProductAgriculture>
    <NS0:grossDomesticProductIndustry>10</NS0:grossDomesticProductIndustry>
    <NS0:grossDomesticProductServices rdf:ID='A40087'>87</NS0:grossDomesticProductServices>
    <NS0:inflationRate rdf:ID='A40089'>3.99</NS0:inflationRate>
    <NS0:laborForce rdf:ID='A40092'>31322</NS0:laborForce>
    <NS0:unemploymentRate rdf:ID='A40094'>0.5</NS0:unemploymentRate>
    <NS0:budgetRevenues>381300000</NS0:budgetRevenues>
    <NS0:budgetExpenditures>368800000</NS0:budgetExpenditures>
    <NS0:industry rdf:resource='http://www.daml.org/2001/12/factbook/industries#tourism'/>
    <NS0:industry rdf:resource='http://www.daml.org/2001/12/factbook/industries#banking'/>
    <NS0:agricultureProduct rdf:resource='http://www.daml.org/2001/12/factbook/agricultureProducts#tomatoes'/>
    <NS0:agricultureProduct rdf:resource='http://www.daml.org/2001/12/factbook/agricultureProducts#greenhouse_flowers'/>
    <NS0:agricultureProduct rdf:resource='http://www.daml.org/2001/12/factbook/agricultureProducts#sweet_peppers'/>
    <NS0:agricultureProduct rdf:resource='http://www.daml.org/2001/12/factbook/agricultureProducts#eggplant'/>
    <NS0:agricultureProduct rdf:resource='http://www.daml.org/2001/12/factbook/agricultureProducts#fruit'/>
    <NS0:agricultureProduct rdf:resource='http://www.daml.org/2001/12/factbook/agricultureProducts#Guernsey_cattle'/>
    <NS0:exportsCommodity rdf:resource='#A40107'/>
    <NS0:exportsCommodity rdf:resource='#A40111'/>
    <NS0:exportsCommodity rdf:resource='#A40115'/>
    <NS0:exportsCommodity rdf:resource='#A40119'/>
    <NS0:exportsCommodity rdf:resource='#A40123'/>
    <NS0:importsCommodity rdf:resource='#A40127'/>
    <NS0:importsCommodity rdf:resource='#A40131'/>
    <NS0:importsCommodity rdf:resource='#A40135'/>
    <NS0:importsCommodity rdf:resource='#A40139'/>
    <NS0:currency>British pound (GBP); note - there is also a Guernsey pound</NS0:currency>
    <NS0:currencyCode>GBP</NS0:currencyCode>
    <NS0:fiscalYear>calendar year</NS0:fiscalYear>
    <NS0:mainTelephoneLines rdf:ID='A40146'>44000</NS0:mainTelephoneLines>
    <NS0:mobileTelephoneLines rdf:ID='A40148'>12000</NS0:mobileTelephoneLines>
    <NS0:telephoneSystemGeneralAssessment>NA</NS0:telephoneSystemGeneralAssessment>
    <NS0:telephoneSystemDomestic>NA</NS0:telephoneSystemDomestic>
    <NS0:telephoneSystemInternational>1 submarine cable</NS0:telephoneSystemInternational>
    <NS0:televisionBroadcastStations rdf:ID='A40153'>1</NS0:televisionBroadcastStations>
    <NS0:internetCountryCode>.gg</NS0:internetCountryCode>
    <NS0:port rdf:resource='#A40156'/>
    <NS0:port rdf:resource='#A40160'/>
    <NS0:airports rdf:ID='A40164'>2</NS0:airports>
    <NS0:airportBreakdown rdf:resource='#A40167'/>
    <NS0:airportBreakdown rdf:resource='#A40174'/>
    <NS0:internationalDispute>none</NS0:internationalDispute>
    <NS0:smallFlag>http://www.cia.gov/cia/publications/factbook/flags/gk-flag.jpg</NS0:smallFlag>
    <NS0:largeFlag>http://www.cia.gov/cia/publications/factbook/flags/gk-lgflag.jpg</NS0:largeFlag>
    <NS0:map>http://www.cia.gov/cia/publications/factbook/maps/gk-map.jpg</NS0:map>
    <NS0:exportPartner rdf:ID='A123891' rdf:resource='#A123888'/>
    <NS0:importPartner rdf:ID='A123896' rdf:resource='#A123893'/>
  </rdf:Description>
  <rdf:Description rdf:about='#A40156'>
    <rdf:type rdf:resource='http://www.daml.org/2001/12/factbook/factbook-ont#Port'/>
    <NS0:name>Saint Peter Port</NS0:name>
  </rdf:Description>
  <rdf:Description rdf:about='#A39977'>
    <rdf:type rdf:resource='http://www.daml.org/2001/12/factbook/factbook-ont#Estimate'/>
    <NS0:year>2001</NS0:year>
  </rdf:Description>
  <rdf:Description rdf:about='#A40153'>
    <NS0:year>1997</NS0:year>
  </rdf:Description>
  <rdf:Description rdf:about='#A40056'>
    <rdf:type rdf:resource='http://www.daml.org/2001/12/factbook/factbook-ont#LanguagePercent'/>
    <NS0:language rdf:resource='http://www.daml.org/2001/12/factbook/languages#Norman-French_dialect_spoken_in_country_districts'/>
  </rdf:Description>
  <rdf:Description rdf:about='#A39960'>
    <rdf:type rdf:resource='http://www.daml.org/2001/12/factbook/factbook-ont#ElevationExtreme'/>
    <NS0:name>unnamed location on Sark</NS0:name>
    <NS0:elevation>114</NS0:elevation>
  </rdf:Description>
  <rdf:Description rdf:about='#A123891'>
    <NS0:note>regarded as internal trade</NS0:note>
  </rdf:Description>
  <rdf:Description rdf:about='#A40052'>
    <rdf:type rdf:resource='http://www.daml.org/2001/12/factbook/factbook-ont#LanguagePercent'/>
    <NS0:language rdf:resource='http://www.daml.org/2001/12/factbook/languages#French'/>
  </rdf:Description>
  <rdf:Description rdf:about='#A40012'>
    <rdf:type rdf:resource='http://www.daml.org/2001/12/factbook/factbook-ont#Estimate'/>
    <NS0:year>2001</NS0:year>
  </rdf:Description>
  <rdf:Description rdf:about='#A39955'>
    <rdf:type rdf:resource='http://www.daml.org/2001/12/factbook/factbook-ont#ElevationExtreme'/>
    <NS0:name>Atlantic Ocean</NS0:name>
    <NS0:elevation>0</NS0:elevation>
  </rdf:Description>
  <rdf:Description rdf:about='#A40048'>
    <rdf:type rdf:resource='http://www.daml.org/2001/12/factbook/factbook-ont#LanguagePercent'/>
    <NS0:language rdf:resource='http://www.daml.org/2001/12/factbook/languages#English'/>
  </rdf:Description>
  <rdf:Description rdf:about='#A40044'>
    <rdf:type rdf:resource='http://www.daml.org/2001/12/factbook/factbook-ont#ReligionPercent'/>
    <NS0:religion rdf:resource='http://www.daml.org/2001/12/factbook/religions#Methodist'/>
  </rdf:Description>
  <rdf:Description rdf:about='#A40139'>
    <rdf:type rdf:resource='http://www.daml.org/2001/12/factbook/factbook-ont#CommodityPercent'/>
    <NS0:importsCommodity rdf:resource='http://www.daml.org/2001/12/factbook/commodities#machinery_and_equipment'/>
  </rdf:Description>
  <rdf:Description rdf:about='#A40040'>
    <rdf:type rdf:resource='http://www.daml.org/2001/12/factbook/factbook-ont#ReligionPercent'/>
    <NS0:religion rdf:resource='http://www.daml.org/2001/12/factbook/religions#Congregational'/>
  </rdf:Description>
  <rdf:Description rdf:about='#A40135'>
    <rdf:type rdf:resource='http://www.daml.org/2001/12/factbook/factbook-ont#CommodityPercent'/>
    <NS0:importsCommodity rdf:resource='http://www.daml.org/2001/12/factbook/commodities#oil'/>
  </rdf:Description>
  <rdf:Description rdf:about='#A40036'>
    <rdf:type rdf:resource='http://www.daml.org/2001/12/factbook/factbook-ont#ReligionPercent'/>
    <NS0:religion rdf:resource='http://www.daml.org/2001/12/factbook/religions#Baptist'/>
  </rdf:Description>
  <rdf:Description rdf:about='#A40131'>
    <rdf:type rdf:resource='http://www.daml.org/2001/12/factbook/factbook-ont#CommodityPercent'/>
    <NS0:importsCommodity rdf:resource='http://www.daml.org/2001/12/factbook/commodities#gasoline'/>
  </rdf:Description>
  <rdf:Description rdf:about='#A39940'>
    <rdf:type rdf:resource='http://www.daml.org/2001/12/factbook/factbook-ont#LatLon'/>
    <NS0:latitude>49.46666666666667</NS0:latitude>
    <NS0:longitude>-2.5833333333333335</NS0:longitude>
  </rdf:Description>
  <rdf:Description rdf:about='#A40032'>
    <rdf:type rdf:resource='http://www.daml.org/2001/12/factbook/factbook-ont#ReligionPercent'/>
    <NS0:religion rdf:resource='http://www.daml.org/2001/12/factbook/religions#Presbyterian'/>
  </rdf:Description>
  <rdf:Description rdf:about='#A40127'>
    <rdf:type rdf:resource='http://www.daml.org/2001/12/factbook/factbook-ont#CommodityPercent'/>
    <NS0:importsCommodity rdf:resource='http://www.daml.org/2001/12/factbook/commodities#coal'/>
  </rdf:Description>
  <rdf:Description rdf:about='#A40028'>
    <rdf:type rdf:resource='http://www.daml.org/2001/12/factbook/factbook-ont#ReligionPercent'/>
    <NS0:religion rdf:resource='http://www.daml.org/2001/12/factbook/religions#Roman_Catholic'/>
  </rdf:Description>
  <rdf:Description rdf:about='#A40146'>
    <NS0:year>1996</NS0:year>
  </rdf:Description>
  <rdf:Description rdf:about='#A40123'>
    <rdf:type rdf:resource='http://www.daml.org/2001/12/factbook/factbook-ont#CommodityPercent'/>
    <NS0:exportsCommodity rdf:resource='http://www.daml.org/2001/12/factbook/commodities#other_vegetables'/>
  </rdf:Description>
  <rdf:Description rdf:about='#A40092'>
    <NS0:year>2000</NS0:year>
  </rdf:Description>
  <rdf:Description rdf:about='#A40009'>
    <rdf:type rdf:resource='http://www.daml.org/2001/12/factbook/factbook-ont#Estimate'/>
    <NS0:year>2001</NS0:year>
  </rdf:Description>
  <rdf:Description rdf:about='#A40119'>
    <rdf:type rdf:resource='http://www.daml.org/2001/12/factbook/factbook-ont#CommodityPercent'/>
    <NS0:exportsCommodity rdf:resource='http://www.daml.org/2001/12/factbook/commodities#eggplant'/>
  </rdf:Description>
  <rdf:Description rdf:about='#A40024'>
    <rdf:type rdf:resource='http://www.daml.org/2001/12/factbook/factbook-ont#ReligionPercent'/>
    <NS0:religion rdf:resource='http://www.daml.org/2001/12/factbook/religions#Anglican'/>
  </rdf:Description>
  <rdf:Description rdf:about='#A40115'>
    <rdf:type rdf:resource='http://www.daml.org/2001/12/factbook/factbook-ont#CommodityPercent'/>
    <NS0:exportsCommodity rdf:resource='http://www.daml.org/2001/12/factbook/commodities#sweet_peppers'/>
  </rdf:Description>
  <rdf:Description rdf:about='#A40020'>
    <rdf:type rdf:resource='http://www.daml.org/2001/12/factbook/factbook-ont#EthnicGroupPercent'/>
    <NS0:ethnicGroup rdf:resource='http://www.daml.org/2001/12/factbook/ethnicGroups#UK_and_Norman-French_descent'/>
  </rdf:Description>
  <rdf:Description rdf:about='#A40111'>
    <rdf:type rdf:resource='http://www.daml.org/2001/12/factbook/factbook-ont#CommodityPercent'/>
    <NS0:exportsCommodity rdf:resource='http://www.daml.org/2001/12/factbook/commodities#flowers_and_ferns'/>
  </rdf:Description>
  <rdf:Description rdf:about='#A39968'>
    <rdf:type rdf:resource='http://www.daml.org/2001/12/factbook/factbook-ont#Estimate'/>
    <NS0:note>July 2001</NS0:note>
  </rdf:Description>
  <rdf:Description rdf:about='#A123896'>
    <NS0:note>regarded as internal trade</NS0:note>
  </rdf:Description>
  <rdf:Description rdf:about='#A40076'>
    <rdf:type rdf:resource='http://www.daml.org/2001/12/factbook/factbook-ont#Estimate'/>
    <NS0:year>1999</NS0:year>
  </rdf:Description>
  <rdf:Description rdf:about='#A40107'>
    <rdf:type rdf:resource='http://www.daml.org/2001/12/factbook/factbook-ont#CommodityPercent'/>
    <NS0:exportsCommodity rdf:resource='http://www.daml.org/2001/12/factbook/commodities#tomatoes'/>
  </rdf:Description>
  <rdf:Description rdf:about='#A39971'>
    <rdf:type rdf:resource='http://www.daml.org/2001/12/factbook/factbook-ont#Estimate'/>
    <NS0:year>2001</NS0:year>
  </rdf:Description>
  <rdf:Description rdf:about='#A123893'>
    <rdf:type rdf:resource='http://www.daml.org/2001/12/factbook/factbook-ont#CountryPercent'/>
    <NS0:country rdf:resource='http://www.daml.org/2001/09/countries/fips#UK'/>
  </rdf:Description>
  <rdf:Description rdf:about='#A39974'>
    <rdf:type rdf:resource='http://www.daml.org/2001/12/factbook/factbook-ont#Estimate'/>
    <NS0:year>2001</NS0:year>
  </rdf:Description>
  <rdf:Description rdf:about='#A40006'>
    <rdf:type rdf:resource='http://www.daml.org/2001/12/factbook/factbook-ont#SexRatioBreakdown'/>
    <NS0:ratio>0.94</NS0:ratio>
  </rdf:Description>
  <rdf:Description rdf:about='#A123888'>
    <rdf:type rdf:resource='http://www.daml.org/2001/12/factbook/factbook-ont#CountryPercent'/>
    <NS0:country rdf:resource='http://www.daml.org/2001/09/countries/fips#UK'/>
  </rdf:Description>
  <rdf:Description rdf:about='#A40001'>
    <rdf:type rdf:resource='http://www.daml.org/2001/12/factbook/factbook-ont#SexRatioBreakdown'/>
    <NS0:minAge>65</NS0:minAge>
    <NS0:ratio>0.7</NS0:ratio>
  </rdf:Description>
  <rdf:Description rdf:about='#A39995'>
    <rdf:type rdf:resource='http://www.daml.org/2001/12/factbook/factbook-ont#SexRatioBreakdown'/>
    <NS0:minAge>15</NS0:minAge>
    <NS0:maxAge>64</NS0:maxAge>
    <NS0:ratio>0.98</NS0:ratio>
  </rdf:Description>
</rdf:RDF>
