<?xml version='1.0' encoding='ISO-8859-1'?>
<rdf:RDF
  xmlns:rdf='http://www.w3.org/1999/02/22-rdf-syntax-ns#'
  xmlns:NS0='http://www.daml.org/2001/12/factbook/factbook-ont#'
  xmlns:rdfs='http://www.w3.org/2000/01/rdf-schema#'
  xml:base="http://www.daml.org/2001/12/factbook/gm">
  <rdf:Description rdf:about='#A41064'>
    <rdf:type rdf:resource='http://www.daml.org/2001/12/factbook/factbook-ont#Port'/>
    <NS0:name>Kiel</NS0:name>
  </rdf:Description>
  <rdf:Description rdf:about='#A41009'>
    <NS0:year>1998</NS0:year>
  </rdf:Description>
  <rdf:Description rdf:about='#A40678'>
    <rdf:type rdf:resource='http://www.daml.org/2001/12/factbook/factbook-ont#EthnicGroupPercent'/>
    <NS0:ethnicGroup rdf:resource='http://www.daml.org/2001/12/factbook/ethnicGroups#other'/>
    <NS0:percent>6.1</NS0:percent>
  </rdf:Description>
  <rdf:Description rdf:about='#A41060'>
    <rdf:type rdf:resource='http://www.daml.org/2001/12/factbook/factbook-ont#Port'/>
    <NS0:name>Karlsruhe</NS0:name>
  </rdf:Description>
  <rdf:Description rdf:about='#A41056'>
    <rdf:type rdf:resource='http://www.daml.org/2001/12/factbook/factbook-ont#Port'/>
    <NS0:name>Hamburg</NS0:name>
  </rdf:Description>
  <rdf:Description rdf:about='#A40673'>
    <rdf:type rdf:resource='http://www.daml.org/2001/12/factbook/factbook-ont#EthnicGroupPercent'/>
    <NS0:ethnicGroup rdf:resource='http://www.daml.org/2001/12/factbook/ethnicGroups#Turkish'/>
    <NS0:percent>2.4</NS0:percent>
  </rdf:Description>
  <rdf:Description rdf:about='#A41157'>
    <rdf:type rdf:resource='http://www.daml.org/2001/12/factbook/factbook-ont#Estimate'/>
    <NS0:year>2000</NS0:year>
  </rdf:Description>
  <rdf:Description rdf:about='#A41052'>
    <rdf:type rdf:resource='http://www.daml.org/2001/12/factbook/factbook-ont#Port'/>
    <NS0:name>Emden</NS0:name>
  </rdf:Description>
  <rdf:Description rdf:about='#A41014'>
    <NS0:year>2000</NS0:year>
  </rdf:Description>
  <rdf:Description rdf:about='#A40668'>
    <rdf:type rdf:resource='http://www.daml.org/2001/12/factbook/factbook-ont#EthnicGroupPercent'/>
    <NS0:ethnicGroup rdf:resource='http://www.daml.org/2001/12/factbook/ethnicGroups#German'/>
    <NS0:percent>91.5</NS0:percent>
  </rdf:Description>
  <rdf:Description rdf:about='#A41048'>
    <rdf:type rdf:resource='http://www.daml.org/2001/12/factbook/factbook-ont#Port'/>
    <NS0:name>Duisburg</NS0:name>
  </rdf:Description>
  <rdf:Description rdf:about='#A41044'>
    <rdf:type rdf:resource='http://www.daml.org/2001/12/factbook/factbook-ont#Port'/>
    <NS0:name>Dresden</NS0:name>
  </rdf:Description>
  <rdf:Description rdf:about='#A123553'>
    <rdf:type rdf:resource='http://www.daml.org/2001/12/factbook/factbook-ont#CountryPercent'/>
    <NS0:country rdf:resource='http://www.daml.org/2001/09/countries/fips#JA'/>
    <NS0:percent>4.9</NS0:percent>
  </rdf:Description>
  <rdf:Description rdf:about='#A41040'>
    <rdf:type rdf:resource='http://www.daml.org/2001/12/factbook/factbook-ont#Port'/>
    <NS0:name>Cologne</NS0:name>
  </rdf:Description>
  <rdf:Description rdf:about='#A40654'>
    <rdf:type rdf:resource='http://www.daml.org/2001/12/factbook/factbook-ont#SexRatioBreakdown'/>
    <NS0:ratio>0.96</NS0:ratio>
  </rdf:Description>
  <rdf:Description rdf:about='#A123548'>
    <rdf:type rdf:resource='http://www.daml.org/2001/12/factbook/factbook-ont#CountryPercent'/>
    <NS0:country rdf:resource='http://www.daml.org/2001/09/countries/fips#US'/>
    <NS0:percent>8.1</NS0:percent>
  </rdf:Description>
  <rdf:Description rdf:about='#A41036'>
    <rdf:type rdf:resource='http://www.daml.org/2001/12/factbook/factbook-ont#Port'/>
    <NS0:name>Bremerhaven</NS0:name>
  </rdf:Description>
  <rdf:Description rdf:about='#A41032'>
    <rdf:type rdf:resource='http://www.daml.org/2001/12/factbook/factbook-ont#Port'/>
    <NS0:name>Bremen</NS0:name>
  </rdf:Description>
  <rdf:Description rdf:about='#A40657'>
    <rdf:type rdf:resource='http://www.daml.org/2001/12/factbook/factbook-ont#Estimate'/>
    <NS0:year>2001</NS0:year>
  </rdf:Description>
  <rdf:Description rdf:about='#A40649'>
    <rdf:type rdf:resource='http://www.daml.org/2001/12/factbook/factbook-ont#SexRatioBreakdown'/>
    <NS0:minAge>65</NS0:minAge>
    <NS0:ratio>0.63</NS0:ratio>
  </rdf:Description>
  <rdf:Description rdf:about='#A123542'>
    <rdf:type rdf:resource='http://www.daml.org/2001/12/factbook/factbook-ont#CountryPercent'/>
    <NS0:country rdf:resource='http://www.daml.org/2001/09/countries/fips#JA'/>
    <NS0:percent>2.0</NS0:percent>
  </rdf:Description>
  <rdf:Description rdf:about='#A41028'>
    <rdf:type rdf:resource='http://www.daml.org/2001/12/factbook/factbook-ont#Port'/>
    <NS0:name>Brake</NS0:name>
  </rdf:Description>
  <rdf:Description rdf:about='#A40625'>
    <rdf:type rdf:resource='http://www.daml.org/2001/12/factbook/factbook-ont#Estimate'/>
    <NS0:year>2001</NS0:year>
  </rdf:Description>
  <rdf:Description rdf:about='#A123537'>
    <rdf:type rdf:resource='http://www.daml.org/2001/12/factbook/factbook-ont#CountryPercent'/>
    <NS0:country rdf:resource='http://www.daml.org/2001/09/countries/fips#US'/>
    <NS0:percent>10.1</NS0:percent>
  </rdf:Description>
  <rdf:Description rdf:about='#A40643'>
    <rdf:type rdf:resource='http://www.daml.org/2001/12/factbook/factbook-ont#SexRatioBreakdown'/>
    <NS0:minAge>15</NS0:minAge>
    <NS0:maxAge>64</NS0:maxAge>
    <NS0:ratio>1.03</NS0:ratio>
  </rdf:Description>
  <rdf:Description rdf:about='#A41024'>
    <rdf:type rdf:resource='http://www.daml.org/2001/12/factbook/factbook-ont#Port'/>
    <NS0:name>Bonn</NS0:name>
  </rdf:Description>
  <rdf:Description rdf:about='#A40663'>
    <rdf:type rdf:resource='http://www.daml.org/2001/12/factbook/factbook-ont#Estimate'/>
    <NS0:year>2001</NS0:year>
  </rdf:Description>
  <rdf:Description rdf:about='#A41020'>
    <rdf:type rdf:resource='http://www.daml.org/2001/12/factbook/factbook-ont#Port'/>
    <NS0:name>Berlin</NS0:name>
  </rdf:Description>
  <rdf:Description rdf:about='#A123532'>
    <rdf:type rdf:resource='http://www.daml.org/2001/12/factbook/factbook-ont#Border'/>
    <NS0:country rdf:resource='http://www.daml.org/2001/09/countries/fips#SZ'/>
    <NS0:distance>334</NS0:distance>
  </rdf:Description>
  <rdf:Description rdf:about='#A40637'>
    <rdf:type rdf:resource='http://www.daml.org/2001/12/factbook/factbook-ont#SexRatioBreakdown'/>
    <NS0:minAge>0</NS0:minAge>
    <NS0:maxAge>14</NS0:maxAge>
    <NS0:ratio>1.05</NS0:ratio>
  </rdf:Description>
  <rdf:Description rdf:about='#A123527'>
    <rdf:type rdf:resource='http://www.daml.org/2001/12/factbook/factbook-ont#Border'/>
    <NS0:country rdf:resource='http://www.daml.org/2001/09/countries/fips#PL'/>
    <NS0:distance>456</NS0:distance>
  </rdf:Description>
  <rdf:Description rdf:about='#A40631'>
    <rdf:type rdf:resource='http://www.daml.org/2001/12/factbook/factbook-ont#SexRatioBreakdown'/>
    <NS0:minAge>0</NS0:minAge>
    <NS0:maxAge>0</NS0:maxAge>
    <NS0:ratio>1.06</NS0:ratio>
  </rdf:Description>
  <rdf:Description rdf:about='#A123546'>
    <NS0:note>1999</NS0:note>
  </rdf:Description>
  <rdf:Description rdf:about='#A123522'>
    <rdf:type rdf:resource='http://www.daml.org/2001/12/factbook/factbook-ont#Border'/>
    <NS0:country rdf:resource='http://www.daml.org/2001/09/countries/fips#NL'/>
    <NS0:distance>577</NS0:distance>
  </rdf:Description>
  <rdf:Description rdf:about='#A40919'>
    <NS0:year>2000</NS0:year>
  </rdf:Description>
  <rdf:Description rdf:about='#A123517'>
    <rdf:type rdf:resource='http://www.daml.org/2001/12/factbook/factbook-ont#Border'/>
    <NS0:country rdf:resource='http://www.daml.org/2001/09/countries/fips#LU'/>
    <NS0:distance>135</NS0:distance>
  </rdf:Description>
  <rdf:Description rdf:about='#A40709'>
    <rdf:type rdf:resource='http://www.daml.org/2001/12/factbook/factbook-ont#Estimate'/>
    <NS0:year>1977</NS0:year>
  </rdf:Description>
  <rdf:Description rdf:about='#A41000'>
    <NS0:year>1997</NS0:year>
  </rdf:Description>
  <rdf:Description rdf:about='#A40902'>
    <rdf:type rdf:resource='http://www.daml.org/2001/12/factbook/factbook-ont#Estimate'/>
    <NS0:year>2000</NS0:year>
  </rdf:Description>
  <rdf:Description rdf:about='#A123512'>
    <rdf:type rdf:resource='http://www.daml.org/2001/12/factbook/factbook-ont#Border'/>
    <NS0:country rdf:resource='http://www.daml.org/2001/09/countries/fips#FR'/>
    <NS0:distance>451</NS0:distance>
  </rdf:Description>
  <rdf:Description rdf:about='#A40928'>
    <NS0:year>1999</NS0:year>
  </rdf:Description>
  <rdf:Description rdf:about='#A40930'>
    <NS0:year>1999</NS0:year>
  </rdf:Description>
  <rdf:Description rdf:about='#A123507'>
    <rdf:type rdf:resource='http://www.daml.org/2001/12/factbook/factbook-ont#Border'/>
    <NS0:country rdf:resource='http://www.daml.org/2001/09/countries/fips#DA'/>
    <NS0:distance>68</NS0:distance>
  </rdf:Description>
  <rdf:Description rdf:about='#A40993'>
    <rdf:type rdf:resource='http://www.daml.org/2001/12/factbook/factbook-ont#CommodityPercent'/>
    <NS0:importsCommodity rdf:resource='http://www.daml.org/2001/12/factbook/commodities#metals'/>
  </rdf:Description>
  <rdf:Description rdf:about='#A40926'>
    <NS0:year>1999</NS0:year>
  </rdf:Description>
  <rdf:Description rdf:about='#A40660'>
    <rdf:type rdf:resource='http://www.daml.org/2001/12/factbook/factbook-ont#Estimate'/>
    <NS0:year>2001</NS0:year>
  </rdf:Description>
  <rdf:Description rdf:about='#A123502'>
    <rdf:type rdf:resource='http://www.daml.org/2001/12/factbook/factbook-ont#Border'/>
    <NS0:country rdf:resource='http://www.daml.org/2001/09/countries/fips#EZ'/>
    <NS0:distance>646</NS0:distance>
  </rdf:Description>
  <rdf:Description rdf:about='#A40989'>
    <rdf:type rdf:resource='http://www.daml.org/2001/12/factbook/factbook-ont#CommodityPercent'/>
    <NS0:importsCommodity rdf:resource='http://www.daml.org/2001/12/factbook/commodities#textiles'/>
  </rdf:Description>
  <rdf:Description rdf:about='#A40985'>
    <rdf:type rdf:resource='http://www.daml.org/2001/12/factbook/factbook-ont#CommodityPercent'/>
    <NS0:importsCommodity rdf:resource='http://www.daml.org/2001/12/factbook/commodities#foodstuffs'/>
  </rdf:Description>
  <rdf:Description rdf:about='#A123497'>
    <rdf:type rdf:resource='http://www.daml.org/2001/12/factbook/factbook-ont#Border'/>
    <NS0:country rdf:resource='http://www.daml.org/2001/09/countries/fips#BE'/>
    <NS0:distance>167</NS0:distance>
  </rdf:Description>
  <rdf:Description rdf:about='#A40883'>
    <rdf:type rdf:resource='http://www.daml.org/2001/12/factbook/factbook-ont#Estimate'/>
    <NS0:year>1999</NS0:year>
  </rdf:Description>
  <rdf:Description rdf:about='#A40943'>
    <rdf:type rdf:resource='http://www.daml.org/2001/12/factbook/factbook-ont#Estimate'/>
    <NS0:note>f.o.b., 2000</NS0:note>
  </rdf:Description>
  <rdf:Description rdf:about='#A41172'>
    <NS0:note>FY98</NS0:note>
  </rdf:Description>
  <rdf:Description rdf:about='#A40981'>
    <rdf:type rdf:resource='http://www.daml.org/2001/12/factbook/factbook-ont#CommodityPercent'/>
    <NS0:importsCommodity rdf:resource='http://www.daml.org/2001/12/factbook/commodities#chemicals'/>
  </rdf:Description>
  <rdf:Description rdf:about='#A123492'>
    <rdf:type rdf:resource='http://www.daml.org/2001/12/factbook/factbook-ont#Border'/>
    <NS0:country rdf:resource='http://www.daml.org/2001/09/countries/fips#AU'/>
    <NS0:distance>784</NS0:distance>
  </rdf:Description>
  <rdf:Description rdf:about='#A40977'>
    <rdf:type rdf:resource='http://www.daml.org/2001/12/factbook/factbook-ont#CommodityPercent'/>
    <NS0:importsCommodity rdf:resource='http://www.daml.org/2001/12/factbook/commodities#vehicles'/>
  </rdf:Description>
  <rdf:Description rdf:about='#A40785'>
    <rdf:type rdf:resource='#State'/>
    <NS0:name>Thueringen</NS0:name>
  </rdf:Description>
  <rdf:Description rdf:about='#A41167'>
    <rdf:type rdf:resource='http://www.daml.org/2001/12/factbook/factbook-ont#Estimate'/>
    <NS0:year>2001</NS0:year>
  </rdf:Description>
  <rdf:Description rdf:about='#A40973'>
    <rdf:type rdf:resource='http://www.daml.org/2001/12/factbook/factbook-ont#CommodityPercent'/>
    <NS0:importsCommodity rdf:resource='http://www.daml.org/2001/12/factbook/commodities#machinery'/>
  </rdf:Description>
  <rdf:Description rdf:about='#State'>
    <rdf:type rdf:resource='http://www.w3.org/2000/01/rdf-schema#Class'/>
    <rdfs:subClassOf rdf:resource='http://www.daml.org/2001/12/factbook/factbook-ont#AdministrativeDivision'/>
    <rdfs:label>State</rdfs:label>
  </rdf:Description>
  <rdf:Description rdf:about='#A40781'>
    <rdf:type rdf:resource='#State'/>
    <NS0:name>Schleswig-Holstein</NS0:name>
  </rdf:Description>
  <rdf:Description rdf:about='#A40867'>
    <rdf:type rdf:resource='http://www.daml.org/2001/12/factbook/factbook-ont#Estimate'/>
    <NS0:year>2000</NS0:year>
  </rdf:Description>
  <rdf:Description rdf:about='#A40777'>
    <rdf:type rdf:resource='#State'/>
    <NS0:name>Sachsen-Anhalt</NS0:name>
  </rdf:Description>
  <rdf:Description rdf:about='#A40966'>
    <rdf:type rdf:resource='http://www.daml.org/2001/12/factbook/factbook-ont#CommodityPercent'/>
    <NS0:exportsCommodity rdf:resource='http://www.daml.org/2001/12/factbook/commodities#textiles'/>
  </rdf:Description>
  <rdf:Description rdf:about='#A40921'>
    <NS0:year>1999</NS0:year>
  </rdf:Description>
  <rdf:Description rdf:about='#A41164'>
    <rdf:type rdf:resource='http://www.daml.org/2001/12/factbook/factbook-ont#Estimate'/>
    <NS0:year>2001</NS0:year>
  </rdf:Description>
  <rdf:Description rdf:about='#A40773'>
    <rdf:type rdf:resource='#State'/>
    <NS0:name>Sachsen</NS0:name>
  </rdf:Description>
  <rdf:Description rdf:about='#A40932'>
    <NS0:year>1999</NS0:year>
  </rdf:Description>
  <rdf:Description rdf:about='#A40970'>
    <rdf:type rdf:resource='http://www.daml.org/2001/12/factbook/factbook-ont#Estimate'/>
    <NS0:note>f.o.b., 2000</NS0:note>
  </rdf:Description>
  <rdf:Description rdf:about='#A41161'>
    <rdf:type rdf:resource='http://www.daml.org/2001/12/factbook/factbook-ont#Estimate'/>
    <NS0:year>2001</NS0:year>
  </rdf:Description>
  <rdf:Description rdf:about='#A40962'>
    <rdf:type rdf:resource='http://www.daml.org/2001/12/factbook/factbook-ont#CommodityPercent'/>
    <NS0:exportsCommodity rdf:resource='http://www.daml.org/2001/12/factbook/commodities#foodstuffs'/>
  </rdf:Description>
  <rdf:Description rdf:about='#A40580'>
    <rdf:type rdf:resource='http://www.daml.org/2001/12/factbook/factbook-ont#Estimate'/>
    <NS0:year>1993</NS0:year>
  </rdf:Description>
  <rdf:Description rdf:about='#A40769'>
    <rdf:type rdf:resource='#State'/>
    <NS0:name>Saarland</NS0:name>
  </rdf:Description>
  <rdf:Description rdf:about='#A41151'>
    <rdf:type rdf:resource='http://www.daml.org/2001/12/factbook/factbook-ont#AirportBreakdown'/>
    <NS0:paved>false</NS0:paved>
    <NS0:maxRunway>913</NS0:maxRunway>
    <NS0:count>225 (2000 est.)</NS0:count>
  </rdf:Description>
  <rdf:Description rdf:about='#A40880'>
    <rdf:type rdf:resource='http://www.daml.org/2001/12/factbook/factbook-ont#Estimate'/>
    <NS0:year>2000</NS0:year>
  </rdf:Description>
  <rdf:Description rdf:about='#A40958'>
    <rdf:type rdf:resource='http://www.daml.org/2001/12/factbook/factbook-ont#CommodityPercent'/>
    <NS0:exportsCommodity rdf:resource='http://www.daml.org/2001/12/factbook/commodities#metals_and_manufactures'/>
  </rdf:Description>
  <rdf:Description rdf:about='#A40765'>
    <rdf:type rdf:resource='#State'/>
    <NS0:name>Rheinland-Pfalz</NS0:name>
  </rdf:Description>
  <rdf:Description rdf:about='#A40622'>
    <rdf:type rdf:resource='http://www.daml.org/2001/12/factbook/factbook-ont#Estimate'/>
    <NS0:year>2001</NS0:year>
  </rdf:Description>
  <rdf:Description rdf:about='#A40954'>
    <rdf:type rdf:resource='http://www.daml.org/2001/12/factbook/factbook-ont#CommodityPercent'/>
    <NS0:exportsCommodity rdf:resource='http://www.daml.org/2001/12/factbook/commodities#chemicals'/>
  </rdf:Description>
  <rdf:Description rdf:about='#A41144'>
    <rdf:type rdf:resource='http://www.daml.org/2001/12/factbook/factbook-ont#AirportBreakdown'/>
    <NS0:paved>false</NS0:paved>
    <NS0:minRunway>914</NS0:minRunway>
    <NS0:maxRunway>1523</NS0:maxRunway>
    <NS0:count>53</NS0:count>
  </rdf:Description>
  <rdf:Description rdf:about='#A40761'>
    <rdf:type rdf:resource='#State'/>
    <NS0:name>Nordrhein-Westfalen</NS0:name>
  </rdf:Description>
  <rdf:Description rdf:about='#A40950'>
    <rdf:type rdf:resource='http://www.daml.org/2001/12/factbook/factbook-ont#CommodityPercent'/>
    <NS0:exportsCommodity rdf:resource='http://www.daml.org/2001/12/factbook/commodities#vehicles'/>
  </rdf:Description>
  <rdf:Description rdf:about='#A41088'>
    <rdf:type rdf:resource='http://www.daml.org/2001/12/factbook/factbook-ont#Estimate'/>
    <NS0:year>2000</NS0:year>
  </rdf:Description>
  <rdf:Description rdf:about='#A41017'>
    <NS0:note>including 11,400 km of expressways</NS0:note>
  </rdf:Description>
  <rdf:Description rdf:about='#A40757'>
    <rdf:type rdf:resource='#State'/>
    <NS0:name>Niedersachsen</NS0:name>
  </rdf:Description>
  <rdf:Description rdf:about='#A41137'>
    <rdf:type rdf:resource='http://www.daml.org/2001/12/factbook/factbook-ont#AirportBreakdown'/>
    <NS0:paved>false</NS0:paved>
    <NS0:minRunway>1524</NS0:minRunway>
    <NS0:maxRunway>2437</NS0:maxRunway>
    <NS0:count>5</NS0:count>
  </rdf:Description>
  <rdf:Description rdf:about='#A40946'>
    <rdf:type rdf:resource='http://www.daml.org/2001/12/factbook/factbook-ont#CommodityPercent'/>
    <NS0:exportsCommodity rdf:resource='http://www.daml.org/2001/12/factbook/commodities#machinery'/>
  </rdf:Description>
  <rdf:Description rdf:about='http://www.daml.org/2001/09/countries/fips#GM'>
    <NS0:background>As Western Europe&apos;s richest and most populous nation, Germany remains a key member of the continent&apos;s economic, political, and defense organizations. European power struggles immersed the country in two devastating World Wars in the first half of the 20th century and left the country occupied by the victorious Allied powers of the US, UK, France, and the Soviet Union in 1945. With the advent of the Cold War, two German states were formed in 1949: the western Federal Republic of Germany (FRG) and the eastern German Democratic Republic (GDR). The democratic FRG embedded itself in key Western economic and security organizations, the EC and NATO, while the communist GDR was on the front line of the Soviet-led Warsaw Pact. The decline of the USSR and the end of the Cold War allowed for German unification in 1990. Since then Germany has expended considerable funds to bring eastern productivity and wages up to western standards. In January 1999, Germany and 10 other EU countries formed a common European currency, the euro.</NS0:background>
    <NS0:location>Central Europe, bordering the Baltic Sea and the North Sea, between the Netherlands and Poland, south of Denmark</NS0:location>
    <NS0:geographicCoordinates rdf:resource='#A40536'/>
    <NS0:mapReferences>Europe</NS0:mapReferences>
    <NS0:totalArea>357021</NS0:totalArea>
    <NS0:landArea>349223</NS0:landArea>
    <NS0:waterArea>7798</NS0:waterArea>
    <NS0:comparativeArea>slightly smaller than Montana</NS0:comparativeArea>
    <NS0:landBoundaries>3618</NS0:landBoundaries>
    <NS0:coastline>2389</NS0:coastline>
    <NS0:exclusiveEconomicZone>200</NS0:exclusiveEconomicZone>
    <NS0:territorialSea>12</NS0:territorialSea>
    <NS0:climate>temperate and marine; cool, cloudy, wet winters and summers; occasional warm foehn wind</NS0:climate>
    <NS0:terrain>lowlands in north, uplands in center, Bavarian Alps in south</NS0:terrain>
    <NS0:lowestPoint rdf:resource='#A40552'/>
    <NS0:highestPoint rdf:resource='#A40557'/>
    <NS0:naturalResource rdf:resource='http://www.daml.org/2001/12/factbook/naturalResources#iron_ore'/>
    <NS0:naturalResource rdf:resource='http://www.daml.org/2001/12/factbook/naturalResources#coal'/>
    <NS0:naturalResource rdf:resource='http://www.daml.org/2001/12/factbook/naturalResources#potash'/>
    <NS0:naturalResource rdf:resource='http://www.daml.org/2001/12/factbook/naturalResources#timber'/>
    <NS0:naturalResource rdf:resource='http://www.daml.org/2001/12/factbook/naturalResources#lignite'/>
    <NS0:naturalResource rdf:resource='http://www.daml.org/2001/12/factbook/naturalResources#uranium'/>
    <NS0:naturalResource rdf:resource='http://www.daml.org/2001/12/factbook/naturalResources#copper'/>
    <NS0:naturalResource rdf:resource='http://www.daml.org/2001/12/factbook/naturalResources#natural_gas'/>
    <NS0:naturalResource rdf:resource='http://www.daml.org/2001/12/factbook/naturalResources#salt'/>
    <NS0:naturalResource rdf:resource='http://www.daml.org/2001/12/factbook/naturalResources#nickel'/>
    <NS0:naturalResource rdf:resource='http://www.daml.org/2001/12/factbook/naturalResources#arable_land'/>
    <NS0:arableLand>33</NS0:arableLand>
    <NS0:permanentCrops>1</NS0:permanentCrops>
    <NS0:permanentPastures>15</NS0:permanentPastures>
    <NS0:forestsAndWoodland>31</NS0:forestsAndWoodland>
    <NS0:otherLandUse rdf:ID='A40577'>20</NS0:otherLandUse>
    <NS0:irrigatedLand rdf:ID='A40580'>4750</NS0:irrigatedLand>
    <NS0:naturalHazard>flooding</NS0:naturalHazard>
    <NS0:environmentalIssue>emissions from coal-burning utilities and industries contribute to air pollution</NS0:environmentalIssue>
    <NS0:environmentalIssue>acid rain, resulting from sulfur dioxide emissions, is damaging forests</NS0:environmentalIssue>
    <NS0:environmentalIssue>pollution in the Baltic Sea from raw sewage and industrial effluents from rivers in eastern Germany</NS0:environmentalIssue>
    <NS0:environmentalIssue>hazardous waste disposal</NS0:environmentalIssue>
    <NS0:environmentalIssue>government currently attempting to define mechanism for ending the use of nuclear power</NS0:environmentalIssue>
    <NS0:environmentalIssue>government working to meet EU commitment to identify nature preservation areas in line with the EU&apos;s Flora, Fauna, and Habitat directive</NS0:environmentalIssue>
    <NS0:environmentalAgreementPartyTo rdf:resource='http://www.daml.org/2001/12/factbook/environmentalAgreements#Air_Pollution'/>
    <NS0:environmentalAgreementPartyTo rdf:resource='http://www.daml.org/2001/12/factbook/environmentalAgreements#Air_Pollution-Nitrogen_Oxides'/>
    <NS0:environmentalAgreementPartyTo rdf:resource='http://www.daml.org/2001/12/factbook/environmentalAgreements#Air_Pollution-Sulphur_85'/>
    <NS0:environmentalAgreementPartyTo rdf:resource='http://www.daml.org/2001/12/factbook/environmentalAgreements#Air_Pollution-Sulphur_94'/>
    <NS0:environmentalAgreementPartyTo rdf:resource='http://www.daml.org/2001/12/factbook/environmentalAgreements#Air_Pollution-Volatile_Organic_Compounds'/>
    <NS0:environmentalAgreementPartyTo rdf:resource='http://www.daml.org/2001/12/factbook/environmentalAgreements#Antarctic-Environmental_Protocol'/>
    <NS0:environmentalAgreementPartyTo rdf:resource='http://www.daml.org/2001/12/factbook/environmentalAgreements#Antarctic-Marine_Living_Resources'/>
    <NS0:environmentalAgreementPartyTo rdf:resource='http://www.daml.org/2001/12/factbook/environmentalAgreements#Antarctic_Seals'/>
    <NS0:environmentalAgreementPartyTo rdf:resource='http://www.daml.org/2001/12/factbook/environmentalAgreements#Antarctic_Treaty'/>
    <NS0:environmentalAgreementPartyTo rdf:resource='http://www.daml.org/2001/12/factbook/environmentalAgreements#Biodiversity'/>
    <NS0:environmentalAgreementPartyTo rdf:resource='http://www.daml.org/2001/12/factbook/environmentalAgreements#Climate_Change'/>
    <NS0:environmentalAgreementPartyTo rdf:resource='http://www.daml.org/2001/12/factbook/environmentalAgreements#Desertification'/>
    <NS0:environmentalAgreementPartyTo rdf:resource='http://www.daml.org/2001/12/factbook/environmentalAgreements#Endangered_Species'/>
    <NS0:environmentalAgreementPartyTo rdf:resource='http://www.daml.org/2001/12/factbook/environmentalAgreements#Environmental_Modification'/>
    <NS0:environmentalAgreementPartyTo rdf:resource='http://www.daml.org/2001/12/factbook/environmentalAgreements#Hazardous_Wastes'/>
    <NS0:environmentalAgreementPartyTo rdf:resource='http://www.daml.org/2001/12/factbook/environmentalAgreements#Law_of_the_Sea'/>
    <NS0:environmentalAgreementPartyTo rdf:resource='http://www.daml.org/2001/12/factbook/environmentalAgreements#Marine_Dumping'/>
    <NS0:environmentalAgreementPartyTo rdf:resource='http://www.daml.org/2001/12/factbook/environmentalAgreements#Nuclear_Test_Ban'/>
    <NS0:environmentalAgreementPartyTo rdf:resource='http://www.daml.org/2001/12/factbook/environmentalAgreements#Ozone_Layer_Protection'/>
    <NS0:environmentalAgreementPartyTo rdf:resource='http://www.daml.org/2001/12/factbook/environmentalAgreements#Ship_Pollution'/>
    <NS0:environmentalAgreementPartyTo rdf:resource='http://www.daml.org/2001/12/factbook/environmentalAgreements#Tropical_Timber_83'/>
    <NS0:environmentalAgreementPartyTo rdf:resource='http://www.daml.org/2001/12/factbook/environmentalAgreements#Tropical_Timber_94'/>
    <NS0:environmentalAgreementPartyTo rdf:resource='http://www.daml.org/2001/12/factbook/environmentalAgreements#Wetlands'/>
    <NS0:environmentalAgreementPartyTo rdf:resource='http://www.daml.org/2001/12/factbook/environmentalAgreements#Whaling'/>
    <NS0:environmentalAgreementSigned rdf:resource='http://www.daml.org/2001/12/factbook/environmentalAgreements#Air_Pollution-Persistent_Organic_Pollutants'/>
    <NS0:environmentalAgreementSigned rdf:resource='http://www.daml.org/2001/12/factbook/environmentalAgreements#Climate_Change-Kyoto_Protocol'/>
    <NS0:population rdf:ID='A40616'>83029536</NS0:population>
    <NS0:populationGrowthRate rdf:ID='A40619'>0.27</NS0:populationGrowthRate>
    <NS0:birthRate rdf:ID='A40622'>9.16</NS0:birthRate>
    <NS0:deathRate rdf:ID='A40625'>10.42</NS0:deathRate>
    <NS0:netMigrationRate rdf:ID='A40628'>4</NS0:netMigrationRate>
    <NS0:sexRatio rdf:resource='#A40631'/>
    <NS0:sexRatio rdf:resource='#A40637'/>
    <NS0:sexRatio rdf:resource='#A40643'/>
    <NS0:sexRatio rdf:resource='#A40649'/>
    <NS0:sexRatio rdf:ID='A40657' rdf:resource='#A40654'/>
    <NS0:infantMortalityRate rdf:ID='A40660'>4.71</NS0:infantMortalityRate>
    <NS0:totalFertilityRate rdf:ID='A40663'>1.38</NS0:totalFertilityRate>
    <NS0:nationalityNoun>German(s)</NS0:nationalityNoun>
    <NS0:nationalityAdjective>German</NS0:nationalityAdjective>
    <NS0:ethnicGroup rdf:resource='#A40668'/>
    <NS0:ethnicGroup rdf:resource='#A40673'/>
    <NS0:ethnicGroup rdf:ID='A40682' rdf:resource='#A40678'/>
    <NS0:religion rdf:resource='#A40684'/>
    <NS0:religion rdf:resource='#A40689'/>
    <NS0:religion rdf:resource='#A40694'/>
    <NS0:religion rdf:resource='#A40699'/>
    <NS0:language rdf:resource='#A40704'/>
    <NS0:literacyDefinition>age 15 and over can read and write</NS0:literacyDefinition>
    <NS0:literacyTotal rdf:ID='A40709'>99</NS0:literacyTotal>
    <NS0:conventionalLongCountryName>Federal Republic of Germany</NS0:conventionalLongCountryName>
    <NS0:conventionalShortCountryName>Germany</NS0:conventionalShortCountryName>
    <NS0:localLongCountryName>Bundesrepublik Deutschland</NS0:localLongCountryName>
    <NS0:localShortCountryName>Deutschland</NS0:localShortCountryName>
    <NS0:formerCountryName>German Empire, German Republic, German Reich</NS0:formerCountryName>
    <NS0:governmentType rdf:resource='http://www.daml.org/2001/12/factbook/governmentTypes#federal_republic'/>
    <NS0:capital rdf:resource='#A40718'/>
    <NS0:administrativeDivision rdf:resource='#A40725'/>
    <NS0:administrativeDivision rdf:resource='#A40729'/>
    <NS0:administrativeDivision rdf:resource='#A40733'/>
    <NS0:administrativeDivision rdf:resource='#A40737'/>
    <NS0:administrativeDivision rdf:resource='#A40741'/>
    <NS0:administrativeDivision rdf:resource='#A40745'/>
    <NS0:administrativeDivision rdf:resource='#A40749'/>
    <NS0:administrativeDivision rdf:resource='#A40753'/>
    <NS0:administrativeDivision rdf:resource='#A40757'/>
    <NS0:administrativeDivision rdf:resource='#A40761'/>
    <NS0:administrativeDivision rdf:resource='#A40765'/>
    <NS0:administrativeDivision rdf:resource='#A40769'/>
    <NS0:administrativeDivision rdf:resource='#A40773'/>
    <NS0:administrativeDivision rdf:resource='#A40777'/>
    <NS0:administrativeDivision rdf:resource='#A40781'/>
    <NS0:administrativeDivision rdf:resource='#A40785'/>
    <NS0:independence>18 January 1871 (German Empire unification); divided into four zones of occupation (UK, US, USSR, and later, France) in 1945 following World War II; Federal Republic of Germany (FRG or West Germany) proclaimed 23 May 1949 and included the former UK, US, and French zones; German Democratic Republic (GDR or East Germany) proclaimed 7 October 1949 and included the former USSR zone; unification of West Germany and East Germany took place 3 October 1990; all four powers formally relinquished rights 15 March 1991</NS0:independence>
    <NS0:constitution>23 May 1949, known as Basic Law; became constitution of the united German people 3 October 1990</NS0:constitution>
    <NS0:legalSystem>civil law system with indigenous concepts; judicial review of legislative acts in the Federal Constitutional Court; has not accepted compulsory ICJ jurisdiction</NS0:legalSystem>
    <NS0:suffrage>18 years of age; universal</NS0:suffrage>
    <NS0:participatesIn rdf:resource='http://www.daml.org/2001/12/factbook/internationalOrganizations#AfDB'/>
    <NS0:participatesIn rdf:resource='http://www.daml.org/2001/12/factbook/internationalOrganizations#AsDB'/>
    <NS0:participatesIn rdf:resource='http://www.daml.org/2001/12/factbook/internationalOrganizations#Australia_Group'/>
    <NS0:participatesIn rdf:resource='http://www.daml.org/2001/12/factbook/internationalOrganizations#BDEAC'/>
    <NS0:participatesIn rdf:resource='http://www.daml.org/2001/12/factbook/internationalOrganizations#BIS'/>
    <NS0:participatesIn rdf:resource='http://www.daml.org/2001/12/factbook/internationalOrganizations#CBSS'/>
    <NS0:participatesIn rdf:resource='http://www.daml.org/2001/12/factbook/internationalOrganizations#CCC'/>
    <NS0:participatesIn rdf:resource='http://www.daml.org/2001/12/factbook/internationalOrganizations#CDB'/>
    <NS0:participatesIn rdf:resource='http://www.daml.org/2001/12/factbook/internationalOrganizations#CE'/>
    <NS0:participatesIn rdf:resource='http://www.daml.org/2001/12/factbook/internationalOrganizations#CERN'/>
    <NS0:participatesIn rdf:resource='http://www.daml.org/2001/12/factbook/internationalOrganizations#EAPC'/>
    <NS0:participatesIn rdf:resource='http://www.daml.org/2001/12/factbook/internationalOrganizations#EBRD'/>
    <NS0:participatesIn rdf:resource='http://www.daml.org/2001/12/factbook/internationalOrganizations#ECE'/>
    <NS0:participatesIn rdf:resource='http://www.daml.org/2001/12/factbook/internationalOrganizations#EIB'/>
    <NS0:participatesIn rdf:resource='http://www.daml.org/2001/12/factbook/internationalOrganizations#EMU'/>
    <NS0:participatesIn rdf:resource='http://www.daml.org/2001/12/factbook/internationalOrganizations#ESA'/>
    <NS0:participatesIn rdf:resource='http://www.daml.org/2001/12/factbook/internationalOrganizations#EU'/>
    <NS0:participatesIn rdf:resource='http://www.daml.org/2001/12/factbook/internationalOrganizations#FAO'/>
    <NS0:participatesIn rdf:resource='http://www.daml.org/2001/12/factbook/internationalOrganizations#G-_5'/>
    <NS0:participatesIn rdf:resource='http://www.daml.org/2001/12/factbook/internationalOrganizations#G-_7'/>
    <NS0:participatesIn rdf:resource='http://www.daml.org/2001/12/factbook/internationalOrganizations#G-10'/>
    <NS0:participatesIn rdf:resource='http://www.daml.org/2001/12/factbook/internationalOrganizations#IADB'/>
    <NS0:participatesIn rdf:resource='http://www.daml.org/2001/12/factbook/internationalOrganizations#IAEA'/>
    <NS0:participatesIn rdf:resource='http://www.daml.org/2001/12/factbook/internationalOrganizations#IBRD'/>
    <NS0:participatesIn rdf:resource='http://www.daml.org/2001/12/factbook/internationalOrganizations#ICAO'/>
    <NS0:participatesIn rdf:resource='http://www.daml.org/2001/12/factbook/internationalOrganizations#ICC'/>
    <NS0:participatesIn rdf:resource='http://www.daml.org/2001/12/factbook/internationalOrganizations#ICFTU'/>
    <NS0:participatesIn rdf:resource='http://www.daml.org/2001/12/factbook/internationalOrganizations#ICRM'/>
    <NS0:participatesIn rdf:resource='http://www.daml.org/2001/12/factbook/internationalOrganizations#IDA'/>
    <NS0:participatesIn rdf:resource='http://www.daml.org/2001/12/factbook/internationalOrganizations#IEA'/>
    <NS0:participatesIn rdf:resource='http://www.daml.org/2001/12/factbook/internationalOrganizations#IFAD'/>
    <NS0:participatesIn rdf:resource='http://www.daml.org/2001/12/factbook/internationalOrganizations#IFC'/>
    <NS0:participatesIn rdf:resource='http://www.daml.org/2001/12/factbook/internationalOrganizations#IFRCS'/>
    <NS0:participatesIn rdf:resource='http://www.daml.org/2001/12/factbook/internationalOrganizations#IHO'/>
    <NS0:participatesIn rdf:resource='http://www.daml.org/2001/12/factbook/internationalOrganizations#ILO'/>
    <NS0:participatesIn rdf:resource='http://www.daml.org/2001/12/factbook/internationalOrganizations#IMF'/>
    <NS0:participatesIn rdf:resource='http://www.daml.org/2001/12/factbook/internationalOrganizations#IMO'/>
    <NS0:participatesIn rdf:resource='http://www.daml.org/2001/12/factbook/internationalOrganizations#Inmarsat'/>
    <NS0:participatesIn rdf:resource='http://www.daml.org/2001/12/factbook/internationalOrganizations#Intelsat'/>
    <NS0:participatesIn rdf:resource='http://www.daml.org/2001/12/factbook/internationalOrganizations#Interpol'/>
    <NS0:participatesIn rdf:resource='http://www.daml.org/2001/12/factbook/internationalOrganizations#IOC'/>
    <NS0:participatesIn rdf:resource='http://www.daml.org/2001/12/factbook/internationalOrganizations#IOM'/>
    <NS0:participatesIn rdf:resource='http://www.daml.org/2001/12/factbook/internationalOrganizations#ISO'/>
    <NS0:participatesIn rdf:resource='http://www.daml.org/2001/12/factbook/internationalOrganizations#ITU'/>
    <NS0:participatesIn rdf:resource='http://www.daml.org/2001/12/factbook/internationalOrganizations#MONUC'/>
    <NS0:participatesIn rdf:resource='http://www.daml.org/2001/12/factbook/internationalOrganizations#NAM'/>
    <NS0:participatesIn rdf:resource='http://www.daml.org/2001/12/factbook/internationalOrganizations#NATO'/>
    <NS0:participatesIn rdf:resource='http://www.daml.org/2001/12/factbook/internationalOrganizations#NEA'/>
    <NS0:participatesIn rdf:resource='http://www.daml.org/2001/12/factbook/internationalOrganizations#NSG'/>
    <NS0:participatesIn rdf:resource='http://www.daml.org/2001/12/factbook/internationalOrganizations#OAS'/>
    <NS0:participatesIn rdf:resource='http://www.daml.org/2001/12/factbook/internationalOrganizations#OECD'/>
    <NS0:participatesIn rdf:resource='http://www.daml.org/2001/12/factbook/internationalOrganizations#OPCW'/>
    <NS0:participatesIn rdf:resource='http://www.daml.org/2001/12/factbook/internationalOrganizations#OSCE'/>
    <NS0:participatesIn rdf:resource='http://www.daml.org/2001/12/factbook/internationalOrganizations#PCA'/>
    <NS0:participatesIn rdf:resource='http://www.daml.org/2001/12/factbook/internationalOrganizations#UN'/>
    <NS0:participatesIn rdf:resource='http://www.daml.org/2001/12/factbook/internationalOrganizations#UNCTAD'/>
    <NS0:participatesIn rdf:resource='http://www.daml.org/2001/12/factbook/internationalOrganizations#UNESCO'/>
    <NS0:participatesIn rdf:resource='http://www.daml.org/2001/12/factbook/internationalOrganizations#UNHCR'/>
    <NS0:participatesIn rdf:resource='http://www.daml.org/2001/12/factbook/internationalOrganizations#UNIDO'/>
    <NS0:participatesIn rdf:resource='http://www.daml.org/2001/12/factbook/internationalOrganizations#UNIKOM'/>
    <NS0:participatesIn rdf:resource='http://www.daml.org/2001/12/factbook/internationalOrganizations#UNMIBH'/>
    <NS0:participatesIn rdf:resource='http://www.daml.org/2001/12/factbook/internationalOrganizations#UNMIK'/>
    <NS0:participatesIn rdf:resource='http://www.daml.org/2001/12/factbook/internationalOrganizations#UNOMIG'/>
    <NS0:participatesIn rdf:resource='http://www.daml.org/2001/12/factbook/internationalOrganizations#UPU'/>
    <NS0:participatesIn rdf:resource='http://www.daml.org/2001/12/factbook/internationalOrganizations#WADB'/>
    <NS0:participatesIn rdf:resource='http://www.daml.org/2001/12/factbook/internationalOrganizations#WEU'/>
    <NS0:participatesIn rdf:resource='http://www.daml.org/2001/12/factbook/internationalOrganizations#WHO'/>
    <NS0:participatesIn rdf:resource='http://www.daml.org/2001/12/factbook/internationalOrganizations#WIPO'/>
    <NS0:participatesIn rdf:resource='http://www.daml.org/2001/12/factbook/internationalOrganizations#WMO'/>
    <NS0:participatesIn rdf:resource='http://www.daml.org/2001/12/factbook/internationalOrganizations#WToO'/>
    <NS0:participatesIn rdf:resource='http://www.daml.org/2001/12/factbook/internationalOrganizations#WTrO'/>
    <NS0:participatesIn rdf:resource='http://www.daml.org/2001/12/factbook/internationalOrganizations#ZC'/>
    <NS0:flagDescription>three equal horizontal bands of black (top), red, and gold</NS0:flagDescription>
    <NS0:economyOverview>Germany possesses the world&apos;s third most technologically powerful economy after the US and Japan, but structural market rigidities - including the substantial non-wage costs of hiring new workers - have made unemployment a long-term, not just a cyclical, problem. Germany&apos;s aging population, combined with high unemployment, has pushed social security outlays to a level exceeding contributions from workers. The modernization and integration of the eastern German economy remains a costly long-term problem, with annual transfers from western Germany amounting to roughly $70 billion. Growth picked up to 3% in 2000, largely due to recovering global demand; newly passed business and income tax cuts are expected to keep growth strong in 2001. Corporate restructuring and growing capital markets are transforming the German economy to meet the challenges of European economic integration and globalization in general.</NS0:economyOverview>
    <NS0:grossDomesticProduct rdf:ID='A40867'>1936000000000</NS0:grossDomesticProduct>
    <NS0:grossDomesticProductRealGrowth rdf:ID='A40870'>3</NS0:grossDomesticProductRealGrowth>
    <NS0:grossDomesticProductPerCapita rdf:ID='A40873'>23400</NS0:grossDomesticProductPerCapita>
    <NS0:grossDomesticProductAgriculture>1.2</NS0:grossDomesticProductAgriculture>
    <NS0:grossDomesticProductIndustry>30.4</NS0:grossDomesticProductIndustry>
    <NS0:grossDomesticProductServices rdf:ID='A40878'>68.4</NS0:grossDomesticProductServices>
    <NS0:inflationRate rdf:ID='A40880'>2</NS0:inflationRate>
    <NS0:laborForce rdf:ID='A40883'>40500000</NS0:laborForce>
    <NS0:occupation rdf:resource='#A40886'/>
    <NS0:occupation rdf:resource='#A40891'/>
    <NS0:occupation rdf:ID='A40900' rdf:resource='#A40896'/>
    <NS0:unemploymentRate rdf:ID='A40902'>9.9</NS0:unemploymentRate>
    <NS0:budgetRevenues>996000000000</NS0:budgetRevenues>
    <NS0:budgetExpenditures>1036000000000</NS0:budgetExpenditures>
    <NS0:industry rdf:resource='http://www.daml.org/2001/12/factbook/industries#among_the_world_s_largest_and_most_technologically_advanced_producers_of_iron'/>
    <NS0:industry rdf:resource='http://www.daml.org/2001/12/factbook/industries#steel'/>
    <NS0:industry rdf:resource='http://www.daml.org/2001/12/factbook/industries#coal'/>
    <NS0:industry rdf:resource='http://www.daml.org/2001/12/factbook/industries#cement'/>
    <NS0:industry rdf:resource='http://www.daml.org/2001/12/factbook/industries#chemicals'/>
    <NS0:industry rdf:resource='http://www.daml.org/2001/12/factbook/industries#machinery'/>
    <NS0:industry rdf:resource='http://www.daml.org/2001/12/factbook/industries#vehicles'/>
    <NS0:industry rdf:resource='http://www.daml.org/2001/12/factbook/industries#machine_tools'/>
    <NS0:industry rdf:resource='http://www.daml.org/2001/12/factbook/industries#electronics'/>
    <NS0:industry rdf:resource='http://www.daml.org/2001/12/factbook/industries#food_and_beverages'/>
    <NS0:industry rdf:resource='http://www.daml.org/2001/12/factbook/industries#shipbuilding'/>
    <NS0:industry rdf:resource='http://www.daml.org/2001/12/factbook/industries#textiles'/>
    <NS0:industrialProductionGrowthRate rdf:ID='A40919'>4.7</NS0:industrialProductionGrowthRate>
    <NS0:electricityProduction rdf:ID='A40921'>531376999999</NS0:electricityProduction>
    <NS0:electricityProductionFossilFuel>63.29</NS0:electricityProductionFossilFuel>
    <NS0:electricityProductionHydro>3.59</NS0:electricityProductionHydro>
    <NS0:electricityProductionNuclear>30.3</NS0:electricityProductionNuclear>
    <NS0:electricityProductionOther rdf:ID='A40926'>2.82</NS0:electricityProductionOther>
    <NS0:electricityConsumption rdf:ID='A40928'>495181000000</NS0:electricityConsumption>
    <NS0:electricityExports rdf:ID='A40930'>39500000000</NS0:electricityExports>
    <NS0:electricityImports rdf:ID='A40932'>40500000000</NS0:electricityImports>
    <NS0:agricultureProduct rdf:resource='http://www.daml.org/2001/12/factbook/agricultureProducts#potatoes'/>
    <NS0:agricultureProduct rdf:resource='http://www.daml.org/2001/12/factbook/agricultureProducts#wheat'/>
    <NS0:agricultureProduct rdf:resource='http://www.daml.org/2001/12/factbook/agricultureProducts#barley'/>
    <NS0:agricultureProduct rdf:resource='http://www.daml.org/2001/12/factbook/agricultureProducts#sugar_beets'/>
    <NS0:agricultureProduct rdf:resource='http://www.daml.org/2001/12/factbook/agricultureProducts#fruit'/>
    <NS0:agricultureProduct rdf:resource='http://www.daml.org/2001/12/factbook/agricultureProducts#cabbages'/>
    <NS0:agricultureProduct rdf:resource='http://www.daml.org/2001/12/factbook/agricultureProducts#cattle'/>
    <NS0:agricultureProduct rdf:resource='http://www.daml.org/2001/12/factbook/agricultureProducts#pigs'/>
    <NS0:agricultureProduct rdf:resource='http://www.daml.org/2001/12/factbook/agricultureProducts#poultry'/>
    <NS0:exports rdf:ID='A40943'>578000000000</NS0:exports>
    <NS0:exportsCommodity rdf:resource='#A40946'/>
    <NS0:exportsCommodity rdf:resource='#A40950'/>
    <NS0:exportsCommodity rdf:resource='#A40954'/>
    <NS0:exportsCommodity rdf:resource='#A40958'/>
    <NS0:exportsCommodity rdf:resource='#A40962'/>
    <NS0:exportsCommodity rdf:resource='#A40966'/>
    <NS0:imports rdf:ID='A40970'>505000000000</NS0:imports>
    <NS0:importsCommodity rdf:resource='#A40973'/>
    <NS0:importsCommodity rdf:resource='#A40977'/>
    <NS0:importsCommodity rdf:resource='#A40981'/>
    <NS0:importsCommodity rdf:resource='#A40985'/>
    <NS0:importsCommodity rdf:resource='#A40989'/>
    <NS0:importsCommodity rdf:resource='#A40993'/>
    <NS0:currency>deutsche mark (DEM); euro (EUR)</NS0:currency>
    <NS0:currencyCode>DEM; EUR</NS0:currencyCode>
    <NS0:fiscalYear>calendar year</NS0:fiscalYear>
    <NS0:mainTelephoneLines rdf:ID='A41000'>45200000</NS0:mainTelephoneLines>
    <NS0:mobileTelephoneLines rdf:ID='A41002'>15318000</NS0:mobileTelephoneLines>
    <NS0:telephoneSystemGeneralAssessment>Germany has one of the world&apos;s most technologically advanced telecommunications systems; as a result of intensive capital expenditures since reunification, the formerly backward system of the eastern part of the country has been modernized and integrated with that of the western part</NS0:telephoneSystemGeneralAssessment>
    <NS0:telephoneSystemDomestic>Germany is served by an extensive system of automatic telephone exchanges connected by modern networks of fiber-optic cable, coaxial cable, microwave radio relay, and a domestic satellite system; cellular telephone service is widely available and includes roaming service to many foreign countries</NS0:telephoneSystemDomestic>
    <NS0:telephoneSystemInternational>satellite earth stations - 14 Intelsat (12 Atlantic Ocean and 2 Indian Ocean), 1 Eutelsat, 1 Inmarsat (Atlantic Ocean region), 2 Intersputnik (1 Atlantic Ocean region and 1 Indian Ocean region); 7 submarine cable connections; 2 HF radiotelephone communication centers; tropospheric scatter links</NS0:telephoneSystemInternational>
    <NS0:radios rdf:ID='A41007'>77800000</NS0:radios>
    <NS0:televisions rdf:ID='A41009'>51400000</NS0:televisions>
    <NS0:internetCountryCode>.de</NS0:internetCountryCode>
    <NS0:internetServiceProviders rdf:ID='A41012'>123</NS0:internetServiceProviders>
    <NS0:internetUsers rdf:ID='A41014'>18000000</NS0:internetUsers>
    <NS0:highwaysTotal>656140</NS0:highwaysTotal>
    <NS0:highwaysPaved rdf:ID='A41017'>650891</NS0:highwaysPaved>
    <NS0:waterways>7500</NS0:waterways>
    <NS0:port rdf:resource='#A41020'/>
    <NS0:port rdf:resource='#A41024'/>
    <NS0:port rdf:resource='#A41028'/>
    <NS0:port rdf:resource='#A41032'/>
    <NS0:port rdf:resource='#A41036'/>
    <NS0:port rdf:resource='#A41040'/>
    <NS0:port rdf:resource='#A41044'/>
    <NS0:port rdf:resource='#A41048'/>
    <NS0:port rdf:resource='#A41052'/>
    <NS0:port rdf:resource='#A41056'/>
    <NS0:port rdf:resource='#A41060'/>
    <NS0:port rdf:resource='#A41064'/>
    <NS0:port rdf:resource='#A41068'/>
    <NS0:port rdf:resource='#A41072'/>
    <NS0:port rdf:resource='#A41076'/>
    <NS0:port rdf:resource='#A41080'/>
    <NS0:port rdf:resource='#A41084'/>
    <NS0:airports rdf:ID='A41088'>613</NS0:airports>
    <NS0:airportBreakdown rdf:resource='#A41091'/>
    <NS0:airportBreakdown rdf:resource='#A41097'/>
    <NS0:airportBreakdown rdf:resource='#A41104'/>
    <NS0:airportBreakdown rdf:resource='#A41111'/>
    <NS0:airportBreakdown rdf:resource='#A41118'/>
    <NS0:airportBreakdown rdf:resource='#A41124'/>
    <NS0:airportBreakdown rdf:resource='#A41130'/>
    <NS0:airportBreakdown rdf:resource='#A41137'/>
    <NS0:airportBreakdown rdf:resource='#A41144'/>
    <NS0:airportBreakdown rdf:resource='#A41151'/>
    <NS0:heliports rdf:ID='A41157'>59</NS0:heliports>
    <NS0:militaryAge>18</NS0:militaryAge>
    <NS0:malesOfMilitaryAge rdf:ID='A41161'>20851022</NS0:malesOfMilitaryAge>
    <NS0:malesFitForMilitaryService rdf:ID='A41164'>17760412</NS0:malesFitForMilitaryService>
    <NS0:malesReachingMilitaryAgeAnnually rdf:ID='A41167'>482318</NS0:malesReachingMilitaryAgeAnnually>
    <NS0:militaryExpenditures rdf:ID='A41170'>32799999999</NS0:militaryExpenditures>
    <NS0:militaryExpendituresPercentGDP rdf:ID='A41172'>1.5</NS0:militaryExpendituresPercentGDP>
    <NS0:internationalDispute>none</NS0:internationalDispute>
    <NS0:illicitDrugs>source of precursor chemicals for South American cocaine processors</NS0:illicitDrugs>
    <NS0:illicitDrugs>transshipment point for and consumer of Southwest Asian heroin, Latin American cocaine, and European-produced synthetic drugs</NS0:illicitDrugs>
    <NS0:smallFlag>http://www.cia.gov/cia/publications/factbook/flags/gm-flag.jpg</NS0:smallFlag>
    <NS0:largeFlag>http://www.cia.gov/cia/publications/factbook/flags/gm-lgflag.jpg</NS0:largeFlag>
    <NS0:map>http://www.cia.gov/cia/publications/factbook/maps/gm-map.jpg</NS0:map>
    <NS0:border rdf:resource='#A123492'/>
    <NS0:border rdf:resource='#A123497'/>
    <NS0:border rdf:resource='#A123502'/>
    <NS0:border rdf:resource='#A123507'/>
    <NS0:border rdf:resource='#A123512'/>
    <NS0:border rdf:resource='#A123517'/>
    <NS0:border rdf:resource='#A123522'/>
    <NS0:border rdf:resource='#A123527'/>
    <NS0:border rdf:resource='#A123532'/>
    <NS0:exportPartner rdf:resource='#A123537'/>
    <NS0:exportPartner rdf:ID='A123546' rdf:resource='#A123542'/>
    <NS0:importPartner rdf:resource='#A123548'/>
    <NS0:importPartner rdf:ID='A123557' rdf:resource='#A123553'/>
  </rdf:Description>
  <rdf:Description rdf:about='#A40873'>
    <rdf:type rdf:resource='http://www.daml.org/2001/12/factbook/factbook-ont#Estimate'/>
    <NS0:year>2000</NS0:year>
  </rdf:Description>
  <rdf:Description rdf:about='#A40753'>
    <rdf:type rdf:resource='#State'/>
    <NS0:name>Mecklenburg-Vorpommern</NS0:name>
  </rdf:Description>
  <rdf:Description rdf:about='#A40749'>
    <rdf:type rdf:resource='#State'/>
    <NS0:name>Hessen</NS0:name>
  </rdf:Description>
  <rdf:Description rdf:about='#A40557'>
    <rdf:type rdf:resource='http://www.daml.org/2001/12/factbook/factbook-ont#ElevationExtreme'/>
    <NS0:name>Zugspitze</NS0:name>
    <NS0:elevation>2963</NS0:elevation>
  </rdf:Description>
  <rdf:Description rdf:about='#A41130'>
    <rdf:type rdf:resource='http://www.daml.org/2001/12/factbook/factbook-ont#AirportBreakdown'/>
    <NS0:paved>false</NS0:paved>
    <NS0:minRunway>2438</NS0:minRunway>
    <NS0:maxRunway>3047</NS0:maxRunway>
    <NS0:count>6</NS0:count>
  </rdf:Description>
  <rdf:Description rdf:about='#A40745'>
    <rdf:type rdf:resource='#State'/>
    <NS0:name>Hamburg</NS0:name>
  </rdf:Description>
  <rdf:Description rdf:about='#A40870'>
    <rdf:type rdf:resource='http://www.daml.org/2001/12/factbook/factbook-ont#Estimate'/>
    <NS0:year>2000</NS0:year>
  </rdf:Description>
  <rdf:Description rdf:about='#A40552'>
    <rdf:type rdf:resource='http://www.daml.org/2001/12/factbook/factbook-ont#ElevationExtreme'/>
    <NS0:name>Freepsum Lake</NS0:name>
    <NS0:elevation>-2</NS0:elevation>
  </rdf:Description>
  <rdf:Description rdf:about='#A41124'>
    <rdf:type rdf:resource='http://www.daml.org/2001/12/factbook/factbook-ont#AirportBreakdown'/>
    <NS0:paved>false</NS0:paved>
    <NS0:minRunway>3048</NS0:minRunway>
    <NS0:count>2</NS0:count>
  </rdf:Description>
  <rdf:Description rdf:about='#A40741'>
    <rdf:type rdf:resource='#State'/>
    <NS0:name>Bremen</NS0:name>
  </rdf:Description>
  <rdf:Description rdf:about='#A41170'>
    <NS0:note>FY98</NS0:note>
  </rdf:Description>
  <rdf:Description rdf:about='#A40737'>
    <rdf:type rdf:resource='#State'/>
    <NS0:name>Brandenburg</NS0:name>
  </rdf:Description>
  <rdf:Description rdf:about='#A41118'>
    <rdf:type rdf:resource='http://www.daml.org/2001/12/factbook/factbook-ont#AirportBreakdown'/>
    <NS0:paved>true</NS0:paved>
    <NS0:maxRunway>913</NS0:maxRunway>
    <NS0:count>124 (2000 est.)</NS0:count>
  </rdf:Description>
  <rdf:Description rdf:about='#A40616'>
    <rdf:type rdf:resource='http://www.daml.org/2001/12/factbook/factbook-ont#Estimate'/>
    <NS0:note>July 2001</NS0:note>
  </rdf:Description>
  <rdf:Description rdf:about='#A40733'>
    <rdf:type rdf:resource='#State'/>
    <NS0:name>Berlin</NS0:name>
  </rdf:Description>
  <rdf:Description rdf:about='#A40729'>
    <rdf:type rdf:resource='#State'/>
    <NS0:name>Bayern</NS0:name>
  </rdf:Description>
  <rdf:Description rdf:about='#A41111'>
    <rdf:type rdf:resource='http://www.daml.org/2001/12/factbook/factbook-ont#AirportBreakdown'/>
    <NS0:paved>true</NS0:paved>
    <NS0:minRunway>914</NS0:minRunway>
    <NS0:maxRunway>1523</NS0:maxRunway>
    <NS0:count>63</NS0:count>
  </rdf:Description>
  <rdf:Description rdf:about='#A40900'>
    <NS0:year>1999</NS0:year>
  </rdf:Description>
  <rdf:Description rdf:about='#A40536'>
    <rdf:type rdf:resource='http://www.daml.org/2001/12/factbook/factbook-ont#LatLon'/>
    <NS0:latitude>51.0</NS0:latitude>
    <NS0:longitude>9.0</NS0:longitude>
  </rdf:Description>
  <rdf:Description rdf:about='#A40725'>
    <rdf:type rdf:resource='#State'/>
    <NS0:name>Baden-Wuerttemberg</NS0:name>
  </rdf:Description>
  <rdf:Description rdf:about='#A41012'>
    <NS0:year>2000</NS0:year>
  </rdf:Description>
  <rdf:Description rdf:about='#A41104'>
    <rdf:type rdf:resource='http://www.daml.org/2001/12/factbook/factbook-ont#AirportBreakdown'/>
    <NS0:paved>true</NS0:paved>
    <NS0:minRunway>1524</NS0:minRunway>
    <NS0:maxRunway>2437</NS0:maxRunway>
    <NS0:count>67</NS0:count>
  </rdf:Description>
  <rdf:Description rdf:about='#A40718'>
    <rdf:type rdf:resource='http://www.daml.org/2001/12/factbook/factbook-ont#CapitalCity'/>
    <NS0:name>Berlin</NS0:name>
  </rdf:Description>
  <rdf:Description rdf:about='#A41097'>
    <rdf:type rdf:resource='http://www.daml.org/2001/12/factbook/factbook-ont#AirportBreakdown'/>
    <NS0:paved>true</NS0:paved>
    <NS0:minRunway>2438</NS0:minRunway>
    <NS0:maxRunway>3047</NS0:maxRunway>
    <NS0:count>55</NS0:count>
  </rdf:Description>
  <rdf:Description rdf:about='#A41002'>
    <NS0:note>April 1999</NS0:note>
  </rdf:Description>
  <rdf:Description rdf:about='#A41091'>
    <rdf:type rdf:resource='http://www.daml.org/2001/12/factbook/factbook-ont#AirportBreakdown'/>
    <NS0:paved>true</NS0:paved>
    <NS0:minRunway>3048</NS0:minRunway>
    <NS0:count>13</NS0:count>
  </rdf:Description>
  <rdf:Description rdf:about='#A123557'>
    <NS0:note>1999</NS0:note>
  </rdf:Description>
  <rdf:Description rdf:about='#A40896'>
    <rdf:type rdf:resource='http://www.daml.org/2001/12/factbook/factbook-ont#OccupationPercent'/>
    <NS0:occupation rdf:resource='http://www.daml.org/2001/12/factbook/occupations#services'/>
    <NS0:percent>63.8</NS0:percent>
  </rdf:Description>
  <rdf:Description rdf:about='#A40704'>
    <rdf:type rdf:resource='http://www.daml.org/2001/12/factbook/factbook-ont#LanguagePercent'/>
    <NS0:language rdf:resource='http://www.daml.org/2001/12/factbook/languages#German'/>
  </rdf:Description>
  <rdf:Description rdf:about='#A40628'>
    <rdf:type rdf:resource='http://www.daml.org/2001/12/factbook/factbook-ont#Estimate'/>
    <NS0:year>2001</NS0:year>
  </rdf:Description>
  <rdf:Description rdf:about='#A41084'>
    <rdf:type rdf:resource='http://www.daml.org/2001/12/factbook/factbook-ont#Port'/>
    <NS0:name>Stuttgart</NS0:name>
  </rdf:Description>
  <rdf:Description rdf:about='#A40891'>
    <rdf:type rdf:resource='http://www.daml.org/2001/12/factbook/factbook-ont#OccupationPercent'/>
    <NS0:occupation rdf:resource='http://www.daml.org/2001/12/factbook/occupations#agriculture'/>
    <NS0:percent>2.8</NS0:percent>
  </rdf:Description>
  <rdf:Description rdf:about='#A40699'>
    <rdf:type rdf:resource='http://www.daml.org/2001/12/factbook/factbook-ont#ReligionPercent'/>
    <NS0:religion rdf:resource='http://www.daml.org/2001/12/factbook/religions#unaffiliated_or_other'/>
    <NS0:percent>26.3</NS0:percent>
  </rdf:Description>
  <rdf:Description rdf:about='#A41080'>
    <rdf:type rdf:resource='http://www.daml.org/2001/12/factbook/factbook-ont#Port'/>
    <NS0:name>Rostock</NS0:name>
  </rdf:Description>
  <rdf:Description rdf:about='#A40886'>
    <rdf:type rdf:resource='http://www.daml.org/2001/12/factbook/factbook-ont#OccupationPercent'/>
    <NS0:occupation rdf:resource='http://www.daml.org/2001/12/factbook/occupations#industry'/>
    <NS0:percent>33.4</NS0:percent>
  </rdf:Description>
  <rdf:Description rdf:about='#A40878'>
    <NS0:year>1999</NS0:year>
  </rdf:Description>
  <rdf:Description rdf:about='#A40694'>
    <rdf:type rdf:resource='http://www.daml.org/2001/12/factbook/factbook-ont#ReligionPercent'/>
    <NS0:religion rdf:resource='http://www.daml.org/2001/12/factbook/religions#Muslim'/>
    <NS0:percent>1.7</NS0:percent>
  </rdf:Description>
  <rdf:Description rdf:about='#A41076'>
    <rdf:type rdf:resource='http://www.daml.org/2001/12/factbook/factbook-ont#Port'/>
    <NS0:name>Mannheim</NS0:name>
  </rdf:Description>
  <rdf:Description rdf:about='#A41007'>
    <NS0:year>1997</NS0:year>
  </rdf:Description>
  <rdf:Description rdf:about='#A40619'>
    <rdf:type rdf:resource='http://www.daml.org/2001/12/factbook/factbook-ont#Estimate'/>
    <NS0:year>2001</NS0:year>
  </rdf:Description>
  <rdf:Description rdf:about='#A40682'>
    <NS0:note>made up largely of Serbo-Croatian, Italian, Russian, Greek, Polish, Spanish</NS0:note>
  </rdf:Description>
  <rdf:Description rdf:about='#A41072'>
    <rdf:type rdf:resource='http://www.daml.org/2001/12/factbook/factbook-ont#Port'/>
    <NS0:name>Magdeburg</NS0:name>
  </rdf:Description>
  <rdf:Description rdf:about='#A40689'>
    <rdf:type rdf:resource='http://www.daml.org/2001/12/factbook/factbook-ont#ReligionPercent'/>
    <NS0:religion rdf:resource='http://www.daml.org/2001/12/factbook/religions#Roman_Catholic'/>
    <NS0:percent>34</NS0:percent>
  </rdf:Description>
  <rdf:Description rdf:about='#A41068'>
    <rdf:type rdf:resource='http://www.daml.org/2001/12/factbook/factbook-ont#Port'/>
    <NS0:name>Luebeck</NS0:name>
  </rdf:Description>
  <rdf:Description rdf:about='#A40684'>
    <rdf:type rdf:resource='http://www.daml.org/2001/12/factbook/factbook-ont#ReligionPercent'/>
    <NS0:religion rdf:resource='http://www.daml.org/2001/12/factbook/religions#Protestant'/>
    <NS0:percent>38</NS0:percent>
  </rdf:Description>
  <rdf:Description rdf:about='#A40577'>
    <rdf:type rdf:resource='http://www.daml.org/2001/12/factbook/factbook-ont#Estimate'/>
    <NS0:year>1993</NS0:year>
  </rdf:Description>
</rdf:RDF>
