<?xml version='1.0' encoding='ISO-8859-1'?>
<rdf:RDF
  xmlns:rdf='http://www.w3.org/1999/02/22-rdf-syntax-ns#'
  xmlns:NS0='http://www.daml.org/2001/12/factbook/factbook-ont#'
  xmlns:rdfs='http://www.w3.org/2000/01/rdf-schema#'
  xml:base="http://www.daml.org/2001/12/factbook/ha">
  <rdf:Description rdf:about='#A44688'>
    <rdf:type rdf:resource='http://www.daml.org/2001/12/factbook/factbook-ont#ReligionPercent'/>
    <NS0:religion rdf:resource='http://www.daml.org/2001/12/factbook/religions#Protestant'/>
    <NS0:percent>16</NS0:percent>
  </rdf:Description>
  <rdf:Description rdf:about='#A44703'>
    <NS0:year>1982</NS0:year>
  </rdf:Description>
  <rdf:Description rdf:about='#A44836'>
    <NS0:year>1995</NS0:year>
  </rdf:Description>
  <rdf:Description rdf:about='#A44683'>
    <rdf:type rdf:resource='http://www.daml.org/2001/12/factbook/factbook-ont#ReligionPercent'/>
    <NS0:religion rdf:resource='http://www.daml.org/2001/12/factbook/religions#Roman_Catholic'/>
    <NS0:percent>80</NS0:percent>
  </rdf:Description>
  <rdf:Description rdf:about='#A44678'>
    <rdf:type rdf:resource='http://www.daml.org/2001/12/factbook/factbook-ont#EthnicGroupPercent'/>
    <NS0:ethnicGroup rdf:resource='http://www.daml.org/2001/12/factbook/ethnicGroups#mulatto_and_white'/>
    <NS0:percent>5</NS0:percent>
  </rdf:Description>
  <rdf:Description rdf:about='#A45024'>
    <rdf:type rdf:resource='http://www.daml.org/2001/12/factbook/factbook-ont#Estimate'/>
    <NS0:year>2001</NS0:year>
  </rdf:Description>
  <rdf:Description rdf:about='#A44887'>
    <NS0:note>f.o.b., 1999</NS0:note>
  </rdf:Description>
  <rdf:Description rdf:about='#A44673'>
    <rdf:type rdf:resource='http://www.daml.org/2001/12/factbook/factbook-ont#EthnicGroupPercent'/>
    <NS0:ethnicGroup rdf:resource='http://www.daml.org/2001/12/factbook/ethnicGroups#black'/>
    <NS0:percent>95</NS0:percent>
  </rdf:Description>
  <rdf:Description rdf:about='#Department'>
    <rdf:type rdf:resource='http://www.w3.org/2000/01/rdf-schema#Class'/>
    <rdfs:subClassOf rdf:resource='http://www.daml.org/2001/12/factbook/factbook-ont#AdministrativeDivision'/>
    <rdfs:label>Department</rdfs:label>
  </rdf:Description>
  <rdf:Description rdf:about='#A44905'>
    <NS0:note>c.i.f., 1999</NS0:note>
  </rdf:Description>
  <rdf:Description rdf:about='#A44816'>
    <rdf:type rdf:resource='http://www.daml.org/2001/12/factbook/factbook-ont#Estimate'/>
    <NS0:year>2000</NS0:year>
  </rdf:Description>
  <rdf:Description rdf:about='#A44659'>
    <rdf:type rdf:resource='http://www.daml.org/2001/12/factbook/factbook-ont#SexRatioBreakdown'/>
    <NS0:ratio>0.97</NS0:ratio>
  </rdf:Description>
  <rdf:Description rdf:about='#A44848'>
    <rdf:type rdf:resource='http://www.daml.org/2001/12/factbook/factbook-ont#OccupationPercent'/>
    <NS0:occupation rdf:resource='http://www.daml.org/2001/12/factbook/occupations#industry'/>
    <NS0:percent>9</NS0:percent>
  </rdf:Description>
  <rdf:Description rdf:about='#A44630'>
    <rdf:type rdf:resource='http://www.daml.org/2001/12/factbook/factbook-ont#Estimate'/>
    <NS0:year>2001</NS0:year>
  </rdf:Description>
  <rdf:Description rdf:about='#A44654'>
    <rdf:type rdf:resource='http://www.daml.org/2001/12/factbook/factbook-ont#SexRatioBreakdown'/>
    <NS0:minAge>65</NS0:minAge>
    <NS0:ratio>0.94</NS0:ratio>
  </rdf:Description>
  <rdf:Description rdf:about='#A44843'>
    <rdf:type rdf:resource='http://www.daml.org/2001/12/factbook/factbook-ont#OccupationPercent'/>
    <NS0:occupation rdf:resource='http://www.daml.org/2001/12/factbook/occupations#services'/>
    <NS0:percent>25</NS0:percent>
  </rdf:Description>
  <rdf:Description rdf:about='#A44872'>
    <NS0:year>1999</NS0:year>
  </rdf:Description>
  <rdf:Description rdf:about='#A44627'>
    <rdf:type rdf:resource='http://www.daml.org/2001/12/factbook/factbook-ont#Estimate'/>
    <NS0:year>2001</NS0:year>
  </rdf:Description>
  <rdf:Description rdf:about='#A44648'>
    <rdf:type rdf:resource='http://www.daml.org/2001/12/factbook/factbook-ont#SexRatioBreakdown'/>
    <NS0:minAge>15</NS0:minAge>
    <NS0:maxAge>64</NS0:maxAge>
    <NS0:ratio>0.94</NS0:ratio>
  </rdf:Description>
  <rdf:Description rdf:about='#A44602'>
    <rdf:type rdf:resource='http://www.daml.org/2001/12/factbook/factbook-ont#Estimate'/>
    <NS0:year>1993</NS0:year>
  </rdf:Description>
  <rdf:Description rdf:about='#A44838'>
    <rdf:type rdf:resource='http://www.daml.org/2001/12/factbook/factbook-ont#OccupationPercent'/>
    <NS0:occupation rdf:resource='http://www.daml.org/2001/12/factbook/occupations#agriculture'/>
    <NS0:percent>66</NS0:percent>
  </rdf:Description>
  <rdf:Description rdf:about='#A44949'>
    <NS0:year>1996</NS0:year>
  </rdf:Description>
  <rdf:Description rdf:about='#A44642'>
    <rdf:type rdf:resource='http://www.daml.org/2001/12/factbook/factbook-ont#SexRatioBreakdown'/>
    <NS0:minAge>0</NS0:minAge>
    <NS0:maxAge>14</NS0:maxAge>
    <NS0:ratio>1.03</NS0:ratio>
  </rdf:Description>
  <rdf:Description rdf:about='#A44945'>
    <NS0:year>2000</NS0:year>
  </rdf:Description>
  <rdf:Description rdf:about='#A44833'>
    <rdf:type rdf:resource='http://www.daml.org/2001/12/factbook/factbook-ont#Estimate'/>
    <NS0:year>2000</NS0:year>
  </rdf:Description>
  <rdf:Description rdf:about='#A44636'>
    <rdf:type rdf:resource='http://www.daml.org/2001/12/factbook/factbook-ont#SexRatioBreakdown'/>
    <NS0:minAge>0</NS0:minAge>
    <NS0:maxAge>0</NS0:maxAge>
    <NS0:ratio>1.05</NS0:ratio>
  </rdf:Description>
  <rdf:Description rdf:about='#A45011'>
    <rdf:type rdf:resource='http://www.daml.org/2001/12/factbook/factbook-ont#AirportBreakdown'/>
    <NS0:paved>false</NS0:paved>
    <NS0:maxRunway>913</NS0:maxRunway>
    <NS0:count>8 (2000 est.)</NS0:count>
  </rdf:Description>
  <rdf:Description rdf:about='#A124080'>
    <rdf:type rdf:resource='http://www.daml.org/2001/12/factbook/factbook-ont#CountryPercent'/>
    <NS0:country rdf:resource='http://www.daml.org/2001/09/countries/fips#US'/>
    <NS0:percent>60</NS0:percent>
  </rdf:Description>
  <rdf:Description rdf:about='#A45004'>
    <rdf:type rdf:resource='http://www.daml.org/2001/12/factbook/factbook-ont#AirportBreakdown'/>
    <NS0:paved>false</NS0:paved>
    <NS0:minRunway>914</NS0:minRunway>
    <NS0:maxRunway>1523</NS0:maxRunway>
    <NS0:count>2</NS0:count>
  </rdf:Description>
  <rdf:Description rdf:about='#A44933'>
    <NS0:year>1995</NS0:year>
  </rdf:Description>
  <rdf:Description rdf:about='#A44876'>
    <NS0:year>1999</NS0:year>
  </rdf:Description>
  <rdf:Description rdf:about='#A124075'>
    <rdf:type rdf:resource='http://www.daml.org/2001/12/factbook/factbook-ont#CountryPercent'/>
    <NS0:country rdf:resource='http://www.daml.org/2001/09/countries/fips#US'/>
    <NS0:percent>89</NS0:percent>
  </rdf:Description>
  <rdf:Description rdf:about='#A44997'>
    <rdf:type rdf:resource='http://www.daml.org/2001/12/factbook/factbook-ont#AirportBreakdown'/>
    <NS0:paved>true</NS0:paved>
    <NS0:minRunway>914</NS0:minRunway>
    <NS0:maxRunway>1523</NS0:maxRunway>
    <NS0:count>2 (2000 est.)</NS0:count>
  </rdf:Description>
  <rdf:Description rdf:about='#A124070'>
    <rdf:type rdf:resource='http://www.daml.org/2001/12/factbook/factbook-ont#Border'/>
    <NS0:country rdf:resource='http://www.daml.org/2001/09/countries/fips#DR'/>
    <NS0:distance>275</NS0:distance>
  </rdf:Description>
  <rdf:Description rdf:about='#A44819'>
    <rdf:type rdf:resource='http://www.daml.org/2001/12/factbook/factbook-ont#Estimate'/>
    <NS0:year>2000</NS0:year>
  </rdf:Description>
  <rdf:Description rdf:about='#A44668'>
    <rdf:type rdf:resource='http://www.daml.org/2001/12/factbook/factbook-ont#Estimate'/>
    <NS0:year>2001</NS0:year>
  </rdf:Description>
  <rdf:Description rdf:about='#A44990'>
    <rdf:type rdf:resource='http://www.daml.org/2001/12/factbook/factbook-ont#AirportBreakdown'/>
    <NS0:paved>true</NS0:paved>
    <NS0:minRunway>2438</NS0:minRunway>
    <NS0:maxRunway>3047</NS0:maxRunway>
    <NS0:count>1</NS0:count>
  </rdf:Description>
  <rdf:Description rdf:about='#A44867'>
    <NS0:year>1999</NS0:year>
  </rdf:Description>
  <rdf:Description rdf:about='#A44983'>
    <rdf:type rdf:resource='http://www.daml.org/2001/12/factbook/factbook-ont#Port'/>
    <NS0:name>Saint-Marc</NS0:name>
  </rdf:Description>
  <rdf:Description rdf:about='#A44979'>
    <rdf:type rdf:resource='http://www.daml.org/2001/12/factbook/factbook-ont#Port'/>
    <NS0:name>Port-de-Paix</NS0:name>
  </rdf:Description>
  <rdf:Description rdf:about='http://www.daml.org/2001/09/countries/fips#HA'>
    <NS0:background>One of the poorest countries in the Western Hemisphere, Haiti has been plagued by political violence for most of its history. Over three decades of dictatorship followed by military rule ended in 1990 when Jean-Bertrand ARISTIDE was elected president. Most of his term was usurped by a military takeover, but he was able to return to office in 1994 and oversee the installation of a close associate to the presidency in 1996. ARISTIDE won a second term as president in 2000, and took office early the following year.</NS0:background>
    <NS0:location>Caribbean, western one-third of the island of Hispaniola, between the Caribbean Sea and the North Atlantic Ocean, west of the Dominican Republic</NS0:location>
    <NS0:geographicCoordinates rdf:resource='#A44565'/>
    <NS0:mapReferences>Central America and the Caribbean</NS0:mapReferences>
    <NS0:totalArea>27750</NS0:totalArea>
    <NS0:landArea>27560</NS0:landArea>
    <NS0:waterArea>190</NS0:waterArea>
    <NS0:comparativeArea>slightly smaller than Maryland</NS0:comparativeArea>
    <NS0:landBoundaries>275</NS0:landBoundaries>
    <NS0:coastline>1771</NS0:coastline>
    <NS0:contiguousZone>24</NS0:contiguousZone>
    <NS0:exclusiveEconomicZone>200</NS0:exclusiveEconomicZone>
    <NS0:territorialSea>12</NS0:territorialSea>
    <NS0:climate>tropical; semiarid where mountains in east cut off trade winds</NS0:climate>
    <NS0:terrain>mostly rough and mountainous</NS0:terrain>
    <NS0:lowestPoint rdf:resource='#A44582'/>
    <NS0:highestPoint rdf:resource='#A44587'/>
    <NS0:naturalResource rdf:resource='http://www.daml.org/2001/12/factbook/naturalResources#bauxite'/>
    <NS0:naturalResource rdf:resource='http://www.daml.org/2001/12/factbook/naturalResources#copper'/>
    <NS0:naturalResource rdf:resource='http://www.daml.org/2001/12/factbook/naturalResources#calcium_carbonate'/>
    <NS0:naturalResource rdf:resource='http://www.daml.org/2001/12/factbook/naturalResources#gold'/>
    <NS0:naturalResource rdf:resource='http://www.daml.org/2001/12/factbook/naturalResources#marble'/>
    <NS0:naturalResource rdf:resource='http://www.daml.org/2001/12/factbook/naturalResources#hydropower'/>
    <NS0:arableLand>20</NS0:arableLand>
    <NS0:permanentCrops>13</NS0:permanentCrops>
    <NS0:permanentPastures>18</NS0:permanentPastures>
    <NS0:forestsAndWoodland>5</NS0:forestsAndWoodland>
    <NS0:otherLandUse rdf:ID='A44602'>44</NS0:otherLandUse>
    <NS0:irrigatedLand rdf:ID='A44605'>750</NS0:irrigatedLand>
    <NS0:naturalHazard>lies in the middle of the hurricane belt and subject to severe storms from June to October</NS0:naturalHazard>
    <NS0:naturalHazard>occasional flooding and earthquakes</NS0:naturalHazard>
    <NS0:naturalHazard>periodic droughts</NS0:naturalHazard>
    <NS0:environmentalIssue>extensive deforestation</NS0:environmentalIssue>
    <NS0:environmentalIssue>soil erosion</NS0:environmentalIssue>
    <NS0:environmentalIssue>inadequate supplies of potable water</NS0:environmentalIssue>
    <NS0:environmentalAgreementPartyTo rdf:resource='http://www.daml.org/2001/12/factbook/environmentalAgreements#Biodiversity'/>
    <NS0:environmentalAgreementPartyTo rdf:resource='http://www.daml.org/2001/12/factbook/environmentalAgreements#Climate_Change'/>
    <NS0:environmentalAgreementPartyTo rdf:resource='http://www.daml.org/2001/12/factbook/environmentalAgreements#Desertification'/>
    <NS0:environmentalAgreementPartyTo rdf:resource='http://www.daml.org/2001/12/factbook/environmentalAgreements#Law_of_the_Sea'/>
    <NS0:environmentalAgreementPartyTo rdf:resource='http://www.daml.org/2001/12/factbook/environmentalAgreements#Marine_Dumping'/>
    <NS0:environmentalAgreementPartyTo rdf:resource='http://www.daml.org/2001/12/factbook/environmentalAgreements#Marine_Life_Conservation'/>
    <NS0:environmentalAgreementPartyTo rdf:resource='http://www.daml.org/2001/12/factbook/environmentalAgreements#Ozone_Layer_Protection'/>
    <NS0:environmentalAgreementSigned rdf:resource='http://www.daml.org/2001/12/factbook/environmentalAgreements#Hazardous_Wastes'/>
    <NS0:environmentalAgreementSigned rdf:resource='http://www.daml.org/2001/12/factbook/environmentalAgreements#Nuclear_Test_Ban'/>
    <NS0:population>6964549</NS0:population>
    <NS0:populationGrowthRate rdf:ID='A44624'>1.4</NS0:populationGrowthRate>
    <NS0:birthRate rdf:ID='A44627'>31.68</NS0:birthRate>
    <NS0:deathRate rdf:ID='A44630'>15</NS0:deathRate>
    <NS0:netMigrationRate rdf:ID='A44633'>-2.64</NS0:netMigrationRate>
    <NS0:sexRatio rdf:resource='#A44636'/>
    <NS0:sexRatio rdf:resource='#A44642'/>
    <NS0:sexRatio rdf:resource='#A44648'/>
    <NS0:sexRatio rdf:resource='#A44654'/>
    <NS0:sexRatio rdf:ID='A44662' rdf:resource='#A44659'/>
    <NS0:infantMortalityRate rdf:ID='A44665'>95.23</NS0:infantMortalityRate>
    <NS0:totalFertilityRate rdf:ID='A44668'>4.4</NS0:totalFertilityRate>
    <NS0:nationalityNoun>Haitian(s)</NS0:nationalityNoun>
    <NS0:nationalityAdjective>Haitian</NS0:nationalityAdjective>
    <NS0:ethnicGroup rdf:resource='#A44673'/>
    <NS0:ethnicGroup rdf:resource='#A44678'/>
    <NS0:religion rdf:resource='#A44683'/>
    <NS0:religion rdf:ID='A44692' rdf:resource='#A44688'/>
    <NS0:religion rdf:resource='#A44694'/>
    <NS0:religion rdf:ID='A44703' rdf:resource='#A44699'/>
    <NS0:language rdf:ID='A44708' rdf:resource='#A44705'/>
    <NS0:language rdf:ID='A44713' rdf:resource='#A44710'/>
    <NS0:literacyDefinition>age 15 and over can read and write</NS0:literacyDefinition>
    <NS0:literacyTotal>45</NS0:literacyTotal>
    <NS0:literacyMale>48</NS0:literacyMale>
    <NS0:literacyFemale rdf:ID='A44718'>42.2</NS0:literacyFemale>
    <NS0:conventionalLongCountryName>Republic of Haiti</NS0:conventionalLongCountryName>
    <NS0:conventionalShortCountryName>Haiti</NS0:conventionalShortCountryName>
    <NS0:localLongCountryName>Republique d&apos;Haiti</NS0:localLongCountryName>
    <NS0:localShortCountryName>Haiti</NS0:localShortCountryName>
    <NS0:governmentType rdf:resource='http://www.daml.org/2001/12/factbook/governmentTypes#elected_government'/>
    <NS0:capital rdf:resource='#A44726'/>
    <NS0:administrativeDivision rdf:resource='#A44733'/>
    <NS0:administrativeDivision rdf:resource='#A44737'/>
    <NS0:administrativeDivision rdf:resource='#A44741'/>
    <NS0:administrativeDivision rdf:resource='#A44745'/>
    <NS0:administrativeDivision rdf:resource='#A44749'/>
    <NS0:administrativeDivision rdf:resource='#A44753'/>
    <NS0:administrativeDivision rdf:resource='#A44757'/>
    <NS0:administrativeDivision rdf:resource='#A44761'/>
    <NS0:administrativeDivision rdf:resource='#A44765'/>
    <NS0:independence>1 January 1804 (from France)</NS0:independence>
    <NS0:constitution>approved March 1987; suspended June 1988, with most articles reinstated March 1989; in October 1991, government claimed to be observing the constitution; return to constitutional rule, October 1994</NS0:constitution>
    <NS0:legalSystem>based on Roman civil law system; accepts compulsory ICJ jurisdiction</NS0:legalSystem>
    <NS0:suffrage>18 years of age; universal</NS0:suffrage>
    <NS0:participatesIn rdf:resource='http://www.daml.org/2001/12/factbook/internationalOrganizations#ACCT'/>
    <NS0:participatesIn rdf:resource='http://www.daml.org/2001/12/factbook/internationalOrganizations#ACP'/>
    <NS0:participatesIn rdf:resource='http://www.daml.org/2001/12/factbook/internationalOrganizations#Caricom'/>
    <NS0:participatesIn rdf:resource='http://www.daml.org/2001/12/factbook/internationalOrganizations#CCC'/>
    <NS0:participatesIn rdf:resource='http://www.daml.org/2001/12/factbook/internationalOrganizations#ECLAC'/>
    <NS0:participatesIn rdf:resource='http://www.daml.org/2001/12/factbook/internationalOrganizations#FAO'/>
    <NS0:participatesIn rdf:resource='http://www.daml.org/2001/12/factbook/internationalOrganizations#G-77'/>
    <NS0:participatesIn rdf:resource='http://www.daml.org/2001/12/factbook/internationalOrganizations#IADB'/>
    <NS0:participatesIn rdf:resource='http://www.daml.org/2001/12/factbook/internationalOrganizations#IAEA'/>
    <NS0:participatesIn rdf:resource='http://www.daml.org/2001/12/factbook/internationalOrganizations#IBRD'/>
    <NS0:participatesIn rdf:resource='http://www.daml.org/2001/12/factbook/internationalOrganizations#ICAO'/>
    <NS0:participatesIn rdf:resource='http://www.daml.org/2001/12/factbook/internationalOrganizations#ICRM'/>
    <NS0:participatesIn rdf:resource='http://www.daml.org/2001/12/factbook/internationalOrganizations#IDA'/>
    <NS0:participatesIn rdf:resource='http://www.daml.org/2001/12/factbook/internationalOrganizations#IFAD'/>
    <NS0:participatesIn rdf:resource='http://www.daml.org/2001/12/factbook/internationalOrganizations#IFC'/>
    <NS0:participatesIn rdf:resource='http://www.daml.org/2001/12/factbook/internationalOrganizations#IFRCS'/>
    <NS0:participatesIn rdf:resource='http://www.daml.org/2001/12/factbook/internationalOrganizations#ILO'/>
    <NS0:participatesIn rdf:resource='http://www.daml.org/2001/12/factbook/internationalOrganizations#IMF'/>
    <NS0:participatesIn rdf:resource='http://www.daml.org/2001/12/factbook/internationalOrganizations#IMO'/>
    <NS0:participatesIn rdf:resource='http://www.daml.org/2001/12/factbook/internationalOrganizations#Intelsat'/>
    <NS0:participatesIn rdf:resource='http://www.daml.org/2001/12/factbook/internationalOrganizations#Interpol'/>
    <NS0:participatesIn rdf:resource='http://www.daml.org/2001/12/factbook/internationalOrganizations#IOC'/>
    <NS0:participatesIn rdf:resource='http://www.daml.org/2001/12/factbook/internationalOrganizations#IOM'/>
    <NS0:participatesIn rdf:resource='http://www.daml.org/2001/12/factbook/internationalOrganizations#ITU'/>
    <NS0:participatesIn rdf:resource='http://www.daml.org/2001/12/factbook/internationalOrganizations#LAES'/>
    <NS0:participatesIn rdf:resource='http://www.daml.org/2001/12/factbook/internationalOrganizations#OAS'/>
    <NS0:participatesIn rdf:resource='http://www.daml.org/2001/12/factbook/internationalOrganizations#OPANAL'/>
    <NS0:participatesIn rdf:resource='http://www.daml.org/2001/12/factbook/internationalOrganizations#OPCW'/>
    <NS0:participatesIn rdf:resource='http://www.daml.org/2001/12/factbook/internationalOrganizations#PCA'/>
    <NS0:participatesIn rdf:resource='http://www.daml.org/2001/12/factbook/internationalOrganizations#UN'/>
    <NS0:participatesIn rdf:resource='http://www.daml.org/2001/12/factbook/internationalOrganizations#UNCTAD'/>
    <NS0:participatesIn rdf:resource='http://www.daml.org/2001/12/factbook/internationalOrganizations#UNESCO'/>
    <NS0:participatesIn rdf:resource='http://www.daml.org/2001/12/factbook/internationalOrganizations#UNIDO'/>
    <NS0:participatesIn rdf:resource='http://www.daml.org/2001/12/factbook/internationalOrganizations#UPU'/>
    <NS0:participatesIn rdf:resource='http://www.daml.org/2001/12/factbook/internationalOrganizations#WCL'/>
    <NS0:participatesIn rdf:resource='http://www.daml.org/2001/12/factbook/internationalOrganizations#WFTU'/>
    <NS0:participatesIn rdf:resource='http://www.daml.org/2001/12/factbook/internationalOrganizations#WHO'/>
    <NS0:participatesIn rdf:resource='http://www.daml.org/2001/12/factbook/internationalOrganizations#WIPO'/>
    <NS0:participatesIn rdf:resource='http://www.daml.org/2001/12/factbook/internationalOrganizations#WMO'/>
    <NS0:participatesIn rdf:resource='http://www.daml.org/2001/12/factbook/internationalOrganizations#WToO'/>
    <NS0:participatesIn rdf:resource='http://www.daml.org/2001/12/factbook/internationalOrganizations#WTrO'/>
    <NS0:flagDescription>two equal horizontal bands of blue (top) and red with a centered white rectangle bearing the coat of arms, which contains a palm tree flanked by flags and two cannons above a scroll bearing the motto L&apos;UNION FAIT LA FORCE (Union Makes Strength)</NS0:flagDescription>
    <NS0:economyOverview>About 80% of the population lives in abject poverty. Nearly 70% of all Haitians depend on the agriculture sector, which consists mainly of small-scale subsistence farming and employs about two-thirds of the economically active work force. The country has experienced little job creation since the former President PREVAL took office in February 1996, although the informal economy is growing. Following legislative elections in May 2000, fraught with irregularities, international donors - including the US and EU - suspended almost all aid to Haiti. This destabilized the Haitian currency, the gourde, and, combined with a 40% fuel price hike in September, caused widespread price increases. Prices appear to have leveled off in January 2001.</NS0:economyOverview>
    <NS0:grossDomesticProduct rdf:ID='A44816'>12700000000</NS0:grossDomesticProduct>
    <NS0:grossDomesticProductRealGrowth rdf:ID='A44819'>1.2</NS0:grossDomesticProductRealGrowth>
    <NS0:grossDomesticProductPerCapita rdf:ID='A44822'>1800</NS0:grossDomesticProductPerCapita>
    <NS0:grossDomesticProductAgriculture>32</NS0:grossDomesticProductAgriculture>
    <NS0:grossDomesticProductIndustry>20</NS0:grossDomesticProductIndustry>
    <NS0:grossDomesticProductServices rdf:ID='A44827'>48</NS0:grossDomesticProductServices>
    <NS0:populationBelowPovertyLine rdf:ID='A44830'>80</NS0:populationBelowPovertyLine>
    <NS0:inflationRate rdf:ID='A44833'>19</NS0:inflationRate>
    <NS0:laborForce rdf:ID='A44836'>3600000</NS0:laborForce>
    <NS0:occupation rdf:resource='#A44838'/>
    <NS0:occupation rdf:resource='#A44843'/>
    <NS0:occupation rdf:resource='#A44848'/>
    <NS0:budgetRevenues>317000000</NS0:budgetRevenues>
    <NS0:budgetExpenditures>362000000</NS0:budgetExpenditures>
    <NS0:budgetCapitalExpenditures rdf:ID='A44855'>84000000</NS0:budgetCapitalExpenditures>
    <NS0:industry rdf:resource='http://www.daml.org/2001/12/factbook/industries#sugar_refining'/>
    <NS0:industry rdf:resource='http://www.daml.org/2001/12/factbook/industries#flour_milling'/>
    <NS0:industry rdf:resource='http://www.daml.org/2001/12/factbook/industries#textiles'/>
    <NS0:industry rdf:resource='http://www.daml.org/2001/12/factbook/industries#cement'/>
    <NS0:industry rdf:resource='http://www.daml.org/2001/12/factbook/industries#tourism'/>
    <NS0:industry rdf:resource='http://www.daml.org/2001/12/factbook/industries#light_assembly_industries_based_on_imported_parts'/>
    <NS0:industrialProductionGrowthRate rdf:ID='A44864'>0.6</NS0:industrialProductionGrowthRate>
    <NS0:electricityProduction rdf:ID='A44867'>672000000</NS0:electricityProduction>
    <NS0:electricityProductionFossilFuel>52.83</NS0:electricityProductionFossilFuel>
    <NS0:electricityProductionHydro>47.17</NS0:electricityProductionHydro>
    <NS0:electricityProductionNuclear>0</NS0:electricityProductionNuclear>
    <NS0:electricityProductionOther rdf:ID='A44872'>0</NS0:electricityProductionOther>
    <NS0:electricityConsumption rdf:ID='A44874'>625000000</NS0:electricityConsumption>
    <NS0:electricityExports rdf:ID='A44876'>0</NS0:electricityExports>
    <NS0:electricityImports rdf:ID='A44878'>0</NS0:electricityImports>
    <NS0:agricultureProduct rdf:resource='http://www.daml.org/2001/12/factbook/agricultureProducts#coffee'/>
    <NS0:agricultureProduct rdf:resource='http://www.daml.org/2001/12/factbook/agricultureProducts#mangoes'/>
    <NS0:agricultureProduct rdf:resource='http://www.daml.org/2001/12/factbook/agricultureProducts#sugarcane'/>
    <NS0:agricultureProduct rdf:resource='http://www.daml.org/2001/12/factbook/agricultureProducts#rice'/>
    <NS0:agricultureProduct rdf:resource='http://www.daml.org/2001/12/factbook/agricultureProducts#corn'/>
    <NS0:agricultureProduct rdf:resource='http://www.daml.org/2001/12/factbook/agricultureProducts#sorghum'/>
    <NS0:agricultureProduct rdf:resource='http://www.daml.org/2001/12/factbook/agricultureProducts#wood'/>
    <NS0:exports rdf:ID='A44887'>186000000</NS0:exports>
    <NS0:exportsCommodity rdf:resource='#A44889'/>
    <NS0:exportsCommodity rdf:resource='#A44893'/>
    <NS0:exportsCommodity rdf:resource='#A44897'/>
    <NS0:exportsCommodity rdf:resource='#A44901'/>
    <NS0:imports rdf:ID='A44905'>1200000000</NS0:imports>
    <NS0:importsCommodity rdf:resource='#A44907'/>
    <NS0:importsCommodity rdf:resource='#A44911'/>
    <NS0:importsCommodity rdf:resource='#A44915'/>
    <NS0:importsCommodity rdf:resource='#A44919'/>
    <NS0:externalDebt rdf:ID='A44923'>1000000000</NS0:externalDebt>
    <NS0:economicAidRecipient rdf:ID='A44926'>730600000</NS0:economicAidRecipient>
    <NS0:currency>gourde (HTG)</NS0:currency>
    <NS0:currencyCode>HTG</NS0:currencyCode>
    <NS0:fiscalYear>1 October - 30 September</NS0:fiscalYear>
    <NS0:mainTelephoneLines rdf:ID='A44931'>60000</NS0:mainTelephoneLines>
    <NS0:mobileTelephoneLines rdf:ID='A44933'>0</NS0:mobileTelephoneLines>
    <NS0:telephoneSystemGeneralAssessment>domestic facilities barely adequate; international facilities slightly better</NS0:telephoneSystemGeneralAssessment>
    <NS0:telephoneSystemDomestic>coaxial cable and microwave radio relay trunk service</NS0:telephoneSystemDomestic>
    <NS0:telephoneSystemInternational>satellite earth station - 1 Intelsat (Atlantic Ocean)</NS0:telephoneSystemInternational>
    <NS0:radios rdf:ID='A44938'>415000</NS0:radios>
    <NS0:televisions rdf:ID='A44940'>38000</NS0:televisions>
    <NS0:internetCountryCode>.ht</NS0:internetCountryCode>
    <NS0:internetServiceProviders rdf:ID='A44943'>3</NS0:internetServiceProviders>
    <NS0:internetUsers rdf:ID='A44945'>6000</NS0:internetUsers>
    <NS0:highwaysTotal>4160</NS0:highwaysTotal>
    <NS0:highwaysPaved>1011</NS0:highwaysPaved>
    <NS0:highwaysUnpaved rdf:ID='A44949'>3149</NS0:highwaysUnpaved>
    <NS0:port rdf:resource='#A44951'/>
    <NS0:port rdf:resource='#A44955'/>
    <NS0:port rdf:resource='#A44959'/>
    <NS0:port rdf:resource='#A44963'/>
    <NS0:port rdf:resource='#A44967'/>
    <NS0:port rdf:resource='#A44971'/>
    <NS0:port rdf:resource='#A44975'/>
    <NS0:port rdf:resource='#A44979'/>
    <NS0:port rdf:resource='#A44983'/>
    <NS0:airports rdf:ID='A44987'>13</NS0:airports>
    <NS0:airportBreakdown rdf:resource='#A44990'/>
    <NS0:airportBreakdown rdf:resource='#A44997'/>
    <NS0:airportBreakdown rdf:resource='#A45004'/>
    <NS0:airportBreakdown rdf:resource='#A45011'/>
    <NS0:militaryAge>18</NS0:militaryAge>
    <NS0:malesOfMilitaryAge rdf:ID='A45018'>1635253</NS0:malesOfMilitaryAge>
    <NS0:malesFitForMilitaryService rdf:ID='A45021'>888305</NS0:malesFitForMilitaryService>
    <NS0:malesReachingMilitaryAgeAnnually rdf:ID='A45024'>87049</NS0:malesReachingMilitaryAgeAnnually>
    <NS0:internationalDispute>claims US-administered Navassa Island</NS0:internationalDispute>
    <NS0:illicitDrugs>major Caribbean transshipment point for cocaine en route to the US and Europe</NS0:illicitDrugs>
    <NS0:illicitDrugs>vulnerable to money laundering</NS0:illicitDrugs>
    <NS0:smallFlag>http://www.cia.gov/cia/publications/factbook/flags/ha-flag.jpg</NS0:smallFlag>
    <NS0:largeFlag>http://www.cia.gov/cia/publications/factbook/flags/ha-lgflag.jpg</NS0:largeFlag>
    <NS0:map>http://www.cia.gov/cia/publications/factbook/maps/ha-map.jpg</NS0:map>
    <NS0:border rdf:resource='#A124070'/>
    <NS0:exportPartner rdf:resource='#A124075'/>
    <NS0:importPartner rdf:resource='#A124080'/>
  </rdf:Description>
  <rdf:Description rdf:about='#A44975'>
    <rdf:type rdf:resource='http://www.daml.org/2001/12/factbook/factbook-ont#Port'/>
    <NS0:name>Port-au-Prince</NS0:name>
  </rdf:Description>
  <rdf:Description rdf:about='#A44624'>
    <rdf:type rdf:resource='http://www.daml.org/2001/12/factbook/factbook-ont#Estimate'/>
    <NS0:year>2001</NS0:year>
  </rdf:Description>
  <rdf:Description rdf:about='#A44971'>
    <rdf:type rdf:resource='http://www.daml.org/2001/12/factbook/factbook-ont#Port'/>
    <NS0:name>Miragoane</NS0:name>
  </rdf:Description>
  <rdf:Description rdf:about='#A44822'>
    <rdf:type rdf:resource='http://www.daml.org/2001/12/factbook/factbook-ont#Estimate'/>
    <NS0:year>2000</NS0:year>
  </rdf:Description>
  <rdf:Description rdf:about='#A44587'>
    <rdf:type rdf:resource='http://www.daml.org/2001/12/factbook/factbook-ont#ElevationExtreme'/>
    <NS0:name>Chaine de la Selle</NS0:name>
    <NS0:elevation>2680</NS0:elevation>
  </rdf:Description>
  <rdf:Description rdf:about='#A44967'>
    <rdf:type rdf:resource='http://www.daml.org/2001/12/factbook/factbook-ont#Port'/>
    <NS0:name>Les Cayes</NS0:name>
  </rdf:Description>
  <rdf:Description rdf:about='#A45018'>
    <rdf:type rdf:resource='http://www.daml.org/2001/12/factbook/factbook-ont#Estimate'/>
    <NS0:year>2001</NS0:year>
  </rdf:Description>
  <rdf:Description rdf:about='#A44926'>
    <NS0:year>1995</NS0:year>
  </rdf:Description>
  <rdf:Description rdf:about='#A44923'>
    <rdf:type rdf:resource='http://www.daml.org/2001/12/factbook/factbook-ont#Estimate'/>
    <NS0:year>1998</NS0:year>
  </rdf:Description>
  <rdf:Description rdf:about='#A44874'>
    <NS0:year>1999</NS0:year>
  </rdf:Description>
  <rdf:Description rdf:about='#A44582'>
    <rdf:type rdf:resource='http://www.daml.org/2001/12/factbook/factbook-ont#ElevationExtreme'/>
    <NS0:name>Caribbean Sea</NS0:name>
    <NS0:elevation>0</NS0:elevation>
  </rdf:Description>
  <rdf:Description rdf:about='#A44963'>
    <rdf:type rdf:resource='http://www.daml.org/2001/12/factbook/factbook-ont#Port'/>
    <NS0:name>Jeremie</NS0:name>
  </rdf:Description>
  <rdf:Description rdf:about='#A44959'>
    <rdf:type rdf:resource='http://www.daml.org/2001/12/factbook/factbook-ont#Port'/>
    <NS0:name>Jacmel</NS0:name>
  </rdf:Description>
  <rdf:Description rdf:about='#A44605'>
    <rdf:type rdf:resource='http://www.daml.org/2001/12/factbook/factbook-ont#Estimate'/>
    <NS0:year>1993</NS0:year>
  </rdf:Description>
  <rdf:Description rdf:about='#A44765'>
    <rdf:type rdf:resource='#Department'/>
    <NS0:name>Sud-Est</NS0:name>
  </rdf:Description>
  <rdf:Description rdf:about='#A44955'>
    <rdf:type rdf:resource='http://www.daml.org/2001/12/factbook/factbook-ont#Port'/>
    <NS0:name>Gonaives</NS0:name>
  </rdf:Description>
  <rdf:Description rdf:about='#A44761'>
    <rdf:type rdf:resource='#Department'/>
    <NS0:name>Sud</NS0:name>
  </rdf:Description>
  <rdf:Description rdf:about='#A44951'>
    <rdf:type rdf:resource='http://www.daml.org/2001/12/factbook/factbook-ont#Port'/>
    <NS0:name>Cap-Haitien</NS0:name>
  </rdf:Description>
  <rdf:Description rdf:about='#A44665'>
    <rdf:type rdf:resource='http://www.daml.org/2001/12/factbook/factbook-ont#Estimate'/>
    <NS0:year>2001</NS0:year>
  </rdf:Description>
  <rdf:Description rdf:about='#A44757'>
    <rdf:type rdf:resource='#Department'/>
    <NS0:name>Ouest</NS0:name>
  </rdf:Description>
  <rdf:Description rdf:about='#A44565'>
    <rdf:type rdf:resource='http://www.daml.org/2001/12/factbook/factbook-ont#LatLon'/>
    <NS0:latitude>19.0</NS0:latitude>
    <NS0:longitude>-72.41666666666667</NS0:longitude>
  </rdf:Description>
  <rdf:Description rdf:about='#A44827'>
    <rdf:type rdf:resource='http://www.daml.org/2001/12/factbook/factbook-ont#Estimate'/>
    <NS0:year>1999</NS0:year>
  </rdf:Description>
  <rdf:Description rdf:about='#A44753'>
    <rdf:type rdf:resource='#Department'/>
    <NS0:name>Nord-Ouest</NS0:name>
  </rdf:Description>
  <rdf:Description rdf:about='#A44749'>
    <rdf:type rdf:resource='#Department'/>
    <NS0:name>Nord-Est</NS0:name>
  </rdf:Description>
  <rdf:Description rdf:about='#A44931'>
    <NS0:year>1997</NS0:year>
  </rdf:Description>
  <rdf:Description rdf:about='#A44855'>
    <rdf:type rdf:resource='http://www.daml.org/2001/12/factbook/factbook-ont#Estimate'/>
    <NS0:note>FY99/00</NS0:note>
  </rdf:Description>
  <rdf:Description rdf:about='#A44745'>
    <rdf:type rdf:resource='#Department'/>
    <NS0:name>Nord</NS0:name>
  </rdf:Description>
  <rdf:Description rdf:about='#A44878'>
    <NS0:year>1999</NS0:year>
  </rdf:Description>
  <rdf:Description rdf:about='#A44741'>
    <rdf:type rdf:resource='#Department'/>
    <NS0:name>Grand&apos;Anse</NS0:name>
  </rdf:Description>
  <rdf:Description rdf:about='#A44737'>
    <rdf:type rdf:resource='#Department'/>
    <NS0:name>Centre</NS0:name>
  </rdf:Description>
  <rdf:Description rdf:about='#A44733'>
    <rdf:type rdf:resource='#Department'/>
    <NS0:name>Artibonite</NS0:name>
  </rdf:Description>
  <rdf:Description rdf:about='#A44919'>
    <rdf:type rdf:resource='http://www.daml.org/2001/12/factbook/factbook-ont#CommodityPercent'/>
    <NS0:importsCommodity rdf:resource='http://www.daml.org/2001/12/factbook/commodities#raw_materials'/>
  </rdf:Description>
  <rdf:Description rdf:about='#A44726'>
    <rdf:type rdf:resource='http://www.daml.org/2001/12/factbook/factbook-ont#CapitalCity'/>
    <NS0:name>Port-au-Prince</NS0:name>
  </rdf:Description>
  <rdf:Description rdf:about='#A44915'>
    <rdf:type rdf:resource='http://www.daml.org/2001/12/factbook/factbook-ont#CommodityPercent'/>
    <NS0:importsCommodity rdf:resource='http://www.daml.org/2001/12/factbook/commodities#fuels'/>
  </rdf:Description>
  <rdf:Description rdf:about='#A44911'>
    <rdf:type rdf:resource='http://www.daml.org/2001/12/factbook/factbook-ont#CommodityPercent'/>
    <NS0:importsCommodity rdf:resource='http://www.daml.org/2001/12/factbook/commodities#machinery_and_transport_equipment'/>
  </rdf:Description>
  <rdf:Description rdf:about='#A44864'>
    <rdf:type rdf:resource='http://www.daml.org/2001/12/factbook/factbook-ont#Estimate'/>
    <NS0:year>1997</NS0:year>
  </rdf:Description>
  <rdf:Description rdf:about='#A44708'>
    <NS0:note>official</NS0:note>
  </rdf:Description>
  <rdf:Description rdf:about='#A45021'>
    <rdf:type rdf:resource='http://www.daml.org/2001/12/factbook/factbook-ont#Estimate'/>
    <NS0:year>2001</NS0:year>
  </rdf:Description>
  <rdf:Description rdf:about='#A44938'>
    <NS0:year>1997</NS0:year>
  </rdf:Description>
  <rdf:Description rdf:about='#A44907'>
    <rdf:type rdf:resource='http://www.daml.org/2001/12/factbook/factbook-ont#CommodityPercent'/>
    <NS0:importsCommodity rdf:resource='http://www.daml.org/2001/12/factbook/commodities#food'/>
  </rdf:Description>
  <rdf:Description rdf:about='#A44718'>
    <rdf:type rdf:resource='http://www.daml.org/2001/12/factbook/factbook-ont#Estimate'/>
    <NS0:year>1995</NS0:year>
  </rdf:Description>
  <rdf:Description rdf:about='#A44713'>
    <NS0:note>official</NS0:note>
  </rdf:Description>
  <rdf:Description rdf:about='#A44710'>
    <rdf:type rdf:resource='http://www.daml.org/2001/12/factbook/factbook-ont#LanguagePercent'/>
    <NS0:language rdf:resource='http://www.daml.org/2001/12/factbook/languages#Creole'/>
  </rdf:Description>
  <rdf:Description rdf:about='#A44901'>
    <rdf:type rdf:resource='http://www.daml.org/2001/12/factbook/factbook-ont#CommodityPercent'/>
    <NS0:exportsCommodity rdf:resource='http://www.daml.org/2001/12/factbook/commodities#mangoes'/>
  </rdf:Description>
  <rdf:Description rdf:about='#A44897'>
    <rdf:type rdf:resource='http://www.daml.org/2001/12/factbook/factbook-ont#CommodityPercent'/>
    <NS0:exportsCommodity rdf:resource='http://www.daml.org/2001/12/factbook/commodities#oils'/>
  </rdf:Description>
  <rdf:Description rdf:about='#A44662'>
    <rdf:type rdf:resource='http://www.daml.org/2001/12/factbook/factbook-ont#Estimate'/>
    <NS0:year>2001</NS0:year>
  </rdf:Description>
  <rdf:Description rdf:about='#A44705'>
    <rdf:type rdf:resource='http://www.daml.org/2001/12/factbook/factbook-ont#LanguagePercent'/>
    <NS0:language rdf:resource='http://www.daml.org/2001/12/factbook/languages#French'/>
  </rdf:Description>
  <rdf:Description rdf:about='#A44987'>
    <rdf:type rdf:resource='http://www.daml.org/2001/12/factbook/factbook-ont#Estimate'/>
    <NS0:year>2000</NS0:year>
  </rdf:Description>
  <rdf:Description rdf:about='#A44633'>
    <rdf:type rdf:resource='http://www.daml.org/2001/12/factbook/factbook-ont#Estimate'/>
    <NS0:year>2001</NS0:year>
  </rdf:Description>
  <rdf:Description rdf:about='#A44893'>
    <rdf:type rdf:resource='http://www.daml.org/2001/12/factbook/factbook-ont#CommodityPercent'/>
    <NS0:exportsCommodity rdf:resource='http://www.daml.org/2001/12/factbook/commodities#coffee'/>
  </rdf:Description>
  <rdf:Description rdf:about='#A44830'>
    <rdf:type rdf:resource='http://www.daml.org/2001/12/factbook/factbook-ont#Estimate'/>
    <NS0:year>1998</NS0:year>
  </rdf:Description>
  <rdf:Description rdf:about='#A44699'>
    <rdf:type rdf:resource='http://www.daml.org/2001/12/factbook/factbook-ont#ReligionPercent'/>
    <NS0:religion rdf:resource='http://www.daml.org/2001/12/factbook/religions#other'/>
    <NS0:percent>3</NS0:percent>
  </rdf:Description>
  <rdf:Description rdf:about='#A44943'>
    <NS0:year>2000</NS0:year>
  </rdf:Description>
  <rdf:Description rdf:about='#A44889'>
    <rdf:type rdf:resource='http://www.daml.org/2001/12/factbook/factbook-ont#CommodityPercent'/>
    <NS0:exportsCommodity rdf:resource='http://www.daml.org/2001/12/factbook/commodities#manufactures'/>
  </rdf:Description>
  <rdf:Description rdf:about='#A44940'>
    <NS0:year>1997</NS0:year>
  </rdf:Description>
  <rdf:Description rdf:about='#A44692'>
    <NS0:note>Baptist 10%, Pentecostal 4%, Adventist 1%, other 1%</NS0:note>
  </rdf:Description>
  <rdf:Description rdf:about='#A44694'>
    <rdf:type rdf:resource='http://www.daml.org/2001/12/factbook/factbook-ont#ReligionPercent'/>
    <NS0:religion rdf:resource='http://www.daml.org/2001/12/factbook/religions#none'/>
    <NS0:percent>1</NS0:percent>
  </rdf:Description>
</rdf:RDF>
