<?xml version='1.0' encoding='ISO-8859-1'?>
<rdf:RDF
  xmlns:rdf='http://www.w3.org/1999/02/22-rdf-syntax-ns#'
  xmlns:NS0='http://www.daml.org/2001/12/factbook/factbook-ont#'
  xml:base="http://www.daml.org/2001/12/factbook/hm">
  <rdf:Description rdf:about='#A45405'>
    <rdf:type rdf:resource='http://www.daml.org/2001/12/factbook/factbook-ont#LatLon'/>
    <NS0:latitude>-53.1</NS0:latitude>
    <NS0:longitude>72.51666666666667</NS0:longitude>
  </rdf:Description>
  <rdf:Description rdf:about='#A45447'>
    <rdf:type rdf:resource='http://www.daml.org/2001/12/factbook/factbook-ont#Port'/>
    <NS0:name>none; offshore anchorage only</NS0:name>
  </rdf:Description>
  <rdf:Description rdf:about='#A45425'>
    <rdf:type rdf:resource='http://www.daml.org/2001/12/factbook/factbook-ont#ElevationExtreme'/>
    <NS0:name>Big Ben</NS0:name>
    <NS0:elevation>2745</NS0:elevation>
  </rdf:Description>
  <rdf:Description rdf:about='#A45436'>
    <NS0:year>1993</NS0:year>
  </rdf:Description>
  <rdf:Description rdf:about='http://www.daml.org/2001/09/countries/fips#HM'>
    <NS0:background>These uninhabited, barren islands were transferred from the UK to Australia in 1947. Populated by large numbers of seal and bird species, the islands have been designated a nature preserve.</NS0:background>
    <NS0:location>Southern Africa, islands in the Indian Ocean, about two-thirds of the way from Madagascar to Antarctica</NS0:location>
    <NS0:geographicCoordinates rdf:resource='#A45405'/>
    <NS0:mapReferences>Antarctic Region</NS0:mapReferences>
    <NS0:totalArea>412</NS0:totalArea>
    <NS0:landArea>412</NS0:landArea>
    <NS0:waterArea>0</NS0:waterArea>
    <NS0:comparativeArea>slightly more than two times the size of Washington, DC</NS0:comparativeArea>
    <NS0:coastline>101.9</NS0:coastline>
    <NS0:exclusiveFishingZone>200</NS0:exclusiveFishingZone>
    <NS0:territorialSea>3</NS0:territorialSea>
    <NS0:climate>antarctic</NS0:climate>
    <NS0:terrain>Heard Island - bleak and mountainous, with a quiescent volcano; McDonald Islands - small and rocky</NS0:terrain>
    <NS0:lowestPoint rdf:resource='#A45420'/>
    <NS0:highestPoint rdf:resource='#A45425'/>
    <NS0:naturalResource rdf:resource='http://www.daml.org/2001/12/factbook/naturalResources#none'/>
    <NS0:arableLand>0</NS0:arableLand>
    <NS0:permanentCrops>0</NS0:permanentCrops>
    <NS0:permanentPastures>0</NS0:permanentPastures>
    <NS0:forestsAndWoodland>0</NS0:forestsAndWoodland>
    <NS0:otherLandUse>100</NS0:otherLandUse>
    <NS0:irrigatedLand rdf:ID='A45436'>0</NS0:irrigatedLand>
    <NS0:naturalHazard>Heard Island is dominated by a dormant volcano called Big Ben</NS0:naturalHazard>
    <NS0:environmentalIssue>NA</NS0:environmentalIssue>
    <NS0:conventionalLongCountryName>Territory of Heard Island and McDonald Islands</NS0:conventionalLongCountryName>
    <NS0:conventionalShortCountryName>Heard Island and McDonald Islands</NS0:conventionalShortCountryName>
    <NS0:dependencyStatus>territory of Australia; administered from Canberra by the Department of the Environment, Sport, and Territories</NS0:dependencyStatus>
    <NS0:legalSystem>the laws of Australia, where applicable, apply</NS0:legalSystem>
    <NS0:flagDescription>the flag of Australia is used</NS0:flagDescription>
    <NS0:economyOverview>no economic activity</NS0:economyOverview>
    <NS0:internetCountryCode>.hm</NS0:internetCountryCode>
    <NS0:port rdf:resource='#A45447'/>
    <NS0:internationalDispute>none</NS0:internationalDispute>
    <NS0:smallFlag>http://www.cia.gov/cia/publications/factbook/flags/hm-flag.jpg</NS0:smallFlag>
    <NS0:largeFlag>http://www.cia.gov/cia/publications/factbook/flags/hm-lgflag.jpg</NS0:largeFlag>
    <NS0:map>http://www.cia.gov/cia/publications/factbook/maps/hm-map.jpg</NS0:map>
  </rdf:Description>
  <rdf:Description rdf:about='#A45420'>
    <rdf:type rdf:resource='http://www.daml.org/2001/12/factbook/factbook-ont#ElevationExtreme'/>
    <NS0:name>Southern Ocean</NS0:name>
    <NS0:elevation>0</NS0:elevation>
  </rdf:Description>
</rdf:RDF>
