<?xml version='1.0' encoding='ISO-8859-1'?>
<rdf:RDF
  xmlns:rdf='http://www.w3.org/1999/02/22-rdf-syntax-ns#'
  xmlns:NS0='http://www.daml.org/2001/12/factbook/factbook-ont#'
  xml:base="http://www.daml.org/2001/12/factbook/hq">
  <rdf:Description rdf:about='#A46010'>
    <rdf:type rdf:resource='http://www.daml.org/2001/12/factbook/factbook-ont#LatLon'/>
    <NS0:latitude>0.8</NS0:latitude>
    <NS0:longitude>-176.63333333333333</NS0:longitude>
  </rdf:Description>
  <rdf:Description rdf:about='http://www.daml.org/2001/09/countries/fips#HQ'>
    <NS0:background>Discovered by the US early in the 19th century, the island was officially claimed by the US in 1857. Both US and British companies mined for guano until about 1890. Earhart Light is a day beacon near the middle of the west coast that was partially destroyed during World War II, but has since been rebuilt; it is named in memory of famed aviatrix Amelia EARHART. The island is administered by the US Department of the Interior as a National Wildlife Refuge.</NS0:background>
    <NS0:location>Oceania, island in the North Pacific Ocean, about one-half of the way from Hawaii to Australia</NS0:location>
    <NS0:geographicCoordinates rdf:resource='#A46010'/>
    <NS0:mapReferences>Oceania</NS0:mapReferences>
    <NS0:totalArea>1.6</NS0:totalArea>
    <NS0:landArea>1.6</NS0:landArea>
    <NS0:waterArea>0</NS0:waterArea>
    <NS0:comparativeArea>about three times the size of The Mall in Washington, DC</NS0:comparativeArea>
    <NS0:coastline>6.4</NS0:coastline>
    <NS0:exclusiveEconomicZone>200</NS0:exclusiveEconomicZone>
    <NS0:territorialSea>12</NS0:territorialSea>
    <NS0:climate>equatorial; scant rainfall, constant wind, burning sun</NS0:climate>
    <NS0:terrain>low-lying, nearly level, sandy, coral island surrounded by a narrow fringing reef; depressed central area</NS0:terrain>
    <NS0:lowestPoint rdf:resource='#A46025'/>
    <NS0:highestPoint rdf:resource='#A46030'/>
    <NS0:naturalResource rdf:resource='http://www.daml.org/2001/12/factbook/naturalResources#guano'/>
    <NS0:naturalResource rdf:resource='http://www.daml.org/2001/12/factbook/naturalResources#terrestrial_and_aquatic_wildlife'/>
    <NS0:arableLand>0</NS0:arableLand>
    <NS0:permanentCrops>0</NS0:permanentCrops>
    <NS0:permanentPastures>0</NS0:permanentPastures>
    <NS0:forestsAndWoodland>5</NS0:forestsAndWoodland>
    <NS0:otherLandUse>95</NS0:otherLandUse>
    <NS0:irrigatedLand rdf:ID='A46042'>0</NS0:irrigatedLand>
    <NS0:naturalHazard>the narrow fringing reef surrounding the island can be a maritime hazard</NS0:naturalHazard>
    <NS0:environmentalIssue>no natural fresh water resources</NS0:environmentalIssue>
    <NS0:conventionalLongCountryName>none</NS0:conventionalLongCountryName>
    <NS0:conventionalShortCountryName>Howland Island</NS0:conventionalShortCountryName>
    <NS0:dependencyStatus>unincorporated territory of the US; administered from Washington, DC, by the Fish and Wildlife Service of the US Department of the Interior as part of the National Wildlife Refuge system</NS0:dependencyStatus>
    <NS0:legalSystem>the laws of the US, where applicable, apply</NS0:legalSystem>
    <NS0:flagDescription>the flag of the US is used</NS0:flagDescription>
    <NS0:economyOverview>no economic activity</NS0:economyOverview>
    <NS0:port rdf:resource='#A46052'/>
    <NS0:internationalDispute>none</NS0:internationalDispute>
    <NS0:smallFlag>http://www.cia.gov/cia/publications/factbook/flags/hq-flag.jpg</NS0:smallFlag>
    <NS0:largeFlag>http://www.cia.gov/cia/publications/factbook/flags/hq-lgflag.jpg</NS0:largeFlag>
    <NS0:map>http://www.cia.gov/cia/publications/factbook/maps/hq-map.jpg</NS0:map>
  </rdf:Description>
  <rdf:Description rdf:about='#A46052'>
    <rdf:type rdf:resource='http://www.daml.org/2001/12/factbook/factbook-ont#Port'/>
    <NS0:name>none; offshore anchorage only; note - there is one small boat landing area along the middle of the west coast</NS0:name>
  </rdf:Description>
  <rdf:Description rdf:about='#A46042'>
    <NS0:year>1998</NS0:year>
  </rdf:Description>
  <rdf:Description rdf:about='#A46030'>
    <rdf:type rdf:resource='http://www.daml.org/2001/12/factbook/factbook-ont#ElevationExtreme'/>
    <NS0:name>unnamed location</NS0:name>
    <NS0:elevation>3</NS0:elevation>
  </rdf:Description>
  <rdf:Description rdf:about='#A46025'>
    <rdf:type rdf:resource='http://www.daml.org/2001/12/factbook/factbook-ont#ElevationExtreme'/>
    <NS0:name>Pacific Ocean</NS0:name>
    <NS0:elevation>0</NS0:elevation>
  </rdf:Description>
</rdf:RDF>
