<?xml version='1.0' encoding='ISO-8859-1'?>
<rdf:RDF
  xmlns:rdf='http://www.w3.org/1999/02/22-rdf-syntax-ns#'
  xmlns:NS0='http://www.daml.org/2001/12/factbook/factbook-ont#'
  xmlns:rdfs='http://www.w3.org/2000/01/rdf-schema#'
  xml:base="http://www.daml.org/2001/12/factbook/is">
  <rdf:Description rdf:about='#A50614'>
    <rdf:type rdf:resource='http://www.daml.org/2001/12/factbook/factbook-ont#EthnicGroupPercent'/>
    <NS0:ethnicGroup rdf:resource='http://www.daml.org/2001/12/factbook/ethnicGroups#non-Jewish_19.9%_(1996_est.)'/>
  </rdf:Description>
  <rdf:Description rdf:about='#A50995'>
    <rdf:type rdf:resource='http://www.daml.org/2001/12/factbook/factbook-ont#AirportBreakdown'/>
    <NS0:paved>true</NS0:paved>
    <NS0:maxRunway>913</NS0:maxRunway>
    <NS0:count>7 (2000 est.)</NS0:count>
  </rdf:Description>
  <rdf:Description rdf:about='#A50802'>
    <rdf:type rdf:resource='http://www.daml.org/2001/12/factbook/factbook-ont#OccupationPercent'/>
    <NS0:occupation rdf:resource='http://www.daml.org/2001/12/factbook/occupations#storage'/>
  </rdf:Description>
  <rdf:Description rdf:about='#A50603'>
    <rdf:type rdf:resource='http://www.daml.org/2001/12/factbook/factbook-ont#Estimate'/>
    <NS0:year>2001</NS0:year>
  </rdf:Description>
  <rdf:Description rdf:about='#A124718'>
    <rdf:type rdf:resource='http://www.daml.org/2001/12/factbook/factbook-ont#CountryPercent'/>
    <NS0:country rdf:resource='http://www.daml.org/2001/09/countries/fips#US'/>
    <NS0:percent>20</NS0:percent>
  </rdf:Description>
  <rdf:Description rdf:about='#A50608'>
    <rdf:type rdf:resource='http://www.daml.org/2001/12/factbook/factbook-ont#EthnicGroupPercent'/>
    <NS0:ethnicGroup rdf:resource='http://www.daml.org/2001/12/factbook/ethnicGroups#Jewish'/>
    <NS0:percent>80.1</NS0:percent>
  </rdf:Description>
  <rdf:Description rdf:about='#A50798'>
    <rdf:type rdf:resource='http://www.daml.org/2001/12/factbook/factbook-ont#OccupationPercent'/>
    <NS0:occupation rdf:resource='http://www.daml.org/2001/12/factbook/occupations#transport'/>
  </rdf:Description>
  <rdf:Description rdf:about='#A50988'>
    <rdf:type rdf:resource='http://www.daml.org/2001/12/factbook/factbook-ont#AirportBreakdown'/>
    <NS0:paved>true</NS0:paved>
    <NS0:minRunway>914</NS0:minRunway>
    <NS0:maxRunway>1523</NS0:maxRunway>
    <NS0:count>10</NS0:count>
  </rdf:Description>
  <rdf:Description rdf:about='#A124712'>
    <rdf:type rdf:resource='http://www.daml.org/2001/12/factbook/factbook-ont#CountryPercent'/>
    <NS0:country rdf:resource='http://www.daml.org/2001/09/countries/fips#NL'/>
    <NS0:percent>4</NS0:percent>
  </rdf:Description>
  <rdf:Description rdf:about='#A50793'>
    <rdf:type rdf:resource='http://www.daml.org/2001/12/factbook/factbook-ont#OccupationPercent'/>
    <NS0:occupation rdf:resource='http://www.daml.org/2001/12/factbook/occupations#personal_and_other_services'/>
    <NS0:percent>6.4</NS0:percent>
  </rdf:Description>
  <rdf:Description rdf:about='#A50981'>
    <rdf:type rdf:resource='http://www.daml.org/2001/12/factbook/factbook-ont#AirportBreakdown'/>
    <NS0:paved>true</NS0:paved>
    <NS0:minRunway>1524</NS0:minRunway>
    <NS0:maxRunway>2437</NS0:maxRunway>
    <NS0:count>7</NS0:count>
  </rdf:Description>
  <rdf:Description rdf:about='#A124707'>
    <rdf:type rdf:resource='http://www.daml.org/2001/12/factbook/factbook-ont#CountryPercent'/>
    <NS0:country rdf:resource='http://www.daml.org/2001/09/countries/fips#HK'/>
    <NS0:percent>4</NS0:percent>
  </rdf:Description>
  <rdf:Description rdf:about='#A50788'>
    <rdf:type rdf:resource='http://www.daml.org/2001/12/factbook/factbook-ont#OccupationPercent'/>
    <NS0:occupation rdf:resource='http://www.daml.org/2001/12/factbook/occupations#construction'/>
    <NS0:percent>7.5</NS0:percent>
  </rdf:Description>
  <rdf:Description rdf:about='#A50745'>
    <rdf:type rdf:resource='http://www.daml.org/2001/12/factbook/factbook-ont#Estimate'/>
    <NS0:year>2000</NS0:year>
  </rdf:Description>
  <rdf:Description rdf:about='#A50860'>
    <NS0:note>f.o.b., 2000</NS0:note>
  </rdf:Description>
  <rdf:Description rdf:about='#A50594'>
    <rdf:type rdf:resource='http://www.daml.org/2001/12/factbook/factbook-ont#SexRatioBreakdown'/>
    <NS0:ratio>0.99</NS0:ratio>
  </rdf:Description>
  <rdf:Description rdf:about='#A124702'>
    <rdf:type rdf:resource='http://www.daml.org/2001/12/factbook/factbook-ont#CountryPercent'/>
    <NS0:country rdf:resource='http://www.daml.org/2001/09/countries/fips#UK'/>
    <NS0:percent>6</NS0:percent>
  </rdf:Description>
  <rdf:Description rdf:about='#A50783'>
    <rdf:type rdf:resource='http://www.daml.org/2001/12/factbook/factbook-ont#OccupationPercent'/>
    <NS0:occupation rdf:resource='http://www.daml.org/2001/12/factbook/occupations#commerce'/>
    <NS0:percent>12.8</NS0:percent>
  </rdf:Description>
  <rdf:Description rdf:about='#A50974'>
    <rdf:type rdf:resource='http://www.daml.org/2001/12/factbook/factbook-ont#AirportBreakdown'/>
    <NS0:paved>true</NS0:paved>
    <NS0:minRunway>2438</NS0:minRunway>
    <NS0:maxRunway>3047</NS0:maxRunway>
    <NS0:count>4</NS0:count>
  </rdf:Description>
  <rdf:Description rdf:about='#A124697'>
    <rdf:type rdf:resource='http://www.daml.org/2001/12/factbook/factbook-ont#CountryPercent'/>
    <NS0:country rdf:resource='http://www.daml.org/2001/09/countries/fips#US'/>
    <NS0:percent>36</NS0:percent>
  </rdf:Description>
  <rdf:Description rdf:about='#A50589'>
    <rdf:type rdf:resource='http://www.daml.org/2001/12/factbook/factbook-ont#SexRatioBreakdown'/>
    <NS0:minAge>65</NS0:minAge>
    <NS0:ratio>0.75</NS0:ratio>
  </rdf:Description>
  <rdf:Description rdf:about='#A50778'>
    <rdf:type rdf:resource='http://www.daml.org/2001/12/factbook/factbook-ont#OccupationPercent'/>
    <NS0:occupation rdf:resource='http://www.daml.org/2001/12/factbook/occupations#finance_and_business'/>
    <NS0:percent>13.1</NS0:percent>
  </rdf:Description>
  <rdf:Description rdf:about='#A50968'>
    <rdf:type rdf:resource='http://www.daml.org/2001/12/factbook/factbook-ont#AirportBreakdown'/>
    <NS0:paved>true</NS0:paved>
    <NS0:minRunway>3048</NS0:minRunway>
    <NS0:count>2</NS0:count>
  </rdf:Description>
  <rdf:Description rdf:about='#A124692'>
    <rdf:type rdf:resource='http://www.daml.org/2001/12/factbook/factbook-ont#Border'/>
    <NS0:country rdf:resource='http://www.daml.org/2001/09/countries/fips#WE'/>
    <NS0:distance>307</NS0:distance>
  </rdf:Description>
  <rdf:Description rdf:about='#A50583'>
    <rdf:type rdf:resource='http://www.daml.org/2001/12/factbook/factbook-ont#SexRatioBreakdown'/>
    <NS0:minAge>15</NS0:minAge>
    <NS0:maxAge>64</NS0:maxAge>
    <NS0:ratio>1.01</NS0:ratio>
  </rdf:Description>
  <rdf:Description rdf:about='#A50825'>
    <rdf:type rdf:resource='http://www.daml.org/2001/12/factbook/factbook-ont#Estimate'/>
    <NS0:year>2000</NS0:year>
  </rdf:Description>
  <rdf:Description rdf:about='#A50773'>
    <rdf:type rdf:resource='http://www.daml.org/2001/12/factbook/factbook-ont#OccupationPercent'/>
    <NS0:occupation rdf:resource='http://www.daml.org/2001/12/factbook/occupations#manufacturing'/>
    <NS0:percent>20.2</NS0:percent>
  </rdf:Description>
  <rdf:Description rdf:about='#A50961'>
    <rdf:type rdf:resource='http://www.daml.org/2001/12/factbook/factbook-ont#Port'/>
    <NS0:name>Tel Aviv-Yafo</NS0:name>
  </rdf:Description>
  <rdf:Description rdf:about='#A124687'>
    <rdf:type rdf:resource='http://www.daml.org/2001/12/factbook/factbook-ont#Border'/>
    <NS0:country rdf:resource='http://www.daml.org/2001/09/countries/fips#SY'/>
    <NS0:distance>76</NS0:distance>
  </rdf:Description>
  <rdf:Description rdf:about='#A50577'>
    <rdf:type rdf:resource='http://www.daml.org/2001/12/factbook/factbook-ont#SexRatioBreakdown'/>
    <NS0:minAge>0</NS0:minAge>
    <NS0:maxAge>14</NS0:maxAge>
    <NS0:ratio>1.05</NS0:ratio>
  </rdf:Description>
  <rdf:Description rdf:about='#A50768'>
    <rdf:type rdf:resource='http://www.daml.org/2001/12/factbook/factbook-ont#OccupationPercent'/>
    <NS0:occupation rdf:resource='http://www.daml.org/2001/12/factbook/occupations#public_services'/>
    <NS0:percent>31.2</NS0:percent>
  </rdf:Description>
  <rdf:Description rdf:about='#A50912'>
    <rdf:type rdf:resource='http://www.daml.org/2001/12/factbook/factbook-ont#Estimate'/>
    <NS0:year>2000</NS0:year>
  </rdf:Description>
  <rdf:Description rdf:about='#A50957'>
    <rdf:type rdf:resource='http://www.daml.org/2001/12/factbook/factbook-ont#Port'/>
    <NS0:name>Haifa</NS0:name>
  </rdf:Description>
  <rdf:Description rdf:about='#A50938'>
    <rdf:type rdf:resource='http://www.daml.org/2001/12/factbook/factbook-ont#Estimate'/>
    <NS0:year>1998</NS0:year>
  </rdf:Description>
  <rdf:Description rdf:about='#A124682'>
    <rdf:type rdf:resource='http://www.daml.org/2001/12/factbook/factbook-ont#Border'/>
    <NS0:country rdf:resource='http://www.daml.org/2001/09/countries/fips#LE'/>
    <NS0:distance>79</NS0:distance>
  </rdf:Description>
  <rdf:Description rdf:about='#A50841'>
    <NS0:year>1999</NS0:year>
  </rdf:Description>
  <rdf:Description rdf:about='#A50953'>
    <rdf:type rdf:resource='http://www.daml.org/2001/12/factbook/factbook-ont#Port'/>
    <NS0:name>Hadera</NS0:name>
  </rdf:Description>
  <rdf:Description rdf:about='#A50571'>
    <rdf:type rdf:resource='http://www.daml.org/2001/12/factbook/factbook-ont#SexRatioBreakdown'/>
    <NS0:minAge>0</NS0:minAge>
    <NS0:maxAge>0</NS0:maxAge>
    <NS0:ratio>1.05</NS0:ratio>
  </rdf:Description>
  <rdf:Description rdf:about='#A50765'>
    <rdf:type rdf:resource='http://www.daml.org/2001/12/factbook/factbook-ont#Estimate'/>
    <NS0:year>2000</NS0:year>
  </rdf:Description>
  <rdf:Description rdf:about='#A124677'>
    <rdf:type rdf:resource='http://www.daml.org/2001/12/factbook/factbook-ont#Border'/>
    <NS0:country rdf:resource='http://www.daml.org/2001/09/countries/fips#JO'/>
    <NS0:distance>238</NS0:distance>
  </rdf:Description>
  <rdf:Description rdf:about='#A50949'>
    <rdf:type rdf:resource='http://www.daml.org/2001/12/factbook/factbook-ont#Port'/>
    <NS0:name>Elat</NS0:name>
  </rdf:Description>
  <rdf:Description rdf:about='#A50556'>
    <rdf:type rdf:resource='http://www.daml.org/2001/12/factbook/factbook-ont#Estimate'/>
    <NS0:note>July 2001</NS0:note>
  </rdf:Description>
  <rdf:Description rdf:about='#A50930'>
    <NS0:year>2000</NS0:year>
  </rdf:Description>
  <rdf:Description rdf:about='#A124672'>
    <rdf:type rdf:resource='http://www.daml.org/2001/12/factbook/factbook-ont#Border'/>
    <NS0:country rdf:resource='http://www.daml.org/2001/09/countries/fips#GZ'/>
    <NS0:distance>51</NS0:distance>
  </rdf:Description>
  <rdf:Description rdf:about='http://www.daml.org/2001/09/countries/fips#IS'>
    <NS0:background>Following World War II, the British withdrew from their mandate of Palestine, and the UN partitioned the area into Arab and Jewish states, an arrangement rejected by the Arabs. Subsequently, the Israelis defeated the Arabs in a series of wars without ending the deep tensions between the two sides. The territories occupied by Israel since the 1967 war are not included in the Israel country profile, unless otherwise noted. In keeping with the framework established at the Madrid Conference in October 1991, bilateral negotiations are being conducted between Israel and Palestinian representatives (from the Israeli-occupied West Bank and Gaza Strip) and Israel and Syria, to achieve a permanent settlement. On 25 April 1982, Israel withdrew from the Sinai pursuant to the 1979 Israel-Egypt Peace Treaty. Outstanding territorial and other disputes with Jordan were resolved in the 26 October 1994 Israel-Jordan Treaty of Peace. On 25 May 2000, Israel withdrew unilaterally from southern Lebanon, which it had occupied since 1982.</NS0:background>
    <NS0:location>Middle East, bordering the Mediterranean Sea, between Egypt and Lebanon</NS0:location>
    <NS0:geographicCoordinates rdf:resource='#A50495'/>
    <NS0:mapReferences>Middle East</NS0:mapReferences>
    <NS0:totalArea>20770</NS0:totalArea>
    <NS0:landArea>20330</NS0:landArea>
    <NS0:waterArea>440</NS0:waterArea>
    <NS0:comparativeArea>slightly smaller than New Jersey</NS0:comparativeArea>
    <NS0:landBoundaries>1006</NS0:landBoundaries>
    <NS0:coastline>273</NS0:coastline>
    <NS0:territorialSea>12</NS0:territorialSea>
    <NS0:climate>temperate; hot and dry in southern and eastern desert areas</NS0:climate>
    <NS0:terrain>Negev desert in the south; low coastal plain; central mountains; Jordan Rift Valley</NS0:terrain>
    <NS0:lowestPoint rdf:resource='#A50510'/>
    <NS0:highestPoint rdf:resource='#A50515'/>
    <NS0:naturalResource rdf:resource='http://www.daml.org/2001/12/factbook/naturalResources#timber'/>
    <NS0:naturalResource rdf:resource='http://www.daml.org/2001/12/factbook/naturalResources#potash'/>
    <NS0:naturalResource rdf:resource='http://www.daml.org/2001/12/factbook/naturalResources#copper_ore'/>
    <NS0:naturalResource rdf:resource='http://www.daml.org/2001/12/factbook/naturalResources#natural_gas'/>
    <NS0:naturalResource rdf:resource='http://www.daml.org/2001/12/factbook/naturalResources#phosphate_rock'/>
    <NS0:naturalResource rdf:resource='http://www.daml.org/2001/12/factbook/naturalResources#magnesium_bromide'/>
    <NS0:naturalResource rdf:resource='http://www.daml.org/2001/12/factbook/naturalResources#clays'/>
    <NS0:naturalResource rdf:resource='http://www.daml.org/2001/12/factbook/naturalResources#sand'/>
    <NS0:naturalResource rdf:resource='http://www.daml.org/2001/12/factbook/naturalResources#oil'/>
    <NS0:arableLand>17</NS0:arableLand>
    <NS0:permanentCrops>4</NS0:permanentCrops>
    <NS0:permanentPastures>7</NS0:permanentPastures>
    <NS0:forestsAndWoodland>6</NS0:forestsAndWoodland>
    <NS0:otherLandUse rdf:ID='A50533'>66</NS0:otherLandUse>
    <NS0:irrigatedLand rdf:ID='A50536'>1800</NS0:irrigatedLand>
    <NS0:naturalHazard>sandstorms may occur during spring and summer</NS0:naturalHazard>
    <NS0:naturalHazard>droughts</NS0:naturalHazard>
    <NS0:environmentalIssue>limited arable land and natural fresh water resources pose serious constraints</NS0:environmentalIssue>
    <NS0:environmentalIssue>desertification</NS0:environmentalIssue>
    <NS0:environmentalIssue>air pollution from industrial and vehicle emissions</NS0:environmentalIssue>
    <NS0:environmentalIssue>groundwater pollution from industrial and domestic waste, chemical fertilizers, and pesticides</NS0:environmentalIssue>
    <NS0:environmentalAgreementPartyTo rdf:resource='http://www.daml.org/2001/12/factbook/environmentalAgreements#Biodiversity'/>
    <NS0:environmentalAgreementPartyTo rdf:resource='http://www.daml.org/2001/12/factbook/environmentalAgreements#Climate_Change'/>
    <NS0:environmentalAgreementPartyTo rdf:resource='http://www.daml.org/2001/12/factbook/environmentalAgreements#Desertification'/>
    <NS0:environmentalAgreementPartyTo rdf:resource='http://www.daml.org/2001/12/factbook/environmentalAgreements#Endangered_Species'/>
    <NS0:environmentalAgreementPartyTo rdf:resource='http://www.daml.org/2001/12/factbook/environmentalAgreements#Hazardous_Wastes'/>
    <NS0:environmentalAgreementPartyTo rdf:resource='http://www.daml.org/2001/12/factbook/environmentalAgreements#Nuclear_Test_Ban'/>
    <NS0:environmentalAgreementPartyTo rdf:resource='http://www.daml.org/2001/12/factbook/environmentalAgreements#Ozone_Layer_Protection'/>
    <NS0:environmentalAgreementPartyTo rdf:resource='http://www.daml.org/2001/12/factbook/environmentalAgreements#Ship_Pollution'/>
    <NS0:environmentalAgreementPartyTo rdf:resource='http://www.daml.org/2001/12/factbook/environmentalAgreements#Wetlands'/>
    <NS0:environmentalAgreementSigned rdf:resource='http://www.daml.org/2001/12/factbook/environmentalAgreements#Climate_Change-Kyoto_Protocol'/>
    <NS0:environmentalAgreementSigned rdf:resource='http://www.daml.org/2001/12/factbook/environmentalAgreements#Marine_Life_Conservation'/>
    <NS0:population rdf:ID='A50556'>5938093</NS0:population>
    <NS0:populationGrowthRate rdf:ID='A50559'>1.58</NS0:populationGrowthRate>
    <NS0:birthRate rdf:ID='A50562'>19.12</NS0:birthRate>
    <NS0:deathRate rdf:ID='A50565'>6.22</NS0:deathRate>
    <NS0:netMigrationRate rdf:ID='A50568'>2.85</NS0:netMigrationRate>
    <NS0:sexRatio rdf:resource='#A50571'/>
    <NS0:sexRatio rdf:resource='#A50577'/>
    <NS0:sexRatio rdf:resource='#A50583'/>
    <NS0:sexRatio rdf:resource='#A50589'/>
    <NS0:sexRatio rdf:ID='A50597' rdf:resource='#A50594'/>
    <NS0:infantMortalityRate rdf:ID='A50600'>7.72</NS0:infantMortalityRate>
    <NS0:totalFertilityRate rdf:ID='A50603'>2.57</NS0:totalFertilityRate>
    <NS0:nationalityNoun>Israeli(s)</NS0:nationalityNoun>
    <NS0:nationalityAdjective>Israeli</NS0:nationalityAdjective>
    <NS0:ethnicGroup rdf:ID='A50612' rdf:resource='#A50608'/>
    <NS0:ethnicGroup rdf:ID='A50617' rdf:resource='#A50614'/>
    <NS0:religion rdf:resource='#A50619'/>
    <NS0:religion rdf:ID='A50628' rdf:resource='#A50624'/>
    <NS0:religion rdf:resource='#A50630'/>
    <NS0:religion rdf:ID='A50639' rdf:resource='#A50635'/>
    <NS0:language rdf:ID='A50645' rdf:resource='#A50642'/>
    <NS0:language rdf:resource='#A50647'/>
    <NS0:language rdf:resource='#A50651'/>
    <NS0:literacyDefinition>age 15 and over can read and write</NS0:literacyDefinition>
    <NS0:literacyTotal>95</NS0:literacyTotal>
    <NS0:literacyMale>97</NS0:literacyMale>
    <NS0:literacyFemale rdf:ID='A50658'>93</NS0:literacyFemale>
    <NS0:conventionalLongCountryName>State of Israel</NS0:conventionalLongCountryName>
    <NS0:conventionalShortCountryName>Israel</NS0:conventionalShortCountryName>
    <NS0:localLongCountryName>Medinat Yisra&apos;el</NS0:localLongCountryName>
    <NS0:localShortCountryName>Yisra&apos;el</NS0:localShortCountryName>
    <NS0:governmentType rdf:resource='http://www.daml.org/2001/12/factbook/governmentTypes#parliamentary_democracy'/>
    <NS0:capital rdf:ID='A50669' rdf:resource='#A50666'/>
    <NS0:administrativeDivision rdf:resource='#A50674'/>
    <NS0:administrativeDivision rdf:resource='#A50678'/>
    <NS0:administrativeDivision rdf:resource='#A50682'/>
    <NS0:administrativeDivision rdf:resource='#A50686'/>
    <NS0:administrativeDivision rdf:resource='#A50690'/>
    <NS0:administrativeDivision rdf:resource='#A50694'/>
    <NS0:independence>14 May 1948 (from League of Nations mandate under British administration)</NS0:independence>
    <NS0:constitution>no formal constitution; some of the functions of a constitution are filled by the Declaration of Establishment (1948), the Basic Laws of the parliament (Knesset), and the Israeli citizenship law</NS0:constitution>
    <NS0:legalSystem>mixture of English common law, British Mandate regulations, and, in personal matters, Jewish, Christian, and Muslim legal systems; in December 1985, Israel informed the UN Secretariat that it would no longer accept compulsory ICJ jurisdiction</NS0:legalSystem>
    <NS0:suffrage>18 years of age; universal</NS0:suffrage>
    <NS0:participatesIn rdf:resource='http://www.daml.org/2001/12/factbook/internationalOrganizations#BSEC'/>
    <NS0:participatesIn rdf:resource='http://www.daml.org/2001/12/factbook/internationalOrganizations#CCC'/>
    <NS0:participatesIn rdf:resource='http://www.daml.org/2001/12/factbook/internationalOrganizations#CE'/>
    <NS0:participatesIn rdf:resource='http://www.daml.org/2001/12/factbook/internationalOrganizations#CERN'/>
    <NS0:participatesIn rdf:resource='http://www.daml.org/2001/12/factbook/internationalOrganizations#EBRD'/>
    <NS0:participatesIn rdf:resource='http://www.daml.org/2001/12/factbook/internationalOrganizations#ECE'/>
    <NS0:participatesIn rdf:resource='http://www.daml.org/2001/12/factbook/internationalOrganizations#FAO'/>
    <NS0:participatesIn rdf:resource='http://www.daml.org/2001/12/factbook/internationalOrganizations#IADB'/>
    <NS0:participatesIn rdf:resource='http://www.daml.org/2001/12/factbook/internationalOrganizations#IAEA'/>
    <NS0:participatesIn rdf:resource='http://www.daml.org/2001/12/factbook/internationalOrganizations#IBRD'/>
    <NS0:participatesIn rdf:resource='http://www.daml.org/2001/12/factbook/internationalOrganizations#ICAO'/>
    <NS0:participatesIn rdf:resource='http://www.daml.org/2001/12/factbook/internationalOrganizations#ICC'/>
    <NS0:participatesIn rdf:resource='http://www.daml.org/2001/12/factbook/internationalOrganizations#ICFTU'/>
    <NS0:participatesIn rdf:resource='http://www.daml.org/2001/12/factbook/internationalOrganizations#IDA'/>
    <NS0:participatesIn rdf:resource='http://www.daml.org/2001/12/factbook/internationalOrganizations#IFAD'/>
    <NS0:participatesIn rdf:resource='http://www.daml.org/2001/12/factbook/internationalOrganizations#IFC'/>
    <NS0:participatesIn rdf:resource='http://www.daml.org/2001/12/factbook/internationalOrganizations#ILO'/>
    <NS0:participatesIn rdf:resource='http://www.daml.org/2001/12/factbook/internationalOrganizations#IMF'/>
    <NS0:participatesIn rdf:resource='http://www.daml.org/2001/12/factbook/internationalOrganizations#IMO'/>
    <NS0:participatesIn rdf:resource='http://www.daml.org/2001/12/factbook/internationalOrganizations#Inmarsat'/>
    <NS0:participatesIn rdf:resource='http://www.daml.org/2001/12/factbook/internationalOrganizations#Intelsat'/>
    <NS0:participatesIn rdf:resource='http://www.daml.org/2001/12/factbook/internationalOrganizations#Interpol'/>
    <NS0:participatesIn rdf:resource='http://www.daml.org/2001/12/factbook/internationalOrganizations#IOC'/>
    <NS0:participatesIn rdf:resource='http://www.daml.org/2001/12/factbook/internationalOrganizations#IOM'/>
    <NS0:participatesIn rdf:resource='http://www.daml.org/2001/12/factbook/internationalOrganizations#ISO'/>
    <NS0:participatesIn rdf:resource='http://www.daml.org/2001/12/factbook/internationalOrganizations#ITU'/>
    <NS0:participatesIn rdf:resource='http://www.daml.org/2001/12/factbook/internationalOrganizations#OAS'/>
    <NS0:participatesIn rdf:resource='http://www.daml.org/2001/12/factbook/internationalOrganizations#OPCW'/>
    <NS0:participatesIn rdf:resource='http://www.daml.org/2001/12/factbook/internationalOrganizations#OSCE'/>
    <NS0:participatesIn rdf:resource='http://www.daml.org/2001/12/factbook/internationalOrganizations#PCA'/>
    <NS0:participatesIn rdf:resource='http://www.daml.org/2001/12/factbook/internationalOrganizations#UN'/>
    <NS0:participatesIn rdf:resource='http://www.daml.org/2001/12/factbook/internationalOrganizations#UNCTAD'/>
    <NS0:participatesIn rdf:resource='http://www.daml.org/2001/12/factbook/internationalOrganizations#UNESCO'/>
    <NS0:participatesIn rdf:resource='http://www.daml.org/2001/12/factbook/internationalOrganizations#UNHCR'/>
    <NS0:participatesIn rdf:resource='http://www.daml.org/2001/12/factbook/internationalOrganizations#UNIDO'/>
    <NS0:participatesIn rdf:resource='http://www.daml.org/2001/12/factbook/internationalOrganizations#UPU'/>
    <NS0:participatesIn rdf:resource='http://www.daml.org/2001/12/factbook/internationalOrganizations#WHO'/>
    <NS0:participatesIn rdf:resource='http://www.daml.org/2001/12/factbook/internationalOrganizations#WIPO'/>
    <NS0:participatesIn rdf:resource='http://www.daml.org/2001/12/factbook/internationalOrganizations#WMO'/>
    <NS0:participatesIn rdf:resource='http://www.daml.org/2001/12/factbook/internationalOrganizations#WToO'/>
    <NS0:participatesIn rdf:resource='http://www.daml.org/2001/12/factbook/internationalOrganizations#WTrO'/>
    <NS0:flagDescription>white with a blue hexagram (six-pointed linear star) known as the Magen David (Shield of David) centered between two equal horizontal blue bands near the top and bottom edges of the flag</NS0:flagDescription>
    <NS0:economyOverview>Israel has a technologically advanced market economy with substantial government participation. It depends on imports of crude oil, grains, raw materials, and military equipment. Despite limited natural resources, Israel has intensively developed its agricultural and industrial sectors over the past 20 years. Israel is largely self-sufficient in food production except for grains. Cuts diamonds, high-technology equipment, and agricultural products (fruits and vegetables) are the leading exports. Israel usually posts sizable current account deficits, which are covered by large transfer payments from abroad and by foreign loans. Roughly half of the government&apos;s external debt is owed to the US, which is its major source of economic and military aid. The influx of Jewish immigrants from the former USSR topped 750,000 during the period 1989-99, bringing the population of Israel from the former Soviet Union to 1 million, one-sixth of the total population, and adding scientific and professional expertise of substantial value for the economy&apos;s future. The influx, coupled with the opening of new markets at the end of the Cold War, energized Israel&apos;s economy, which grew rapidly in the early 1990s. But growth began moderating in 1996 when the government imposed tighter fiscal and monetary policies and the immigration bonus petered out. Growth was a strong 5.9% in 2000. But the outbreak of Palestinian unrest in late September and the collapse of the BARAK Government - coupled with a cooling off in the high-technology and tourist sectors - undercut the boom and foreshadows a slowdown to 2%-3% in 2001.</NS0:economyOverview>
    <NS0:grossDomesticProduct rdf:ID='A50745'>110200000000</NS0:grossDomesticProduct>
    <NS0:grossDomesticProductRealGrowth rdf:ID='A50748'>5.9</NS0:grossDomesticProductRealGrowth>
    <NS0:grossDomesticProductPerCapita rdf:ID='A50751'>18900</NS0:grossDomesticProductPerCapita>
    <NS0:grossDomesticProductAgriculture>4</NS0:grossDomesticProductAgriculture>
    <NS0:grossDomesticProductIndustry>37</NS0:grossDomesticProductIndustry>
    <NS0:grossDomesticProductServices rdf:ID='A50756'>59</NS0:grossDomesticProductServices>
    <NS0:householdIncomeLowest10Percent>2.8</NS0:householdIncomeLowest10Percent>
    <NS0:householdIncomeHighest10Percent rdf:ID='A50760'>26.9</NS0:householdIncomeHighest10Percent>
    <NS0:inflationRate rdf:ID='A50762'>0.1</NS0:inflationRate>
    <NS0:laborForce rdf:ID='A50765'>2400000</NS0:laborForce>
    <NS0:occupation rdf:resource='#A50768'/>
    <NS0:occupation rdf:resource='#A50773'/>
    <NS0:occupation rdf:resource='#A50778'/>
    <NS0:occupation rdf:resource='#A50783'/>
    <NS0:occupation rdf:resource='#A50788'/>
    <NS0:occupation rdf:resource='#A50793'/>
    <NS0:occupation rdf:resource='#A50798'/>
    <NS0:occupation rdf:resource='#A50802'/>
    <NS0:occupation rdf:resource='#A50806'/>
    <NS0:occupation rdf:resource='#A50811'/>
    <NS0:occupation rdf:resource='#A50815'/>
    <NS0:occupation rdf:ID='A50823' rdf:resource='#A50819'/>
    <NS0:unemploymentRate rdf:ID='A50825'>9</NS0:unemploymentRate>
    <NS0:budgetRevenues>40000000000</NS0:budgetRevenues>
    <NS0:budgetExpenditures>42400000000</NS0:budgetExpenditures>
    <NS0:industry rdf:resource='http://www.daml.org/2001/12/factbook/industries#high-technology_projects'/>
    <NS0:industry rdf:resource='http://www.daml.org/2001/12/factbook/industries#wood_and_paper_products'/>
    <NS0:industry rdf:resource='http://www.daml.org/2001/12/factbook/industries#potash_and_phosphates'/>
    <NS0:industry rdf:resource='http://www.daml.org/2001/12/factbook/industries#food'/>
    <NS0:industry rdf:resource='http://www.daml.org/2001/12/factbook/industries#beverages'/>
    <NS0:industry rdf:resource='http://www.daml.org/2001/12/factbook/industries#and_tobacco'/>
    <NS0:industry rdf:resource='http://www.daml.org/2001/12/factbook/industries#caustic_soda'/>
    <NS0:industry rdf:resource='http://www.daml.org/2001/12/factbook/industries#cement'/>
    <NS0:industry rdf:resource='http://www.daml.org/2001/12/factbook/industries#diamond_cutting'/>
    <NS0:industrialProductionGrowthRate rdf:ID='A50839'>7</NS0:industrialProductionGrowthRate>
    <NS0:electricityProduction rdf:ID='A50841'>35437000000</NS0:electricityProduction>
    <NS0:electricityProductionFossilFuel>99.89</NS0:electricityProductionFossilFuel>
    <NS0:electricityProductionHydro>0.11</NS0:electricityProductionHydro>
    <NS0:electricityProductionNuclear>0</NS0:electricityProductionNuclear>
    <NS0:electricityProductionOther rdf:ID='A50846'>0</NS0:electricityProductionOther>
    <NS0:electricityConsumption rdf:ID='A50848'>31899000000</NS0:electricityConsumption>
    <NS0:electricityExports rdf:ID='A50850'>1061000000</NS0:electricityExports>
    <NS0:electricityImports rdf:ID='A50852'>4000000</NS0:electricityImports>
    <NS0:agricultureProduct rdf:resource='http://www.daml.org/2001/12/factbook/agricultureProducts#citrus'/>
    <NS0:agricultureProduct rdf:resource='http://www.daml.org/2001/12/factbook/agricultureProducts#vegetables'/>
    <NS0:agricultureProduct rdf:resource='http://www.daml.org/2001/12/factbook/agricultureProducts#cotton'/>
    <NS0:agricultureProduct rdf:resource='http://www.daml.org/2001/12/factbook/agricultureProducts#beef'/>
    <NS0:agricultureProduct rdf:resource='http://www.daml.org/2001/12/factbook/agricultureProducts#poultry'/>
    <NS0:agricultureProduct rdf:resource='http://www.daml.org/2001/12/factbook/agricultureProducts#dairy_products'/>
    <NS0:exports rdf:ID='A50860'>31500000000</NS0:exports>
    <NS0:exportsCommodity rdf:resource='#A50862'/>
    <NS0:exportsCommodity rdf:resource='#A50866'/>
    <NS0:exportsCommodity rdf:resource='#A50870'/>
    <NS0:exportsCommodity rdf:resource='#A50874'/>
    <NS0:exportsCommodity rdf:resource='#A50878'/>
    <NS0:exportsCommodity rdf:resource='#A50882'/>
    <NS0:imports rdf:ID='A50886'>35100000000</NS0:imports>
    <NS0:importsCommodity rdf:resource='#A50888'/>
    <NS0:importsCommodity rdf:resource='#A50892'/>
    <NS0:importsCommodity rdf:resource='#A50896'/>
    <NS0:importsCommodity rdf:resource='#A50900'/>
    <NS0:importsCommodity rdf:resource='#A50904'/>
    <NS0:importsCommodity rdf:resource='#A50908'/>
    <NS0:externalDebt rdf:ID='A50912'>38000000000</NS0:externalDebt>
    <NS0:currency>new Israeli shekel (ILS)</NS0:currency>
    <NS0:currencyCode>ILS</NS0:currencyCode>
    <NS0:fiscalYear>calendar year</NS0:fiscalYear>
    <NS0:mainTelephoneLines rdf:ID='A50918'>2800000</NS0:mainTelephoneLines>
    <NS0:mobileTelephoneLines rdf:ID='A50920'>2500000</NS0:mobileTelephoneLines>
    <NS0:telephoneSystemGeneralAssessment>most highly developed system in the Middle East although not the largest</NS0:telephoneSystemGeneralAssessment>
    <NS0:telephoneSystemDomestic>good system of coaxial cable and microwave radio relay; all systems are digital</NS0:telephoneSystemDomestic>
    <NS0:telephoneSystemInternational>3 submarine cables; satellite earth stations - 3 Intelsat (2 Atlantic Ocean and 1 Indian Ocean)</NS0:telephoneSystemInternational>
    <NS0:radios rdf:ID='A50925'>3070000</NS0:radios>
    <NS0:televisions rdf:ID='A50927'>1690000</NS0:televisions>
    <NS0:internetCountryCode>.il</NS0:internetCountryCode>
    <NS0:internetServiceProviders rdf:ID='A50930'>21</NS0:internetServiceProviders>
    <NS0:internetUsers rdf:ID='A50932'>1000000</NS0:internetUsers>
    <NS0:railwaysTotal>610</NS0:railwaysTotal>
    <NS0:highwaysTotal>15965</NS0:highwaysTotal>
    <NS0:highwaysPaved rdf:ID='A50936'>15965</NS0:highwaysPaved>
    <NS0:highwaysUnpaved rdf:ID='A50938'>0</NS0:highwaysUnpaved>
    <NS0:port rdf:resource='#A50941'/>
    <NS0:port rdf:resource='#A50945'/>
    <NS0:port rdf:resource='#A50949'/>
    <NS0:port rdf:resource='#A50953'/>
    <NS0:port rdf:resource='#A50957'/>
    <NS0:port rdf:resource='#A50961'/>
    <NS0:airports rdf:ID='A50965'>55</NS0:airports>
    <NS0:airportBreakdown rdf:resource='#A50968'/>
    <NS0:airportBreakdown rdf:resource='#A50974'/>
    <NS0:airportBreakdown rdf:resource='#A50981'/>
    <NS0:airportBreakdown rdf:resource='#A50988'/>
    <NS0:airportBreakdown rdf:resource='#A50995'/>
    <NS0:airportBreakdown rdf:resource='#A51001'/>
    <NS0:airportBreakdown rdf:resource='#A51008'/>
    <NS0:airportBreakdown rdf:resource='#A51015'/>
    <NS0:heliports rdf:ID='A51021'>2</NS0:heliports>
    <NS0:militaryAge>18</NS0:militaryAge>
    <NS0:malesOfMilitaryAge>1522003</NS0:malesOfMilitaryAge>
    <NS0:femalesOfMilitaryAge rdf:ID='A51026'>1482027</NS0:femalesOfMilitaryAge>
    <NS0:malesFitForMilitaryService>1245757</NS0:malesFitForMilitaryService>
    <NS0:femalesFitForMilitaryService rdf:ID='A51030'>1208973</NS0:femalesFitForMilitaryService>
    <NS0:malesReachingMilitaryAgeAnnually>49206</NS0:malesReachingMilitaryAgeAnnually>
    <NS0:femalesReachingMilitaryAgeAnnually rdf:ID='A51034'>53379</NS0:femalesReachingMilitaryAgeAnnually>
    <NS0:militaryExpenditures rdf:ID='A51037'>8700000000</NS0:militaryExpenditures>
    <NS0:militaryExpendituresPercentGDP rdf:ID='A51039'>9.4</NS0:militaryExpendituresPercentGDP>
    <NS0:internationalDispute>West Bank and Gaza Strip are Israeli-occupied with current status subject to the Israeli-Palestinian Interim Agreement - permanent status to be determined through further negotiation</NS0:internationalDispute>
    <NS0:internationalDispute>Golan Heights is Israeli-occupied</NS0:internationalDispute>
    <NS0:illicitDrugs>increasingly concerned about cocaine and heroin abuse</NS0:illicitDrugs>
    <NS0:illicitDrugs>drugs arrive in country from Lebanon and increasingly Jordan</NS0:illicitDrugs>
    <NS0:smallFlag>http://www.cia.gov/cia/publications/factbook/flags/is-flag.jpg</NS0:smallFlag>
    <NS0:largeFlag>http://www.cia.gov/cia/publications/factbook/flags/is-lgflag.jpg</NS0:largeFlag>
    <NS0:map>http://www.cia.gov/cia/publications/factbook/maps/is-map.jpg</NS0:map>
    <NS0:border rdf:resource='#A124667'/>
    <NS0:border rdf:resource='#A124672'/>
    <NS0:border rdf:resource='#A124677'/>
    <NS0:border rdf:resource='#A124682'/>
    <NS0:border rdf:resource='#A124687'/>
    <NS0:border rdf:resource='#A124692'/>
    <NS0:exportPartner rdf:resource='#A124697'/>
    <NS0:exportPartner rdf:resource='#A124702'/>
    <NS0:exportPartner rdf:resource='#A124707'/>
    <NS0:exportPartner rdf:ID='A124716' rdf:resource='#A124712'/>
    <NS0:importPartner rdf:resource='#A124718'/>
    <NS0:importPartner rdf:resource='#A124723'/>
    <NS0:importPartner rdf:resource='#A124728'/>
    <NS0:importPartner rdf:resource='#A124733'/>
    <NS0:importPartner rdf:ID='A124742' rdf:resource='#A124738'/>
  </rdf:Description>
  <rdf:Description rdf:about='#A50945'>
    <rdf:type rdf:resource='http://www.daml.org/2001/12/factbook/factbook-ont#Port'/>
    <NS0:name>Ashqelon</NS0:name>
  </rdf:Description>
  <rdf:Description rdf:about='#A50941'>
    <rdf:type rdf:resource='http://www.daml.org/2001/12/factbook/factbook-ont#Port'/>
    <NS0:name>Ashdod</NS0:name>
  </rdf:Description>
  <rdf:Description rdf:about='#A124667'>
    <rdf:type rdf:resource='http://www.daml.org/2001/12/factbook/factbook-ont#Border'/>
    <NS0:country rdf:resource='http://www.daml.org/2001/09/countries/fips#EG'/>
    <NS0:distance>255</NS0:distance>
  </rdf:Description>
  <rdf:Description rdf:about='#A50925'>
    <NS0:year>1997</NS0:year>
  </rdf:Description>
  <rdf:Description rdf:about='#A50936'>
    <NS0:note>including 56 km of expressways</NS0:note>
  </rdf:Description>
  <rdf:Description rdf:about='#A50927'>
    <NS0:year>1997</NS0:year>
  </rdf:Description>
  <rdf:Description rdf:about='#A124742'>
    <NS0:note>1999</NS0:note>
  </rdf:Description>
  <rdf:Description rdf:about='#A50965'>
    <rdf:type rdf:resource='http://www.daml.org/2001/12/factbook/factbook-ont#Estimate'/>
    <NS0:year>2000</NS0:year>
  </rdf:Description>
  <rdf:Description rdf:about='#A50748'>
    <rdf:type rdf:resource='http://www.daml.org/2001/12/factbook/factbook-ont#Estimate'/>
    <NS0:year>2000</NS0:year>
  </rdf:Description>
  <rdf:Description rdf:about='#A50628'>
    <NS0:note>mostly Sunni Muslim</NS0:note>
  </rdf:Description>
  <rdf:Description rdf:about='#A50639'>
    <rdf:type rdf:resource='http://www.daml.org/2001/12/factbook/factbook-ont#Estimate'/>
    <NS0:year>1996</NS0:year>
  </rdf:Description>
  <rdf:Description rdf:about='#A50751'>
    <rdf:type rdf:resource='http://www.daml.org/2001/12/factbook/factbook-ont#Estimate'/>
    <NS0:year>2000</NS0:year>
  </rdf:Description>
  <rdf:Description rdf:about='#A50559'>
    <rdf:type rdf:resource='http://www.daml.org/2001/12/factbook/factbook-ont#Estimate'/>
    <NS0:year>2001</NS0:year>
  </rdf:Description>
  <rdf:Description rdf:about='#A51026'>
    <rdf:type rdf:resource='http://www.daml.org/2001/12/factbook/factbook-ont#Estimate'/>
    <NS0:year>2001</NS0:year>
  </rdf:Description>
  <rdf:Description rdf:about='#A50908'>
    <rdf:type rdf:resource='http://www.daml.org/2001/12/factbook/factbook-ont#CommodityPercent'/>
    <NS0:importsCommodity rdf:resource='http://www.daml.org/2001/12/factbook/commodities#consumer_goods'/>
  </rdf:Description>
  <rdf:Description rdf:about='#A50846'>
    <NS0:year>1999</NS0:year>
  </rdf:Description>
  <rdf:Description rdf:about='#A50904'>
    <rdf:type rdf:resource='http://www.daml.org/2001/12/factbook/factbook-ont#CommodityPercent'/>
    <NS0:importsCommodity rdf:resource='http://www.daml.org/2001/12/factbook/commodities#fuels'/>
  </rdf:Description>
  <rdf:Description rdf:about='#A50669'>
    <NS0:note>note - Israel proclaimed Jerusalem as its capital in 1950, but the US, like nearly all other countries, maintains its Embassy in Tel Aviv</NS0:note>
  </rdf:Description>
  <rdf:Description rdf:about='#A51021'>
    <rdf:type rdf:resource='http://www.daml.org/2001/12/factbook/factbook-ont#Estimate'/>
    <NS0:year>2000</NS0:year>
  </rdf:Description>
  <rdf:Description rdf:about='#A50886'>
    <NS0:note>f.o.b., 2000</NS0:note>
  </rdf:Description>
  <rdf:Description rdf:about='#A50760'>
    <NS0:year>1992</NS0:year>
  </rdf:Description>
  <rdf:Description rdf:about='#A50900'>
    <rdf:type rdf:resource='http://www.daml.org/2001/12/factbook/factbook-ont#CommodityPercent'/>
    <NS0:importsCommodity rdf:resource='http://www.daml.org/2001/12/factbook/commodities#rough_diamonds'/>
  </rdf:Description>
  <rdf:Description rdf:about='#District'>
    <rdf:type rdf:resource='http://www.w3.org/2000/01/rdf-schema#Class'/>
    <rdfs:subClassOf rdf:resource='http://www.daml.org/2001/12/factbook/factbook-ont#AdministrativeDivision'/>
    <rdfs:label>District</rdfs:label>
  </rdf:Description>
  <rdf:Description rdf:about='#A50515'>
    <rdf:type rdf:resource='http://www.daml.org/2001/12/factbook/factbook-ont#ElevationExtreme'/>
    <NS0:name>Har Meron</NS0:name>
    <NS0:elevation>1208</NS0:elevation>
  </rdf:Description>
  <rdf:Description rdf:about='#A50896'>
    <rdf:type rdf:resource='http://www.daml.org/2001/12/factbook/factbook-ont#CommodityPercent'/>
    <NS0:importsCommodity rdf:resource='http://www.daml.org/2001/12/factbook/commodities#investment_goods'/>
  </rdf:Description>
  <rdf:Description rdf:about='#A50892'>
    <rdf:type rdf:resource='http://www.daml.org/2001/12/factbook/factbook-ont#CommodityPercent'/>
    <NS0:importsCommodity rdf:resource='http://www.daml.org/2001/12/factbook/commodities#military_equipment'/>
  </rdf:Description>
  <rdf:Description rdf:about='#A50510'>
    <rdf:type rdf:resource='http://www.daml.org/2001/12/factbook/factbook-ont#ElevationExtreme'/>
    <NS0:name>Dead Sea</NS0:name>
    <NS0:elevation>-408</NS0:elevation>
  </rdf:Description>
  <rdf:Description rdf:about='#A51037'>
    <NS0:note>FY99</NS0:note>
  </rdf:Description>
  <rdf:Description rdf:about='#A50888'>
    <rdf:type rdf:resource='http://www.daml.org/2001/12/factbook/factbook-ont#CommodityPercent'/>
    <NS0:importsCommodity rdf:resource='http://www.daml.org/2001/12/factbook/commodities#raw_materials'/>
  </rdf:Description>
  <rdf:Description rdf:about='#A50568'>
    <rdf:type rdf:resource='http://www.daml.org/2001/12/factbook/factbook-ont#Estimate'/>
    <NS0:year>2001</NS0:year>
  </rdf:Description>
  <rdf:Description rdf:about='#A124716'>
    <NS0:note>1999</NS0:note>
  </rdf:Description>
  <rdf:Description rdf:about='#A50694'>
    <rdf:type rdf:resource='#District'/>
    <NS0:name>Tel Aviv</NS0:name>
  </rdf:Description>
  <rdf:Description rdf:about='#A50756'>
    <rdf:type rdf:resource='http://www.daml.org/2001/12/factbook/factbook-ont#Estimate'/>
    <NS0:year>1999</NS0:year>
  </rdf:Description>
  <rdf:Description rdf:about='#A50848'>
    <NS0:year>1999</NS0:year>
  </rdf:Description>
  <rdf:Description rdf:about='#A50882'>
    <rdf:type rdf:resource='http://www.daml.org/2001/12/factbook/factbook-ont#CommodityPercent'/>
    <NS0:exportsCommodity rdf:resource='http://www.daml.org/2001/12/factbook/commodities#textiles_and_apparel'/>
  </rdf:Description>
  <rdf:Description rdf:about='#A50690'>
    <rdf:type rdf:resource='#District'/>
    <NS0:name>Southern</NS0:name>
  </rdf:Description>
  <rdf:Description rdf:about='#A50878'>
    <rdf:type rdf:resource='http://www.daml.org/2001/12/factbook/factbook-ont#CommodityPercent'/>
    <NS0:exportsCommodity rdf:resource='http://www.daml.org/2001/12/factbook/commodities#chemicals'/>
  </rdf:Description>
  <rdf:Description rdf:about='#A50839'>
    <NS0:year>2000</NS0:year>
  </rdf:Description>
  <rdf:Description rdf:about='#A50495'>
    <rdf:type rdf:resource='http://www.daml.org/2001/12/factbook/factbook-ont#LatLon'/>
    <NS0:latitude>31.5</NS0:latitude>
    <NS0:longitude>34.75</NS0:longitude>
  </rdf:Description>
  <rdf:Description rdf:about='#A50686'>
    <rdf:type rdf:resource='#District'/>
    <NS0:name>Northern</NS0:name>
  </rdf:Description>
  <rdf:Description rdf:about='#A50874'>
    <rdf:type rdf:resource='http://www.daml.org/2001/12/factbook/factbook-ont#CommodityPercent'/>
    <NS0:exportsCommodity rdf:resource='http://www.daml.org/2001/12/factbook/commodities#agricultural_products'/>
  </rdf:Description>
  <rdf:Description rdf:about='#A50682'>
    <rdf:type rdf:resource='#District'/>
    <NS0:name>Jerusalem</NS0:name>
  </rdf:Description>
  <rdf:Description rdf:about='#A50658'>
    <rdf:type rdf:resource='http://www.daml.org/2001/12/factbook/factbook-ont#Estimate'/>
    <NS0:year>1992</NS0:year>
  </rdf:Description>
  <rdf:Description rdf:about='#A50870'>
    <rdf:type rdf:resource='http://www.daml.org/2001/12/factbook/factbook-ont#CommodityPercent'/>
    <NS0:exportsCommodity rdf:resource='http://www.daml.org/2001/12/factbook/commodities#cut_diamonds'/>
  </rdf:Description>
  <rdf:Description rdf:about='#A50932'>
    <NS0:year>2000</NS0:year>
  </rdf:Description>
  <rdf:Description rdf:about='#A50678'>
    <rdf:type rdf:resource='#District'/>
    <NS0:name>Haifa</NS0:name>
  </rdf:Description>
  <rdf:Description rdf:about='#A50533'>
    <rdf:type rdf:resource='http://www.daml.org/2001/12/factbook/factbook-ont#Estimate'/>
    <NS0:year>1993</NS0:year>
  </rdf:Description>
  <rdf:Description rdf:about='#A51034'>
    <rdf:type rdf:resource='http://www.daml.org/2001/12/factbook/factbook-ont#Estimate'/>
    <NS0:year>2001</NS0:year>
  </rdf:Description>
  <rdf:Description rdf:about='#A50866'>
    <rdf:type rdf:resource='http://www.daml.org/2001/12/factbook/factbook-ont#CommodityPercent'/>
    <NS0:exportsCommodity rdf:resource='http://www.daml.org/2001/12/factbook/commodities#software'/>
  </rdf:Description>
  <rdf:Description rdf:about='#A50674'>
    <rdf:type rdf:resource='#District'/>
    <NS0:name>Central</NS0:name>
  </rdf:Description>
  <rdf:Description rdf:about='#A50852'>
    <NS0:year>1999</NS0:year>
  </rdf:Description>
  <rdf:Description rdf:about='#A50862'>
    <rdf:type rdf:resource='http://www.daml.org/2001/12/factbook/factbook-ont#CommodityPercent'/>
    <NS0:exportsCommodity rdf:resource='http://www.daml.org/2001/12/factbook/commodities#machinery_and_equipment'/>
  </rdf:Description>
  <rdf:Description rdf:about='#A50918'>
    <NS0:year>1999</NS0:year>
  </rdf:Description>
  <rdf:Description rdf:about='#A50666'>
    <rdf:type rdf:resource='http://www.daml.org/2001/12/factbook/factbook-ont#CapitalCity'/>
    <NS0:name>Jerusalem</NS0:name>
  </rdf:Description>
  <rdf:Description rdf:about='#A50762'>
    <rdf:type rdf:resource='http://www.daml.org/2001/12/factbook/factbook-ont#Estimate'/>
    <NS0:year>2000</NS0:year>
  </rdf:Description>
  <rdf:Description rdf:about='#A50645'>
    <NS0:note>official</NS0:note>
  </rdf:Description>
  <rdf:Description rdf:about='#A51039'>
    <NS0:note>FY99</NS0:note>
  </rdf:Description>
  <rdf:Description rdf:about='#A50536'>
    <rdf:type rdf:resource='http://www.daml.org/2001/12/factbook/factbook-ont#Estimate'/>
    <NS0:year>1993</NS0:year>
  </rdf:Description>
  <rdf:Description rdf:about='#A50651'>
    <rdf:type rdf:resource='http://www.daml.org/2001/12/factbook/factbook-ont#LanguagePercent'/>
    <NS0:language rdf:resource='http://www.daml.org/2001/12/factbook/languages#English_most_commonly_used_foreign_language'/>
  </rdf:Description>
  <rdf:Description rdf:about='#A51030'>
    <rdf:type rdf:resource='http://www.daml.org/2001/12/factbook/factbook-ont#Estimate'/>
    <NS0:year>2001</NS0:year>
  </rdf:Description>
  <rdf:Description rdf:about='#A50647'>
    <rdf:type rdf:resource='http://www.daml.org/2001/12/factbook/factbook-ont#LanguagePercent'/>
    <NS0:language rdf:resource='http://www.daml.org/2001/12/factbook/languages#Arabic_used_officially_for_Arab_minority'/>
  </rdf:Description>
  <rdf:Description rdf:about='#A50617'>
    <NS0:note>mostly Arab</NS0:note>
  </rdf:Description>
  <rdf:Description rdf:about='#A50642'>
    <rdf:type rdf:resource='http://www.daml.org/2001/12/factbook/factbook-ont#LanguagePercent'/>
    <NS0:language rdf:resource='http://www.daml.org/2001/12/factbook/languages#Hebrew'/>
  </rdf:Description>
  <rdf:Description rdf:about='#A50612'>
    <NS0:note>Europe/America-born 32.1%, Israel-born 20.8%, Africa-born 14.6%, Asia-born 12.6%</NS0:note>
  </rdf:Description>
  <rdf:Description rdf:about='#A50850'>
    <NS0:year>1999</NS0:year>
  </rdf:Description>
  <rdf:Description rdf:about='#A50920'>
    <NS0:year>1999</NS0:year>
  </rdf:Description>
  <rdf:Description rdf:about='#A50635'>
    <rdf:type rdf:resource='http://www.daml.org/2001/12/factbook/factbook-ont#ReligionPercent'/>
    <NS0:religion rdf:resource='http://www.daml.org/2001/12/factbook/religions#other'/>
    <NS0:percent>3.2</NS0:percent>
  </rdf:Description>
  <rdf:Description rdf:about='#A51015'>
    <rdf:type rdf:resource='http://www.daml.org/2001/12/factbook/factbook-ont#AirportBreakdown'/>
    <NS0:paved>false</NS0:paved>
    <NS0:maxRunway>913</NS0:maxRunway>
    <NS0:count>20 (2000 est.)</NS0:count>
  </rdf:Description>
  <rdf:Description rdf:about='#A50562'>
    <rdf:type rdf:resource='http://www.daml.org/2001/12/factbook/factbook-ont#Estimate'/>
    <NS0:year>2001</NS0:year>
  </rdf:Description>
  <rdf:Description rdf:about='#A50565'>
    <rdf:type rdf:resource='http://www.daml.org/2001/12/factbook/factbook-ont#Estimate'/>
    <NS0:year>2001</NS0:year>
  </rdf:Description>
  <rdf:Description rdf:about='#A124738'>
    <rdf:type rdf:resource='http://www.daml.org/2001/12/factbook/factbook-ont#CountryPercent'/>
    <NS0:country rdf:resource='http://www.daml.org/2001/09/countries/fips#IT'/>
    <NS0:percent>5</NS0:percent>
  </rdf:Description>
  <rdf:Description rdf:about='#A50630'>
    <rdf:type rdf:resource='http://www.daml.org/2001/12/factbook/factbook-ont#ReligionPercent'/>
    <NS0:religion rdf:resource='http://www.daml.org/2001/12/factbook/religions#Christian'/>
    <NS0:percent>2.1</NS0:percent>
  </rdf:Description>
  <rdf:Description rdf:about='#A50819'>
    <rdf:type rdf:resource='http://www.daml.org/2001/12/factbook/factbook-ont#OccupationPercent'/>
    <NS0:occupation rdf:resource='http://www.daml.org/2001/12/factbook/occupations#fishing'/>
    <NS0:percent>2.6</NS0:percent>
  </rdf:Description>
  <rdf:Description rdf:about='#A51008'>
    <rdf:type rdf:resource='http://www.daml.org/2001/12/factbook/factbook-ont#AirportBreakdown'/>
    <NS0:paved>false</NS0:paved>
    <NS0:minRunway>914</NS0:minRunway>
    <NS0:maxRunway>1523</NS0:maxRunway>
    <NS0:count>4</NS0:count>
  </rdf:Description>
  <rdf:Description rdf:about='#A124733'>
    <rdf:type rdf:resource='http://www.daml.org/2001/12/factbook/factbook-ont#CountryPercent'/>
    <NS0:country rdf:resource='http://www.daml.org/2001/09/countries/fips#SZ'/>
    <NS0:percent>6</NS0:percent>
  </rdf:Description>
  <rdf:Description rdf:about='#A50815'>
    <rdf:type rdf:resource='http://www.daml.org/2001/12/factbook/factbook-ont#OccupationPercent'/>
    <NS0:occupation rdf:resource='http://www.daml.org/2001/12/factbook/occupations#forestry'/>
  </rdf:Description>
  <rdf:Description rdf:about='#A50624'>
    <rdf:type rdf:resource='http://www.daml.org/2001/12/factbook/factbook-ont#ReligionPercent'/>
    <NS0:religion rdf:resource='http://www.daml.org/2001/12/factbook/religions#Muslim'/>
    <NS0:percent>14.6</NS0:percent>
  </rdf:Description>
  <rdf:Description rdf:about='#A50823'>
    <NS0:year>1996</NS0:year>
  </rdf:Description>
  <rdf:Description rdf:about='#A50597'>
    <rdf:type rdf:resource='http://www.daml.org/2001/12/factbook/factbook-ont#Estimate'/>
    <NS0:year>2001</NS0:year>
  </rdf:Description>
  <rdf:Description rdf:about='#A50811'>
    <rdf:type rdf:resource='http://www.daml.org/2001/12/factbook/factbook-ont#OccupationPercent'/>
    <NS0:occupation rdf:resource='http://www.daml.org/2001/12/factbook/occupations#agriculture'/>
  </rdf:Description>
  <rdf:Description rdf:about='#A124728'>
    <rdf:type rdf:resource='http://www.daml.org/2001/12/factbook/factbook-ont#CountryPercent'/>
    <NS0:country rdf:resource='http://www.daml.org/2001/09/countries/fips#UK'/>
    <NS0:percent>8</NS0:percent>
  </rdf:Description>
  <rdf:Description rdf:about='#A50619'>
    <rdf:type rdf:resource='http://www.daml.org/2001/12/factbook/factbook-ont#ReligionPercent'/>
    <NS0:religion rdf:resource='http://www.daml.org/2001/12/factbook/religions#Jewish'/>
    <NS0:percent>80.1</NS0:percent>
  </rdf:Description>
  <rdf:Description rdf:about='#A51001'>
    <rdf:type rdf:resource='http://www.daml.org/2001/12/factbook/factbook-ont#AirportBreakdown'/>
    <NS0:paved>false</NS0:paved>
    <NS0:minRunway>1524</NS0:minRunway>
    <NS0:maxRunway>2437</NS0:maxRunway>
    <NS0:count>1</NS0:count>
  </rdf:Description>
  <rdf:Description rdf:about='#A50600'>
    <rdf:type rdf:resource='http://www.daml.org/2001/12/factbook/factbook-ont#Estimate'/>
    <NS0:year>2001</NS0:year>
  </rdf:Description>
  <rdf:Description rdf:about='#A50806'>
    <rdf:type rdf:resource='http://www.daml.org/2001/12/factbook/factbook-ont#OccupationPercent'/>
    <NS0:occupation rdf:resource='http://www.daml.org/2001/12/factbook/occupations#communications'/>
    <NS0:percent>6.2</NS0:percent>
  </rdf:Description>
  <rdf:Description rdf:about='#A124723'>
    <rdf:type rdf:resource='http://www.daml.org/2001/12/factbook/factbook-ont#CountryPercent'/>
    <NS0:country rdf:resource='http://www.daml.org/2001/09/countries/fips#GM'/>
    <NS0:percent>8</NS0:percent>
  </rdf:Description>
</rdf:RDF>
