<?xml version='1.0' encoding='ISO-8859-1'?>
<rdf:RDF
  xmlns:rdf='http://www.w3.org/1999/02/22-rdf-syntax-ns#'
  xmlns:NS0='http://www.daml.org/2001/12/factbook/factbook-ont#'
  xmlns:rdfs='http://www.w3.org/2000/01/rdf-schema#'
  xml:base="http://www.daml.org/2001/12/factbook/jm">
  <rdf:Description rdf:about='#A54051'>
    <rdf:type rdf:resource='#Parish'/>
    <NS0:name>Saint Andrew</NS0:name>
  </rdf:Description>
  <rdf:Description rdf:about='#A54298'>
    <NS0:year>1997</NS0:year>
  </rdf:Description>
  <rdf:Description rdf:about='#A53905'>
    <rdf:type rdf:resource='http://www.daml.org/2001/12/factbook/factbook-ont#Estimate'/>
    <NS0:note>July 2001</NS0:note>
  </rdf:Description>
  <rdf:Description rdf:about='#A54047'>
    <rdf:type rdf:resource='#Parish'/>
    <NS0:name>Portland</NS0:name>
  </rdf:Description>
  <rdf:Description rdf:about='#A54238'>
    <rdf:type rdf:resource='http://www.daml.org/2001/12/factbook/factbook-ont#CommodityPercent'/>
    <NS0:exportsCommodity rdf:resource='http://www.daml.org/2001/12/factbook/commodities#rum'/>
  </rdf:Description>
  <rdf:Description rdf:about='#A54279'>
    <NS0:year>1996</NS0:year>
  </rdf:Description>
  <rdf:Description rdf:about='#A54234'>
    <rdf:type rdf:resource='http://www.daml.org/2001/12/factbook/factbook-ont#CommodityPercent'/>
    <NS0:exportsCommodity rdf:resource='http://www.daml.org/2001/12/factbook/commodities#bananas'/>
  </rdf:Description>
  <rdf:Description rdf:about='#A54043'>
    <rdf:type rdf:resource='#Parish'/>
    <NS0:name>Manchester</NS0:name>
  </rdf:Description>
  <rdf:Description rdf:about='#A54230'>
    <rdf:type rdf:resource='http://www.daml.org/2001/12/factbook/factbook-ont#CommodityPercent'/>
    <NS0:exportsCommodity rdf:resource='http://www.daml.org/2001/12/factbook/commodities#bauxite;_sugar'/>
  </rdf:Description>
  <rdf:Description rdf:about='#A53848'>
    <rdf:type rdf:resource='http://www.daml.org/2001/12/factbook/factbook-ont#LatLon'/>
    <NS0:latitude>18.25</NS0:latitude>
    <NS0:longitude>-77.5</NS0:longitude>
  </rdf:Description>
  <rdf:Description rdf:about='#A54039'>
    <rdf:type rdf:resource='#Parish'/>
    <NS0:name>Kingston</NS0:name>
  </rdf:Description>
  <rdf:Description rdf:about='#A54210'>
    <NS0:year>1999</NS0:year>
  </rdf:Description>
  <rdf:Description rdf:about='#A54288'>
    <NS0:year>1997</NS0:year>
  </rdf:Description>
  <rdf:Description rdf:about='#A54226'>
    <rdf:type rdf:resource='http://www.daml.org/2001/12/factbook/factbook-ont#CommodityPercent'/>
    <NS0:exportsCommodity rdf:resource='http://www.daml.org/2001/12/factbook/commodities#alumina'/>
  </rdf:Description>
  <rdf:Description rdf:about='#A53908'>
    <rdf:type rdf:resource='http://www.daml.org/2001/12/factbook/factbook-ont#Estimate'/>
    <NS0:year>2001</NS0:year>
  </rdf:Description>
  <rdf:Description rdf:about='#A54035'>
    <rdf:type rdf:resource='#Parish'/>
    <NS0:name>Hanover</NS0:name>
  </rdf:Description>
  <rdf:Description rdf:about='#A53881'>
    <rdf:type rdf:resource='http://www.daml.org/2001/12/factbook/factbook-ont#Estimate'/>
    <NS0:year>1993</NS0:year>
  </rdf:Description>
  <rdf:Description rdf:about='#A54031'>
    <rdf:type rdf:resource='#Parish'/>
    <NS0:name>Clarendon</NS0:name>
  </rdf:Description>
  <rdf:Description rdf:about='#A53946'>
    <rdf:type rdf:resource='http://www.daml.org/2001/12/factbook/factbook-ont#Estimate'/>
    <NS0:year>2001</NS0:year>
  </rdf:Description>
  <rdf:Description rdf:about='#A54385'>
    <rdf:type rdf:resource='http://www.daml.org/2001/12/factbook/factbook-ont#Estimate'/>
    <NS0:note>FY95/96</NS0:note>
  </rdf:Description>
  <rdf:Description rdf:about='#A54293'>
    <NS0:year>2000</NS0:year>
  </rdf:Description>
  <rdf:Description rdf:about='http://www.daml.org/2001/09/countries/fips#JM'>
    <NS0:background>Jamaica gained full independence within the British Commonwealth in 1962. Deteriorating economic conditions during the 1970s led to recurrent violence and a dropoff in tourism. Elections in 1980 saw the democratic socialists voted out of office. Subsequent governments have been open market oriented. Political violence marred elections during the 1990s.</NS0:background>
    <NS0:location>Caribbean, island in the Caribbean Sea, south of Cuba</NS0:location>
    <NS0:geographicCoordinates rdf:resource='#A53848'/>
    <NS0:mapReferences>Central America and the Caribbean</NS0:mapReferences>
    <NS0:totalArea>10990</NS0:totalArea>
    <NS0:landArea>10830</NS0:landArea>
    <NS0:waterArea>160</NS0:waterArea>
    <NS0:comparativeArea>slightly smaller than Connecticut</NS0:comparativeArea>
    <NS0:coastline>1022</NS0:coastline>
    <NS0:contiguousZone>24</NS0:contiguousZone>
    <NS0:exclusiveEconomicZone>200</NS0:exclusiveEconomicZone>
    <NS0:territorialSea>12</NS0:territorialSea>
    <NS0:climate>tropical; hot, humid; temperate interior</NS0:climate>
    <NS0:terrain>mostly mountains, with narrow, discontinuous coastal plain</NS0:terrain>
    <NS0:lowestPoint rdf:resource='#A53864'/>
    <NS0:highestPoint rdf:resource='#A53869'/>
    <NS0:naturalResource rdf:resource='http://www.daml.org/2001/12/factbook/naturalResources#bauxite'/>
    <NS0:naturalResource rdf:resource='http://www.daml.org/2001/12/factbook/naturalResources#gypsum'/>
    <NS0:naturalResource rdf:resource='http://www.daml.org/2001/12/factbook/naturalResources#limestone'/>
    <NS0:arableLand>14</NS0:arableLand>
    <NS0:permanentCrops>6</NS0:permanentCrops>
    <NS0:permanentPastures>24</NS0:permanentPastures>
    <NS0:forestsAndWoodland>17</NS0:forestsAndWoodland>
    <NS0:otherLandUse rdf:ID='A53881'>39</NS0:otherLandUse>
    <NS0:irrigatedLand rdf:ID='A53884'>350</NS0:irrigatedLand>
    <NS0:naturalHazard>hurricanes</NS0:naturalHazard>
    <NS0:environmentalIssue>heavy rates of deforestation</NS0:environmentalIssue>
    <NS0:environmentalIssue>coastal waters polluted by industrial waste, sewage, and oil spills</NS0:environmentalIssue>
    <NS0:environmentalIssue>damage to coral reefs</NS0:environmentalIssue>
    <NS0:environmentalIssue>air pollution in Kingston results from vehicle emissions</NS0:environmentalIssue>
    <NS0:environmentalAgreementPartyTo rdf:resource='http://www.daml.org/2001/12/factbook/environmentalAgreements#Biodiversity'/>
    <NS0:environmentalAgreementPartyTo rdf:resource='http://www.daml.org/2001/12/factbook/environmentalAgreements#Climate_Change'/>
    <NS0:environmentalAgreementPartyTo rdf:resource='http://www.daml.org/2001/12/factbook/environmentalAgreements#Climate_Change-Kyoto_Protocol'/>
    <NS0:environmentalAgreementPartyTo rdf:resource='http://www.daml.org/2001/12/factbook/environmentalAgreements#Desertification'/>
    <NS0:environmentalAgreementPartyTo rdf:resource='http://www.daml.org/2001/12/factbook/environmentalAgreements#Endangered_Species'/>
    <NS0:environmentalAgreementPartyTo rdf:resource='http://www.daml.org/2001/12/factbook/environmentalAgreements#Law_of_the_Sea'/>
    <NS0:environmentalAgreementPartyTo rdf:resource='http://www.daml.org/2001/12/factbook/environmentalAgreements#Marine_Dumping'/>
    <NS0:environmentalAgreementPartyTo rdf:resource='http://www.daml.org/2001/12/factbook/environmentalAgreements#Marine_Life_Conservation'/>
    <NS0:environmentalAgreementPartyTo rdf:resource='http://www.daml.org/2001/12/factbook/environmentalAgreements#Nuclear_Test_Ban'/>
    <NS0:environmentalAgreementPartyTo rdf:resource='http://www.daml.org/2001/12/factbook/environmentalAgreements#Ozone_Layer_Protection'/>
    <NS0:environmentalAgreementPartyTo rdf:resource='http://www.daml.org/2001/12/factbook/environmentalAgreements#Ship_Pollution'/>
    <NS0:environmentalAgreementPartyTo rdf:resource='http://www.daml.org/2001/12/factbook/environmentalAgreements#Wetlands'/>
    <NS0:environmentalAgreementSigned rdf:resource='http://www.daml.org/2001/12/factbook/environmentalAgreements#none_of_the_selected_agreements'/>
    <NS0:population rdf:ID='A53905'>2665636</NS0:population>
    <NS0:populationGrowthRate rdf:ID='A53908'>0.51</NS0:populationGrowthRate>
    <NS0:birthRate rdf:ID='A53911'>18.12</NS0:birthRate>
    <NS0:deathRate rdf:ID='A53914'>5.48</NS0:deathRate>
    <NS0:netMigrationRate rdf:ID='A53917'>-7.52</NS0:netMigrationRate>
    <NS0:sexRatio rdf:resource='#A53920'/>
    <NS0:sexRatio rdf:resource='#A53926'/>
    <NS0:sexRatio rdf:resource='#A53932'/>
    <NS0:sexRatio rdf:resource='#A53938'/>
    <NS0:sexRatio rdf:ID='A53946' rdf:resource='#A53943'/>
    <NS0:infantMortalityRate rdf:ID='A53949'>14.16</NS0:infantMortalityRate>
    <NS0:totalFertilityRate rdf:ID='A53952'>2.08</NS0:totalFertilityRate>
    <NS0:nationalityNoun>Jamaican(s)</NS0:nationalityNoun>
    <NS0:nationalityAdjective>Jamaican</NS0:nationalityAdjective>
    <NS0:ethnicGroup rdf:resource='#A53957'/>
    <NS0:ethnicGroup rdf:resource='#A53962'/>
    <NS0:ethnicGroup rdf:resource='#A53967'/>
    <NS0:ethnicGroup rdf:resource='#A53972'/>
    <NS0:ethnicGroup rdf:resource='#A53977'/>
    <NS0:ethnicGroup rdf:resource='#A53982'/>
    <NS0:religion rdf:ID='A53991' rdf:resource='#A53987'/>
    <NS0:religion rdf:resource='#A53993'/>
    <NS0:religion rdf:resource='#A53998'/>
    <NS0:religion rdf:resource='#A54002'/>
    <NS0:language rdf:resource='#A54007'/>
    <NS0:language rdf:resource='#A54011'/>
    <NS0:literacyDefinition>age 15 and over has ever attended school</NS0:literacyDefinition>
    <NS0:literacyTotal>85</NS0:literacyTotal>
    <NS0:literacyMale>80.8</NS0:literacyMale>
    <NS0:literacyFemale rdf:ID='A54018'>89.1</NS0:literacyFemale>
    <NS0:conventionalLongCountryName>none</NS0:conventionalLongCountryName>
    <NS0:conventionalShortCountryName>Jamaica</NS0:conventionalShortCountryName>
    <NS0:governmentType rdf:resource='http://www.daml.org/2001/12/factbook/governmentTypes#constitutional_parliamentary_democracy'/>
    <NS0:capital rdf:resource='#A54024'/>
    <NS0:administrativeDivision rdf:resource='#A54031'/>
    <NS0:administrativeDivision rdf:resource='#A54035'/>
    <NS0:administrativeDivision rdf:resource='#A54039'/>
    <NS0:administrativeDivision rdf:resource='#A54043'/>
    <NS0:administrativeDivision rdf:resource='#A54047'/>
    <NS0:administrativeDivision rdf:resource='#A54051'/>
    <NS0:administrativeDivision rdf:resource='#A54055'/>
    <NS0:administrativeDivision rdf:resource='#A54059'/>
    <NS0:administrativeDivision rdf:resource='#A54063'/>
    <NS0:administrativeDivision rdf:resource='#A54067'/>
    <NS0:administrativeDivision rdf:resource='#A54071'/>
    <NS0:administrativeDivision rdf:resource='#A54075'/>
    <NS0:administrativeDivision rdf:resource='#A54079'/>
    <NS0:administrativeDivision rdf:resource='#A54083'/>
    <NS0:independence>6 August 1962 (from UK)</NS0:independence>
    <NS0:constitution>6 August 1962</NS0:constitution>
    <NS0:legalSystem>based on English common law; has not accepted compulsory ICJ jurisdiction</NS0:legalSystem>
    <NS0:suffrage>18 years of age; universal</NS0:suffrage>
    <NS0:participatesIn rdf:resource='http://www.daml.org/2001/12/factbook/internationalOrganizations#ACP'/>
    <NS0:participatesIn rdf:resource='http://www.daml.org/2001/12/factbook/internationalOrganizations#C'/>
    <NS0:participatesIn rdf:resource='http://www.daml.org/2001/12/factbook/internationalOrganizations#Caricom'/>
    <NS0:participatesIn rdf:resource='http://www.daml.org/2001/12/factbook/internationalOrganizations#CCC'/>
    <NS0:participatesIn rdf:resource='http://www.daml.org/2001/12/factbook/internationalOrganizations#CDB'/>
    <NS0:participatesIn rdf:resource='http://www.daml.org/2001/12/factbook/internationalOrganizations#ECLAC'/>
    <NS0:participatesIn rdf:resource='http://www.daml.org/2001/12/factbook/internationalOrganizations#FAO'/>
    <NS0:participatesIn rdf:resource='http://www.daml.org/2001/12/factbook/internationalOrganizations#G-15'/>
    <NS0:participatesIn rdf:resource='http://www.daml.org/2001/12/factbook/internationalOrganizations#G-19'/>
    <NS0:participatesIn rdf:resource='http://www.daml.org/2001/12/factbook/internationalOrganizations#G-77'/>
    <NS0:participatesIn rdf:resource='http://www.daml.org/2001/12/factbook/internationalOrganizations#IADB'/>
    <NS0:participatesIn rdf:resource='http://www.daml.org/2001/12/factbook/internationalOrganizations#IAEA'/>
    <NS0:participatesIn rdf:resource='http://www.daml.org/2001/12/factbook/internationalOrganizations#IBRD'/>
    <NS0:participatesIn rdf:resource='http://www.daml.org/2001/12/factbook/internationalOrganizations#ICAO'/>
    <NS0:participatesIn rdf:resource='http://www.daml.org/2001/12/factbook/internationalOrganizations#ICFTU'/>
    <NS0:participatesIn rdf:resource='http://www.daml.org/2001/12/factbook/internationalOrganizations#ICRM'/>
    <NS0:participatesIn rdf:resource='http://www.daml.org/2001/12/factbook/internationalOrganizations#IFAD'/>
    <NS0:participatesIn rdf:resource='http://www.daml.org/2001/12/factbook/internationalOrganizations#IFC'/>
    <NS0:participatesIn rdf:resource='http://www.daml.org/2001/12/factbook/internationalOrganizations#IFRCS'/>
    <NS0:participatesIn rdf:resource='http://www.daml.org/2001/12/factbook/internationalOrganizations#IHO'/>
    <NS0:participatesIn rdf:resource='http://www.daml.org/2001/12/factbook/internationalOrganizations#ILO'/>
    <NS0:participatesIn rdf:resource='http://www.daml.org/2001/12/factbook/internationalOrganizations#IMF'/>
    <NS0:participatesIn rdf:resource='http://www.daml.org/2001/12/factbook/internationalOrganizations#IMO'/>
    <NS0:participatesIn rdf:resource='http://www.daml.org/2001/12/factbook/internationalOrganizations#Intelsat'/>
    <NS0:participatesIn rdf:resource='http://www.daml.org/2001/12/factbook/internationalOrganizations#Interpol'/>
    <NS0:participatesIn rdf:resource='http://www.daml.org/2001/12/factbook/internationalOrganizations#IOC'/>
    <NS0:participatesIn rdf:resource='http://www.daml.org/2001/12/factbook/internationalOrganizations#IOM'/>
    <NS0:participatesIn rdf:resource='http://www.daml.org/2001/12/factbook/internationalOrganizations#ISO'/>
    <NS0:participatesIn rdf:resource='http://www.daml.org/2001/12/factbook/internationalOrganizations#ITU'/>
    <NS0:participatesIn rdf:resource='http://www.daml.org/2001/12/factbook/internationalOrganizations#LAES'/>
    <NS0:participatesIn rdf:resource='http://www.daml.org/2001/12/factbook/internationalOrganizations#NAM'/>
    <NS0:participatesIn rdf:resource='http://www.daml.org/2001/12/factbook/internationalOrganizations#OAS'/>
    <NS0:participatesIn rdf:resource='http://www.daml.org/2001/12/factbook/internationalOrganizations#OPANAL'/>
    <NS0:participatesIn rdf:resource='http://www.daml.org/2001/12/factbook/internationalOrganizations#OPCW'/>
    <NS0:participatesIn rdf:resource='http://www.daml.org/2001/12/factbook/internationalOrganizations#UN'/>
    <NS0:participatesIn rdf:resource='http://www.daml.org/2001/12/factbook/internationalOrganizations#UN_Security_Council'/>
    <NS0:participatesIn rdf:resource='http://www.daml.org/2001/12/factbook/internationalOrganizations#UNCTAD'/>
    <NS0:participatesIn rdf:resource='http://www.daml.org/2001/12/factbook/internationalOrganizations#UNESCO'/>
    <NS0:participatesIn rdf:resource='http://www.daml.org/2001/12/factbook/internationalOrganizations#UNIDO'/>
    <NS0:participatesIn rdf:resource='http://www.daml.org/2001/12/factbook/internationalOrganizations#UPU'/>
    <NS0:participatesIn rdf:resource='http://www.daml.org/2001/12/factbook/internationalOrganizations#WFTU'/>
    <NS0:participatesIn rdf:resource='http://www.daml.org/2001/12/factbook/internationalOrganizations#WHO'/>
    <NS0:participatesIn rdf:resource='http://www.daml.org/2001/12/factbook/internationalOrganizations#WIPO'/>
    <NS0:participatesIn rdf:resource='http://www.daml.org/2001/12/factbook/internationalOrganizations#WMO'/>
    <NS0:participatesIn rdf:resource='http://www.daml.org/2001/12/factbook/internationalOrganizations#WToO'/>
    <NS0:participatesIn rdf:resource='http://www.daml.org/2001/12/factbook/internationalOrganizations#WTrO'/>
    <NS0:flagDescription>diagonal yellow cross divides the flag into four triangles - green (top and bottom) and black (hoist side and outer side)</NS0:flagDescription>
    <NS0:economyOverview>Key sectors in this island economy are bauxite (alumina and bauxite account for more than half of exports) and tourism. Since assuming office in 1992, Prime Minister PATTERSON has eliminated most price controls, streamlined tax schedules, and privatized government enterprises. Continued tight monetary and fiscal policies have helped slow inflation - although inflationary pressures are mounting - and stabilize the exchange rate, but have resulted in the slowdown of economic growth (moving from 1.5% in 1992 to 0.5% in 1995). In 1996, GDP showed negative growth (-1.4%) and remained negative through 1999. Serious problems include: high interest rates; increased foreign competition; the weak financial condition of business in general resulting in receiverships or closures and downsizings of companies; the shift in investment portfolios to non-productive, short-term high yield instruments; a pressured, sometimes sliding, exchange rate; a widening merchandise trade deficit; and a growing internal debt for government bailouts to various ailing sectors of the economy, particularly the financial sector. Depressed economic conditions in 1999-2000 led to increased civil unrest, including a mounting crime rate. Jamaica&apos;s medium-term prospects will depend upon encouraging investment in the productive sectors, maintaining a competitive exchange rate, stabilizing the labor environment, selling off reacquired firms, and implementing proper fiscal and monetary policies.</NS0:economyOverview>
    <NS0:grossDomesticProduct rdf:ID='A54139'>9700000000</NS0:grossDomesticProduct>
    <NS0:grossDomesticProductRealGrowth rdf:ID='A54142'>0.2</NS0:grossDomesticProductRealGrowth>
    <NS0:grossDomesticProductPerCapita rdf:ID='A54145'>3700</NS0:grossDomesticProductPerCapita>
    <NS0:grossDomesticProductAgriculture>7.4</NS0:grossDomesticProductAgriculture>
    <NS0:grossDomesticProductIndustry>35.2</NS0:grossDomesticProductIndustry>
    <NS0:grossDomesticProductServices rdf:ID='A54150'>57.4</NS0:grossDomesticProductServices>
    <NS0:populationBelowPovertyLine rdf:ID='A54153'>34.2</NS0:populationBelowPovertyLine>
    <NS0:householdIncomeLowest10Percent>2.9</NS0:householdIncomeLowest10Percent>
    <NS0:householdIncomeHighest10Percent rdf:ID='A54157'>28.9</NS0:householdIncomeHighest10Percent>
    <NS0:inflationRate rdf:ID='A54159'>8.8</NS0:inflationRate>
    <NS0:laborForce rdf:ID='A54162'>1130000</NS0:laborForce>
    <NS0:occupation rdf:resource='#A54164'/>
    <NS0:occupation rdf:resource='#A54169'/>
    <NS0:occupation rdf:ID='A54178' rdf:resource='#A54174'/>
    <NS0:unemploymentRate rdf:ID='A54180'>16</NS0:unemploymentRate>
    <NS0:budgetRevenues>2230000000</NS0:budgetRevenues>
    <NS0:budgetExpenditures>2560000000</NS0:budgetExpenditures>
    <NS0:budgetCapitalExpenditures rdf:ID='A54185'>232500000</NS0:budgetCapitalExpenditures>
    <NS0:industry rdf:resource='http://www.daml.org/2001/12/factbook/industries#tourism'/>
    <NS0:industry rdf:resource='http://www.daml.org/2001/12/factbook/industries#bauxite'/>
    <NS0:industry rdf:resource='http://www.daml.org/2001/12/factbook/industries#textiles'/>
    <NS0:industry rdf:resource='http://www.daml.org/2001/12/factbook/industries#food_processing'/>
    <NS0:industry rdf:resource='http://www.daml.org/2001/12/factbook/industries#light_manufactures'/>
    <NS0:industry rdf:resource='http://www.daml.org/2001/12/factbook/industries#rum'/>
    <NS0:industry rdf:resource='http://www.daml.org/2001/12/factbook/industries#cement'/>
    <NS0:industry rdf:resource='http://www.daml.org/2001/12/factbook/industries#metal'/>
    <NS0:industry rdf:resource='http://www.daml.org/2001/12/factbook/industries#paper'/>
    <NS0:industry rdf:resource='http://www.daml.org/2001/12/factbook/industries#chemical_products'/>
    <NS0:industrialProductionGrowthRate rdf:ID='A54198'>-2</NS0:industrialProductionGrowthRate>
    <NS0:electricityProduction rdf:ID='A54201'>6530000000</NS0:electricityProduction>
    <NS0:electricityProductionFossilFuel>92.28</NS0:electricityProductionFossilFuel>
    <NS0:electricityProductionHydro>1.36</NS0:electricityProductionHydro>
    <NS0:electricityProductionNuclear>0</NS0:electricityProductionNuclear>
    <NS0:electricityProductionOther rdf:ID='A54206'>6.36</NS0:electricityProductionOther>
    <NS0:electricityConsumption rdf:ID='A54208'>6073000000</NS0:electricityConsumption>
    <NS0:electricityExports rdf:ID='A54210'>0</NS0:electricityExports>
    <NS0:electricityImports rdf:ID='A54212'>0</NS0:electricityImports>
    <NS0:agricultureProduct rdf:resource='http://www.daml.org/2001/12/factbook/agricultureProducts#sugarcane'/>
    <NS0:agricultureProduct rdf:resource='http://www.daml.org/2001/12/factbook/agricultureProducts#bananas'/>
    <NS0:agricultureProduct rdf:resource='http://www.daml.org/2001/12/factbook/agricultureProducts#coffee'/>
    <NS0:agricultureProduct rdf:resource='http://www.daml.org/2001/12/factbook/agricultureProducts#citrus'/>
    <NS0:agricultureProduct rdf:resource='http://www.daml.org/2001/12/factbook/agricultureProducts#potatoes'/>
    <NS0:agricultureProduct rdf:resource='http://www.daml.org/2001/12/factbook/agricultureProducts#vegetables'/>
    <NS0:agricultureProduct rdf:resource='http://www.daml.org/2001/12/factbook/agricultureProducts#poultry'/>
    <NS0:agricultureProduct rdf:resource='http://www.daml.org/2001/12/factbook/agricultureProducts#goats'/>
    <NS0:agricultureProduct rdf:resource='http://www.daml.org/2001/12/factbook/agricultureProducts#milk'/>
    <NS0:exports rdf:ID='A54223'>1700000000</NS0:exports>
    <NS0:exportsCommodity rdf:resource='#A54226'/>
    <NS0:exportsCommodity rdf:resource='#A54230'/>
    <NS0:exportsCommodity rdf:resource='#A54234'/>
    <NS0:exportsCommodity rdf:resource='#A54238'/>
    <NS0:imports rdf:ID='A54242'>3000000000</NS0:imports>
    <NS0:importsCommodity rdf:resource='#A54245'/>
    <NS0:importsCommodity rdf:resource='#A54249'/>
    <NS0:importsCommodity rdf:resource='#A54253'/>
    <NS0:importsCommodity rdf:resource='#A54257'/>
    <NS0:importsCommodity rdf:resource='#A54261'/>
    <NS0:importsCommodity rdf:resource='#A54265'/>
    <NS0:externalDebt rdf:ID='A54269'>4700000000</NS0:externalDebt>
    <NS0:economicAidRecipient rdf:ID='A54272'>102700000</NS0:economicAidRecipient>
    <NS0:currency>Jamaican dollar (JMD)</NS0:currency>
    <NS0:currencyCode>JMD</NS0:currencyCode>
    <NS0:fiscalYear>1 April - 31 March</NS0:fiscalYear>
    <NS0:mainTelephoneLines rdf:ID='A54277'>353000</NS0:mainTelephoneLines>
    <NS0:mobileTelephoneLines rdf:ID='A54279'>54640</NS0:mobileTelephoneLines>
    <NS0:telephoneSystemGeneralAssessment>fully automatic domestic telephone network</NS0:telephoneSystemGeneralAssessment>
    <NS0:telephoneSystemDomestic>NA</NS0:telephoneSystemDomestic>
    <NS0:telephoneSystemInternational>satellite earth stations - 2 Intelsat (Atlantic Ocean); 3 coaxial submarine cables</NS0:telephoneSystemInternational>
    <NS0:radios rdf:ID='A54284'>1215000</NS0:radios>
    <NS0:televisionBroadcastStations rdf:ID='A54286'>7</NS0:televisionBroadcastStations>
    <NS0:televisions rdf:ID='A54288'>460000</NS0:televisions>
    <NS0:internetCountryCode>.jm</NS0:internetCountryCode>
    <NS0:internetServiceProviders rdf:ID='A54291'>21</NS0:internetServiceProviders>
    <NS0:internetUsers rdf:ID='A54293'>60000</NS0:internetUsers>
    <NS0:railwaysTotal>370</NS0:railwaysTotal>
    <NS0:highwaysTotal>19000</NS0:highwaysTotal>
    <NS0:highwaysPaved>13433</NS0:highwaysPaved>
    <NS0:highwaysUnpaved rdf:ID='A54298'>5567</NS0:highwaysUnpaved>
    <NS0:port rdf:resource='#A54300'/>
    <NS0:port rdf:resource='#A54304'/>
    <NS0:port rdf:resource='#A54308'/>
    <NS0:port rdf:resource='#A54312'/>
    <NS0:port rdf:resource='#A54316'/>
    <NS0:port rdf:resource='#A54320'/>
    <NS0:port rdf:resource='#A54324'/>
    <NS0:port rdf:resource='#A54328'/>
    <NS0:airports rdf:ID='A54332'>35</NS0:airports>
    <NS0:airportBreakdown rdf:resource='#A54335'/>
    <NS0:airportBreakdown rdf:resource='#A54342'/>
    <NS0:airportBreakdown rdf:resource='#A54349'/>
    <NS0:airportBreakdown rdf:resource='#A54356'/>
    <NS0:airportBreakdown rdf:resource='#A54362'/>
    <NS0:airportBreakdown rdf:resource='#A54369'/>
    <NS0:militaryAge>18</NS0:militaryAge>
    <NS0:malesOfMilitaryAge rdf:ID='A54376'>736627</NS0:malesOfMilitaryAge>
    <NS0:malesFitForMilitaryService rdf:ID='A54379'>517077</NS0:malesFitForMilitaryService>
    <NS0:malesReachingMilitaryAgeAnnually rdf:ID='A54382'>27729</NS0:malesReachingMilitaryAgeAnnually>
    <NS0:militaryExpenditures rdf:ID='A54385'>30000000</NS0:militaryExpenditures>
    <NS0:internationalDispute>none</NS0:internationalDispute>
    <NS0:illicitDrugs>major transshipment point for cocaine from South America to North America and Europe</NS0:illicitDrugs>
    <NS0:illicitDrugs>illicit cultivation of cannabis</NS0:illicitDrugs>
    <NS0:illicitDrugs>government has an active manual cannabis eradication program</NS0:illicitDrugs>
    <NS0:illicitDrugs>corruption is a major concern</NS0:illicitDrugs>
    <NS0:smallFlag>http://www.cia.gov/cia/publications/factbook/flags/jm-flag.jpg</NS0:smallFlag>
    <NS0:largeFlag>http://www.cia.gov/cia/publications/factbook/flags/jm-lgflag.jpg</NS0:largeFlag>
    <NS0:map>http://www.cia.gov/cia/publications/factbook/maps/jm-map.jpg</NS0:map>
    <NS0:exportPartner rdf:resource='#A124781'/>
    <NS0:exportPartner rdf:resource='#A124786'/>
    <NS0:exportPartner rdf:ID='A124795' rdf:resource='#A124791'/>
    <NS0:importPartner rdf:resource='#A124797'/>
  </rdf:Description>
  <rdf:Description rdf:about='#A54024'>
    <rdf:type rdf:resource='http://www.daml.org/2001/12/factbook/factbook-ont#CapitalCity'/>
    <NS0:name>Kingston</NS0:name>
  </rdf:Description>
  <rdf:Description rdf:about='#A53911'>
    <rdf:type rdf:resource='http://www.daml.org/2001/12/factbook/factbook-ont#Estimate'/>
    <NS0:year>2001</NS0:year>
  </rdf:Description>
  <rdf:Description rdf:about='#A54018'>
    <rdf:type rdf:resource='http://www.daml.org/2001/12/factbook/factbook-ont#Estimate'/>
    <NS0:year>1995</NS0:year>
  </rdf:Description>
  <rdf:Description rdf:about='#A54011'>
    <rdf:type rdf:resource='http://www.daml.org/2001/12/factbook/factbook-ont#LanguagePercent'/>
    <NS0:language rdf:resource='http://www.daml.org/2001/12/factbook/languages#Creole'/>
  </rdf:Description>
  <rdf:Description rdf:about='#A54332'>
    <rdf:type rdf:resource='http://www.daml.org/2001/12/factbook/factbook-ont#Estimate'/>
    <NS0:year>2000</NS0:year>
  </rdf:Description>
  <rdf:Description rdf:about='#A54007'>
    <rdf:type rdf:resource='http://www.daml.org/2001/12/factbook/factbook-ont#LanguagePercent'/>
    <NS0:language rdf:resource='http://www.daml.org/2001/12/factbook/languages#English'/>
  </rdf:Description>
  <rdf:Description rdf:about='#A124795'>
    <NS0:note>1999</NS0:note>
  </rdf:Description>
  <rdf:Description rdf:about='#A54002'>
    <rdf:type rdf:resource='http://www.daml.org/2001/12/factbook/factbook-ont#ReligionPercent'/>
    <NS0:religion rdf:resource='http://www.daml.org/2001/12/factbook/religions#including_some_spiritual_cults'/>
    <NS0:percent>34.7</NS0:percent>
  </rdf:Description>
  <rdf:Description rdf:about='#A53998'>
    <rdf:type rdf:resource='http://www.daml.org/2001/12/factbook/factbook-ont#ReligionPercent'/>
    <NS0:religion rdf:resource='http://www.daml.org/2001/12/factbook/religions#other'/>
  </rdf:Description>
  <rdf:Description rdf:about='#A54291'>
    <NS0:year>2000</NS0:year>
  </rdf:Description>
  <rdf:Description rdf:about='#A53993'>
    <rdf:type rdf:resource='http://www.daml.org/2001/12/factbook/factbook-ont#ReligionPercent'/>
    <NS0:religion rdf:resource='http://www.daml.org/2001/12/factbook/religions#Roman_Catholic'/>
    <NS0:percent>4</NS0:percent>
  </rdf:Description>
  <rdf:Description rdf:about='#A54142'>
    <rdf:type rdf:resource='http://www.daml.org/2001/12/factbook/factbook-ont#Estimate'/>
    <NS0:year>2000</NS0:year>
  </rdf:Description>
  <rdf:Description rdf:about='#A54150'>
    <rdf:type rdf:resource='http://www.daml.org/2001/12/factbook/factbook-ont#Estimate'/>
    <NS0:year>1999</NS0:year>
  </rdf:Description>
  <rdf:Description rdf:about='#A54201'>
    <NS0:year>1999</NS0:year>
  </rdf:Description>
  <rdf:Description rdf:about='#A53987'>
    <rdf:type rdf:resource='http://www.daml.org/2001/12/factbook/factbook-ont#ReligionPercent'/>
    <NS0:religion rdf:resource='http://www.daml.org/2001/12/factbook/religions#Protestant'/>
    <NS0:percent>61.3</NS0:percent>
  </rdf:Description>
  <rdf:Description rdf:about='#A54369'>
    <rdf:type rdf:resource='http://www.daml.org/2001/12/factbook/factbook-ont#AirportBreakdown'/>
    <NS0:paved>false</NS0:paved>
    <NS0:maxRunway>913</NS0:maxRunway>
    <NS0:count>22 (2000 est.)</NS0:count>
  </rdf:Description>
  <rdf:Description rdf:about='#A54206'>
    <NS0:year>1999</NS0:year>
  </rdf:Description>
  <rdf:Description rdf:about='#A54174'>
    <rdf:type rdf:resource='http://www.daml.org/2001/12/factbook/factbook-ont#OccupationPercent'/>
    <NS0:occupation rdf:resource='http://www.daml.org/2001/12/factbook/occupations#industry'/>
    <NS0:percent>19</NS0:percent>
  </rdf:Description>
  <rdf:Description rdf:about='#A54277'>
    <NS0:year>1996</NS0:year>
  </rdf:Description>
  <rdf:Description rdf:about='#A53982'>
    <rdf:type rdf:resource='http://www.daml.org/2001/12/factbook/factbook-ont#EthnicGroupPercent'/>
    <NS0:ethnicGroup rdf:resource='http://www.daml.org/2001/12/factbook/ethnicGroups#other'/>
    <NS0:percent>0.1</NS0:percent>
  </rdf:Description>
  <rdf:Description rdf:about='#A54362'>
    <rdf:type rdf:resource='http://www.daml.org/2001/12/factbook/factbook-ont#AirportBreakdown'/>
    <NS0:paved>false</NS0:paved>
    <NS0:minRunway>914</NS0:minRunway>
    <NS0:maxRunway>1523</NS0:maxRunway>
    <NS0:count>2</NS0:count>
  </rdf:Description>
  <rdf:Description rdf:about='#A54286'>
    <NS0:year>1997</NS0:year>
  </rdf:Description>
  <rdf:Description rdf:about='#A54169'>
    <rdf:type rdf:resource='http://www.daml.org/2001/12/factbook/factbook-ont#OccupationPercent'/>
    <NS0:occupation rdf:resource='http://www.daml.org/2001/12/factbook/occupations#agriculture'/>
    <NS0:percent>21</NS0:percent>
  </rdf:Description>
  <rdf:Description rdf:about='#A53917'>
    <rdf:type rdf:resource='http://www.daml.org/2001/12/factbook/factbook-ont#Estimate'/>
    <NS0:year>2001</NS0:year>
  </rdf:Description>
  <rdf:Description rdf:about='#A53977'>
    <rdf:type rdf:resource='http://www.daml.org/2001/12/factbook/factbook-ont#EthnicGroupPercent'/>
    <NS0:ethnicGroup rdf:resource='http://www.daml.org/2001/12/factbook/ethnicGroups#mixed'/>
    <NS0:percent>7.3</NS0:percent>
  </rdf:Description>
  <rdf:Description rdf:about='#A54356'>
    <rdf:type rdf:resource='http://www.daml.org/2001/12/factbook/factbook-ont#AirportBreakdown'/>
    <NS0:paved>true</NS0:paved>
    <NS0:maxRunway>913</NS0:maxRunway>
    <NS0:count>5 (2000 est.)</NS0:count>
  </rdf:Description>
  <rdf:Description rdf:about='#A54164'>
    <rdf:type rdf:resource='http://www.daml.org/2001/12/factbook/factbook-ont#OccupationPercent'/>
    <NS0:occupation rdf:resource='http://www.daml.org/2001/12/factbook/occupations#services'/>
    <NS0:percent>60</NS0:percent>
  </rdf:Description>
  <rdf:Description rdf:about='#A53972'>
    <rdf:type rdf:resource='http://www.daml.org/2001/12/factbook/factbook-ont#EthnicGroupPercent'/>
    <NS0:ethnicGroup rdf:resource='http://www.daml.org/2001/12/factbook/ethnicGroups#Chinese'/>
    <NS0:percent>0.2</NS0:percent>
  </rdf:Description>
  <rdf:Description rdf:about='#A53967'>
    <rdf:type rdf:resource='http://www.daml.org/2001/12/factbook/factbook-ont#EthnicGroupPercent'/>
    <NS0:ethnicGroup rdf:resource='http://www.daml.org/2001/12/factbook/ethnicGroups#white'/>
    <NS0:percent>0.2</NS0:percent>
  </rdf:Description>
  <rdf:Description rdf:about='#A54349'>
    <rdf:type rdf:resource='http://www.daml.org/2001/12/factbook/factbook-ont#AirportBreakdown'/>
    <NS0:paved>true</NS0:paved>
    <NS0:minRunway>914</NS0:minRunway>
    <NS0:maxRunway>1523</NS0:maxRunway>
    <NS0:count>3</NS0:count>
  </rdf:Description>
  <rdf:Description rdf:about='#Parish'>
    <rdf:type rdf:resource='http://www.w3.org/2000/01/rdf-schema#Class'/>
    <rdfs:subClassOf rdf:resource='http://www.daml.org/2001/12/factbook/factbook-ont#AdministrativeDivision'/>
    <rdfs:label>Parish</rdfs:label>
  </rdf:Description>
  <rdf:Description rdf:about='#A54180'>
    <rdf:type rdf:resource='http://www.daml.org/2001/12/factbook/factbook-ont#Estimate'/>
    <NS0:year>2000</NS0:year>
  </rdf:Description>
  <rdf:Description rdf:about='#A53914'>
    <rdf:type rdf:resource='http://www.daml.org/2001/12/factbook/factbook-ont#Estimate'/>
    <NS0:year>2001</NS0:year>
  </rdf:Description>
  <rdf:Description rdf:about='#A53962'>
    <rdf:type rdf:resource='http://www.daml.org/2001/12/factbook/factbook-ont#EthnicGroupPercent'/>
    <NS0:ethnicGroup rdf:resource='http://www.daml.org/2001/12/factbook/ethnicGroups#East_Indian'/>
    <NS0:percent>1.3</NS0:percent>
  </rdf:Description>
  <rdf:Description rdf:about='#A54145'>
    <rdf:type rdf:resource='http://www.daml.org/2001/12/factbook/factbook-ont#Estimate'/>
    <NS0:year>2000</NS0:year>
  </rdf:Description>
  <rdf:Description rdf:about='#A54342'>
    <rdf:type rdf:resource='http://www.daml.org/2001/12/factbook/factbook-ont#AirportBreakdown'/>
    <NS0:paved>true</NS0:paved>
    <NS0:minRunway>1524</NS0:minRunway>
    <NS0:maxRunway>2437</NS0:maxRunway>
    <NS0:count>1</NS0:count>
  </rdf:Description>
  <rdf:Description rdf:about='#A53957'>
    <rdf:type rdf:resource='http://www.daml.org/2001/12/factbook/factbook-ont#EthnicGroupPercent'/>
    <NS0:ethnicGroup rdf:resource='http://www.daml.org/2001/12/factbook/ethnicGroups#black'/>
    <NS0:percent>90.9</NS0:percent>
  </rdf:Description>
  <rdf:Description rdf:about='#A54159'>
    <rdf:type rdf:resource='http://www.daml.org/2001/12/factbook/factbook-ont#Estimate'/>
    <NS0:year>2000</NS0:year>
  </rdf:Description>
  <rdf:Description rdf:about='#A54185'>
    <rdf:type rdf:resource='http://www.daml.org/2001/12/factbook/factbook-ont#Estimate'/>
    <NS0:note>FY99/00</NS0:note>
  </rdf:Description>
  <rdf:Description rdf:about='#A54178'>
    <NS0:year>1998</NS0:year>
  </rdf:Description>
  <rdf:Description rdf:about='#A54335'>
    <rdf:type rdf:resource='http://www.daml.org/2001/12/factbook/factbook-ont#AirportBreakdown'/>
    <NS0:paved>true</NS0:paved>
    <NS0:minRunway>2438</NS0:minRunway>
    <NS0:maxRunway>3047</NS0:maxRunway>
    <NS0:count>2</NS0:count>
  </rdf:Description>
  <rdf:Description rdf:about='#A54139'>
    <rdf:type rdf:resource='http://www.daml.org/2001/12/factbook/factbook-ont#Estimate'/>
    <NS0:year>2000</NS0:year>
  </rdf:Description>
  <rdf:Description rdf:about='#A54328'>
    <rdf:type rdf:resource='http://www.daml.org/2001/12/factbook/factbook-ont#Port'/>
    <NS0:name>Port Esquivel</NS0:name>
  </rdf:Description>
  <rdf:Description rdf:about='#A54376'>
    <rdf:type rdf:resource='http://www.daml.org/2001/12/factbook/factbook-ont#Estimate'/>
    <NS0:year>2001</NS0:year>
  </rdf:Description>
  <rdf:Description rdf:about='#A54284'>
    <NS0:year>1997</NS0:year>
  </rdf:Description>
  <rdf:Description rdf:about='#A53943'>
    <rdf:type rdf:resource='http://www.daml.org/2001/12/factbook/factbook-ont#SexRatioBreakdown'/>
    <NS0:ratio>1</NS0:ratio>
  </rdf:Description>
  <rdf:Description rdf:about='#A54324'>
    <rdf:type rdf:resource='http://www.daml.org/2001/12/factbook/factbook-ont#Port'/>
    <NS0:name>Rocky Point</NS0:name>
  </rdf:Description>
  <rdf:Description rdf:about='#A53938'>
    <rdf:type rdf:resource='http://www.daml.org/2001/12/factbook/factbook-ont#SexRatioBreakdown'/>
    <NS0:minAge>65</NS0:minAge>
    <NS0:ratio>0.81</NS0:ratio>
  </rdf:Description>
  <rdf:Description rdf:about='#A54320'>
    <rdf:type rdf:resource='http://www.daml.org/2001/12/factbook/factbook-ont#Port'/>
    <NS0:name>Port Antonio</NS0:name>
  </rdf:Description>
  <rdf:Description rdf:about='#A124797'>
    <rdf:type rdf:resource='http://www.daml.org/2001/12/factbook/factbook-ont#CountryPercent'/>
    <NS0:country rdf:resource='http://www.daml.org/2001/09/countries/fips#US'/>
    <NS0:percent>47.8</NS0:percent>
  </rdf:Description>
  <rdf:Description rdf:about='#A54223'>
    <rdf:type rdf:resource='http://www.daml.org/2001/12/factbook/factbook-ont#Estimate'/>
    <NS0:note>f.o.b., 2000</NS0:note>
  </rdf:Description>
  <rdf:Description rdf:about='#A54198'>
    <rdf:type rdf:resource='http://www.daml.org/2001/12/factbook/factbook-ont#Estimate'/>
    <NS0:year>2000</NS0:year>
  </rdf:Description>
  <rdf:Description rdf:about='#A54316'>
    <rdf:type rdf:resource='http://www.daml.org/2001/12/factbook/factbook-ont#Port'/>
    <NS0:name>Ocho Rios</NS0:name>
  </rdf:Description>
  <rdf:Description rdf:about='#A54242'>
    <rdf:type rdf:resource='http://www.daml.org/2001/12/factbook/factbook-ont#Estimate'/>
    <NS0:note>f.o.b., 2000</NS0:note>
  </rdf:Description>
  <rdf:Description rdf:about='#A53932'>
    <rdf:type rdf:resource='http://www.daml.org/2001/12/factbook/factbook-ont#SexRatioBreakdown'/>
    <NS0:minAge>15</NS0:minAge>
    <NS0:maxAge>64</NS0:maxAge>
    <NS0:ratio>1</NS0:ratio>
  </rdf:Description>
  <rdf:Description rdf:about='#A124791'>
    <rdf:type rdf:resource='http://www.daml.org/2001/12/factbook/factbook-ont#CountryPercent'/>
    <NS0:country rdf:resource='http://www.daml.org/2001/09/countries/fips#CA'/>
    <NS0:percent>10.5</NS0:percent>
  </rdf:Description>
  <rdf:Description rdf:about='#A54312'>
    <rdf:type rdf:resource='http://www.daml.org/2001/12/factbook/factbook-ont#Port'/>
    <NS0:name>Montego Bay</NS0:name>
  </rdf:Description>
  <rdf:Description rdf:about='#A53926'>
    <rdf:type rdf:resource='http://www.daml.org/2001/12/factbook/factbook-ont#SexRatioBreakdown'/>
    <NS0:minAge>0</NS0:minAge>
    <NS0:maxAge>14</NS0:maxAge>
    <NS0:ratio>1.05</NS0:ratio>
  </rdf:Description>
  <rdf:Description rdf:about='#A54308'>
    <rdf:type rdf:resource='http://www.daml.org/2001/12/factbook/factbook-ont#Port'/>
    <NS0:name>Kingston</NS0:name>
  </rdf:Description>
  <rdf:Description rdf:about='#A124786'>
    <rdf:type rdf:resource='http://www.daml.org/2001/12/factbook/factbook-ont#CountryPercent'/>
    <NS0:country rdf:resource='http://www.daml.org/2001/09/countries/fips#UK'/>
    <NS0:percent>13</NS0:percent>
  </rdf:Description>
  <rdf:Description rdf:about='#A53952'>
    <rdf:type rdf:resource='http://www.daml.org/2001/12/factbook/factbook-ont#Estimate'/>
    <NS0:year>2001</NS0:year>
  </rdf:Description>
  <rdf:Description rdf:about='#A54304'>
    <rdf:type rdf:resource='http://www.daml.org/2001/12/factbook/factbook-ont#Port'/>
    <NS0:name>Discovery Bay</NS0:name>
  </rdf:Description>
  <rdf:Description rdf:about='#A124781'>
    <rdf:type rdf:resource='http://www.daml.org/2001/12/factbook/factbook-ont#CountryPercent'/>
    <NS0:country rdf:resource='http://www.daml.org/2001/09/countries/fips#US'/>
    <NS0:percent>35.7</NS0:percent>
  </rdf:Description>
  <rdf:Description rdf:about='#A53920'>
    <rdf:type rdf:resource='http://www.daml.org/2001/12/factbook/factbook-ont#SexRatioBreakdown'/>
    <NS0:minAge>0</NS0:minAge>
    <NS0:maxAge>0</NS0:maxAge>
    <NS0:ratio>1.05</NS0:ratio>
  </rdf:Description>
  <rdf:Description rdf:about='#A54300'>
    <rdf:type rdf:resource='http://www.daml.org/2001/12/factbook/factbook-ont#Port'/>
    <NS0:name>Alligator Pond</NS0:name>
  </rdf:Description>
  <rdf:Description rdf:about='#A54208'>
    <NS0:year>1999</NS0:year>
  </rdf:Description>
  <rdf:Description rdf:about='#A54162'>
    <NS0:year>1998</NS0:year>
  </rdf:Description>
  <rdf:Description rdf:about='#A53884'>
    <rdf:type rdf:resource='http://www.daml.org/2001/12/factbook/factbook-ont#Estimate'/>
    <NS0:year>1993</NS0:year>
  </rdf:Description>
  <rdf:Description rdf:about='#A54269'>
    <rdf:type rdf:resource='http://www.daml.org/2001/12/factbook/factbook-ont#Estimate'/>
    <NS0:year>2000</NS0:year>
  </rdf:Description>
  <rdf:Description rdf:about='#A54212'>
    <NS0:year>1999</NS0:year>
  </rdf:Description>
  <rdf:Description rdf:about='#A54272'>
    <NS0:year>1995</NS0:year>
  </rdf:Description>
  <rdf:Description rdf:about='#A54379'>
    <rdf:type rdf:resource='http://www.daml.org/2001/12/factbook/factbook-ont#Estimate'/>
    <NS0:year>2001</NS0:year>
  </rdf:Description>
  <rdf:Description rdf:about='#A54083'>
    <rdf:type rdf:resource='#Parish'/>
    <NS0:name>Westmoreland</NS0:name>
  </rdf:Description>
  <rdf:Description rdf:about='#A54153'>
    <rdf:type rdf:resource='http://www.daml.org/2001/12/factbook/factbook-ont#Estimate'/>
    <NS0:year>1992</NS0:year>
  </rdf:Description>
  <rdf:Description rdf:about='#A54079'>
    <rdf:type rdf:resource='#Parish'/>
    <NS0:name>Trelawny</NS0:name>
  </rdf:Description>
  <rdf:Description rdf:about='#A54075'>
    <rdf:type rdf:resource='#Parish'/>
    <NS0:name>Saint Thomas</NS0:name>
  </rdf:Description>
  <rdf:Description rdf:about='#A54382'>
    <rdf:type rdf:resource='http://www.daml.org/2001/12/factbook/factbook-ont#Estimate'/>
    <NS0:year>2001</NS0:year>
  </rdf:Description>
  <rdf:Description rdf:about='#A54265'>
    <rdf:type rdf:resource='http://www.daml.org/2001/12/factbook/factbook-ont#CommodityPercent'/>
    <NS0:importsCommodity rdf:resource='http://www.daml.org/2001/12/factbook/commodities#fertilizers'/>
  </rdf:Description>
  <rdf:Description rdf:about='#A54071'>
    <rdf:type rdf:resource='#Parish'/>
    <NS0:name>Saint Mary</NS0:name>
  </rdf:Description>
  <rdf:Description rdf:about='#A54261'>
    <rdf:type rdf:resource='http://www.daml.org/2001/12/factbook/factbook-ont#CommodityPercent'/>
    <NS0:importsCommodity rdf:resource='http://www.daml.org/2001/12/factbook/commodities#chemicals'/>
  </rdf:Description>
  <rdf:Description rdf:about='#A53991'>
    <NS0:note>Church of God 21.2%, Baptist 8.8%, Anglican 5.5%, Seventh-Day Adventist 9%, Pentecostal 7.6%, Methodist 2.7%, United Church 2.7%, Brethren 1.1%, Jehovah&apos;s Witness 1.6%, Moravian 1.1%</NS0:note>
  </rdf:Description>
  <rdf:Description rdf:about='#A54067'>
    <rdf:type rdf:resource='#Parish'/>
    <NS0:name>Saint James</NS0:name>
  </rdf:Description>
  <rdf:Description rdf:about='#A54257'>
    <rdf:type rdf:resource='http://www.daml.org/2001/12/factbook/factbook-ont#CommodityPercent'/>
    <NS0:importsCommodity rdf:resource='http://www.daml.org/2001/12/factbook/commodities#food'/>
  </rdf:Description>
  <rdf:Description rdf:about='#A53949'>
    <rdf:type rdf:resource='http://www.daml.org/2001/12/factbook/factbook-ont#Estimate'/>
    <NS0:year>2001</NS0:year>
  </rdf:Description>
  <rdf:Description rdf:about='#A54063'>
    <rdf:type rdf:resource='#Parish'/>
    <NS0:name>Saint Elizabeth</NS0:name>
  </rdf:Description>
  <rdf:Description rdf:about='#A54253'>
    <rdf:type rdf:resource='http://www.daml.org/2001/12/factbook/factbook-ont#CommodityPercent'/>
    <NS0:importsCommodity rdf:resource='http://www.daml.org/2001/12/factbook/commodities#fuel'/>
  </rdf:Description>
  <rdf:Description rdf:about='#A53869'>
    <rdf:type rdf:resource='http://www.daml.org/2001/12/factbook/factbook-ont#ElevationExtreme'/>
    <NS0:name>Blue Mountain Peak</NS0:name>
    <NS0:elevation>2256</NS0:elevation>
  </rdf:Description>
  <rdf:Description rdf:about='#A54059'>
    <rdf:type rdf:resource='#Parish'/>
    <NS0:name>Saint Catherine</NS0:name>
  </rdf:Description>
  <rdf:Description rdf:about='#A54249'>
    <rdf:type rdf:resource='http://www.daml.org/2001/12/factbook/factbook-ont#CommodityPercent'/>
    <NS0:importsCommodity rdf:resource='http://www.daml.org/2001/12/factbook/commodities#construction_materials'/>
  </rdf:Description>
  <rdf:Description rdf:about='#A54157'>
    <NS0:year>1996</NS0:year>
  </rdf:Description>
  <rdf:Description rdf:about='#A54055'>
    <rdf:type rdf:resource='#Parish'/>
    <NS0:name>Saint Ann</NS0:name>
  </rdf:Description>
  <rdf:Description rdf:about='#A53864'>
    <rdf:type rdf:resource='http://www.daml.org/2001/12/factbook/factbook-ont#ElevationExtreme'/>
    <NS0:name>Caribbean Sea</NS0:name>
    <NS0:elevation>0</NS0:elevation>
  </rdf:Description>
  <rdf:Description rdf:about='#A54245'>
    <rdf:type rdf:resource='http://www.daml.org/2001/12/factbook/factbook-ont#CommodityPercent'/>
    <NS0:importsCommodity rdf:resource='http://www.daml.org/2001/12/factbook/commodities#machinery_and_transport_equipment'/>
  </rdf:Description>
</rdf:RDF>
