<?xml version='1.0' encoding='ISO-8859-1'?>
<rdf:RDF
  xmlns:rdf='http://www.w3.org/1999/02/22-rdf-syntax-ns#'
  xmlns:NS0='http://www.daml.org/2001/12/factbook/factbook-ont#'
  xml:base="http://www.daml.org/2001/12/factbook/jq">
  <rdf:Description rdf:about='#A54977'>
    <rdf:type rdf:resource='http://www.daml.org/2001/12/factbook/factbook-ont#LatLon'/>
    <NS0:latitude>16.75</NS0:latitude>
    <NS0:longitude>-169.51666666666668</NS0:longitude>
  </rdf:Description>
  <rdf:Description rdf:about='#A55013'>
    <rdf:type rdf:resource='http://www.daml.org/2001/12/factbook/factbook-ont#Estimate'/>
    <NS0:year>2001</NS0:year>
  </rdf:Description>
  <rdf:Description rdf:about='#A54997'>
    <rdf:type rdf:resource='http://www.daml.org/2001/12/factbook/factbook-ont#ElevationExtreme'/>
    <NS0:name>Summit Peak</NS0:name>
    <NS0:elevation>5</NS0:elevation>
  </rdf:Description>
  <rdf:Description rdf:about='#A55029'>
    <rdf:type rdf:resource='http://www.daml.org/2001/12/factbook/factbook-ont#AirportBreakdown'/>
    <NS0:paved>true</NS0:paved>
    <NS0:minRunway>2438</NS0:minRunway>
    <NS0:maxRunway>3047</NS0:maxRunway>
    <NS0:count>1 (2000 est.)</NS0:count>
  </rdf:Description>
  <rdf:Description rdf:about='#A55025'>
    <rdf:type rdf:resource='http://www.daml.org/2001/12/factbook/factbook-ont#Port'/>
    <NS0:name>Johnston Island</NS0:name>
  </rdf:Description>
  <rdf:Description rdf:about='#A54992'>
    <rdf:type rdf:resource='http://www.daml.org/2001/12/factbook/factbook-ont#ElevationExtreme'/>
    <NS0:name>Pacific Ocean</NS0:name>
    <NS0:elevation>0</NS0:elevation>
  </rdf:Description>
  <rdf:Description rdf:about='http://www.daml.org/2001/09/countries/fips#JQ'>
    <NS0:background>Both the US and the Kingdom of Hawaii annexed Johnston Atoll in 1858, but it was the US that mined the guano deposits until the late 1880s. The US Navy took over the atoll in 1934, and subsequently the US Air Force assumed control in 1948. The site was used for high altitude nuclear tests in the 1950s and 1960s, and until late in 2000 the atoll was maintained as a storage and disposal site for chemical weapons. Munitions destruction is now complete, and cleanup and closure of the facility is progressing.</NS0:background>
    <NS0:location>Oceania, atoll in the North Pacific Ocean 717 NM (1328 km) southwest of Honolulu, Hawaii, about one-third of the way from Hawaii to the Marshall Islands</NS0:location>
    <NS0:geographicCoordinates rdf:resource='#A54977'/>
    <NS0:mapReferences>Oceania</NS0:mapReferences>
    <NS0:totalArea>2.8</NS0:totalArea>
    <NS0:landArea>2.8</NS0:landArea>
    <NS0:waterArea>0</NS0:waterArea>
    <NS0:comparativeArea>about 4.7 times the size of The Mall in Washington, DC</NS0:comparativeArea>
    <NS0:coastline>10</NS0:coastline>
    <NS0:exclusiveEconomicZone>200</NS0:exclusiveEconomicZone>
    <NS0:territorialSea>12</NS0:territorialSea>
    <NS0:climate>tropical, but generally dry; consistent northeast trade winds with little seasonal temperature variation</NS0:climate>
    <NS0:terrain>mostly flat</NS0:terrain>
    <NS0:lowestPoint rdf:resource='#A54992'/>
    <NS0:highestPoint rdf:resource='#A54997'/>
    <NS0:naturalResource rdf:resource='http://www.daml.org/2001/12/factbook/naturalResources#guano_deposits_worked_until_depletion_about_1890'/>
    <NS0:naturalResource rdf:resource='http://www.daml.org/2001/12/factbook/naturalResources#terrestrial_and_aquatic_wildlife'/>
    <NS0:arableLand>0</NS0:arableLand>
    <NS0:permanentCrops>0</NS0:permanentCrops>
    <NS0:permanentPastures>0</NS0:permanentPastures>
    <NS0:forestsAndWoodland>0</NS0:forestsAndWoodland>
    <NS0:otherLandUse>100</NS0:otherLandUse>
    <NS0:irrigatedLand rdf:ID='A55009'>0</NS0:irrigatedLand>
    <NS0:naturalHazard>NA</NS0:naturalHazard>
    <NS0:environmentalIssue>no natural fresh water resources</NS0:environmentalIssue>
    <NS0:populationGrowthRate rdf:ID='A55013'>-5.94</NS0:populationGrowthRate>
    <NS0:conventionalLongCountryName>none</NS0:conventionalLongCountryName>
    <NS0:conventionalShortCountryName>Johnston Atoll</NS0:conventionalShortCountryName>
    <NS0:dependencyStatus>unincorporated territory of the US; administered from Washington, DC, by Pacific Air Forces, Hickam AFB, and the Fish and Wildlife Service of the US Department of the Interior as part of the National Wildlife Refuge system</NS0:dependencyStatus>
    <NS0:legalSystem>the laws of the US, where applicable, apply</NS0:legalSystem>
    <NS0:flagDescription>the flag of the US is used</NS0:flagDescription>
    <NS0:economyOverview>Economic activity is limited to providing services to US military personnel and contractors located on the island. All food and manufactured goods must be imported.</NS0:economyOverview>
    <NS0:telephoneSystemGeneralAssessment>13 outgoing and 10 incoming commercial lines; adequate telecommunications</NS0:telephoneSystemGeneralAssessment>
    <NS0:telephoneSystemDomestic>60-channel submarine cable, 22 DSN circuits by satellite, Autodin with standard remote terminal, digital telephone switch, Military Affiliated Radio System (MARS station), UHF/VHF air-ground radio, a link to the Pacific Consolidated Telecommunications Network (PCTN) satellite</NS0:telephoneSystemDomestic>
    <NS0:telephoneSystemInternational>NA</NS0:telephoneSystemInternational>
    <NS0:port rdf:resource='#A55025'/>
    <NS0:airportBreakdown rdf:resource='#A55029'/>
    <NS0:internationalDispute>none</NS0:internationalDispute>
    <NS0:smallFlag>http://www.cia.gov/cia/publications/factbook/flags/jq-flag.jpg</NS0:smallFlag>
    <NS0:largeFlag>http://www.cia.gov/cia/publications/factbook/flags/jq-lgflag.jpg</NS0:largeFlag>
    <NS0:map>http://www.cia.gov/cia/publications/factbook/maps/jq-map.jpg</NS0:map>
  </rdf:Description>
  <rdf:Description rdf:about='#A55009'>
    <NS0:year>1998</NS0:year>
  </rdf:Description>
</rdf:RDF>
