<?xml version='1.0' encoding='ISO-8859-1'?>
<rdf:RDF
  xmlns:rdf='http://www.w3.org/1999/02/22-rdf-syntax-ns#'
  xmlns:NS0='http://www.daml.org/2001/12/factbook/factbook-ont#'
  xml:base="http://www.daml.org/2001/12/factbook/ju">
  <rdf:Description rdf:about='#A55089'>
    <rdf:type rdf:resource='http://www.daml.org/2001/12/factbook/factbook-ont#Estimate'/>
    <NS0:year>2000</NS0:year>
  </rdf:Description>
  <rdf:Description rdf:about='#A55042'>
    <rdf:type rdf:resource='http://www.daml.org/2001/12/factbook/factbook-ont#LatLon'/>
    <NS0:latitude>-17.05</NS0:latitude>
    <NS0:longitude>42.75</NS0:longitude>
  </rdf:Description>
  <rdf:Description rdf:about='#A55085'>
    <rdf:type rdf:resource='http://www.daml.org/2001/12/factbook/factbook-ont#Port'/>
    <NS0:name>none; offshore anchorage only</NS0:name>
  </rdf:Description>
  <rdf:Description rdf:about='#A55062'>
    <rdf:type rdf:resource='http://www.daml.org/2001/12/factbook/factbook-ont#ElevationExtreme'/>
    <NS0:name>unnamed location</NS0:name>
    <NS0:elevation>10</NS0:elevation>
  </rdf:Description>
  <rdf:Description rdf:about='http://www.daml.org/2001/09/countries/fips#JU'>
    <NS0:background>Named after a famous 15th century Spanish navigator and explorer, the island has been a French possession since 1897. It has been exploited for its guano and phosphate. Presently a small military garrison oversees a meteorological station.</NS0:background>
    <NS0:location>Southern Africa, island in the Mozambique Channel, about one-third of the way between Madagascar and Mozambique</NS0:location>
    <NS0:geographicCoordinates rdf:resource='#A55042'/>
    <NS0:mapReferences>Africa</NS0:mapReferences>
    <NS0:totalArea>4.4</NS0:totalArea>
    <NS0:landArea>4.4</NS0:landArea>
    <NS0:waterArea>0</NS0:waterArea>
    <NS0:comparativeArea>about seven times the size of The Mall in Washington, DC</NS0:comparativeArea>
    <NS0:coastline>24.1</NS0:coastline>
    <NS0:exclusiveEconomicZone>200</NS0:exclusiveEconomicZone>
    <NS0:territorialSea>12</NS0:territorialSea>
    <NS0:climate>tropical</NS0:climate>
    <NS0:terrain>low and flat</NS0:terrain>
    <NS0:lowestPoint rdf:resource='#A55057'/>
    <NS0:highestPoint rdf:resource='#A55062'/>
    <NS0:naturalResource rdf:resource='http://www.daml.org/2001/12/factbook/naturalResources#guano_deposits_and_other_fertilizers'/>
    <NS0:arableLand>0</NS0:arableLand>
    <NS0:permanentCrops>0</NS0:permanentCrops>
    <NS0:permanentPastures>0</NS0:permanentPastures>
    <NS0:forestsAndWoodland>90</NS0:forestsAndWoodland>
    <NS0:otherLandUse>10</NS0:otherLandUse>
    <NS0:irrigatedLand rdf:ID='A55073'>0</NS0:irrigatedLand>
    <NS0:naturalHazard>periodic cyclones</NS0:naturalHazard>
    <NS0:environmentalIssue>NA</NS0:environmentalIssue>
    <NS0:conventionalLongCountryName>none</NS0:conventionalLongCountryName>
    <NS0:conventionalShortCountryName>Juan de Nova Island</NS0:conventionalShortCountryName>
    <NS0:localLongCountryName>none</NS0:localLongCountryName>
    <NS0:localShortCountryName>Ile Juan de Nova</NS0:localShortCountryName>
    <NS0:dependencyStatus>possession of France; administered by a high commissioner of the Republic, resident in Reunion</NS0:dependencyStatus>
    <NS0:legalSystem>the laws of France, where applicable, apply</NS0:legalSystem>
    <NS0:flagDescription>the flag of France is used</NS0:flagDescription>
    <NS0:economyOverview>Up to 12,000 tons of guano are mined per year.</NS0:economyOverview>
    <NS0:port rdf:resource='#A55085'/>
    <NS0:airports rdf:ID='A55089'>1</NS0:airports>
    <NS0:airportBreakdown rdf:resource='#A55092'/>
    <NS0:internationalDispute>claimed by Madagascar</NS0:internationalDispute>
    <NS0:smallFlag>http://www.cia.gov/cia/publications/factbook/flags/ju-flag.jpg</NS0:smallFlag>
    <NS0:largeFlag>http://www.cia.gov/cia/publications/factbook/flags/ju-lgflag.jpg</NS0:largeFlag>
    <NS0:map>http://www.cia.gov/cia/publications/factbook/maps/ju-map.jpg</NS0:map>
  </rdf:Description>
  <rdf:Description rdf:about='#A55092'>
    <rdf:type rdf:resource='http://www.daml.org/2001/12/factbook/factbook-ont#AirportBreakdown'/>
    <NS0:paved>false</NS0:paved>
    <NS0:minRunway>914</NS0:minRunway>
    <NS0:maxRunway>1523</NS0:maxRunway>
    <NS0:count>1 (2000 est.)</NS0:count>
  </rdf:Description>
  <rdf:Description rdf:about='#A55073'>
    <NS0:year>1993</NS0:year>
  </rdf:Description>
  <rdf:Description rdf:about='#A55057'>
    <rdf:type rdf:resource='http://www.daml.org/2001/12/factbook/factbook-ont#ElevationExtreme'/>
    <NS0:name>Indian Ocean</NS0:name>
    <NS0:elevation>0</NS0:elevation>
  </rdf:Description>
</rdf:RDF>
