<?xml version='1.0' encoding='ISO-8859-1'?>
<rdf:RDF
  xmlns:rdf='http://www.w3.org/1999/02/22-rdf-syntax-ns#'
  xmlns:NS0='http://www.daml.org/2001/12/factbook/factbook-ont#'
  xmlns:rdfs='http://www.w3.org/2000/01/rdf-schema#'
  xml:base="http://www.daml.org/2001/12/factbook/kn">
  <rdf:Description rdf:about='#A56535'>
    <rdf:type rdf:resource='http://www.daml.org/2001/12/factbook/factbook-ont#Port'/>
    <NS0:name>Sinuiju</NS0:name>
  </rdf:Description>
  <rdf:Description rdf:about='#A56343'>
    <rdf:type rdf:resource='#Province'/>
    <NS0:name>P&apos;yongan-bukto</NS0:name>
  </rdf:Description>
  <rdf:Description rdf:about='#A56531'>
    <rdf:type rdf:resource='http://www.daml.org/2001/12/factbook/factbook-ont#Port'/>
    <NS0:name>Namp&apos;o</NS0:name>
  </rdf:Description>
  <rdf:Description rdf:about='#A56264'>
    <rdf:type rdf:resource='http://www.daml.org/2001/12/factbook/factbook-ont#Estimate'/>
    <NS0:year>2001</NS0:year>
  </rdf:Description>
  <rdf:Description rdf:about='#A56339'>
    <rdf:type rdf:resource='#SpecialCity'/>
    <NS0:name>Namp&apos;o-si</NS0:name>
  </rdf:Description>
  <rdf:Description rdf:about='#A56527'>
    <rdf:type rdf:resource='http://www.daml.org/2001/12/factbook/factbook-ont#Port'/>
    <NS0:name>Najin</NS0:name>
  </rdf:Description>
  <rdf:Description rdf:about='#A56335'>
    <rdf:type rdf:resource='#Province'/>
    <NS0:name>Kangwon-do</NS0:name>
  </rdf:Description>
  <rdf:Description rdf:about='#A56523'>
    <rdf:type rdf:resource='http://www.daml.org/2001/12/factbook/factbook-ont#Port'/>
    <NS0:name>Kosong</NS0:name>
  </rdf:Description>
  <rdf:Description rdf:about='#A56331'>
    <rdf:type rdf:resource='#SpecialCity'/>
    <NS0:name>Kaesong-si</NS0:name>
  </rdf:Description>
  <rdf:Description rdf:about='#A125208'>
    <NS0:note>1995</NS0:note>
  </rdf:Description>
  <rdf:Description rdf:about='#A56519'>
    <rdf:type rdf:resource='http://www.daml.org/2001/12/factbook/factbook-ont#Port'/>
    <NS0:name>Kimch&apos;aek</NS0:name>
  </rdf:Description>
  <rdf:Description rdf:about='#A56327'>
    <rdf:type rdf:resource='#Province'/>
    <NS0:name>Hwanghae-namdo</NS0:name>
  </rdf:Description>
  <rdf:Description rdf:about='#A56226'>
    <rdf:type rdf:resource='http://www.daml.org/2001/12/factbook/factbook-ont#Estimate'/>
    <NS0:year>2001</NS0:year>
  </rdf:Description>
  <rdf:Description rdf:about='#A56515'>
    <rdf:type rdf:resource='http://www.daml.org/2001/12/factbook/factbook-ont#Port'/>
    <NS0:name>Hungnam</NS0:name>
  </rdf:Description>
  <rdf:Description rdf:about='#A56323'>
    <rdf:type rdf:resource='#Province'/>
    <NS0:name>Hwanghae-bukto</NS0:name>
  </rdf:Description>
  <rdf:Description rdf:about='#A56462'>
    <rdf:type rdf:resource='http://www.daml.org/2001/12/factbook/factbook-ont#Estimate'/>
    <NS0:note>c.i.f., 1999</NS0:note>
  </rdf:Description>
  <rdf:Description rdf:about='#Province'>
    <rdf:type rdf:resource='http://www.w3.org/2000/01/rdf-schema#Class'/>
    <rdfs:subClassOf rdf:resource='http://www.daml.org/2001/12/factbook/factbook-ont#AdministrativeDivision'/>
    <rdfs:label>Province</rdfs:label>
  </rdf:Description>
  <rdf:Description rdf:about='#A56511'>
    <rdf:type rdf:resource='http://www.daml.org/2001/12/factbook/factbook-ont#Port'/>
    <NS0:name>Haeju</NS0:name>
  </rdf:Description>
  <rdf:Description rdf:about='#A56199'>
    <rdf:type rdf:resource='http://www.daml.org/2001/12/factbook/factbook-ont#Estimate'/>
    <NS0:year>1993</NS0:year>
  </rdf:Description>
  <rdf:Description rdf:about='#A56319'>
    <rdf:type rdf:resource='#Province'/>
    <NS0:name>Hamgyong-namdo</NS0:name>
  </rdf:Description>
  <rdf:Description rdf:about='#A56202'>
    <rdf:type rdf:resource='http://www.daml.org/2001/12/factbook/factbook-ont#Estimate'/>
    <NS0:year>1993</NS0:year>
  </rdf:Description>
  <rdf:Description rdf:about='#A56507'>
    <rdf:type rdf:resource='http://www.daml.org/2001/12/factbook/factbook-ont#Port'/>
    <NS0:name>Ch&apos;ongjin</NS0:name>
  </rdf:Description>
  <rdf:Description rdf:about='#A56315'>
    <rdf:type rdf:resource='#Province'/>
    <NS0:name>Hamgyong-bukto</NS0:name>
  </rdf:Description>
  <rdf:Description rdf:about='#A56311'>
    <rdf:type rdf:resource='#Province'/>
    <NS0:name>Chagang-do</NS0:name>
  </rdf:Description>
  <rdf:Description rdf:about='#A56496'>
    <NS0:year>1997</NS0:year>
  </rdf:Description>
  <rdf:Description rdf:about='#A56499'>
    <NS0:year>2000</NS0:year>
  </rdf:Description>
  <rdf:Description rdf:about='#A56424'>
    <NS0:year>1999</NS0:year>
  </rdf:Description>
  <rdf:Description rdf:about='#A56504'>
    <NS0:year>1996</NS0:year>
  </rdf:Description>
  <rdf:Description rdf:about='#A56232'>
    <rdf:type rdf:resource='http://www.daml.org/2001/12/factbook/factbook-ont#Estimate'/>
    <NS0:year>2001</NS0:year>
  </rdf:Description>
  <rdf:Description rdf:about='#A56301'>
    <rdf:type rdf:resource='http://www.daml.org/2001/12/factbook/factbook-ont#CapitalCity'/>
    <NS0:name>P&apos;yongyang</NS0:name>
  </rdf:Description>
  <rdf:Description rdf:about='#A56625'>
    <rdf:type rdf:resource='http://www.daml.org/2001/12/factbook/factbook-ont#Estimate'/>
    <NS0:year>2001</NS0:year>
  </rdf:Description>
  <rdf:Description rdf:about='#A56477'>
    <rdf:type rdf:resource='http://www.daml.org/2001/12/factbook/factbook-ont#CommodityPercent'/>
    <NS0:importsCommodity rdf:resource='http://www.daml.org/2001/12/factbook/commodities#grain'/>
  </rdf:Description>
  <rdf:Description rdf:about='#A56285'>
    <rdf:type rdf:resource='http://www.daml.org/2001/12/factbook/factbook-ont#LanguagePercent'/>
    <NS0:language rdf:resource='http://www.daml.org/2001/12/factbook/languages#Korean'/>
  </rdf:Description>
  <rdf:Description rdf:about='#A56473'>
    <rdf:type rdf:resource='http://www.daml.org/2001/12/factbook/factbook-ont#CommodityPercent'/>
    <NS0:importsCommodity rdf:resource='http://www.daml.org/2001/12/factbook/commodities#machinery_and_equipment;_consumer_goods'/>
  </rdf:Description>
  <rdf:Description rdf:about='#A56261'>
    <rdf:type rdf:resource='http://www.daml.org/2001/12/factbook/factbook-ont#Estimate'/>
    <NS0:year>2001</NS0:year>
  </rdf:Description>
  <rdf:Description rdf:about='#A56460'>
    <NS0:note>including armaments</NS0:note>
  </rdf:Description>
  <rdf:Description rdf:about='#A56280'>
    <rdf:type rdf:resource='http://www.daml.org/2001/12/factbook/factbook-ont#ReligionPercent'/>
    <NS0:religion rdf:resource='http://www.daml.org/2001/12/factbook/religions#some_Christian_and_syncretic_Chondogyo'/>
  </rdf:Description>
  <rdf:Description rdf:about='#A56492'>
    <NS0:year>1997</NS0:year>
  </rdf:Description>
  <rdf:Description rdf:about='#A56469'>
    <rdf:type rdf:resource='http://www.daml.org/2001/12/factbook/factbook-ont#CommodityPercent'/>
    <NS0:importsCommodity rdf:resource='http://www.daml.org/2001/12/factbook/commodities#coking_coal'/>
  </rdf:Description>
  <rdf:Description rdf:about='#A56487'>
    <NS0:year>1997</NS0:year>
  </rdf:Description>
  <rdf:Description rdf:about='#A56276'>
    <rdf:type rdf:resource='http://www.daml.org/2001/12/factbook/factbook-ont#ReligionPercent'/>
    <NS0:religion rdf:resource='http://www.daml.org/2001/12/factbook/religions#traditionally_Buddhist_and_Confucianist'/>
  </rdf:Description>
  <rdf:Description rdf:about='#A56283'>
    <NS0:note>Religion of the Heavenly Way</NS0:note>
  </rdf:Description>
  <rdf:Description rdf:about='#A56622'>
    <rdf:type rdf:resource='http://www.daml.org/2001/12/factbook/factbook-ont#Estimate'/>
    <NS0:year>2001</NS0:year>
  </rdf:Description>
  <rdf:Description rdf:about='#A56465'>
    <rdf:type rdf:resource='http://www.daml.org/2001/12/factbook/factbook-ont#CommodityPercent'/>
    <NS0:importsCommodity rdf:resource='http://www.daml.org/2001/12/factbook/commodities#petroleum'/>
  </rdf:Description>
  <rdf:Description rdf:about='#A56272'>
    <rdf:type rdf:resource='http://www.daml.org/2001/12/factbook/factbook-ont#EthnicGroupPercent'/>
    <NS0:ethnicGroup rdf:resource='http://www.daml.org/2001/12/factbook/ethnicGroups#racially_homogeneous;_there_is_a_small_Chinese_community_and_a_few_ethnic_Japanese'/>
  </rdf:Description>
  <rdf:Description rdf:about='#A56457'>
    <rdf:type rdf:resource='http://www.daml.org/2001/12/factbook/factbook-ont#CommodityPercent'/>
    <NS0:exportsCommodity rdf:resource='http://www.daml.org/2001/12/factbook/commodities#manufactures_;_agricultural_and_fishery_products'/>
  </rdf:Description>
  <rdf:Description rdf:about='#A125182'>
    <NS0:note>1995</NS0:note>
  </rdf:Description>
  <rdf:Description rdf:about='#A56453'>
    <rdf:type rdf:resource='http://www.daml.org/2001/12/factbook/factbook-ont#CommodityPercent'/>
    <NS0:exportsCommodity rdf:resource='http://www.daml.org/2001/12/factbook/commodities#metallurgical_products'/>
  </rdf:Description>
  <rdf:Description rdf:about='#A127695'>
    <rdf:type rdf:resource='http://www.daml.org/2001/12/factbook/factbook-ont#CountryPercent'/>
    <NS0:country rdf:resource='http://www.daml.org/2001/09/countries/fips#GM'/>
    <NS0:percent>3</NS0:percent>
  </rdf:Description>
  <rdf:Description rdf:about='#A56449'>
    <rdf:type rdf:resource='http://www.daml.org/2001/12/factbook/factbook-ont#CommodityPercent'/>
    <NS0:exportsCommodity rdf:resource='http://www.daml.org/2001/12/factbook/commodities#minerals'/>
  </rdf:Description>
  <rdf:Description rdf:about='#A56258'>
    <rdf:type rdf:resource='http://www.daml.org/2001/12/factbook/factbook-ont#SexRatioBreakdown'/>
    <NS0:ratio>0.94</NS0:ratio>
  </rdf:Description>
  <rdf:Description rdf:about='#A127690'>
    <rdf:type rdf:resource='http://www.daml.org/2001/12/factbook/factbook-ont#CountryPercent'/>
    <NS0:country rdf:resource='http://www.daml.org/2001/09/countries/fips#KS'/>
    <NS0:percent>4</NS0:percent>
  </rdf:Description>
  <rdf:Description rdf:about='#A56220'>
    <rdf:type rdf:resource='http://www.daml.org/2001/12/factbook/factbook-ont#Estimate'/>
    <NS0:note>July 2001</NS0:note>
  </rdf:Description>
  <rdf:Description rdf:about='#A56253'>
    <rdf:type rdf:resource='http://www.daml.org/2001/12/factbook/factbook-ont#SexRatioBreakdown'/>
    <NS0:minAge>65</NS0:minAge>
    <NS0:ratio>0.48</NS0:ratio>
  </rdf:Description>
  <rdf:Description rdf:about='#A56267'>
    <rdf:type rdf:resource='http://www.daml.org/2001/12/factbook/factbook-ont#Estimate'/>
    <NS0:year>2001</NS0:year>
  </rdf:Description>
  <rdf:Description rdf:about='#A125204'>
    <rdf:type rdf:resource='http://www.daml.org/2001/12/factbook/factbook-ont#CountryPercent'/>
    <NS0:country rdf:resource='http://www.daml.org/2001/09/countries/fips#GM'/>
    <NS0:percent>3</NS0:percent>
  </rdf:Description>
  <rdf:Description rdf:about='#A56229'>
    <rdf:type rdf:resource='http://www.daml.org/2001/12/factbook/factbook-ont#Estimate'/>
    <NS0:year>2001</NS0:year>
  </rdf:Description>
  <rdf:Description rdf:about='#A127685'>
    <rdf:type rdf:resource='http://www.daml.org/2001/12/factbook/factbook-ont#CountryPercent'/>
    <NS0:country rdf:resource='http://www.daml.org/2001/09/countries/fips#RS'/>
    <NS0:percent>5</NS0:percent>
  </rdf:Description>
  <rdf:Description rdf:about='#A125199'>
    <rdf:type rdf:resource='http://www.daml.org/2001/12/factbook/factbook-ont#CountryPercent'/>
    <NS0:country rdf:resource='http://www.daml.org/2001/09/countries/fips#KS'/>
    <NS0:percent>4</NS0:percent>
  </rdf:Description>
  <rdf:Description rdf:about='#A56247'>
    <rdf:type rdf:resource='http://www.daml.org/2001/12/factbook/factbook-ont#SexRatioBreakdown'/>
    <NS0:minAge>15</NS0:minAge>
    <NS0:maxAge>64</NS0:maxAge>
    <NS0:ratio>0.97</NS0:ratio>
  </rdf:Description>
  <rdf:Description rdf:about='#A127680'>
    <rdf:type rdf:resource='http://www.daml.org/2001/12/factbook/factbook-ont#CountryPercent'/>
    <NS0:country rdf:resource='http://www.daml.org/2001/09/countries/fips#JA'/>
    <NS0:percent>17</NS0:percent>
  </rdf:Description>
  <rdf:Description rdf:about='#A125194'>
    <rdf:type rdf:resource='http://www.daml.org/2001/12/factbook/factbook-ont#CountryPercent'/>
    <NS0:country rdf:resource='http://www.daml.org/2001/09/countries/fips#RS'/>
    <NS0:percent>5</NS0:percent>
  </rdf:Description>
  <rdf:Description rdf:about='#A56241'>
    <rdf:type rdf:resource='http://www.daml.org/2001/12/factbook/factbook-ont#SexRatioBreakdown'/>
    <NS0:minAge>0</NS0:minAge>
    <NS0:maxAge>14</NS0:maxAge>
    <NS0:ratio>1.05</NS0:ratio>
  </rdf:Description>
  <rdf:Description rdf:about='#A127675'>
    <rdf:type rdf:resource='http://www.daml.org/2001/12/factbook/factbook-ont#CountryPercent'/>
    <NS0:country rdf:resource='http://www.daml.org/2001/09/countries/fips#CH'/>
    <NS0:percent>33</NS0:percent>
  </rdf:Description>
  <rdf:Description rdf:about='#A125189'>
    <rdf:type rdf:resource='http://www.daml.org/2001/12/factbook/factbook-ont#CountryPercent'/>
    <NS0:country rdf:resource='http://www.daml.org/2001/09/countries/fips#JA'/>
    <NS0:percent>17</NS0:percent>
  </rdf:Description>
  <rdf:Description rdf:about='#A127669'>
    <rdf:type rdf:resource='http://www.daml.org/2001/12/factbook/factbook-ont#CountryPercent'/>
    <NS0:country rdf:resource='http://www.daml.org/2001/09/countries/fips#RS'/>
    <NS0:percent>1</NS0:percent>
  </rdf:Description>
  <rdf:Description rdf:about='#A56235'>
    <rdf:type rdf:resource='http://www.daml.org/2001/12/factbook/factbook-ont#SexRatioBreakdown'/>
    <NS0:minAge>0</NS0:minAge>
    <NS0:maxAge>0</NS0:maxAge>
    <NS0:ratio>1.05</NS0:ratio>
  </rdf:Description>
  <rdf:Description rdf:about='#A125184'>
    <rdf:type rdf:resource='http://www.daml.org/2001/12/factbook/factbook-ont#CountryPercent'/>
    <NS0:country rdf:resource='http://www.daml.org/2001/09/countries/fips#CH'/>
    <NS0:percent>33</NS0:percent>
  </rdf:Description>
  <rdf:Description rdf:about='#A56390'>
    <rdf:type rdf:resource='http://www.daml.org/2001/12/factbook/factbook-ont#Estimate'/>
    <NS0:year>2000</NS0:year>
  </rdf:Description>
  <rdf:Description rdf:about='#A127664'>
    <rdf:type rdf:resource='http://www.daml.org/2001/12/factbook/factbook-ont#CountryPercent'/>
    <NS0:country rdf:resource='http://www.daml.org/2001/09/countries/fips#GM'/>
    <NS0:percent>4</NS0:percent>
  </rdf:Description>
  <rdf:Description rdf:about='#A56612'>
    <rdf:type rdf:resource='http://www.daml.org/2001/12/factbook/factbook-ont#AirportBreakdown'/>
    <NS0:paved>false</NS0:paved>
    <NS0:maxRunway>913</NS0:maxRunway>
    <NS0:count>8 (2000 est.)</NS0:count>
  </rdf:Description>
  <rdf:Description rdf:about='#A125178'>
    <rdf:type rdf:resource='http://www.daml.org/2001/12/factbook/factbook-ont#CountryPercent'/>
    <NS0:country rdf:resource='http://www.daml.org/2001/09/countries/fips#RS'/>
    <NS0:percent>1</NS0:percent>
  </rdf:Description>
  <rdf:Description rdf:about='#A127659'>
    <rdf:type rdf:resource='http://www.daml.org/2001/12/factbook/factbook-ont#CountryPercent'/>
    <NS0:country rdf:resource='http://www.daml.org/2001/09/countries/fips#CH'/>
    <NS0:percent>5</NS0:percent>
  </rdf:Description>
  <rdf:Description rdf:about='#A56481'>
    <rdf:type rdf:resource='http://www.daml.org/2001/12/factbook/factbook-ont#Estimate'/>
    <NS0:year>1996</NS0:year>
  </rdf:Description>
  <rdf:Description rdf:about='#A56605'>
    <rdf:type rdf:resource='http://www.daml.org/2001/12/factbook/factbook-ont#AirportBreakdown'/>
    <NS0:paved>false</NS0:paved>
    <NS0:minRunway>914</NS0:minRunway>
    <NS0:maxRunway>1523</NS0:maxRunway>
    <NS0:count>13</NS0:count>
  </rdf:Description>
  <rdf:Description rdf:about='#A127699'>
    <NS0:note>1995</NS0:note>
  </rdf:Description>
  <rdf:Description rdf:about='#A56292'>
    <rdf:type rdf:resource='http://www.daml.org/2001/12/factbook/factbook-ont#Estimate'/>
    <NS0:year>1990</NS0:year>
  </rdf:Description>
  <rdf:Description rdf:about='#A125173'>
    <rdf:type rdf:resource='http://www.daml.org/2001/12/factbook/factbook-ont#CountryPercent'/>
    <NS0:country rdf:resource='http://www.daml.org/2001/09/countries/fips#GM'/>
    <NS0:percent>4</NS0:percent>
  </rdf:Description>
  <rdf:Description rdf:about='#A127654'>
    <rdf:type rdf:resource='http://www.daml.org/2001/12/factbook/factbook-ont#CountryPercent'/>
    <NS0:country rdf:resource='http://www.daml.org/2001/09/countries/fips#KS'/>
    <NS0:percent>21</NS0:percent>
  </rdf:Description>
  <rdf:Description rdf:about='#A56410'>
    <rdf:type rdf:resource='http://www.daml.org/2001/12/factbook/factbook-ont#OccupationPercent'/>
    <NS0:occupation rdf:resource='http://www.daml.org/2001/12/factbook/occupations#nonagricultural'/>
    <NS0:percent>64</NS0:percent>
  </rdf:Description>
  <rdf:Description rdf:about='#A125168'>
    <rdf:type rdf:resource='http://www.daml.org/2001/12/factbook/factbook-ont#CountryPercent'/>
    <NS0:country rdf:resource='http://www.daml.org/2001/09/countries/fips#CH'/>
    <NS0:percent>5</NS0:percent>
  </rdf:Description>
  <rdf:Description rdf:about='#A56429'>
    <NS0:year>1999</NS0:year>
  </rdf:Description>
  <rdf:Description rdf:about='#A56598'>
    <rdf:type rdf:resource='http://www.daml.org/2001/12/factbook/factbook-ont#AirportBreakdown'/>
    <NS0:paved>false</NS0:paved>
    <NS0:minRunway>1524</NS0:minRunway>
    <NS0:maxRunway>2437</NS0:maxRunway>
    <NS0:count>24</NS0:count>
  </rdf:Description>
  <rdf:Description rdf:about='#A127649'>
    <rdf:type rdf:resource='http://www.daml.org/2001/12/factbook/factbook-ont#CountryPercent'/>
    <NS0:country rdf:resource='http://www.daml.org/2001/09/countries/fips#JA'/>
    <NS0:percent>28</NS0:percent>
  </rdf:Description>
  <rdf:Description rdf:about='#A56446'>
    <rdf:type rdf:resource='http://www.daml.org/2001/12/factbook/factbook-ont#Estimate'/>
    <NS0:note>f.o.b., 1999</NS0:note>
  </rdf:Description>
  <rdf:Description rdf:about='#A56619'>
    <rdf:type rdf:resource='http://www.daml.org/2001/12/factbook/factbook-ont#Estimate'/>
    <NS0:year>2001</NS0:year>
  </rdf:Description>
  <rdf:Description rdf:about='#A56405'>
    <rdf:type rdf:resource='http://www.daml.org/2001/12/factbook/factbook-ont#OccupationPercent'/>
    <NS0:occupation rdf:resource='http://www.daml.org/2001/12/factbook/occupations#agricultural'/>
    <NS0:percent>36</NS0:percent>
  </rdf:Description>
  <rdf:Description rdf:about='#A125163'>
    <rdf:type rdf:resource='http://www.daml.org/2001/12/factbook/factbook-ont#CountryPercent'/>
    <NS0:country rdf:resource='http://www.daml.org/2001/09/countries/fips#KS'/>
    <NS0:percent>21</NS0:percent>
  </rdf:Description>
  <rdf:Description rdf:about='#A127673'>
    <NS0:note>1995</NS0:note>
  </rdf:Description>
  <rdf:Description rdf:about='#A127644'>
    <rdf:type rdf:resource='http://www.daml.org/2001/12/factbook/factbook-ont#Border'/>
    <NS0:country rdf:resource='http://www.daml.org/2001/09/countries/fips#RS'/>
    <NS0:distance>19</NS0:distance>
  </rdf:Description>
  <rdf:Description rdf:about='#A56591'>
    <rdf:type rdf:resource='http://www.daml.org/2001/12/factbook/factbook-ont#AirportBreakdown'/>
    <NS0:paved>false</NS0:paved>
    <NS0:minRunway>2438</NS0:minRunway>
    <NS0:maxRunway>3047</NS0:maxRunway>
    <NS0:count>3</NS0:count>
  </rdf:Description>
  <rdf:Description rdf:about='#A125158'>
    <rdf:type rdf:resource='http://www.daml.org/2001/12/factbook/factbook-ont#CountryPercent'/>
    <NS0:country rdf:resource='http://www.daml.org/2001/09/countries/fips#JA'/>
    <NS0:percent>28</NS0:percent>
  </rdf:Description>
  <rdf:Description rdf:about='#A127639'>
    <rdf:type rdf:resource='http://www.daml.org/2001/12/factbook/factbook-ont#Border'/>
    <NS0:country rdf:resource='http://www.daml.org/2001/09/countries/fips#KS'/>
    <NS0:distance>238</NS0:distance>
  </rdf:Description>
  <rdf:Description rdf:about='#A56585'>
    <rdf:type rdf:resource='http://www.daml.org/2001/12/factbook/factbook-ont#AirportBreakdown'/>
    <NS0:paved>true</NS0:paved>
    <NS0:maxRunway>913</NS0:maxRunway>
    <NS0:count>1 (2000 est.)</NS0:count>
  </rdf:Description>
  <rdf:Description rdf:about='#A125153'>
    <rdf:type rdf:resource='http://www.daml.org/2001/12/factbook/factbook-ont#Border'/>
    <NS0:country rdf:resource='http://www.daml.org/2001/09/countries/fips#RS'/>
    <NS0:distance>19</NS0:distance>
  </rdf:Description>
  <rdf:Description rdf:about='#A127634'>
    <rdf:type rdf:resource='http://www.daml.org/2001/12/factbook/factbook-ont#Border'/>
    <NS0:country rdf:resource='http://www.daml.org/2001/09/countries/fips#CH'/>
    <NS0:distance>1416</NS0:distance>
  </rdf:Description>
  <rdf:Description rdf:about='#A125148'>
    <rdf:type rdf:resource='http://www.daml.org/2001/12/factbook/factbook-ont#Border'/>
    <NS0:country rdf:resource='http://www.daml.org/2001/09/countries/fips#KS'/>
    <NS0:distance>238</NS0:distance>
  </rdf:Description>
  <rdf:Description rdf:about='#A56578'>
    <rdf:type rdf:resource='http://www.daml.org/2001/12/factbook/factbook-ont#AirportBreakdown'/>
    <NS0:paved>true</NS0:paved>
    <NS0:minRunway>914</NS0:minRunway>
    <NS0:maxRunway>1523</NS0:maxRunway>
    <NS0:count>1</NS0:count>
  </rdf:Description>
  <rdf:Description rdf:about='#A56393'>
    <rdf:type rdf:resource='http://www.daml.org/2001/12/factbook/factbook-ont#Estimate'/>
    <NS0:year>2000</NS0:year>
  </rdf:Description>
  <rdf:Description rdf:about='#A125143'>
    <rdf:type rdf:resource='http://www.daml.org/2001/12/factbook/factbook-ont#Border'/>
    <NS0:country rdf:resource='http://www.daml.org/2001/09/countries/fips#CH'/>
    <NS0:distance>1416</NS0:distance>
  </rdf:Description>
  <rdf:Description rdf:about='#A56571'>
    <rdf:type rdf:resource='http://www.daml.org/2001/12/factbook/factbook-ont#AirportBreakdown'/>
    <NS0:paved>true</NS0:paved>
    <NS0:minRunway>1524</NS0:minRunway>
    <NS0:maxRunway>2437</NS0:maxRunway>
    <NS0:count>8</NS0:count>
  </rdf:Description>
  <rdf:Description rdf:about='#A56431'>
    <NS0:year>1999</NS0:year>
  </rdf:Description>
  <rdf:Description rdf:about='#A56564'>
    <rdf:type rdf:resource='http://www.daml.org/2001/12/factbook/factbook-ont#AirportBreakdown'/>
    <NS0:paved>true</NS0:paved>
    <NS0:minRunway>2438</NS0:minRunway>
    <NS0:maxRunway>3047</NS0:maxRunway>
    <NS0:count>26</NS0:count>
  </rdf:Description>
  <rdf:Description rdf:about='#A56628'>
    <rdf:type rdf:resource='http://www.daml.org/2001/12/factbook/factbook-ont#Estimate'/>
    <NS0:note>FY98</NS0:note>
  </rdf:Description>
  <rdf:Description rdf:about='#A56555'>
    <rdf:type rdf:resource='http://www.daml.org/2001/12/factbook/factbook-ont#Estimate'/>
    <NS0:year>2000</NS0:year>
  </rdf:Description>
  <rdf:Description rdf:about='#A56177'>
    <rdf:type rdf:resource='http://www.daml.org/2001/12/factbook/factbook-ont#ElevationExtreme'/>
    <NS0:name>Paektu-san</NS0:name>
    <NS0:elevation>2744</NS0:elevation>
  </rdf:Description>
  <rdf:Description rdf:about='#A56558'>
    <rdf:type rdf:resource='http://www.daml.org/2001/12/factbook/factbook-ont#AirportBreakdown'/>
    <NS0:paved>true</NS0:paved>
    <NS0:minRunway>3048</NS0:minRunway>
    <NS0:count>3</NS0:count>
  </rdf:Description>
  <rdf:Description rdf:about='#A56401'>
    <rdf:type rdf:resource='http://www.daml.org/2001/12/factbook/factbook-ont#Estimate'/>
    <NS0:year>1999</NS0:year>
  </rdf:Description>
  <rdf:Description rdf:about='#A56172'>
    <rdf:type rdf:resource='http://www.daml.org/2001/12/factbook/factbook-ont#ElevationExtreme'/>
    <NS0:name>Sea of Japan</NS0:name>
    <NS0:elevation>0</NS0:elevation>
  </rdf:Description>
  <rdf:Description rdf:about='#A56433'>
    <NS0:year>1999</NS0:year>
  </rdf:Description>
  <rdf:Description rdf:about='#A56551'>
    <rdf:type rdf:resource='http://www.daml.org/2001/12/factbook/factbook-ont#Port'/>
    <NS0:name>Wonsan</NS0:name>
  </rdf:Description>
  <rdf:Description rdf:about='#A56547'>
    <rdf:type rdf:resource='http://www.daml.org/2001/12/factbook/factbook-ont#Port'/>
    <NS0:name>Ungsang</NS0:name>
  </rdf:Description>
  <rdf:Description rdf:about='#A56355'>
    <rdf:type rdf:resource='#Province'/>
    <NS0:name>Yanggang-do</NS0:name>
  </rdf:Description>
  <rdf:Description rdf:about='#A56223'>
    <rdf:type rdf:resource='http://www.daml.org/2001/12/factbook/factbook-ont#Estimate'/>
    <NS0:year>2001</NS0:year>
  </rdf:Description>
  <rdf:Description rdf:about='#SpecialCity'>
    <rdf:type rdf:resource='http://www.w3.org/2000/01/rdf-schema#Class'/>
    <rdfs:subClassOf rdf:resource='http://www.daml.org/2001/12/factbook/factbook-ont#AdministrativeDivision'/>
    <rdfs:label>SpecialCity</rdfs:label>
  </rdf:Description>
  <rdf:Description rdf:about='#A56435'>
    <NS0:year>1999</NS0:year>
  </rdf:Description>
  <rdf:Description rdf:about='#A56543'>
    <rdf:type rdf:resource='http://www.daml.org/2001/12/factbook/factbook-ont#Port'/>
    <NS0:name>Sonbong</NS0:name>
  </rdf:Description>
  <rdf:Description rdf:about='#A56396'>
    <rdf:type rdf:resource='http://www.daml.org/2001/12/factbook/factbook-ont#Estimate'/>
    <NS0:year>2000</NS0:year>
  </rdf:Description>
  <rdf:Description rdf:about='http://www.daml.org/2001/09/countries/fips#KN'>
    <NS0:background>Following World War II, Korea was split into a northern, communist half and a southern, Western-oriented half. KIM Chong-il has ruled North Korea since his father and the country&apos;s founder, president KIM Il-song, died in 1994. After decades of mismanagement, the North relies heavily on international food aid to feed its population, while continuing to expend resources to maintain an army of about 1 million. North Korea&apos;s long-range missile development and research into nuclear and chemical weapons are of major concern to the international community.</NS0:background>
    <NS0:location>Eastern Asia, northern half of the Korean Peninsula bordering the Korea Bay and the Sea of Japan, between China and South Korea</NS0:location>
    <NS0:geographicCoordinates rdf:resource='#A56156'/>
    <NS0:mapReferences>Asia</NS0:mapReferences>
    <NS0:totalArea>120540</NS0:totalArea>
    <NS0:landArea>120410</NS0:landArea>
    <NS0:waterArea>130</NS0:waterArea>
    <NS0:comparativeArea>slightly smaller than Mississippi</NS0:comparativeArea>
    <NS0:landBoundaries>1673</NS0:landBoundaries>
    <NS0:coastline>2495</NS0:coastline>
    <NS0:territorialSea>12</NS0:territorialSea>
    <NS0:exclusiveEconomicZone>200</NS0:exclusiveEconomicZone>
    <NS0:climate>temperate with rainfall concentrated in summer</NS0:climate>
    <NS0:terrain>mostly hills and mountains separated by deep, narrow valleys; coastal plains wide in west, discontinuous in east</NS0:terrain>
    <NS0:lowestPoint rdf:resource='#A56172'/>
    <NS0:highestPoint rdf:resource='#A56177'/>
    <NS0:naturalResource rdf:resource='http://www.daml.org/2001/12/factbook/naturalResources#coal'/>
    <NS0:naturalResource rdf:resource='http://www.daml.org/2001/12/factbook/naturalResources#lead'/>
    <NS0:naturalResource rdf:resource='http://www.daml.org/2001/12/factbook/naturalResources#tungsten'/>
    <NS0:naturalResource rdf:resource='http://www.daml.org/2001/12/factbook/naturalResources#zinc'/>
    <NS0:naturalResource rdf:resource='http://www.daml.org/2001/12/factbook/naturalResources#graphite'/>
    <NS0:naturalResource rdf:resource='http://www.daml.org/2001/12/factbook/naturalResources#magnesite'/>
    <NS0:naturalResource rdf:resource='http://www.daml.org/2001/12/factbook/naturalResources#iron_ore'/>
    <NS0:naturalResource rdf:resource='http://www.daml.org/2001/12/factbook/naturalResources#copper'/>
    <NS0:naturalResource rdf:resource='http://www.daml.org/2001/12/factbook/naturalResources#gold'/>
    <NS0:naturalResource rdf:resource='http://www.daml.org/2001/12/factbook/naturalResources#pyrites'/>
    <NS0:naturalResource rdf:resource='http://www.daml.org/2001/12/factbook/naturalResources#salt'/>
    <NS0:naturalResource rdf:resource='http://www.daml.org/2001/12/factbook/naturalResources#fluorspar'/>
    <NS0:naturalResource rdf:resource='http://www.daml.org/2001/12/factbook/naturalResources#hydropower'/>
    <NS0:arableLand>14</NS0:arableLand>
    <NS0:permanentCrops>2</NS0:permanentCrops>
    <NS0:permanentPastures>0</NS0:permanentPastures>
    <NS0:forestsAndWoodland>61</NS0:forestsAndWoodland>
    <NS0:otherLandUse rdf:ID='A56199'>23</NS0:otherLandUse>
    <NS0:irrigatedLand rdf:ID='A56202'>14600</NS0:irrigatedLand>
    <NS0:naturalHazard>late spring droughts often followed by severe flooding</NS0:naturalHazard>
    <NS0:naturalHazard>occasional typhoons during the early fall</NS0:naturalHazard>
    <NS0:environmentalIssue>water pollution</NS0:environmentalIssue>
    <NS0:environmentalIssue>inadequate supplies of potable water</NS0:environmentalIssue>
    <NS0:environmentalIssue>water-borne disease</NS0:environmentalIssue>
    <NS0:environmentalIssue>deforestation</NS0:environmentalIssue>
    <NS0:environmentalIssue>soil erosion and degradation</NS0:environmentalIssue>
    <NS0:environmentalAgreementPartyTo rdf:resource='http://www.daml.org/2001/12/factbook/environmentalAgreements#Antarctic_Treaty'/>
    <NS0:environmentalAgreementPartyTo rdf:resource='http://www.daml.org/2001/12/factbook/environmentalAgreements#Biodiversity'/>
    <NS0:environmentalAgreementPartyTo rdf:resource='http://www.daml.org/2001/12/factbook/environmentalAgreements#Climate_Change'/>
    <NS0:environmentalAgreementPartyTo rdf:resource='http://www.daml.org/2001/12/factbook/environmentalAgreements#Environmental_Modification'/>
    <NS0:environmentalAgreementPartyTo rdf:resource='http://www.daml.org/2001/12/factbook/environmentalAgreements#Ozone_Layer_Protection'/>
    <NS0:environmentalAgreementPartyTo rdf:resource='http://www.daml.org/2001/12/factbook/environmentalAgreements#Ship_Pollution'/>
    <NS0:environmentalAgreementSigned rdf:resource='http://www.daml.org/2001/12/factbook/environmentalAgreements#Antarctic-Environmental_Protocol'/>
    <NS0:environmentalAgreementSigned rdf:resource='http://www.daml.org/2001/12/factbook/environmentalAgreements#Law_of_the_Sea'/>
    <NS0:population rdf:ID='A56220'>21968228</NS0:population>
    <NS0:populationGrowthRate rdf:ID='A56223'>1.22</NS0:populationGrowthRate>
    <NS0:birthRate rdf:ID='A56226'>19.1</NS0:birthRate>
    <NS0:deathRate rdf:ID='A56229'>6.92</NS0:deathRate>
    <NS0:netMigrationRate rdf:ID='A56232'>0</NS0:netMigrationRate>
    <NS0:sexRatio rdf:resource='#A56235'/>
    <NS0:sexRatio rdf:resource='#A56241'/>
    <NS0:sexRatio rdf:resource='#A56247'/>
    <NS0:sexRatio rdf:resource='#A56253'/>
    <NS0:sexRatio rdf:ID='A56261' rdf:resource='#A56258'/>
    <NS0:infantMortalityRate rdf:ID='A56264'>23.55</NS0:infantMortalityRate>
    <NS0:totalFertilityRate rdf:ID='A56267'>2.26</NS0:totalFertilityRate>
    <NS0:nationalityNoun>Korean(s)</NS0:nationalityNoun>
    <NS0:nationalityAdjective>Korean</NS0:nationalityAdjective>
    <NS0:ethnicGroup rdf:resource='#A56272'/>
    <NS0:religion rdf:resource='#A56276'/>
    <NS0:religion rdf:ID='A56283' rdf:resource='#A56280'/>
    <NS0:language rdf:resource='#A56285'/>
    <NS0:literacyDefinition>age 15 and over can read and write Korean</NS0:literacyDefinition>
    <NS0:literacyTotal>99</NS0:literacyTotal>
    <NS0:literacyMale>99</NS0:literacyMale>
    <NS0:literacyFemale rdf:ID='A56292'>99</NS0:literacyFemale>
    <NS0:conventionalLongCountryName>Democratic People&apos;s Republic of Korea</NS0:conventionalLongCountryName>
    <NS0:conventionalShortCountryName>North Korea</NS0:conventionalShortCountryName>
    <NS0:localLongCountryName>Choson-minjujuui-inmin-konghwaguk</NS0:localLongCountryName>
    <NS0:localShortCountryName>none</NS0:localShortCountryName>
    <NS0:countryAbbreviation>DPRK</NS0:countryAbbreviation>
    <NS0:governmentType rdf:resource='http://www.daml.org/2001/12/factbook/governmentTypes#authoritarian_socialist;_one-man_dictatorship'/>
    <NS0:capital rdf:resource='#A56301'/>
    <NS0:administrativeDivision rdf:resource='#A56311'/>
    <NS0:administrativeDivision rdf:resource='#A56315'/>
    <NS0:administrativeDivision rdf:resource='#A56319'/>
    <NS0:administrativeDivision rdf:resource='#A56323'/>
    <NS0:administrativeDivision rdf:resource='#A56327'/>
    <NS0:administrativeDivision rdf:resource='#A56331'/>
    <NS0:administrativeDivision rdf:resource='#A56335'/>
    <NS0:administrativeDivision rdf:resource='#A56339'/>
    <NS0:administrativeDivision rdf:resource='#A56343'/>
    <NS0:administrativeDivision rdf:resource='#A56347'/>
    <NS0:administrativeDivision rdf:resource='#A56351'/>
    <NS0:administrativeDivision rdf:resource='#A56355'/>
    <NS0:independence>15 August 1945 (from Japan)</NS0:independence>
    <NS0:constitution>adopted 1948, completely revised 27 December 1972, revised again in April 1992 and September 1998</NS0:constitution>
    <NS0:legalSystem>based on German civil law system with Japanese influences and Communist legal theory; no judicial review of legislative acts; has not accepted compulsory ICJ jurisdiction</NS0:legalSystem>
    <NS0:suffrage>17 years of age; universal</NS0:suffrage>
    <NS0:participatesIn rdf:resource='http://www.daml.org/2001/12/factbook/internationalOrganizations#ARF'/>
    <NS0:participatesIn rdf:resource='http://www.daml.org/2001/12/factbook/internationalOrganizations#ESCAP'/>
    <NS0:participatesIn rdf:resource='http://www.daml.org/2001/12/factbook/internationalOrganizations#FAO'/>
    <NS0:participatesIn rdf:resource='http://www.daml.org/2001/12/factbook/internationalOrganizations#G-77'/>
    <NS0:participatesIn rdf:resource='http://www.daml.org/2001/12/factbook/internationalOrganizations#ICAO'/>
    <NS0:participatesIn rdf:resource='http://www.daml.org/2001/12/factbook/internationalOrganizations#ICRM'/>
    <NS0:participatesIn rdf:resource='http://www.daml.org/2001/12/factbook/internationalOrganizations#IFAD'/>
    <NS0:participatesIn rdf:resource='http://www.daml.org/2001/12/factbook/internationalOrganizations#IFRCS'/>
    <NS0:participatesIn rdf:resource='http://www.daml.org/2001/12/factbook/internationalOrganizations#IHO'/>
    <NS0:participatesIn rdf:resource='http://www.daml.org/2001/12/factbook/internationalOrganizations#IMO'/>
    <NS0:participatesIn rdf:resource='http://www.daml.org/2001/12/factbook/internationalOrganizations#Intelsat'/>
    <NS0:participatesIn rdf:resource='http://www.daml.org/2001/12/factbook/internationalOrganizations#IOC'/>
    <NS0:participatesIn rdf:resource='http://www.daml.org/2001/12/factbook/internationalOrganizations#ISO'/>
    <NS0:participatesIn rdf:resource='http://www.daml.org/2001/12/factbook/internationalOrganizations#ITU'/>
    <NS0:participatesIn rdf:resource='http://www.daml.org/2001/12/factbook/internationalOrganizations#NAM'/>
    <NS0:participatesIn rdf:resource='http://www.daml.org/2001/12/factbook/internationalOrganizations#UN'/>
    <NS0:participatesIn rdf:resource='http://www.daml.org/2001/12/factbook/internationalOrganizations#UNCTAD'/>
    <NS0:participatesIn rdf:resource='http://www.daml.org/2001/12/factbook/internationalOrganizations#UNESCO'/>
    <NS0:participatesIn rdf:resource='http://www.daml.org/2001/12/factbook/internationalOrganizations#UNIDO'/>
    <NS0:participatesIn rdf:resource='http://www.daml.org/2001/12/factbook/internationalOrganizations#UPU'/>
    <NS0:participatesIn rdf:resource='http://www.daml.org/2001/12/factbook/internationalOrganizations#WFTU'/>
    <NS0:participatesIn rdf:resource='http://www.daml.org/2001/12/factbook/internationalOrganizations#WHO'/>
    <NS0:participatesIn rdf:resource='http://www.daml.org/2001/12/factbook/internationalOrganizations#WIPO'/>
    <NS0:participatesIn rdf:resource='http://www.daml.org/2001/12/factbook/internationalOrganizations#WMO'/>
    <NS0:participatesIn rdf:resource='http://www.daml.org/2001/12/factbook/internationalOrganizations#WToO'/>
    <NS0:flagDescription>three horizontal bands of blue (top), red (triple width), and blue; the red band is edged in white; on the hoist side of the red band is a white disk with a red five-pointed star</NS0:flagDescription>
    <NS0:economyOverview>North Korea, one of the world&apos;s most centrally planned and isolated economies, faces desperate economic conditions. Industrial capital stock is nearly beyond repair as a result of years of underinvestment and spare parts shortages. The nation faces its seventh year of food shortages because of weather-related problems, including major drought in 2000, and chronic shortages of fertilizer and fuel. Massive international food aid deliveries have allowed the regime to escape the major consequence of spreading economic failure, such as mass starvation, but the population remains vulnerable to prolonged malnutrition and deteriorating living conditions. Large-scale military spending eats up resources needed for expanding investment and consumption goods. In 2000, the regime placed emphasis on expanding foreign trade links, embracing modern technology, and attracting foreign investment, but in no way at the expense of relinquishing central control over key national assets or undergoing market-oriented reforms.</NS0:economyOverview>
    <NS0:grossDomesticProduct rdf:ID='A56390'>22000000000</NS0:grossDomesticProduct>
    <NS0:grossDomesticProductRealGrowth rdf:ID='A56393'>-3</NS0:grossDomesticProductRealGrowth>
    <NS0:grossDomesticProductPerCapita rdf:ID='A56396'>1000</NS0:grossDomesticProductPerCapita>
    <NS0:grossDomesticProductAgriculture>30</NS0:grossDomesticProductAgriculture>
    <NS0:grossDomesticProductIndustry>42</NS0:grossDomesticProductIndustry>
    <NS0:grossDomesticProductServices rdf:ID='A56401'>28</NS0:grossDomesticProductServices>
    <NS0:laborForce>9600000</NS0:laborForce>
    <NS0:occupation rdf:resource='#A56405'/>
    <NS0:occupation rdf:resource='#A56410'/>
    <NS0:industry rdf:resource='http://www.daml.org/2001/12/factbook/industries#military_products'/>
    <NS0:industry rdf:resource='http://www.daml.org/2001/12/factbook/industries#machine_building'/>
    <NS0:industry rdf:resource='http://www.daml.org/2001/12/factbook/industries#electric_power'/>
    <NS0:industry rdf:resource='http://www.daml.org/2001/12/factbook/industries#chemicals'/>
    <NS0:industry rdf:resource='http://www.daml.org/2001/12/factbook/industries#mining'/>
    <NS0:industry rdf:resource='http://www.daml.org/2001/12/factbook/industries#metallurgy'/>
    <NS0:industry rdf:resource='http://www.daml.org/2001/12/factbook/industries#textiles'/>
    <NS0:industry rdf:resource='http://www.daml.org/2001/12/factbook/industries#food_processing'/>
    <NS0:industry rdf:resource='http://www.daml.org/2001/12/factbook/industries#tourism'/>
    <NS0:electricityProduction rdf:ID='A56424'>28600000000</NS0:electricityProduction>
    <NS0:electricityProductionFossilFuel>34.62</NS0:electricityProductionFossilFuel>
    <NS0:electricityProductionHydro>65.38</NS0:electricityProductionHydro>
    <NS0:electricityProductionNuclear>0</NS0:electricityProductionNuclear>
    <NS0:electricityProductionOther rdf:ID='A56429'>0</NS0:electricityProductionOther>
    <NS0:electricityConsumption rdf:ID='A56431'>26598000000</NS0:electricityConsumption>
    <NS0:electricityExports rdf:ID='A56433'>0</NS0:electricityExports>
    <NS0:electricityImports rdf:ID='A56435'>0</NS0:electricityImports>
    <NS0:agricultureProduct rdf:resource='http://www.daml.org/2001/12/factbook/agricultureProducts#rice'/>
    <NS0:agricultureProduct rdf:resource='http://www.daml.org/2001/12/factbook/agricultureProducts#corn'/>
    <NS0:agricultureProduct rdf:resource='http://www.daml.org/2001/12/factbook/agricultureProducts#potatoes'/>
    <NS0:agricultureProduct rdf:resource='http://www.daml.org/2001/12/factbook/agricultureProducts#soybeans'/>
    <NS0:agricultureProduct rdf:resource='http://www.daml.org/2001/12/factbook/agricultureProducts#pulses'/>
    <NS0:agricultureProduct rdf:resource='http://www.daml.org/2001/12/factbook/agricultureProducts#cattle'/>
    <NS0:agricultureProduct rdf:resource='http://www.daml.org/2001/12/factbook/agricultureProducts#pigs'/>
    <NS0:agricultureProduct rdf:resource='http://www.daml.org/2001/12/factbook/agricultureProducts#pork'/>
    <NS0:agricultureProduct rdf:resource='http://www.daml.org/2001/12/factbook/agricultureProducts#eggs'/>
    <NS0:exports rdf:ID='A56446'>520000000</NS0:exports>
    <NS0:exportsCommodity rdf:resource='#A56449'/>
    <NS0:exportsCommodity rdf:resource='#A56453'/>
    <NS0:exportsCommodity rdf:ID='A56460' rdf:resource='#A56457'/>
    <NS0:imports rdf:ID='A56462'>960000000</NS0:imports>
    <NS0:importsCommodity rdf:resource='#A56465'/>
    <NS0:importsCommodity rdf:resource='#A56469'/>
    <NS0:importsCommodity rdf:resource='#A56473'/>
    <NS0:importsCommodity rdf:resource='#A56477'/>
    <NS0:externalDebt rdf:ID='A56481'>12000000000</NS0:externalDebt>
    <NS0:currency>North Korean won (KPW)</NS0:currency>
    <NS0:currencyCode>KPW</NS0:currencyCode>
    <NS0:fiscalYear>calendar year</NS0:fiscalYear>
    <NS0:mainTelephoneLines rdf:ID='A56487'>1100000</NS0:mainTelephoneLines>
    <NS0:telephoneSystemGeneralAssessment>NA</NS0:telephoneSystemGeneralAssessment>
    <NS0:telephoneSystemDomestic>NA</NS0:telephoneSystemDomestic>
    <NS0:telephoneSystemInternational>satellite earth stations - 1 Intelsat (Indian Ocean) and 1 Russian (Indian Ocean region); other international connections through Moscow and Beijing</NS0:telephoneSystemInternational>
    <NS0:radios rdf:ID='A56492'>3360000</NS0:radios>
    <NS0:televisionBroadcastStations rdf:ID='A56494'>38</NS0:televisionBroadcastStations>
    <NS0:televisions rdf:ID='A56496'>1200000</NS0:televisions>
    <NS0:internetCountryCode>.kp</NS0:internetCountryCode>
    <NS0:internetServiceProviders rdf:ID='A56499'>1</NS0:internetServiceProviders>
    <NS0:railwaysTotal>5000</NS0:railwaysTotal>
    <NS0:highwaysTotal>31200</NS0:highwaysTotal>
    <NS0:highwaysPaved>1997</NS0:highwaysPaved>
    <NS0:highwaysUnpaved rdf:ID='A56504'>29203</NS0:highwaysUnpaved>
    <NS0:waterways>2253</NS0:waterways>
    <NS0:port rdf:resource='#A56507'/>
    <NS0:port rdf:resource='#A56511'/>
    <NS0:port rdf:resource='#A56515'/>
    <NS0:port rdf:resource='#A56519'/>
    <NS0:port rdf:resource='#A56523'/>
    <NS0:port rdf:resource='#A56527'/>
    <NS0:port rdf:resource='#A56531'/>
    <NS0:port rdf:resource='#A56535'/>
    <NS0:port rdf:resource='#A56539'/>
    <NS0:port rdf:resource='#A56543'/>
    <NS0:port rdf:resource='#A56547'/>
    <NS0:port rdf:resource='#A56551'/>
    <NS0:airports rdf:ID='A56555'>87</NS0:airports>
    <NS0:airportBreakdown rdf:resource='#A56558'/>
    <NS0:airportBreakdown rdf:resource='#A56564'/>
    <NS0:airportBreakdown rdf:resource='#A56571'/>
    <NS0:airportBreakdown rdf:resource='#A56578'/>
    <NS0:airportBreakdown rdf:resource='#A56585'/>
    <NS0:airportBreakdown rdf:resource='#A56591'/>
    <NS0:airportBreakdown rdf:resource='#A56598'/>
    <NS0:airportBreakdown rdf:resource='#A56605'/>
    <NS0:airportBreakdown rdf:resource='#A56612'/>
    <NS0:militaryAge>18</NS0:militaryAge>
    <NS0:malesOfMilitaryAge rdf:ID='A56619'>5943735</NS0:malesOfMilitaryAge>
    <NS0:malesFitForMilitaryService rdf:ID='A56622'>3574050</NS0:malesFitForMilitaryService>
    <NS0:malesReachingMilitaryAgeAnnually rdf:ID='A56625'>179136</NS0:malesReachingMilitaryAgeAnnually>
    <NS0:militaryExpendituresPercentGDP rdf:ID='A56628'>25% to 33</NS0:militaryExpendituresPercentGDP>
    <NS0:internationalDispute>33-km section of boundary with China in the Paektu-san area is indefinite</NS0:internationalDispute>
    <NS0:internationalDispute>Demarcation Line with South Korea</NS0:internationalDispute>
    <NS0:smallFlag>http://www.cia.gov/cia/publications/factbook/flags/kn-flag.jpg</NS0:smallFlag>
    <NS0:largeFlag>http://www.cia.gov/cia/publications/factbook/flags/kn-lgflag.jpg</NS0:largeFlag>
    <NS0:map>http://www.cia.gov/cia/publications/factbook/maps/kn-map.jpg</NS0:map>
    <NS0:border rdf:resource='#A125143'/>
    <NS0:border rdf:resource='#A125148'/>
    <NS0:border rdf:resource='#A125153'/>
    <NS0:exportPartner rdf:resource='#A125158'/>
    <NS0:exportPartner rdf:resource='#A125163'/>
    <NS0:exportPartner rdf:resource='#A125168'/>
    <NS0:exportPartner rdf:resource='#A125173'/>
    <NS0:exportPartner rdf:ID='A125182' rdf:resource='#A125178'/>
    <NS0:importPartner rdf:resource='#A125184'/>
    <NS0:importPartner rdf:resource='#A125189'/>
    <NS0:importPartner rdf:resource='#A125194'/>
    <NS0:importPartner rdf:resource='#A125199'/>
    <NS0:importPartner rdf:ID='A125208' rdf:resource='#A125204'/>
    <NS0:border rdf:resource='#A127634'/>
    <NS0:border rdf:resource='#A127639'/>
    <NS0:border rdf:resource='#A127644'/>
    <NS0:exportPartner rdf:resource='#A127649'/>
    <NS0:exportPartner rdf:resource='#A127654'/>
    <NS0:exportPartner rdf:resource='#A127659'/>
    <NS0:exportPartner rdf:resource='#A127664'/>
    <NS0:exportPartner rdf:ID='A127673' rdf:resource='#A127669'/>
    <NS0:importPartner rdf:resource='#A127675'/>
    <NS0:importPartner rdf:resource='#A127680'/>
    <NS0:importPartner rdf:resource='#A127685'/>
    <NS0:importPartner rdf:resource='#A127690'/>
    <NS0:importPartner rdf:ID='A127699' rdf:resource='#A127695'/>
  </rdf:Description>
  <rdf:Description rdf:about='#A56351'>
    <rdf:type rdf:resource='#SpecialCity'/>
    <NS0:name>P&apos;yongyang-si</NS0:name>
  </rdf:Description>
  <rdf:Description rdf:about='#A56539'>
    <rdf:type rdf:resource='http://www.daml.org/2001/12/factbook/factbook-ont#Port'/>
    <NS0:name>Songnim</NS0:name>
  </rdf:Description>
  <rdf:Description rdf:about='#A56156'>
    <rdf:type rdf:resource='http://www.daml.org/2001/12/factbook/factbook-ont#LatLon'/>
    <NS0:latitude>40.0</NS0:latitude>
    <NS0:longitude>127.0</NS0:longitude>
  </rdf:Description>
  <rdf:Description rdf:about='#A56347'>
    <rdf:type rdf:resource='#Province'/>
    <NS0:name>P&apos;yongan-namdo</NS0:name>
  </rdf:Description>
  <rdf:Description rdf:about='#A56494'>
    <NS0:year>1999</NS0:year>
  </rdf:Description>
</rdf:RDF>
