<?xml version='1.0' encoding='ISO-8859-1'?>
<rdf:RDF
  xmlns:rdf='http://www.w3.org/1999/02/22-rdf-syntax-ns#'
  xmlns:NS0='http://www.daml.org/2001/12/factbook/factbook-ont#'
  xmlns:rdfs='http://www.w3.org/2000/01/rdf-schema#'
  xml:base="http://www.daml.org/2001/12/factbook/kr">
  <rdf:Description rdf:about='#A56776'>
    <rdf:type rdf:resource='http://www.daml.org/2001/12/factbook/factbook-ont#Estimate'/>
    <NS0:year>2001</NS0:year>
  </rdf:Description>
  <rdf:Description rdf:about='#A56891'>
    <rdf:type rdf:resource='http://www.daml.org/2001/12/factbook/factbook-ont#Estimate'/>
    <NS0:year>1996</NS0:year>
  </rdf:Description>
  <rdf:Description rdf:about='#A125141'>
    <NS0:note>1999</NS0:note>
  </rdf:Description>
  <rdf:Description rdf:about='#A56709'>
    <rdf:type rdf:resource='http://www.daml.org/2001/12/factbook/factbook-ont#ElevationExtreme'/>
    <NS0:name>unnamed location on Banaba</NS0:name>
    <NS0:elevation>81</NS0:elevation>
  </rdf:Description>
  <rdf:Description rdf:about='#A56904'>
    <rdf:type rdf:resource='http://www.daml.org/2001/12/factbook/factbook-ont#Estimate'/>
    <NS0:year>1992</NS0:year>
  </rdf:Description>
  <rdf:Description rdf:about='#A56978'>
    <NS0:year>1997</NS0:year>
  </rdf:Description>
  <rdf:Description rdf:about='#A56704'>
    <rdf:type rdf:resource='http://www.daml.org/2001/12/factbook/factbook-ont#ElevationExtreme'/>
    <NS0:name>Pacific Ocean</NS0:name>
    <NS0:elevation>0</NS0:elevation>
  </rdf:Description>
  <rdf:Description rdf:about='#A56735'>
    <rdf:type rdf:resource='http://www.daml.org/2001/12/factbook/factbook-ont#Estimate'/>
    <NS0:note>July 2001</NS0:note>
  </rdf:Description>
  <rdf:Description rdf:about='#A56741'>
    <rdf:type rdf:resource='http://www.daml.org/2001/12/factbook/factbook-ont#Estimate'/>
    <NS0:year>2001</NS0:year>
  </rdf:Description>
  <rdf:Description rdf:about='#A56689'>
    <rdf:type rdf:resource='http://www.daml.org/2001/12/factbook/factbook-ont#LatLon'/>
    <NS0:latitude>1.4166666666666667</NS0:latitude>
    <NS0:longitude>173.0</NS0:longitude>
  </rdf:Description>
  <rdf:Description rdf:about='#A56981'>
    <NS0:year>2000</NS0:year>
  </rdf:Description>
  <rdf:Description rdf:about='#A56779'>
    <rdf:type rdf:resource='http://www.daml.org/2001/12/factbook/factbook-ont#Estimate'/>
    <NS0:year>2001</NS0:year>
  </rdf:Description>
  <rdf:Description rdf:about='#A56894'>
    <rdf:type rdf:resource='http://www.daml.org/2001/12/factbook/factbook-ont#Estimate'/>
    <NS0:year>1999</NS0:year>
  </rdf:Description>
  <rdf:Description rdf:about='#A56747'>
    <rdf:type rdf:resource='http://www.daml.org/2001/12/factbook/factbook-ont#Estimate'/>
    <NS0:year>2001</NS0:year>
  </rdf:Description>
  <rdf:Description rdf:about='#A56963'>
    <rdf:type rdf:resource='http://www.daml.org/2001/12/factbook/factbook-ont#Estimate'/>
    <NS0:year>1999</NS0:year>
  </rdf:Description>
  <rdf:Description rdf:about='#A56897'>
    <rdf:type rdf:resource='http://www.daml.org/2001/12/factbook/factbook-ont#Estimate'/>
    <NS0:year>1992</NS0:year>
  </rdf:Description>
  <rdf:Description rdf:about='#A56883'>
    <rdf:type rdf:resource='http://www.daml.org/2001/12/factbook/factbook-ont#Estimate'/>
    <NS0:year>2000</NS0:year>
  </rdf:Description>
  <rdf:Description rdf:about='#A56848'>
    <rdf:type rdf:resource='#Unit'/>
    <NS0:name>Phoenix Islands</NS0:name>
  </rdf:Description>
  <rdf:Description rdf:about='#A56974'>
    <NS0:year>1997</NS0:year>
  </rdf:Description>
  <rdf:Description rdf:about='#A56844'>
    <rdf:type rdf:resource='#Unit'/>
    <NS0:name>Line Islands</NS0:name>
  </rdf:Description>
  <rdf:Description rdf:about='#A56782'>
    <rdf:type rdf:resource='http://www.daml.org/2001/12/factbook/factbook-ont#Estimate'/>
    <NS0:year>2001</NS0:year>
  </rdf:Description>
  <rdf:Description rdf:about='#A56800'>
    <NS0:note>Congregational</NS0:note>
  </rdf:Description>
  <rdf:Description rdf:about='#A56840'>
    <rdf:type rdf:resource='#Unit'/>
    <NS0:name>Gilbert Islands</NS0:name>
  </rdf:Description>
  <rdf:Description rdf:about='#A56833'>
    <rdf:type rdf:resource='http://www.daml.org/2001/12/factbook/factbook-ont#CapitalCity'/>
    <NS0:name>Tarawa</NS0:name>
  </rdf:Description>
  <rdf:Description rdf:about='#A57022'>
    <rdf:type rdf:resource='http://www.daml.org/2001/12/factbook/factbook-ont#AirportBreakdown'/>
    <NS0:paved>false</NS0:paved>
    <NS0:maxRunway>913</NS0:maxRunway>
    <NS0:count>5 (2000 est.)</NS0:count>
  </rdf:Description>
  <rdf:Description rdf:about='#A56744'>
    <rdf:type rdf:resource='http://www.daml.org/2001/12/factbook/factbook-ont#Estimate'/>
    <NS0:year>2001</NS0:year>
  </rdf:Description>
  <rdf:Description rdf:about='#A56817'>
    <NS0:year>1996</NS0:year>
  </rdf:Description>
  <rdf:Description rdf:about='#A56822'>
    <NS0:note>official</NS0:note>
  </rdf:Description>
  <rdf:Description rdf:about='#A56824'>
    <rdf:type rdf:resource='http://www.daml.org/2001/12/factbook/factbook-ont#LanguagePercent'/>
    <NS0:language rdf:resource='http://www.daml.org/2001/12/factbook/languages#I-Kiribati'/>
  </rdf:Description>
  <rdf:Description rdf:about='#A57015'>
    <rdf:type rdf:resource='http://www.daml.org/2001/12/factbook/factbook-ont#AirportBreakdown'/>
    <NS0:paved>false</NS0:paved>
    <NS0:minRunway>914</NS0:minRunway>
    <NS0:maxRunway>1523</NS0:maxRunway>
    <NS0:count>12</NS0:count>
  </rdf:Description>
  <rdf:Description rdf:about='#A56886'>
    <rdf:type rdf:resource='http://www.daml.org/2001/12/factbook/factbook-ont#Estimate'/>
    <NS0:year>2000</NS0:year>
  </rdf:Description>
  <rdf:Description rdf:about='#A56985'>
    <NS0:year>1996</NS0:year>
  </rdf:Description>
  <rdf:Description rdf:about='#A56819'>
    <rdf:type rdf:resource='http://www.daml.org/2001/12/factbook/factbook-ont#LanguagePercent'/>
    <NS0:language rdf:resource='http://www.daml.org/2001/12/factbook/languages#English'/>
  </rdf:Description>
  <rdf:Description rdf:about='#A57005'>
    <rdf:type rdf:resource='http://www.daml.org/2001/12/factbook/factbook-ont#Estimate'/>
    <NS0:year>2000</NS0:year>
  </rdf:Description>
  <rdf:Description rdf:about='#Unit'>
    <rdf:type rdf:resource='http://www.w3.org/2000/01/rdf-schema#Class'/>
    <rdfs:subClassOf rdf:resource='http://www.daml.org/2001/12/factbook/factbook-ont#AdministrativeDivision'/>
    <rdfs:label>Unit</rdfs:label>
  </rdf:Description>
  <rdf:Description rdf:about='#A57008'>
    <rdf:type rdf:resource='http://www.daml.org/2001/12/factbook/factbook-ont#AirportBreakdown'/>
    <NS0:paved>true</NS0:paved>
    <NS0:minRunway>1524</NS0:minRunway>
    <NS0:maxRunway>2437</NS0:maxRunway>
    <NS0:count>4 (2000 est.)</NS0:count>
  </rdf:Description>
  <rdf:Description rdf:about='#A56976'>
    <NS0:year>1997</NS0:year>
  </rdf:Description>
  <rdf:Description rdf:about='#A56814'>
    <rdf:type rdf:resource='http://www.daml.org/2001/12/factbook/factbook-ont#ReligionPercent'/>
    <NS0:religion rdf:resource='http://www.daml.org/2001/12/factbook/religions#Church_of_God'/>
  </rdf:Description>
  <rdf:Description rdf:about='#A56983'>
    <NS0:year>2000</NS0:year>
  </rdf:Description>
  <rdf:Description rdf:about='#A56810'>
    <rdf:type rdf:resource='http://www.daml.org/2001/12/factbook/factbook-ont#ReligionPercent'/>
    <NS0:religion rdf:resource='http://www.daml.org/2001/12/factbook/religions#Latter-day_Saints'/>
  </rdf:Description>
  <rdf:Description rdf:about='#A57001'>
    <rdf:type rdf:resource='http://www.daml.org/2001/12/factbook/factbook-ont#Port'/>
    <NS0:name>Kanton</NS0:name>
  </rdf:Description>
  <rdf:Description rdf:about='#A56914'>
    <NS0:year>1999</NS0:year>
  </rdf:Description>
  <rdf:Description rdf:about='#A56806'>
    <rdf:type rdf:resource='http://www.daml.org/2001/12/factbook/factbook-ont#ReligionPercent'/>
    <NS0:religion rdf:resource='http://www.daml.org/2001/12/factbook/religions#Baha_i'/>
  </rdf:Description>
  <rdf:Description rdf:about='#A56997'>
    <rdf:type rdf:resource='http://www.daml.org/2001/12/factbook/factbook-ont#Port'/>
    <NS0:name>English Harbor</NS0:name>
  </rdf:Description>
  <rdf:Description rdf:about='#A56802'>
    <rdf:type rdf:resource='http://www.daml.org/2001/12/factbook/factbook-ont#ReligionPercent'/>
    <NS0:religion rdf:resource='http://www.daml.org/2001/12/factbook/religions#some_Seventh-Day_Adventist'/>
  </rdf:Description>
  <rdf:Description rdf:about='#A56993'>
    <rdf:type rdf:resource='http://www.daml.org/2001/12/factbook/factbook-ont#Port'/>
    <NS0:name>Betio</NS0:name>
  </rdf:Description>
  <rdf:Description rdf:about='#A56738'>
    <rdf:type rdf:resource='http://www.daml.org/2001/12/factbook/factbook-ont#Estimate'/>
    <NS0:year>2001</NS0:year>
  </rdf:Description>
  <rdf:Description rdf:about='#A56989'>
    <rdf:type rdf:resource='http://www.daml.org/2001/12/factbook/factbook-ont#Port'/>
    <NS0:name>Banaba</NS0:name>
  </rdf:Description>
  <rdf:Description rdf:about='#A56796'>
    <rdf:type rdf:resource='http://www.daml.org/2001/12/factbook/factbook-ont#ReligionPercent'/>
    <NS0:religion rdf:resource='http://www.daml.org/2001/12/factbook/religions#Protestant'/>
    <NS0:percent>30</NS0:percent>
  </rdf:Description>
  <rdf:Description rdf:about='#A56791'>
    <rdf:type rdf:resource='http://www.daml.org/2001/12/factbook/factbook-ont#ReligionPercent'/>
    <NS0:religion rdf:resource='http://www.daml.org/2001/12/factbook/religions#Roman_Catholic'/>
    <NS0:percent>54</NS0:percent>
  </rdf:Description>
  <rdf:Description rdf:about='#A56787'>
    <rdf:type rdf:resource='http://www.daml.org/2001/12/factbook/factbook-ont#EthnicGroupPercent'/>
    <NS0:ethnicGroup rdf:resource='http://www.daml.org/2001/12/factbook/ethnicGroups#predominantly_Micronesian_with_some_Polynesian'/>
  </rdf:Description>
  <rdf:Description rdf:about='#A56969'>
    <NS0:year>1997</NS0:year>
  </rdf:Description>
  <rdf:Description rdf:about='#A56912'>
    <NS0:year>1999</NS0:year>
  </rdf:Description>
  <rdf:Description rdf:about='#A56907'>
    <NS0:year>1999</NS0:year>
  </rdf:Description>
  <rdf:Description rdf:about='#A56773'>
    <rdf:type rdf:resource='http://www.daml.org/2001/12/factbook/factbook-ont#SexRatioBreakdown'/>
    <NS0:ratio>0.99</NS0:ratio>
  </rdf:Description>
  <rdf:Description rdf:about='#A56719'>
    <rdf:type rdf:resource='http://www.daml.org/2001/12/factbook/factbook-ont#Estimate'/>
    <NS0:year>1993</NS0:year>
  </rdf:Description>
  <rdf:Description rdf:about='#A125120'>
    <NS0:note>1999</NS0:note>
  </rdf:Description>
  <rdf:Description rdf:about='#A56945'>
    <NS0:note>c.i.f., 1999</NS0:note>
  </rdf:Description>
  <rdf:Description rdf:about='#A56768'>
    <rdf:type rdf:resource='http://www.daml.org/2001/12/factbook/factbook-ont#SexRatioBreakdown'/>
    <NS0:minAge>65</NS0:minAge>
    <NS0:ratio>0.75</NS0:ratio>
  </rdf:Description>
  <rdf:Description rdf:about='#A56959'>
    <rdf:type rdf:resource='http://www.daml.org/2001/12/factbook/factbook-ont#CommodityPercent'/>
    <NS0:importsCommodity rdf:resource='http://www.daml.org/2001/12/factbook/commodities#fuel'/>
  </rdf:Description>
  <rdf:Description rdf:about='#A56955'>
    <rdf:type rdf:resource='http://www.daml.org/2001/12/factbook/factbook-ont#CommodityPercent'/>
    <NS0:importsCommodity rdf:resource='http://www.daml.org/2001/12/factbook/commodities#miscellaneous_manufactured_goods'/>
  </rdf:Description>
  <rdf:Description rdf:about='#A56762'>
    <rdf:type rdf:resource='http://www.daml.org/2001/12/factbook/factbook-ont#SexRatioBreakdown'/>
    <NS0:minAge>15</NS0:minAge>
    <NS0:maxAge>64</NS0:maxAge>
    <NS0:ratio>0.97</NS0:ratio>
  </rdf:Description>
  <rdf:Description rdf:about='#A125138'>
    <rdf:type rdf:resource='http://www.daml.org/2001/12/factbook/factbook-ont#CountryPercent'/>
    <NS0:country rdf:resource='http://www.daml.org/2001/09/countries/fips#CH'/>
  </rdf:Description>
  <rdf:Description rdf:about='#A56951'>
    <rdf:type rdf:resource='http://www.daml.org/2001/12/factbook/factbook-ont#CommodityPercent'/>
    <NS0:importsCommodity rdf:resource='http://www.daml.org/2001/12/factbook/commodities#machinery_and_equipment'/>
  </rdf:Description>
  <rdf:Description rdf:about='#A56987'>
    <NS0:note>small network of canals in Line Islands</NS0:note>
  </rdf:Description>
  <rdf:Description rdf:about='#A125134'>
    <rdf:type rdf:resource='http://www.daml.org/2001/12/factbook/factbook-ont#CountryPercent'/>
    <NS0:country rdf:resource='http://www.daml.org/2001/09/countries/fips#NZ'/>
  </rdf:Description>
  <rdf:Description rdf:about='#A56756'>
    <rdf:type rdf:resource='http://www.daml.org/2001/12/factbook/factbook-ont#SexRatioBreakdown'/>
    <NS0:minAge>0</NS0:minAge>
    <NS0:maxAge>14</NS0:maxAge>
    <NS0:ratio>1.03</NS0:ratio>
  </rdf:Description>
  <rdf:Description rdf:about='#A56947'>
    <rdf:type rdf:resource='http://www.daml.org/2001/12/factbook/factbook-ont#CommodityPercent'/>
    <NS0:importsCommodity rdf:resource='http://www.daml.org/2001/12/factbook/commodities#foodstuffs'/>
  </rdf:Description>
  <rdf:Description rdf:about='#A125130'>
    <rdf:type rdf:resource='http://www.daml.org/2001/12/factbook/factbook-ont#CountryPercent'/>
    <NS0:country rdf:resource='http://www.daml.org/2001/09/countries/fips#JA'/>
  </rdf:Description>
  <rdf:Description rdf:about='#A56750'>
    <rdf:type rdf:resource='http://www.daml.org/2001/12/factbook/factbook-ont#SexRatioBreakdown'/>
    <NS0:minAge>0</NS0:minAge>
    <NS0:maxAge>0</NS0:maxAge>
    <NS0:ratio>1.05</NS0:ratio>
  </rdf:Description>
  <rdf:Description rdf:about='#A56941'>
    <rdf:type rdf:resource='http://www.daml.org/2001/12/factbook/factbook-ont#CommodityPercent'/>
    <NS0:exportsCommodity rdf:resource='http://www.daml.org/2001/12/factbook/commodities#fish'/>
  </rdf:Description>
  <rdf:Description rdf:about='#A125126'>
    <rdf:type rdf:resource='http://www.daml.org/2001/12/factbook/factbook-ont#CountryPercent'/>
    <NS0:country rdf:resource='http://www.daml.org/2001/09/countries/fips#FJ'/>
  </rdf:Description>
  <rdf:Description rdf:about='#A56937'>
    <rdf:type rdf:resource='http://www.daml.org/2001/12/factbook/factbook-ont#CommodityPercent'/>
    <NS0:exportsCommodity rdf:resource='http://www.daml.org/2001/12/factbook/commodities#seaweed'/>
  </rdf:Description>
  <rdf:Description rdf:about='#A125122'>
    <rdf:type rdf:resource='http://www.daml.org/2001/12/factbook/factbook-ont#CountryPercent'/>
    <NS0:country rdf:resource='http://www.daml.org/2001/09/countries/fips#AS'/>
  </rdf:Description>
  <rdf:Description rdf:about='#A56933'>
    <rdf:type rdf:resource='http://www.daml.org/2001/12/factbook/factbook-ont#CommodityPercent'/>
    <NS0:exportsCommodity rdf:resource='http://www.daml.org/2001/12/factbook/commodities#coconuts'/>
  </rdf:Description>
  <rdf:Description rdf:about='#A125117'>
    <rdf:type rdf:resource='http://www.daml.org/2001/12/factbook/factbook-ont#CountryPercent'/>
    <NS0:country rdf:resource='http://www.daml.org/2001/09/countries/fips#HK'/>
  </rdf:Description>
  <rdf:Description rdf:about='#A56916'>
    <NS0:year>1999</NS0:year>
  </rdf:Description>
  <rdf:Description rdf:about='#A56926'>
    <NS0:note>f.o.b., 1998</NS0:note>
  </rdf:Description>
  <rdf:Description rdf:about='#A56918'>
    <NS0:year>1999</NS0:year>
  </rdf:Description>
  <rdf:Description rdf:about='http://www.daml.org/2001/09/countries/fips#KR'>
    <NS0:background>The Gilbert Islands were granted self-rule by the UK in 1971 and complete independence in 1979 under the new name of Kiribati. The US relinquished all claims to the sparsely inhabited Phoenix and Line Island groups in a 1979 treaty of friendship with Kiribati.</NS0:background>
    <NS0:location>Oceania, group of islands in the Pacific Ocean, straddling the equator, about one-half of the way from Hawaii to Australia; note - on 1 January 1995, Kiribati proclaimed that all of its territory lies in the same time zone as its Gilbert Islands group (GMT +12) even though the Phoenix Islands and the Line Islands under its jurisdiction lie on the other side of the International Date Line</NS0:location>
    <NS0:geographicCoordinates rdf:resource='#A56689'/>
    <NS0:mapReferences>Oceania</NS0:mapReferences>
    <NS0:totalArea>717</NS0:totalArea>
    <NS0:landArea>717</NS0:landArea>
    <NS0:waterArea>0</NS0:waterArea>
    <NS0:comparativeArea>four times the size of Washington, DC</NS0:comparativeArea>
    <NS0:coastline>1143</NS0:coastline>
    <NS0:exclusiveEconomicZone>200</NS0:exclusiveEconomicZone>
    <NS0:territorialSea>12</NS0:territorialSea>
    <NS0:climate>tropical; marine, hot and humid, moderated by trade winds</NS0:climate>
    <NS0:terrain>mostly low-lying coral atolls surrounded by extensive reefs</NS0:terrain>
    <NS0:lowestPoint rdf:resource='#A56704'/>
    <NS0:highestPoint rdf:resource='#A56709'/>
    <NS0:naturalResource rdf:resource='http://www.daml.org/2001/12/factbook/naturalResources#phosphate'/>
    <NS0:arableLand>0</NS0:arableLand>
    <NS0:permanentCrops>51</NS0:permanentCrops>
    <NS0:permanentPastures>0</NS0:permanentPastures>
    <NS0:forestsAndWoodland>3</NS0:forestsAndWoodland>
    <NS0:otherLandUse rdf:ID='A56719'>46</NS0:otherLandUse>
    <NS0:naturalHazard>typhoons can occur any time, but usually November to March</NS0:naturalHazard>
    <NS0:naturalHazard>occasional tornadoes</NS0:naturalHazard>
    <NS0:naturalHazard>low level of some of the islands make them very sensitive to changes in sea level</NS0:naturalHazard>
    <NS0:environmentalIssue>heavy pollution in lagoon of south Tarawa atoll due to heavy migration mixed with traditional practices such as lagoon latrines and open-pit dumping</NS0:environmentalIssue>
    <NS0:environmentalIssue>ground water at risk</NS0:environmentalIssue>
    <NS0:environmentalAgreementPartyTo rdf:resource='http://www.daml.org/2001/12/factbook/environmentalAgreements#Biodiversity'/>
    <NS0:environmentalAgreementPartyTo rdf:resource='http://www.daml.org/2001/12/factbook/environmentalAgreements#Climate_Change'/>
    <NS0:environmentalAgreementPartyTo rdf:resource='http://www.daml.org/2001/12/factbook/environmentalAgreements#Climate_Change-Kyoto_Protocol'/>
    <NS0:environmentalAgreementPartyTo rdf:resource='http://www.daml.org/2001/12/factbook/environmentalAgreements#Desertification'/>
    <NS0:environmentalAgreementPartyTo rdf:resource='http://www.daml.org/2001/12/factbook/environmentalAgreements#Hazardous_Wastes'/>
    <NS0:environmentalAgreementPartyTo rdf:resource='http://www.daml.org/2001/12/factbook/environmentalAgreements#Marine_Dumping'/>
    <NS0:environmentalAgreementPartyTo rdf:resource='http://www.daml.org/2001/12/factbook/environmentalAgreements#Ozone_Layer_Protection'/>
    <NS0:environmentalAgreementSigned rdf:resource='http://www.daml.org/2001/12/factbook/environmentalAgreements#none_of_the_selected_agreements'/>
    <NS0:population rdf:ID='A56735'>94149</NS0:population>
    <NS0:populationGrowthRate rdf:ID='A56738'>2.31</NS0:populationGrowthRate>
    <NS0:birthRate rdf:ID='A56741'>31.98</NS0:birthRate>
    <NS0:deathRate rdf:ID='A56744'>8.88</NS0:deathRate>
    <NS0:netMigrationRate rdf:ID='A56747'>0</NS0:netMigrationRate>
    <NS0:sexRatio rdf:resource='#A56750'/>
    <NS0:sexRatio rdf:resource='#A56756'/>
    <NS0:sexRatio rdf:resource='#A56762'/>
    <NS0:sexRatio rdf:resource='#A56768'/>
    <NS0:sexRatio rdf:ID='A56776' rdf:resource='#A56773'/>
    <NS0:infantMortalityRate rdf:ID='A56779'>54</NS0:infantMortalityRate>
    <NS0:totalFertilityRate rdf:ID='A56782'>4.36</NS0:totalFertilityRate>
    <NS0:nationalityNoun>I-Kiribati (singular and plural)</NS0:nationalityNoun>
    <NS0:nationalityAdjective>I-Kiribati</NS0:nationalityAdjective>
    <NS0:ethnicGroup rdf:resource='#A56787'/>
    <NS0:religion rdf:resource='#A56791'/>
    <NS0:religion rdf:ID='A56800' rdf:resource='#A56796'/>
    <NS0:religion rdf:resource='#A56802'/>
    <NS0:religion rdf:resource='#A56806'/>
    <NS0:religion rdf:resource='#A56810'/>
    <NS0:religion rdf:ID='A56817' rdf:resource='#A56814'/>
    <NS0:language rdf:ID='A56822' rdf:resource='#A56819'/>
    <NS0:language rdf:resource='#A56824'/>
    <NS0:literacyDefinition>NA</NS0:literacyDefinition>
    <NS0:conventionalLongCountryName>Republic of Kiribati</NS0:conventionalLongCountryName>
    <NS0:conventionalShortCountryName>Kiribati</NS0:conventionalShortCountryName>
    <NS0:formerCountryName>Gilbert Islands</NS0:formerCountryName>
    <NS0:governmentType rdf:resource='http://www.daml.org/2001/12/factbook/governmentTypes#republic'/>
    <NS0:capital rdf:resource='#A56833'/>
    <NS0:administrativeDivision rdf:resource='#A56840'/>
    <NS0:administrativeDivision rdf:resource='#A56844'/>
    <NS0:administrativeDivision rdf:resource='#A56848'/>
    <NS0:independence>12 July 1979 (from UK)</NS0:independence>
    <NS0:constitution>12 July 1979</NS0:constitution>
    <NS0:legalSystem>NA</NS0:legalSystem>
    <NS0:suffrage>18 years of age; universal</NS0:suffrage>
    <NS0:participatesIn rdf:resource='http://www.daml.org/2001/12/factbook/internationalOrganizations#ACP'/>
    <NS0:participatesIn rdf:resource='http://www.daml.org/2001/12/factbook/internationalOrganizations#AsDB'/>
    <NS0:participatesIn rdf:resource='http://www.daml.org/2001/12/factbook/internationalOrganizations#C'/>
    <NS0:participatesIn rdf:resource='http://www.daml.org/2001/12/factbook/internationalOrganizations#ESCAP'/>
    <NS0:participatesIn rdf:resource='http://www.daml.org/2001/12/factbook/internationalOrganizations#FAO'/>
    <NS0:participatesIn rdf:resource='http://www.daml.org/2001/12/factbook/internationalOrganizations#IBRD'/>
    <NS0:participatesIn rdf:resource='http://www.daml.org/2001/12/factbook/internationalOrganizations#ICAO'/>
    <NS0:participatesIn rdf:resource='http://www.daml.org/2001/12/factbook/internationalOrganizations#ICFTU'/>
    <NS0:participatesIn rdf:resource='http://www.daml.org/2001/12/factbook/internationalOrganizations#ICRM'/>
    <NS0:participatesIn rdf:resource='http://www.daml.org/2001/12/factbook/internationalOrganizations#IDA'/>
    <NS0:participatesIn rdf:resource='http://www.daml.org/2001/12/factbook/internationalOrganizations#IFC'/>
    <NS0:participatesIn rdf:resource='http://www.daml.org/2001/12/factbook/internationalOrganizations#IFRCS'/>
    <NS0:participatesIn rdf:resource='http://www.daml.org/2001/12/factbook/internationalOrganizations#ILO'/>
    <NS0:participatesIn rdf:resource='http://www.daml.org/2001/12/factbook/internationalOrganizations#IMF'/>
    <NS0:participatesIn rdf:resource='http://www.daml.org/2001/12/factbook/internationalOrganizations#Intelsat'/>
    <NS0:participatesIn rdf:resource='http://www.daml.org/2001/12/factbook/internationalOrganizations#ITU'/>
    <NS0:participatesIn rdf:resource='http://www.daml.org/2001/12/factbook/internationalOrganizations#OPCW'/>
    <NS0:participatesIn rdf:resource='http://www.daml.org/2001/12/factbook/internationalOrganizations#Sparteca'/>
    <NS0:participatesIn rdf:resource='http://www.daml.org/2001/12/factbook/internationalOrganizations#SPC'/>
    <NS0:participatesIn rdf:resource='http://www.daml.org/2001/12/factbook/internationalOrganizations#SPF'/>
    <NS0:participatesIn rdf:resource='http://www.daml.org/2001/12/factbook/internationalOrganizations#UN'/>
    <NS0:participatesIn rdf:resource='http://www.daml.org/2001/12/factbook/internationalOrganizations#UNESCO'/>
    <NS0:participatesIn rdf:resource='http://www.daml.org/2001/12/factbook/internationalOrganizations#UPU'/>
    <NS0:participatesIn rdf:resource='http://www.daml.org/2001/12/factbook/internationalOrganizations#WHO'/>
    <NS0:participatesIn rdf:resource='http://www.daml.org/2001/12/factbook/internationalOrganizations#WTrO'/>
    <NS0:flagDescription>the upper half is red with a yellow frigate bird flying over a yellow rising sun, and the lower half is blue with three horizontal wavy white stripes to represent the ocean</NS0:flagDescription>
    <NS0:economyOverview>A remote country of 33 scattered coral atolls, Kiribati has few national resources. Commercially viable phosphate deposits were exhausted at the time of independence from the UK in 1979. Copra and fish now represent the bulk of production and exports. The economy has fluctuated widely in recent years. Economic development is constrained by a shortage of skilled workers, weak infrastructure, and remoteness from international markets. Tourism provides more than one-fifth of GDP. The financial sector is at an early stage of development as is the expansion of private sector initiatives. Foreign financial aid, largely from the UK and Japan, is a critical supplement to GDP, equal to 25%-50% of GDP in recent years. Remittances from workers abroad account for more than $5 million each year. Performance in 2000 fell short of the 2.5% growth in 1999, which benefited from increased copra production and exceptionally large revenues from fishing licenses.</NS0:economyOverview>
    <NS0:grossDomesticProductRealGrowth rdf:ID='A56883'>1</NS0:grossDomesticProductRealGrowth>
    <NS0:grossDomesticProductPerCapita rdf:ID='A56886'>850</NS0:grossDomesticProductPerCapita>
    <NS0:grossDomesticProductAgriculture>14</NS0:grossDomesticProductAgriculture>
    <NS0:grossDomesticProductIndustry>7</NS0:grossDomesticProductIndustry>
    <NS0:grossDomesticProductServices rdf:ID='A56891'>79</NS0:grossDomesticProductServices>
    <NS0:inflationRate rdf:ID='A56894'>2</NS0:inflationRate>
    <NS0:unemploymentRate rdf:ID='A56897'>2%; underemployment 70</NS0:unemploymentRate>
    <NS0:budgetRevenues>33299999</NS0:budgetRevenues>
    <NS0:budgetExpenditures>47700000</NS0:budgetExpenditures>
    <NS0:industry rdf:resource='http://www.daml.org/2001/12/factbook/industries#fishing'/>
    <NS0:industry rdf:resource='http://www.daml.org/2001/12/factbook/industries#handicrafts'/>
    <NS0:industrialProductionGrowthRate rdf:ID='A56904'>0.7</NS0:industrialProductionGrowthRate>
    <NS0:electricityProduction rdf:ID='A56907'>7000000</NS0:electricityProduction>
    <NS0:electricityProductionFossilFuel>100</NS0:electricityProductionFossilFuel>
    <NS0:electricityProductionHydro>0</NS0:electricityProductionHydro>
    <NS0:electricityProductionNuclear>0</NS0:electricityProductionNuclear>
    <NS0:electricityProductionOther rdf:ID='A56912'>0</NS0:electricityProductionOther>
    <NS0:electricityConsumption rdf:ID='A56914'>6500000</NS0:electricityConsumption>
    <NS0:electricityExports rdf:ID='A56916'>0</NS0:electricityExports>
    <NS0:electricityImports rdf:ID='A56918'>0</NS0:electricityImports>
    <NS0:agricultureProduct rdf:resource='http://www.daml.org/2001/12/factbook/agricultureProducts#copra'/>
    <NS0:agricultureProduct rdf:resource='http://www.daml.org/2001/12/factbook/agricultureProducts#taro'/>
    <NS0:agricultureProduct rdf:resource='http://www.daml.org/2001/12/factbook/agricultureProducts#breadfruit'/>
    <NS0:agricultureProduct rdf:resource='http://www.daml.org/2001/12/factbook/agricultureProducts#sweet_potatoes'/>
    <NS0:agricultureProduct rdf:resource='http://www.daml.org/2001/12/factbook/agricultureProducts#vegetables'/>
    <NS0:agricultureProduct rdf:resource='http://www.daml.org/2001/12/factbook/agricultureProducts#fish'/>
    <NS0:exports rdf:ID='A56926'>6000000</NS0:exports>
    <NS0:exportsCommodity rdf:resource='#A56928'/>
    <NS0:exportsCommodity rdf:resource='#A56933'/>
    <NS0:exportsCommodity rdf:resource='#A56937'/>
    <NS0:exportsCommodity rdf:resource='#A56941'/>
    <NS0:imports rdf:ID='A56945'>44000000</NS0:imports>
    <NS0:importsCommodity rdf:resource='#A56947'/>
    <NS0:importsCommodity rdf:resource='#A56951'/>
    <NS0:importsCommodity rdf:resource='#A56955'/>
    <NS0:importsCommodity rdf:resource='#A56959'/>
    <NS0:externalDebt rdf:ID='A56963'>10000000</NS0:externalDebt>
    <NS0:currency>Australian dollar (AUD)</NS0:currency>
    <NS0:currencyCode>AUD</NS0:currencyCode>
    <NS0:fiscalYear>NA</NS0:fiscalYear>
    <NS0:mainTelephoneLines rdf:ID='A56969'>2000</NS0:mainTelephoneLines>
    <NS0:telephoneSystemGeneralAssessment>NA</NS0:telephoneSystemGeneralAssessment>
    <NS0:telephoneSystemDomestic>NA</NS0:telephoneSystemDomestic>
    <NS0:telephoneSystemInternational>satellite earth station - 1 Intelsat (Pacific Ocean)</NS0:telephoneSystemInternational>
    <NS0:radios rdf:ID='A56974'>17000</NS0:radios>
    <NS0:televisionBroadcastStations rdf:ID='A56976'>1</NS0:televisionBroadcastStations>
    <NS0:televisions rdf:ID='A56978'>1000</NS0:televisions>
    <NS0:internetCountryCode>.ki</NS0:internetCountryCode>
    <NS0:internetServiceProviders rdf:ID='A56981'>1</NS0:internetServiceProviders>
    <NS0:internetUsers rdf:ID='A56983'>1000</NS0:internetUsers>
    <NS0:highwaysTotal rdf:ID='A56985'>670</NS0:highwaysTotal>
    <NS0:waterways rdf:ID='A56987'>5</NS0:waterways>
    <NS0:port rdf:resource='#A56989'/>
    <NS0:port rdf:resource='#A56993'/>
    <NS0:port rdf:resource='#A56997'/>
    <NS0:port rdf:resource='#A57001'/>
    <NS0:airports rdf:ID='A57005'>21</NS0:airports>
    <NS0:airportBreakdown rdf:resource='#A57008'/>
    <NS0:airportBreakdown rdf:resource='#A57015'/>
    <NS0:airportBreakdown rdf:resource='#A57022'/>
    <NS0:internationalDispute>none</NS0:internationalDispute>
    <NS0:smallFlag>http://www.cia.gov/cia/publications/factbook/flags/kr-flag.jpg</NS0:smallFlag>
    <NS0:largeFlag>http://www.cia.gov/cia/publications/factbook/flags/kr-lgflag.jpg</NS0:largeFlag>
    <NS0:map>http://www.cia.gov/cia/publications/factbook/maps/kr-map.jpg</NS0:map>
    <NS0:exportPartner rdf:resource='#A125105'/>
    <NS0:exportPartner rdf:resource='#A125109'/>
    <NS0:exportPartner rdf:resource='#A125113'/>
    <NS0:exportPartner rdf:ID='A125120' rdf:resource='#A125117'/>
    <NS0:importPartner rdf:resource='#A125122'/>
    <NS0:importPartner rdf:resource='#A125126'/>
    <NS0:importPartner rdf:resource='#A125130'/>
    <NS0:importPartner rdf:resource='#A125134'/>
    <NS0:importPartner rdf:ID='A125141' rdf:resource='#A125138'/>
  </rdf:Description>
  <rdf:Description rdf:about='#A56928'>
    <rdf:type rdf:resource='http://www.daml.org/2001/12/factbook/factbook-ont#CommodityPercent'/>
    <NS0:exportsCommodity rdf:resource='http://www.daml.org/2001/12/factbook/commodities#copra'/>
    <NS0:percent>62</NS0:percent>
  </rdf:Description>
  <rdf:Description rdf:about='#A125113'>
    <rdf:type rdf:resource='http://www.daml.org/2001/12/factbook/factbook-ont#CountryPercent'/>
    <NS0:country rdf:resource='http://www.daml.org/2001/09/countries/fips#US'/>
  </rdf:Description>
  <rdf:Description rdf:about='#A125109'>
    <rdf:type rdf:resource='http://www.daml.org/2001/12/factbook/factbook-ont#CountryPercent'/>
    <NS0:country rdf:resource='http://www.daml.org/2001/09/countries/fips#AS'/>
  </rdf:Description>
  <rdf:Description rdf:about='#A125105'>
    <rdf:type rdf:resource='http://www.daml.org/2001/12/factbook/factbook-ont#CountryPercent'/>
    <NS0:country rdf:resource='http://www.daml.org/2001/09/countries/fips#BG'/>
  </rdf:Description>
</rdf:RDF>
