<?xml version='1.0' encoding='ISO-8859-1'?>
<rdf:RDF
  xmlns:rdf='http://www.w3.org/1999/02/22-rdf-syntax-ns#'
  xmlns:NS0='http://www.daml.org/2001/12/factbook/factbook-ont#'
  xml:base="http://www.daml.org/2001/12/factbook/kt">
  <rdf:Description rdf:about='#A57769'>
    <NS0:year>1997</NS0:year>
  </rdf:Description>
  <rdf:Description rdf:about='#A57755'>
    <rdf:type rdf:resource='http://www.daml.org/2001/12/factbook/factbook-ont#CommodityPercent'/>
    <NS0:importsCommodity rdf:resource='http://www.daml.org/2001/12/factbook/commodities#consumer_goods'/>
  </rdf:Description>
  <rdf:Description rdf:about='#A57751'>
    <rdf:type rdf:resource='http://www.daml.org/2001/12/factbook/factbook-ont#CommodityPercent'/>
    <NS0:exportsCommodity rdf:resource='http://www.daml.org/2001/12/factbook/commodities#phosphate'/>
  </rdf:Description>
  <rdf:Description rdf:about='#A57652'>
    <rdf:type rdf:resource='http://www.daml.org/2001/12/factbook/factbook-ont#ElevationExtreme'/>
    <NS0:name>Murray Hill</NS0:name>
    <NS0:elevation>361</NS0:elevation>
  </rdf:Description>
  <rdf:Description rdf:about='#A57743'>
    <rdf:type rdf:resource='http://www.daml.org/2001/12/factbook/factbook-ont#OccupationPercent'/>
    <NS0:occupation rdf:resource='http://www.daml.org/2001/12/factbook/occupations#mining_100_people'/>
  </rdf:Description>
  <rdf:Description rdf:about='#A57647'>
    <rdf:type rdf:resource='http://www.daml.org/2001/12/factbook/factbook-ont#ElevationExtreme'/>
    <NS0:name>Indian Ocean</NS0:name>
    <NS0:elevation>0</NS0:elevation>
  </rdf:Description>
  <rdf:Description rdf:about='#A57739'>
    <rdf:type rdf:resource='http://www.daml.org/2001/12/factbook/factbook-ont#OccupationPercent'/>
    <NS0:occupation rdf:resource='http://www.daml.org/2001/12/factbook/occupations#tourism_400_people'/>
  </rdf:Description>
  <rdf:Description rdf:about='#A57774'>
    <NS0:note>not including 100 km that is maintained by private industry</NS0:note>
  </rdf:Description>
  <rdf:Description rdf:about='#A57663'>
    <rdf:type rdf:resource='http://www.daml.org/2001/12/factbook/factbook-ont#Estimate'/>
    <NS0:year>2001</NS0:year>
  </rdf:Description>
  <rdf:Description rdf:about='#A57783'>
    <rdf:type rdf:resource='http://www.daml.org/2001/12/factbook/factbook-ont#Estimate'/>
    <NS0:year>2000</NS0:year>
  </rdf:Description>
  <rdf:Description rdf:about='#A57729'>
    <rdf:type rdf:resource='http://www.daml.org/2001/12/factbook/factbook-ont#CapitalCity'/>
    <NS0:name>The Settlement</NS0:name>
  </rdf:Description>
  <rdf:Description rdf:about='#A57631'>
    <rdf:type rdf:resource='http://www.daml.org/2001/12/factbook/factbook-ont#LatLon'/>
    <NS0:latitude>-10.5</NS0:latitude>
    <NS0:longitude>105.66666666666667</NS0:longitude>
  </rdf:Description>
  <rdf:Description rdf:about='#A57772'>
    <NS0:year>2000</NS0:year>
  </rdf:Description>
  <rdf:Description rdf:about='#A57721'>
    <rdf:type rdf:resource='http://www.daml.org/2001/12/factbook/factbook-ont#LanguagePercent'/>
    <NS0:language rdf:resource='http://www.daml.org/2001/12/factbook/languages#Malay'/>
  </rdf:Description>
  <rdf:Description rdf:about='#A57660'>
    <rdf:type rdf:resource='http://www.daml.org/2001/12/factbook/factbook-ont#Estimate'/>
    <NS0:note>July 2001</NS0:note>
  </rdf:Description>
  <rdf:Description rdf:about='#A57717'>
    <rdf:type rdf:resource='http://www.daml.org/2001/12/factbook/factbook-ont#LanguagePercent'/>
    <NS0:language rdf:resource='http://www.daml.org/2001/12/factbook/languages#Chinese'/>
  </rdf:Description>
  <rdf:Description rdf:about='#A57713'>
    <rdf:type rdf:resource='http://www.daml.org/2001/12/factbook/factbook-ont#LanguagePercent'/>
    <NS0:language rdf:resource='http://www.daml.org/2001/12/factbook/languages#English'/>
  </rdf:Description>
  <rdf:Description rdf:about='#A57707'>
    <rdf:type rdf:resource='http://www.daml.org/2001/12/factbook/factbook-ont#ReligionPercent'/>
    <NS0:religion rdf:resource='http://www.daml.org/2001/12/factbook/religions#other'/>
    <NS0:percent>20</NS0:percent>
  </rdf:Description>
  <rdf:Description rdf:about='#A57702'>
    <rdf:type rdf:resource='http://www.daml.org/2001/12/factbook/factbook-ont#ReligionPercent'/>
    <NS0:religion rdf:resource='http://www.daml.org/2001/12/factbook/religions#Muslim'/>
    <NS0:percent>10</NS0:percent>
  </rdf:Description>
  <rdf:Description rdf:about='#A121823'>
    <rdf:type rdf:resource='http://www.daml.org/2001/12/factbook/factbook-ont#CountryPercent'/>
    <NS0:country rdf:resource='http://www.daml.org/2001/09/countries/fips#NZ'/>
  </rdf:Description>
  <rdf:Description rdf:about='#A57697'>
    <rdf:type rdf:resource='http://www.daml.org/2001/12/factbook/factbook-ont#ReligionPercent'/>
    <NS0:religion rdf:resource='http://www.daml.org/2001/12/factbook/religions#Christian'/>
    <NS0:percent>15</NS0:percent>
  </rdf:Description>
  <rdf:Description rdf:about='#A121819'>
    <rdf:type rdf:resource='http://www.daml.org/2001/12/factbook/factbook-ont#CountryPercent'/>
    <NS0:country rdf:resource='http://www.daml.org/2001/09/countries/fips#AS'/>
  </rdf:Description>
  <rdf:Description rdf:about='#A57777'>
    <NS0:year>1999</NS0:year>
  </rdf:Description>
  <rdf:Description rdf:about='#A57692'>
    <rdf:type rdf:resource='http://www.daml.org/2001/12/factbook/factbook-ont#ReligionPercent'/>
    <NS0:religion rdf:resource='http://www.daml.org/2001/12/factbook/religions#Buddhist'/>
    <NS0:percent>55</NS0:percent>
  </rdf:Description>
  <rdf:Description rdf:about='#A57786'>
    <rdf:type rdf:resource='http://www.daml.org/2001/12/factbook/factbook-ont#AirportBreakdown'/>
    <NS0:paved>true</NS0:paved>
    <NS0:minRunway>1524</NS0:minRunway>
    <NS0:maxRunway>2437</NS0:maxRunway>
    <NS0:count>1 (2000 est.)</NS0:count>
  </rdf:Description>
  <rdf:Description rdf:about='#A57688'>
    <rdf:type rdf:resource='http://www.daml.org/2001/12/factbook/factbook-ont#EthnicGroupPercent'/>
    <NS0:ethnicGroup rdf:resource='http://www.daml.org/2001/12/factbook/ethnicGroups#no_indigenous_population'/>
  </rdf:Description>
  <rdf:Description rdf:about='#A57779'>
    <rdf:type rdf:resource='http://www.daml.org/2001/12/factbook/factbook-ont#Port'/>
    <NS0:name>Flying Fish Cove</NS0:name>
  </rdf:Description>
  <rdf:Description rdf:about='#A57746'>
    <NS0:year>1995</NS0:year>
  </rdf:Description>
  <rdf:Description rdf:about='#A57683'>
    <rdf:type rdf:resource='http://www.daml.org/2001/12/factbook/factbook-ont#EthnicGroupPercent'/>
    <NS0:ethnicGroup rdf:resource='http://www.daml.org/2001/12/factbook/ethnicGroups#other'/>
    <NS0:percent>3</NS0:percent>
  </rdf:Description>
  <rdf:Description rdf:about='#A57762'>
    <NS0:year>1999</NS0:year>
  </rdf:Description>
  <rdf:Description rdf:about='#A57678'>
    <rdf:type rdf:resource='http://www.daml.org/2001/12/factbook/factbook-ont#EthnicGroupPercent'/>
    <NS0:ethnicGroup rdf:resource='http://www.daml.org/2001/12/factbook/ethnicGroups#European'/>
    <NS0:percent>11</NS0:percent>
  </rdf:Description>
  <rdf:Description rdf:about='http://www.daml.org/2001/09/countries/fips#KT'>
    <NS0:background>Named in 1643 for the day of its discovery, the island was annexed and settlement was begun by the UK in 1888. Phosphate mining began in the 1890s. The UK transferred sovereignty to Australia in 1958. The phosphate mine, closed in 1987, was reopened four years later, but the need for an alternative industry has spurred investment in tourism. Old mining areas are being restored, and almost two-thirds of the island has been declared a national park.</NS0:background>
    <NS0:location>Southeastern Asia, island in the Indian Ocean, south of Indonesia</NS0:location>
    <NS0:geographicCoordinates rdf:resource='#A57631'/>
    <NS0:mapReferences>Southeast Asia</NS0:mapReferences>
    <NS0:totalArea>135</NS0:totalArea>
    <NS0:landArea>135</NS0:landArea>
    <NS0:waterArea>0</NS0:waterArea>
    <NS0:comparativeArea>about 0.7 times the size of Washington, DC</NS0:comparativeArea>
    <NS0:coastline>138.9</NS0:coastline>
    <NS0:contiguousZone>12</NS0:contiguousZone>
    <NS0:exclusiveFishingZone>200</NS0:exclusiveFishingZone>
    <NS0:territorialSea>3</NS0:territorialSea>
    <NS0:climate>tropical; heat and humidity moderated by trade winds</NS0:climate>
    <NS0:terrain>steep cliffs along coast rise abruptly to central plateau</NS0:terrain>
    <NS0:lowestPoint rdf:resource='#A57647'/>
    <NS0:highestPoint rdf:resource='#A57652'/>
    <NS0:naturalResource rdf:resource='http://www.daml.org/2001/12/factbook/naturalResources#phosphate'/>
    <NS0:naturalHazard>the narrow fringing reef surrounding the island can be a maritime hazard</NS0:naturalHazard>
    <NS0:environmentalIssue>NA</NS0:environmentalIssue>
    <NS0:population rdf:ID='A57660'>2771</NS0:population>
    <NS0:populationGrowthRate rdf:ID='A57663'>7.77</NS0:populationGrowthRate>
    <NS0:nationalityNoun>Christmas Islander(s)</NS0:nationalityNoun>
    <NS0:nationalityAdjective>Christmas Island</NS0:nationalityAdjective>
    <NS0:ethnicGroup rdf:resource='#A57668'/>
    <NS0:ethnicGroup rdf:resource='#A57673'/>
    <NS0:ethnicGroup rdf:resource='#A57678'/>
    <NS0:ethnicGroup rdf:resource='#A57683'/>
    <NS0:ethnicGroup rdf:resource='#A57688'/>
    <NS0:religion rdf:resource='#A57692'/>
    <NS0:religion rdf:resource='#A57697'/>
    <NS0:religion rdf:resource='#A57702'/>
    <NS0:religion rdf:ID='A57711' rdf:resource='#A57707'/>
    <NS0:language rdf:resource='#A57713'/>
    <NS0:language rdf:resource='#A57717'/>
    <NS0:language rdf:resource='#A57721'/>
    <NS0:conventionalLongCountryName>Territory of Christmas Island</NS0:conventionalLongCountryName>
    <NS0:conventionalShortCountryName>Christmas Island</NS0:conventionalShortCountryName>
    <NS0:dependencyStatus>territory of Australia; administered from Canberra by the Australian Department of the Environment, Sport, and Territories</NS0:dependencyStatus>
    <NS0:governmentType rdf:resource='http://www.daml.org/2001/12/factbook/governmentTypes#NA'/>
    <NS0:capital rdf:resource='#A57729'/>
    <NS0:independence>none (territory of Australia)</NS0:independence>
    <NS0:constitution>Christmas Island Act of 1958</NS0:constitution>
    <NS0:legalSystem>under the authority of the governor general of Australia and Australian law</NS0:legalSystem>
    <NS0:participatesIn rdf:resource='http://www.daml.org/2001/12/factbook/internationalOrganizations#none'/>
    <NS0:flagDescription>the flag of Australia is used</NS0:flagDescription>
    <NS0:economyOverview>Phosphate mining had been the only significant economic activity, but in December 1987 the Australian Government closed the mine. In 1991, the mine was reopened by union workers. With the support of the government, Australian-based Casinos Austria International Ltd. built a $34 million casino on Christmas Island, which opened in 1993. As of yearend 1999, gaming facilities at the casino were temporarily closed but were expected to reopen in early 2000. Another economic prospect is the possible location of a space-launching site on the island.</NS0:economyOverview>
    <NS0:occupation rdf:resource='#A57739'/>
    <NS0:occupation rdf:ID='A57746' rdf:resource='#A57743'/>
    <NS0:industry rdf:resource='http://www.daml.org/2001/12/factbook/industries#tourism'/>
    <NS0:industry rdf:resource='http://www.daml.org/2001/12/factbook/industries#phosphate_extraction'/>
    <NS0:agricultureProduct rdf:resource='http://www.daml.org/2001/12/factbook/agricultureProducts#NA'/>
    <NS0:exportsCommodity rdf:resource='#A57751'/>
    <NS0:importsCommodity rdf:resource='#A57755'/>
    <NS0:currency>Australian dollar (AUD)</NS0:currency>
    <NS0:currencyCode>AUD</NS0:currencyCode>
    <NS0:fiscalYear>1 July - 30 June</NS0:fiscalYear>
    <NS0:mobileTelephoneLines rdf:ID='A57762'>0</NS0:mobileTelephoneLines>
    <NS0:telephoneSystemGeneralAssessment>NA</NS0:telephoneSystemGeneralAssessment>
    <NS0:telephoneSystemDomestic>NA</NS0:telephoneSystemDomestic>
    <NS0:telephoneSystemInternational>satellite earth stations - one Intelsat earth station provides telephone and telex service</NS0:telephoneSystemInternational>
    <NS0:radios rdf:ID='A57767'>1000</NS0:radios>
    <NS0:televisions rdf:ID='A57769'>600</NS0:televisions>
    <NS0:internetCountryCode>.cx</NS0:internetCountryCode>
    <NS0:internetServiceProviders rdf:ID='A57772'>2</NS0:internetServiceProviders>
    <NS0:highwaysTotal rdf:ID='A57774'>140</NS0:highwaysTotal>
    <NS0:highwaysPaved>30</NS0:highwaysPaved>
    <NS0:highwaysUnpaved rdf:ID='A57777'>110</NS0:highwaysUnpaved>
    <NS0:port rdf:resource='#A57779'/>
    <NS0:airports rdf:ID='A57783'>1</NS0:airports>
    <NS0:airportBreakdown rdf:resource='#A57786'/>
    <NS0:internationalDispute>none</NS0:internationalDispute>
    <NS0:smallFlag>http://www.cia.gov/cia/publications/factbook/flags/kt-flag.jpg</NS0:smallFlag>
    <NS0:largeFlag>http://www.cia.gov/cia/publications/factbook/flags/kt-lgflag.jpg</NS0:largeFlag>
    <NS0:map>http://www.cia.gov/cia/publications/factbook/maps/kt-map.jpg</NS0:map>
    <NS0:exportPartner rdf:resource='#A121819'/>
    <NS0:exportPartner rdf:resource='#A121823'/>
  </rdf:Description>
  <rdf:Description rdf:about='#A57767'>
    <NS0:year>1997</NS0:year>
  </rdf:Description>
  <rdf:Description rdf:about='#A57673'>
    <rdf:type rdf:resource='http://www.daml.org/2001/12/factbook/factbook-ont#EthnicGroupPercent'/>
    <NS0:ethnicGroup rdf:resource='http://www.daml.org/2001/12/factbook/ethnicGroups#Malay'/>
    <NS0:percent>25</NS0:percent>
  </rdf:Description>
  <rdf:Description rdf:about='#A57711'>
    <NS0:year>1991</NS0:year>
  </rdf:Description>
  <rdf:Description rdf:about='#A57668'>
    <rdf:type rdf:resource='http://www.daml.org/2001/12/factbook/factbook-ont#EthnicGroupPercent'/>
    <NS0:ethnicGroup rdf:resource='http://www.daml.org/2001/12/factbook/ethnicGroups#Chinese'/>
    <NS0:percent>61</NS0:percent>
  </rdf:Description>
</rdf:RDF>
