<?xml version='1.0' encoding='ISO-8859-1'?>
<rdf:RDF
  xmlns:rdf='http://www.w3.org/1999/02/22-rdf-syntax-ns#'
  xmlns:NS0='http://www.daml.org/2001/12/factbook/factbook-ont#'
  xmlns:rdfs='http://www.w3.org/2000/01/rdf-schema#'
  xml:base="http://www.daml.org/2001/12/factbook/kz">
  <rdf:Description rdf:about='#A58251'>
    <rdf:type rdf:resource='http://www.daml.org/2001/12/factbook/factbook-ont#LatLon'/>
    <NS0:latitude>48.0</NS0:latitude>
    <NS0:longitude>68.0</NS0:longitude>
  </rdf:Description>
  <rdf:Description rdf:about='#A58588'>
    <rdf:type rdf:resource='http://www.daml.org/2001/12/factbook/factbook-ont#Estimate'/>
    <NS0:year>1999</NS0:year>
  </rdf:Description>
  <rdf:Description rdf:about='#A58722'>
    <NS0:year>1997</NS0:year>
  </rdf:Description>
  <rdf:Description rdf:about='#A58826'>
    <rdf:type rdf:resource='http://www.daml.org/2001/12/factbook/factbook-ont#Estimate'/>
    <NS0:year>2001</NS0:year>
  </rdf:Description>
  <rdf:Description rdf:about='#A58580'>
    <rdf:type rdf:resource='http://www.daml.org/2001/12/factbook/factbook-ont#Estimate'/>
    <NS0:year>2000</NS0:year>
  </rdf:Description>
  <rdf:Description rdf:about='#A125002'>
    <NS0:note>1999</NS0:note>
  </rdf:Description>
  <rdf:Description rdf:about='#A58813'>
    <rdf:type rdf:resource='http://www.daml.org/2001/12/factbook/factbook-ont#AirportBreakdown'/>
    <NS0:paved>false</NS0:paved>
    <NS0:maxRunway>913</NS0:maxRunway>
    <NS0:count>246 (2000 est.)</NS0:count>
  </rdf:Description>
  <rdf:Description rdf:about='#A58355'>
    <rdf:type rdf:resource='http://www.daml.org/2001/12/factbook/factbook-ont#Estimate'/>
    <NS0:year>2001</NS0:year>
  </rdf:Description>
  <rdf:Description rdf:about='#A58429'>
    <rdf:type rdf:resource='http://www.daml.org/2001/12/factbook/factbook-ont#LanguagePercent'/>
    <NS0:language rdf:resource='http://www.daml.org/2001/12/factbook/languages#Russian'/>
    <NS0:percent>66</NS0:percent>
  </rdf:Description>
  <rdf:Description rdf:about='#A58806'>
    <rdf:type rdf:resource='http://www.daml.org/2001/12/factbook/factbook-ont#AirportBreakdown'/>
    <NS0:paved>false</NS0:paved>
    <NS0:minRunway>914</NS0:minRunway>
    <NS0:maxRunway>1523</NS0:maxRunway>
    <NS0:count>101</NS0:count>
  </rdf:Description>
  <rdf:Description rdf:about='#A58423'>
    <rdf:type rdf:resource='http://www.daml.org/2001/12/factbook/factbook-ont#LanguagePercent'/>
    <NS0:language rdf:resource='http://www.daml.org/2001/12/factbook/languages#Kazakh'/>
    <NS0:percent>40</NS0:percent>
  </rdf:Description>
  <rdf:Description rdf:about='#A58734'>
    <NS0:year>2000</NS0:year>
  </rdf:Description>
  <rdf:Description rdf:about='#A58418'>
    <rdf:type rdf:resource='http://www.daml.org/2001/12/factbook/factbook-ont#ReligionPercent'/>
    <NS0:religion rdf:resource='http://www.daml.org/2001/12/factbook/religions#other'/>
    <NS0:percent>7</NS0:percent>
  </rdf:Description>
  <rdf:Description rdf:about='#A58609'>
    <rdf:type rdf:resource='http://www.daml.org/2001/12/factbook/factbook-ont#OccupationPercent'/>
    <NS0:occupation rdf:resource='http://www.daml.org/2001/12/factbook/occupations#services'/>
    <NS0:percent>50</NS0:percent>
  </rdf:Description>
  <rdf:Description rdf:about='#A58799'>
    <rdf:type rdf:resource='http://www.daml.org/2001/12/factbook/factbook-ont#AirportBreakdown'/>
    <NS0:paved>false</NS0:paved>
    <NS0:minRunway>1524</NS0:minRunway>
    <NS0:maxRunway>2437</NS0:maxRunway>
    <NS0:count>45</NS0:count>
  </rdf:Description>
  <rdf:Description rdf:about='#A58592'>
    <NS0:year>1996</NS0:year>
  </rdf:Description>
  <rdf:Description rdf:about='#A58413'>
    <rdf:type rdf:resource='http://www.daml.org/2001/12/factbook/factbook-ont#ReligionPercent'/>
    <NS0:religion rdf:resource='http://www.daml.org/2001/12/factbook/religions#Protestant'/>
    <NS0:percent>2</NS0:percent>
  </rdf:Description>
  <rdf:Description rdf:about='#A58604'>
    <rdf:type rdf:resource='http://www.daml.org/2001/12/factbook/factbook-ont#OccupationPercent'/>
    <NS0:occupation rdf:resource='http://www.daml.org/2001/12/factbook/occupations#agriculture'/>
    <NS0:percent>23</NS0:percent>
  </rdf:Description>
  <rdf:Description rdf:about='#A58293'>
    <rdf:type rdf:resource='http://www.daml.org/2001/12/factbook/factbook-ont#Estimate'/>
    <NS0:year>1996</NS0:year>
  </rdf:Description>
  <rdf:Description rdf:about='#A58792'>
    <rdf:type rdf:resource='http://www.daml.org/2001/12/factbook/factbook-ont#AirportBreakdown'/>
    <NS0:paved>false</NS0:paved>
    <NS0:minRunway>2438</NS0:minRunway>
    <NS0:maxRunway>3047</NS0:maxRunway>
    <NS0:count>18</NS0:count>
  </rdf:Description>
  <rdf:Description rdf:about='#A58408'>
    <rdf:type rdf:resource='http://www.daml.org/2001/12/factbook/factbook-ont#ReligionPercent'/>
    <NS0:religion rdf:resource='http://www.daml.org/2001/12/factbook/religions#Russian_Orthodox'/>
    <NS0:percent>44</NS0:percent>
  </rdf:Description>
  <rdf:Description rdf:about='#A58599'>
    <rdf:type rdf:resource='http://www.daml.org/2001/12/factbook/factbook-ont#OccupationPercent'/>
    <NS0:occupation rdf:resource='http://www.daml.org/2001/12/factbook/occupations#industry'/>
    <NS0:percent>27</NS0:percent>
  </rdf:Description>
  <rdf:Description rdf:about='#A58594'>
    <rdf:type rdf:resource='http://www.daml.org/2001/12/factbook/factbook-ont#Estimate'/>
    <NS0:year>2000</NS0:year>
  </rdf:Description>
  <rdf:Description rdf:about='#A58786'>
    <rdf:type rdf:resource='http://www.daml.org/2001/12/factbook/factbook-ont#AirportBreakdown'/>
    <NS0:paved>false</NS0:paved>
    <NS0:minRunway>3048</NS0:minRunway>
    <NS0:count>11</NS0:count>
  </rdf:Description>
  <rdf:Description rdf:about='#A58717'>
    <NS0:year>1995</NS0:year>
  </rdf:Description>
  <rdf:Description rdf:about='#A58585'>
    <rdf:type rdf:resource='http://www.daml.org/2001/12/factbook/factbook-ont#Estimate'/>
    <NS0:year>1999</NS0:year>
  </rdf:Description>
  <rdf:Description rdf:about='#A58403'>
    <rdf:type rdf:resource='http://www.daml.org/2001/12/factbook/factbook-ont#ReligionPercent'/>
    <NS0:religion rdf:resource='http://www.daml.org/2001/12/factbook/religions#Muslim'/>
    <NS0:percent>47</NS0:percent>
  </rdf:Description>
  <rdf:Description rdf:about='#A58577'>
    <rdf:type rdf:resource='http://www.daml.org/2001/12/factbook/factbook-ont#Estimate'/>
    <NS0:year>2000</NS0:year>
  </rdf:Description>
  <rdf:Description rdf:about='#A58370'>
    <NS0:note>Qazaq</NS0:note>
  </rdf:Description>
  <rdf:Description rdf:about='#A58780'>
    <rdf:type rdf:resource='http://www.daml.org/2001/12/factbook/factbook-ont#AirportBreakdown'/>
    <NS0:paved>true</NS0:paved>
    <NS0:maxRunway>913</NS0:maxRunway>
    <NS0:count>3 (2000 est.)</NS0:count>
  </rdf:Description>
  <rdf:Description rdf:about='#A58358'>
    <rdf:type rdf:resource='http://www.daml.org/2001/12/factbook/factbook-ont#Estimate'/>
    <NS0:year>2001</NS0:year>
  </rdf:Description>
  <rdf:Description rdf:about='#A58397'>
    <rdf:type rdf:resource='http://www.daml.org/2001/12/factbook/factbook-ont#EthnicGroupPercent'/>
    <NS0:ethnicGroup rdf:resource='http://www.daml.org/2001/12/factbook/ethnicGroups#other'/>
    <NS0:percent>6.6</NS0:percent>
  </rdf:Description>
  <rdf:Description rdf:about='#A58392'>
    <rdf:type rdf:resource='http://www.daml.org/2001/12/factbook/factbook-ont#EthnicGroupPercent'/>
    <NS0:ethnicGroup rdf:resource='http://www.daml.org/2001/12/factbook/ethnicGroups#Uighur'/>
    <NS0:percent>1.4</NS0:percent>
  </rdf:Description>
  <rdf:Description rdf:about='#A58773'>
    <rdf:type rdf:resource='http://www.daml.org/2001/12/factbook/factbook-ont#AirportBreakdown'/>
    <NS0:paved>true</NS0:paved>
    <NS0:minRunway>1524</NS0:minRunway>
    <NS0:maxRunway>2437</NS0:maxRunway>
    <NS0:count>5</NS0:count>
  </rdf:Description>
  <rdf:Description rdf:about='#A58387'>
    <rdf:type rdf:resource='http://www.daml.org/2001/12/factbook/factbook-ont#EthnicGroupPercent'/>
    <NS0:ethnicGroup rdf:resource='http://www.daml.org/2001/12/factbook/ethnicGroups#German'/>
    <NS0:percent>2.4</NS0:percent>
  </rdf:Description>
  <rdf:Description rdf:about='#A58766'>
    <rdf:type rdf:resource='http://www.daml.org/2001/12/factbook/factbook-ont#AirportBreakdown'/>
    <NS0:paved>true</NS0:paved>
    <NS0:minRunway>2438</NS0:minRunway>
    <NS0:maxRunway>3047</NS0:maxRunway>
    <NS0:count>14</NS0:count>
  </rdf:Description>
  <rdf:Description rdf:about='#A58615'>
    <rdf:type rdf:resource='http://www.daml.org/2001/12/factbook/factbook-ont#Estimate'/>
    <NS0:year>1998</NS0:year>
  </rdf:Description>
  <rdf:Description rdf:about='#A58382'>
    <rdf:type rdf:resource='http://www.daml.org/2001/12/factbook/factbook-ont#EthnicGroupPercent'/>
    <NS0:ethnicGroup rdf:resource='http://www.daml.org/2001/12/factbook/ethnicGroups#Uzbek'/>
    <NS0:percent>2.5</NS0:percent>
  </rdf:Description>
  <rdf:Description rdf:about='#A58760'>
    <rdf:type rdf:resource='http://www.daml.org/2001/12/factbook/factbook-ont#AirportBreakdown'/>
    <NS0:paved>true</NS0:paved>
    <NS0:minRunway>3048</NS0:minRunway>
    <NS0:count>6</NS0:count>
  </rdf:Description>
  <rdf:Description rdf:about='#A58377'>
    <rdf:type rdf:resource='http://www.daml.org/2001/12/factbook/factbook-ont#EthnicGroupPercent'/>
    <NS0:ethnicGroup rdf:resource='http://www.daml.org/2001/12/factbook/ethnicGroups#Ukrainian'/>
    <NS0:percent>3.7</NS0:percent>
  </rdf:Description>
  <rdf:Description rdf:about='#A125033'>
    <rdf:type rdf:resource='http://www.daml.org/2001/12/factbook/factbook-ont#CountryPercent'/>
    <NS0:country rdf:resource='http://www.daml.org/2001/09/countries/fips#KS'/>
  </rdf:Description>
  <rdf:Description rdf:about='#A58823'>
    <rdf:type rdf:resource='http://www.daml.org/2001/12/factbook/factbook-ont#Estimate'/>
    <NS0:year>2001</NS0:year>
  </rdf:Description>
  <rdf:Description rdf:about='#A58372'>
    <rdf:type rdf:resource='http://www.daml.org/2001/12/factbook/factbook-ont#EthnicGroupPercent'/>
    <NS0:ethnicGroup rdf:resource='http://www.daml.org/2001/12/factbook/ethnicGroups#Russian'/>
    <NS0:percent>30</NS0:percent>
  </rdf:Description>
  <rdf:Description rdf:about='#A58724'>
    <NS0:year>1997</NS0:year>
  </rdf:Description>
  <rdf:Description rdf:about='#A58639'>
    <rdf:type rdf:resource='http://www.daml.org/2001/12/factbook/factbook-ont#Estimate'/>
    <NS0:year>2000</NS0:year>
  </rdf:Description>
  <rdf:Description rdf:about='#A58753'>
    <rdf:type rdf:resource='http://www.daml.org/2001/12/factbook/factbook-ont#Port'/>
    <NS0:name>Semey</NS0:name>
  </rdf:Description>
  <rdf:Description rdf:about='#A125029'>
    <rdf:type rdf:resource='http://www.daml.org/2001/12/factbook/factbook-ont#CountryPercent'/>
    <NS0:country rdf:resource='http://www.daml.org/2001/09/countries/fips#UP'/>
  </rdf:Description>
  <rdf:Description rdf:about='#City'>
    <rdf:type rdf:resource='http://www.w3.org/2000/01/rdf-schema#Class'/>
    <rdfs:subClassOf rdf:resource='http://www.daml.org/2001/12/factbook/factbook-ont#AdministrativeDivision'/>
    <rdfs:label>City</rdfs:label>
  </rdf:Description>
  <rdf:Description rdf:about='#A58749'>
    <rdf:type rdf:resource='http://www.daml.org/2001/12/factbook/factbook-ont#Port'/>
    <NS0:name>Pavlodar</NS0:name>
  </rdf:Description>
  <rdf:Description rdf:about='#A58366'>
    <rdf:type rdf:resource='http://www.daml.org/2001/12/factbook/factbook-ont#EthnicGroupPercent'/>
    <NS0:ethnicGroup rdf:resource='http://www.daml.org/2001/12/factbook/ethnicGroups#Kazakh'/>
    <NS0:percent>53.4</NS0:percent>
  </rdf:Description>
  <rdf:Description rdf:about='#A125025'>
    <rdf:type rdf:resource='http://www.daml.org/2001/12/factbook/factbook-ont#CountryPercent'/>
    <NS0:country rdf:resource='http://www.daml.org/2001/09/countries/fips#GM'/>
  </rdf:Description>
  <rdf:Description rdf:about='#A58317'>
    <rdf:type rdf:resource='http://www.daml.org/2001/12/factbook/factbook-ont#Estimate'/>
    <NS0:year>2001</NS0:year>
  </rdf:Description>
  <rdf:Description rdf:about='#A58820'>
    <rdf:type rdf:resource='http://www.daml.org/2001/12/factbook/factbook-ont#Estimate'/>
    <NS0:year>2001</NS0:year>
  </rdf:Description>
  <rdf:Description rdf:about='#A58745'>
    <rdf:type rdf:resource='http://www.daml.org/2001/12/factbook/factbook-ont#Port'/>
    <NS0:name>Oskemen</NS0:name>
  </rdf:Description>
  <rdf:Description rdf:about='#A125021'>
    <rdf:type rdf:resource='http://www.daml.org/2001/12/factbook/factbook-ont#CountryPercent'/>
    <NS0:country rdf:resource='http://www.daml.org/2001/09/countries/fips#UK'/>
  </rdf:Description>
  <rdf:Description rdf:about='#A58401'>
    <NS0:note>1999 census</NS0:note>
  </rdf:Description>
  <rdf:Description rdf:about='#A58741'>
    <rdf:type rdf:resource='http://www.daml.org/2001/12/factbook/factbook-ont#Port'/>
    <NS0:name>Atyrau</NS0:name>
  </rdf:Description>
  <rdf:Description rdf:about='#A125017'>
    <rdf:type rdf:resource='http://www.daml.org/2001/12/factbook/factbook-ont#CountryPercent'/>
    <NS0:country rdf:resource='http://www.daml.org/2001/09/countries/fips#TU'/>
  </rdf:Description>
  <rdf:Description rdf:about='#A58320'>
    <rdf:type rdf:resource='http://www.daml.org/2001/12/factbook/factbook-ont#Estimate'/>
    <NS0:year>2001</NS0:year>
  </rdf:Description>
  <rdf:Description rdf:about='#A58737'>
    <rdf:type rdf:resource='http://www.daml.org/2001/12/factbook/factbook-ont#Port'/>
    <NS0:name>Aqtau</NS0:name>
  </rdf:Description>
  <rdf:Description rdf:about='#A58361'>
    <rdf:type rdf:resource='http://www.daml.org/2001/12/factbook/factbook-ont#Estimate'/>
    <NS0:year>2001</NS0:year>
  </rdf:Description>
  <rdf:Description rdf:about='#A58597'>
    <NS0:year>1997</NS0:year>
  </rdf:Description>
  <rdf:Description rdf:about='#A125013'>
    <rdf:type rdf:resource='http://www.daml.org/2001/12/factbook/factbook-ont#CountryPercent'/>
    <NS0:country rdf:resource='http://www.daml.org/2001/09/countries/fips#UZ'/>
  </rdf:Description>
  <rdf:Description rdf:about='#A58352'>
    <rdf:type rdf:resource='http://www.daml.org/2001/12/factbook/factbook-ont#SexRatioBreakdown'/>
    <NS0:ratio>0.93</NS0:ratio>
  </rdf:Description>
  <rdf:Description rdf:about='#A125009'>
    <rdf:type rdf:resource='http://www.daml.org/2001/12/factbook/factbook-ont#CountryPercent'/>
    <NS0:country rdf:resource='http://www.daml.org/2001/09/countries/fips#US'/>
  </rdf:Description>
  <rdf:Description rdf:about='#A58296'>
    <rdf:type rdf:resource='http://www.daml.org/2001/12/factbook/factbook-ont#Estimate'/>
    <NS0:year>1996</NS0:year>
  </rdf:Description>
  <rdf:Description rdf:about='#A58347'>
    <rdf:type rdf:resource='http://www.daml.org/2001/12/factbook/factbook-ont#SexRatioBreakdown'/>
    <NS0:minAge>65</NS0:minAge>
    <NS0:ratio>0.52</NS0:ratio>
  </rdf:Description>
  <rdf:Description rdf:about='#A125004'>
    <rdf:type rdf:resource='http://www.daml.org/2001/12/factbook/factbook-ont#CountryPercent'/>
    <NS0:country rdf:resource='http://www.daml.org/2001/09/countries/fips#RS'/>
    <NS0:percent>37</NS0:percent>
  </rdf:Description>
  <rdf:Description rdf:about='#A58642'>
    <NS0:year>1999</NS0:year>
  </rdf:Description>
  <rdf:Description rdf:about='#A58341'>
    <rdf:type rdf:resource='http://www.daml.org/2001/12/factbook/factbook-ont#SexRatioBreakdown'/>
    <NS0:minAge>15</NS0:minAge>
    <NS0:maxAge>64</NS0:maxAge>
    <NS0:ratio>0.94</NS0:ratio>
  </rdf:Description>
  <rdf:Description rdf:about='#A58659'>
    <rdf:type rdf:resource='http://www.daml.org/2001/12/factbook/factbook-ont#Estimate'/>
    <NS0:note>f.o.b., 2000</NS0:note>
  </rdf:Description>
  <rdf:Description rdf:about='#A124998'>
    <rdf:type rdf:resource='http://www.daml.org/2001/12/factbook/factbook-ont#CountryPercent'/>
    <NS0:country rdf:resource='http://www.daml.org/2001/09/countries/fips#CH'/>
    <NS0:percent>8</NS0:percent>
  </rdf:Description>
  <rdf:Description rdf:about='#A58831'>
    <NS0:note>FY99</NS0:note>
  </rdf:Description>
  <rdf:Description rdf:about='#A58323'>
    <rdf:type rdf:resource='http://www.daml.org/2001/12/factbook/factbook-ont#Estimate'/>
    <NS0:year>2001</NS0:year>
  </rdf:Description>
  <rdf:Description rdf:about='#A58335'>
    <rdf:type rdf:resource='http://www.daml.org/2001/12/factbook/factbook-ont#SexRatioBreakdown'/>
    <NS0:minAge>0</NS0:minAge>
    <NS0:maxAge>14</NS0:maxAge>
    <NS0:ratio>1.03</NS0:ratio>
  </rdf:Description>
  <rdf:Description rdf:about='#A124993'>
    <rdf:type rdf:resource='http://www.daml.org/2001/12/factbook/factbook-ont#CountryPercent'/>
    <NS0:country rdf:resource='http://www.daml.org/2001/09/countries/fips#RS'/>
    <NS0:percent>20</NS0:percent>
  </rdf:Description>
  <rdf:Description rdf:about='#A58314'>
    <rdf:type rdf:resource='http://www.daml.org/2001/12/factbook/factbook-ont#Estimate'/>
    <NS0:note>July 2001</NS0:note>
  </rdf:Description>
  <rdf:Description rdf:about='#A58522'>
    <rdf:type rdf:resource='#Oblystar'/>
    <NS0:name>Zhambyl</NS0:name>
  </rdf:Description>
  <rdf:Description rdf:about='#A124988'>
    <rdf:type rdf:resource='http://www.daml.org/2001/12/factbook/factbook-ont#Border'/>
    <NS0:country rdf:resource='http://www.daml.org/2001/09/countries/fips#UZ'/>
    <NS0:distance>2203</NS0:distance>
  </rdf:Description>
  <rdf:Description rdf:about='#A58329'>
    <rdf:type rdf:resource='http://www.daml.org/2001/12/factbook/factbook-ont#SexRatioBreakdown'/>
    <NS0:minAge>0</NS0:minAge>
    <NS0:maxAge>0</NS0:maxAge>
    <NS0:ratio>1.05</NS0:ratio>
  </rdf:Description>
  <rdf:Description rdf:about='#A58710'>
    <rdf:type rdf:resource='http://www.daml.org/2001/12/factbook/factbook-ont#CommodityPercent'/>
    <NS0:importsCommodity rdf:resource='http://www.daml.org/2001/12/factbook/commodities#vehicles'/>
  </rdf:Description>
  <rdf:Description rdf:about='#A58518'>
    <rdf:type rdf:resource='#Oblystar'/>
    <NS0:name>Soltustik Qazaqstan</NS0:name>
  </rdf:Description>
  <rdf:Description rdf:about='#A58829'>
    <NS0:note>FY99</NS0:note>
  </rdf:Description>
  <rdf:Description rdf:about='#A58706'>
    <rdf:type rdf:resource='http://www.daml.org/2001/12/factbook/factbook-ont#CommodityPercent'/>
    <NS0:importsCommodity rdf:resource='http://www.daml.org/2001/12/factbook/commodities#oil_and_gas'/>
  </rdf:Description>
  <rdf:Description rdf:about='#A124983'>
    <rdf:type rdf:resource='http://www.daml.org/2001/12/factbook/factbook-ont#Border'/>
    <NS0:country rdf:resource='http://www.daml.org/2001/09/countries/fips#TX'/>
    <NS0:distance>379</NS0:distance>
  </rdf:Description>
  <rdf:Description rdf:about='#A58514'>
    <rdf:type rdf:resource='#Oblystar'/>
    <NS0:name>Shyghys Qazaqstan</NS0:name>
  </rdf:Description>
  <rdf:Description rdf:about='#A58326'>
    <rdf:type rdf:resource='http://www.daml.org/2001/12/factbook/factbook-ont#Estimate'/>
    <NS0:year>2001</NS0:year>
  </rdf:Description>
  <rdf:Description rdf:about='#A58702'>
    <rdf:type rdf:resource='http://www.daml.org/2001/12/factbook/factbook-ont#CommodityPercent'/>
    <NS0:importsCommodity rdf:resource='http://www.daml.org/2001/12/factbook/commodities#industrial_materials'/>
  </rdf:Description>
  <rdf:Description rdf:about='#A58433'>
    <NS0:note>official, used in everyday business</NS0:note>
  </rdf:Description>
  <rdf:Description rdf:about='#A58510'>
    <rdf:type rdf:resource='#Oblystar'/>
    <NS0:name>Qyzylorda</NS0:name>
  </rdf:Description>
  <rdf:Description rdf:about='#A124978'>
    <rdf:type rdf:resource='http://www.daml.org/2001/12/factbook/factbook-ont#Border'/>
    <NS0:country rdf:resource='http://www.daml.org/2001/09/countries/fips#RS'/>
    <NS0:distance>6846</NS0:distance>
  </rdf:Description>
  <rdf:Description rdf:about='#A58729'>
    <NS0:year>1997</NS0:year>
  </rdf:Description>
  <rdf:Description rdf:about='#A58574'>
    <rdf:type rdf:resource='http://www.daml.org/2001/12/factbook/factbook-ont#Estimate'/>
    <NS0:year>2000</NS0:year>
  </rdf:Description>
  <rdf:Description rdf:about='#A58698'>
    <rdf:type rdf:resource='http://www.daml.org/2001/12/factbook/factbook-ont#CommodityPercent'/>
    <NS0:importsCommodity rdf:resource='http://www.daml.org/2001/12/factbook/commodities#machinery_and_parts'/>
  </rdf:Description>
  <rdf:Description rdf:about='#A58506'>
    <rdf:type rdf:resource='#Oblystar'/>
    <NS0:name>Qostanay</NS0:name>
  </rdf:Description>
  <rdf:Description rdf:about='#A124973'>
    <rdf:type rdf:resource='http://www.daml.org/2001/12/factbook/factbook-ont#Border'/>
    <NS0:country rdf:resource='http://www.daml.org/2001/09/countries/fips#KG'/>
    <NS0:distance>1051</NS0:distance>
  </rdf:Description>
  <rdf:Description rdf:about='#A58427'>
    <NS0:note>Qazaq, state language</NS0:note>
  </rdf:Description>
  <rdf:Description rdf:about='#A58502'>
    <rdf:type rdf:resource='#Oblystar'/>
    <NS0:name>Qaraghandy</NS0:name>
  </rdf:Description>
  <rdf:Description rdf:about='#A58691'>
    <rdf:type rdf:resource='http://www.daml.org/2001/12/factbook/factbook-ont#CommodityPercent'/>
    <NS0:exportsCommodity rdf:resource='http://www.daml.org/2001/12/factbook/commodities#coal'/>
  </rdf:Description>
  <rdf:Description rdf:about='#A124968'>
    <rdf:type rdf:resource='http://www.daml.org/2001/12/factbook/factbook-ont#Border'/>
    <NS0:country rdf:resource='http://www.daml.org/2001/09/countries/fips#CH'/>
    <NS0:distance>1533</NS0:distance>
  </rdf:Description>
  <rdf:Description rdf:about='#A58498'>
    <rdf:type rdf:resource='#Oblystar'/>
    <NS0:name>Pavlodar</NS0:name>
  </rdf:Description>
  <rdf:Description rdf:about='#A58687'>
    <rdf:type rdf:resource='http://www.daml.org/2001/12/factbook/factbook-ont#CommodityPercent'/>
    <NS0:exportsCommodity rdf:resource='http://www.daml.org/2001/12/factbook/commodities#meat'/>
  </rdf:Description>
  <rdf:Description rdf:about='#A125036'>
    <NS0:note>1999</NS0:note>
  </rdf:Description>
  <rdf:Description rdf:about='#A58494'>
    <rdf:type rdf:resource='#Oblystar'/>
    <NS0:name>Ongtustik Qazaqstan</NS0:name>
  </rdf:Description>
  <rdf:Description rdf:about='#A58683'>
    <rdf:type rdf:resource='http://www.daml.org/2001/12/factbook/factbook-ont#CommodityPercent'/>
    <NS0:exportsCommodity rdf:resource='http://www.daml.org/2001/12/factbook/commodities#wool'/>
  </rdf:Description>
  <rdf:Description rdf:about='#A58714'>
    <rdf:type rdf:resource='http://www.daml.org/2001/12/factbook/factbook-ont#Estimate'/>
    <NS0:year>2000</NS0:year>
  </rdf:Description>
  <rdf:Description rdf:about='#A58490'>
    <rdf:type rdf:resource='#Oblystar'/>
    <NS0:name>Mangghystau</NS0:name>
  </rdf:Description>
  <rdf:Description rdf:about='#A58679'>
    <rdf:type rdf:resource='http://www.daml.org/2001/12/factbook/factbook-ont#CommodityPercent'/>
    <NS0:exportsCommodity rdf:resource='http://www.daml.org/2001/12/factbook/commodities#grain'/>
  </rdf:Description>
  <rdf:Description rdf:about='#A58486'>
    <rdf:type rdf:resource='#City'/>
    <NS0:name>Bayqongyr</NS0:name>
  </rdf:Description>
  <rdf:Description rdf:about='#A58613'>
    <NS0:year>1996</NS0:year>
  </rdf:Description>
  <rdf:Description rdf:about='#A58675'>
    <rdf:type rdf:resource='http://www.daml.org/2001/12/factbook/factbook-ont#CommodityPercent'/>
    <NS0:exportsCommodity rdf:resource='http://www.daml.org/2001/12/factbook/commodities#chemicals'/>
  </rdf:Description>
  <rdf:Description rdf:about='#A58482'>
    <rdf:type rdf:resource='#Oblystar'/>
    <NS0:name>Batys Qazaqstan</NS0:name>
  </rdf:Description>
  <rdf:Description rdf:about='#A58647'>
    <NS0:year>1999</NS0:year>
  </rdf:Description>
  <rdf:Description rdf:about='#A58671'>
    <rdf:type rdf:resource='http://www.daml.org/2001/12/factbook/factbook-ont#CommodityPercent'/>
    <NS0:exportsCommodity rdf:resource='http://www.daml.org/2001/12/factbook/commodities#machinery'/>
  </rdf:Description>
  <rdf:Description rdf:about='#A58478'>
    <rdf:type rdf:resource='#Oblystar'/>
    <NS0:name>Atyrau</NS0:name>
  </rdf:Description>
  <rdf:Description rdf:about='#A58667'>
    <rdf:type rdf:resource='http://www.daml.org/2001/12/factbook/factbook-ont#CommodityPercent'/>
    <NS0:exportsCommodity rdf:resource='http://www.daml.org/2001/12/factbook/commodities#ferrous_and_nonferrous_metals'/>
  </rdf:Description>
  <rdf:Description rdf:about='#A58474'>
    <rdf:type rdf:resource='#City'/>
    <NS0:name>Astana</NS0:name>
  </rdf:Description>
  <rdf:Description rdf:about='#Oblystar'>
    <rdf:type rdf:resource='http://www.w3.org/2000/01/rdf-schema#Class'/>
    <rdfs:subClassOf rdf:resource='http://www.daml.org/2001/12/factbook/factbook-ont#AdministrativeDivision'/>
    <rdfs:label>Oblystar</rdfs:label>
  </rdf:Description>
  <rdf:Description rdf:about='#A58662'>
    <rdf:type rdf:resource='http://www.daml.org/2001/12/factbook/factbook-ont#CommodityPercent'/>
    <NS0:exportsCommodity rdf:resource='http://www.daml.org/2001/12/factbook/commodities#oil'/>
    <NS0:percent>40</NS0:percent>
  </rdf:Description>
  <rdf:Description rdf:about='#A58470'>
    <rdf:type rdf:resource='#Oblystar'/>
    <NS0:name>Aqtobe</NS0:name>
  </rdf:Description>
  <rdf:Description rdf:about='#A58450'>
    <NS0:note>note - the government moved from Almaty to Astana in December 1998</NS0:note>
  </rdf:Description>
  <rdf:Description rdf:about='#A58466'>
    <rdf:type rdf:resource='#Oblystar'/>
    <NS0:name>Aqmola</NS0:name>
  </rdf:Description>
  <rdf:Description rdf:about='http://www.daml.org/2001/09/countries/fips#KZ'>
    <NS0:background>Native Kazakhs, a mix of Turkic and Mongol nomadic tribes who migrated into the region in the 13th century, were rarely united as a single nation. The area was conquered by Russia in the 18th century and Kazakhstan became a Soviet Republic in 1936. During the 1950s and 1960s agricultural &quot;Virgin Lands&quot; program, Soviet citizens were encouraged to help cultivate Kazakhstan&apos;s northern pastures. This influx of immigrants (mostly Russians, but also some other deported nationalities) skewed the ethnic mixture and enabled non-Kazakhs to outnumber natives. Independence has caused many of these newcomers to emigrate. Current issues include: developing a cohesive national identity; expanding the development of the country&apos;s vast energy resources and exporting them to world markets; and continuing to strengthen relations with neighboring states and other foreign powers.</NS0:background>
    <NS0:location>Central Asia, northwest of China</NS0:location>
    <NS0:geographicCoordinates rdf:resource='#A58251'/>
    <NS0:mapReferences>Commonwealth of Independent States</NS0:mapReferences>
    <NS0:totalArea>2717300</NS0:totalArea>
    <NS0:landArea>2669800</NS0:landArea>
    <NS0:waterArea>47500</NS0:waterArea>
    <NS0:comparativeArea>slightly less than four times the size of Texas</NS0:comparativeArea>
    <NS0:landBoundaries>12012</NS0:landBoundaries>
    <NS0:climate>continental, cold winters and hot summers, arid and semiarid</NS0:climate>
    <NS0:terrain>extends from the Volga to the Altai Mountains and from the plains in western Siberia to oases and desert in Central Asia</NS0:terrain>
    <NS0:lowestPoint rdf:resource='#A58264'/>
    <NS0:highestPoint rdf:resource='#A58269'/>
    <NS0:naturalResource rdf:resource='http://www.daml.org/2001/12/factbook/naturalResources#major_deposits_of_petroleum'/>
    <NS0:naturalResource rdf:resource='http://www.daml.org/2001/12/factbook/naturalResources#natural_gas'/>
    <NS0:naturalResource rdf:resource='http://www.daml.org/2001/12/factbook/naturalResources#coal'/>
    <NS0:naturalResource rdf:resource='http://www.daml.org/2001/12/factbook/naturalResources#iron_ore'/>
    <NS0:naturalResource rdf:resource='http://www.daml.org/2001/12/factbook/naturalResources#manganese'/>
    <NS0:naturalResource rdf:resource='http://www.daml.org/2001/12/factbook/naturalResources#chrome_ore'/>
    <NS0:naturalResource rdf:resource='http://www.daml.org/2001/12/factbook/naturalResources#nickel'/>
    <NS0:naturalResource rdf:resource='http://www.daml.org/2001/12/factbook/naturalResources#cobalt'/>
    <NS0:naturalResource rdf:resource='http://www.daml.org/2001/12/factbook/naturalResources#copper'/>
    <NS0:naturalResource rdf:resource='http://www.daml.org/2001/12/factbook/naturalResources#molybdenum'/>
    <NS0:naturalResource rdf:resource='http://www.daml.org/2001/12/factbook/naturalResources#lead'/>
    <NS0:naturalResource rdf:resource='http://www.daml.org/2001/12/factbook/naturalResources#zinc'/>
    <NS0:naturalResource rdf:resource='http://www.daml.org/2001/12/factbook/naturalResources#bauxite'/>
    <NS0:naturalResource rdf:resource='http://www.daml.org/2001/12/factbook/naturalResources#gold'/>
    <NS0:naturalResource rdf:resource='http://www.daml.org/2001/12/factbook/naturalResources#uranium'/>
    <NS0:arableLand>12</NS0:arableLand>
    <NS0:permanentCrops>11</NS0:permanentCrops>
    <NS0:permanentPastures>57</NS0:permanentPastures>
    <NS0:forestsAndWoodland>4</NS0:forestsAndWoodland>
    <NS0:otherLandUse rdf:ID='A58293'>16</NS0:otherLandUse>
    <NS0:irrigatedLand rdf:ID='A58296'>22000</NS0:irrigatedLand>
    <NS0:naturalHazard>earthquakes in the south, mudslides around Almaty</NS0:naturalHazard>
    <NS0:environmentalIssue>radioactive or toxic chemical sites associated with its former defense industries and test ranges are found throughout the country and pose health risks for humans and animals</NS0:environmentalIssue>
    <NS0:environmentalIssue>industrial pollution is severe in some cities</NS0:environmentalIssue>
    <NS0:environmentalIssue>because the two main rivers which flowed into the Aral Sea have been diverted for irrigation, it is drying up and leaving behind a harmful layer of chemical pesticides and natural salts</NS0:environmentalIssue>
    <NS0:environmentalIssue>these substances are then picked up by the wind and blown into noxious dust storms</NS0:environmentalIssue>
    <NS0:environmentalIssue>pollution in the Caspian Sea</NS0:environmentalIssue>
    <NS0:environmentalIssue>soil pollution from overuse of agricultural chemicals and salination from poor infrastructure and wasteful irrigation practices</NS0:environmentalIssue>
    <NS0:environmentalAgreementPartyTo rdf:resource='http://www.daml.org/2001/12/factbook/environmentalAgreements#Air_Pollution'/>
    <NS0:environmentalAgreementPartyTo rdf:resource='http://www.daml.org/2001/12/factbook/environmentalAgreements#Biodiversity'/>
    <NS0:environmentalAgreementPartyTo rdf:resource='http://www.daml.org/2001/12/factbook/environmentalAgreements#Climate_Change'/>
    <NS0:environmentalAgreementPartyTo rdf:resource='http://www.daml.org/2001/12/factbook/environmentalAgreements#Desertification'/>
    <NS0:environmentalAgreementPartyTo rdf:resource='http://www.daml.org/2001/12/factbook/environmentalAgreements#Endangered_Species'/>
    <NS0:environmentalAgreementPartyTo rdf:resource='http://www.daml.org/2001/12/factbook/environmentalAgreements#Ozone_Layer_Protection'/>
    <NS0:environmentalAgreementPartyTo rdf:resource='http://www.daml.org/2001/12/factbook/environmentalAgreements#Ship_Pollution'/>
    <NS0:environmentalAgreementSigned rdf:resource='http://www.daml.org/2001/12/factbook/environmentalAgreements#Climate_Change-Kyoto_Protocol'/>
    <NS0:population rdf:ID='A58314'>16731303</NS0:population>
    <NS0:populationGrowthRate rdf:ID='A58317'>0.03</NS0:populationGrowthRate>
    <NS0:birthRate rdf:ID='A58320'>17.3</NS0:birthRate>
    <NS0:deathRate rdf:ID='A58323'>10.61</NS0:deathRate>
    <NS0:netMigrationRate rdf:ID='A58326'>-6.43</NS0:netMigrationRate>
    <NS0:sexRatio rdf:resource='#A58329'/>
    <NS0:sexRatio rdf:resource='#A58335'/>
    <NS0:sexRatio rdf:resource='#A58341'/>
    <NS0:sexRatio rdf:resource='#A58347'/>
    <NS0:sexRatio rdf:ID='A58355' rdf:resource='#A58352'/>
    <NS0:infantMortalityRate rdf:ID='A58358'>59.17</NS0:infantMortalityRate>
    <NS0:totalFertilityRate rdf:ID='A58361'>2.07</NS0:totalFertilityRate>
    <NS0:nationalityNoun>Kazakhstani(s)</NS0:nationalityNoun>
    <NS0:nationalityAdjective>Kazakhstani</NS0:nationalityAdjective>
    <NS0:ethnicGroup rdf:ID='A58370' rdf:resource='#A58366'/>
    <NS0:ethnicGroup rdf:resource='#A58372'/>
    <NS0:ethnicGroup rdf:resource='#A58377'/>
    <NS0:ethnicGroup rdf:resource='#A58382'/>
    <NS0:ethnicGroup rdf:resource='#A58387'/>
    <NS0:ethnicGroup rdf:resource='#A58392'/>
    <NS0:ethnicGroup rdf:ID='A58401' rdf:resource='#A58397'/>
    <NS0:religion rdf:resource='#A58403'/>
    <NS0:religion rdf:resource='#A58408'/>
    <NS0:religion rdf:resource='#A58413'/>
    <NS0:religion rdf:resource='#A58418'/>
    <NS0:language rdf:ID='A58427' rdf:resource='#A58423'/>
    <NS0:language rdf:ID='A58433' rdf:resource='#A58429'/>
    <NS0:literacyDefinition>age 15 and over can read and write</NS0:literacyDefinition>
    <NS0:literacyTotal>98</NS0:literacyTotal>
    <NS0:literacyMale>99</NS0:literacyMale>
    <NS0:literacyFemale rdf:ID='A58438'>96</NS0:literacyFemale>
    <NS0:conventionalLongCountryName>Republic of Kazakhstan</NS0:conventionalLongCountryName>
    <NS0:conventionalShortCountryName>Kazakhstan</NS0:conventionalShortCountryName>
    <NS0:localLongCountryName>Qazaqstan Respublikasy</NS0:localLongCountryName>
    <NS0:localShortCountryName>none</NS0:localShortCountryName>
    <NS0:formerCountryName>Kazakh Soviet Socialist Republic</NS0:formerCountryName>
    <NS0:governmentType rdf:resource='http://www.daml.org/2001/12/factbook/governmentTypes#republic'/>
    <NS0:capital rdf:ID='A58450' rdf:resource='#A58447'/>
    <NS0:administrativeDivision rdf:resource='#A58458'/>
    <NS0:administrativeDivision rdf:resource='#A58462'/>
    <NS0:administrativeDivision rdf:resource='#A58466'/>
    <NS0:administrativeDivision rdf:resource='#A58470'/>
    <NS0:administrativeDivision rdf:resource='#A58474'/>
    <NS0:administrativeDivision rdf:resource='#A58478'/>
    <NS0:administrativeDivision rdf:resource='#A58482'/>
    <NS0:administrativeDivision rdf:resource='#A58486'/>
    <NS0:administrativeDivision rdf:resource='#A58490'/>
    <NS0:administrativeDivision rdf:resource='#A58494'/>
    <NS0:administrativeDivision rdf:resource='#A58498'/>
    <NS0:administrativeDivision rdf:resource='#A58502'/>
    <NS0:administrativeDivision rdf:resource='#A58506'/>
    <NS0:administrativeDivision rdf:resource='#A58510'/>
    <NS0:administrativeDivision rdf:resource='#A58514'/>
    <NS0:administrativeDivision rdf:resource='#A58518'/>
    <NS0:administrativeDivision rdf:resource='#A58522'/>
    <NS0:independence>16 December 1991 (from the Soviet Union)</NS0:independence>
    <NS0:constitution>adopted by national referendum 30 August 1995; first post-independence constitution was adopted 28 January 1993</NS0:constitution>
    <NS0:legalSystem>based on civil law system</NS0:legalSystem>
    <NS0:suffrage>18 years of age; universal</NS0:suffrage>
    <NS0:participatesIn rdf:resource='http://www.daml.org/2001/12/factbook/internationalOrganizations#AsDB'/>
    <NS0:participatesIn rdf:resource='http://www.daml.org/2001/12/factbook/internationalOrganizations#CCC'/>
    <NS0:participatesIn rdf:resource='http://www.daml.org/2001/12/factbook/internationalOrganizations#CIS'/>
    <NS0:participatesIn rdf:resource='http://www.daml.org/2001/12/factbook/internationalOrganizations#EAPC'/>
    <NS0:participatesIn rdf:resource='http://www.daml.org/2001/12/factbook/internationalOrganizations#EBRD'/>
    <NS0:participatesIn rdf:resource='http://www.daml.org/2001/12/factbook/internationalOrganizations#ECE'/>
    <NS0:participatesIn rdf:resource='http://www.daml.org/2001/12/factbook/internationalOrganizations#ECO'/>
    <NS0:participatesIn rdf:resource='http://www.daml.org/2001/12/factbook/internationalOrganizations#ESCAP'/>
    <NS0:participatesIn rdf:resource='http://www.daml.org/2001/12/factbook/internationalOrganizations#FAO'/>
    <NS0:participatesIn rdf:resource='http://www.daml.org/2001/12/factbook/internationalOrganizations#IAEA'/>
    <NS0:participatesIn rdf:resource='http://www.daml.org/2001/12/factbook/internationalOrganizations#IBRD'/>
    <NS0:participatesIn rdf:resource='http://www.daml.org/2001/12/factbook/internationalOrganizations#ICAO'/>
    <NS0:participatesIn rdf:resource='http://www.daml.org/2001/12/factbook/internationalOrganizations#IDA'/>
    <NS0:participatesIn rdf:resource='http://www.daml.org/2001/12/factbook/internationalOrganizations#IDB'/>
    <NS0:participatesIn rdf:resource='http://www.daml.org/2001/12/factbook/internationalOrganizations#IFAD'/>
    <NS0:participatesIn rdf:resource='http://www.daml.org/2001/12/factbook/internationalOrganizations#IFC'/>
    <NS0:participatesIn rdf:resource='http://www.daml.org/2001/12/factbook/internationalOrganizations#ILO'/>
    <NS0:participatesIn rdf:resource='http://www.daml.org/2001/12/factbook/internationalOrganizations#IMF'/>
    <NS0:participatesIn rdf:resource='http://www.daml.org/2001/12/factbook/internationalOrganizations#IMO'/>
    <NS0:participatesIn rdf:resource='http://www.daml.org/2001/12/factbook/internationalOrganizations#Intelsat'/>
    <NS0:participatesIn rdf:resource='http://www.daml.org/2001/12/factbook/internationalOrganizations#Interpol'/>
    <NS0:participatesIn rdf:resource='http://www.daml.org/2001/12/factbook/internationalOrganizations#IOC'/>
    <NS0:participatesIn rdf:resource='http://www.daml.org/2001/12/factbook/internationalOrganizations#IOM'/>
    <NS0:participatesIn rdf:resource='http://www.daml.org/2001/12/factbook/internationalOrganizations#ISO'/>
    <NS0:participatesIn rdf:resource='http://www.daml.org/2001/12/factbook/internationalOrganizations#ITU'/>
    <NS0:participatesIn rdf:resource='http://www.daml.org/2001/12/factbook/internationalOrganizations#NAM'/>
    <NS0:participatesIn rdf:resource='http://www.daml.org/2001/12/factbook/internationalOrganizations#OAS'/>
    <NS0:participatesIn rdf:resource='http://www.daml.org/2001/12/factbook/internationalOrganizations#OIC'/>
    <NS0:participatesIn rdf:resource='http://www.daml.org/2001/12/factbook/internationalOrganizations#OPCW'/>
    <NS0:participatesIn rdf:resource='http://www.daml.org/2001/12/factbook/internationalOrganizations#OSCE'/>
    <NS0:participatesIn rdf:resource='http://www.daml.org/2001/12/factbook/internationalOrganizations#PFP'/>
    <NS0:participatesIn rdf:resource='http://www.daml.org/2001/12/factbook/internationalOrganizations#UN'/>
    <NS0:participatesIn rdf:resource='http://www.daml.org/2001/12/factbook/internationalOrganizations#UNCTAD'/>
    <NS0:participatesIn rdf:resource='http://www.daml.org/2001/12/factbook/internationalOrganizations#UNESCO'/>
    <NS0:participatesIn rdf:resource='http://www.daml.org/2001/12/factbook/internationalOrganizations#UNIDO'/>
    <NS0:participatesIn rdf:resource='http://www.daml.org/2001/12/factbook/internationalOrganizations#UPU'/>
    <NS0:participatesIn rdf:resource='http://www.daml.org/2001/12/factbook/internationalOrganizations#WFTU'/>
    <NS0:participatesIn rdf:resource='http://www.daml.org/2001/12/factbook/internationalOrganizations#WHO'/>
    <NS0:participatesIn rdf:resource='http://www.daml.org/2001/12/factbook/internationalOrganizations#WIPO'/>
    <NS0:participatesIn rdf:resource='http://www.daml.org/2001/12/factbook/internationalOrganizations#WMO'/>
    <NS0:participatesIn rdf:resource='http://www.daml.org/2001/12/factbook/internationalOrganizations#WToO'/>
    <NS0:participatesIn rdf:resource='http://www.daml.org/2001/12/factbook/internationalOrganizations#WTrO'/>
    <NS0:flagDescription>sky blue background representing the endless sky and a gold sun with 32 rays soaring above a golden steppe eagle in the center; on the hoist side is a &quot;national ornamentation&quot; in gold</NS0:flagDescription>
    <NS0:economyOverview>Kazakhstan, the second largest of the former Soviet republics in territory, possesses enormous fossil fuel reserves as well as plentiful supplies of other minerals and metals. It also is a large agricultural - livestock and grain - producer. Kazakhstan&apos;s industrial sector rests on the extraction and processing of these natural resources and also on a growing machine-building sector specializing in construction equipment, tractors, agricultural machinery, and some defense items. The breakup of the USSR in December 1991 and the collapse of demand for Kazakhstan&apos;s traditional heavy industry products resulted in a short-term contraction of the economy, with the steepest annual decline occurring in 1994. In 1995-97, the pace of the government program of economic reform and privatization quickened, resulting in a substantial shifting of assets into the private sector. The Caspian Pipeline Consortium agreement to build a new pipeline from western Kazakhstan&apos;s Tengiz oil field to the Black Sea increases prospects for substantially larger oil exports in several years. Kazakhstan&apos;s economy again turned downward in 1998 with a 2% decline in GDP due to slumping oil prices and the August financial crisis in Russia. The recovery of international oil prices in 1999, combined with a well-timed tenge devaluation and a bumper grain harvest, pulled the economy out of recession in 2000. Astana has embarked upon an industrial policy designed to diversify the economy away from overdependence on the oil sector by developing light industry.</NS0:economyOverview>
    <NS0:grossDomesticProduct rdf:ID='A58574'>85600000000</NS0:grossDomesticProduct>
    <NS0:grossDomesticProductRealGrowth rdf:ID='A58577'>10.5</NS0:grossDomesticProductRealGrowth>
    <NS0:grossDomesticProductPerCapita rdf:ID='A58580'>5000</NS0:grossDomesticProductPerCapita>
    <NS0:grossDomesticProductAgriculture>10</NS0:grossDomesticProductAgriculture>
    <NS0:grossDomesticProductIndustry>30</NS0:grossDomesticProductIndustry>
    <NS0:grossDomesticProductServices rdf:ID='A58585'>60</NS0:grossDomesticProductServices>
    <NS0:populationBelowPovertyLine rdf:ID='A58588'>35</NS0:populationBelowPovertyLine>
    <NS0:householdIncomeLowest10Percent>2.7</NS0:householdIncomeLowest10Percent>
    <NS0:householdIncomeHighest10Percent rdf:ID='A58592'>26.3</NS0:householdIncomeHighest10Percent>
    <NS0:inflationRate rdf:ID='A58594'>13.4</NS0:inflationRate>
    <NS0:laborForce rdf:ID='A58597'>8800000</NS0:laborForce>
    <NS0:occupation rdf:resource='#A58599'/>
    <NS0:occupation rdf:resource='#A58604'/>
    <NS0:occupation rdf:ID='A58613' rdf:resource='#A58609'/>
    <NS0:unemploymentRate rdf:ID='A58615'>13.7</NS0:unemploymentRate>
    <NS0:budgetRevenues>3100000000</NS0:budgetRevenues>
    <NS0:budgetExpenditures>3600000000</NS0:budgetExpenditures>
    <NS0:industry rdf:resource='http://www.daml.org/2001/12/factbook/industries#oil'/>
    <NS0:industry rdf:resource='http://www.daml.org/2001/12/factbook/industries#coal'/>
    <NS0:industry rdf:resource='http://www.daml.org/2001/12/factbook/industries#iron_ore'/>
    <NS0:industry rdf:resource='http://www.daml.org/2001/12/factbook/industries#manganese'/>
    <NS0:industry rdf:resource='http://www.daml.org/2001/12/factbook/industries#chromite'/>
    <NS0:industry rdf:resource='http://www.daml.org/2001/12/factbook/industries#lead'/>
    <NS0:industry rdf:resource='http://www.daml.org/2001/12/factbook/industries#zinc'/>
    <NS0:industry rdf:resource='http://www.daml.org/2001/12/factbook/industries#copper'/>
    <NS0:industry rdf:resource='http://www.daml.org/2001/12/factbook/industries#titanium'/>
    <NS0:industry rdf:resource='http://www.daml.org/2001/12/factbook/industries#bauxite'/>
    <NS0:industry rdf:resource='http://www.daml.org/2001/12/factbook/industries#gold'/>
    <NS0:industry rdf:resource='http://www.daml.org/2001/12/factbook/industries#silver'/>
    <NS0:industry rdf:resource='http://www.daml.org/2001/12/factbook/industries#phosphates'/>
    <NS0:industry rdf:resource='http://www.daml.org/2001/12/factbook/industries#sulfur'/>
    <NS0:industry rdf:resource='http://www.daml.org/2001/12/factbook/industries#iron_and_steel'/>
    <NS0:industry rdf:resource='http://www.daml.org/2001/12/factbook/industries#nonferrous_metal'/>
    <NS0:industry rdf:resource='http://www.daml.org/2001/12/factbook/industries#tractors_and_other_agricultural_machinery'/>
    <NS0:industry rdf:resource='http://www.daml.org/2001/12/factbook/industries#electric_motors'/>
    <NS0:industry rdf:resource='http://www.daml.org/2001/12/factbook/industries#construction_materials'/>
    <NS0:industrialProductionGrowthRate rdf:ID='A58639'>14.9</NS0:industrialProductionGrowthRate>
    <NS0:electricityProduction rdf:ID='A58642'>44360000000</NS0:electricityProduction>
    <NS0:electricityProductionFossilFuel>87.12</NS0:electricityProductionFossilFuel>
    <NS0:electricityProductionHydro>12.65</NS0:electricityProductionHydro>
    <NS0:electricityProductionNuclear>0.23</NS0:electricityProductionNuclear>
    <NS0:electricityProductionOther rdf:ID='A58647'>0</NS0:electricityProductionOther>
    <NS0:electricityConsumption rdf:ID='A58649'>44132000000</NS0:electricityConsumption>
    <NS0:electricityExports rdf:ID='A58651'>200000000</NS0:electricityExports>
    <NS0:electricityImports rdf:ID='A58653'>3077000000</NS0:electricityImports>
    <NS0:agricultureProduct rdf:resource='http://www.daml.org/2001/12/factbook/agricultureProducts#grain'/>
    <NS0:agricultureProduct rdf:resource='http://www.daml.org/2001/12/factbook/agricultureProducts#cotton'/>
    <NS0:agricultureProduct rdf:resource='http://www.daml.org/2001/12/factbook/agricultureProducts#wool'/>
    <NS0:agricultureProduct rdf:resource='http://www.daml.org/2001/12/factbook/agricultureProducts#livestock'/>
    <NS0:exports rdf:ID='A58659'>8800000000</NS0:exports>
    <NS0:exportsCommodity rdf:resource='#A58662'/>
    <NS0:exportsCommodity rdf:resource='#A58667'/>
    <NS0:exportsCommodity rdf:resource='#A58671'/>
    <NS0:exportsCommodity rdf:resource='#A58675'/>
    <NS0:exportsCommodity rdf:resource='#A58679'/>
    <NS0:exportsCommodity rdf:resource='#A58683'/>
    <NS0:exportsCommodity rdf:resource='#A58687'/>
    <NS0:exportsCommodity rdf:resource='#A58691'/>
    <NS0:imports rdf:ID='A58695'>6900000000</NS0:imports>
    <NS0:importsCommodity rdf:resource='#A58698'/>
    <NS0:importsCommodity rdf:resource='#A58702'/>
    <NS0:importsCommodity rdf:resource='#A58706'/>
    <NS0:importsCommodity rdf:resource='#A58710'/>
    <NS0:externalDebt rdf:ID='A58714'>12500000000</NS0:externalDebt>
    <NS0:economicAidRecipient rdf:ID='A58717'>409600000</NS0:economicAidRecipient>
    <NS0:currency>tenge (KZT)</NS0:currency>
    <NS0:currencyCode>KZT</NS0:currencyCode>
    <NS0:fiscalYear>calendar year</NS0:fiscalYear>
    <NS0:mainTelephoneLines rdf:ID='A58722'>1818000</NS0:mainTelephoneLines>
    <NS0:mobileTelephoneLines rdf:ID='A58724'>11202</NS0:mobileTelephoneLines>
    <NS0:telephoneSystemGeneralAssessment>service is poor; equipment antiquated</NS0:telephoneSystemGeneralAssessment>
    <NS0:telephoneSystemDomestic>intercity by landline and microwave radio relay; mobile cellular systems are available in most of Kazakhstan</NS0:telephoneSystemDomestic>
    <NS0:telephoneSystemInternational>international traffic with other former Soviet republics and China carried by landline and microwave radio relay; with other countries by satellite and by the Trans-Asia-Europe (TAE) fiber-optic cable; satellite earth stations - 2 Intelsat</NS0:telephoneSystemInternational>
    <NS0:radios rdf:ID='A58729'>6470000</NS0:radios>
    <NS0:televisions rdf:ID='A58731'>3880000</NS0:televisions>
    <NS0:internetCountryCode>.kz</NS0:internetCountryCode>
    <NS0:internetUsers rdf:ID='A58734'>70000</NS0:internetUsers>
    <NS0:waterways>3900</NS0:waterways>
    <NS0:port rdf:resource='#A58737'/>
    <NS0:port rdf:resource='#A58741'/>
    <NS0:port rdf:resource='#A58745'/>
    <NS0:port rdf:resource='#A58749'/>
    <NS0:port rdf:resource='#A58753'/>
    <NS0:airports rdf:ID='A58757'>449</NS0:airports>
    <NS0:airportBreakdown rdf:resource='#A58760'/>
    <NS0:airportBreakdown rdf:resource='#A58766'/>
    <NS0:airportBreakdown rdf:resource='#A58773'/>
    <NS0:airportBreakdown rdf:resource='#A58780'/>
    <NS0:airportBreakdown rdf:resource='#A58786'/>
    <NS0:airportBreakdown rdf:resource='#A58792'/>
    <NS0:airportBreakdown rdf:resource='#A58799'/>
    <NS0:airportBreakdown rdf:resource='#A58806'/>
    <NS0:airportBreakdown rdf:resource='#A58813'/>
    <NS0:militaryAge>18</NS0:militaryAge>
    <NS0:malesOfMilitaryAge rdf:ID='A58820'>4509179</NS0:malesOfMilitaryAge>
    <NS0:malesFitForMilitaryService rdf:ID='A58823'>3598859</NS0:malesFitForMilitaryService>
    <NS0:malesReachingMilitaryAgeAnnually rdf:ID='A58826'>163628</NS0:malesReachingMilitaryAgeAnnually>
    <NS0:militaryExpenditures rdf:ID='A58829'>322000000</NS0:militaryExpenditures>
    <NS0:militaryExpendituresPercentGDP rdf:ID='A58831'>1.5</NS0:militaryExpendituresPercentGDP>
    <NS0:internationalDispute>Caspian Sea boundaries are not yet determined among Azerbaijan, Iran, Kazakhstan, Russia, and Turkmenistan</NS0:internationalDispute>
    <NS0:illicitDrugs>significant illicit cultivation of cannabis and limited cultivation of opium poppy and ephedra</NS0:illicitDrugs>
    <NS0:illicitDrugs>limited government eradication program</NS0:illicitDrugs>
    <NS0:illicitDrugs>cannabis consumed largely in the CIS</NS0:illicitDrugs>
    <NS0:illicitDrugs>used as transshipment point for illicit drugs to Russia, North America, and Western Europe from Southwest Asia</NS0:illicitDrugs>
    <NS0:illicitDrugs>developing heroin addiction problem</NS0:illicitDrugs>
    <NS0:smallFlag>http://www.cia.gov/cia/publications/factbook/flags/kz-flag.jpg</NS0:smallFlag>
    <NS0:largeFlag>http://www.cia.gov/cia/publications/factbook/flags/kz-lgflag.jpg</NS0:largeFlag>
    <NS0:map>http://www.cia.gov/cia/publications/factbook/maps/kz-map.jpg</NS0:map>
    <NS0:border rdf:resource='#A124968'/>
    <NS0:border rdf:resource='#A124973'/>
    <NS0:border rdf:resource='#A124978'/>
    <NS0:border rdf:resource='#A124983'/>
    <NS0:border rdf:resource='#A124988'/>
    <NS0:exportPartner rdf:resource='#A124993'/>
    <NS0:exportPartner rdf:ID='A125002' rdf:resource='#A124998'/>
    <NS0:importPartner rdf:resource='#A125004'/>
    <NS0:importPartner rdf:resource='#A125009'/>
    <NS0:importPartner rdf:resource='#A125013'/>
    <NS0:importPartner rdf:resource='#A125017'/>
    <NS0:importPartner rdf:resource='#A125021'/>
    <NS0:importPartner rdf:resource='#A125025'/>
    <NS0:importPartner rdf:resource='#A125029'/>
    <NS0:importPartner rdf:ID='A125036' rdf:resource='#A125033'/>
  </rdf:Description>
  <rdf:Description rdf:about='#A58653'>
    <NS0:year>1999</NS0:year>
  </rdf:Description>
  <rdf:Description rdf:about='#A58462'>
    <rdf:type rdf:resource='#City'/>
    <NS0:name>Almaty</NS0:name>
  </rdf:Description>
  <rdf:Description rdf:about='#A58269'>
    <rdf:type rdf:resource='http://www.daml.org/2001/12/factbook/factbook-ont#ElevationExtreme'/>
    <NS0:name>Khan Tangiri Shyngy (Pik Khan-Tengri)</NS0:name>
    <NS0:elevation>6995</NS0:elevation>
  </rdf:Description>
  <rdf:Description rdf:about='#A58651'>
    <NS0:year>1999</NS0:year>
  </rdf:Description>
  <rdf:Description rdf:about='#A58458'>
    <rdf:type rdf:resource='#Oblystar'/>
    <NS0:name>Almaty</NS0:name>
  </rdf:Description>
  <rdf:Description rdf:about='#A58731'>
    <NS0:year>1997</NS0:year>
  </rdf:Description>
  <rdf:Description rdf:about='#A58649'>
    <NS0:year>1999</NS0:year>
  </rdf:Description>
  <rdf:Description rdf:about='#A58264'>
    <rdf:type rdf:resource='http://www.daml.org/2001/12/factbook/factbook-ont#ElevationExtreme'/>
    <NS0:name>Vpadina Kaundy</NS0:name>
    <NS0:elevation>-132</NS0:elevation>
  </rdf:Description>
  <rdf:Description rdf:about='#A58438'>
    <rdf:type rdf:resource='http://www.daml.org/2001/12/factbook/factbook-ont#Estimate'/>
    <NS0:year>1989</NS0:year>
  </rdf:Description>
  <rdf:Description rdf:about='#A58757'>
    <rdf:type rdf:resource='http://www.daml.org/2001/12/factbook/factbook-ont#Estimate'/>
    <NS0:year>2000</NS0:year>
  </rdf:Description>
  <rdf:Description rdf:about='#A58695'>
    <rdf:type rdf:resource='http://www.daml.org/2001/12/factbook/factbook-ont#Estimate'/>
    <NS0:note>f.o.b., 2000</NS0:note>
  </rdf:Description>
  <rdf:Description rdf:about='#A58447'>
    <rdf:type rdf:resource='http://www.daml.org/2001/12/factbook/factbook-ont#CapitalCity'/>
    <NS0:name>Astana</NS0:name>
  </rdf:Description>
</rdf:RDF>
