<?xml version='1.0' encoding='ISO-8859-1'?>
<rdf:RDF
  xmlns:rdf='http://www.w3.org/1999/02/22-rdf-syntax-ns#'
  xmlns:NS0='http://www.daml.org/2001/12/factbook/factbook-ont#'
  xmlns:rdfs='http://www.w3.org/2000/01/rdf-schema#'
  xml:base="http://www.daml.org/2001/12/factbook/la">
  <rdf:Description rdf:about='#A59209'>
    <rdf:type rdf:resource='http://www.daml.org/2001/12/factbook/factbook-ont#Estimate'/>
    <NS0:note>f.o.b., 2000</NS0:note>
  </rdf:Description>
  <rdf:Description rdf:about='#A59011'>
    <rdf:type rdf:resource='http://www.daml.org/2001/12/factbook/factbook-ont#CapitalCity'/>
    <NS0:name>Vientiane</NS0:name>
  </rdf:Description>
  <rdf:Description rdf:about='#A59267'>
    <NS0:year>1997</NS0:year>
  </rdf:Description>
  <rdf:Description rdf:about='#A58945'>
    <rdf:type rdf:resource='http://www.daml.org/2001/12/factbook/factbook-ont#Estimate'/>
    <NS0:year>2001</NS0:year>
  </rdf:Description>
  <rdf:Description rdf:about='#A59155'>
    <NS0:year>1992</NS0:year>
  </rdf:Description>
  <rdf:Description rdf:about='#A58996'>
    <rdf:type rdf:resource='http://www.daml.org/2001/12/factbook/factbook-ont#LanguagePercent'/>
    <NS0:language rdf:resource='http://www.daml.org/2001/12/factbook/languages#various_ethnic_languages'/>
  </rdf:Description>
  <rdf:Description rdf:about='#Province'>
    <rdf:type rdf:resource='http://www.w3.org/2000/01/rdf-schema#Class'/>
    <rdfs:subClassOf rdf:resource='http://www.daml.org/2001/12/factbook/factbook-ont#AdministrativeDivision'/>
    <rdfs:label>Province</rdfs:label>
  </rdf:Description>
  <rdf:Description rdf:about='#A125460'>
    <rdf:type rdf:resource='http://www.daml.org/2001/12/factbook/factbook-ont#CountryPercent'/>
    <NS0:country rdf:resource='http://www.daml.org/2001/09/countries/fips#HK'/>
  </rdf:Description>
  <rdf:Description rdf:about='#A58992'>
    <rdf:type rdf:resource='http://www.daml.org/2001/12/factbook/factbook-ont#LanguagePercent'/>
    <NS0:language rdf:resource='http://www.daml.org/2001/12/factbook/languages#English'/>
  </rdf:Description>
  <rdf:Description rdf:about='#A59336'>
    <NS0:note>FY98</NS0:note>
  </rdf:Description>
  <rdf:Description rdf:about='#A59247'>
    <rdf:type rdf:resource='http://www.daml.org/2001/12/factbook/factbook-ont#Estimate'/>
    <NS0:year>1998</NS0:year>
  </rdf:Description>
  <rdf:Description rdf:about='#A125456'>
    <rdf:type rdf:resource='http://www.daml.org/2001/12/factbook/factbook-ont#CountryPercent'/>
    <NS0:country rdf:resource='http://www.daml.org/2001/09/countries/fips#SN'/>
  </rdf:Description>
  <rdf:Description rdf:about='#A59148'>
    <rdf:type rdf:resource='http://www.daml.org/2001/12/factbook/factbook-ont#Estimate'/>
    <NS0:year>1999</NS0:year>
  </rdf:Description>
  <rdf:Description rdf:about='#A58988'>
    <rdf:type rdf:resource='http://www.daml.org/2001/12/factbook/factbook-ont#LanguagePercent'/>
    <NS0:language rdf:resource='http://www.daml.org/2001/12/factbook/languages#French'/>
  </rdf:Description>
  <rdf:Description rdf:about='#A125452'>
    <rdf:type rdf:resource='http://www.daml.org/2001/12/factbook/factbook-ont#CountryPercent'/>
    <NS0:country rdf:resource='http://www.daml.org/2001/09/countries/fips#CH'/>
  </rdf:Description>
  <rdf:Description rdf:about='#A58983'>
    <rdf:type rdf:resource='http://www.daml.org/2001/12/factbook/factbook-ont#LanguagePercent'/>
    <NS0:language rdf:resource='http://www.daml.org/2001/12/factbook/languages#Lao'/>
  </rdf:Description>
  <rdf:Description rdf:about='#A125448'>
    <rdf:type rdf:resource='http://www.daml.org/2001/12/factbook/factbook-ont#CountryPercent'/>
    <NS0:country rdf:resource='http://www.daml.org/2001/09/countries/fips#VM'/>
  </rdf:Description>
  <rdf:Description rdf:about='#A59182'>
    <NS0:year>1999</NS0:year>
  </rdf:Description>
  <rdf:Description rdf:about='#A58978'>
    <rdf:type rdf:resource='http://www.daml.org/2001/12/factbook/factbook-ont#ReligionPercent'/>
    <NS0:religion rdf:resource='http://www.daml.org/2001/12/factbook/religions#animist_and_other'/>
    <NS0:percent>40</NS0:percent>
  </rdf:Description>
  <rdf:Description rdf:about='#A125444'>
    <rdf:type rdf:resource='http://www.daml.org/2001/12/factbook/factbook-ont#CountryPercent'/>
    <NS0:country rdf:resource='http://www.daml.org/2001/09/countries/fips#JA'/>
  </rdf:Description>
  <rdf:Description rdf:about='#Municipality'>
    <rdf:type rdf:resource='http://www.w3.org/2000/01/rdf-schema#Class'/>
    <rdfs:subClassOf rdf:resource='http://www.daml.org/2001/12/factbook/factbook-ont#AdministrativeDivision'/>
    <rdfs:label>Municipality</rdfs:label>
  </rdf:Description>
  <rdf:Description rdf:about='#A58973'>
    <rdf:type rdf:resource='http://www.daml.org/2001/12/factbook/factbook-ont#ReligionPercent'/>
    <NS0:religion rdf:resource='http://www.daml.org/2001/12/factbook/religions#Buddhist'/>
    <NS0:percent>60</NS0:percent>
  </rdf:Description>
  <rdf:Description rdf:about='#A58855'>
    <NS0:note>landlocked</NS0:note>
  </rdf:Description>
  <rdf:Description rdf:about='#A59276'>
    <NS0:year>1991</NS0:year>
  </rdf:Description>
  <rdf:Description rdf:about='#A125440'>
    <rdf:type rdf:resource='http://www.daml.org/2001/12/factbook/factbook-ont#CountryPercent'/>
    <NS0:country rdf:resource='http://www.daml.org/2001/09/countries/fips#TH'/>
  </rdf:Description>
  <rdf:Description rdf:about='#A59160'>
    <rdf:type rdf:resource='http://www.daml.org/2001/12/factbook/factbook-ont#OccupationPercent'/>
    <NS0:occupation rdf:resource='http://www.daml.org/2001/12/factbook/occupations#agriculture'/>
    <NS0:percent>80</NS0:percent>
  </rdf:Description>
  <rdf:Description rdf:about='#A125436'>
    <rdf:type rdf:resource='http://www.daml.org/2001/12/factbook/factbook-ont#CountryPercent'/>
    <NS0:country rdf:resource='http://www.daml.org/2001/09/countries/fips#BE'/>
  </rdf:Description>
  <rdf:Description rdf:about='#A58968'>
    <rdf:type rdf:resource='http://www.daml.org/2001/12/factbook/factbook-ont#EthnicGroupPercent'/>
    <NS0:ethnicGroup rdf:resource='http://www.daml.org/2001/12/factbook/ethnicGroups#ethnic_Vietnamese_Chinese'/>
    <NS0:percent>1</NS0:percent>
  </rdf:Description>
  <rdf:Description rdf:about='#A59338'>
    <NS0:note>FY96/97</NS0:note>
  </rdf:Description>
  <rdf:Description rdf:about='#A125432'>
    <rdf:type rdf:resource='http://www.daml.org/2001/12/factbook/factbook-ont#CountryPercent'/>
    <NS0:country rdf:resource='http://www.daml.org/2001/09/countries/fips#FR'/>
  </rdf:Description>
  <rdf:Description rdf:about='#A58962'>
    <rdf:type rdf:resource='http://www.daml.org/2001/12/factbook/factbook-ont#EthnicGroupPercent'/>
    <NS0:ethnicGroup rdf:resource='http://www.daml.org/2001/12/factbook/ethnicGroups#Lao_Soung_including_the_Hmong_("Meo")_and_the_Yao_(Mien)'/>
    <NS0:percent>9</NS0:percent>
  </rdf:Description>
  <rdf:Description rdf:about='#A59193'>
    <NS0:year>1999</NS0:year>
  </rdf:Description>
  <rdf:Description rdf:about='#A125428'>
    <rdf:type rdf:resource='http://www.daml.org/2001/12/factbook/factbook-ont#CountryPercent'/>
    <NS0:country rdf:resource='http://www.daml.org/2001/09/countries/fips#GM'/>
  </rdf:Description>
  <rdf:Description rdf:about='#A58910'>
    <rdf:type rdf:resource='http://www.daml.org/2001/12/factbook/factbook-ont#Estimate'/>
    <NS0:year>2001</NS0:year>
  </rdf:Description>
  <rdf:Description rdf:about='#A125424'>
    <rdf:type rdf:resource='http://www.daml.org/2001/12/factbook/factbook-ont#CountryPercent'/>
    <NS0:country rdf:resource='http://www.daml.org/2001/09/countries/fips#TH'/>
  </rdf:Description>
  <rdf:Description rdf:about='#A58956'>
    <rdf:type rdf:resource='http://www.daml.org/2001/12/factbook/factbook-ont#EthnicGroupPercent'/>
    <NS0:ethnicGroup rdf:resource='http://www.daml.org/2001/12/factbook/ethnicGroups#Lao_Theung'/>
    <NS0:percent>22</NS0:percent>
  </rdf:Description>
  <rdf:Description rdf:about='#A59330'>
    <rdf:type rdf:resource='http://www.daml.org/2001/12/factbook/factbook-ont#Estimate'/>
    <NS0:year>2001</NS0:year>
  </rdf:Description>
  <rdf:Description rdf:about='#A125420'>
    <rdf:type rdf:resource='http://www.daml.org/2001/12/factbook/factbook-ont#CountryPercent'/>
    <NS0:country rdf:resource='http://www.daml.org/2001/09/countries/fips#VM'/>
  </rdf:Description>
  <rdf:Description rdf:about='#A58950'>
    <rdf:type rdf:resource='http://www.daml.org/2001/12/factbook/factbook-ont#EthnicGroupPercent'/>
    <NS0:ethnicGroup rdf:resource='http://www.daml.org/2001/12/factbook/ethnicGroups#Lao_Loum'/>
    <NS0:percent>68</NS0:percent>
  </rdf:Description>
  <rdf:Description rdf:about='#A58954'>
    <NS0:note>lowland</NS0:note>
  </rdf:Description>
  <rdf:Description rdf:about='#A125415'>
    <rdf:type rdf:resource='http://www.daml.org/2001/12/factbook/factbook-ont#Border'/>
    <NS0:country rdf:resource='http://www.daml.org/2001/09/countries/fips#VM'/>
    <NS0:distance>2130</NS0:distance>
  </rdf:Description>
  <rdf:Description rdf:about='#A59137'>
    <rdf:type rdf:resource='http://www.daml.org/2001/12/factbook/factbook-ont#Estimate'/>
    <NS0:year>2000</NS0:year>
  </rdf:Description>
  <rdf:Description rdf:about='#A125410'>
    <rdf:type rdf:resource='http://www.daml.org/2001/12/factbook/factbook-ont#Border'/>
    <NS0:country rdf:resource='http://www.daml.org/2001/09/countries/fips#TH'/>
    <NS0:distance>1754</NS0:distance>
  </rdf:Description>
  <rdf:Description rdf:about='#A58960'>
    <NS0:note>upland</NS0:note>
  </rdf:Description>
  <rdf:Description rdf:about='#A58879'>
    <rdf:type rdf:resource='http://www.daml.org/2001/12/factbook/factbook-ont#Estimate'/>
    <NS0:year>1993</NS0:year>
  </rdf:Description>
  <rdf:Description rdf:about='#A59320'>
    <rdf:type rdf:resource='http://www.daml.org/2001/12/factbook/factbook-ont#AirportBreakdown'/>
    <NS0:paved>false</NS0:paved>
    <NS0:maxRunway>913</NS0:maxRunway>
    <NS0:count>25 (2000 est.)</NS0:count>
  </rdf:Description>
  <rdf:Description rdf:about='#A59143'>
    <rdf:type rdf:resource='http://www.daml.org/2001/12/factbook/factbook-ont#Estimate'/>
    <NS0:year>2000</NS0:year>
  </rdf:Description>
  <rdf:Description rdf:about='#A125405'>
    <rdf:type rdf:resource='http://www.daml.org/2001/12/factbook/factbook-ont#Border'/>
    <NS0:country rdf:resource='http://www.daml.org/2001/09/countries/fips#CH'/>
    <NS0:distance>423</NS0:distance>
  </rdf:Description>
  <rdf:Description rdf:about='#A59263'>
    <NS0:year>1997</NS0:year>
  </rdf:Description>
  <rdf:Description rdf:about='#A58936'>
    <rdf:type rdf:resource='http://www.daml.org/2001/12/factbook/factbook-ont#SexRatioBreakdown'/>
    <NS0:ratio>0.98</NS0:ratio>
  </rdf:Description>
  <rdf:Description rdf:about='#A58966'>
    <NS0:note>highland</NS0:note>
  </rdf:Description>
  <rdf:Description rdf:about='#A58939'>
    <rdf:type rdf:resource='http://www.daml.org/2001/12/factbook/factbook-ont#Estimate'/>
    <NS0:year>2001</NS0:year>
  </rdf:Description>
  <rdf:Description rdf:about='#SpecialZone'>
    <rdf:type rdf:resource='http://www.w3.org/2000/01/rdf-schema#Class'/>
    <rdfs:subClassOf rdf:resource='http://www.daml.org/2001/12/factbook/factbook-ont#AdministrativeDivision'/>
    <rdfs:label>SpecialZone</rdfs:label>
  </rdf:Description>
  <rdf:Description rdf:about='#A125400'>
    <rdf:type rdf:resource='http://www.daml.org/2001/12/factbook/factbook-ont#Border'/>
    <NS0:country rdf:resource='http://www.daml.org/2001/09/countries/fips#CB'/>
    <NS0:distance>541</NS0:distance>
  </rdf:Description>
  <rdf:Description rdf:about='#A59167'>
    <rdf:type rdf:resource='http://www.daml.org/2001/12/factbook/factbook-ont#Estimate'/>
    <NS0:year>1997</NS0:year>
  </rdf:Description>
  <rdf:Description rdf:about='#A58931'>
    <rdf:type rdf:resource='http://www.daml.org/2001/12/factbook/factbook-ont#SexRatioBreakdown'/>
    <NS0:minAge>65</NS0:minAge>
    <NS0:ratio>0.85</NS0:ratio>
  </rdf:Description>
  <rdf:Description rdf:about='#A59313'>
    <rdf:type rdf:resource='http://www.daml.org/2001/12/factbook/factbook-ont#AirportBreakdown'/>
    <NS0:paved>false</NS0:paved>
    <NS0:minRunway>914</NS0:minRunway>
    <NS0:maxRunway>1523</NS0:maxRunway>
    <NS0:count>17</NS0:count>
  </rdf:Description>
  <rdf:Description rdf:about='#A59151'>
    <rdf:type rdf:resource='http://www.daml.org/2001/12/factbook/factbook-ont#Estimate'/>
    <NS0:year>1993</NS0:year>
  </rdf:Description>
  <rdf:Description rdf:about='#A125395'>
    <rdf:type rdf:resource='http://www.daml.org/2001/12/factbook/factbook-ont#Border'/>
    <NS0:country rdf:resource='http://www.daml.org/2001/09/countries/fips#BM'/>
    <NS0:distance>235</NS0:distance>
  </rdf:Description>
  <rdf:Description rdf:about='#A58925'>
    <rdf:type rdf:resource='http://www.daml.org/2001/12/factbook/factbook-ont#SexRatioBreakdown'/>
    <NS0:minAge>15</NS0:minAge>
    <NS0:maxAge>64</NS0:maxAge>
    <NS0:ratio>0.97</NS0:ratio>
  </rdf:Description>
  <rdf:Description rdf:about='#A59306'>
    <rdf:type rdf:resource='http://www.daml.org/2001/12/factbook/factbook-ont#AirportBreakdown'/>
    <NS0:paved>false</NS0:paved>
    <NS0:minRunway>1524</NS0:minRunway>
    <NS0:maxRunway>2437</NS0:maxRunway>
    <NS0:count>1</NS0:count>
  </rdf:Description>
  <rdf:Description rdf:about='#A58919'>
    <rdf:type rdf:resource='http://www.daml.org/2001/12/factbook/factbook-ont#SexRatioBreakdown'/>
    <NS0:minAge>0</NS0:minAge>
    <NS0:maxAge>14</NS0:maxAge>
    <NS0:ratio>1.01</NS0:ratio>
  </rdf:Description>
  <rdf:Description rdf:about='#A59299'>
    <rdf:type rdf:resource='http://www.daml.org/2001/12/factbook/factbook-ont#AirportBreakdown'/>
    <NS0:paved>true</NS0:paved>
    <NS0:minRunway>914</NS0:minRunway>
    <NS0:maxRunway>1523</NS0:maxRunway>
    <NS0:count>2 (2000 est.)</NS0:count>
  </rdf:Description>
  <rdf:Description rdf:about='#A59191'>
    <NS0:year>1999</NS0:year>
  </rdf:Description>
  <rdf:Description rdf:about='#A58913'>
    <rdf:type rdf:resource='http://www.daml.org/2001/12/factbook/factbook-ont#SexRatioBreakdown'/>
    <NS0:minAge>0</NS0:minAge>
    <NS0:maxAge>0</NS0:maxAge>
    <NS0:ratio>1.03</NS0:ratio>
  </rdf:Description>
  <rdf:Description rdf:about='#A59292'>
    <rdf:type rdf:resource='http://www.daml.org/2001/12/factbook/factbook-ont#AirportBreakdown'/>
    <NS0:paved>true</NS0:paved>
    <NS0:minRunway>1524</NS0:minRunway>
    <NS0:maxRunway>2437</NS0:maxRunway>
    <NS0:count>5</NS0:count>
  </rdf:Description>
  <rdf:Description rdf:about='#A59285'>
    <rdf:type rdf:resource='http://www.daml.org/2001/12/factbook/factbook-ont#AirportBreakdown'/>
    <NS0:paved>true</NS0:paved>
    <NS0:minRunway>2438</NS0:minRunway>
    <NS0:maxRunway>3047</NS0:maxRunway>
    <NS0:count>1</NS0:count>
  </rdf:Description>
  <rdf:Description rdf:about='#A59092'>
    <rdf:type rdf:resource='#Province'/>
    <NS0:name>Xiangkhoang</NS0:name>
  </rdf:Description>
  <rdf:Description rdf:about='#A59164'>
    <rdf:type rdf:resource='http://www.daml.org/2001/12/factbook/factbook-ont#Estimate'/>
    <NS0:year>1997</NS0:year>
  </rdf:Description>
  <rdf:Description rdf:about='#A59270'>
    <NS0:year>2000</NS0:year>
  </rdf:Description>
  <rdf:Description rdf:about='#A59088'>
    <rdf:type rdf:resource='#Province'/>
    <NS0:name>Xekong</NS0:name>
  </rdf:Description>
  <rdf:Description rdf:about='#A59278'>
    <rdf:type rdf:resource='http://www.daml.org/2001/12/factbook/factbook-ont#Port'/>
    <NS0:name>none</NS0:name>
  </rdf:Description>
  <rdf:Description rdf:about='#A59272'>
    <NS0:year>2000</NS0:year>
  </rdf:Description>
  <rdf:Description rdf:about='#A59084'>
    <rdf:type rdf:resource='#SpecialZone'/>
    <NS0:name>Xaisomboun</NS0:name>
  </rdf:Description>
  <rdf:Description rdf:about='#A59080'>
    <rdf:type rdf:resource='#Province'/>
    <NS0:name>Xaignabouli</NS0:name>
  </rdf:Description>
  <rdf:Description rdf:about='#A59333'>
    <rdf:type rdf:resource='http://www.daml.org/2001/12/factbook/factbook-ont#Estimate'/>
    <NS0:year>2001</NS0:year>
  </rdf:Description>
  <rdf:Description rdf:about='#A59076'>
    <rdf:type rdf:resource='#Province'/>
    <NS0:name>Viangchan</NS0:name>
  </rdf:Description>
  <rdf:Description rdf:about='#A59327'>
    <rdf:type rdf:resource='http://www.daml.org/2001/12/factbook/factbook-ont#Estimate'/>
    <NS0:year>2001</NS0:year>
  </rdf:Description>
  <rdf:Description rdf:about='#A58907'>
    <rdf:type rdf:resource='http://www.daml.org/2001/12/factbook/factbook-ont#Estimate'/>
    <NS0:year>2001</NS0:year>
  </rdf:Description>
  <rdf:Description rdf:about='#A59072'>
    <rdf:type rdf:resource='#Municipality'/>
    <NS0:name>Viangchan</NS0:name>
  </rdf:Description>
  <rdf:Description rdf:about='#A59157'>
    <rdf:type rdf:resource='http://www.daml.org/2001/12/factbook/factbook-ont#Estimate'/>
    <NS0:year>2000</NS0:year>
  </rdf:Description>
  <rdf:Description rdf:about='#A59179'>
    <rdf:type rdf:resource='http://www.daml.org/2001/12/factbook/factbook-ont#Estimate'/>
    <NS0:year>1999</NS0:year>
  </rdf:Description>
  <rdf:Description rdf:about='#A59068'>
    <rdf:type rdf:resource='#Province'/>
    <NS0:name>Savannakhet</NS0:name>
  </rdf:Description>
  <rdf:Description rdf:about='#A58901'>
    <rdf:type rdf:resource='http://www.daml.org/2001/12/factbook/factbook-ont#Estimate'/>
    <NS0:year>2001</NS0:year>
  </rdf:Description>
  <rdf:Description rdf:about='#A59064'>
    <rdf:type rdf:resource='#Province'/>
    <NS0:name>Salavan</NS0:name>
  </rdf:Description>
  <rdf:Description rdf:about='#A59282'>
    <rdf:type rdf:resource='http://www.daml.org/2001/12/factbook/factbook-ont#Estimate'/>
    <NS0:year>2000</NS0:year>
  </rdf:Description>
  <rdf:Description rdf:about='#A59060'>
    <rdf:type rdf:resource='#Province'/>
    <NS0:name>Phongsali</NS0:name>
  </rdf:Description>
  <rdf:Description rdf:about='#A59187'>
    <NS0:year>1999</NS0:year>
  </rdf:Description>
  <rdf:Description rdf:about='#A59232'>
    <rdf:type rdf:resource='http://www.daml.org/2001/12/factbook/factbook-ont#Estimate'/>
    <NS0:note>f.o.b., 2000</NS0:note>
  </rdf:Description>
  <rdf:Description rdf:about='#A58942'>
    <rdf:type rdf:resource='http://www.daml.org/2001/12/factbook/factbook-ont#Estimate'/>
    <NS0:year>2001</NS0:year>
  </rdf:Description>
  <rdf:Description rdf:about='#A59056'>
    <rdf:type rdf:resource='#Province'/>
    <NS0:name>Oudomxai</NS0:name>
  </rdf:Description>
  <rdf:Description rdf:about='#A58898'>
    <rdf:type rdf:resource='http://www.daml.org/2001/12/factbook/factbook-ont#Estimate'/>
    <NS0:note>July 2001</NS0:note>
  </rdf:Description>
  <rdf:Description rdf:about='#A58864'>
    <rdf:type rdf:resource='http://www.daml.org/2001/12/factbook/factbook-ont#ElevationExtreme'/>
    <NS0:name>Phou Bia</NS0:name>
    <NS0:elevation>2817</NS0:elevation>
  </rdf:Description>
  <rdf:Description rdf:about='#A59265'>
    <NS0:year>1999</NS0:year>
  </rdf:Description>
  <rdf:Description rdf:about='#A59243'>
    <rdf:type rdf:resource='http://www.daml.org/2001/12/factbook/factbook-ont#CommodityPercent'/>
    <NS0:importsCommodity rdf:resource='http://www.daml.org/2001/12/factbook/commodities#fuel'/>
  </rdf:Description>
  <rdf:Description rdf:about='#A59052'>
    <rdf:type rdf:resource='#Province'/>
    <NS0:name>Louangphabang</NS0:name>
  </rdf:Description>
  <rdf:Description rdf:about='#A58859'>
    <rdf:type rdf:resource='http://www.daml.org/2001/12/factbook/factbook-ont#ElevationExtreme'/>
    <NS0:name>Mekong River</NS0:name>
    <NS0:elevation>70</NS0:elevation>
  </rdf:Description>
  <rdf:Description rdf:about='#A59239'>
    <rdf:type rdf:resource='http://www.daml.org/2001/12/factbook/factbook-ont#CommodityPercent'/>
    <NS0:importsCommodity rdf:resource='http://www.daml.org/2001/12/factbook/commodities#vehicles'/>
  </rdf:Description>
  <rdf:Description rdf:about='#A59048'>
    <rdf:type rdf:resource='#Province'/>
    <NS0:name>Louangnamtha</NS0:name>
  </rdf:Description>
  <rdf:Description rdf:about='#A59258'>
    <NS0:year>1997</NS0:year>
  </rdf:Description>
  <rdf:Description rdf:about='#A59235'>
    <rdf:type rdf:resource='http://www.daml.org/2001/12/factbook/factbook-ont#CommodityPercent'/>
    <NS0:importsCommodity rdf:resource='http://www.daml.org/2001/12/factbook/commodities#machinery_and_equipment'/>
  </rdf:Description>
  <rdf:Description rdf:about='#A58882'>
    <rdf:type rdf:resource='http://www.daml.org/2001/12/factbook/factbook-ont#Estimate'/>
    <NS0:year>1993</NS0:year>
  </rdf:Description>
  <rdf:Description rdf:about='#A59044'>
    <rdf:type rdf:resource='#Province'/>
    <NS0:name>Khammouan</NS0:name>
  </rdf:Description>
  <rdf:Description rdf:about='http://www.daml.org/2001/09/countries/fips#LA'>
    <NS0:background>In 1975 the communist Pathet Lao took control of the government, ending a six-century-old monarchy. Initial closer ties to Vietnam and socialization were replaced with a gradual return to private enterprise, an easing of foreign investment laws, and the admission into ASEAN in 1997.</NS0:background>
    <NS0:location>Southeastern Asia, northeast of Thailand, west of Vietnam</NS0:location>
    <NS0:geographicCoordinates rdf:resource='#A58844'/>
    <NS0:mapReferences>Southeast Asia</NS0:mapReferences>
    <NS0:totalArea>236800</NS0:totalArea>
    <NS0:landArea>230800</NS0:landArea>
    <NS0:waterArea>6000</NS0:waterArea>
    <NS0:comparativeArea>slightly larger than Utah</NS0:comparativeArea>
    <NS0:landBoundaries>5083</NS0:landBoundaries>
    <NS0:coastline rdf:ID='A58855'>0</NS0:coastline>
    <NS0:climate>tropical monsoon; rainy season (May to November); dry season (December to April)</NS0:climate>
    <NS0:terrain>mostly rugged mountains; some plains and plateaus</NS0:terrain>
    <NS0:lowestPoint rdf:resource='#A58859'/>
    <NS0:highestPoint rdf:resource='#A58864'/>
    <NS0:naturalResource rdf:resource='http://www.daml.org/2001/12/factbook/naturalResources#timber'/>
    <NS0:naturalResource rdf:resource='http://www.daml.org/2001/12/factbook/naturalResources#hydropower'/>
    <NS0:naturalResource rdf:resource='http://www.daml.org/2001/12/factbook/naturalResources#gypsum'/>
    <NS0:naturalResource rdf:resource='http://www.daml.org/2001/12/factbook/naturalResources#tin'/>
    <NS0:naturalResource rdf:resource='http://www.daml.org/2001/12/factbook/naturalResources#gold'/>
    <NS0:naturalResource rdf:resource='http://www.daml.org/2001/12/factbook/naturalResources#gemstones'/>
    <NS0:arableLand>3</NS0:arableLand>
    <NS0:permanentCrops>0</NS0:permanentCrops>
    <NS0:permanentPastures>3</NS0:permanentPastures>
    <NS0:forestsAndWoodland>54</NS0:forestsAndWoodland>
    <NS0:otherLandUse rdf:ID='A58879'>40</NS0:otherLandUse>
    <NS0:irrigatedLand rdf:ID='A58882'>1250</NS0:irrigatedLand>
    <NS0:naturalHazard>floods, droughts, and blight</NS0:naturalHazard>
    <NS0:environmentalIssue>unexploded ordnance</NS0:environmentalIssue>
    <NS0:environmentalIssue>deforestation</NS0:environmentalIssue>
    <NS0:environmentalIssue>soil erosion</NS0:environmentalIssue>
    <NS0:environmentalIssue>a majority of the population does not have access to potable water</NS0:environmentalIssue>
    <NS0:environmentalAgreementPartyTo rdf:resource='http://www.daml.org/2001/12/factbook/environmentalAgreements#Biodiversity'/>
    <NS0:environmentalAgreementPartyTo rdf:resource='http://www.daml.org/2001/12/factbook/environmentalAgreements#Climate_Change'/>
    <NS0:environmentalAgreementPartyTo rdf:resource='http://www.daml.org/2001/12/factbook/environmentalAgreements#Desertification'/>
    <NS0:environmentalAgreementPartyTo rdf:resource='http://www.daml.org/2001/12/factbook/environmentalAgreements#Environmental_Modification'/>
    <NS0:environmentalAgreementPartyTo rdf:resource='http://www.daml.org/2001/12/factbook/environmentalAgreements#Law_of_the_Sea'/>
    <NS0:environmentalAgreementPartyTo rdf:resource='http://www.daml.org/2001/12/factbook/environmentalAgreements#Nuclear_Test_Ban'/>
    <NS0:environmentalAgreementPartyTo rdf:resource='http://www.daml.org/2001/12/factbook/environmentalAgreements#Ozone_Layer_Protection'/>
    <NS0:environmentalAgreementSigned rdf:resource='http://www.daml.org/2001/12/factbook/environmentalAgreements#none_of_the_selected_agreements'/>
    <NS0:population rdf:ID='A58898'>5635967</NS0:population>
    <NS0:populationGrowthRate rdf:ID='A58901'>2.48</NS0:populationGrowthRate>
    <NS0:birthRate rdf:ID='A58904'>37.84</NS0:birthRate>
    <NS0:deathRate rdf:ID='A58907'>13.02</NS0:deathRate>
    <NS0:netMigrationRate rdf:ID='A58910'>0</NS0:netMigrationRate>
    <NS0:sexRatio rdf:resource='#A58913'/>
    <NS0:sexRatio rdf:resource='#A58919'/>
    <NS0:sexRatio rdf:resource='#A58925'/>
    <NS0:sexRatio rdf:resource='#A58931'/>
    <NS0:sexRatio rdf:ID='A58939' rdf:resource='#A58936'/>
    <NS0:infantMortalityRate rdf:ID='A58942'>92.89</NS0:infantMortalityRate>
    <NS0:totalFertilityRate rdf:ID='A58945'>5.12</NS0:totalFertilityRate>
    <NS0:nationalityNoun>Lao(s) or Laotian(s)</NS0:nationalityNoun>
    <NS0:nationalityAdjective>Lao or Laotian</NS0:nationalityAdjective>
    <NS0:ethnicGroup rdf:ID='A58954' rdf:resource='#A58950'/>
    <NS0:ethnicGroup rdf:ID='A58960' rdf:resource='#A58956'/>
    <NS0:ethnicGroup rdf:ID='A58966' rdf:resource='#A58962'/>
    <NS0:ethnicGroup rdf:resource='#A58968'/>
    <NS0:religion rdf:resource='#A58973'/>
    <NS0:religion rdf:resource='#A58978'/>
    <NS0:language rdf:ID='A58986' rdf:resource='#A58983'/>
    <NS0:language rdf:resource='#A58988'/>
    <NS0:language rdf:resource='#A58992'/>
    <NS0:language rdf:resource='#A58996'/>
    <NS0:literacyDefinition>age 15 and over can read and write</NS0:literacyDefinition>
    <NS0:literacyTotal>57</NS0:literacyTotal>
    <NS0:literacyMale>70</NS0:literacyMale>
    <NS0:literacyFemale rdf:ID='A59003'>44</NS0:literacyFemale>
    <NS0:conventionalLongCountryName>Lao People&apos;s Democratic Republic</NS0:conventionalLongCountryName>
    <NS0:conventionalShortCountryName>Laos</NS0:conventionalShortCountryName>
    <NS0:localLongCountryName>Sathalanalat Paxathipatai Paxaxon Lao</NS0:localLongCountryName>
    <NS0:localShortCountryName>none</NS0:localShortCountryName>
    <NS0:governmentType rdf:resource='http://www.daml.org/2001/12/factbook/governmentTypes#Communist_state'/>
    <NS0:capital rdf:resource='#A59011'/>
    <NS0:administrativeDivision rdf:resource='#A59024'/>
    <NS0:administrativeDivision rdf:resource='#A59028'/>
    <NS0:administrativeDivision rdf:resource='#A59032'/>
    <NS0:administrativeDivision rdf:resource='#A59036'/>
    <NS0:administrativeDivision rdf:resource='#A59040'/>
    <NS0:administrativeDivision rdf:resource='#A59044'/>
    <NS0:administrativeDivision rdf:resource='#A59048'/>
    <NS0:administrativeDivision rdf:resource='#A59052'/>
    <NS0:administrativeDivision rdf:resource='#A59056'/>
    <NS0:administrativeDivision rdf:resource='#A59060'/>
    <NS0:administrativeDivision rdf:resource='#A59064'/>
    <NS0:administrativeDivision rdf:resource='#A59068'/>
    <NS0:administrativeDivision rdf:resource='#A59072'/>
    <NS0:administrativeDivision rdf:resource='#A59076'/>
    <NS0:administrativeDivision rdf:resource='#A59080'/>
    <NS0:administrativeDivision rdf:resource='#A59084'/>
    <NS0:administrativeDivision rdf:resource='#A59088'/>
    <NS0:administrativeDivision rdf:resource='#A59092'/>
    <NS0:independence>19 July 1949 (from France)</NS0:independence>
    <NS0:constitution>promulgated 14 August 1991</NS0:constitution>
    <NS0:legalSystem>based on traditional customs, French legal norms and procedures, and Socialist practice</NS0:legalSystem>
    <NS0:suffrage>18 years of age; universal</NS0:suffrage>
    <NS0:participatesIn rdf:resource='http://www.daml.org/2001/12/factbook/internationalOrganizations#ACCT'/>
    <NS0:participatesIn rdf:resource='http://www.daml.org/2001/12/factbook/internationalOrganizations#ARF'/>
    <NS0:participatesIn rdf:resource='http://www.daml.org/2001/12/factbook/internationalOrganizations#AsDB'/>
    <NS0:participatesIn rdf:resource='http://www.daml.org/2001/12/factbook/internationalOrganizations#ASEAN'/>
    <NS0:participatesIn rdf:resource='http://www.daml.org/2001/12/factbook/internationalOrganizations#CP'/>
    <NS0:participatesIn rdf:resource='http://www.daml.org/2001/12/factbook/internationalOrganizations#ESCAP'/>
    <NS0:participatesIn rdf:resource='http://www.daml.org/2001/12/factbook/internationalOrganizations#FAO'/>
    <NS0:participatesIn rdf:resource='http://www.daml.org/2001/12/factbook/internationalOrganizations#G-77'/>
    <NS0:participatesIn rdf:resource='http://www.daml.org/2001/12/factbook/internationalOrganizations#IBRD'/>
    <NS0:participatesIn rdf:resource='http://www.daml.org/2001/12/factbook/internationalOrganizations#ICAO'/>
    <NS0:participatesIn rdf:resource='http://www.daml.org/2001/12/factbook/internationalOrganizations#ICRM'/>
    <NS0:participatesIn rdf:resource='http://www.daml.org/2001/12/factbook/internationalOrganizations#IDA'/>
    <NS0:participatesIn rdf:resource='http://www.daml.org/2001/12/factbook/internationalOrganizations#IFAD'/>
    <NS0:participatesIn rdf:resource='http://www.daml.org/2001/12/factbook/internationalOrganizations#IFC'/>
    <NS0:participatesIn rdf:resource='http://www.daml.org/2001/12/factbook/internationalOrganizations#IFRCS'/>
    <NS0:participatesIn rdf:resource='http://www.daml.org/2001/12/factbook/internationalOrganizations#ILO'/>
    <NS0:participatesIn rdf:resource='http://www.daml.org/2001/12/factbook/internationalOrganizations#IMF'/>
    <NS0:participatesIn rdf:resource='http://www.daml.org/2001/12/factbook/internationalOrganizations#Intelsat'/>
    <NS0:participatesIn rdf:resource='http://www.daml.org/2001/12/factbook/internationalOrganizations#Interpol'/>
    <NS0:participatesIn rdf:resource='http://www.daml.org/2001/12/factbook/internationalOrganizations#IOC'/>
    <NS0:participatesIn rdf:resource='http://www.daml.org/2001/12/factbook/internationalOrganizations#ITU'/>
    <NS0:participatesIn rdf:resource='http://www.daml.org/2001/12/factbook/internationalOrganizations#NAM'/>
    <NS0:participatesIn rdf:resource='http://www.daml.org/2001/12/factbook/internationalOrganizations#OPCW'/>
    <NS0:participatesIn rdf:resource='http://www.daml.org/2001/12/factbook/internationalOrganizations#PCA'/>
    <NS0:participatesIn rdf:resource='http://www.daml.org/2001/12/factbook/internationalOrganizations#UN'/>
    <NS0:participatesIn rdf:resource='http://www.daml.org/2001/12/factbook/internationalOrganizations#UNCTAD'/>
    <NS0:participatesIn rdf:resource='http://www.daml.org/2001/12/factbook/internationalOrganizations#UNESCO'/>
    <NS0:participatesIn rdf:resource='http://www.daml.org/2001/12/factbook/internationalOrganizations#UNIDO'/>
    <NS0:participatesIn rdf:resource='http://www.daml.org/2001/12/factbook/internationalOrganizations#UPU'/>
    <NS0:participatesIn rdf:resource='http://www.daml.org/2001/12/factbook/internationalOrganizations#WFTU'/>
    <NS0:participatesIn rdf:resource='http://www.daml.org/2001/12/factbook/internationalOrganizations#WHO'/>
    <NS0:participatesIn rdf:resource='http://www.daml.org/2001/12/factbook/internationalOrganizations#WIPO'/>
    <NS0:participatesIn rdf:resource='http://www.daml.org/2001/12/factbook/internationalOrganizations#WMO'/>
    <NS0:participatesIn rdf:resource='http://www.daml.org/2001/12/factbook/internationalOrganizations#WToO'/>
    <NS0:participatesIn rdf:resource='http://www.daml.org/2001/12/factbook/internationalOrganizations#WTrO'/>
    <NS0:flagDescription>three horizontal bands of red (top), blue (double width), and red with a large white disk centered in the blue band</NS0:flagDescription>
    <NS0:economyOverview>The government of Laos - one of the few remaining official communist states - began decentralizing control and encouraging private enterprise in 1986. The results, starting from an extremely low base, were striking - growth averaged 7% during 1988-97. Reform efforts subsequently slowed, and GDP growth dropped an average of 3 percentage points. Because Laos depends heavily on its trade with Thailand, it was damaged by the regional financial crisis beginning in 1997. Government mismanagement deepened the crisis, and from June 1997 to June 1999 the Lao kip lost 87% of its value. Laos&apos; foreign exchange problems peaked in September 1999 when the kip fell from 3,500 kip to the dollar to 9,000 kip to the dollar in a matter of weeks. Now that the currency has stabilized, however, the government seems content to let the current situation persist, despite limited government revenue and foreign exchange reserves. A landlocked country with a primitive infrastructure, Laos has no railroads, a rudimentary road system, and limited external and internal telecommunications. Electricity is available in only a few urban areas. Subsistence agriculture accounts for half of GDP and provides 80% of total employment. For the foreseeable future the economy will continue to depend on aid from the IMF and other international sources; Japan is currently the largest bilateral aid donor; aid from the former USSR/Eastern Europe has been cut sharply.</NS0:economyOverview>
    <NS0:grossDomesticProduct rdf:ID='A59137'>9000000000</NS0:grossDomesticProduct>
    <NS0:grossDomesticProductRealGrowth rdf:ID='A59140'>4</NS0:grossDomesticProductRealGrowth>
    <NS0:grossDomesticProductPerCapita rdf:ID='A59143'>1700</NS0:grossDomesticProductPerCapita>
    <NS0:grossDomesticProductAgriculture>51</NS0:grossDomesticProductAgriculture>
    <NS0:grossDomesticProductIndustry>22</NS0:grossDomesticProductIndustry>
    <NS0:grossDomesticProductServices rdf:ID='A59148'>27</NS0:grossDomesticProductServices>
    <NS0:populationBelowPovertyLine rdf:ID='A59151'>46.1</NS0:populationBelowPovertyLine>
    <NS0:householdIncomeLowest10Percent>4.2</NS0:householdIncomeLowest10Percent>
    <NS0:householdIncomeHighest10Percent rdf:ID='A59155'>26.4</NS0:householdIncomeHighest10Percent>
    <NS0:inflationRate rdf:ID='A59157'>33</NS0:inflationRate>
    <NS0:occupation rdf:ID='A59164' rdf:resource='#A59160'/>
    <NS0:unemploymentRate rdf:ID='A59167'>5.7</NS0:unemploymentRate>
    <NS0:budgetRevenues>211000000</NS0:budgetRevenues>
    <NS0:budgetExpenditures>462000000</NS0:budgetExpenditures>
    <NS0:industry rdf:resource='http://www.daml.org/2001/12/factbook/industries#tin_and_gypsum_mining'/>
    <NS0:industry rdf:resource='http://www.daml.org/2001/12/factbook/industries#timber'/>
    <NS0:industry rdf:resource='http://www.daml.org/2001/12/factbook/industries#electric_power'/>
    <NS0:industry rdf:resource='http://www.daml.org/2001/12/factbook/industries#agricultural_processing'/>
    <NS0:industry rdf:resource='http://www.daml.org/2001/12/factbook/industries#construction'/>
    <NS0:industry rdf:resource='http://www.daml.org/2001/12/factbook/industries#garments'/>
    <NS0:industry rdf:resource='http://www.daml.org/2001/12/factbook/industries#tourism'/>
    <NS0:industrialProductionGrowthRate rdf:ID='A59179'>7.5</NS0:industrialProductionGrowthRate>
    <NS0:electricityProduction rdf:ID='A59182'>792000000</NS0:electricityProduction>
    <NS0:electricityProductionFossilFuel>2.78</NS0:electricityProductionFossilFuel>
    <NS0:electricityProductionHydro>97.22</NS0:electricityProductionHydro>
    <NS0:electricityProductionNuclear>0</NS0:electricityProductionNuclear>
    <NS0:electricityProductionOther rdf:ID='A59187'>0</NS0:electricityProductionOther>
    <NS0:electricityConsumption rdf:ID='A59189'>173600000</NS0:electricityConsumption>
    <NS0:electricityExports rdf:ID='A59191'>705000000</NS0:electricityExports>
    <NS0:electricityImports rdf:ID='A59193'>142000000</NS0:electricityImports>
    <NS0:agricultureProduct rdf:resource='http://www.daml.org/2001/12/factbook/agricultureProducts#sweet_potatoes'/>
    <NS0:agricultureProduct rdf:resource='http://www.daml.org/2001/12/factbook/agricultureProducts#vegetables'/>
    <NS0:agricultureProduct rdf:resource='http://www.daml.org/2001/12/factbook/agricultureProducts#corn'/>
    <NS0:agricultureProduct rdf:resource='http://www.daml.org/2001/12/factbook/agricultureProducts#coffee'/>
    <NS0:agricultureProduct rdf:resource='http://www.daml.org/2001/12/factbook/agricultureProducts#sugarcane'/>
    <NS0:agricultureProduct rdf:resource='http://www.daml.org/2001/12/factbook/agricultureProducts#tobacco'/>
    <NS0:agricultureProduct rdf:resource='http://www.daml.org/2001/12/factbook/agricultureProducts#cotton'/>
    <NS0:agricultureProduct rdf:resource='http://www.daml.org/2001/12/factbook/agricultureProducts#tea'/>
    <NS0:agricultureProduct rdf:resource='http://www.daml.org/2001/12/factbook/agricultureProducts#peanuts'/>
    <NS0:agricultureProduct rdf:resource='http://www.daml.org/2001/12/factbook/agricultureProducts#rice'/>
    <NS0:agricultureProduct rdf:resource='http://www.daml.org/2001/12/factbook/agricultureProducts#water_buffalo'/>
    <NS0:agricultureProduct rdf:resource='http://www.daml.org/2001/12/factbook/agricultureProducts#pigs'/>
    <NS0:agricultureProduct rdf:resource='http://www.daml.org/2001/12/factbook/agricultureProducts#cattle'/>
    <NS0:agricultureProduct rdf:resource='http://www.daml.org/2001/12/factbook/agricultureProducts#poultry'/>
    <NS0:exports rdf:ID='A59209'>323000000</NS0:exports>
    <NS0:exportsCommodity rdf:resource='#A59212'/>
    <NS0:exportsCommodity rdf:resource='#A59216'/>
    <NS0:exportsCommodity rdf:resource='#A59220'/>
    <NS0:exportsCommodity rdf:resource='#A59224'/>
    <NS0:exportsCommodity rdf:resource='#A59228'/>
    <NS0:imports rdf:ID='A59232'>540000000</NS0:imports>
    <NS0:importsCommodity rdf:resource='#A59235'/>
    <NS0:importsCommodity rdf:resource='#A59239'/>
    <NS0:importsCommodity rdf:resource='#A59243'/>
    <NS0:externalDebt rdf:ID='A59247'>2460000000</NS0:externalDebt>
    <NS0:economicAidRecipient rdf:ID='A59250'>345000000</NS0:economicAidRecipient>
    <NS0:currency>kip (LAK)</NS0:currency>
    <NS0:currencyCode>LAK</NS0:currencyCode>
    <NS0:fiscalYear>1 October - 30 September</NS0:fiscalYear>
    <NS0:mainTelephoneLines rdf:ID='A59256'>25000</NS0:mainTelephoneLines>
    <NS0:mobileTelephoneLines rdf:ID='A59258'>4915</NS0:mobileTelephoneLines>
    <NS0:telephoneSystemGeneralAssessment>service to general public is poor but improving, with over 20,000 telephones currently in service and an additional 48,000 expected by 2001; the government relies on a radiotelephone network to communicate with remote areas</NS0:telephoneSystemGeneralAssessment>
    <NS0:telephoneSystemDomestic>radiotelephone communications</NS0:telephoneSystemDomestic>
    <NS0:telephoneSystemInternational>satellite earth station - 1 Intersputnik (Indian Ocean region)</NS0:telephoneSystemInternational>
    <NS0:radios rdf:ID='A59263'>730000</NS0:radios>
    <NS0:televisionBroadcastStations rdf:ID='A59265'>4</NS0:televisionBroadcastStations>
    <NS0:televisions rdf:ID='A59267'>52000</NS0:televisions>
    <NS0:internetCountryCode>.la</NS0:internetCountryCode>
    <NS0:internetServiceProviders rdf:ID='A59270'>1</NS0:internetServiceProviders>
    <NS0:internetUsers rdf:ID='A59272'>2000</NS0:internetUsers>
    <NS0:highwaysTotal>14000</NS0:highwaysTotal>
    <NS0:highwaysPaved>3360</NS0:highwaysPaved>
    <NS0:highwaysUnpaved rdf:ID='A59276'>10640</NS0:highwaysUnpaved>
    <NS0:port rdf:resource='#A59278'/>
    <NS0:airports rdf:ID='A59282'>51</NS0:airports>
    <NS0:airportBreakdown rdf:resource='#A59285'/>
    <NS0:airportBreakdown rdf:resource='#A59292'/>
    <NS0:airportBreakdown rdf:resource='#A59299'/>
    <NS0:airportBreakdown rdf:resource='#A59306'/>
    <NS0:airportBreakdown rdf:resource='#A59313'/>
    <NS0:airportBreakdown rdf:resource='#A59320'/>
    <NS0:militaryAge>18</NS0:militaryAge>
    <NS0:malesOfMilitaryAge rdf:ID='A59327'>1319537</NS0:malesOfMilitaryAge>
    <NS0:malesFitForMilitaryService rdf:ID='A59330'>710627</NS0:malesFitForMilitaryService>
    <NS0:malesReachingMilitaryAgeAnnually rdf:ID='A59333'>64437</NS0:malesReachingMilitaryAgeAnnually>
    <NS0:militaryExpenditures rdf:ID='A59336'>55000000</NS0:militaryExpenditures>
    <NS0:militaryExpendituresPercentGDP rdf:ID='A59338'>4.2</NS0:militaryExpendituresPercentGDP>
    <NS0:internationalDispute>parts of the border with Thailand are indefinite</NS0:internationalDispute>
    <NS0:illicitDrugs>world&apos;s third-largest illicit opium producer</NS0:illicitDrugs>
    <NS0:illicitDrugs>potential heroin producer</NS0:illicitDrugs>
    <NS0:illicitDrugs>transshipment point for heroin and methamphetamine produced in Burma</NS0:illicitDrugs>
    <NS0:illicitDrugs>illicit producer of cannabis</NS0:illicitDrugs>
    <NS0:smallFlag>http://www.cia.gov/cia/publications/factbook/flags/la-flag.jpg</NS0:smallFlag>
    <NS0:largeFlag>http://www.cia.gov/cia/publications/factbook/flags/la-lgflag.jpg</NS0:largeFlag>
    <NS0:map>http://www.cia.gov/cia/publications/factbook/maps/la-map.jpg</NS0:map>
    <NS0:border rdf:resource='#A125395'/>
    <NS0:border rdf:resource='#A125400'/>
    <NS0:border rdf:resource='#A125405'/>
    <NS0:border rdf:resource='#A125410'/>
    <NS0:border rdf:resource='#A125415'/>
    <NS0:exportPartner rdf:resource='#A125420'/>
    <NS0:exportPartner rdf:resource='#A125424'/>
    <NS0:exportPartner rdf:resource='#A125428'/>
    <NS0:exportPartner rdf:resource='#A125432'/>
    <NS0:exportPartner rdf:resource='#A125436'/>
    <NS0:importPartner rdf:resource='#A125440'/>
    <NS0:importPartner rdf:resource='#A125444'/>
    <NS0:importPartner rdf:resource='#A125448'/>
    <NS0:importPartner rdf:resource='#A125452'/>
    <NS0:importPartner rdf:resource='#A125456'/>
    <NS0:importPartner rdf:resource='#A125460'/>
  </rdf:Description>
  <rdf:Description rdf:about='#A59250'>
    <rdf:type rdf:resource='http://www.daml.org/2001/12/factbook/factbook-ont#Estimate'/>
    <NS0:year>1999</NS0:year>
  </rdf:Description>
  <rdf:Description rdf:about='#A59040'>
    <rdf:type rdf:resource='#Province'/>
    <NS0:name>Houaphan</NS0:name>
  </rdf:Description>
  <rdf:Description rdf:about='#A59256'>
    <NS0:year>1997</NS0:year>
  </rdf:Description>
  <rdf:Description rdf:about='#A59228'>
    <rdf:type rdf:resource='http://www.daml.org/2001/12/factbook/factbook-ont#CommodityPercent'/>
    <NS0:exportsCommodity rdf:resource='http://www.daml.org/2001/12/factbook/commodities#tin'/>
  </rdf:Description>
  <rdf:Description rdf:about='#A59036'>
    <rdf:type rdf:resource='#Province'/>
    <NS0:name>Champasak</NS0:name>
  </rdf:Description>
  <rdf:Description rdf:about='#A58844'>
    <rdf:type rdf:resource='http://www.daml.org/2001/12/factbook/factbook-ont#LatLon'/>
    <NS0:latitude>18.0</NS0:latitude>
    <NS0:longitude>105.0</NS0:longitude>
  </rdf:Description>
  <rdf:Description rdf:about='#A59224'>
    <rdf:type rdf:resource='http://www.daml.org/2001/12/factbook/factbook-ont#CommodityPercent'/>
    <NS0:exportsCommodity rdf:resource='http://www.daml.org/2001/12/factbook/commodities#coffee'/>
  </rdf:Description>
  <rdf:Description rdf:about='#A58986'>
    <NS0:note>official</NS0:note>
  </rdf:Description>
  <rdf:Description rdf:about='#A58904'>
    <rdf:type rdf:resource='http://www.daml.org/2001/12/factbook/factbook-ont#Estimate'/>
    <NS0:year>2001</NS0:year>
  </rdf:Description>
  <rdf:Description rdf:about='#A59032'>
    <rdf:type rdf:resource='#Province'/>
    <NS0:name>Bolikhamxai</NS0:name>
  </rdf:Description>
  <rdf:Description rdf:about='#A59003'>
    <rdf:type rdf:resource='http://www.daml.org/2001/12/factbook/factbook-ont#Estimate'/>
    <NS0:year>1999</NS0:year>
  </rdf:Description>
  <rdf:Description rdf:about='#A59220'>
    <rdf:type rdf:resource='http://www.daml.org/2001/12/factbook/factbook-ont#CommodityPercent'/>
    <NS0:exportsCommodity rdf:resource='http://www.daml.org/2001/12/factbook/commodities#electricity'/>
  </rdf:Description>
  <rdf:Description rdf:about='#A59028'>
    <rdf:type rdf:resource='#Province'/>
    <NS0:name>Bokeo</NS0:name>
  </rdf:Description>
  <rdf:Description rdf:about='#A59140'>
    <rdf:type rdf:resource='http://www.daml.org/2001/12/factbook/factbook-ont#Estimate'/>
    <NS0:year>2000</NS0:year>
  </rdf:Description>
  <rdf:Description rdf:about='#A59216'>
    <rdf:type rdf:resource='http://www.daml.org/2001/12/factbook/factbook-ont#CommodityPercent'/>
    <NS0:exportsCommodity rdf:resource='http://www.daml.org/2001/12/factbook/commodities#garments'/>
  </rdf:Description>
  <rdf:Description rdf:about='#A59189'>
    <NS0:year>1999</NS0:year>
  </rdf:Description>
  <rdf:Description rdf:about='#A59024'>
    <rdf:type rdf:resource='#Province'/>
    <NS0:name>Attapu</NS0:name>
  </rdf:Description>
  <rdf:Description rdf:about='#A59212'>
    <rdf:type rdf:resource='http://www.daml.org/2001/12/factbook/factbook-ont#CommodityPercent'/>
    <NS0:exportsCommodity rdf:resource='http://www.daml.org/2001/12/factbook/commodities#wood_products'/>
  </rdf:Description>
</rdf:RDF>
