<?xml version='1.0' encoding='ISO-8859-1'?>
<rdf:RDF
  xmlns:rdf='http://www.w3.org/1999/02/22-rdf-syntax-ns#'
  xmlns:NS0='http://www.daml.org/2001/12/factbook/factbook-ont#'
  xml:base="http://www.daml.org/2001/12/factbook/lg">
  <rdf:Description rdf:about='#A125484'>
    <rdf:type rdf:resource='http://www.daml.org/2001/12/factbook/factbook-ont#CountryPercent'/>
    <NS0:country rdf:resource='http://www.daml.org/2001/09/countries/fips#GM'/>
    <NS0:percent>16</NS0:percent>
  </rdf:Description>
  <rdf:Description rdf:about='#A60182'>
    <NS0:year>1999</NS0:year>
  </rdf:Description>
  <rdf:Description rdf:about='#A59968'>
    <rdf:type rdf:resource='http://www.daml.org/2001/12/factbook/factbook-ont#SexRatioBreakdown'/>
    <NS0:minAge>15</NS0:minAge>
    <NS0:maxAge>64</NS0:maxAge>
    <NS0:ratio>0.91</NS0:ratio>
  </rdf:Description>
  <rdf:Description rdf:about='#A125479'>
    <rdf:type rdf:resource='http://www.daml.org/2001/12/factbook/factbook-ont#Border'/>
    <NS0:country rdf:resource='http://www.daml.org/2001/09/countries/fips#RS'/>
    <NS0:distance>217</NS0:distance>
  </rdf:Description>
  <rdf:Description rdf:about='#A60128'>
    <NS0:year>1998</NS0:year>
  </rdf:Description>
  <rdf:Description rdf:about='#A60259'>
    <rdf:type rdf:resource='http://www.daml.org/2001/12/factbook/factbook-ont#Estimate'/>
    <NS0:year>1998</NS0:year>
  </rdf:Description>
  <rdf:Description rdf:about='#A59962'>
    <rdf:type rdf:resource='http://www.daml.org/2001/12/factbook/factbook-ont#SexRatioBreakdown'/>
    <NS0:minAge>0</NS0:minAge>
    <NS0:maxAge>14</NS0:maxAge>
    <NS0:ratio>1.05</NS0:ratio>
  </rdf:Description>
  <rdf:Description rdf:about='#A59988'>
    <rdf:type rdf:resource='http://www.daml.org/2001/12/factbook/factbook-ont#Estimate'/>
    <NS0:year>2001</NS0:year>
  </rdf:Description>
  <rdf:Description rdf:about='#A125474'>
    <rdf:type rdf:resource='http://www.daml.org/2001/12/factbook/factbook-ont#Border'/>
    <NS0:country rdf:resource='http://www.daml.org/2001/09/countries/fips#LH'/>
    <NS0:distance>453</NS0:distance>
  </rdf:Description>
  <rdf:Description rdf:about='#A59921'>
    <rdf:type rdf:resource='http://www.daml.org/2001/12/factbook/factbook-ont#Estimate'/>
    <NS0:year>1993</NS0:year>
  </rdf:Description>
  <rdf:Description rdf:about='#A59956'>
    <rdf:type rdf:resource='http://www.daml.org/2001/12/factbook/factbook-ont#SexRatioBreakdown'/>
    <NS0:minAge>0</NS0:minAge>
    <NS0:maxAge>0</NS0:maxAge>
    <NS0:ratio>1.05</NS0:ratio>
  </rdf:Description>
  <rdf:Description rdf:about='#A125469'>
    <rdf:type rdf:resource='http://www.daml.org/2001/12/factbook/factbook-ont#Border'/>
    <NS0:country rdf:resource='http://www.daml.org/2001/09/countries/fips#EN'/>
    <NS0:distance>339</NS0:distance>
  </rdf:Description>
  <rdf:Description rdf:about='#A60145'>
    <rdf:type rdf:resource='http://www.daml.org/2001/12/factbook/factbook-ont#OccupationPercent'/>
    <NS0:occupation rdf:resource='http://www.daml.org/2001/12/factbook/occupations#services'/>
    <NS0:percent>65</NS0:percent>
  </rdf:Description>
  <rdf:Description rdf:about='#A60132'>
    <rdf:type rdf:resource='http://www.daml.org/2001/12/factbook/factbook-ont#Estimate'/>
    <NS0:year>2000</NS0:year>
  </rdf:Description>
  <rdf:Description rdf:about='#A125464'>
    <rdf:type rdf:resource='http://www.daml.org/2001/12/factbook/factbook-ont#Border'/>
    <NS0:country rdf:resource='http://www.daml.org/2001/09/countries/fips#BO'/>
    <NS0:distance>141</NS0:distance>
  </rdf:Description>
  <rdf:Description rdf:about='#A60140'>
    <rdf:type rdf:resource='http://www.daml.org/2001/12/factbook/factbook-ont#OccupationPercent'/>
    <NS0:occupation rdf:resource='http://www.daml.org/2001/12/factbook/occupations#industry'/>
    <NS0:percent>25</NS0:percent>
  </rdf:Description>
  <rdf:Description rdf:about='#A60331'>
    <rdf:type rdf:resource='http://www.daml.org/2001/12/factbook/factbook-ont#AirportBreakdown'/>
    <NS0:paved>false</NS0:paved>
    <NS0:maxRunway>913</NS0:maxRunway>
    <NS0:count>7 (2000 est.)</NS0:count>
  </rdf:Description>
  <rdf:Description rdf:about='#A60196'>
    <NS0:note>f.o.b., 2000</NS0:note>
  </rdf:Description>
  <rdf:Description rdf:about='#A60117'>
    <rdf:type rdf:resource='http://www.daml.org/2001/12/factbook/factbook-ont#Estimate'/>
    <NS0:year>2000</NS0:year>
  </rdf:Description>
  <rdf:Description rdf:about='#A60135'>
    <rdf:type rdf:resource='http://www.daml.org/2001/12/factbook/factbook-ont#OccupationPercent'/>
    <NS0:occupation rdf:resource='http://www.daml.org/2001/12/factbook/occupations#agriculture'/>
    <NS0:percent>10</NS0:percent>
  </rdf:Description>
  <rdf:Description rdf:about='#A60324'>
    <rdf:type rdf:resource='http://www.daml.org/2001/12/factbook/factbook-ont#AirportBreakdown'/>
    <NS0:paved>false</NS0:paved>
    <NS0:minRunway>914</NS0:minRunway>
    <NS0:maxRunway>1523</NS0:maxRunway>
    <NS0:count>2</NS0:count>
  </rdf:Description>
  <rdf:Description rdf:about='#A60254'>
    <NS0:year>2000</NS0:year>
  </rdf:Description>
  <rdf:Description rdf:about='#A60317'>
    <rdf:type rdf:resource='http://www.daml.org/2001/12/factbook/factbook-ont#AirportBreakdown'/>
    <NS0:paved>false</NS0:paved>
    <NS0:minRunway>1524</NS0:minRunway>
    <NS0:maxRunway>2437</NS0:maxRunway>
    <NS0:count>2</NS0:count>
  </rdf:Description>
  <rdf:Description rdf:about='#A125503'>
    <NS0:note>1999</NS0:note>
  </rdf:Description>
  <rdf:Description rdf:about='#A60310'>
    <rdf:type rdf:resource='http://www.daml.org/2001/12/factbook/factbook-ont#AirportBreakdown'/>
    <NS0:paved>false</NS0:paved>
    <NS0:minRunway>2438</NS0:minRunway>
    <NS0:maxRunway>3047</NS0:maxRunway>
    <NS0:count>1</NS0:count>
  </rdf:Description>
  <rdf:Description rdf:about='#A60347'>
    <NS0:note>FY99</NS0:note>
  </rdf:Description>
  <rdf:Description rdf:about='#A60338'>
    <rdf:type rdf:resource='http://www.daml.org/2001/12/factbook/factbook-ont#Estimate'/>
    <NS0:year>2001</NS0:year>
  </rdf:Description>
  <rdf:Description rdf:about='#A125524'>
    <NS0:note>1999</NS0:note>
  </rdf:Description>
  <rdf:Description rdf:about='#A60175'>
    <NS0:year>1999</NS0:year>
  </rdf:Description>
  <rdf:Description rdf:about='#A60304'>
    <rdf:type rdf:resource='http://www.daml.org/2001/12/factbook/factbook-ont#AirportBreakdown'/>
    <NS0:paved>true</NS0:paved>
    <NS0:maxRunway>913</NS0:maxRunway>
    <NS0:count>4 (2000 est.)</NS0:count>
  </rdf:Description>
  <rdf:Description rdf:about='#A59941'>
    <rdf:type rdf:resource='http://www.daml.org/2001/12/factbook/factbook-ont#Estimate'/>
    <NS0:note>July 2001</NS0:note>
  </rdf:Description>
  <rdf:Description rdf:about='#A60125'>
    <NS0:year>1999</NS0:year>
  </rdf:Description>
  <rdf:Description rdf:about='#A60242'>
    <NS0:year>1997</NS0:year>
  </rdf:Description>
  <rdf:Description rdf:about='#A60297'>
    <rdf:type rdf:resource='http://www.daml.org/2001/12/factbook/factbook-ont#AirportBreakdown'/>
    <NS0:paved>true</NS0:paved>
    <NS0:minRunway>914</NS0:minRunway>
    <NS0:maxRunway>1523</NS0:maxRunway>
    <NS0:count>1</NS0:count>
  </rdf:Description>
  <rdf:Description rdf:about='#A60252'>
    <NS0:year>2000</NS0:year>
  </rdf:Description>
  <rdf:Description rdf:about='#A60290'>
    <rdf:type rdf:resource='http://www.daml.org/2001/12/factbook/factbook-ont#AirportBreakdown'/>
    <NS0:paved>true</NS0:paved>
    <NS0:minRunway>1524</NS0:minRunway>
    <NS0:maxRunway>2437</NS0:maxRunway>
    <NS0:count>1</NS0:count>
  </rdf:Description>
  <rdf:Description rdf:about='#A59953'>
    <rdf:type rdf:resource='http://www.daml.org/2001/12/factbook/factbook-ont#Estimate'/>
    <NS0:year>2001</NS0:year>
  </rdf:Description>
  <rdf:Description rdf:about='#A60344'>
    <rdf:type rdf:resource='http://www.daml.org/2001/12/factbook/factbook-ont#Estimate'/>
    <NS0:year>2001</NS0:year>
  </rdf:Description>
  <rdf:Description rdf:about='#A59906'>
    <rdf:type rdf:resource='http://www.daml.org/2001/12/factbook/factbook-ont#ElevationExtreme'/>
    <NS0:name>Gaizinkalns</NS0:name>
    <NS0:elevation>312</NS0:elevation>
  </rdf:Description>
  <rdf:Description rdf:about='#A59901'>
    <rdf:type rdf:resource='http://www.daml.org/2001/12/factbook/factbook-ont#ElevationExtreme'/>
    <NS0:name>Baltic Sea</NS0:name>
    <NS0:elevation>0</NS0:elevation>
  </rdf:Description>
  <rdf:Description rdf:about='#A60283'>
    <rdf:type rdf:resource='http://www.daml.org/2001/12/factbook/factbook-ont#AirportBreakdown'/>
    <NS0:paved>true</NS0:paved>
    <NS0:minRunway>2438</NS0:minRunway>
    <NS0:maxRunway>3047</NS0:maxRunway>
    <NS0:count>7</NS0:count>
  </rdf:Description>
  <rdf:Description rdf:about='#A60276'>
    <rdf:type rdf:resource='http://www.daml.org/2001/12/factbook/factbook-ont#Port'/>
    <NS0:name>Ventspils</NS0:name>
  </rdf:Description>
  <rdf:Description rdf:about='#A60280'>
    <rdf:type rdf:resource='http://www.daml.org/2001/12/factbook/factbook-ont#Estimate'/>
    <NS0:year>2000</NS0:year>
  </rdf:Description>
  <rdf:Description rdf:about='#A60249'>
    <NS0:year>1997</NS0:year>
  </rdf:Description>
  <rdf:Description rdf:about='#A60272'>
    <rdf:type rdf:resource='http://www.daml.org/2001/12/factbook/factbook-ont#Port'/>
    <NS0:name>Riga</NS0:name>
  </rdf:Description>
  <rdf:Description rdf:about='#A60114'>
    <rdf:type rdf:resource='http://www.daml.org/2001/12/factbook/factbook-ont#Estimate'/>
    <NS0:year>2000</NS0:year>
  </rdf:Description>
  <rdf:Description rdf:about='#A60247'>
    <NS0:year>1997</NS0:year>
  </rdf:Description>
  <rdf:Description rdf:about='#A60152'>
    <rdf:type rdf:resource='http://www.daml.org/2001/12/factbook/factbook-ont#Estimate'/>
    <NS0:year>2000</NS0:year>
  </rdf:Description>
  <rdf:Description rdf:about='#A60268'>
    <rdf:type rdf:resource='http://www.daml.org/2001/12/factbook/factbook-ont#Port'/>
    <NS0:name>Liepaja</NS0:name>
  </rdf:Description>
  <rdf:Description rdf:about='#A59885'>
    <rdf:type rdf:resource='http://www.daml.org/2001/12/factbook/factbook-ont#LatLon'/>
    <NS0:latitude>57.0</NS0:latitude>
    <NS0:longitude>25.0</NS0:longitude>
  </rdf:Description>
  <rdf:Description rdf:about='#A60264'>
    <rdf:type rdf:resource='http://www.daml.org/2001/12/factbook/factbook-ont#Port'/>
    <NS0:name>Daugavpils</NS0:name>
  </rdf:Description>
  <rdf:Description rdf:about='#A60064'>
    <rdf:type rdf:resource='http://www.daml.org/2001/12/factbook/factbook-ont#CapitalCity'/>
    <NS0:name>Riga</NS0:name>
  </rdf:Description>
  <rdf:Description rdf:about='#A60262'>
    <NS0:note>perennially navigable</NS0:note>
  </rdf:Description>
  <rdf:Description rdf:about='#A60172'>
    <rdf:type rdf:resource='http://www.daml.org/2001/12/factbook/factbook-ont#Estimate'/>
    <NS0:year>2000</NS0:year>
  </rdf:Description>
  <rdf:Description rdf:about='#A60349'>
    <NS0:note>FY99</NS0:note>
  </rdf:Description>
  <rdf:Description rdf:about='#A60048'>
    <rdf:type rdf:resource='http://www.daml.org/2001/12/factbook/factbook-ont#LanguagePercent'/>
    <NS0:language rdf:resource='http://www.daml.org/2001/12/factbook/languages#other'/>
  </rdf:Description>
  <rdf:Description rdf:about='#A59947'>
    <rdf:type rdf:resource='http://www.daml.org/2001/12/factbook/factbook-ont#Estimate'/>
    <NS0:year>2001</NS0:year>
  </rdf:Description>
  <rdf:Description rdf:about='#A60044'>
    <rdf:type rdf:resource='http://www.daml.org/2001/12/factbook/factbook-ont#LanguagePercent'/>
    <NS0:language rdf:resource='http://www.daml.org/2001/12/factbook/languages#Russian'/>
  </rdf:Description>
  <rdf:Description rdf:about='#A60240'>
    <NS0:year>1997</NS0:year>
  </rdf:Description>
  <rdf:Description rdf:about='#A60040'>
    <rdf:type rdf:resource='http://www.daml.org/2001/12/factbook/factbook-ont#LanguagePercent'/>
    <NS0:language rdf:resource='http://www.daml.org/2001/12/factbook/languages#Lithuanian'/>
  </rdf:Description>
  <rdf:Description rdf:about='#A60120'>
    <rdf:type rdf:resource='http://www.daml.org/2001/12/factbook/factbook-ont#Estimate'/>
    <NS0:year>2000</NS0:year>
  </rdf:Description>
  <rdf:Description rdf:about='#A59944'>
    <rdf:type rdf:resource='http://www.daml.org/2001/12/factbook/factbook-ont#Estimate'/>
    <NS0:year>2001</NS0:year>
  </rdf:Description>
  <rdf:Description rdf:about='#A60228'>
    <rdf:type rdf:resource='http://www.daml.org/2001/12/factbook/factbook-ont#CommodityPercent'/>
    <NS0:importsCommodity rdf:resource='http://www.daml.org/2001/12/factbook/commodities#fuels'/>
  </rdf:Description>
  <rdf:Description rdf:about='#A60035'>
    <rdf:type rdf:resource='http://www.daml.org/2001/12/factbook/factbook-ont#LanguagePercent'/>
    <NS0:language rdf:resource='http://www.daml.org/2001/12/factbook/languages#Latvian_or_Lettish'/>
  </rdf:Description>
  <rdf:Description rdf:about='#A60224'>
    <rdf:type rdf:resource='http://www.daml.org/2001/12/factbook/factbook-ont#CommodityPercent'/>
    <NS0:importsCommodity rdf:resource='http://www.daml.org/2001/12/factbook/commodities#chemicals'/>
  </rdf:Description>
  <rdf:Description rdf:about='#A60218'>
    <NS0:note>f.o.b., 2000</NS0:note>
  </rdf:Description>
  <rdf:Description rdf:about='#A60031'>
    <rdf:type rdf:resource='http://www.daml.org/2001/12/factbook/factbook-ont#ReligionPercent'/>
    <NS0:religion rdf:resource='http://www.daml.org/2001/12/factbook/religions#Russian_Orthodox'/>
  </rdf:Description>
  <rdf:Description rdf:about='#A60220'>
    <rdf:type rdf:resource='http://www.daml.org/2001/12/factbook/factbook-ont#CommodityPercent'/>
    <NS0:importsCommodity rdf:resource='http://www.daml.org/2001/12/factbook/commodities#machinery_and_equipment'/>
  </rdf:Description>
  <rdf:Description rdf:about='#A60027'>
    <rdf:type rdf:resource='http://www.daml.org/2001/12/factbook/factbook-ont#ReligionPercent'/>
    <NS0:religion rdf:resource='http://www.daml.org/2001/12/factbook/religions#Roman_Catholic'/>
  </rdf:Description>
  <rdf:Description rdf:about='#A59985'>
    <rdf:type rdf:resource='http://www.daml.org/2001/12/factbook/factbook-ont#Estimate'/>
    <NS0:year>2001</NS0:year>
  </rdf:Description>
  <rdf:Description rdf:about='#A60186'>
    <NS0:year>1999</NS0:year>
  </rdf:Description>
  <rdf:Description rdf:about='#A60184'>
    <NS0:year>1999</NS0:year>
  </rdf:Description>
  <rdf:Description rdf:about='#A60023'>
    <rdf:type rdf:resource='http://www.daml.org/2001/12/factbook/factbook-ont#ReligionPercent'/>
    <NS0:religion rdf:resource='http://www.daml.org/2001/12/factbook/religions#Lutheran'/>
  </rdf:Description>
  <rdf:Description rdf:about='#A60214'>
    <rdf:type rdf:resource='http://www.daml.org/2001/12/factbook/factbook-ont#CommodityPercent'/>
    <NS0:exportsCommodity rdf:resource='http://www.daml.org/2001/12/factbook/commodities#foodstuffs'/>
  </rdf:Description>
  <rdf:Description rdf:about='#A60210'>
    <rdf:type rdf:resource='http://www.daml.org/2001/12/factbook/factbook-ont#CommodityPercent'/>
    <NS0:exportsCommodity rdf:resource='http://www.daml.org/2001/12/factbook/commodities#textiles'/>
  </rdf:Description>
  <rdf:Description rdf:about='#A60055'>
    <rdf:type rdf:resource='http://www.daml.org/2001/12/factbook/factbook-ont#Estimate'/>
    <NS0:year>1989</NS0:year>
  </rdf:Description>
  <rdf:Description rdf:about='#A60018'>
    <rdf:type rdf:resource='http://www.daml.org/2001/12/factbook/factbook-ont#EthnicGroupPercent'/>
    <NS0:ethnicGroup rdf:resource='http://www.daml.org/2001/12/factbook/ethnicGroups#other'/>
    <NS0:percent>3.4</NS0:percent>
  </rdf:Description>
  <rdf:Description rdf:about='#A60206'>
    <rdf:type rdf:resource='http://www.daml.org/2001/12/factbook/factbook-ont#CommodityPercent'/>
    <NS0:exportsCommodity rdf:resource='http://www.daml.org/2001/12/factbook/commodities#metals'/>
  </rdf:Description>
  <rdf:Description rdf:about='#A60038'>
    <NS0:note>official</NS0:note>
  </rdf:Description>
  <rdf:Description rdf:about='#A60013'>
    <rdf:type rdf:resource='http://www.daml.org/2001/12/factbook/factbook-ont#EthnicGroupPercent'/>
    <NS0:ethnicGroup rdf:resource='http://www.daml.org/2001/12/factbook/ethnicGroups#Polish'/>
    <NS0:percent>2.6</NS0:percent>
  </rdf:Description>
  <rdf:Description rdf:about='#A60202'>
    <rdf:type rdf:resource='http://www.daml.org/2001/12/factbook/factbook-ont#CommodityPercent'/>
    <NS0:exportsCommodity rdf:resource='http://www.daml.org/2001/12/factbook/commodities#machinery_and_equipment'/>
  </rdf:Description>
  <rdf:Description rdf:about='#A60008'>
    <rdf:type rdf:resource='http://www.daml.org/2001/12/factbook/factbook-ont#EthnicGroupPercent'/>
    <NS0:ethnicGroup rdf:resource='http://www.daml.org/2001/12/factbook/ethnicGroups#Ukrainian'/>
    <NS0:percent>2.8</NS0:percent>
  </rdf:Description>
  <rdf:Description rdf:about='#A125520'>
    <rdf:type rdf:resource='http://www.daml.org/2001/12/factbook/factbook-ont#CountryPercent'/>
    <NS0:country rdf:resource='http://www.daml.org/2001/09/countries/fips#SW'/>
    <NS0:percent>7</NS0:percent>
  </rdf:Description>
  <rdf:Description rdf:about='#A59982'>
    <rdf:type rdf:resource='http://www.daml.org/2001/12/factbook/factbook-ont#Estimate'/>
    <NS0:year>2001</NS0:year>
  </rdf:Description>
  <rdf:Description rdf:about='#A60198'>
    <rdf:type rdf:resource='http://www.daml.org/2001/12/factbook/factbook-ont#CommodityPercent'/>
    <NS0:exportsCommodity rdf:resource='http://www.daml.org/2001/12/factbook/commodities#wood_and_wood_products'/>
  </rdf:Description>
  <rdf:Description rdf:about='http://www.daml.org/2001/09/countries/fips#LG'>
    <NS0:background>After a brief period of independence between the two World Wars, Latvia was annexed by the USSR in 1940. It reestablished its independence in 1991 following the breakup of the Soviet Union. Although the last Russian troops left in 1994, the status of the Russian minority (some 30% of the population) remains of concern to Moscow. Latvia continues to revamp its economy for eventual integration into various Western European political and economic institutions.</NS0:background>
    <NS0:location>Eastern Europe, bordering the Baltic Sea, between Estonia and Lithuania</NS0:location>
    <NS0:geographicCoordinates rdf:resource='#A59885'/>
    <NS0:mapReferences>Europe</NS0:mapReferences>
    <NS0:totalArea>64589</NS0:totalArea>
    <NS0:landArea>64589</NS0:landArea>
    <NS0:waterArea>0</NS0:waterArea>
    <NS0:comparativeArea>slightly larger than West Virginia</NS0:comparativeArea>
    <NS0:landBoundaries>1150</NS0:landBoundaries>
    <NS0:coastline>531</NS0:coastline>
    <NS0:exclusiveEconomicZone>200</NS0:exclusiveEconomicZone>
    <NS0:territorialSea>12</NS0:territorialSea>
    <NS0:climate>maritime; wet, moderate winters</NS0:climate>
    <NS0:terrain>low plain</NS0:terrain>
    <NS0:lowestPoint rdf:resource='#A59901'/>
    <NS0:highestPoint rdf:resource='#A59906'/>
    <NS0:naturalResource rdf:resource='http://www.daml.org/2001/12/factbook/naturalResources#minimal;_amber'/>
    <NS0:naturalResource rdf:resource='http://www.daml.org/2001/12/factbook/naturalResources#peat'/>
    <NS0:naturalResource rdf:resource='http://www.daml.org/2001/12/factbook/naturalResources#limestone'/>
    <NS0:naturalResource rdf:resource='http://www.daml.org/2001/12/factbook/naturalResources#dolomite'/>
    <NS0:naturalResource rdf:resource='http://www.daml.org/2001/12/factbook/naturalResources#hydropower'/>
    <NS0:naturalResource rdf:resource='http://www.daml.org/2001/12/factbook/naturalResources#arable_land'/>
    <NS0:arableLand>27</NS0:arableLand>
    <NS0:permanentCrops>0</NS0:permanentCrops>
    <NS0:permanentPastures>13</NS0:permanentPastures>
    <NS0:forestsAndWoodland>46</NS0:forestsAndWoodland>
    <NS0:otherLandUse rdf:ID='A59921'>14</NS0:otherLandUse>
    <NS0:irrigatedLand rdf:ID='A59924'>160</NS0:irrigatedLand>
    <NS0:naturalHazard>NA</NS0:naturalHazard>
    <NS0:environmentalIssue>air and water pollution because of a lack of waste conversion equipment</NS0:environmentalIssue>
    <NS0:environmentalIssue>Gulf of Riga and Daugava River heavily polluted</NS0:environmentalIssue>
    <NS0:environmentalIssue>contamination of soil and groundwater with chemicals and petroleum products at military bases</NS0:environmentalIssue>
    <NS0:environmentalAgreementPartyTo rdf:resource='http://www.daml.org/2001/12/factbook/environmentalAgreements#Air_Pollution'/>
    <NS0:environmentalAgreementPartyTo rdf:resource='http://www.daml.org/2001/12/factbook/environmentalAgreements#Biodiversity'/>
    <NS0:environmentalAgreementPartyTo rdf:resource='http://www.daml.org/2001/12/factbook/environmentalAgreements#Climate_Change'/>
    <NS0:environmentalAgreementPartyTo rdf:resource='http://www.daml.org/2001/12/factbook/environmentalAgreements#Endangered_Species'/>
    <NS0:environmentalAgreementPartyTo rdf:resource='http://www.daml.org/2001/12/factbook/environmentalAgreements#Hazardous_Wastes'/>
    <NS0:environmentalAgreementPartyTo rdf:resource='http://www.daml.org/2001/12/factbook/environmentalAgreements#Ozone_Layer_Protection'/>
    <NS0:environmentalAgreementPartyTo rdf:resource='http://www.daml.org/2001/12/factbook/environmentalAgreements#Ship_Pollution'/>
    <NS0:environmentalAgreementPartyTo rdf:resource='http://www.daml.org/2001/12/factbook/environmentalAgreements#Wetlands'/>
    <NS0:environmentalAgreementSigned rdf:resource='http://www.daml.org/2001/12/factbook/environmentalAgreements#Air_Pollution-Persistent_Organic_Pollutants'/>
    <NS0:environmentalAgreementSigned rdf:resource='http://www.daml.org/2001/12/factbook/environmentalAgreements#Climate_Change-Kyoto_Protocol'/>
    <NS0:population rdf:ID='A59941'>2385231</NS0:population>
    <NS0:populationGrowthRate rdf:ID='A59944'>-0.81</NS0:populationGrowthRate>
    <NS0:birthRate rdf:ID='A59947'>8.03</NS0:birthRate>
    <NS0:deathRate rdf:ID='A59950'>14.8</NS0:deathRate>
    <NS0:netMigrationRate rdf:ID='A59953'>-1.27</NS0:netMigrationRate>
    <NS0:sexRatio rdf:resource='#A59956'/>
    <NS0:sexRatio rdf:resource='#A59962'/>
    <NS0:sexRatio rdf:resource='#A59968'/>
    <NS0:sexRatio rdf:resource='#A59974'/>
    <NS0:sexRatio rdf:ID='A59982' rdf:resource='#A59979'/>
    <NS0:infantMortalityRate rdf:ID='A59985'>15.34</NS0:infantMortalityRate>
    <NS0:totalFertilityRate rdf:ID='A59988'>1.15</NS0:totalFertilityRate>
    <NS0:nationalityNoun>Latvian(s)</NS0:nationalityNoun>
    <NS0:nationalityAdjective>Latvian</NS0:nationalityAdjective>
    <NS0:ethnicGroup rdf:resource='#A59993'/>
    <NS0:ethnicGroup rdf:resource='#A59998'/>
    <NS0:ethnicGroup rdf:resource='#A60003'/>
    <NS0:ethnicGroup rdf:resource='#A60008'/>
    <NS0:ethnicGroup rdf:resource='#A60013'/>
    <NS0:ethnicGroup rdf:resource='#A60018'/>
    <NS0:religion rdf:resource='#A60023'/>
    <NS0:religion rdf:resource='#A60027'/>
    <NS0:religion rdf:resource='#A60031'/>
    <NS0:language rdf:ID='A60038' rdf:resource='#A60035'/>
    <NS0:language rdf:resource='#A60040'/>
    <NS0:language rdf:resource='#A60044'/>
    <NS0:language rdf:resource='#A60048'/>
    <NS0:literacyDefinition>age 15 and over can read and write</NS0:literacyDefinition>
    <NS0:literacyTotal>100</NS0:literacyTotal>
    <NS0:literacyMale>100</NS0:literacyMale>
    <NS0:literacyFemale rdf:ID='A60055'>99</NS0:literacyFemale>
    <NS0:conventionalLongCountryName>Republic of Latvia</NS0:conventionalLongCountryName>
    <NS0:conventionalShortCountryName>Latvia</NS0:conventionalShortCountryName>
    <NS0:localLongCountryName>Latvijas Republika</NS0:localLongCountryName>
    <NS0:localShortCountryName>Latvija</NS0:localShortCountryName>
    <NS0:formerCountryName>Latvian Soviet Socialist Republic</NS0:formerCountryName>
    <NS0:governmentType rdf:resource='http://www.daml.org/2001/12/factbook/governmentTypes#parliamentary_democracy'/>
    <NS0:capital rdf:resource='#A60064'/>
    <NS0:independence>18 November 1991 (from Soviet Union)</NS0:independence>
    <NS0:constitution>the 1991 Constitutional Law which supplements the 1922 constitution, provides for basic rights and freedoms</NS0:constitution>
    <NS0:legalSystem>based on civil law system</NS0:legalSystem>
    <NS0:suffrage>18 years of age; universal for Latvian citizens</NS0:suffrage>
    <NS0:participatesIn rdf:resource='http://www.daml.org/2001/12/factbook/internationalOrganizations#BIS'/>
    <NS0:participatesIn rdf:resource='http://www.daml.org/2001/12/factbook/internationalOrganizations#CBSS'/>
    <NS0:participatesIn rdf:resource='http://www.daml.org/2001/12/factbook/internationalOrganizations#CCC'/>
    <NS0:participatesIn rdf:resource='http://www.daml.org/2001/12/factbook/internationalOrganizations#CE'/>
    <NS0:participatesIn rdf:resource='http://www.daml.org/2001/12/factbook/internationalOrganizations#EAPC'/>
    <NS0:participatesIn rdf:resource='http://www.daml.org/2001/12/factbook/internationalOrganizations#EBRD'/>
    <NS0:participatesIn rdf:resource='http://www.daml.org/2001/12/factbook/internationalOrganizations#ECE'/>
    <NS0:participatesIn rdf:resource='http://www.daml.org/2001/12/factbook/internationalOrganizations#EU'/>
    <NS0:participatesIn rdf:resource='http://www.daml.org/2001/12/factbook/internationalOrganizations#FAO'/>
    <NS0:participatesIn rdf:resource='http://www.daml.org/2001/12/factbook/internationalOrganizations#IAEA'/>
    <NS0:participatesIn rdf:resource='http://www.daml.org/2001/12/factbook/internationalOrganizations#IBRD'/>
    <NS0:participatesIn rdf:resource='http://www.daml.org/2001/12/factbook/internationalOrganizations#ICAO'/>
    <NS0:participatesIn rdf:resource='http://www.daml.org/2001/12/factbook/internationalOrganizations#ICFTU'/>
    <NS0:participatesIn rdf:resource='http://www.daml.org/2001/12/factbook/internationalOrganizations#ICRM'/>
    <NS0:participatesIn rdf:resource='http://www.daml.org/2001/12/factbook/internationalOrganizations#IDA'/>
    <NS0:participatesIn rdf:resource='http://www.daml.org/2001/12/factbook/internationalOrganizations#IFC'/>
    <NS0:participatesIn rdf:resource='http://www.daml.org/2001/12/factbook/internationalOrganizations#IFRCS'/>
    <NS0:participatesIn rdf:resource='http://www.daml.org/2001/12/factbook/internationalOrganizations#ILO'/>
    <NS0:participatesIn rdf:resource='http://www.daml.org/2001/12/factbook/internationalOrganizations#IMF'/>
    <NS0:participatesIn rdf:resource='http://www.daml.org/2001/12/factbook/internationalOrganizations#IMO'/>
    <NS0:participatesIn rdf:resource='http://www.daml.org/2001/12/factbook/internationalOrganizations#Intelsat'/>
    <NS0:participatesIn rdf:resource='http://www.daml.org/2001/12/factbook/internationalOrganizations#Interpol'/>
    <NS0:participatesIn rdf:resource='http://www.daml.org/2001/12/factbook/internationalOrganizations#IOC'/>
    <NS0:participatesIn rdf:resource='http://www.daml.org/2001/12/factbook/internationalOrganizations#IOM'/>
    <NS0:participatesIn rdf:resource='http://www.daml.org/2001/12/factbook/internationalOrganizations#ISO'/>
    <NS0:participatesIn rdf:resource='http://www.daml.org/2001/12/factbook/internationalOrganizations#ITU'/>
    <NS0:participatesIn rdf:resource='http://www.daml.org/2001/12/factbook/internationalOrganizations#NSG'/>
    <NS0:participatesIn rdf:resource='http://www.daml.org/2001/12/factbook/internationalOrganizations#OAS'/>
    <NS0:participatesIn rdf:resource='http://www.daml.org/2001/12/factbook/internationalOrganizations#OPCW'/>
    <NS0:participatesIn rdf:resource='http://www.daml.org/2001/12/factbook/internationalOrganizations#OSCE'/>
    <NS0:participatesIn rdf:resource='http://www.daml.org/2001/12/factbook/internationalOrganizations#PFP'/>
    <NS0:participatesIn rdf:resource='http://www.daml.org/2001/12/factbook/internationalOrganizations#UN'/>
    <NS0:participatesIn rdf:resource='http://www.daml.org/2001/12/factbook/internationalOrganizations#UNCTAD'/>
    <NS0:participatesIn rdf:resource='http://www.daml.org/2001/12/factbook/internationalOrganizations#UNESCO'/>
    <NS0:participatesIn rdf:resource='http://www.daml.org/2001/12/factbook/internationalOrganizations#UPU'/>
    <NS0:participatesIn rdf:resource='http://www.daml.org/2001/12/factbook/internationalOrganizations#WEU'/>
    <NS0:participatesIn rdf:resource='http://www.daml.org/2001/12/factbook/internationalOrganizations#WHO'/>
    <NS0:participatesIn rdf:resource='http://www.daml.org/2001/12/factbook/internationalOrganizations#WIPO'/>
    <NS0:participatesIn rdf:resource='http://www.daml.org/2001/12/factbook/internationalOrganizations#WMO'/>
    <NS0:participatesIn rdf:resource='http://www.daml.org/2001/12/factbook/internationalOrganizations#WTrO'/>
    <NS0:flagDescription>three horizontal bands of maroon (top), white (half-width), and maroon</NS0:flagDescription>
    <NS0:economyOverview>In 2000, Latvia&apos;s transitional economy recovered from the 1998 Russian financial crisis, largely due to the SKELE government&apos;s budget stringency and a gradual reorientation of exports toward EU countries, lessening Latvia&apos;s trade dependency on Russia. Latvia officially joined the World Trade Organization in February 1999 - the first Baltic state to join - and was invited at the Helsinki EU Summit in December 1999 to begin accession talks in early 2000. Unemployment fell to 7.8% in 2000, down from 9.6% in 1999, and 9.2% in 1998. Privatization of large state-owned utilities and the shipping industry faced more delays in 2000, and political instability will continue to delay completion of the privatization process over the next year. Latvia projects 6% GDP growth, 2.5%-3.0% inflation, and a 1.7% fiscal deficit in 2001. Preparing for EU membership over the next few years remains a top foreign policy goal.</NS0:economyOverview>
    <NS0:grossDomesticProduct rdf:ID='A60114'>17300000000</NS0:grossDomesticProduct>
    <NS0:grossDomesticProductRealGrowth rdf:ID='A60117'>5.5</NS0:grossDomesticProductRealGrowth>
    <NS0:grossDomesticProductPerCapita rdf:ID='A60120'>7200</NS0:grossDomesticProductPerCapita>
    <NS0:grossDomesticProductAgriculture>5</NS0:grossDomesticProductAgriculture>
    <NS0:grossDomesticProductIndustry>33</NS0:grossDomesticProductIndustry>
    <NS0:grossDomesticProductServices rdf:ID='A60125'>62</NS0:grossDomesticProductServices>
    <NS0:householdIncomeLowest10Percent>2.9</NS0:householdIncomeLowest10Percent>
    <NS0:householdIncomeHighest10Percent rdf:ID='A60128'>25.9</NS0:householdIncomeHighest10Percent>
    <NS0:inflationRate rdf:ID='A60130'>2.7</NS0:inflationRate>
    <NS0:laborForce rdf:ID='A60132'>1400000</NS0:laborForce>
    <NS0:occupation rdf:resource='#A60135'/>
    <NS0:occupation rdf:resource='#A60140'/>
    <NS0:occupation rdf:ID='A60149' rdf:resource='#A60145'/>
    <NS0:unemploymentRate rdf:ID='A60152'>7.8</NS0:unemploymentRate>
    <NS0:budgetRevenues>1330000000</NS0:budgetRevenues>
    <NS0:budgetExpenditures>1270000000</NS0:budgetExpenditures>
    <NS0:industry rdf:resource='http://www.daml.org/2001/12/factbook/industries#buses'/>
    <NS0:industry rdf:resource='http://www.daml.org/2001/12/factbook/industries#vans'/>
    <NS0:industry rdf:resource='http://www.daml.org/2001/12/factbook/industries#street_and_railroad_cars'/>
    <NS0:industry rdf:resource='http://www.daml.org/2001/12/factbook/industries#synthetic_fibers'/>
    <NS0:industry rdf:resource='http://www.daml.org/2001/12/factbook/industries#agricultural_machinery'/>
    <NS0:industry rdf:resource='http://www.daml.org/2001/12/factbook/industries#fertilizers'/>
    <NS0:industry rdf:resource='http://www.daml.org/2001/12/factbook/industries#washing_machines'/>
    <NS0:industry rdf:resource='http://www.daml.org/2001/12/factbook/industries#radios'/>
    <NS0:industry rdf:resource='http://www.daml.org/2001/12/factbook/industries#electronics'/>
    <NS0:industry rdf:resource='http://www.daml.org/2001/12/factbook/industries#pharmaceuticals'/>
    <NS0:industry rdf:resource='http://www.daml.org/2001/12/factbook/industries#processed_foods'/>
    <NS0:industry rdf:resource='http://www.daml.org/2001/12/factbook/industries#textiles'/>
    <NS0:industry rdf:resource='http://www.daml.org/2001/12/factbook/industries#note_-_dependent_on_imports_for_energy'/>
    <NS0:industry rdf:resource='http://www.daml.org/2001/12/factbook/industries#raw_materials'/>
    <NS0:industry rdf:resource='http://www.daml.org/2001/12/factbook/industries#and_intermediate_products'/>
    <NS0:industrialProductionGrowthRate rdf:ID='A60172'>6.3</NS0:industrialProductionGrowthRate>
    <NS0:electricityProduction rdf:ID='A60175'>3996000000</NS0:electricityProduction>
    <NS0:electricityProductionFossilFuel>31.78</NS0:electricityProductionFossilFuel>
    <NS0:electricityProductionHydro>68.22</NS0:electricityProductionHydro>
    <NS0:electricityProductionNuclear>0</NS0:electricityProductionNuclear>
    <NS0:electricityProductionOther rdf:ID='A60180'>0</NS0:electricityProductionOther>
    <NS0:electricityConsumption rdf:ID='A60182'>4316000000</NS0:electricityConsumption>
    <NS0:electricityExports rdf:ID='A60184'>400000000</NS0:electricityExports>
    <NS0:electricityImports rdf:ID='A60186'>1000000000</NS0:electricityImports>
    <NS0:agricultureProduct rdf:resource='http://www.daml.org/2001/12/factbook/agricultureProducts#grain'/>
    <NS0:agricultureProduct rdf:resource='http://www.daml.org/2001/12/factbook/agricultureProducts#sugar_beets'/>
    <NS0:agricultureProduct rdf:resource='http://www.daml.org/2001/12/factbook/agricultureProducts#potatoes'/>
    <NS0:agricultureProduct rdf:resource='http://www.daml.org/2001/12/factbook/agricultureProducts#vegetables'/>
    <NS0:agricultureProduct rdf:resource='http://www.daml.org/2001/12/factbook/agricultureProducts#beef'/>
    <NS0:agricultureProduct rdf:resource='http://www.daml.org/2001/12/factbook/agricultureProducts#milk'/>
    <NS0:agricultureProduct rdf:resource='http://www.daml.org/2001/12/factbook/agricultureProducts#eggs'/>
    <NS0:agricultureProduct rdf:resource='http://www.daml.org/2001/12/factbook/agricultureProducts#fish'/>
    <NS0:exports rdf:ID='A60196'>2100000000</NS0:exports>
    <NS0:exportsCommodity rdf:resource='#A60198'/>
    <NS0:exportsCommodity rdf:resource='#A60202'/>
    <NS0:exportsCommodity rdf:resource='#A60206'/>
    <NS0:exportsCommodity rdf:resource='#A60210'/>
    <NS0:exportsCommodity rdf:resource='#A60214'/>
    <NS0:imports rdf:ID='A60218'>3200000000</NS0:imports>
    <NS0:importsCommodity rdf:resource='#A60220'/>
    <NS0:importsCommodity rdf:resource='#A60224'/>
    <NS0:importsCommodity rdf:resource='#A60228'/>
    <NS0:externalDebt rdf:ID='A60232'>800000000</NS0:externalDebt>
    <NS0:economicAidRecipient rdf:ID='A60235'>96200000</NS0:economicAidRecipient>
    <NS0:currency>Latvian lat (LVL)</NS0:currency>
    <NS0:currencyCode>LVL</NS0:currencyCode>
    <NS0:fiscalYear>calendar year</NS0:fiscalYear>
    <NS0:mainTelephoneLines rdf:ID='A60240'>748000</NS0:mainTelephoneLines>
    <NS0:mobileTelephoneLines rdf:ID='A60242'>77100</NS0:mobileTelephoneLines>
    <NS0:telephoneSystemGeneralAssessment>inadequate, but is being modernized to provide an international capability independent of the Moscow international switch; more facilities are being installed for individual use</NS0:telephoneSystemGeneralAssessment>
    <NS0:telephoneSystemDomestic>expansion underway in intercity trunk line connections, rural exchanges, and mobile systems; still many unsatisfied subscriber applications</NS0:telephoneSystemDomestic>
    <NS0:telephoneSystemInternational>international connections are now available via cable and a satellite earth station at Riga, enabling direct connections for most calls (1998)</NS0:telephoneSystemInternational>
    <NS0:radios rdf:ID='A60247'>1760000</NS0:radios>
    <NS0:televisions rdf:ID='A60249'>1220000</NS0:televisions>
    <NS0:internetCountryCode>.lv</NS0:internetCountryCode>
    <NS0:internetServiceProviders rdf:ID='A60252'>42</NS0:internetServiceProviders>
    <NS0:internetUsers rdf:ID='A60254'>234000</NS0:internetUsers>
    <NS0:railwaysTotal>2412</NS0:railwaysTotal>
    <NS0:highwaysTotal>59178</NS0:highwaysTotal>
    <NS0:highwaysPaved>22843</NS0:highwaysPaved>
    <NS0:highwaysUnpaved rdf:ID='A60259'>36335</NS0:highwaysUnpaved>
    <NS0:waterways rdf:ID='A60262'>300</NS0:waterways>
    <NS0:port rdf:resource='#A60264'/>
    <NS0:port rdf:resource='#A60268'/>
    <NS0:port rdf:resource='#A60272'/>
    <NS0:port rdf:resource='#A60276'/>
    <NS0:airports rdf:ID='A60280'>25</NS0:airports>
    <NS0:airportBreakdown rdf:resource='#A60283'/>
    <NS0:airportBreakdown rdf:resource='#A60290'/>
    <NS0:airportBreakdown rdf:resource='#A60297'/>
    <NS0:airportBreakdown rdf:resource='#A60304'/>
    <NS0:airportBreakdown rdf:resource='#A60310'/>
    <NS0:airportBreakdown rdf:resource='#A60317'/>
    <NS0:airportBreakdown rdf:resource='#A60324'/>
    <NS0:airportBreakdown rdf:resource='#A60331'/>
    <NS0:militaryAge>18</NS0:militaryAge>
    <NS0:malesOfMilitaryAge rdf:ID='A60338'>590784</NS0:malesOfMilitaryAge>
    <NS0:malesFitForMilitaryService rdf:ID='A60341'>463944</NS0:malesFitForMilitaryService>
    <NS0:malesReachingMilitaryAgeAnnually rdf:ID='A60344'>19114</NS0:malesReachingMilitaryAgeAnnually>
    <NS0:militaryExpenditures rdf:ID='A60347'>60000000</NS0:militaryExpenditures>
    <NS0:militaryExpendituresPercentGDP rdf:ID='A60349'>0.9</NS0:militaryExpendituresPercentGDP>
    <NS0:internationalDispute>draft treaty delimiting the boundary with Russia has not been signed</NS0:internationalDispute>
    <NS0:internationalDispute>has not ratified 1998 maritime boundary agreement with Lithuania</NS0:internationalDispute>
    <NS0:illicitDrugs>transshipment point for opiates and cannabis from Central and Southwest Asia to Western Europe and Scandinavia and Latin American cocaine and some synthetics from Western Europe to CIS</NS0:illicitDrugs>
    <NS0:illicitDrugs>limited production of illicit amphetamine, ephedrine, and ecstasy for export</NS0:illicitDrugs>
    <NS0:smallFlag>http://www.cia.gov/cia/publications/factbook/flags/lg-flag.jpg</NS0:smallFlag>
    <NS0:largeFlag>http://www.cia.gov/cia/publications/factbook/flags/lg-lgflag.jpg</NS0:largeFlag>
    <NS0:map>http://www.cia.gov/cia/publications/factbook/maps/lg-map.jpg</NS0:map>
    <NS0:border rdf:resource='#A125464'/>
    <NS0:border rdf:resource='#A125469'/>
    <NS0:border rdf:resource='#A125474'/>
    <NS0:border rdf:resource='#A125479'/>
    <NS0:exportPartner rdf:resource='#A125484'/>
    <NS0:exportPartner rdf:resource='#A125489'/>
    <NS0:exportPartner rdf:resource='#A125494'/>
    <NS0:exportPartner rdf:ID='A125503' rdf:resource='#A125499'/>
    <NS0:importPartner rdf:resource='#A125505'/>
    <NS0:importPartner rdf:resource='#A125510'/>
    <NS0:importPartner rdf:resource='#A125515'/>
    <NS0:importPartner rdf:ID='A125524' rdf:resource='#A125520'/>
  </rdf:Description>
  <rdf:Description rdf:about='#A60003'>
    <rdf:type rdf:resource='http://www.daml.org/2001/12/factbook/factbook-ont#EthnicGroupPercent'/>
    <NS0:ethnicGroup rdf:resource='http://www.daml.org/2001/12/factbook/ethnicGroups#Byelorussian'/>
    <NS0:percent>4.3</NS0:percent>
  </rdf:Description>
  <rdf:Description rdf:about='#A125515'>
    <rdf:type rdf:resource='http://www.daml.org/2001/12/factbook/factbook-ont#CountryPercent'/>
    <NS0:country rdf:resource='http://www.daml.org/2001/09/countries/fips#FI'/>
    <NS0:percent>9</NS0:percent>
  </rdf:Description>
  <rdf:Description rdf:about='#A60149'>
    <rdf:type rdf:resource='http://www.daml.org/2001/12/factbook/factbook-ont#Estimate'/>
    <NS0:year>2000</NS0:year>
  </rdf:Description>
  <rdf:Description rdf:about='#A59998'>
    <rdf:type rdf:resource='http://www.daml.org/2001/12/factbook/factbook-ont#EthnicGroupPercent'/>
    <NS0:ethnicGroup rdf:resource='http://www.daml.org/2001/12/factbook/ethnicGroups#Russian'/>
    <NS0:percent>30.4</NS0:percent>
  </rdf:Description>
  <rdf:Description rdf:about='#A125510'>
    <rdf:type rdf:resource='http://www.daml.org/2001/12/factbook/factbook-ont#CountryPercent'/>
    <NS0:country rdf:resource='http://www.daml.org/2001/09/countries/fips#GM'/>
    <NS0:percent>10</NS0:percent>
  </rdf:Description>
  <rdf:Description rdf:about='#A60180'>
    <NS0:year>1999</NS0:year>
  </rdf:Description>
  <rdf:Description rdf:about='#A60235'>
    <NS0:year>1995</NS0:year>
  </rdf:Description>
  <rdf:Description rdf:about='#A59993'>
    <rdf:type rdf:resource='http://www.daml.org/2001/12/factbook/factbook-ont#EthnicGroupPercent'/>
    <NS0:ethnicGroup rdf:resource='http://www.daml.org/2001/12/factbook/ethnicGroups#Latvian'/>
    <NS0:percent>56.5</NS0:percent>
  </rdf:Description>
  <rdf:Description rdf:about='#A125505'>
    <rdf:type rdf:resource='http://www.daml.org/2001/12/factbook/factbook-ont#CountryPercent'/>
    <NS0:country rdf:resource='http://www.daml.org/2001/09/countries/fips#RS'/>
    <NS0:percent>15</NS0:percent>
  </rdf:Description>
  <rdf:Description rdf:about='#A59950'>
    <rdf:type rdf:resource='http://www.daml.org/2001/12/factbook/factbook-ont#Estimate'/>
    <NS0:year>2001</NS0:year>
  </rdf:Description>
  <rdf:Description rdf:about='#A60232'>
    <rdf:type rdf:resource='http://www.daml.org/2001/12/factbook/factbook-ont#Estimate'/>
    <NS0:year>2000</NS0:year>
  </rdf:Description>
  <rdf:Description rdf:about='#A59924'>
    <rdf:type rdf:resource='http://www.daml.org/2001/12/factbook/factbook-ont#Estimate'/>
    <NS0:year>1993</NS0:year>
  </rdf:Description>
  <rdf:Description rdf:about='#A60130'>
    <NS0:year>2000</NS0:year>
  </rdf:Description>
  <rdf:Description rdf:about='#A60341'>
    <rdf:type rdf:resource='http://www.daml.org/2001/12/factbook/factbook-ont#Estimate'/>
    <NS0:year>2001</NS0:year>
  </rdf:Description>
  <rdf:Description rdf:about='#A125499'>
    <rdf:type rdf:resource='http://www.daml.org/2001/12/factbook/factbook-ont#CountryPercent'/>
    <NS0:country rdf:resource='http://www.daml.org/2001/09/countries/fips#RS'/>
    <NS0:percent>7</NS0:percent>
  </rdf:Description>
  <rdf:Description rdf:about='#A125494'>
    <rdf:type rdf:resource='http://www.daml.org/2001/12/factbook/factbook-ont#CountryPercent'/>
    <NS0:country rdf:resource='http://www.daml.org/2001/09/countries/fips#SW'/>
    <NS0:percent>11</NS0:percent>
  </rdf:Description>
  <rdf:Description rdf:about='#A59979'>
    <rdf:type rdf:resource='http://www.daml.org/2001/12/factbook/factbook-ont#SexRatioBreakdown'/>
    <NS0:ratio>0.85</NS0:ratio>
  </rdf:Description>
  <rdf:Description rdf:about='#A125489'>
    <rdf:type rdf:resource='http://www.daml.org/2001/12/factbook/factbook-ont#CountryPercent'/>
    <NS0:country rdf:resource='http://www.daml.org/2001/09/countries/fips#UK'/>
    <NS0:percent>11</NS0:percent>
  </rdf:Description>
  <rdf:Description rdf:about='#A59974'>
    <rdf:type rdf:resource='http://www.daml.org/2001/12/factbook/factbook-ont#SexRatioBreakdown'/>
    <NS0:minAge>65</NS0:minAge>
    <NS0:ratio>0.48</NS0:ratio>
  </rdf:Description>
</rdf:RDF>
