<?xml version='1.0' encoding='ISO-8859-1'?>
<rdf:RDF
  xmlns:rdf='http://www.w3.org/1999/02/22-rdf-syntax-ns#'
  xmlns:NS0='http://www.daml.org/2001/12/factbook/factbook-ont#'
  xmlns:rdfs='http://www.w3.org/2000/01/rdf-schema#'
  xml:base="http://www.daml.org/2001/12/factbook/ls">
  <rdf:Description rdf:about='#A62265'>
    <rdf:type rdf:resource='http://www.daml.org/2001/12/factbook/factbook-ont#CommodityPercent'/>
    <NS0:importsCommodity rdf:resource='http://www.daml.org/2001/12/factbook/commodities#machinery'/>
  </rdf:Description>
  <rdf:Description rdf:about='#A62073'>
    <rdf:type rdf:resource='http://www.daml.org/2001/12/factbook/factbook-ont#ReligionPercent'/>
    <NS0:religion rdf:resource='http://www.daml.org/2001/12/factbook/religions#other'/>
    <NS0:percent>4.9</NS0:percent>
  </rdf:Description>
  <rdf:Description rdf:about='#A62068'>
    <rdf:type rdf:resource='http://www.daml.org/2001/12/factbook/factbook-ont#ReligionPercent'/>
    <NS0:religion rdf:resource='http://www.daml.org/2001/12/factbook/religions#unknown'/>
    <NS0:percent>7.7</NS0:percent>
  </rdf:Description>
  <rdf:Description rdf:about='#A62259'>
    <rdf:type rdf:resource='http://www.daml.org/2001/12/factbook/factbook-ont#CommodityPercent'/>
    <NS0:exportsCommodity rdf:resource='http://www.daml.org/2001/12/factbook/commodities#pottery'/>
  </rdf:Description>
  <rdf:Description rdf:about='#A62223'>
    <NS0:note>February 1999</NS0:note>
  </rdf:Description>
  <rdf:Description rdf:about='#A62255'>
    <rdf:type rdf:resource='http://www.daml.org/2001/12/factbook/factbook-ont#CommodityPercent'/>
    <NS0:exportsCommodity rdf:resource='http://www.daml.org/2001/12/factbook/commodities#hardware'/>
  </rdf:Description>
  <rdf:Description rdf:about='#A62063'>
    <rdf:type rdf:resource='http://www.daml.org/2001/12/factbook/factbook-ont#ReligionPercent'/>
    <NS0:religion rdf:resource='http://www.daml.org/2001/12/factbook/religions#Protestant'/>
    <NS0:percent>7.4</NS0:percent>
  </rdf:Description>
  <rdf:Description rdf:about='#A62251'>
    <rdf:type rdf:resource='http://www.daml.org/2001/12/factbook/factbook-ont#CommodityPercent'/>
    <NS0:exportsCommodity rdf:resource='http://www.daml.org/2001/12/factbook/commodities#stamps'/>
  </rdf:Description>
  <rdf:Description rdf:about='#A61988'>
    <rdf:type rdf:resource='http://www.daml.org/2001/12/factbook/factbook-ont#Estimate'/>
    <NS0:note>July 2001</NS0:note>
  </rdf:Description>
  <rdf:Description rdf:about='#A62058'>
    <rdf:type rdf:resource='http://www.daml.org/2001/12/factbook/factbook-ont#ReligionPercent'/>
    <NS0:religion rdf:resource='http://www.daml.org/2001/12/factbook/religions#Roman_Catholic'/>
    <NS0:percent>80</NS0:percent>
  </rdf:Description>
  <rdf:Description rdf:about='#A62247'>
    <rdf:type rdf:resource='http://www.daml.org/2001/12/factbook/factbook-ont#CommodityPercent'/>
    <NS0:exportsCommodity rdf:resource='http://www.daml.org/2001/12/factbook/commodities#dental_products'/>
  </rdf:Description>
  <rdf:Description rdf:about='#A62077'>
    <NS0:year>1996</NS0:year>
  </rdf:Description>
  <rdf:Description rdf:about='#A61991'>
    <rdf:type rdf:resource='http://www.daml.org/2001/12/factbook/factbook-ont#Estimate'/>
    <NS0:year>2001</NS0:year>
  </rdf:Description>
  <rdf:Description rdf:about='#A62053'>
    <rdf:type rdf:resource='http://www.daml.org/2001/12/factbook/factbook-ont#EthnicGroupPercent'/>
    <NS0:ethnicGroup rdf:resource='http://www.daml.org/2001/12/factbook/ethnicGroups#other'/>
    <NS0:percent>12.5</NS0:percent>
  </rdf:Description>
  <rdf:Description rdf:about='#A62243'>
    <rdf:type rdf:resource='http://www.daml.org/2001/12/factbook/factbook-ont#CommodityPercent'/>
    <NS0:exportsCommodity rdf:resource='http://www.daml.org/2001/12/factbook/commodities#small_specialty_machinery'/>
  </rdf:Description>
  <rdf:Description rdf:about='#A62241'>
    <NS0:year>1996</NS0:year>
  </rdf:Description>
  <rdf:Description rdf:about='#A62029'>
    <rdf:type rdf:resource='http://www.daml.org/2001/12/factbook/factbook-ont#Estimate'/>
    <NS0:year>2001</NS0:year>
  </rdf:Description>
  <rdf:Description rdf:about='#A62297'>
    <NS0:year>1997</NS0:year>
  </rdf:Description>
  <rdf:Description rdf:about='#A62049'>
    <rdf:type rdf:resource='http://www.daml.org/2001/12/factbook/factbook-ont#EthnicGroupPercent'/>
    <NS0:ethnicGroup rdf:resource='http://www.daml.org/2001/12/factbook/ethnicGroups#Turkish'/>
  </rdf:Description>
  <rdf:Description rdf:about='#A62032'>
    <rdf:type rdf:resource='http://www.daml.org/2001/12/factbook/factbook-ont#Estimate'/>
    <NS0:year>2001</NS0:year>
  </rdf:Description>
  <rdf:Description rdf:about='#A62082'>
    <NS0:note>official</NS0:note>
  </rdf:Description>
  <rdf:Description rdf:about='#A62045'>
    <rdf:type rdf:resource='http://www.daml.org/2001/12/factbook/factbook-ont#EthnicGroupPercent'/>
    <NS0:ethnicGroup rdf:resource='http://www.daml.org/2001/12/factbook/ethnicGroups#Italian'/>
  </rdf:Description>
  <rdf:Description rdf:about='#A62040'>
    <rdf:type rdf:resource='http://www.daml.org/2001/12/factbook/factbook-ont#EthnicGroupPercent'/>
    <NS0:ethnicGroup rdf:resource='http://www.daml.org/2001/12/factbook/ethnicGroups#Alemannic'/>
    <NS0:percent>87.5</NS0:percent>
  </rdf:Description>
  <rdf:Description rdf:about='#A62026'>
    <rdf:type rdf:resource='http://www.daml.org/2001/12/factbook/factbook-ont#SexRatioBreakdown'/>
    <NS0:ratio>0.95</NS0:ratio>
  </rdf:Description>
  <rdf:Description rdf:about='#A62216'>
    <rdf:type rdf:resource='http://www.daml.org/2001/12/factbook/factbook-ont#OccupationPercent'/>
    <NS0:occupation rdf:resource='http://www.daml.org/2001/12/factbook/occupations#horticulture'/>
    <NS0:percent>2</NS0:percent>
  </rdf:Description>
  <rdf:Description rdf:about='#A62021'>
    <rdf:type rdf:resource='http://www.daml.org/2001/12/factbook/factbook-ont#SexRatioBreakdown'/>
    <NS0:minAge>65</NS0:minAge>
    <NS0:ratio>0.67</NS0:ratio>
  </rdf:Description>
  <rdf:Description rdf:about='#A62212'>
    <rdf:type rdf:resource='http://www.daml.org/2001/12/factbook/factbook-ont#OccupationPercent'/>
    <NS0:occupation rdf:resource='http://www.daml.org/2001/12/factbook/occupations#forestry'/>
  </rdf:Description>
  <rdf:Description rdf:about='#A62208'>
    <rdf:type rdf:resource='http://www.daml.org/2001/12/factbook/factbook-ont#OccupationPercent'/>
    <NS0:occupation rdf:resource='http://www.daml.org/2001/12/factbook/occupations#fishing'/>
  </rdf:Description>
  <rdf:Description rdf:about='#A62015'>
    <rdf:type rdf:resource='http://www.daml.org/2001/12/factbook/factbook-ont#SexRatioBreakdown'/>
    <NS0:minAge>15</NS0:minAge>
    <NS0:maxAge>64</NS0:maxAge>
    <NS0:ratio>1</NS0:ratio>
  </rdf:Description>
  <rdf:Description rdf:about='#A61948'>
    <NS0:note>landlocked</NS0:note>
  </rdf:Description>
  <rdf:Description rdf:about='#A62204'>
    <rdf:type rdf:resource='http://www.daml.org/2001/12/factbook/factbook-ont#OccupationPercent'/>
    <NS0:occupation rdf:resource='http://www.daml.org/2001/12/factbook/occupations#agriculture'/>
  </rdf:Description>
  <rdf:Description rdf:about='#A62009'>
    <rdf:type rdf:resource='http://www.daml.org/2001/12/factbook/factbook-ont#SexRatioBreakdown'/>
    <NS0:minAge>0</NS0:minAge>
    <NS0:maxAge>14</NS0:maxAge>
    <NS0:ratio>1</NS0:ratio>
  </rdf:Description>
  <rdf:Description rdf:about='#A62199'>
    <rdf:type rdf:resource='http://www.daml.org/2001/12/factbook/factbook-ont#OccupationPercent'/>
    <NS0:occupation rdf:resource='http://www.daml.org/2001/12/factbook/occupations#services'/>
    <NS0:percent>53</NS0:percent>
  </rdf:Description>
  <rdf:Description rdf:about='#A62003'>
    <rdf:type rdf:resource='http://www.daml.org/2001/12/factbook/factbook-ont#SexRatioBreakdown'/>
    <NS0:minAge>0</NS0:minAge>
    <NS0:maxAge>0</NS0:maxAge>
    <NS0:ratio>1.01</NS0:ratio>
  </rdf:Description>
  <rdf:Description rdf:about='#A62194'>
    <rdf:type rdf:resource='http://www.daml.org/2001/12/factbook/factbook-ont#OccupationPercent'/>
    <NS0:occupation rdf:resource='http://www.daml.org/2001/12/factbook/occupations#building'/>
    <NS0:percent>45</NS0:percent>
  </rdf:Description>
  <rdf:Description rdf:about='#A61997'>
    <rdf:type rdf:resource='http://www.daml.org/2001/12/factbook/factbook-ont#Estimate'/>
    <NS0:year>2001</NS0:year>
  </rdf:Description>
  <rdf:Description rdf:about='#A62190'>
    <rdf:type rdf:resource='http://www.daml.org/2001/12/factbook/factbook-ont#OccupationPercent'/>
    <NS0:occupation rdf:resource='http://www.daml.org/2001/12/factbook/occupations#trade'/>
  </rdf:Description>
  <rdf:Description rdf:about='#A62186'>
    <rdf:type rdf:resource='http://www.daml.org/2001/12/factbook/factbook-ont#OccupationPercent'/>
    <NS0:occupation rdf:resource='http://www.daml.org/2001/12/factbook/occupations#industry'/>
  </rdf:Description>
  <rdf:Description rdf:about='#A62177'>
    <rdf:type rdf:resource='http://www.daml.org/2001/12/factbook/factbook-ont#Estimate'/>
    <NS0:year>1998</NS0:year>
  </rdf:Description>
  <rdf:Description rdf:about='#A125779'>
    <rdf:type rdf:resource='http://www.daml.org/2001/12/factbook/factbook-ont#CountryPercent'/>
    <NS0:country rdf:resource='http://www.daml.org/2001/09/countries/fips#SZ'/>
  </rdf:Description>
  <rdf:Description rdf:about='#A125774'>
    <rdf:type rdf:resource='http://www.daml.org/2001/12/factbook/factbook-ont#Border'/>
    <NS0:country rdf:resource='http://www.daml.org/2001/09/countries/fips#SZ'/>
    <NS0:distance>41</NS0:distance>
  </rdf:Description>
  <rdf:Description rdf:about='#A125769'>
    <rdf:type rdf:resource='http://www.daml.org/2001/12/factbook/factbook-ont#Border'/>
    <NS0:country rdf:resource='http://www.daml.org/2001/09/countries/fips#AU'/>
    <NS0:distance>35</NS0:distance>
  </rdf:Description>
  <rdf:Description rdf:about='#A62263'>
    <NS0:year>1996</NS0:year>
  </rdf:Description>
  <rdf:Description rdf:about='#A62183'>
    <rdf:type rdf:resource='http://www.daml.org/2001/12/factbook/factbook-ont#Estimate'/>
    <NS0:year>1997</NS0:year>
  </rdf:Description>
  <rdf:Description rdf:about='#A62220'>
    <rdf:type rdf:resource='http://www.daml.org/2001/12/factbook/factbook-ont#Estimate'/>
    <NS0:year>1997</NS0:year>
  </rdf:Description>
  <rdf:Description rdf:about='#A62091'>
    <rdf:type rdf:resource='http://www.daml.org/2001/12/factbook/factbook-ont#Estimate'/>
    <NS0:year>1981</NS0:year>
  </rdf:Description>
  <rdf:Description rdf:about='#A125782'>
    <NS0:note>1996</NS0:note>
  </rdf:Description>
  <rdf:Description rdf:about='#A62035'>
    <rdf:type rdf:resource='http://www.daml.org/2001/12/factbook/factbook-ont#Estimate'/>
    <NS0:year>2001</NS0:year>
  </rdf:Description>
  <rdf:Description rdf:about='#A61968'>
    <rdf:type rdf:resource='http://www.daml.org/2001/12/factbook/factbook-ont#Estimate'/>
    <NS0:year>1993</NS0:year>
  </rdf:Description>
  <rdf:Description rdf:about='#A61957'>
    <rdf:type rdf:resource='http://www.daml.org/2001/12/factbook/factbook-ont#ElevationExtreme'/>
    <NS0:name>Grauspitz</NS0:name>
    <NS0:elevation>2599</NS0:elevation>
  </rdf:Description>
  <rdf:Description rdf:about='#A62146'>
    <rdf:type rdf:resource='#Commune'/>
    <NS0:name>Vaduz</NS0:name>
  </rdf:Description>
  <rdf:Description rdf:about='#A61952'>
    <rdf:type rdf:resource='http://www.daml.org/2001/12/factbook/factbook-ont#ElevationExtreme'/>
    <NS0:name>Ruggeller Riet</NS0:name>
    <NS0:elevation>430</NS0:elevation>
  </rdf:Description>
  <rdf:Description rdf:about='#A62142'>
    <rdf:type rdf:resource='#Commune'/>
    <NS0:name>Triesenberg</NS0:name>
  </rdf:Description>
  <rdf:Description rdf:about='#A62138'>
    <rdf:type rdf:resource='#Commune'/>
    <NS0:name>Triesen</NS0:name>
  </rdf:Description>
  <rdf:Description rdf:about='#A62290'>
    <NS0:year>1997</NS0:year>
  </rdf:Description>
  <rdf:Description rdf:about='#A62134'>
    <rdf:type rdf:resource='#Commune'/>
    <NS0:name>Schellenberg</NS0:name>
  </rdf:Description>
  <rdf:Description rdf:about='#A62130'>
    <rdf:type rdf:resource='#Commune'/>
    <NS0:name>Schaan</NS0:name>
  </rdf:Description>
  <rdf:Description rdf:about='#A61937'>
    <rdf:type rdf:resource='http://www.daml.org/2001/12/factbook/factbook-ont#LatLon'/>
    <NS0:latitude>47.166666666666664</NS0:latitude>
    <NS0:longitude>9.533333333333333</NS0:longitude>
  </rdf:Description>
  <rdf:Description rdf:about='#A62126'>
    <rdf:type rdf:resource='#Commune'/>
    <NS0:name>Ruggell</NS0:name>
  </rdf:Description>
  <rdf:Description rdf:about='#A62285'>
    <NS0:year>1996</NS0:year>
  </rdf:Description>
  <rdf:Description rdf:about='#A62295'>
    <NS0:year>1997</NS0:year>
  </rdf:Description>
  <rdf:Description rdf:about='#A62122'>
    <rdf:type rdf:resource='#Commune'/>
    <NS0:name>Planken</NS0:name>
  </rdf:Description>
  <rdf:Description rdf:about='#A62118'>
    <rdf:type rdf:resource='#Commune'/>
    <NS0:name>Mauren</NS0:name>
  </rdf:Description>
  <rdf:Description rdf:about='http://www.daml.org/2001/09/countries/fips#LS'>
    <NS0:background>The Principality of Liechtenstein was established within the Holy Roman Empire in 1719; it became a sovereign state in 1806. Until the end of World War I, it was closely tied to Austria, but the economic devastation caused by that conflict forced Liechtenstein to conclude a customs and monetary union with Switzerland. Since World War II (in which Liechtenstein remained neutral) the country&apos;s low taxes have spurred outstanding economic growth. However, shortcomings in banking regulatory oversight have resulted in concerns about the use of the financial institutions for money laundering.</NS0:background>
    <NS0:location>Central Europe, between Austria and Switzerland</NS0:location>
    <NS0:geographicCoordinates rdf:resource='#A61937'/>
    <NS0:mapReferences>Europe</NS0:mapReferences>
    <NS0:totalArea>160</NS0:totalArea>
    <NS0:landArea>160</NS0:landArea>
    <NS0:waterArea>0</NS0:waterArea>
    <NS0:comparativeArea>about 0.9 times the size of Washington, DC</NS0:comparativeArea>
    <NS0:landBoundaries>76</NS0:landBoundaries>
    <NS0:coastline rdf:ID='A61948'>0</NS0:coastline>
    <NS0:climate>continental; cold, cloudy winters with frequent snow or rain; cool to moderately warm, cloudy, humid summers</NS0:climate>
    <NS0:terrain>mostly mountainous (Alps) with Rhine Valley in western third</NS0:terrain>
    <NS0:lowestPoint rdf:resource='#A61952'/>
    <NS0:highestPoint rdf:resource='#A61957'/>
    <NS0:naturalResource rdf:resource='http://www.daml.org/2001/12/factbook/naturalResources#hydroelectric_potential'/>
    <NS0:naturalResource rdf:resource='http://www.daml.org/2001/12/factbook/naturalResources#arable_land'/>
    <NS0:arableLand>24</NS0:arableLand>
    <NS0:permanentCrops>0</NS0:permanentCrops>
    <NS0:permanentPastures>16</NS0:permanentPastures>
    <NS0:forestsAndWoodland>35</NS0:forestsAndWoodland>
    <NS0:otherLandUse rdf:ID='A61968'>25</NS0:otherLandUse>
    <NS0:naturalHazard>NA</NS0:naturalHazard>
    <NS0:environmentalIssue>NA</NS0:environmentalIssue>
    <NS0:environmentalAgreementPartyTo rdf:resource='http://www.daml.org/2001/12/factbook/environmentalAgreements#Air_Pollution'/>
    <NS0:environmentalAgreementPartyTo rdf:resource='http://www.daml.org/2001/12/factbook/environmentalAgreements#Air_Pollution-Nitrogen_Oxides'/>
    <NS0:environmentalAgreementPartyTo rdf:resource='http://www.daml.org/2001/12/factbook/environmentalAgreements#Air_Pollution-Sulphur_85'/>
    <NS0:environmentalAgreementPartyTo rdf:resource='http://www.daml.org/2001/12/factbook/environmentalAgreements#Air_Pollution-Sulphur_94'/>
    <NS0:environmentalAgreementPartyTo rdf:resource='http://www.daml.org/2001/12/factbook/environmentalAgreements#Air_Pollution-Volatile_Organic_Compounds'/>
    <NS0:environmentalAgreementPartyTo rdf:resource='http://www.daml.org/2001/12/factbook/environmentalAgreements#Biodiversity'/>
    <NS0:environmentalAgreementPartyTo rdf:resource='http://www.daml.org/2001/12/factbook/environmentalAgreements#Climate_Change'/>
    <NS0:environmentalAgreementPartyTo rdf:resource='http://www.daml.org/2001/12/factbook/environmentalAgreements#Desertification'/>
    <NS0:environmentalAgreementPartyTo rdf:resource='http://www.daml.org/2001/12/factbook/environmentalAgreements#Endangered_Species'/>
    <NS0:environmentalAgreementPartyTo rdf:resource='http://www.daml.org/2001/12/factbook/environmentalAgreements#Hazardous_Wastes'/>
    <NS0:environmentalAgreementPartyTo rdf:resource='http://www.daml.org/2001/12/factbook/environmentalAgreements#Ozone_Layer_Protection'/>
    <NS0:environmentalAgreementPartyTo rdf:resource='http://www.daml.org/2001/12/factbook/environmentalAgreements#Wetlands'/>
    <NS0:environmentalAgreementSigned rdf:resource='http://www.daml.org/2001/12/factbook/environmentalAgreements#Air_Pollution-Persistent_Organic_Pollutants'/>
    <NS0:environmentalAgreementSigned rdf:resource='http://www.daml.org/2001/12/factbook/environmentalAgreements#Climate_Change-Kyoto_Protocol'/>
    <NS0:environmentalAgreementSigned rdf:resource='http://www.daml.org/2001/12/factbook/environmentalAgreements#Law_of_the_Sea'/>
    <NS0:population rdf:ID='A61988'>32528</NS0:population>
    <NS0:populationGrowthRate rdf:ID='A61991'>0.98</NS0:populationGrowthRate>
    <NS0:birthRate rdf:ID='A61994'>11.53</NS0:birthRate>
    <NS0:deathRate rdf:ID='A61997'>6.7</NS0:deathRate>
    <NS0:netMigrationRate rdf:ID='A62000'>4.98</NS0:netMigrationRate>
    <NS0:sexRatio rdf:resource='#A62003'/>
    <NS0:sexRatio rdf:resource='#A62009'/>
    <NS0:sexRatio rdf:resource='#A62015'/>
    <NS0:sexRatio rdf:resource='#A62021'/>
    <NS0:sexRatio rdf:ID='A62029' rdf:resource='#A62026'/>
    <NS0:infantMortalityRate rdf:ID='A62032'>4.99</NS0:infantMortalityRate>
    <NS0:totalFertilityRate rdf:ID='A62035'>1.5</NS0:totalFertilityRate>
    <NS0:nationalityNoun>Liechtensteiner(s)</NS0:nationalityNoun>
    <NS0:nationalityAdjective>Liechtenstein</NS0:nationalityAdjective>
    <NS0:ethnicGroup rdf:resource='#A62040'/>
    <NS0:ethnicGroup rdf:resource='#A62045'/>
    <NS0:ethnicGroup rdf:resource='#A62049'/>
    <NS0:ethnicGroup rdf:resource='#A62053'/>
    <NS0:religion rdf:resource='#A62058'/>
    <NS0:religion rdf:resource='#A62063'/>
    <NS0:religion rdf:resource='#A62068'/>
    <NS0:religion rdf:ID='A62077' rdf:resource='#A62073'/>
    <NS0:language rdf:ID='A62082' rdf:resource='#A62079'/>
    <NS0:language rdf:resource='#A62084'/>
    <NS0:literacyDefinition>age 10 and over can read and write</NS0:literacyDefinition>
    <NS0:literacyTotal>100</NS0:literacyTotal>
    <NS0:literacyMale>100</NS0:literacyMale>
    <NS0:literacyFemale rdf:ID='A62091'>100</NS0:literacyFemale>
    <NS0:conventionalLongCountryName>Principality of Liechtenstein</NS0:conventionalLongCountryName>
    <NS0:conventionalShortCountryName>Liechtenstein</NS0:conventionalShortCountryName>
    <NS0:localLongCountryName>Fuerstentum Liechtenstein</NS0:localLongCountryName>
    <NS0:localShortCountryName>Liechtenstein</NS0:localShortCountryName>
    <NS0:governmentType rdf:resource='http://www.daml.org/2001/12/factbook/governmentTypes#hereditary_constitutional_monarchy'/>
    <NS0:capital rdf:resource='#A62099'/>
    <NS0:administrativeDivision rdf:resource='#A62106'/>
    <NS0:administrativeDivision rdf:resource='#A62110'/>
    <NS0:administrativeDivision rdf:resource='#A62114'/>
    <NS0:administrativeDivision rdf:resource='#A62118'/>
    <NS0:administrativeDivision rdf:resource='#A62122'/>
    <NS0:administrativeDivision rdf:resource='#A62126'/>
    <NS0:administrativeDivision rdf:resource='#A62130'/>
    <NS0:administrativeDivision rdf:resource='#A62134'/>
    <NS0:administrativeDivision rdf:resource='#A62138'/>
    <NS0:administrativeDivision rdf:resource='#A62142'/>
    <NS0:administrativeDivision rdf:resource='#A62146'/>
    <NS0:independence>23 January 1719 Imperial Principality of Liechtenstein established; 12 July 1806 established independence from the Holy Roman Empire</NS0:independence>
    <NS0:constitution>5 October 1921</NS0:constitution>
    <NS0:legalSystem>local civil and penal codes; accepts compulsory ICJ jurisdiction, with reservations</NS0:legalSystem>
    <NS0:suffrage>20 years of age; universal</NS0:suffrage>
    <NS0:participatesIn rdf:resource='http://www.daml.org/2001/12/factbook/internationalOrganizations#CE'/>
    <NS0:participatesIn rdf:resource='http://www.daml.org/2001/12/factbook/internationalOrganizations#EBRD'/>
    <NS0:participatesIn rdf:resource='http://www.daml.org/2001/12/factbook/internationalOrganizations#ECE'/>
    <NS0:participatesIn rdf:resource='http://www.daml.org/2001/12/factbook/internationalOrganizations#EFTA'/>
    <NS0:participatesIn rdf:resource='http://www.daml.org/2001/12/factbook/internationalOrganizations#IAEA'/>
    <NS0:participatesIn rdf:resource='http://www.daml.org/2001/12/factbook/internationalOrganizations#ICRM'/>
    <NS0:participatesIn rdf:resource='http://www.daml.org/2001/12/factbook/internationalOrganizations#IFRCS'/>
    <NS0:participatesIn rdf:resource='http://www.daml.org/2001/12/factbook/internationalOrganizations#Intelsat'/>
    <NS0:participatesIn rdf:resource='http://www.daml.org/2001/12/factbook/internationalOrganizations#Interpol'/>
    <NS0:participatesIn rdf:resource='http://www.daml.org/2001/12/factbook/internationalOrganizations#IOC'/>
    <NS0:participatesIn rdf:resource='http://www.daml.org/2001/12/factbook/internationalOrganizations#ITU'/>
    <NS0:participatesIn rdf:resource='http://www.daml.org/2001/12/factbook/internationalOrganizations#OPCW'/>
    <NS0:participatesIn rdf:resource='http://www.daml.org/2001/12/factbook/internationalOrganizations#OSCE'/>
    <NS0:participatesIn rdf:resource='http://www.daml.org/2001/12/factbook/internationalOrganizations#UN'/>
    <NS0:participatesIn rdf:resource='http://www.daml.org/2001/12/factbook/internationalOrganizations#UNCTAD'/>
    <NS0:participatesIn rdf:resource='http://www.daml.org/2001/12/factbook/internationalOrganizations#UNIDO'/>
    <NS0:participatesIn rdf:resource='http://www.daml.org/2001/12/factbook/internationalOrganizations#UPU'/>
    <NS0:participatesIn rdf:resource='http://www.daml.org/2001/12/factbook/internationalOrganizations#WCL'/>
    <NS0:participatesIn rdf:resource='http://www.daml.org/2001/12/factbook/internationalOrganizations#WHO'/>
    <NS0:participatesIn rdf:resource='http://www.daml.org/2001/12/factbook/internationalOrganizations#WIPO'/>
    <NS0:participatesIn rdf:resource='http://www.daml.org/2001/12/factbook/internationalOrganizations#WTrO'/>
    <NS0:flagDescription>two equal horizontal bands of blue (top) and red with a gold crown on the hoist side of the blue band</NS0:flagDescription>
    <NS0:economyOverview>Despite its small size and limited natural resources, Liechtenstein has developed into a prosperous, highly industrialized, free-enterprise economy with a vital financial service sector and living standards on a par with the urban areas of its large European neighbors. Low business taxes - the maximum tax rate is 18% - and easy incorporation rules have induced 73,700 holding or so-called letter box companies to establish nominal offices in Liechtenstein, providing 30% of state revenues. The country participates in a customs union with Switzerland and uses the Swiss franc as its national currency. It imports more than 90% of its energy requirements. Liechtenstein has been a member of the European Economic Area (an organization serving as a bridge between European Free Trade Association (EFTA) and EU) since May 1995. The government is working to harmonize its economic policies with those of an integrated Europe.</NS0:economyOverview>
    <NS0:grossDomesticProduct rdf:ID='A62177'>730000000</NS0:grossDomesticProduct>
    <NS0:grossDomesticProductPerCapita rdf:ID='A62180'>23000</NS0:grossDomesticProductPerCapita>
    <NS0:inflationRate rdf:ID='A62183'>0.5</NS0:inflationRate>
    <NS0:occupation rdf:resource='#A62186'/>
    <NS0:occupation rdf:resource='#A62190'/>
    <NS0:occupation rdf:resource='#A62194'/>
    <NS0:occupation rdf:resource='#A62199'/>
    <NS0:occupation rdf:resource='#A62204'/>
    <NS0:occupation rdf:resource='#A62208'/>
    <NS0:occupation rdf:resource='#A62212'/>
    <NS0:occupation rdf:ID='A62220' rdf:resource='#A62216'/>
    <NS0:unemploymentRate rdf:ID='A62223'>1.8</NS0:unemploymentRate>
    <NS0:budgetRevenues>424200000</NS0:budgetRevenues>
    <NS0:budgetExpenditures>414100000</NS0:budgetExpenditures>
    <NS0:industry rdf:resource='http://www.daml.org/2001/12/factbook/industries#electronics'/>
    <NS0:industry rdf:resource='http://www.daml.org/2001/12/factbook/industries#metal_manufacturing'/>
    <NS0:industry rdf:resource='http://www.daml.org/2001/12/factbook/industries#textiles'/>
    <NS0:industry rdf:resource='http://www.daml.org/2001/12/factbook/industries#ceramics'/>
    <NS0:industry rdf:resource='http://www.daml.org/2001/12/factbook/industries#pharmaceuticals'/>
    <NS0:industry rdf:resource='http://www.daml.org/2001/12/factbook/industries#food_products'/>
    <NS0:industry rdf:resource='http://www.daml.org/2001/12/factbook/industries#precision_instruments'/>
    <NS0:industry rdf:resource='http://www.daml.org/2001/12/factbook/industries#tourism'/>
    <NS0:agricultureProduct rdf:resource='http://www.daml.org/2001/12/factbook/agricultureProducts#wheat'/>
    <NS0:agricultureProduct rdf:resource='http://www.daml.org/2001/12/factbook/agricultureProducts#barley'/>
    <NS0:agricultureProduct rdf:resource='http://www.daml.org/2001/12/factbook/agricultureProducts#corn'/>
    <NS0:agricultureProduct rdf:resource='http://www.daml.org/2001/12/factbook/agricultureProducts#potatoes'/>
    <NS0:agricultureProduct rdf:resource='http://www.daml.org/2001/12/factbook/agricultureProducts#livestock'/>
    <NS0:agricultureProduct rdf:resource='http://www.daml.org/2001/12/factbook/agricultureProducts#dairy_products'/>
    <NS0:exports rdf:ID='A62241'>2470000000</NS0:exports>
    <NS0:exportsCommodity rdf:resource='#A62243'/>
    <NS0:exportsCommodity rdf:resource='#A62247'/>
    <NS0:exportsCommodity rdf:resource='#A62251'/>
    <NS0:exportsCommodity rdf:resource='#A62255'/>
    <NS0:exportsCommodity rdf:resource='#A62259'/>
    <NS0:imports rdf:ID='A62263'>917300000</NS0:imports>
    <NS0:importsCommodity rdf:resource='#A62265'/>
    <NS0:importsCommodity rdf:resource='#A62269'/>
    <NS0:importsCommodity rdf:resource='#A62273'/>
    <NS0:importsCommodity rdf:resource='#A62277'/>
    <NS0:importsCommodity rdf:resource='#A62281'/>
    <NS0:externalDebt rdf:ID='A62285'>0</NS0:externalDebt>
    <NS0:currency>Swiss franc (CHF)</NS0:currency>
    <NS0:currencyCode>CHF</NS0:currencyCode>
    <NS0:fiscalYear>calendar year</NS0:fiscalYear>
    <NS0:mainTelephoneLines rdf:ID='A62290'>20000</NS0:mainTelephoneLines>
    <NS0:telephoneSystemGeneralAssessment>automatic telephone system</NS0:telephoneSystemGeneralAssessment>
    <NS0:telephoneSystemDomestic>NA</NS0:telephoneSystemDomestic>
    <NS0:telephoneSystemInternational>linked to Swiss networks by cable and microwave radio relay</NS0:telephoneSystemInternational>
    <NS0:radios rdf:ID='A62295'>21000</NS0:radios>
    <NS0:televisions rdf:ID='A62297'>12000</NS0:televisions>
    <NS0:internetCountryCode>.li</NS0:internetCountryCode>
    <NS0:highwaysTotal>250</NS0:highwaysTotal>
    <NS0:highwaysPaved>250</NS0:highwaysPaved>
    <NS0:highwaysUnpaved>0</NS0:highwaysUnpaved>
    <NS0:port rdf:resource='#A62303'/>
    <NS0:internationalDispute>Liechtenstein&apos;s royal family claims restitution for 1,600 sq km of land in the Czech Republic confiscated in 1918</NS0:internationalDispute>
    <NS0:illicitDrugs>multilateral organizations engaged in issuing international guidelines for financial sector oversight have found gaps in Liechtenstein&apos;s financial services controls that make it vulnerable to money laundering</NS0:illicitDrugs>
    <NS0:smallFlag>http://www.cia.gov/cia/publications/factbook/flags/ls-flag.jpg</NS0:smallFlag>
    <NS0:largeFlag>http://www.cia.gov/cia/publications/factbook/flags/ls-lgflag.jpg</NS0:largeFlag>
    <NS0:map>http://www.cia.gov/cia/publications/factbook/maps/ls-map.jpg</NS0:map>
    <NS0:border rdf:resource='#A125769'/>
    <NS0:border rdf:resource='#A125774'/>
    <NS0:importPartner rdf:ID='A125782' rdf:resource='#A125779'/>
  </rdf:Description>
  <rdf:Description rdf:about='#A61994'>
    <rdf:type rdf:resource='http://www.daml.org/2001/12/factbook/factbook-ont#Estimate'/>
    <NS0:year>2001</NS0:year>
  </rdf:Description>
  <rdf:Description rdf:about='#A62114'>
    <rdf:type rdf:resource='#Commune'/>
    <NS0:name>Gamprin</NS0:name>
  </rdf:Description>
  <rdf:Description rdf:about='#A62303'>
    <rdf:type rdf:resource='http://www.daml.org/2001/12/factbook/factbook-ont#Port'/>
    <NS0:name>none</NS0:name>
  </rdf:Description>
  <rdf:Description rdf:about='#A62110'>
    <rdf:type rdf:resource='#Commune'/>
    <NS0:name>Eschen</NS0:name>
  </rdf:Description>
  <rdf:Description rdf:about='#A62106'>
    <rdf:type rdf:resource='#Commune'/>
    <NS0:name>Balzers</NS0:name>
  </rdf:Description>
  <rdf:Description rdf:about='#A62180'>
    <rdf:type rdf:resource='http://www.daml.org/2001/12/factbook/factbook-ont#Estimate'/>
    <NS0:year>1998</NS0:year>
  </rdf:Description>
  <rdf:Description rdf:about='#A62099'>
    <rdf:type rdf:resource='http://www.daml.org/2001/12/factbook/factbook-ont#CapitalCity'/>
    <NS0:name>Vaduz</NS0:name>
  </rdf:Description>
  <rdf:Description rdf:about='#A62281'>
    <rdf:type rdf:resource='http://www.daml.org/2001/12/factbook/factbook-ont#CommodityPercent'/>
    <NS0:importsCommodity rdf:resource='http://www.daml.org/2001/12/factbook/commodities#motor_vehicles'/>
  </rdf:Description>
  <rdf:Description rdf:about='#A62277'>
    <rdf:type rdf:resource='http://www.daml.org/2001/12/factbook/factbook-ont#CommodityPercent'/>
    <NS0:importsCommodity rdf:resource='http://www.daml.org/2001/12/factbook/commodities#foodstuffs'/>
  </rdf:Description>
  <rdf:Description rdf:about='#A62084'>
    <rdf:type rdf:resource='http://www.daml.org/2001/12/factbook/factbook-ont#LanguagePercent'/>
    <NS0:language rdf:resource='http://www.daml.org/2001/12/factbook/languages#Alemannic_dialect'/>
  </rdf:Description>
  <rdf:Description rdf:about='#Commune'>
    <rdf:type rdf:resource='http://www.w3.org/2000/01/rdf-schema#Class'/>
    <rdfs:subClassOf rdf:resource='http://www.daml.org/2001/12/factbook/factbook-ont#AdministrativeDivision'/>
    <rdfs:label>Commune</rdfs:label>
  </rdf:Description>
  <rdf:Description rdf:about='#A62273'>
    <rdf:type rdf:resource='http://www.daml.org/2001/12/factbook/factbook-ont#CommodityPercent'/>
    <NS0:importsCommodity rdf:resource='http://www.daml.org/2001/12/factbook/commodities#textiles'/>
  </rdf:Description>
  <rdf:Description rdf:about='#A62079'>
    <rdf:type rdf:resource='http://www.daml.org/2001/12/factbook/factbook-ont#LanguagePercent'/>
    <NS0:language rdf:resource='http://www.daml.org/2001/12/factbook/languages#German'/>
  </rdf:Description>
  <rdf:Description rdf:about='#A62269'>
    <rdf:type rdf:resource='http://www.daml.org/2001/12/factbook/factbook-ont#CommodityPercent'/>
    <NS0:importsCommodity rdf:resource='http://www.daml.org/2001/12/factbook/commodities#metal_goods'/>
  </rdf:Description>
  <rdf:Description rdf:about='#A62000'>
    <rdf:type rdf:resource='http://www.daml.org/2001/12/factbook/factbook-ont#Estimate'/>
    <NS0:year>2001</NS0:year>
  </rdf:Description>
</rdf:RDF>
