<?xml version='1.0' encoding='ISO-8859-1'?>
<rdf:RDF
  xmlns:rdf='http://www.w3.org/1999/02/22-rdf-syntax-ns#'
  xmlns:NS0='http://www.daml.org/2001/12/factbook/factbook-ont#'
  xmlns:rdfs='http://www.w3.org/2000/01/rdf-schema#'
  xml:base="http://www.daml.org/2001/12/factbook/ly">
  <rdf:Description rdf:about='#A63411'>
    <rdf:type rdf:resource='#Municipality'/>
    <NS0:name>Murzuq</NS0:name>
  </rdf:Description>
  <rdf:Description rdf:about='#A125677'>
    <rdf:type rdf:resource='http://www.daml.org/2001/12/factbook/factbook-ont#Border'/>
    <NS0:country rdf:resource='http://www.daml.org/2001/09/countries/fips#AG'/>
    <NS0:distance>982</NS0:distance>
  </rdf:Description>
  <rdf:Description rdf:about='#A63407'>
    <rdf:type rdf:resource='#Municipality'/>
    <NS0:name>Misratah</NS0:name>
  </rdf:Description>
  <rdf:Description rdf:about='#A63403'>
    <rdf:type rdf:resource='#Municipality'/>
    <NS0:name>Gharyan</NS0:name>
  </rdf:Description>
  <rdf:Description rdf:about='#A63593'>
    <rdf:type rdf:resource='http://www.daml.org/2001/12/factbook/factbook-ont#CommodityPercent'/>
    <NS0:importsCommodity rdf:resource='http://www.daml.org/2001/12/factbook/commodities#manufactured_goods'/>
  </rdf:Description>
  <rdf:Description rdf:about='#A63399'>
    <rdf:type rdf:resource='#Municipality'/>
    <NS0:name>Ghadamis</NS0:name>
  </rdf:Description>
  <rdf:Description rdf:about='#A63589'>
    <rdf:type rdf:resource='http://www.daml.org/2001/12/factbook/factbook-ont#CommodityPercent'/>
    <NS0:importsCommodity rdf:resource='http://www.daml.org/2001/12/factbook/commodities#food'/>
  </rdf:Description>
  <rdf:Description rdf:about='#A125736'>
    <NS0:note>1999</NS0:note>
  </rdf:Description>
  <rdf:Description rdf:about='#A63395'>
    <rdf:type rdf:resource='#Municipality'/>
    <NS0:name>Darnah</NS0:name>
  </rdf:Description>
  <rdf:Description rdf:about='#A63585'>
    <rdf:type rdf:resource='http://www.daml.org/2001/12/factbook/factbook-ont#CommodityPercent'/>
    <NS0:importsCommodity rdf:resource='http://www.daml.org/2001/12/factbook/commodities#transport_equipment'/>
  </rdf:Description>
  <rdf:Description rdf:about='#A63391'>
    <rdf:type rdf:resource='#Municipality'/>
    <NS0:name>Banghazi</NS0:name>
  </rdf:Description>
  <rdf:Description rdf:about='#A63581'>
    <rdf:type rdf:resource='http://www.daml.org/2001/12/factbook/factbook-ont#CommodityPercent'/>
    <NS0:importsCommodity rdf:resource='http://www.daml.org/2001/12/factbook/commodities#machinery'/>
  </rdf:Description>
  <rdf:Description rdf:about='#A63552'>
    <NS0:year>1999</NS0:year>
  </rdf:Description>
  <rdf:Description rdf:about='#A63387'>
    <rdf:type rdf:resource='#Municipality'/>
    <NS0:name>Az Zawiyah</NS0:name>
  </rdf:Description>
  <rdf:Description rdf:about='#A63597'>
    <rdf:type rdf:resource='http://www.daml.org/2001/12/factbook/factbook-ont#Estimate'/>
    <NS0:year>2000</NS0:year>
  </rdf:Description>
  <rdf:Description rdf:about='#A63621'>
    <NS0:year>1996</NS0:year>
  </rdf:Description>
  <rdf:Description rdf:about='#A63574'>
    <rdf:type rdf:resource='http://www.daml.org/2001/12/factbook/factbook-ont#CommodityPercent'/>
    <NS0:exportsCommodity rdf:resource='http://www.daml.org/2001/12/factbook/commodities#refined_petroleum_products'/>
  </rdf:Description>
  <rdf:Description rdf:about='#A63383'>
    <rdf:type rdf:resource='#Municipality'/>
    <NS0:name>Awbari</NS0:name>
  </rdf:Description>
  <rdf:Description rdf:about='#A63379'>
    <rdf:type rdf:resource='#Municipality'/>
    <NS0:name>Ash Shati&apos;</NS0:name>
  </rdf:Description>
  <rdf:Description rdf:about='#A63188'>
    <rdf:type rdf:resource='http://www.daml.org/2001/12/factbook/factbook-ont#ElevationExtreme'/>
    <NS0:name>Bikku Bitti</NS0:name>
    <NS0:elevation>2267</NS0:elevation>
  </rdf:Description>
  <rdf:Description rdf:about='#A63570'>
    <rdf:type rdf:resource='http://www.daml.org/2001/12/factbook/factbook-ont#CommodityPercent'/>
    <NS0:exportsCommodity rdf:resource='http://www.daml.org/2001/12/factbook/commodities#crude_oil'/>
  </rdf:Description>
  <rdf:Description rdf:about='#A63375'>
    <rdf:type rdf:resource='#Municipality'/>
    <NS0:name>An Nuqat al Khams</NS0:name>
  </rdf:Description>
  <rdf:Description rdf:about='#A63738'>
    <NS0:note>FY99/00</NS0:note>
  </rdf:Description>
  <rdf:Description rdf:about='#A63183'>
    <rdf:type rdf:resource='http://www.daml.org/2001/12/factbook/factbook-ont#ElevationExtreme'/>
    <NS0:name>Sabkhat Ghuzayyil</NS0:name>
    <NS0:elevation>-47</NS0:elevation>
  </rdf:Description>
  <rdf:Description rdf:about='#A63740'>
    <NS0:note>FY99/00</NS0:note>
  </rdf:Description>
  <rdf:Description rdf:about='#A63371'>
    <rdf:type rdf:resource='#Municipality'/>
    <NS0:name>Al Kufrah</NS0:name>
  </rdf:Description>
  <rdf:Description rdf:about='#Municipality'>
    <rdf:type rdf:resource='http://www.w3.org/2000/01/rdf-schema#Class'/>
    <rdfs:subClassOf rdf:resource='http://www.daml.org/2001/12/factbook/factbook-ont#AdministrativeDivision'/>
    <rdfs:label>Municipality</rdfs:label>
  </rdf:Description>
  <rdf:Description rdf:about='#A63600'>
    <NS0:year>1995</NS0:year>
  </rdf:Description>
  <rdf:Description rdf:about='#A63367'>
    <rdf:type rdf:resource='#Municipality'/>
    <NS0:name>Al Khums</NS0:name>
  </rdf:Description>
  <rdf:Description rdf:about='#A63509'>
    <rdf:type rdf:resource='http://www.daml.org/2001/12/factbook/factbook-ont#Estimate'/>
    <NS0:year>1997</NS0:year>
  </rdf:Description>
  <rdf:Description rdf:about='#A63363'>
    <rdf:type rdf:resource='#Municipality'/>
    <NS0:name>Al Jufrah</NS0:name>
  </rdf:Description>
  <rdf:Description rdf:about='#A63359'>
    <rdf:type rdf:resource='#Municipality'/>
    <NS0:name>Al Jabal al Akhdar</NS0:name>
  </rdf:Description>
  <rdf:Description rdf:about='#A63168'>
    <rdf:type rdf:resource='http://www.daml.org/2001/12/factbook/factbook-ont#LatLon'/>
    <NS0:latitude>25.0</NS0:latitude>
    <NS0:longitude>17.0</NS0:longitude>
  </rdf:Description>
  <rdf:Description rdf:about='#A63264'>
    <rdf:type rdf:resource='http://www.daml.org/2001/12/factbook/factbook-ont#Estimate'/>
    <NS0:year>2001</NS0:year>
  </rdf:Description>
  <rdf:Description rdf:about='#A63355'>
    <rdf:type rdf:resource='#Municipality'/>
    <NS0:name>Al Fatih</NS0:name>
  </rdf:Description>
  <rdf:Description rdf:about='#A63556'>
    <NS0:year>1999</NS0:year>
  </rdf:Description>
  <rdf:Description rdf:about='#A63610'>
    <NS0:year>1997</NS0:year>
  </rdf:Description>
  <rdf:Description rdf:about='#A63351'>
    <rdf:type rdf:resource='#Municipality'/>
    <NS0:name>Al &apos;Aziziyah</NS0:name>
  </rdf:Description>
  <rdf:Description rdf:about='#A63659'>
    <rdf:type rdf:resource='http://www.daml.org/2001/12/factbook/factbook-ont#Estimate'/>
    <NS0:year>2000</NS0:year>
  </rdf:Description>
  <rdf:Description rdf:about='#A63347'>
    <rdf:type rdf:resource='#Municipality'/>
    <NS0:name>Ajdabiya</NS0:name>
  </rdf:Description>
  <rdf:Description rdf:about='#A63501'>
    <rdf:type rdf:resource='http://www.daml.org/2001/12/factbook/factbook-ont#Estimate'/>
    <NS0:year>2000</NS0:year>
  </rdf:Description>
  <rdf:Description rdf:about='#A63340'>
    <rdf:type rdf:resource='http://www.daml.org/2001/12/factbook/factbook-ont#CapitalCity'/>
    <NS0:name>Tripoli</NS0:name>
  </rdf:Description>
  <rdf:Description rdf:about='#A63722'>
    <rdf:type rdf:resource='http://www.daml.org/2001/12/factbook/factbook-ont#AirportBreakdown'/>
    <NS0:paved>false</NS0:paved>
    <NS0:maxRunway>913</NS0:maxRunway>
    <NS0:count>18 (2000 est.)</NS0:count>
  </rdf:Description>
  <rdf:Description rdf:about='#A63528'>
    <rdf:type rdf:resource='http://www.daml.org/2001/12/factbook/factbook-ont#OccupationPercent'/>
    <NS0:occupation rdf:resource='http://www.daml.org/2001/12/factbook/occupations#agriculture'/>
    <NS0:percent>17</NS0:percent>
  </rdf:Description>
  <rdf:Description rdf:about='#A63605'>
    <NS0:year>1996</NS0:year>
  </rdf:Description>
  <rdf:Description rdf:about='#A63715'>
    <rdf:type rdf:resource='http://www.daml.org/2001/12/factbook/factbook-ont#AirportBreakdown'/>
    <NS0:paved>false</NS0:paved>
    <NS0:minRunway>914</NS0:minRunway>
    <NS0:maxRunway>1523</NS0:maxRunway>
    <NS0:count>40</NS0:count>
  </rdf:Description>
  <rdf:Description rdf:about='#A63523'>
    <rdf:type rdf:resource='http://www.daml.org/2001/12/factbook/factbook-ont#OccupationPercent'/>
    <NS0:occupation rdf:resource='http://www.daml.org/2001/12/factbook/occupations#industry'/>
    <NS0:percent>29</NS0:percent>
  </rdf:Description>
  <rdf:Description rdf:about='#A63615'>
    <NS0:year>2000</NS0:year>
  </rdf:Description>
  <rdf:Description rdf:about='#A63229'>
    <rdf:type rdf:resource='http://www.daml.org/2001/12/factbook/factbook-ont#Estimate'/>
    <NS0:year>2001</NS0:year>
  </rdf:Description>
  <rdf:Description rdf:about='#A125767'>
    <NS0:note>1999</NS0:note>
  </rdf:Description>
  <rdf:Description rdf:about='#A63518'>
    <rdf:type rdf:resource='http://www.daml.org/2001/12/factbook/factbook-ont#OccupationPercent'/>
    <NS0:occupation rdf:resource='http://www.daml.org/2001/12/factbook/occupations#services_and_government'/>
    <NS0:percent>54</NS0:percent>
  </rdf:Description>
  <rdf:Description rdf:about='#A63223'>
    <rdf:type rdf:resource='http://www.daml.org/2001/12/factbook/factbook-ont#Estimate'/>
    <NS0:year>2001</NS0:year>
  </rdf:Description>
  <rdf:Description rdf:about='#A63708'>
    <rdf:type rdf:resource='http://www.daml.org/2001/12/factbook/factbook-ont#AirportBreakdown'/>
    <NS0:paved>false</NS0:paved>
    <NS0:minRunway>1524</NS0:minRunway>
    <NS0:maxRunway>2437</NS0:maxRunway>
    <NS0:count>14</NS0:count>
  </rdf:Description>
  <rdf:Description rdf:about='#A63323'>
    <rdf:type rdf:resource='http://www.daml.org/2001/12/factbook/factbook-ont#LanguagePercent'/>
    <NS0:language rdf:resource='http://www.daml.org/2001/12/factbook/languages#all_are_widely_understood_in_the_major_cities'/>
  </rdf:Description>
  <rdf:Description rdf:about='#A63535'>
    <rdf:type rdf:resource='http://www.daml.org/2001/12/factbook/factbook-ont#Estimate'/>
    <NS0:year>2000</NS0:year>
  </rdf:Description>
  <rdf:Description rdf:about='#A63554'>
    <NS0:year>1999</NS0:year>
  </rdf:Description>
  <rdf:Description rdf:about='#A63319'>
    <rdf:type rdf:resource='http://www.daml.org/2001/12/factbook/factbook-ont#LanguagePercent'/>
    <NS0:language rdf:resource='http://www.daml.org/2001/12/factbook/languages#English'/>
  </rdf:Description>
  <rdf:Description rdf:about='#A63701'>
    <rdf:type rdf:resource='http://www.daml.org/2001/12/factbook/factbook-ont#AirportBreakdown'/>
    <NS0:paved>false</NS0:paved>
    <NS0:minRunway>2438</NS0:minRunway>
    <NS0:maxRunway>3047</NS0:maxRunway>
    <NS0:count>2</NS0:count>
  </rdf:Description>
  <rdf:Description rdf:about='#A63315'>
    <rdf:type rdf:resource='http://www.daml.org/2001/12/factbook/factbook-ont#LanguagePercent'/>
    <NS0:language rdf:resource='http://www.daml.org/2001/12/factbook/languages#Italian'/>
  </rdf:Description>
  <rdf:Description rdf:about='#A63220'>
    <rdf:type rdf:resource='http://www.daml.org/2001/12/factbook/factbook-ont#Estimate'/>
    <NS0:year>2001</NS0:year>
  </rdf:Description>
  <rdf:Description rdf:about='#A63695'>
    <rdf:type rdf:resource='http://www.daml.org/2001/12/factbook/factbook-ont#AirportBreakdown'/>
    <NS0:paved>false</NS0:paved>
    <NS0:minRunway>3048</NS0:minRunway>
    <NS0:count>4</NS0:count>
  </rdf:Description>
  <rdf:Description rdf:about='#A63311'>
    <rdf:type rdf:resource='http://www.daml.org/2001/12/factbook/factbook-ont#LanguagePercent'/>
    <NS0:language rdf:resource='http://www.daml.org/2001/12/factbook/languages#Arabic'/>
  </rdf:Description>
  <rdf:Description rdf:about='#A63498'>
    <rdf:type rdf:resource='http://www.daml.org/2001/12/factbook/factbook-ont#Estimate'/>
    <NS0:year>2000</NS0:year>
  </rdf:Description>
  <rdf:Description rdf:about='#A63732'>
    <rdf:type rdf:resource='http://www.daml.org/2001/12/factbook/factbook-ont#Estimate'/>
    <NS0:year>2001</NS0:year>
  </rdf:Description>
  <rdf:Description rdf:about='#A63689'>
    <rdf:type rdf:resource='http://www.daml.org/2001/12/factbook/factbook-ont#AirportBreakdown'/>
    <NS0:paved>true</NS0:paved>
    <NS0:maxRunway>913</NS0:maxRunway>
    <NS0:count>2 (2000 est.)</NS0:count>
  </rdf:Description>
  <rdf:Description rdf:about='#A63306'>
    <rdf:type rdf:resource='http://www.daml.org/2001/12/factbook/factbook-ont#ReligionPercent'/>
    <NS0:religion rdf:resource='http://www.daml.org/2001/12/factbook/religions#Sunni_Muslim'/>
    <NS0:percent>97</NS0:percent>
  </rdf:Description>
  <rdf:Description rdf:about='#A125763'>
    <rdf:type rdf:resource='http://www.daml.org/2001/12/factbook/factbook-ont#CountryPercent'/>
    <NS0:country rdf:resource='http://www.daml.org/2001/09/countries/fips#KS'/>
    <NS0:percent>5</NS0:percent>
  </rdf:Description>
  <rdf:Description rdf:about='#A63302'>
    <rdf:type rdf:resource='http://www.daml.org/2001/12/factbook/factbook-ont#EthnicGroupPercent'/>
    <NS0:ethnicGroup rdf:resource='http://www.daml.org/2001/12/factbook/ethnicGroups#Tunisians'/>
  </rdf:Description>
  <rdf:Description rdf:about='#A63578'>
    <rdf:type rdf:resource='http://www.daml.org/2001/12/factbook/factbook-ont#Estimate'/>
    <NS0:note>f.o.b., 2000</NS0:note>
  </rdf:Description>
  <rdf:Description rdf:about='#A125758'>
    <rdf:type rdf:resource='http://www.daml.org/2001/12/factbook/factbook-ont#CountryPercent'/>
    <NS0:country rdf:resource='http://www.daml.org/2001/09/countries/fips#FR'/>
    <NS0:percent>6</NS0:percent>
  </rdf:Description>
  <rdf:Description rdf:about='#A63682'>
    <rdf:type rdf:resource='http://www.daml.org/2001/12/factbook/factbook-ont#AirportBreakdown'/>
    <NS0:paved>true</NS0:paved>
    <NS0:minRunway>914</NS0:minRunway>
    <NS0:maxRunway>1523</NS0:maxRunway>
    <NS0:count>5</NS0:count>
  </rdf:Description>
  <rdf:Description rdf:about='#A63735'>
    <rdf:type rdf:resource='http://www.daml.org/2001/12/factbook/factbook-ont#Estimate'/>
    <NS0:year>2001</NS0:year>
  </rdf:Description>
  <rdf:Description rdf:about='#A63298'>
    <rdf:type rdf:resource='http://www.daml.org/2001/12/factbook/factbook-ont#EthnicGroupPercent'/>
    <NS0:ethnicGroup rdf:resource='http://www.daml.org/2001/12/factbook/ethnicGroups#Indians'/>
  </rdf:Description>
  <rdf:Description rdf:about='#A63515'>
    <rdf:type rdf:resource='http://www.daml.org/2001/12/factbook/factbook-ont#Estimate'/>
    <NS0:year>2000</NS0:year>
  </rdf:Description>
  <rdf:Description rdf:about='#A125753'>
    <rdf:type rdf:resource='http://www.daml.org/2001/12/factbook/factbook-ont#CountryPercent'/>
    <NS0:country rdf:resource='http://www.daml.org/2001/09/countries/fips#UK'/>
    <NS0:percent>7</NS0:percent>
  </rdf:Description>
  <rdf:Description rdf:about='#A63294'>
    <rdf:type rdf:resource='http://www.daml.org/2001/12/factbook/factbook-ont#EthnicGroupPercent'/>
    <NS0:ethnicGroup rdf:resource='http://www.daml.org/2001/12/factbook/ethnicGroups#Turks'/>
  </rdf:Description>
  <rdf:Description rdf:about='#A63675'>
    <rdf:type rdf:resource='http://www.daml.org/2001/12/factbook/factbook-ont#AirportBreakdown'/>
    <NS0:paved>true</NS0:paved>
    <NS0:minRunway>1524</NS0:minRunway>
    <NS0:maxRunway>2437</NS0:maxRunway>
    <NS0:count>22</NS0:count>
  </rdf:Description>
  <rdf:Description rdf:about='#A125748'>
    <rdf:type rdf:resource='http://www.daml.org/2001/12/factbook/factbook-ont#CountryPercent'/>
    <NS0:country rdf:resource='http://www.daml.org/2001/09/countries/fips#TS'/>
    <NS0:percent>9</NS0:percent>
  </rdf:Description>
  <rdf:Description rdf:about='#A63290'>
    <rdf:type rdf:resource='http://www.daml.org/2001/12/factbook/factbook-ont#EthnicGroupPercent'/>
    <NS0:ethnicGroup rdf:resource='http://www.daml.org/2001/12/factbook/ethnicGroups#Pakistanis'/>
  </rdf:Description>
  <rdf:Description rdf:about='#A63567'>
    <rdf:type rdf:resource='http://www.daml.org/2001/12/factbook/factbook-ont#Estimate'/>
    <NS0:note>f.o.b., 2000</NS0:note>
  </rdf:Description>
  <rdf:Description rdf:about='#A63203'>
    <rdf:type rdf:resource='http://www.daml.org/2001/12/factbook/factbook-ont#Estimate'/>
    <NS0:year>1993</NS0:year>
  </rdf:Description>
  <rdf:Description rdf:about='#A63286'>
    <rdf:type rdf:resource='http://www.daml.org/2001/12/factbook/factbook-ont#EthnicGroupPercent'/>
    <NS0:ethnicGroup rdf:resource='http://www.daml.org/2001/12/factbook/ethnicGroups#Egyptians'/>
  </rdf:Description>
  <rdf:Description rdf:about='#A63668'>
    <rdf:type rdf:resource='http://www.daml.org/2001/12/factbook/factbook-ont#AirportBreakdown'/>
    <NS0:paved>true</NS0:paved>
    <NS0:minRunway>2438</NS0:minRunway>
    <NS0:maxRunway>3047</NS0:maxRunway>
    <NS0:count>6</NS0:count>
  </rdf:Description>
  <rdf:Description rdf:about='#A125743'>
    <rdf:type rdf:resource='http://www.daml.org/2001/12/factbook/factbook-ont#CountryPercent'/>
    <NS0:country rdf:resource='http://www.daml.org/2001/09/countries/fips#GM'/>
    <NS0:percent>12</NS0:percent>
  </rdf:Description>
  <rdf:Description rdf:about='#A63258'>
    <rdf:type rdf:resource='http://www.daml.org/2001/12/factbook/factbook-ont#Estimate'/>
    <NS0:year>2001</NS0:year>
  </rdf:Description>
  <rdf:Description rdf:about='#A63282'>
    <rdf:type rdf:resource='http://www.daml.org/2001/12/factbook/factbook-ont#EthnicGroupPercent'/>
    <NS0:ethnicGroup rdf:resource='http://www.daml.org/2001/12/factbook/ethnicGroups#Italians'/>
  </rdf:Description>
  <rdf:Description rdf:about='#A63617'>
    <NS0:year>2000</NS0:year>
  </rdf:Description>
  <rdf:Description rdf:about='#A125738'>
    <rdf:type rdf:resource='http://www.daml.org/2001/12/factbook/factbook-ont#CountryPercent'/>
    <NS0:country rdf:resource='http://www.daml.org/2001/09/countries/fips#IT'/>
    <NS0:percent>24</NS0:percent>
  </rdf:Description>
  <rdf:Description rdf:about='#A63662'>
    <rdf:type rdf:resource='http://www.daml.org/2001/12/factbook/factbook-ont#AirportBreakdown'/>
    <NS0:paved>true</NS0:paved>
    <NS0:minRunway>3048</NS0:minRunway>
    <NS0:count>23</NS0:count>
  </rdf:Description>
  <rdf:Description rdf:about='#A63278'>
    <rdf:type rdf:resource='http://www.daml.org/2001/12/factbook/factbook-ont#EthnicGroupPercent'/>
    <NS0:ethnicGroup rdf:resource='http://www.daml.org/2001/12/factbook/ethnicGroups#Maltese'/>
  </rdf:Description>
  <rdf:Description rdf:about='#A125732'>
    <rdf:type rdf:resource='http://www.daml.org/2001/12/factbook/factbook-ont#CountryPercent'/>
    <NS0:country rdf:resource='http://www.daml.org/2001/09/countries/fips#TS'/>
    <NS0:percent>4</NS0:percent>
  </rdf:Description>
  <rdf:Description rdf:about='#A63274'>
    <rdf:type rdf:resource='http://www.daml.org/2001/12/factbook/factbook-ont#EthnicGroupPercent'/>
    <NS0:ethnicGroup rdf:resource='http://www.daml.org/2001/12/factbook/ethnicGroups#Greeks'/>
  </rdf:Description>
  <rdf:Description rdf:about='#A63655'>
    <rdf:type rdf:resource='http://www.daml.org/2001/12/factbook/factbook-ont#Port'/>
    <NS0:name>Zuwarah</NS0:name>
  </rdf:Description>
  <rdf:Description rdf:about='#A125727'>
    <rdf:type rdf:resource='http://www.daml.org/2001/12/factbook/factbook-ont#CountryPercent'/>
    <NS0:country rdf:resource='http://www.daml.org/2001/09/countries/fips#TU'/>
    <NS0:percent>4</NS0:percent>
  </rdf:Description>
  <rdf:Description rdf:about='#A63651'>
    <rdf:type rdf:resource='http://www.daml.org/2001/12/factbook/factbook-ont#Port'/>
    <NS0:name>Tripoli</NS0:name>
  </rdf:Description>
  <rdf:Description rdf:about='http://www.daml.org/2001/09/countries/fips#LY'>
    <NS0:background>Since he took power in a 1969 military coup, Col. Muammar Abu Minyar al-QADHAFI has espoused his own political system - a combination of socialism and Islam - which he calls the Third International Theory. Viewing himself as a revolutionary leader, he used oil funds during the 1970s and 1980s to promote his ideology outside Libya, even supporting subversives and terrorists abroad to hasten the end of Marxism and capitalism. Libyan military adventures failed, e.g., the prolonged foray of Libyan troops into the Aozou Strip in northern Chad was finally repulsed in 1987. Libyan support for terrorism decreased after UN sanctions were imposed in 1992. Those sanctions were suspended in April 1999.</NS0:background>
    <NS0:location>Northern Africa, bordering the Mediterranean Sea, between Egypt and Tunisia</NS0:location>
    <NS0:geographicCoordinates rdf:resource='#A63168'/>
    <NS0:mapReferences>Africa</NS0:mapReferences>
    <NS0:totalArea>1759540</NS0:totalArea>
    <NS0:landArea>1759540</NS0:landArea>
    <NS0:waterArea>0</NS0:waterArea>
    <NS0:comparativeArea>slightly larger than Alaska</NS0:comparativeArea>
    <NS0:landBoundaries>4383</NS0:landBoundaries>
    <NS0:coastline>1770</NS0:coastline>
    <NS0:territorialSea>12</NS0:territorialSea>
    <NS0:climate>Mediterranean along coast; dry, extreme desert interior</NS0:climate>
    <NS0:terrain>mostly barren, flat to undulating plains, plateaus, depressions</NS0:terrain>
    <NS0:lowestPoint rdf:resource='#A63183'/>
    <NS0:highestPoint rdf:resource='#A63188'/>
    <NS0:naturalResource rdf:resource='http://www.daml.org/2001/12/factbook/naturalResources#petroleum'/>
    <NS0:naturalResource rdf:resource='http://www.daml.org/2001/12/factbook/naturalResources#natural_gas'/>
    <NS0:naturalResource rdf:resource='http://www.daml.org/2001/12/factbook/naturalResources#gypsum'/>
    <NS0:arableLand>1</NS0:arableLand>
    <NS0:permanentCrops>0</NS0:permanentCrops>
    <NS0:permanentPastures>8</NS0:permanentPastures>
    <NS0:forestsAndWoodland>0</NS0:forestsAndWoodland>
    <NS0:otherLandUse rdf:ID='A63200'>91</NS0:otherLandUse>
    <NS0:irrigatedLand rdf:ID='A63203'>4700</NS0:irrigatedLand>
    <NS0:naturalHazard>hot, dry, dust-laden ghibli is a southern wind lasting one to four days in spring and fall</NS0:naturalHazard>
    <NS0:naturalHazard>dust storms, sandstorms</NS0:naturalHazard>
    <NS0:environmentalIssue>desertification</NS0:environmentalIssue>
    <NS0:environmentalIssue>very limited natural fresh water resources</NS0:environmentalIssue>
    <NS0:environmentalIssue>the Great Manmade River Project, the largest water development scheme in the world, is being built to bring water from large aquifers under the Sahara to coastal cities</NS0:environmentalIssue>
    <NS0:environmentalAgreementPartyTo rdf:resource='http://www.daml.org/2001/12/factbook/environmentalAgreements#Climate_Change'/>
    <NS0:environmentalAgreementPartyTo rdf:resource='http://www.daml.org/2001/12/factbook/environmentalAgreements#Desertification'/>
    <NS0:environmentalAgreementPartyTo rdf:resource='http://www.daml.org/2001/12/factbook/environmentalAgreements#Marine_Dumping'/>
    <NS0:environmentalAgreementPartyTo rdf:resource='http://www.daml.org/2001/12/factbook/environmentalAgreements#Ozone_Layer_Protection'/>
    <NS0:environmentalAgreementPartyTo rdf:resource='http://www.daml.org/2001/12/factbook/environmentalAgreements#Wetlands'/>
    <NS0:environmentalAgreementSigned rdf:resource='http://www.daml.org/2001/12/factbook/environmentalAgreements#Biodiversity'/>
    <NS0:environmentalAgreementSigned rdf:resource='http://www.daml.org/2001/12/factbook/environmentalAgreements#Law_of_the_Sea'/>
    <NS0:environmentalAgreementSigned rdf:resource='http://www.daml.org/2001/12/factbook/environmentalAgreements#Nuclear_Test_Ban'/>
    <NS0:population>5240599</NS0:population>
    <NS0:populationGrowthRate rdf:ID='A63220'>2.42</NS0:populationGrowthRate>
    <NS0:birthRate rdf:ID='A63223'>27.67</NS0:birthRate>
    <NS0:deathRate rdf:ID='A63226'>3.51</NS0:deathRate>
    <NS0:netMigrationRate rdf:ID='A63229'>0</NS0:netMigrationRate>
    <NS0:sexRatio rdf:resource='#A63232'/>
    <NS0:sexRatio rdf:resource='#A63238'/>
    <NS0:sexRatio rdf:resource='#A63244'/>
    <NS0:sexRatio rdf:resource='#A63250'/>
    <NS0:sexRatio rdf:ID='A63258' rdf:resource='#A63255'/>
    <NS0:infantMortalityRate rdf:ID='A63261'>28.99</NS0:infantMortalityRate>
    <NS0:totalFertilityRate rdf:ID='A63264'>3.64</NS0:totalFertilityRate>
    <NS0:nationalityNoun>Libyan(s)</NS0:nationalityNoun>
    <NS0:nationalityAdjective>Libyan</NS0:nationalityAdjective>
    <NS0:ethnicGroup rdf:resource='#A63269'/>
    <NS0:ethnicGroup rdf:resource='#A63274'/>
    <NS0:ethnicGroup rdf:resource='#A63278'/>
    <NS0:ethnicGroup rdf:resource='#A63282'/>
    <NS0:ethnicGroup rdf:resource='#A63286'/>
    <NS0:ethnicGroup rdf:resource='#A63290'/>
    <NS0:ethnicGroup rdf:resource='#A63294'/>
    <NS0:ethnicGroup rdf:resource='#A63298'/>
    <NS0:ethnicGroup rdf:resource='#A63302'/>
    <NS0:religion rdf:resource='#A63306'/>
    <NS0:language rdf:resource='#A63311'/>
    <NS0:language rdf:resource='#A63315'/>
    <NS0:language rdf:resource='#A63319'/>
    <NS0:language rdf:resource='#A63323'/>
    <NS0:literacyDefinition>age 15 and over can read and write</NS0:literacyDefinition>
    <NS0:literacyTotal>76.2</NS0:literacyTotal>
    <NS0:literacyMale>87.9</NS0:literacyMale>
    <NS0:literacyFemale rdf:ID='A63330'>63</NS0:literacyFemale>
    <NS0:conventionalLongCountryName>Great Socialist People&apos;s Libyan Arab Jamahiriya</NS0:conventionalLongCountryName>
    <NS0:conventionalShortCountryName>Libya</NS0:conventionalShortCountryName>
    <NS0:localLongCountryName>Al Jumahiriyah al Arabiyah al Libiyah ash Shabiyah al Ishtirakiyah al Uzma</NS0:localLongCountryName>
    <NS0:localShortCountryName>none</NS0:localShortCountryName>
    <NS0:governmentType rdf:resource='http://www.daml.org/2001/12/factbook/governmentTypes#Jamahiriya_in_theory'/>
    <NS0:governmentType rdf:resource='http://www.daml.org/2001/12/factbook/governmentTypes#governed_by_the_populace_through_local_councils;_in_fact'/>
    <NS0:governmentType rdf:resource='http://www.daml.org/2001/12/factbook/governmentTypes#a_military_dictatorship'/>
    <NS0:capital rdf:resource='#A63340'/>
    <NS0:administrativeDivision rdf:resource='#A63347'/>
    <NS0:administrativeDivision rdf:resource='#A63351'/>
    <NS0:administrativeDivision rdf:resource='#A63355'/>
    <NS0:administrativeDivision rdf:resource='#A63359'/>
    <NS0:administrativeDivision rdf:resource='#A63363'/>
    <NS0:administrativeDivision rdf:resource='#A63367'/>
    <NS0:administrativeDivision rdf:resource='#A63371'/>
    <NS0:administrativeDivision rdf:resource='#A63375'/>
    <NS0:administrativeDivision rdf:resource='#A63379'/>
    <NS0:administrativeDivision rdf:resource='#A63383'/>
    <NS0:administrativeDivision rdf:resource='#A63387'/>
    <NS0:administrativeDivision rdf:resource='#A63391'/>
    <NS0:administrativeDivision rdf:resource='#A63395'/>
    <NS0:administrativeDivision rdf:resource='#A63399'/>
    <NS0:administrativeDivision rdf:resource='#A63403'/>
    <NS0:administrativeDivision rdf:resource='#A63407'/>
    <NS0:administrativeDivision rdf:resource='#A63411'/>
    <NS0:administrativeDivision rdf:resource='#A63415'/>
    <NS0:administrativeDivision rdf:resource='#A63419'/>
    <NS0:administrativeDivision rdf:resource='#A63423'/>
    <NS0:administrativeDivision rdf:resource='#A63427'/>
    <NS0:administrativeDivision rdf:resource='#A63431'/>
    <NS0:administrativeDivision rdf:resource='#A63435'/>
    <NS0:administrativeDivision rdf:resource='#A63439'/>
    <NS0:administrativeDivision rdf:resource='#A63443'/>
    <NS0:independence>24 December 1951 (from Italy)</NS0:independence>
    <NS0:constitution>11 December 1969, amended 2 March 1977</NS0:constitution>
    <NS0:legalSystem>based on Italian civil law system and Islamic law; separate religious courts; no constitutional provision for judicial review of legislative acts; has not accepted compulsory ICJ jurisdiction</NS0:legalSystem>
    <NS0:suffrage>18 years of age; universal and compulsory</NS0:suffrage>
    <NS0:participatesIn rdf:resource='http://www.daml.org/2001/12/factbook/internationalOrganizations#ABEDA'/>
    <NS0:participatesIn rdf:resource='http://www.daml.org/2001/12/factbook/internationalOrganizations#AfDB'/>
    <NS0:participatesIn rdf:resource='http://www.daml.org/2001/12/factbook/internationalOrganizations#AFESD'/>
    <NS0:participatesIn rdf:resource='http://www.daml.org/2001/12/factbook/internationalOrganizations#AL'/>
    <NS0:participatesIn rdf:resource='http://www.daml.org/2001/12/factbook/internationalOrganizations#AMF'/>
    <NS0:participatesIn rdf:resource='http://www.daml.org/2001/12/factbook/internationalOrganizations#AMU'/>
    <NS0:participatesIn rdf:resource='http://www.daml.org/2001/12/factbook/internationalOrganizations#CAEU'/>
    <NS0:participatesIn rdf:resource='http://www.daml.org/2001/12/factbook/internationalOrganizations#CCC'/>
    <NS0:participatesIn rdf:resource='http://www.daml.org/2001/12/factbook/internationalOrganizations#ECA'/>
    <NS0:participatesIn rdf:resource='http://www.daml.org/2001/12/factbook/internationalOrganizations#FAO'/>
    <NS0:participatesIn rdf:resource='http://www.daml.org/2001/12/factbook/internationalOrganizations#G-77'/>
    <NS0:participatesIn rdf:resource='http://www.daml.org/2001/12/factbook/internationalOrganizations#IAEA'/>
    <NS0:participatesIn rdf:resource='http://www.daml.org/2001/12/factbook/internationalOrganizations#IBRD'/>
    <NS0:participatesIn rdf:resource='http://www.daml.org/2001/12/factbook/internationalOrganizations#ICAO'/>
    <NS0:participatesIn rdf:resource='http://www.daml.org/2001/12/factbook/internationalOrganizations#ICRM'/>
    <NS0:participatesIn rdf:resource='http://www.daml.org/2001/12/factbook/internationalOrganizations#IDA'/>
    <NS0:participatesIn rdf:resource='http://www.daml.org/2001/12/factbook/internationalOrganizations#IDB'/>
    <NS0:participatesIn rdf:resource='http://www.daml.org/2001/12/factbook/internationalOrganizations#IFAD'/>
    <NS0:participatesIn rdf:resource='http://www.daml.org/2001/12/factbook/internationalOrganizations#IFC'/>
    <NS0:participatesIn rdf:resource='http://www.daml.org/2001/12/factbook/internationalOrganizations#IFRCS'/>
    <NS0:participatesIn rdf:resource='http://www.daml.org/2001/12/factbook/internationalOrganizations#ILO'/>
    <NS0:participatesIn rdf:resource='http://www.daml.org/2001/12/factbook/internationalOrganizations#IMF'/>
    <NS0:participatesIn rdf:resource='http://www.daml.org/2001/12/factbook/internationalOrganizations#IMO'/>
    <NS0:participatesIn rdf:resource='http://www.daml.org/2001/12/factbook/internationalOrganizations#Inmarsat'/>
    <NS0:participatesIn rdf:resource='http://www.daml.org/2001/12/factbook/internationalOrganizations#Intelsat'/>
    <NS0:participatesIn rdf:resource='http://www.daml.org/2001/12/factbook/internationalOrganizations#Interpol'/>
    <NS0:participatesIn rdf:resource='http://www.daml.org/2001/12/factbook/internationalOrganizations#IOC'/>
    <NS0:participatesIn rdf:resource='http://www.daml.org/2001/12/factbook/internationalOrganizations#ISO'/>
    <NS0:participatesIn rdf:resource='http://www.daml.org/2001/12/factbook/internationalOrganizations#ITU'/>
    <NS0:participatesIn rdf:resource='http://www.daml.org/2001/12/factbook/internationalOrganizations#MONUC'/>
    <NS0:participatesIn rdf:resource='http://www.daml.org/2001/12/factbook/internationalOrganizations#NAM'/>
    <NS0:participatesIn rdf:resource='http://www.daml.org/2001/12/factbook/internationalOrganizations#OAPEC'/>
    <NS0:participatesIn rdf:resource='http://www.daml.org/2001/12/factbook/internationalOrganizations#OAU'/>
    <NS0:participatesIn rdf:resource='http://www.daml.org/2001/12/factbook/internationalOrganizations#OIC'/>
    <NS0:participatesIn rdf:resource='http://www.daml.org/2001/12/factbook/internationalOrganizations#OPEC'/>
    <NS0:participatesIn rdf:resource='http://www.daml.org/2001/12/factbook/internationalOrganizations#UN'/>
    <NS0:participatesIn rdf:resource='http://www.daml.org/2001/12/factbook/internationalOrganizations#UNCTAD'/>
    <NS0:participatesIn rdf:resource='http://www.daml.org/2001/12/factbook/internationalOrganizations#UNESCO'/>
    <NS0:participatesIn rdf:resource='http://www.daml.org/2001/12/factbook/internationalOrganizations#UNIDO'/>
    <NS0:participatesIn rdf:resource='http://www.daml.org/2001/12/factbook/internationalOrganizations#UPU'/>
    <NS0:participatesIn rdf:resource='http://www.daml.org/2001/12/factbook/internationalOrganizations#WFTU'/>
    <NS0:participatesIn rdf:resource='http://www.daml.org/2001/12/factbook/internationalOrganizations#WHO'/>
    <NS0:participatesIn rdf:resource='http://www.daml.org/2001/12/factbook/internationalOrganizations#WIPO'/>
    <NS0:participatesIn rdf:resource='http://www.daml.org/2001/12/factbook/internationalOrganizations#WMO'/>
    <NS0:participatesIn rdf:resource='http://www.daml.org/2001/12/factbook/internationalOrganizations#WToO'/>
    <NS0:flagDescription>plain green; green is the traditional color of Islam (the state religion)</NS0:flagDescription>
    <NS0:economyOverview>The socialist-oriented economy depends primarily upon revenues from the oil sector, which contributes practically all export earnings and about one-quarter of GDP. These oil revenues and a small population give Libya one of the highest per capita GDPs in Africa, but little of this income flows down to the lower orders of society. In this statist society, import restrictions and inefficient resource allocations have led to periodic shortages of basic goods and foodstuffs. The nonoil manufacturing and construction sectors, which account for about 20% of GDP, have expanded from processing mostly agricultural products to include the production of petrochemicals, iron, steel, and aluminum. Climatic conditions and poor soils severely limit agricultural output, and Libya imports about 75% of its food requirements. Higher oil prices in 1999 and 2000 led to an increase in export revenues, which improved macroeconomic balances and helped to stimulate the economy. Following the suspension of UN sanctions in 1999, Libya has been trying to increase its attractiveness to foreign investors, and several foreign companies have visited in search of contracts.</NS0:economyOverview>
    <NS0:grossDomesticProduct rdf:ID='A63498'>45400000000</NS0:grossDomesticProduct>
    <NS0:grossDomesticProductRealGrowth rdf:ID='A63501'>6.5</NS0:grossDomesticProductRealGrowth>
    <NS0:grossDomesticProductPerCapita rdf:ID='A63504'>8900</NS0:grossDomesticProductPerCapita>
    <NS0:grossDomesticProductAgriculture>7</NS0:grossDomesticProductAgriculture>
    <NS0:grossDomesticProductIndustry>47</NS0:grossDomesticProductIndustry>
    <NS0:grossDomesticProductServices rdf:ID='A63509'>46</NS0:grossDomesticProductServices>
    <NS0:inflationRate rdf:ID='A63512'>18.5</NS0:inflationRate>
    <NS0:laborForce rdf:ID='A63515'>1500000</NS0:laborForce>
    <NS0:occupation rdf:resource='#A63518'/>
    <NS0:occupation rdf:resource='#A63523'/>
    <NS0:occupation rdf:ID='A63532' rdf:resource='#A63528'/>
    <NS0:unemploymentRate rdf:ID='A63535'>30</NS0:unemploymentRate>
    <NS0:budgetRevenues>6850000000</NS0:budgetRevenues>
    <NS0:budgetExpenditures>4400000000</NS0:budgetExpenditures>
    <NS0:industry rdf:resource='http://www.daml.org/2001/12/factbook/industries#petroleum'/>
    <NS0:industry rdf:resource='http://www.daml.org/2001/12/factbook/industries#food_processing'/>
    <NS0:industry rdf:resource='http://www.daml.org/2001/12/factbook/industries#textiles'/>
    <NS0:industry rdf:resource='http://www.daml.org/2001/12/factbook/industries#handicrafts'/>
    <NS0:industry rdf:resource='http://www.daml.org/2001/12/factbook/industries#cement'/>
    <NS0:electricityProduction rdf:ID='A63545'>18900000000</NS0:electricityProduction>
    <NS0:electricityProductionFossilFuel>100</NS0:electricityProductionFossilFuel>
    <NS0:electricityProductionHydro>0</NS0:electricityProductionHydro>
    <NS0:electricityProductionNuclear>0</NS0:electricityProductionNuclear>
    <NS0:electricityProductionOther rdf:ID='A63550'>0</NS0:electricityProductionOther>
    <NS0:electricityConsumption rdf:ID='A63552'>17577000000</NS0:electricityConsumption>
    <NS0:electricityExports rdf:ID='A63554'>0</NS0:electricityExports>
    <NS0:electricityImports rdf:ID='A63556'>0</NS0:electricityImports>
    <NS0:agricultureProduct rdf:resource='http://www.daml.org/2001/12/factbook/agricultureProducts#wheat'/>
    <NS0:agricultureProduct rdf:resource='http://www.daml.org/2001/12/factbook/agricultureProducts#barley'/>
    <NS0:agricultureProduct rdf:resource='http://www.daml.org/2001/12/factbook/agricultureProducts#olives'/>
    <NS0:agricultureProduct rdf:resource='http://www.daml.org/2001/12/factbook/agricultureProducts#dates'/>
    <NS0:agricultureProduct rdf:resource='http://www.daml.org/2001/12/factbook/agricultureProducts#citrus'/>
    <NS0:agricultureProduct rdf:resource='http://www.daml.org/2001/12/factbook/agricultureProducts#vegetables'/>
    <NS0:agricultureProduct rdf:resource='http://www.daml.org/2001/12/factbook/agricultureProducts#peanuts'/>
    <NS0:agricultureProduct rdf:resource='http://www.daml.org/2001/12/factbook/agricultureProducts#soybeans'/>
    <NS0:agricultureProduct rdf:resource='http://www.daml.org/2001/12/factbook/agricultureProducts#cattle'/>
    <NS0:exports rdf:ID='A63567'>13900000000</NS0:exports>
    <NS0:exportsCommodity rdf:resource='#A63570'/>
    <NS0:exportsCommodity rdf:resource='#A63574'/>
    <NS0:imports rdf:ID='A63578'>7600000000</NS0:imports>
    <NS0:importsCommodity rdf:resource='#A63581'/>
    <NS0:importsCommodity rdf:resource='#A63585'/>
    <NS0:importsCommodity rdf:resource='#A63589'/>
    <NS0:importsCommodity rdf:resource='#A63593'/>
    <NS0:externalDebt rdf:ID='A63597'>4099999999</NS0:externalDebt>
    <NS0:economicAidRecipient rdf:ID='A63600'>8400000</NS0:economicAidRecipient>
    <NS0:currency>Libyan dinar (LYD)</NS0:currency>
    <NS0:currencyCode>LYD</NS0:currencyCode>
    <NS0:fiscalYear>calendar year</NS0:fiscalYear>
    <NS0:mainTelephoneLines rdf:ID='A63605'>380000</NS0:mainTelephoneLines>
    <NS0:telephoneSystemGeneralAssessment>telecommunications system is being modernized; mobile cellular telephone system became operational in 1996</NS0:telephoneSystemGeneralAssessment>
    <NS0:telephoneSystemDomestic>microwave radio relay, coaxial cable, cellular, tropospheric scatter, and a domestic satellite system with 14 earth stations</NS0:telephoneSystemDomestic>
    <NS0:telephoneSystemInternational>satellite earth stations - 4 Intelsat, NA Arabsat, and NA Intersputnik; submarine cables to France and Italy; microwave radio relay to Tunisia and Egypt; tropospheric scatter to Greece; participant in Medarabtel (1999)</NS0:telephoneSystemInternational>
    <NS0:radios rdf:ID='A63610'>1350000</NS0:radios>
    <NS0:televisions rdf:ID='A63612'>730000</NS0:televisions>
    <NS0:internetCountryCode>.ly</NS0:internetCountryCode>
    <NS0:internetServiceProviders rdf:ID='A63615'>1</NS0:internetServiceProviders>
    <NS0:internetUsers rdf:ID='A63617'>7500</NS0:internetUsers>
    <NS0:highwaysTotal>24484</NS0:highwaysTotal>
    <NS0:highwaysPaved>6800</NS0:highwaysPaved>
    <NS0:highwaysUnpaved rdf:ID='A63621'>17684</NS0:highwaysUnpaved>
    <NS0:port rdf:resource='#A63623'/>
    <NS0:port rdf:resource='#A63627'/>
    <NS0:port rdf:resource='#A63631'/>
    <NS0:port rdf:resource='#A63635'/>
    <NS0:port rdf:resource='#A63639'/>
    <NS0:port rdf:resource='#A63643'/>
    <NS0:port rdf:resource='#A63647'/>
    <NS0:port rdf:resource='#A63651'/>
    <NS0:port rdf:resource='#A63655'/>
    <NS0:airports rdf:ID='A63659'>136</NS0:airports>
    <NS0:airportBreakdown rdf:resource='#A63662'/>
    <NS0:airportBreakdown rdf:resource='#A63668'/>
    <NS0:airportBreakdown rdf:resource='#A63675'/>
    <NS0:airportBreakdown rdf:resource='#A63682'/>
    <NS0:airportBreakdown rdf:resource='#A63689'/>
    <NS0:airportBreakdown rdf:resource='#A63695'/>
    <NS0:airportBreakdown rdf:resource='#A63701'/>
    <NS0:airportBreakdown rdf:resource='#A63708'/>
    <NS0:airportBreakdown rdf:resource='#A63715'/>
    <NS0:airportBreakdown rdf:resource='#A63722'/>
    <NS0:militaryAge>17</NS0:militaryAge>
    <NS0:malesOfMilitaryAge rdf:ID='A63729'>1459400</NS0:malesOfMilitaryAge>
    <NS0:malesFitForMilitaryService rdf:ID='A63732'>866012</NS0:malesFitForMilitaryService>
    <NS0:malesReachingMilitaryAgeAnnually rdf:ID='A63735'>61694</NS0:malesReachingMilitaryAgeAnnually>
    <NS0:militaryExpenditures rdf:ID='A63738'>1300000000</NS0:militaryExpenditures>
    <NS0:militaryExpendituresPercentGDP rdf:ID='A63740'>3.9</NS0:militaryExpendituresPercentGDP>
    <NS0:internationalDispute>Libya claims about 19,400 sq km in northern Niger and also a part of southeastern Algeria</NS0:internationalDispute>
    <NS0:smallFlag>http://www.cia.gov/cia/publications/factbook/flags/ly-flag.jpg</NS0:smallFlag>
    <NS0:largeFlag>http://www.cia.gov/cia/publications/factbook/flags/ly-lgflag.jpg</NS0:largeFlag>
    <NS0:map>http://www.cia.gov/cia/publications/factbook/maps/ly-map.jpg</NS0:map>
    <NS0:border rdf:resource='#A125677'/>
    <NS0:border rdf:resource='#A125682'/>
    <NS0:border rdf:resource='#A125687'/>
    <NS0:border rdf:resource='#A125692'/>
    <NS0:border rdf:resource='#A125697'/>
    <NS0:border rdf:resource='#A125702'/>
    <NS0:exportPartner rdf:resource='#A125707'/>
    <NS0:exportPartner rdf:resource='#A125712'/>
    <NS0:exportPartner rdf:resource='#A125717'/>
    <NS0:exportPartner rdf:resource='#A125722'/>
    <NS0:exportPartner rdf:resource='#A125727'/>
    <NS0:exportPartner rdf:ID='A125736' rdf:resource='#A125732'/>
    <NS0:importPartner rdf:resource='#A125738'/>
    <NS0:importPartner rdf:resource='#A125743'/>
    <NS0:importPartner rdf:resource='#A125748'/>
    <NS0:importPartner rdf:resource='#A125753'/>
    <NS0:importPartner rdf:resource='#A125758'/>
    <NS0:importPartner rdf:ID='A125767' rdf:resource='#A125763'/>
  </rdf:Description>
  <rdf:Description rdf:about='#A63269'>
    <rdf:type rdf:resource='http://www.daml.org/2001/12/factbook/factbook-ont#EthnicGroupPercent'/>
    <NS0:ethnicGroup rdf:resource='http://www.daml.org/2001/12/factbook/ethnicGroups#Berber_and_Arab'/>
    <NS0:percent>97</NS0:percent>
  </rdf:Description>
  <rdf:Description rdf:about='#A63200'>
    <rdf:type rdf:resource='http://www.daml.org/2001/12/factbook/factbook-ont#Estimate'/>
    <NS0:year>1993</NS0:year>
  </rdf:Description>
  <rdf:Description rdf:about='#A63729'>
    <rdf:type rdf:resource='http://www.daml.org/2001/12/factbook/factbook-ont#Estimate'/>
    <NS0:year>2001</NS0:year>
  </rdf:Description>
  <rdf:Description rdf:about='#A63647'>
    <rdf:type rdf:resource='http://www.daml.org/2001/12/factbook/factbook-ont#Port'/>
    <NS0:name>Tobruk</NS0:name>
  </rdf:Description>
  <rdf:Description rdf:about='#A125722'>
    <rdf:type rdf:resource='http://www.daml.org/2001/12/factbook/factbook-ont#CountryPercent'/>
    <NS0:country rdf:resource='http://www.daml.org/2001/09/countries/fips#FR'/>
    <NS0:percent>5</NS0:percent>
  </rdf:Description>
  <rdf:Description rdf:about='#A63261'>
    <rdf:type rdf:resource='http://www.daml.org/2001/12/factbook/factbook-ont#Estimate'/>
    <NS0:year>2001</NS0:year>
  </rdf:Description>
  <rdf:Description rdf:about='#A63643'>
    <rdf:type rdf:resource='http://www.daml.org/2001/12/factbook/factbook-ont#Port'/>
    <NS0:name>Ra&apos;s Lanuf</NS0:name>
  </rdf:Description>
  <rdf:Description rdf:about='#A125717'>
    <rdf:type rdf:resource='http://www.daml.org/2001/12/factbook/factbook-ont#CountryPercent'/>
    <NS0:country rdf:resource='http://www.daml.org/2001/09/countries/fips#SP'/>
    <NS0:percent>10</NS0:percent>
  </rdf:Description>
  <rdf:Description rdf:about='#A63639'>
    <rdf:type rdf:resource='http://www.daml.org/2001/12/factbook/factbook-ont#Port'/>
    <NS0:name>Misratah</NS0:name>
  </rdf:Description>
  <rdf:Description rdf:about='#A125712'>
    <rdf:type rdf:resource='http://www.daml.org/2001/12/factbook/factbook-ont#CountryPercent'/>
    <NS0:country rdf:resource='http://www.daml.org/2001/09/countries/fips#GM'/>
    <NS0:percent>24</NS0:percent>
  </rdf:Description>
  <rdf:Description rdf:about='#A63255'>
    <rdf:type rdf:resource='http://www.daml.org/2001/12/factbook/factbook-ont#SexRatioBreakdown'/>
    <NS0:ratio>1.06</NS0:ratio>
  </rdf:Description>
  <rdf:Description rdf:about='#A63612'>
    <NS0:year>1997</NS0:year>
  </rdf:Description>
  <rdf:Description rdf:about='#A63635'>
    <rdf:type rdf:resource='http://www.daml.org/2001/12/factbook/factbook-ont#Port'/>
    <NS0:name>Marsa al Burayqah</NS0:name>
  </rdf:Description>
  <rdf:Description rdf:about='#A63443'>
    <rdf:type rdf:resource='#Municipality'/>
    <NS0:name>Zlitan</NS0:name>
  </rdf:Description>
  <rdf:Description rdf:about='#A63512'>
    <rdf:type rdf:resource='http://www.daml.org/2001/12/factbook/factbook-ont#Estimate'/>
    <NS0:year>2000</NS0:year>
  </rdf:Description>
  <rdf:Description rdf:about='#A125707'>
    <rdf:type rdf:resource='http://www.daml.org/2001/12/factbook/factbook-ont#CountryPercent'/>
    <NS0:country rdf:resource='http://www.daml.org/2001/09/countries/fips#IT'/>
    <NS0:percent>33</NS0:percent>
  </rdf:Description>
  <rdf:Description rdf:about='#A63250'>
    <rdf:type rdf:resource='http://www.daml.org/2001/12/factbook/factbook-ont#SexRatioBreakdown'/>
    <NS0:minAge>65</NS0:minAge>
    <NS0:ratio>0.97</NS0:ratio>
  </rdf:Description>
  <rdf:Description rdf:about='#A63631'>
    <rdf:type rdf:resource='http://www.daml.org/2001/12/factbook/factbook-ont#Port'/>
    <NS0:name>Darnah</NS0:name>
  </rdf:Description>
  <rdf:Description rdf:about='#A63439'>
    <rdf:type rdf:resource='#Municipality'/>
    <NS0:name>Yafran</NS0:name>
  </rdf:Description>
  <rdf:Description rdf:about='#A63545'>
    <NS0:year>1999</NS0:year>
  </rdf:Description>
  <rdf:Description rdf:about='#A125702'>
    <rdf:type rdf:resource='http://www.daml.org/2001/12/factbook/factbook-ont#Border'/>
    <NS0:country rdf:resource='http://www.daml.org/2001/09/countries/fips#TS'/>
    <NS0:distance>459</NS0:distance>
  </rdf:Description>
  <rdf:Description rdf:about='#A63627'>
    <rdf:type rdf:resource='http://www.daml.org/2001/12/factbook/factbook-ont#Port'/>
    <NS0:name>Banghazi</NS0:name>
  </rdf:Description>
  <rdf:Description rdf:about='#A63435'>
    <rdf:type rdf:resource='#Municipality'/>
    <NS0:name>Tubruq</NS0:name>
  </rdf:Description>
  <rdf:Description rdf:about='#A63244'>
    <rdf:type rdf:resource='http://www.daml.org/2001/12/factbook/factbook-ont#SexRatioBreakdown'/>
    <NS0:minAge>15</NS0:minAge>
    <NS0:maxAge>64</NS0:maxAge>
    <NS0:ratio>1.07</NS0:ratio>
  </rdf:Description>
  <rdf:Description rdf:about='#A63623'>
    <rdf:type rdf:resource='http://www.daml.org/2001/12/factbook/factbook-ont#Port'/>
    <NS0:name>Al Khums</NS0:name>
  </rdf:Description>
  <rdf:Description rdf:about='#A125697'>
    <rdf:type rdf:resource='http://www.daml.org/2001/12/factbook/factbook-ont#Border'/>
    <NS0:country rdf:resource='http://www.daml.org/2001/09/countries/fips#SU'/>
    <NS0:distance>383</NS0:distance>
  </rdf:Description>
  <rdf:Description rdf:about='#A63431'>
    <rdf:type rdf:resource='#Municipality'/>
    <NS0:name>Tarhunah</NS0:name>
  </rdf:Description>
  <rdf:Description rdf:about='#A63226'>
    <rdf:type rdf:resource='http://www.daml.org/2001/12/factbook/factbook-ont#Estimate'/>
    <NS0:year>2001</NS0:year>
  </rdf:Description>
  <rdf:Description rdf:about='#A63238'>
    <rdf:type rdf:resource='http://www.daml.org/2001/12/factbook/factbook-ont#SexRatioBreakdown'/>
    <NS0:minAge>0</NS0:minAge>
    <NS0:maxAge>14</NS0:maxAge>
    <NS0:ratio>1.04</NS0:ratio>
  </rdf:Description>
  <rdf:Description rdf:about='#A63427'>
    <rdf:type rdf:resource='#Municipality'/>
    <NS0:name>Tarabulus</NS0:name>
  </rdf:Description>
  <rdf:Description rdf:about='#A125692'>
    <rdf:type rdf:resource='http://www.daml.org/2001/12/factbook/factbook-ont#Border'/>
    <NS0:country rdf:resource='http://www.daml.org/2001/09/countries/fips#NG'/>
    <NS0:distance>354</NS0:distance>
  </rdf:Description>
  <rdf:Description rdf:about='#A63232'>
    <rdf:type rdf:resource='http://www.daml.org/2001/12/factbook/factbook-ont#SexRatioBreakdown'/>
    <NS0:minAge>0</NS0:minAge>
    <NS0:maxAge>0</NS0:maxAge>
    <NS0:ratio>1.05</NS0:ratio>
  </rdf:Description>
  <rdf:Description rdf:about='#A63423'>
    <rdf:type rdf:resource='#Municipality'/>
    <NS0:name>Surt</NS0:name>
  </rdf:Description>
  <rdf:Description rdf:about='#A125687'>
    <rdf:type rdf:resource='http://www.daml.org/2001/12/factbook/factbook-ont#Border'/>
    <NS0:country rdf:resource='http://www.daml.org/2001/09/countries/fips#EG'/>
    <NS0:distance>1150</NS0:distance>
  </rdf:Description>
  <rdf:Description rdf:about='#A63419'>
    <rdf:type rdf:resource='#Municipality'/>
    <NS0:name>Sawfajjin</NS0:name>
  </rdf:Description>
  <rdf:Description rdf:about='#A63532'>
    <rdf:type rdf:resource='http://www.daml.org/2001/12/factbook/factbook-ont#Estimate'/>
    <NS0:year>1997</NS0:year>
  </rdf:Description>
  <rdf:Description rdf:about='#A125682'>
    <rdf:type rdf:resource='http://www.daml.org/2001/12/factbook/factbook-ont#Border'/>
    <NS0:country rdf:resource='http://www.daml.org/2001/09/countries/fips#CD'/>
    <NS0:distance>1055</NS0:distance>
  </rdf:Description>
  <rdf:Description rdf:about='#A63415'>
    <rdf:type rdf:resource='#Municipality'/>
    <NS0:name>Sabha</NS0:name>
  </rdf:Description>
  <rdf:Description rdf:about='#A63330'>
    <rdf:type rdf:resource='http://www.daml.org/2001/12/factbook/factbook-ont#Estimate'/>
    <NS0:year>1995</NS0:year>
  </rdf:Description>
  <rdf:Description rdf:about='#A63550'>
    <NS0:year>1999</NS0:year>
  </rdf:Description>
  <rdf:Description rdf:about='#A63504'>
    <rdf:type rdf:resource='http://www.daml.org/2001/12/factbook/factbook-ont#Estimate'/>
    <NS0:year>2000</NS0:year>
  </rdf:Description>
</rdf:RDF>
