<?xml version='1.0' encoding='ISO-8859-1'?>
<rdf:RDF
  xmlns:rdf='http://www.w3.org/1999/02/22-rdf-syntax-ns#'
  xmlns:NS0='http://www.daml.org/2001/12/factbook/factbook-ont#'
  xml:base="http://www.daml.org/2001/12/factbook/mb">
  <rdf:Description rdf:about='#A64365'>
    <rdf:type rdf:resource='http://www.daml.org/2001/12/factbook/factbook-ont#LanguagePercent'/>
    <NS0:language rdf:resource='http://www.daml.org/2001/12/factbook/languages#French'/>
  </rdf:Description>
  <rdf:Description rdf:about='#A64523'>
    <NS0:year>2000</NS0:year>
  </rdf:Description>
  <rdf:Description rdf:about='#A126438'>
    <rdf:type rdf:resource='http://www.daml.org/2001/12/factbook/factbook-ont#CountryPercent'/>
    <NS0:country rdf:resource='http://www.daml.org/2001/09/countries/fips#IT'/>
    <NS0:percent>4</NS0:percent>
  </rdf:Description>
  <rdf:Description rdf:about='#A64360'>
    <rdf:type rdf:resource='http://www.daml.org/2001/12/factbook/factbook-ont#ReligionPercent'/>
    <NS0:religion rdf:resource='http://www.daml.org/2001/12/factbook/religions#Hindu_and_pagan_African'/>
    <NS0:percent>5</NS0:percent>
  </rdf:Description>
  <rdf:Description rdf:about='#A126433'>
    <rdf:type rdf:resource='http://www.daml.org/2001/12/factbook/factbook-ont#CountryPercent'/>
    <NS0:country rdf:resource='http://www.daml.org/2001/09/countries/fips#GM'/>
    <NS0:percent>4</NS0:percent>
  </rdf:Description>
  <rdf:Description rdf:about='#A64355'>
    <rdf:type rdf:resource='http://www.daml.org/2001/12/factbook/factbook-ont#ReligionPercent'/>
    <NS0:religion rdf:resource='http://www.daml.org/2001/12/factbook/religions#Roman_Catholic'/>
    <NS0:percent>95</NS0:percent>
  </rdf:Description>
  <rdf:Description rdf:about='#A64544'>
    <rdf:type rdf:resource='http://www.daml.org/2001/12/factbook/factbook-ont#AirportBreakdown'/>
    <NS0:paved>false</NS0:paved>
    <NS0:maxRunway>913</NS0:maxRunway>
    <NS0:count>1 (2000 est.)</NS0:count>
  </rdf:Description>
  <rdf:Description rdf:about='#A126428'>
    <rdf:type rdf:resource='http://www.daml.org/2001/12/factbook/factbook-ont#CountryPercent'/>
    <NS0:country rdf:resource='http://www.daml.org/2001/09/countries/fips#VE'/>
    <NS0:percent>6</NS0:percent>
  </rdf:Description>
  <rdf:Description rdf:about='#A64350'>
    <rdf:type rdf:resource='http://www.daml.org/2001/12/factbook/factbook-ont#EthnicGroupPercent'/>
    <NS0:ethnicGroup rdf:resource='http://www.daml.org/2001/12/factbook/ethnicGroups#Chinese_less_than'/>
    <NS0:percent>5</NS0:percent>
  </rdf:Description>
  <rdf:Description rdf:about='#A64433'>
    <NS0:year>1996</NS0:year>
  </rdf:Description>
  <rdf:Description rdf:about='#A126423'>
    <rdf:type rdf:resource='http://www.daml.org/2001/12/factbook/factbook-ont#CountryPercent'/>
    <NS0:country rdf:resource='http://www.daml.org/2001/09/countries/fips#FR'/>
    <NS0:percent>62</NS0:percent>
  </rdf:Description>
  <rdf:Description rdf:about='#A64538'>
    <rdf:type rdf:resource='http://www.daml.org/2001/12/factbook/factbook-ont#AirportBreakdown'/>
    <NS0:paved>true</NS0:paved>
    <NS0:minRunway>3048</NS0:minRunway>
    <NS0:count>1 (2000 est.)</NS0:count>
  </rdf:Description>
  <rdf:Description rdf:about='#A64346'>
    <rdf:type rdf:resource='http://www.daml.org/2001/12/factbook/factbook-ont#EthnicGroupPercent'/>
    <NS0:ethnicGroup rdf:resource='http://www.daml.org/2001/12/factbook/ethnicGroups#East_Indian'/>
  </rdf:Description>
  <rdf:Description rdf:about='#A64429'>
    <NS0:year>1998</NS0:year>
  </rdf:Description>
  <rdf:Description rdf:about='#A126417'>
    <rdf:type rdf:resource='http://www.daml.org/2001/12/factbook/factbook-ont#CountryPercent'/>
    <NS0:country rdf:resource='http://www.daml.org/2001/09/countries/fips#GP'/>
    <NS0:percent>28</NS0:percent>
  </rdf:Description>
  <rdf:Description rdf:about='#A64341'>
    <rdf:type rdf:resource='http://www.daml.org/2001/12/factbook/factbook-ont#EthnicGroupPercent'/>
    <NS0:ethnicGroup rdf:resource='http://www.daml.org/2001/12/factbook/ethnicGroups#white'/>
    <NS0:percent>5</NS0:percent>
  </rdf:Description>
  <rdf:Description rdf:about='#A64531'>
    <rdf:type rdf:resource='http://www.daml.org/2001/12/factbook/factbook-ont#Port'/>
    <NS0:name>La Trinite</NS0:name>
  </rdf:Description>
  <rdf:Description rdf:about='#A64411'>
    <NS0:year>1997</NS0:year>
  </rdf:Description>
  <rdf:Description rdf:about='#A64460'>
    <NS0:note>f.o.b., 1997</NS0:note>
  </rdf:Description>
  <rdf:Description rdf:about='#A126412'>
    <rdf:type rdf:resource='http://www.daml.org/2001/12/factbook/factbook-ont#CountryPercent'/>
    <NS0:country rdf:resource='http://www.daml.org/2001/09/countries/fips#FR'/>
    <NS0:percent>45</NS0:percent>
  </rdf:Description>
  <rdf:Description rdf:about='#A64527'>
    <rdf:type rdf:resource='http://www.daml.org/2001/12/factbook/factbook-ont#Port'/>
    <NS0:name>Fort-de-France</NS0:name>
  </rdf:Description>
  <rdf:Description rdf:about='#A64336'>
    <rdf:type rdf:resource='http://www.daml.org/2001/12/factbook/factbook-ont#EthnicGroupPercent'/>
    <NS0:ethnicGroup rdf:resource='http://www.daml.org/2001/12/factbook/ethnicGroups#African_and_African-white-Indian_mixture'/>
    <NS0:percent>90</NS0:percent>
  </rdf:Description>
  <rdf:Description rdf:about='#A64322'>
    <rdf:type rdf:resource='http://www.daml.org/2001/12/factbook/factbook-ont#SexRatioBreakdown'/>
    <NS0:ratio>0.98</NS0:ratio>
  </rdf:Description>
  <rdf:Description rdf:about='#A64509'>
    <NS0:year>1997</NS0:year>
  </rdf:Description>
  <rdf:Description rdf:about='#A64317'>
    <rdf:type rdf:resource='http://www.daml.org/2001/12/factbook/factbook-ont#SexRatioBreakdown'/>
    <NS0:minAge>65</NS0:minAge>
    <NS0:ratio>0.8</NS0:ratio>
  </rdf:Description>
  <rdf:Description rdf:about='#A64427'>
    <NS0:year>1997</NS0:year>
  </rdf:Description>
  <rdf:Description rdf:about='#A64325'>
    <rdf:type rdf:resource='http://www.daml.org/2001/12/factbook/factbook-ont#Estimate'/>
    <NS0:year>2001</NS0:year>
  </rdf:Description>
  <rdf:Description rdf:about='#A64311'>
    <rdf:type rdf:resource='http://www.daml.org/2001/12/factbook/factbook-ont#SexRatioBreakdown'/>
    <NS0:minAge>15</NS0:minAge>
    <NS0:maxAge>64</NS0:maxAge>
    <NS0:ratio>0.99</NS0:ratio>
  </rdf:Description>
  <rdf:Description rdf:about='#A64500'>
    <rdf:type rdf:resource='http://www.daml.org/2001/12/factbook/factbook-ont#CommodityPercent'/>
    <NS0:importsCommodity rdf:resource='http://www.daml.org/2001/12/factbook/commodities#clothing_and_other_consumer_goods'/>
  </rdf:Description>
  <rdf:Description rdf:about='#A64496'>
    <rdf:type rdf:resource='http://www.daml.org/2001/12/factbook/factbook-ont#CommodityPercent'/>
    <NS0:importsCommodity rdf:resource='http://www.daml.org/2001/12/factbook/commodities#vehicles'/>
  </rdf:Description>
  <rdf:Description rdf:about='#A126447'>
    <NS0:note>1997</NS0:note>
  </rdf:Description>
  <rdf:Description rdf:about='#A64305'>
    <rdf:type rdf:resource='http://www.daml.org/2001/12/factbook/factbook-ont#SexRatioBreakdown'/>
    <NS0:minAge>0</NS0:minAge>
    <NS0:maxAge>14</NS0:maxAge>
    <NS0:ratio>1.03</NS0:ratio>
  </rdf:Description>
  <rdf:Description rdf:about='#A64328'>
    <rdf:type rdf:resource='http://www.daml.org/2001/12/factbook/factbook-ont#Estimate'/>
    <NS0:year>2001</NS0:year>
  </rdf:Description>
  <rdf:Description rdf:about='#A64406'>
    <rdf:type rdf:resource='http://www.daml.org/2001/12/factbook/factbook-ont#Estimate'/>
    <NS0:year>1997</NS0:year>
  </rdf:Description>
  <rdf:Description rdf:about='#A64492'>
    <rdf:type rdf:resource='http://www.daml.org/2001/12/factbook/factbook-ont#CommodityPercent'/>
    <NS0:importsCommodity rdf:resource='http://www.daml.org/2001/12/factbook/commodities#construction_materials'/>
  </rdf:Description>
  <rdf:Description rdf:about='#A64452'>
    <NS0:year>1999</NS0:year>
  </rdf:Description>
  <rdf:Description rdf:about='#A64284'>
    <rdf:type rdf:resource='http://www.daml.org/2001/12/factbook/factbook-ont#Estimate'/>
    <NS0:note>July 2001</NS0:note>
  </rdf:Description>
  <rdf:Description rdf:about='#A64299'>
    <rdf:type rdf:resource='http://www.daml.org/2001/12/factbook/factbook-ont#SexRatioBreakdown'/>
    <NS0:minAge>0</NS0:minAge>
    <NS0:maxAge>0</NS0:maxAge>
    <NS0:ratio>1.02</NS0:ratio>
  </rdf:Description>
  <rdf:Description rdf:about='#A64488'>
    <rdf:type rdf:resource='http://www.daml.org/2001/12/factbook/factbook-ont#CommodityPercent'/>
    <NS0:importsCommodity rdf:resource='http://www.daml.org/2001/12/factbook/commodities#foodstuffs'/>
  </rdf:Description>
  <rdf:Description rdf:about='#A64401'>
    <rdf:type rdf:resource='http://www.daml.org/2001/12/factbook/factbook-ont#Estimate'/>
    <NS0:year>1997</NS0:year>
  </rdf:Description>
  <rdf:Description rdf:about='#A64484'>
    <rdf:type rdf:resource='http://www.daml.org/2001/12/factbook/factbook-ont#CommodityPercent'/>
    <NS0:importsCommodity rdf:resource='http://www.daml.org/2001/12/factbook/commodities#crude_oil'/>
  </rdf:Description>
  <rdf:Description rdf:about='#A64279'>
    <rdf:type rdf:resource='http://www.daml.org/2001/12/factbook/factbook-ont#Estimate'/>
    <NS0:year>1993</NS0:year>
  </rdf:Description>
  <rdf:Description rdf:about='#A64535'>
    <rdf:type rdf:resource='http://www.daml.org/2001/12/factbook/factbook-ont#Estimate'/>
    <NS0:year>2000</NS0:year>
  </rdf:Description>
  <rdf:Description rdf:about='#A64480'>
    <rdf:type rdf:resource='http://www.daml.org/2001/12/factbook/factbook-ont#CommodityPercent'/>
    <NS0:importsCommodity rdf:resource='http://www.daml.org/2001/12/factbook/commodities#petroleum_products'/>
  </rdf:Description>
  <rdf:Description rdf:about='#A64441'>
    <NS0:year>1999</NS0:year>
  </rdf:Description>
  <rdf:Description rdf:about='#A64474'>
    <rdf:type rdf:resource='http://www.daml.org/2001/12/factbook/factbook-ont#CommodityPercent'/>
    <NS0:exportsCommodity rdf:resource='http://www.daml.org/2001/12/factbook/commodities#pineapples'/>
  </rdf:Description>
  <rdf:Description rdf:about='#A64521'>
    <NS0:year>2000</NS0:year>
  </rdf:Description>
  <rdf:Description rdf:about='#A64470'>
    <rdf:type rdf:resource='http://www.daml.org/2001/12/factbook/factbook-ont#CommodityPercent'/>
    <NS0:exportsCommodity rdf:resource='http://www.daml.org/2001/12/factbook/commodities#rum'/>
  </rdf:Description>
  <rdf:Description rdf:about='#A64466'>
    <rdf:type rdf:resource='http://www.daml.org/2001/12/factbook/factbook-ont#CommodityPercent'/>
    <NS0:exportsCommodity rdf:resource='http://www.daml.org/2001/12/factbook/commodities#bananas'/>
  </rdf:Description>
  <rdf:Description rdf:about='#A64462'>
    <rdf:type rdf:resource='http://www.daml.org/2001/12/factbook/factbook-ont#CommodityPercent'/>
    <NS0:exportsCommodity rdf:resource='http://www.daml.org/2001/12/factbook/commodities#refined_petroleum_products'/>
  </rdf:Description>
  <rdf:Description rdf:about='#A64276'>
    <rdf:type rdf:resource='http://www.daml.org/2001/12/factbook/factbook-ont#Estimate'/>
    <NS0:year>1993</NS0:year>
  </rdf:Description>
  <rdf:Description rdf:about='#A64450'>
    <NS0:year>1999</NS0:year>
  </rdf:Description>
  <rdf:Description rdf:about='#A64265'>
    <rdf:type rdf:resource='http://www.daml.org/2001/12/factbook/factbook-ont#ElevationExtreme'/>
    <NS0:name>Montagne Pelee</NS0:name>
    <NS0:elevation>1397</NS0:elevation>
  </rdf:Description>
  <rdf:Description rdf:about='#A64260'>
    <rdf:type rdf:resource='http://www.daml.org/2001/12/factbook/factbook-ont#ElevationExtreme'/>
    <NS0:name>Caribbean Sea</NS0:name>
    <NS0:elevation>0</NS0:elevation>
  </rdf:Description>
  <rdf:Description rdf:about='#A64290'>
    <rdf:type rdf:resource='http://www.daml.org/2001/12/factbook/factbook-ont#Estimate'/>
    <NS0:year>2001</NS0:year>
  </rdf:Description>
  <rdf:Description rdf:about='#A64245'>
    <rdf:type rdf:resource='http://www.daml.org/2001/12/factbook/factbook-ont#LatLon'/>
    <NS0:latitude>14.666666666666666</NS0:latitude>
    <NS0:longitude>-61.0</NS0:longitude>
  </rdf:Description>
  <rdf:Description rdf:about='#A64409'>
    <NS0:year>1990</NS0:year>
  </rdf:Description>
  <rdf:Description rdf:about='#A64331'>
    <rdf:type rdf:resource='http://www.daml.org/2001/12/factbook/factbook-ont#Estimate'/>
    <NS0:year>2001</NS0:year>
  </rdf:Description>
  <rdf:Description rdf:about='#A64423'>
    <rdf:type rdf:resource='http://www.daml.org/2001/12/factbook/factbook-ont#OccupationPercent'/>
    <NS0:occupation rdf:resource='http://www.daml.org/2001/12/factbook/occupations#services'/>
    <NS0:percent>73</NS0:percent>
  </rdf:Description>
  <rdf:Description rdf:about='http://www.daml.org/2001/09/countries/fips#MB'>
    <NS0:background>Colonized by France in 1635, the island has subsequently remained a French possession except for three brief periods of foreign occupation.</NS0:background>
    <NS0:location>Caribbean, island in the Caribbean Sea, north of Trinidad and Tobago</NS0:location>
    <NS0:geographicCoordinates rdf:resource='#A64245'/>
    <NS0:mapReferences>Central America and the Caribbean</NS0:mapReferences>
    <NS0:totalArea>1100</NS0:totalArea>
    <NS0:landArea>1060</NS0:landArea>
    <NS0:waterArea>40</NS0:waterArea>
    <NS0:comparativeArea>slightly more than six times the size of Washington, DC</NS0:comparativeArea>
    <NS0:coastline>350</NS0:coastline>
    <NS0:exclusiveEconomicZone>200</NS0:exclusiveEconomicZone>
    <NS0:territorialSea>12</NS0:territorialSea>
    <NS0:climate>tropical; moderated by trade winds; rainy season (June to October); vulnerable to devastating cyclones (hurricanes) every eight years on average; average temperature 17.3 degrees C; humid</NS0:climate>
    <NS0:terrain>mountainous with indented coastline; dormant volcano</NS0:terrain>
    <NS0:lowestPoint rdf:resource='#A64260'/>
    <NS0:highestPoint rdf:resource='#A64265'/>
    <NS0:naturalResource rdf:resource='http://www.daml.org/2001/12/factbook/naturalResources#coastal_scenery_and_beaches'/>
    <NS0:naturalResource rdf:resource='http://www.daml.org/2001/12/factbook/naturalResources#cultivable_land'/>
    <NS0:arableLand>8</NS0:arableLand>
    <NS0:permanentCrops>8</NS0:permanentCrops>
    <NS0:permanentPastures>17</NS0:permanentPastures>
    <NS0:forestsAndWoodland>44</NS0:forestsAndWoodland>
    <NS0:otherLandUse rdf:ID='A64276'>23</NS0:otherLandUse>
    <NS0:irrigatedLand rdf:ID='A64279'>40</NS0:irrigatedLand>
    <NS0:naturalHazard>hurricanes, flooding, and volcanic activity</NS0:naturalHazard>
    <NS0:environmentalIssue>NA</NS0:environmentalIssue>
    <NS0:population rdf:ID='A64284'>418454</NS0:population>
    <NS0:populationGrowthRate rdf:ID='A64287'>0.93</NS0:populationGrowthRate>
    <NS0:birthRate rdf:ID='A64290'>15.76</NS0:birthRate>
    <NS0:deathRate rdf:ID='A64293'>6.39</NS0:deathRate>
    <NS0:netMigrationRate rdf:ID='A64296'>-0.08</NS0:netMigrationRate>
    <NS0:sexRatio rdf:resource='#A64299'/>
    <NS0:sexRatio rdf:resource='#A64305'/>
    <NS0:sexRatio rdf:resource='#A64311'/>
    <NS0:sexRatio rdf:resource='#A64317'/>
    <NS0:sexRatio rdf:ID='A64325' rdf:resource='#A64322'/>
    <NS0:infantMortalityRate rdf:ID='A64328'>7.8</NS0:infantMortalityRate>
    <NS0:totalFertilityRate rdf:ID='A64331'>1.8</NS0:totalFertilityRate>
    <NS0:nationalityNoun>Martiniquais (singular and plural)</NS0:nationalityNoun>
    <NS0:nationalityAdjective>Martiniquais</NS0:nationalityAdjective>
    <NS0:ethnicGroup rdf:resource='#A64336'/>
    <NS0:ethnicGroup rdf:resource='#A64341'/>
    <NS0:ethnicGroup rdf:resource='#A64346'/>
    <NS0:ethnicGroup rdf:resource='#A64350'/>
    <NS0:religion rdf:resource='#A64355'/>
    <NS0:religion rdf:resource='#A64360'/>
    <NS0:language rdf:resource='#A64365'/>
    <NS0:language rdf:resource='#A64369'/>
    <NS0:literacyDefinition>age 15 and over can read and write</NS0:literacyDefinition>
    <NS0:literacyTotal>93</NS0:literacyTotal>
    <NS0:literacyMale>92</NS0:literacyMale>
    <NS0:literacyFemale rdf:ID='A64376'>93</NS0:literacyFemale>
    <NS0:conventionalLongCountryName>Department of Martinique</NS0:conventionalLongCountryName>
    <NS0:conventionalShortCountryName>Martinique</NS0:conventionalShortCountryName>
    <NS0:localLongCountryName>Departement de la Martinique</NS0:localLongCountryName>
    <NS0:localShortCountryName>Martinique</NS0:localShortCountryName>
    <NS0:dependencyStatus>overseas department of France</NS0:dependencyStatus>
    <NS0:governmentType rdf:resource='http://www.daml.org/2001/12/factbook/governmentTypes#NA'/>
    <NS0:capital rdf:resource='#A64385'/>
    <NS0:independence>none (overseas department of France)</NS0:independence>
    <NS0:constitution>28 September 1958 (French Constitution)</NS0:constitution>
    <NS0:legalSystem>French legal system</NS0:legalSystem>
    <NS0:suffrage>18 years of age; universal</NS0:suffrage>
    <NS0:participatesIn rdf:resource='http://www.daml.org/2001/12/factbook/internationalOrganizations#FZ'/>
    <NS0:participatesIn rdf:resource='http://www.daml.org/2001/12/factbook/internationalOrganizations#WCL'/>
    <NS0:participatesIn rdf:resource='http://www.daml.org/2001/12/factbook/internationalOrganizations#WFTU'/>
    <NS0:flagDescription>a light blue background is divided into four quadrants by a white cross; in the center of each rectangle is a white snake; the flag of France is used for official occasions</NS0:flagDescription>
    <NS0:economyOverview>The economy is based on sugarcane, bananas, tourism, and light industry. Agriculture accounts for about 6% of GDP and the small industrial sector for 11%. Sugar production has declined, with most of the sugarcane now used for the production of rum. Banana exports are increasing, going mostly to France. The bulk of meat, vegetable, and grain requirements must be imported, contributing to a chronic trade deficit that requires large annual transfers of aid from France. Tourism has become more important than agricultural exports as a source of foreign exchange. The majority of the work force is employed in the service sector and in administration.</NS0:economyOverview>
    <NS0:grossDomesticProduct rdf:ID='A64398'>4390000000</NS0:grossDomesticProduct>
    <NS0:grossDomesticProductPerCapita rdf:ID='A64401'>11000</NS0:grossDomesticProductPerCapita>
    <NS0:grossDomesticProductAgriculture>6</NS0:grossDomesticProductAgriculture>
    <NS0:grossDomesticProductIndustry>11</NS0:grossDomesticProductIndustry>
    <NS0:grossDomesticProductServices rdf:ID='A64406'>83</NS0:grossDomesticProductServices>
    <NS0:inflationRate rdf:ID='A64409'>3.9</NS0:inflationRate>
    <NS0:laborForce rdf:ID='A64411'>170000</NS0:laborForce>
    <NS0:occupation rdf:resource='#A64413'/>
    <NS0:occupation rdf:resource='#A64418'/>
    <NS0:occupation rdf:ID='A64427' rdf:resource='#A64423'/>
    <NS0:unemploymentRate rdf:ID='A64429'>27.2</NS0:unemploymentRate>
    <NS0:budgetRevenues>900000000</NS0:budgetRevenues>
    <NS0:budgetExpenditures>2500000000</NS0:budgetExpenditures>
    <NS0:budgetCapitalExpenditures rdf:ID='A64433'>140000000</NS0:budgetCapitalExpenditures>
    <NS0:industry rdf:resource='http://www.daml.org/2001/12/factbook/industries#construction'/>
    <NS0:industry rdf:resource='http://www.daml.org/2001/12/factbook/industries#rum'/>
    <NS0:industry rdf:resource='http://www.daml.org/2001/12/factbook/industries#cement'/>
    <NS0:industry rdf:resource='http://www.daml.org/2001/12/factbook/industries#oil_refining'/>
    <NS0:industry rdf:resource='http://www.daml.org/2001/12/factbook/industries#sugar'/>
    <NS0:industry rdf:resource='http://www.daml.org/2001/12/factbook/industries#tourism'/>
    <NS0:electricityProduction rdf:ID='A64441'>1100000000</NS0:electricityProduction>
    <NS0:electricityProductionFossilFuel>100</NS0:electricityProductionFossilFuel>
    <NS0:electricityProductionHydro>0</NS0:electricityProductionHydro>
    <NS0:electricityProductionNuclear>0</NS0:electricityProductionNuclear>
    <NS0:electricityProductionOther rdf:ID='A64446'>0</NS0:electricityProductionOther>
    <NS0:electricityConsumption rdf:ID='A64448'>1022999999</NS0:electricityConsumption>
    <NS0:electricityExports rdf:ID='A64450'>0</NS0:electricityExports>
    <NS0:electricityImports rdf:ID='A64452'>0</NS0:electricityImports>
    <NS0:agricultureProduct rdf:resource='http://www.daml.org/2001/12/factbook/agricultureProducts#pineapples'/>
    <NS0:agricultureProduct rdf:resource='http://www.daml.org/2001/12/factbook/agricultureProducts#avocados'/>
    <NS0:agricultureProduct rdf:resource='http://www.daml.org/2001/12/factbook/agricultureProducts#bananas'/>
    <NS0:agricultureProduct rdf:resource='http://www.daml.org/2001/12/factbook/agricultureProducts#flowers'/>
    <NS0:agricultureProduct rdf:resource='http://www.daml.org/2001/12/factbook/agricultureProducts#vegetables'/>
    <NS0:agricultureProduct rdf:resource='http://www.daml.org/2001/12/factbook/agricultureProducts#sugarcane'/>
    <NS0:exports rdf:ID='A64460'>250000000</NS0:exports>
    <NS0:exportsCommodity rdf:resource='#A64462'/>
    <NS0:exportsCommodity rdf:resource='#A64466'/>
    <NS0:exportsCommodity rdf:resource='#A64470'/>
    <NS0:exportsCommodity rdf:resource='#A64474'/>
    <NS0:imports rdf:ID='A64478'>2000000000</NS0:imports>
    <NS0:importsCommodity rdf:resource='#A64480'/>
    <NS0:importsCommodity rdf:resource='#A64484'/>
    <NS0:importsCommodity rdf:resource='#A64488'/>
    <NS0:importsCommodity rdf:resource='#A64492'/>
    <NS0:importsCommodity rdf:resource='#A64496'/>
    <NS0:importsCommodity rdf:resource='#A64500'/>
    <NS0:externalDebt rdf:ID='A64504'>180000000</NS0:externalDebt>
    <NS0:currency>French franc (FRF); euro (EUR)</NS0:currency>
    <NS0:currencyCode>FRF; EUR</NS0:currencyCode>
    <NS0:fiscalYear>calendar year</NS0:fiscalYear>
    <NS0:mainTelephoneLines rdf:ID='A64509'>170000</NS0:mainTelephoneLines>
    <NS0:mobileTelephoneLines rdf:ID='A64511'>15000</NS0:mobileTelephoneLines>
    <NS0:telephoneSystemGeneralAssessment>domestic facilities are adequate</NS0:telephoneSystemGeneralAssessment>
    <NS0:telephoneSystemDomestic>NA</NS0:telephoneSystemDomestic>
    <NS0:telephoneSystemInternational>microwave radio relay to Guadeloupe, Dominica, and Saint Lucia; satellite earth stations - 2 Intelsat (Atlantic Ocean)</NS0:telephoneSystemInternational>
    <NS0:radios rdf:ID='A64516'>82000</NS0:radios>
    <NS0:televisions rdf:ID='A64518'>66000</NS0:televisions>
    <NS0:internetCountryCode>.mq</NS0:internetCountryCode>
    <NS0:internetServiceProviders rdf:ID='A64521'>2</NS0:internetServiceProviders>
    <NS0:internetUsers rdf:ID='A64523'>5000</NS0:internetUsers>
    <NS0:highwaysTotal rdf:ID='A64525'>2105</NS0:highwaysTotal>
    <NS0:port rdf:resource='#A64527'/>
    <NS0:port rdf:resource='#A64531'/>
    <NS0:airports rdf:ID='A64535'>2</NS0:airports>
    <NS0:airportBreakdown rdf:resource='#A64538'/>
    <NS0:airportBreakdown rdf:resource='#A64544'/>
    <NS0:internationalDispute>none</NS0:internationalDispute>
    <NS0:illicitDrugs>transshipment point for cocaine and marijuana bound for the US and Europe</NS0:illicitDrugs>
    <NS0:smallFlag>http://www.cia.gov/cia/publications/factbook/flags/mb-flag.jpg</NS0:smallFlag>
    <NS0:largeFlag>http://www.cia.gov/cia/publications/factbook/flags/mb-lgflag.jpg</NS0:largeFlag>
    <NS0:map>http://www.cia.gov/cia/publications/factbook/maps/mb-map.jpg</NS0:map>
    <NS0:exportPartner rdf:resource='#A126412'/>
    <NS0:exportPartner rdf:ID='A126421' rdf:resource='#A126417'/>
    <NS0:importPartner rdf:resource='#A126423'/>
    <NS0:importPartner rdf:resource='#A126428'/>
    <NS0:importPartner rdf:resource='#A126433'/>
    <NS0:importPartner rdf:resource='#A126438'/>
    <NS0:importPartner rdf:ID='A126447' rdf:resource='#A126443'/>
  </rdf:Description>
  <rdf:Description rdf:about='#A64418'>
    <rdf:type rdf:resource='http://www.daml.org/2001/12/factbook/factbook-ont#OccupationPercent'/>
    <NS0:occupation rdf:resource='http://www.daml.org/2001/12/factbook/occupations#industry'/>
    <NS0:percent>17</NS0:percent>
  </rdf:Description>
  <rdf:Description rdf:about='#A64413'>
    <rdf:type rdf:resource='http://www.daml.org/2001/12/factbook/factbook-ont#OccupationPercent'/>
    <NS0:occupation rdf:resource='http://www.daml.org/2001/12/factbook/occupations#agriculture'/>
    <NS0:percent>10</NS0:percent>
  </rdf:Description>
  <rdf:Description rdf:about='#A64398'>
    <rdf:type rdf:resource='http://www.daml.org/2001/12/factbook/factbook-ont#Estimate'/>
    <NS0:year>1997</NS0:year>
  </rdf:Description>
  <rdf:Description rdf:about='#A64376'>
    <rdf:type rdf:resource='http://www.daml.org/2001/12/factbook/factbook-ont#Estimate'/>
    <NS0:year>1982</NS0:year>
  </rdf:Description>
  <rdf:Description rdf:about='#A64296'>
    <rdf:type rdf:resource='http://www.daml.org/2001/12/factbook/factbook-ont#Estimate'/>
    <NS0:year>2001</NS0:year>
  </rdf:Description>
  <rdf:Description rdf:about='#A64511'>
    <NS0:year>1997</NS0:year>
  </rdf:Description>
  <rdf:Description rdf:about='#A64516'>
    <NS0:year>1997</NS0:year>
  </rdf:Description>
  <rdf:Description rdf:about='#A64448'>
    <NS0:year>1999</NS0:year>
  </rdf:Description>
  <rdf:Description rdf:about='#A64385'>
    <rdf:type rdf:resource='http://www.daml.org/2001/12/factbook/factbook-ont#CapitalCity'/>
    <NS0:name>Fort-de-France</NS0:name>
  </rdf:Description>
  <rdf:Description rdf:about='#A64504'>
    <NS0:year>1994</NS0:year>
  </rdf:Description>
  <rdf:Description rdf:about='#A64293'>
    <rdf:type rdf:resource='http://www.daml.org/2001/12/factbook/factbook-ont#Estimate'/>
    <NS0:year>2001</NS0:year>
  </rdf:Description>
  <rdf:Description rdf:about='#A126421'>
    <NS0:note>1997</NS0:note>
  </rdf:Description>
  <rdf:Description rdf:about='#A64525'>
    <NS0:year>2000</NS0:year>
  </rdf:Description>
  <rdf:Description rdf:about='#A64446'>
    <NS0:year>1999</NS0:year>
  </rdf:Description>
  <rdf:Description rdf:about='#A64518'>
    <NS0:year>1997</NS0:year>
  </rdf:Description>
  <rdf:Description rdf:about='#A64287'>
    <rdf:type rdf:resource='http://www.daml.org/2001/12/factbook/factbook-ont#Estimate'/>
    <NS0:year>2001</NS0:year>
  </rdf:Description>
  <rdf:Description rdf:about='#A64369'>
    <rdf:type rdf:resource='http://www.daml.org/2001/12/factbook/factbook-ont#LanguagePercent'/>
    <NS0:language rdf:resource='http://www.daml.org/2001/12/factbook/languages#Creole_patois'/>
  </rdf:Description>
  <rdf:Description rdf:about='#A126443'>
    <rdf:type rdf:resource='http://www.daml.org/2001/12/factbook/factbook-ont#CountryPercent'/>
    <NS0:country rdf:resource='http://www.daml.org/2001/09/countries/fips#US'/>
    <NS0:percent>3</NS0:percent>
  </rdf:Description>
  <rdf:Description rdf:about='#A64478'>
    <NS0:note>c.i.f., 1997</NS0:note>
  </rdf:Description>
</rdf:RDF>
