<?xml version='1.0' encoding='ISO-8859-1'?>
<rdf:RDF
  xmlns:rdf='http://www.w3.org/1999/02/22-rdf-syntax-ns#'
  xmlns:NS0='http://www.daml.org/2001/12/factbook/factbook-ont#'
  xml:base="http://www.daml.org/2001/12/factbook/mf">
  <rdf:Description rdf:about='#A65463'>
    <rdf:type rdf:resource='http://www.daml.org/2001/12/factbook/factbook-ont#Estimate'/>
    <NS0:year>2001</NS0:year>
  </rdf:Description>
  <rdf:Description rdf:about='#A65548'>
    <rdf:type rdf:resource='http://www.daml.org/2001/12/factbook/factbook-ont#CommodityPercent'/>
    <NS0:exportsCommodity rdf:resource='http://www.daml.org/2001/12/factbook/commodities#coffee'/>
  </rdf:Description>
  <rdf:Description rdf:about='#A65534'>
    <NS0:note>perfume essence</NS0:note>
  </rdf:Description>
  <rdf:Description rdf:about='#A65581'>
    <NS0:year>1997</NS0:year>
  </rdf:Description>
  <rdf:Description rdf:about='#A65544'>
    <rdf:type rdf:resource='http://www.daml.org/2001/12/factbook/factbook-ont#CommodityPercent'/>
    <NS0:exportsCommodity rdf:resource='http://www.daml.org/2001/12/factbook/commodities#coconuts'/>
  </rdf:Description>
  <rdf:Description rdf:about='#A65449'>
    <rdf:type rdf:resource='http://www.daml.org/2001/12/factbook/factbook-ont#SexRatioBreakdown'/>
    <NS0:minAge>15</NS0:minAge>
    <NS0:maxAge>64</NS0:maxAge>
    <NS0:ratio>1.2</NS0:ratio>
  </rdf:Description>
  <rdf:Description rdf:about='#A65540'>
    <rdf:type rdf:resource='http://www.daml.org/2001/12/factbook/factbook-ont#CommodityPercent'/>
    <NS0:exportsCommodity rdf:resource='http://www.daml.org/2001/12/factbook/commodities#copra'/>
  </rdf:Description>
  <rdf:Description rdf:about='#A65443'>
    <rdf:type rdf:resource='http://www.daml.org/2001/12/factbook/factbook-ont#SexRatioBreakdown'/>
    <NS0:minAge>0</NS0:minAge>
    <NS0:maxAge>14</NS0:maxAge>
    <NS0:ratio>1.01</NS0:ratio>
  </rdf:Description>
  <rdf:Description rdf:about='#A65428'>
    <rdf:type rdf:resource='http://www.daml.org/2001/12/factbook/factbook-ont#Estimate'/>
    <NS0:year>2001</NS0:year>
  </rdf:Description>
  <rdf:Description rdf:about='#A65600'>
    <rdf:type rdf:resource='http://www.daml.org/2001/12/factbook/factbook-ont#Estimate'/>
    <NS0:year>2000</NS0:year>
  </rdf:Description>
  <rdf:Description rdf:about='#A65536'>
    <rdf:type rdf:resource='http://www.daml.org/2001/12/factbook/factbook-ont#CommodityPercent'/>
    <NS0:exportsCommodity rdf:resource='http://www.daml.org/2001/12/factbook/commodities#vanilla'/>
  </rdf:Description>
  <rdf:Description rdf:about='#A65517'>
    <rdf:type rdf:resource='http://www.daml.org/2001/12/factbook/factbook-ont#Estimate'/>
    <NS0:year>1998</NS0:year>
  </rdf:Description>
  <rdf:Description rdf:about='#A65486'>
    <NS0:note>mostly Roman Catholic</NS0:note>
  </rdf:Description>
  <rdf:Description rdf:about='#A65437'>
    <rdf:type rdf:resource='http://www.daml.org/2001/12/factbook/factbook-ont#SexRatioBreakdown'/>
    <NS0:minAge>0</NS0:minAge>
    <NS0:maxAge>0</NS0:maxAge>
    <NS0:ratio>1.03</NS0:ratio>
  </rdf:Description>
  <rdf:Description rdf:about='#A65556'>
    <NS0:note>f.o.b., 1997</NS0:note>
  </rdf:Description>
  <rdf:Description rdf:about='#A65422'>
    <rdf:type rdf:resource='http://www.daml.org/2001/12/factbook/factbook-ont#Estimate'/>
    <NS0:note>July 2001</NS0:note>
  </rdf:Description>
  <rdf:Description rdf:about='#A65531'>
    <rdf:type rdf:resource='http://www.daml.org/2001/12/factbook/factbook-ont#CommodityPercent'/>
    <NS0:exportsCommodity rdf:resource='http://www.daml.org/2001/12/factbook/commodities#ylang-ylang'/>
  </rdf:Description>
  <rdf:Description rdf:about='#A65469'>
    <rdf:type rdf:resource='http://www.daml.org/2001/12/factbook/factbook-ont#Estimate'/>
    <NS0:year>2001</NS0:year>
  </rdf:Description>
  <rdf:Description rdf:about='#A65491'>
    <NS0:note>a Swahili dialect</NS0:note>
  </rdf:Description>
  <rdf:Description rdf:about='#A65583'>
    <NS0:year>2000</NS0:year>
  </rdf:Description>
  <rdf:Description rdf:about='#A65425'>
    <rdf:type rdf:resource='http://www.daml.org/2001/12/factbook/factbook-ont#Estimate'/>
    <NS0:year>2001</NS0:year>
  </rdf:Description>
  <rdf:Description rdf:about='#A65496'>
    <NS0:note>official language</NS0:note>
  </rdf:Description>
  <rdf:Description rdf:about='http://www.daml.org/2001/09/countries/fips#MF'>
    <NS0:background>Mayotte was ceded to France along with the other Comoros in 1843. It was the only island in the archipelago that voted in 1974 to retain its link with France and forgo independence.</NS0:background>
    <NS0:location>Southern Africa, island in the Mozambique Channel, about one-half of the way from northern Madagascar to northern Mozambique</NS0:location>
    <NS0:geographicCoordinates rdf:resource='#A65394'/>
    <NS0:mapReferences>Africa</NS0:mapReferences>
    <NS0:totalArea>374</NS0:totalArea>
    <NS0:landArea>374</NS0:landArea>
    <NS0:waterArea>0</NS0:waterArea>
    <NS0:comparativeArea>slightly more than twice the size of Washington, DC</NS0:comparativeArea>
    <NS0:coastline>185.2</NS0:coastline>
    <NS0:exclusiveEconomicZone>200</NS0:exclusiveEconomicZone>
    <NS0:territorialSea>12</NS0:territorialSea>
    <NS0:climate>tropical; marine; hot, humid, rainy season during northeastern monsoon (November to May); dry season is cooler (May to November)</NS0:climate>
    <NS0:terrain>generally undulating, with deep ravines and ancient volcanic peaks</NS0:terrain>
    <NS0:lowestPoint rdf:resource='#A65409'/>
    <NS0:highestPoint rdf:resource='#A65414'/>
    <NS0:naturalResource rdf:resource='http://www.daml.org/2001/12/factbook/naturalResources#NEGL'/>
    <NS0:naturalHazard>cyclones during rainy season</NS0:naturalHazard>
    <NS0:environmentalIssue>NA</NS0:environmentalIssue>
    <NS0:population rdf:ID='A65422'>163366</NS0:population>
    <NS0:populationGrowthRate rdf:ID='A65425'>4.58</NS0:populationGrowthRate>
    <NS0:birthRate rdf:ID='A65428'>44.39</NS0:birthRate>
    <NS0:deathRate rdf:ID='A65431'>8.84</NS0:deathRate>
    <NS0:netMigrationRate rdf:ID='A65434'>10.28</NS0:netMigrationRate>
    <NS0:sexRatio rdf:resource='#A65437'/>
    <NS0:sexRatio rdf:resource='#A65443'/>
    <NS0:sexRatio rdf:resource='#A65449'/>
    <NS0:sexRatio rdf:resource='#A65455'/>
    <NS0:sexRatio rdf:ID='A65463' rdf:resource='#A65460'/>
    <NS0:infantMortalityRate rdf:ID='A65466'>69.54</NS0:infantMortalityRate>
    <NS0:totalFertilityRate rdf:ID='A65469'>6.24</NS0:totalFertilityRate>
    <NS0:nationalityNoun>Mahorais (singular and plural)</NS0:nationalityNoun>
    <NS0:nationalityAdjective>Mahoran</NS0:nationalityAdjective>
    <NS0:ethnicGroup rdf:resource='#A65474'/>
    <NS0:religion rdf:resource='#A65478'/>
    <NS0:religion rdf:ID='A65486' rdf:resource='#A65483'/>
    <NS0:language rdf:ID='A65491' rdf:resource='#A65488'/>
    <NS0:language rdf:ID='A65496' rdf:resource='#A65493'/>
    <NS0:literacyDefinition>NA</NS0:literacyDefinition>
    <NS0:conventionalLongCountryName>Territorial Collectivity of Mayotte</NS0:conventionalLongCountryName>
    <NS0:conventionalShortCountryName>Mayotte</NS0:conventionalShortCountryName>
    <NS0:dependencyStatus>territorial collectivity of France</NS0:dependencyStatus>
    <NS0:governmentType rdf:resource='http://www.daml.org/2001/12/factbook/governmentTypes#NA'/>
    <NS0:capital rdf:resource='#A65503'/>
    <NS0:independence>none (territorial collectivity of France)</NS0:independence>
    <NS0:constitution>28 September 1958 (French Constitution)</NS0:constitution>
    <NS0:legalSystem>French law</NS0:legalSystem>
    <NS0:suffrage>18 years of age; universal</NS0:suffrage>
    <NS0:participatesIn rdf:resource='http://www.daml.org/2001/12/factbook/internationalOrganizations#FZ'/>
    <NS0:flagDescription>the flag of France is used</NS0:flagDescription>
    <NS0:economyOverview>Economic activity is based primarily on the agricultural sector, including fishing and livestock raising. Mayotte is not self-sufficient and must import a large portion of its food requirements, mainly from France. The economy and future development of the island are heavily dependent on French financial assistance, an important supplement to GDP. Mayotte&apos;s remote location is an obstacle to the development of tourism.</NS0:economyOverview>
    <NS0:grossDomesticProduct rdf:ID='A65514'>85000000</NS0:grossDomesticProduct>
    <NS0:grossDomesticProductPerCapita rdf:ID='A65517'>600</NS0:grossDomesticProductPerCapita>
    <NS0:unemploymentRate rdf:ID='A65520'>45</NS0:unemploymentRate>
    <NS0:budgetExpenditures>73000000</NS0:budgetExpenditures>
    <NS0:industry rdf:resource='http://www.daml.org/2001/12/factbook/industries#newly_created_lobster_and_shrimp_industry'/>
    <NS0:industry rdf:resource='http://www.daml.org/2001/12/factbook/industries#construction'/>
    <NS0:agricultureProduct rdf:resource='http://www.daml.org/2001/12/factbook/agricultureProducts#vanilla'/>
    <NS0:agricultureProduct rdf:resource='http://www.daml.org/2001/12/factbook/agricultureProducts#ylang-ylang'/>
    <NS0:agricultureProduct rdf:resource='http://www.daml.org/2001/12/factbook/agricultureProducts#coffee'/>
    <NS0:agricultureProduct rdf:resource='http://www.daml.org/2001/12/factbook/agricultureProducts#copra'/>
    <NS0:exports rdf:ID='A65529'>3440000</NS0:exports>
    <NS0:exportsCommodity rdf:ID='A65534' rdf:resource='#A65531'/>
    <NS0:exportsCommodity rdf:resource='#A65536'/>
    <NS0:exportsCommodity rdf:resource='#A65540'/>
    <NS0:exportsCommodity rdf:resource='#A65544'/>
    <NS0:exportsCommodity rdf:resource='#A65548'/>
    <NS0:exportsCommodity rdf:resource='#A65552'/>
    <NS0:imports rdf:ID='A65556'>141300000</NS0:imports>
    <NS0:importsCommodity rdf:resource='#A65558'/>
    <NS0:importsCommodity rdf:resource='#A65562'/>
    <NS0:importsCommodity rdf:resource='#A65566'/>
    <NS0:importsCommodity rdf:resource='#A65570'/>
    <NS0:importsCommodity rdf:resource='#A65574'/>
    <NS0:currency>French franc (FRF); euro (EUR)</NS0:currency>
    <NS0:currencyCode>FRF; EUR</NS0:currencyCode>
    <NS0:fiscalYear>calendar year</NS0:fiscalYear>
    <NS0:mainTelephoneLines rdf:ID='A65581'>9314</NS0:mainTelephoneLines>
    <NS0:mobileTelephoneLines rdf:ID='A65583'>0</NS0:mobileTelephoneLines>
    <NS0:telephoneSystemGeneralAssessment>small system administered by French Department of Posts and Telecommunications</NS0:telephoneSystemGeneralAssessment>
    <NS0:telephoneSystemDomestic>NA</NS0:telephoneSystemDomestic>
    <NS0:telephoneSystemInternational>microwave radio relay and HF radiotelephone communications to Comoros and other international connections</NS0:telephoneSystemInternational>
    <NS0:televisionBroadcastStations rdf:ID='A65588'>3</NS0:televisionBroadcastStations>
    <NS0:televisions rdf:ID='A65590'>3500</NS0:televisions>
    <NS0:internetCountryCode>.yt</NS0:internetCountryCode>
    <NS0:highwaysTotal>93</NS0:highwaysTotal>
    <NS0:highwaysPaved>72</NS0:highwaysPaved>
    <NS0:highwaysUnpaved>21</NS0:highwaysUnpaved>
    <NS0:port rdf:resource='#A65596'/>
    <NS0:airports rdf:ID='A65600'>1</NS0:airports>
    <NS0:airportBreakdown rdf:resource='#A65603'/>
    <NS0:internationalDispute>claimed by Comoros</NS0:internationalDispute>
    <NS0:smallFlag>http://www.cia.gov/cia/publications/factbook/flags/mf-flag.jpg</NS0:smallFlag>
    <NS0:largeFlag>http://www.cia.gov/cia/publications/factbook/flags/mf-lgflag.jpg</NS0:largeFlag>
    <NS0:map>http://www.cia.gov/cia/publications/factbook/maps/mf-map.jpg</NS0:map>
    <NS0:exportPartner rdf:resource='#A126553'/>
    <NS0:exportPartner rdf:resource='#A126558'/>
    <NS0:exportPartner rdf:resource='#A126563'/>
    <NS0:importPartner rdf:resource='#A126567'/>
  </rdf:Description>
  <rdf:Description rdf:about='#A65414'>
    <rdf:type rdf:resource='http://www.daml.org/2001/12/factbook/factbook-ont#ElevationExtreme'/>
    <NS0:name>Benara</NS0:name>
    <NS0:elevation>660</NS0:elevation>
  </rdf:Description>
  <rdf:Description rdf:about='#A65590'>
    <NS0:year>1994</NS0:year>
  </rdf:Description>
  <rdf:Description rdf:about='#A65603'>
    <rdf:type rdf:resource='http://www.daml.org/2001/12/factbook/factbook-ont#AirportBreakdown'/>
    <NS0:paved>true</NS0:paved>
    <NS0:minRunway>1524</NS0:minRunway>
    <NS0:maxRunway>2437</NS0:maxRunway>
    <NS0:count>1 (2000 est.)</NS0:count>
  </rdf:Description>
  <rdf:Description rdf:about='#A65409'>
    <rdf:type rdf:resource='http://www.daml.org/2001/12/factbook/factbook-ont#ElevationExtreme'/>
    <NS0:name>Indian Ocean</NS0:name>
    <NS0:elevation>0</NS0:elevation>
  </rdf:Description>
  <rdf:Description rdf:about='#A65503'>
    <rdf:type rdf:resource='http://www.daml.org/2001/12/factbook/factbook-ont#CapitalCity'/>
    <NS0:name>Mamoutzou</NS0:name>
  </rdf:Description>
  <rdf:Description rdf:about='#A65588'>
    <NS0:year>1997</NS0:year>
  </rdf:Description>
  <rdf:Description rdf:about='#A65596'>
    <rdf:type rdf:resource='http://www.daml.org/2001/12/factbook/factbook-ont#Port'/>
    <NS0:name>Dzaoudzi</NS0:name>
  </rdf:Description>
  <rdf:Description rdf:about='#A65493'>
    <rdf:type rdf:resource='http://www.daml.org/2001/12/factbook/factbook-ont#LanguagePercent'/>
    <NS0:language rdf:resource='http://www.daml.org/2001/12/factbook/languages#French_spoken_by_35%_of_the_population'/>
  </rdf:Description>
  <rdf:Description rdf:about='#A65394'>
    <rdf:type rdf:resource='http://www.daml.org/2001/12/factbook/factbook-ont#LatLon'/>
    <NS0:latitude>-12.833333333333334</NS0:latitude>
    <NS0:longitude>45.166666666666664</NS0:longitude>
  </rdf:Description>
  <rdf:Description rdf:about='#A65488'>
    <rdf:type rdf:resource='http://www.daml.org/2001/12/factbook/factbook-ont#LanguagePercent'/>
    <NS0:language rdf:resource='http://www.daml.org/2001/12/factbook/languages#Mahorian'/>
  </rdf:Description>
  <rdf:Description rdf:about='#A65431'>
    <rdf:type rdf:resource='http://www.daml.org/2001/12/factbook/factbook-ont#Estimate'/>
    <NS0:year>2001</NS0:year>
  </rdf:Description>
  <rdf:Description rdf:about='#A65483'>
    <rdf:type rdf:resource='http://www.daml.org/2001/12/factbook/factbook-ont#ReligionPercent'/>
    <NS0:religion rdf:resource='http://www.daml.org/2001/12/factbook/religions#Christian'/>
  </rdf:Description>
  <rdf:Description rdf:about='#A126567'>
    <rdf:type rdf:resource='http://www.daml.org/2001/12/factbook/factbook-ont#CountryPercent'/>
    <NS0:country rdf:resource='http://www.daml.org/2001/09/countries/fips#FR'/>
    <NS0:percent>66</NS0:percent>
  </rdf:Description>
  <rdf:Description rdf:about='#A65466'>
    <rdf:type rdf:resource='http://www.daml.org/2001/12/factbook/factbook-ont#Estimate'/>
    <NS0:year>2001</NS0:year>
  </rdf:Description>
  <rdf:Description rdf:about='#A65574'>
    <rdf:type rdf:resource='http://www.daml.org/2001/12/factbook/factbook-ont#CommodityPercent'/>
    <NS0:importsCommodity rdf:resource='http://www.daml.org/2001/12/factbook/commodities#chemicals'/>
  </rdf:Description>
  <rdf:Description rdf:about='#A65478'>
    <rdf:type rdf:resource='http://www.daml.org/2001/12/factbook/factbook-ont#ReligionPercent'/>
    <NS0:religion rdf:resource='http://www.daml.org/2001/12/factbook/religions#Muslim'/>
    <NS0:percent>97</NS0:percent>
  </rdf:Description>
  <rdf:Description rdf:about='#A126563'>
    <rdf:type rdf:resource='http://www.daml.org/2001/12/factbook/factbook-ont#CountryPercent'/>
    <NS0:country rdf:resource='http://www.daml.org/2001/09/countries/fips#RE'/>
  </rdf:Description>
  <rdf:Description rdf:about='#A65570'>
    <rdf:type rdf:resource='http://www.daml.org/2001/12/factbook/factbook-ont#CommodityPercent'/>
    <NS0:importsCommodity rdf:resource='http://www.daml.org/2001/12/factbook/commodities#metals'/>
  </rdf:Description>
  <rdf:Description rdf:about='#A65474'>
    <rdf:type rdf:resource='http://www.daml.org/2001/12/factbook/factbook-ont#EthnicGroupPercent'/>
    <NS0:ethnicGroup rdf:resource='http://www.daml.org/2001/12/factbook/ethnicGroups#NA'/>
  </rdf:Description>
  <rdf:Description rdf:about='#A126558'>
    <rdf:type rdf:resource='http://www.daml.org/2001/12/factbook/factbook-ont#CountryPercent'/>
    <NS0:country rdf:resource='http://www.daml.org/2001/09/countries/fips#CN'/>
    <NS0:percent>15</NS0:percent>
  </rdf:Description>
  <rdf:Description rdf:about='#A65514'>
    <rdf:type rdf:resource='http://www.daml.org/2001/12/factbook/factbook-ont#Estimate'/>
    <NS0:year>1998</NS0:year>
  </rdf:Description>
  <rdf:Description rdf:about='#A65566'>
    <rdf:type rdf:resource='http://www.daml.org/2001/12/factbook/factbook-ont#CommodityPercent'/>
    <NS0:importsCommodity rdf:resource='http://www.daml.org/2001/12/factbook/commodities#transportation_equipment'/>
  </rdf:Description>
  <rdf:Description rdf:about='#A126553'>
    <rdf:type rdf:resource='http://www.daml.org/2001/12/factbook/factbook-ont#CountryPercent'/>
    <NS0:country rdf:resource='http://www.daml.org/2001/09/countries/fips#FR'/>
    <NS0:percent>80</NS0:percent>
  </rdf:Description>
  <rdf:Description rdf:about='#A65562'>
    <rdf:type rdf:resource='http://www.daml.org/2001/12/factbook/factbook-ont#CommodityPercent'/>
    <NS0:importsCommodity rdf:resource='http://www.daml.org/2001/12/factbook/commodities#machinery_and_equipment'/>
  </rdf:Description>
  <rdf:Description rdf:about='#A65529'>
    <NS0:note>f.o.b., 1997</NS0:note>
  </rdf:Description>
  <rdf:Description rdf:about='#A65434'>
    <rdf:type rdf:resource='http://www.daml.org/2001/12/factbook/factbook-ont#Estimate'/>
    <NS0:year>2001</NS0:year>
  </rdf:Description>
  <rdf:Description rdf:about='#A65558'>
    <rdf:type rdf:resource='http://www.daml.org/2001/12/factbook/factbook-ont#CommodityPercent'/>
    <NS0:importsCommodity rdf:resource='http://www.daml.org/2001/12/factbook/commodities#food'/>
  </rdf:Description>
  <rdf:Description rdf:about='#A65520'>
    <NS0:year>1997</NS0:year>
  </rdf:Description>
  <rdf:Description rdf:about='#A65460'>
    <rdf:type rdf:resource='http://www.daml.org/2001/12/factbook/factbook-ont#SexRatioBreakdown'/>
    <NS0:ratio>1.1</NS0:ratio>
  </rdf:Description>
  <rdf:Description rdf:about='#A65552'>
    <rdf:type rdf:resource='http://www.daml.org/2001/12/factbook/factbook-ont#CommodityPercent'/>
    <NS0:exportsCommodity rdf:resource='http://www.daml.org/2001/12/factbook/commodities#cinnamon'/>
  </rdf:Description>
  <rdf:Description rdf:about='#A65455'>
    <rdf:type rdf:resource='http://www.daml.org/2001/12/factbook/factbook-ont#SexRatioBreakdown'/>
    <NS0:minAge>65</NS0:minAge>
    <NS0:ratio>0.98</NS0:ratio>
  </rdf:Description>
</rdf:RDF>
