<?xml version='1.0' encoding='ISO-8859-1'?>
<rdf:RDF
  xmlns:rdf='http://www.w3.org/1999/02/22-rdf-syntax-ns#'
  xmlns:NS0='http://www.daml.org/2001/12/factbook/factbook-ont#'
  xmlns:rdfs='http://www.w3.org/2000/01/rdf-schema#'
  xml:base="http://www.daml.org/2001/12/factbook/mg">
  <rdf:Description rdf:about='#A126823'>
    <rdf:type rdf:resource='http://www.daml.org/2001/12/factbook/factbook-ont#CountryPercent'/>
    <NS0:country rdf:resource='http://www.daml.org/2001/09/countries/fips#US'/>
    <NS0:percent>4</NS0:percent>
  </rdf:Description>
  <rdf:Description rdf:about='#A65892'>
    <rdf:type rdf:resource='#Province'/>
    <NS0:name>Uvs</NS0:name>
  </rdf:Description>
  <rdf:Description rdf:about='#A66157'>
    <NS0:note>FY01</NS0:note>
  </rdf:Description>
  <rdf:Description rdf:about='#A66154'>
    <rdf:type rdf:resource='http://www.daml.org/2001/12/factbook/factbook-ont#Estimate'/>
    <NS0:year>2001</NS0:year>
  </rdf:Description>
  <rdf:Description rdf:about='#A65698'>
    <rdf:type rdf:resource='http://www.daml.org/2001/12/factbook/factbook-ont#SexRatioBreakdown'/>
    <NS0:minAge>0</NS0:minAge>
    <NS0:maxAge>0</NS0:maxAge>
    <NS0:ratio>1.05</NS0:ratio>
  </rdf:Description>
  <rdf:Description rdf:about='#A126818'>
    <rdf:type rdf:resource='http://www.daml.org/2001/12/factbook/factbook-ont#CountryPercent'/>
    <NS0:country rdf:resource='http://www.daml.org/2001/09/countries/fips#KS'/>
    <NS0:percent>10</NS0:percent>
  </rdf:Description>
  <rdf:Description rdf:about='#A65888'>
    <rdf:type rdf:resource='#Municipality'/>
    <NS0:name>Ulaanbaatar</NS0:name>
  </rdf:Description>
  <rdf:Description rdf:about='#A65730'>
    <rdf:type rdf:resource='http://www.daml.org/2001/12/factbook/factbook-ont#Estimate'/>
    <NS0:year>2001</NS0:year>
  </rdf:Description>
  <rdf:Description rdf:about='#A65981'>
    <NS0:year>1999</NS0:year>
  </rdf:Description>
  <rdf:Description rdf:about='#A65884'>
    <rdf:type rdf:resource='#Province'/>
    <NS0:name>Tov</NS0:name>
  </rdf:Description>
  <rdf:Description rdf:about='#A126813'>
    <rdf:type rdf:resource='http://www.daml.org/2001/12/factbook/factbook-ont#CountryPercent'/>
    <NS0:country rdf:resource='http://www.daml.org/2001/09/countries/fips#JA'/>
    <NS0:percent>12</NS0:percent>
  </rdf:Description>
  <rdf:Description rdf:about='#A65880'>
    <rdf:type rdf:resource='#Province'/>
    <NS0:name>Suhbaatar</NS0:name>
  </rdf:Description>
  <rdf:Description rdf:about='#A126808'>
    <rdf:type rdf:resource='http://www.daml.org/2001/12/factbook/factbook-ont#CountryPercent'/>
    <NS0:country rdf:resource='http://www.daml.org/2001/09/countries/fips#CH'/>
    <NS0:percent>21</NS0:percent>
  </rdf:Description>
  <rdf:Description rdf:about='#A65627'>
    <NS0:note>landlocked</NS0:note>
  </rdf:Description>
  <rdf:Description rdf:about='#A65876'>
    <rdf:type rdf:resource='#Province'/>
    <NS0:name>Selenge</NS0:name>
  </rdf:Description>
  <rdf:Description rdf:about='#A65945'>
    <rdf:type rdf:resource='http://www.daml.org/2001/12/factbook/factbook-ont#Estimate'/>
    <NS0:year>2000</NS0:year>
  </rdf:Description>
  <rdf:Description rdf:about='#A126803'>
    <rdf:type rdf:resource='http://www.daml.org/2001/12/factbook/factbook-ont#CountryPercent'/>
    <NS0:country rdf:resource='http://www.daml.org/2001/09/countries/fips#RS'/>
    <NS0:percent>33</NS0:percent>
  </rdf:Description>
  <rdf:Description rdf:about='#A65872'>
    <rdf:type rdf:resource='#Province'/>
    <NS0:name>Ovorhangay</NS0:name>
  </rdf:Description>
  <rdf:Description rdf:about='#Province'>
    <rdf:type rdf:resource='http://www.w3.org/2000/01/rdf-schema#Class'/>
    <rdfs:subClassOf rdf:resource='http://www.daml.org/2001/12/factbook/factbook-ont#AdministrativeDivision'/>
    <rdfs:label>Province</rdfs:label>
  </rdf:Description>
  <rdf:Description rdf:about='#A66062'>
    <rdf:type rdf:resource='http://www.daml.org/2001/12/factbook/factbook-ont#CommodityPercent'/>
    <NS0:importsCommodity rdf:resource='http://www.daml.org/2001/12/factbook/commodities#tea'/>
  </rdf:Description>
  <rdf:Description rdf:about='#A65950'>
    <rdf:type rdf:resource='http://www.daml.org/2001/12/factbook/factbook-ont#Estimate'/>
    <NS0:year>2000</NS0:year>
  </rdf:Description>
  <rdf:Description rdf:about='#A65868'>
    <rdf:type rdf:resource='#Province'/>
    <NS0:name>Omnogovi</NS0:name>
  </rdf:Description>
  <rdf:Description rdf:about='#A126797'>
    <rdf:type rdf:resource='http://www.daml.org/2001/12/factbook/factbook-ont#CountryPercent'/>
    <NS0:country rdf:resource='http://www.daml.org/2001/09/countries/fips#JA'/>
    <NS0:percent>2</NS0:percent>
  </rdf:Description>
  <rdf:Description rdf:about='#A66058'>
    <rdf:type rdf:resource='http://www.daml.org/2001/12/factbook/factbook-ont#CommodityPercent'/>
    <NS0:importsCommodity rdf:resource='http://www.daml.org/2001/12/factbook/commodities#sugar'/>
  </rdf:Description>
  <rdf:Description rdf:about='#A65864'>
    <rdf:type rdf:resource='#Province'/>
    <NS0:name>Hovsgol</NS0:name>
  </rdf:Description>
  <rdf:Description rdf:about='#A66054'>
    <rdf:type rdf:resource='http://www.daml.org/2001/12/factbook/factbook-ont#CommodityPercent'/>
    <NS0:importsCommodity rdf:resource='http://www.daml.org/2001/12/factbook/commodities#building_materials'/>
  </rdf:Description>
  <rdf:Description rdf:about='#A65765'>
    <NS0:note>primarily in the southwest</NS0:note>
  </rdf:Description>
  <rdf:Description rdf:about='#A126792'>
    <rdf:type rdf:resource='http://www.daml.org/2001/12/factbook/factbook-ont#CountryPercent'/>
    <NS0:country rdf:resource='http://www.daml.org/2001/09/countries/fips#RS'/>
    <NS0:percent>9</NS0:percent>
  </rdf:Description>
  <rdf:Description rdf:about='#A65724'>
    <rdf:type rdf:resource='http://www.daml.org/2001/12/factbook/factbook-ont#Estimate'/>
    <NS0:year>2001</NS0:year>
  </rdf:Description>
  <rdf:Description rdf:about='#A65860'>
    <rdf:type rdf:resource='#Province'/>
    <NS0:name>Hovd</NS0:name>
  </rdf:Description>
  <rdf:Description rdf:about='#A66050'>
    <rdf:type rdf:resource='http://www.daml.org/2001/12/factbook/factbook-ont#CommodityPercent'/>
    <NS0:importsCommodity rdf:resource='http://www.daml.org/2001/12/factbook/commodities#chemicals'/>
  </rdf:Description>
  <rdf:Description rdf:about='#A65755'>
    <NS0:note>including Chinese and Russian</NS0:note>
  </rdf:Description>
  <rdf:Description rdf:about='#A126787'>
    <rdf:type rdf:resource='http://www.daml.org/2001/12/factbook/factbook-ont#CountryPercent'/>
    <NS0:country rdf:resource='http://www.daml.org/2001/09/countries/fips#US'/>
    <NS0:percent>20</NS0:percent>
  </rdf:Description>
  <rdf:Description rdf:about='#A65856'>
    <rdf:type rdf:resource='#Province'/>
    <NS0:name>Hentiy</NS0:name>
  </rdf:Description>
  <rdf:Description rdf:about='#A66046'>
    <rdf:type rdf:resource='http://www.daml.org/2001/12/factbook/factbook-ont#CommodityPercent'/>
    <NS0:importsCommodity rdf:resource='http://www.daml.org/2001/12/factbook/commodities#industrial_consumer_goods'/>
  </rdf:Description>
  <rdf:Description rdf:about='#A65775'>
    <NS0:year>1998</NS0:year>
  </rdf:Description>
  <rdf:Description rdf:about='#A65987'>
    <NS0:year>1999</NS0:year>
  </rdf:Description>
  <rdf:Description rdf:about='#A126782'>
    <rdf:type rdf:resource='http://www.daml.org/2001/12/factbook/factbook-ont#CountryPercent'/>
    <NS0:country rdf:resource='http://www.daml.org/2001/09/countries/fips#CH'/>
    <NS0:percent>60</NS0:percent>
  </rdf:Description>
  <rdf:Description rdf:about='#A65686'>
    <rdf:type rdf:resource='http://www.daml.org/2001/12/factbook/factbook-ont#Estimate'/>
    <NS0:year>2001</NS0:year>
  </rdf:Description>
  <rdf:Description rdf:about='#Municipality'>
    <rdf:type rdf:resource='http://www.w3.org/2000/01/rdf-schema#Class'/>
    <rdfs:subClassOf rdf:resource='http://www.daml.org/2001/12/factbook/factbook-ont#AdministrativeDivision'/>
    <rdfs:label>Municipality</rdfs:label>
  </rdf:Description>
  <rdf:Description rdf:about='#A65852'>
    <rdf:type rdf:resource='#Province'/>
    <NS0:name>Govi-Altay</NS0:name>
  </rdf:Description>
  <rdf:Description rdf:about='#A66042'>
    <rdf:type rdf:resource='http://www.daml.org/2001/12/factbook/factbook-ont#CommodityPercent'/>
    <NS0:importsCommodity rdf:resource='http://www.daml.org/2001/12/factbook/commodities#food_products'/>
  </rdf:Description>
  <rdf:Description rdf:about='#A65961'>
    <NS0:year>1999</NS0:year>
  </rdf:Description>
  <rdf:Description rdf:about='#A66032'>
    <NS0:note>c.i.f., 1999</NS0:note>
  </rdf:Description>
  <rdf:Description rdf:about='#A126777'>
    <rdf:type rdf:resource='http://www.daml.org/2001/12/factbook/factbook-ont#Border'/>
    <NS0:country rdf:resource='http://www.daml.org/2001/09/countries/fips#RS'/>
    <NS0:distance>3485</NS0:distance>
  </rdf:Description>
  <rdf:Description rdf:about='#A65848'>
    <rdf:type rdf:resource='#Municipality'/>
    <NS0:name>Erdenet</NS0:name>
  </rdf:Description>
  <rdf:Description rdf:about='#A66038'>
    <rdf:type rdf:resource='http://www.daml.org/2001/12/factbook/factbook-ont#CommodityPercent'/>
    <NS0:importsCommodity rdf:resource='http://www.daml.org/2001/12/factbook/commodities#fuels'/>
  </rdf:Description>
  <rdf:Description rdf:about='#A65745'>
    <NS0:note>of which Kazakh is the largest group</NS0:note>
  </rdf:Description>
  <rdf:Description rdf:about='#A66159'>
    <NS0:note>FY01</NS0:note>
  </rdf:Description>
  <rdf:Description rdf:about='#A65985'>
    <NS0:year>1999</NS0:year>
  </rdf:Description>
  <rdf:Description rdf:about='#A65998'>
    <NS0:note>f.o.b., 1999</NS0:note>
  </rdf:Description>
  <rdf:Description rdf:about='#A65844'>
    <rdf:type rdf:resource='#Province'/>
    <NS0:name>Dzavhan</NS0:name>
  </rdf:Description>
  <rdf:Description rdf:about='#A66034'>
    <rdf:type rdf:resource='http://www.daml.org/2001/12/factbook/factbook-ont#CommodityPercent'/>
    <NS0:importsCommodity rdf:resource='http://www.daml.org/2001/12/factbook/commodities#machinery_and_equipment'/>
  </rdf:Description>
  <rdf:Description rdf:about='#A126772'>
    <rdf:type rdf:resource='http://www.daml.org/2001/12/factbook/factbook-ont#Border'/>
    <NS0:country rdf:resource='http://www.daml.org/2001/09/countries/fips#CH'/>
    <NS0:distance>4676.9</NS0:distance>
  </rdf:Description>
  <rdf:Description rdf:about='#A65727'>
    <rdf:type rdf:resource='http://www.daml.org/2001/12/factbook/factbook-ont#Estimate'/>
    <NS0:year>2001</NS0:year>
  </rdf:Description>
  <rdf:Description rdf:about='#A65739'>
    <NS0:note>predominantly Khalkha</NS0:note>
  </rdf:Description>
  <rdf:Description rdf:about='#A65840'>
    <rdf:type rdf:resource='#Province'/>
    <NS0:name>Dundgovi</NS0:name>
  </rdf:Description>
  <rdf:Description rdf:about='#A66028'>
    <rdf:type rdf:resource='http://www.daml.org/2001/12/factbook/factbook-ont#CommodityPercent'/>
    <NS0:exportsCommodity rdf:resource='http://www.daml.org/2001/12/factbook/commodities#other_nonferrous_metals'/>
  </rdf:Description>
  <rdf:Description rdf:about='#A65836'>
    <rdf:type rdf:resource='#Province'/>
    <NS0:name>Dornogovi</NS0:name>
  </rdf:Description>
  <rdf:Description rdf:about='#A65794'>
    <NS0:year>2000</NS0:year>
  </rdf:Description>
  <rdf:Description rdf:about='#A66024'>
    <rdf:type rdf:resource='http://www.daml.org/2001/12/factbook/factbook-ont#CommodityPercent'/>
    <NS0:exportsCommodity rdf:resource='http://www.daml.org/2001/12/factbook/commodities#fluorspar'/>
  </rdf:Description>
  <rdf:Description rdf:about='#A65832'>
    <rdf:type rdf:resource='#Province'/>
    <NS0:name>Dornod</NS0:name>
  </rdf:Description>
  <rdf:Description rdf:about='#A66151'>
    <rdf:type rdf:resource='http://www.daml.org/2001/12/factbook/factbook-ont#Estimate'/>
    <NS0:year>2001</NS0:year>
  </rdf:Description>
  <rdf:Description rdf:about='#A65983'>
    <NS0:year>1999</NS0:year>
  </rdf:Description>
  <rdf:Description rdf:about='#A66020'>
    <rdf:type rdf:resource='http://www.daml.org/2001/12/factbook/factbook-ont#CommodityPercent'/>
    <NS0:exportsCommodity rdf:resource='http://www.daml.org/2001/12/factbook/commodities#hides'/>
  </rdf:Description>
  <rdf:Description rdf:about='#A65828'>
    <rdf:type rdf:resource='#Municipality'/>
    <NS0:name>Darhan</NS0:name>
  </rdf:Description>
  <rdf:Description rdf:about='#A65976'>
    <NS0:year>1999</NS0:year>
  </rdf:Description>
  <rdf:Description rdf:about='#A65636'>
    <rdf:type rdf:resource='http://www.daml.org/2001/12/factbook/factbook-ont#ElevationExtreme'/>
    <NS0:name>Nayramadlin Orgil (Huyten Orgil)</NS0:name>
    <NS0:elevation>4374</NS0:elevation>
  </rdf:Description>
  <rdf:Description rdf:about='#A66016'>
    <rdf:type rdf:resource='http://www.daml.org/2001/12/factbook/factbook-ont#CommodityPercent'/>
    <NS0:exportsCommodity rdf:resource='http://www.daml.org/2001/12/factbook/commodities#wool'/>
  </rdf:Description>
  <rdf:Description rdf:about='#A65824'>
    <rdf:type rdf:resource='#Province'/>
    <NS0:name>Bulgan</NS0:name>
  </rdf:Description>
  <rdf:Description rdf:about='#A65631'>
    <rdf:type rdf:resource='http://www.daml.org/2001/12/factbook/factbook-ont#ElevationExtreme'/>
    <NS0:name>Hoh Nuur</NS0:name>
    <NS0:elevation>518</NS0:elevation>
  </rdf:Description>
  <rdf:Description rdf:about='#A66012'>
    <rdf:type rdf:resource='http://www.daml.org/2001/12/factbook/factbook-ont#CommodityPercent'/>
    <NS0:exportsCommodity rdf:resource='http://www.daml.org/2001/12/factbook/commodities#cashmere'/>
  </rdf:Description>
  <rdf:Description rdf:about='#A65820'>
    <rdf:type rdf:resource='#Province'/>
    <NS0:name>Bayan-Olgiy</NS0:name>
  </rdf:Description>
  <rdf:Description rdf:about='#A66008'>
    <rdf:type rdf:resource='http://www.daml.org/2001/12/factbook/factbook-ont#CommodityPercent'/>
    <NS0:exportsCommodity rdf:resource='http://www.daml.org/2001/12/factbook/commodities#animal_products'/>
  </rdf:Description>
  <rdf:Description rdf:about='#A65816'>
    <rdf:type rdf:resource='#Province'/>
    <NS0:name>Bayanhongor</NS0:name>
  </rdf:Description>
  <rdf:Description rdf:about='#A66004'>
    <rdf:type rdf:resource='http://www.daml.org/2001/12/factbook/factbook-ont#CommodityPercent'/>
    <NS0:exportsCommodity rdf:resource='http://www.daml.org/2001/12/factbook/commodities#livestock'/>
  </rdf:Description>
  <rdf:Description rdf:about='#A65812'>
    <rdf:type rdf:resource='#Province'/>
    <NS0:name>Arhangay</NS0:name>
  </rdf:Description>
  <rdf:Description rdf:about='#A66098'>
    <rdf:type rdf:resource='http://www.daml.org/2001/12/factbook/factbook-ont#Estimate'/>
    <NS0:year>2000</NS0:year>
  </rdf:Description>
  <rdf:Description rdf:about='#A66000'>
    <rdf:type rdf:resource='http://www.daml.org/2001/12/factbook/factbook-ont#CommodityPercent'/>
    <NS0:exportsCommodity rdf:resource='http://www.daml.org/2001/12/factbook/commodities#copper'/>
  </rdf:Description>
  <rdf:Description rdf:about='#A65616'>
    <rdf:type rdf:resource='http://www.daml.org/2001/12/factbook/factbook-ont#LatLon'/>
    <NS0:latitude>46.0</NS0:latitude>
    <NS0:longitude>105.0</NS0:longitude>
  </rdf:Description>
  <rdf:Description rdf:about='#A66082'>
    <NS0:year>1999</NS0:year>
  </rdf:Description>
  <rdf:Description rdf:about='#A65942'>
    <rdf:type rdf:resource='http://www.daml.org/2001/12/factbook/factbook-ont#Estimate'/>
    <NS0:year>2000</NS0:year>
  </rdf:Description>
  <rdf:Description rdf:about='#A65802'>
    <rdf:type rdf:resource='http://www.daml.org/2001/12/factbook/factbook-ont#CapitalCity'/>
    <NS0:name>Ulaanbaatar</NS0:name>
  </rdf:Description>
  <rdf:Description rdf:about='#A66087'>
    <NS0:year>2001</NS0:year>
  </rdf:Description>
  <rdf:Description rdf:about='#A65663'>
    <rdf:type rdf:resource='http://www.daml.org/2001/12/factbook/factbook-ont#Estimate'/>
    <NS0:year>1993</NS0:year>
  </rdf:Description>
  <rdf:Description rdf:about='#A65695'>
    <rdf:type rdf:resource='http://www.daml.org/2001/12/factbook/factbook-ont#Estimate'/>
    <NS0:year>2001</NS0:year>
  </rdf:Description>
  <rdf:Description rdf:about='#A65692'>
    <rdf:type rdf:resource='http://www.daml.org/2001/12/factbook/factbook-ont#Estimate'/>
    <NS0:year>2001</NS0:year>
  </rdf:Description>
  <rdf:Description rdf:about='#A65786'>
    <rdf:type rdf:resource='http://www.daml.org/2001/12/factbook/factbook-ont#LanguagePercent'/>
    <NS0:language rdf:resource='http://www.daml.org/2001/12/factbook/languages#Russian'/>
  </rdf:Description>
  <rdf:Description rdf:about='#A65959'>
    <NS0:year>1999</NS0:year>
  </rdf:Description>
  <rdf:Description rdf:about='#A65782'>
    <rdf:type rdf:resource='http://www.daml.org/2001/12/factbook/factbook-ont#LanguagePercent'/>
    <NS0:language rdf:resource='http://www.daml.org/2001/12/factbook/languages#Turkic'/>
  </rdf:Description>
  <rdf:Description rdf:about='#A66077'>
    <NS0:year>2001</NS0:year>
  </rdf:Description>
  <rdf:Description rdf:about='#A65777'>
    <rdf:type rdf:resource='http://www.daml.org/2001/12/factbook/factbook-ont#LanguagePercent'/>
    <NS0:language rdf:resource='http://www.daml.org/2001/12/factbook/languages#Khalkha_Mongol'/>
    <NS0:percent>90</NS0:percent>
  </rdf:Description>
  <rdf:Description rdf:about='#A65939'>
    <rdf:type rdf:resource='http://www.daml.org/2001/12/factbook/factbook-ont#Estimate'/>
    <NS0:year>2000</NS0:year>
  </rdf:Description>
  <rdf:Description rdf:about='#A66084'>
    <NS0:year>1999</NS0:year>
  </rdf:Description>
  <rdf:Description rdf:about='#A65963'>
    <rdf:type rdf:resource='http://www.daml.org/2001/12/factbook/factbook-ont#OccupationPercent'/>
    <NS0:occupation rdf:resource='http://www.daml.org/2001/12/factbook/occupations#primarily_herding_agricultural'/>
  </rdf:Description>
  <rdf:Description rdf:about='#A65973'>
    <rdf:type rdf:resource='http://www.daml.org/2001/12/factbook/factbook-ont#Estimate'/>
    <NS0:year>2000</NS0:year>
  </rdf:Description>
  <rdf:Description rdf:about='#A65771'>
    <rdf:type rdf:resource='http://www.daml.org/2001/12/factbook/factbook-ont#ReligionPercent'/>
    <NS0:religion rdf:resource='http://www.daml.org/2001/12/factbook/religions#Christian'/>
    <NS0:percent>4</NS0:percent>
  </rdf:Description>
  <rdf:Description rdf:about='#A65767'>
    <rdf:type rdf:resource='http://www.daml.org/2001/12/factbook/factbook-ont#ReligionPercent'/>
    <NS0:religion rdf:resource='http://www.daml.org/2001/12/factbook/religions#Shamanism'/>
  </rdf:Description>
  <rdf:Description rdf:about='http://www.daml.org/2001/09/countries/fips#MG'>
    <NS0:background>Long a province of China, Mongolia won its independence in 1921 with Soviet backing. A communist regime was installed in 1924. During the early 1990s, the ex-communist Mongolian People&apos;s Revolutionary Party (MPRP) gradually yielded its monopoly on power. In 1996, the Democratic Union Coalition (DUC) defeated the MPRP in a national election. Over the next four years the Coalition implemented a number of key reforms to modernize the economy and institutionalize democratic reforms. However, the former communists were a strong opposition that stalled additional reforms and made implementation difficult. In 2000, the MPRP won 72 of the 76 seats in Parliament and completely reshuffled the government. While it continues many of the reform policies, the MPRP is focusing on social welfare and public order priorities.</NS0:background>
    <NS0:location>Northern Asia, between China and Russia</NS0:location>
    <NS0:geographicCoordinates rdf:resource='#A65616'/>
    <NS0:mapReferences>Asia</NS0:mapReferences>
    <NS0:totalArea>1565000</NS0:totalArea>
    <NS0:landArea>1565000</NS0:landArea>
    <NS0:waterArea>0</NS0:waterArea>
    <NS0:comparativeArea>slightly smaller than Alaska</NS0:comparativeArea>
    <NS0:landBoundaries>8161.9</NS0:landBoundaries>
    <NS0:coastline rdf:ID='A65627'>0</NS0:coastline>
    <NS0:climate>desert; continental (large daily and seasonal temperature ranges)</NS0:climate>
    <NS0:terrain>vast semidesert and desert plains, grassy steppe, mountains in west and southwest; Gobi Desert in south-central</NS0:terrain>
    <NS0:lowestPoint rdf:resource='#A65631'/>
    <NS0:highestPoint rdf:resource='#A65636'/>
    <NS0:naturalResource rdf:resource='http://www.daml.org/2001/12/factbook/naturalResources#oil'/>
    <NS0:naturalResource rdf:resource='http://www.daml.org/2001/12/factbook/naturalResources#coal'/>
    <NS0:naturalResource rdf:resource='http://www.daml.org/2001/12/factbook/naturalResources#copper'/>
    <NS0:naturalResource rdf:resource='http://www.daml.org/2001/12/factbook/naturalResources#molybdenum'/>
    <NS0:naturalResource rdf:resource='http://www.daml.org/2001/12/factbook/naturalResources#tungsten'/>
    <NS0:naturalResource rdf:resource='http://www.daml.org/2001/12/factbook/naturalResources#phosphates'/>
    <NS0:naturalResource rdf:resource='http://www.daml.org/2001/12/factbook/naturalResources#tin'/>
    <NS0:naturalResource rdf:resource='http://www.daml.org/2001/12/factbook/naturalResources#nickel'/>
    <NS0:naturalResource rdf:resource='http://www.daml.org/2001/12/factbook/naturalResources#zinc'/>
    <NS0:naturalResource rdf:resource='http://www.daml.org/2001/12/factbook/naturalResources#wolfram'/>
    <NS0:naturalResource rdf:resource='http://www.daml.org/2001/12/factbook/naturalResources#fluorspar'/>
    <NS0:naturalResource rdf:resource='http://www.daml.org/2001/12/factbook/naturalResources#gold'/>
    <NS0:naturalResource rdf:resource='http://www.daml.org/2001/12/factbook/naturalResources#silver'/>
    <NS0:naturalResource rdf:resource='http://www.daml.org/2001/12/factbook/naturalResources#iron'/>
    <NS0:naturalResource rdf:resource='http://www.daml.org/2001/12/factbook/naturalResources#phosphate'/>
    <NS0:arableLand>5.7</NS0:arableLand>
    <NS0:permanentCrops>0</NS0:permanentCrops>
    <NS0:permanentPastures>81</NS0:permanentPastures>
    <NS0:forestsAndWoodland>11.4</NS0:forestsAndWoodland>
    <NS0:otherLandUse rdf:ID='A65660'>1.9</NS0:otherLandUse>
    <NS0:irrigatedLand rdf:ID='A65663'>800</NS0:irrigatedLand>
    <NS0:naturalHazard>dust and snow storms, grassland and forest fires, drought and &quot;zud&quot;, which is a combination of drought followed by harsh winter conditions</NS0:naturalHazard>
    <NS0:environmentalIssue>limited natural fresh water resources in some areas</NS0:environmentalIssue>
    <NS0:environmentalIssue>policies of the former communist regime promoting rapid urbanization and industrial growth have raised concerns about their negative effects on the environment</NS0:environmentalIssue>
    <NS0:environmentalIssue>the burning of soft coal in power plants and the lack of enforcement of environmental laws have severely polluted the air in Ulaanbaatar</NS0:environmentalIssue>
    <NS0:environmentalIssue>deforestation, overgrazing, the converting of virgin land to agricultural production have increased soil erosion from wind and rain</NS0:environmentalIssue>
    <NS0:environmentalIssue>desertification and mining activities have also had a deleterious effect on the environment</NS0:environmentalIssue>
    <NS0:environmentalAgreementPartyTo rdf:resource='http://www.daml.org/2001/12/factbook/environmentalAgreements#Biodiversity'/>
    <NS0:environmentalAgreementPartyTo rdf:resource='http://www.daml.org/2001/12/factbook/environmentalAgreements#Climate_Change'/>
    <NS0:environmentalAgreementPartyTo rdf:resource='http://www.daml.org/2001/12/factbook/environmentalAgreements#Climate_Change-Kyoto_Protocol'/>
    <NS0:environmentalAgreementPartyTo rdf:resource='http://www.daml.org/2001/12/factbook/environmentalAgreements#Desertification'/>
    <NS0:environmentalAgreementPartyTo rdf:resource='http://www.daml.org/2001/12/factbook/environmentalAgreements#Endangered_Species'/>
    <NS0:environmentalAgreementPartyTo rdf:resource='http://www.daml.org/2001/12/factbook/environmentalAgreements#Environmental_Modification'/>
    <NS0:environmentalAgreementPartyTo rdf:resource='http://www.daml.org/2001/12/factbook/environmentalAgreements#Hazardous_Wastes'/>
    <NS0:environmentalAgreementPartyTo rdf:resource='http://www.daml.org/2001/12/factbook/environmentalAgreements#Law_of_the_Sea'/>
    <NS0:environmentalAgreementPartyTo rdf:resource='http://www.daml.org/2001/12/factbook/environmentalAgreements#Ozone_Layer_Protection'/>
    <NS0:environmentalAgreementPartyTo rdf:resource='http://www.daml.org/2001/12/factbook/environmentalAgreements#Wetlands'/>
    <NS0:environmentalAgreementSigned rdf:resource='http://www.daml.org/2001/12/factbook/environmentalAgreements#none_of_the_selected_agreements'/>
    <NS0:population rdf:ID='A65683'>2654999</NS0:population>
    <NS0:populationGrowthRate rdf:ID='A65686'>1.47</NS0:populationGrowthRate>
    <NS0:birthRate rdf:ID='A65689'>21.8</NS0:birthRate>
    <NS0:deathRate rdf:ID='A65692'>7.1</NS0:deathRate>
    <NS0:netMigrationRate rdf:ID='A65695'>0</NS0:netMigrationRate>
    <NS0:sexRatio rdf:resource='#A65698'/>
    <NS0:sexRatio rdf:resource='#A65704'/>
    <NS0:sexRatio rdf:resource='#A65710'/>
    <NS0:sexRatio rdf:resource='#A65716'/>
    <NS0:sexRatio rdf:ID='A65724' rdf:resource='#A65721'/>
    <NS0:infantMortalityRate rdf:ID='A65727'>53.5</NS0:infantMortalityRate>
    <NS0:totalFertilityRate rdf:ID='A65730'>2.39</NS0:totalFertilityRate>
    <NS0:nationalityNoun>Mongolian(s)</NS0:nationalityNoun>
    <NS0:nationalityAdjective>Mongolian</NS0:nationalityAdjective>
    <NS0:ethnicGroup rdf:ID='A65739' rdf:resource='#A65735'/>
    <NS0:ethnicGroup rdf:ID='A65745' rdf:resource='#A65741'/>
    <NS0:ethnicGroup rdf:resource='#A65747'/>
    <NS0:ethnicGroup rdf:ID='A65755' rdf:resource='#A65752'/>
    <NS0:religion rdf:resource='#A65757'/>
    <NS0:religion rdf:ID='A65765' rdf:resource='#A65762'/>
    <NS0:religion rdf:resource='#A65767'/>
    <NS0:religion rdf:ID='A65775' rdf:resource='#A65771'/>
    <NS0:language rdf:resource='#A65777'/>
    <NS0:language rdf:resource='#A65782'/>
    <NS0:language rdf:ID='A65789' rdf:resource='#A65786'/>
    <NS0:literacyDefinition>age 15 and over can read and write</NS0:literacyDefinition>
    <NS0:literacyTotal>97</NS0:literacyTotal>
    <NS0:literacyMale>98</NS0:literacyMale>
    <NS0:literacyFemale rdf:ID='A65794'>97.5</NS0:literacyFemale>
    <NS0:conventionalLongCountryName>none</NS0:conventionalLongCountryName>
    <NS0:conventionalShortCountryName>Mongolia</NS0:conventionalShortCountryName>
    <NS0:localLongCountryName>none</NS0:localLongCountryName>
    <NS0:localShortCountryName>Mongol Uls</NS0:localShortCountryName>
    <NS0:formerCountryName>Outer Mongolia</NS0:formerCountryName>
    <NS0:governmentType rdf:resource='http://www.daml.org/2001/12/factbook/governmentTypes#parliamentary'/>
    <NS0:capital rdf:resource='#A65802'/>
    <NS0:administrativeDivision rdf:resource='#A65812'/>
    <NS0:administrativeDivision rdf:resource='#A65816'/>
    <NS0:administrativeDivision rdf:resource='#A65820'/>
    <NS0:administrativeDivision rdf:resource='#A65824'/>
    <NS0:administrativeDivision rdf:resource='#A65828'/>
    <NS0:administrativeDivision rdf:resource='#A65832'/>
    <NS0:administrativeDivision rdf:resource='#A65836'/>
    <NS0:administrativeDivision rdf:resource='#A65840'/>
    <NS0:administrativeDivision rdf:resource='#A65844'/>
    <NS0:administrativeDivision rdf:resource='#A65848'/>
    <NS0:administrativeDivision rdf:resource='#A65852'/>
    <NS0:administrativeDivision rdf:resource='#A65856'/>
    <NS0:administrativeDivision rdf:resource='#A65860'/>
    <NS0:administrativeDivision rdf:resource='#A65864'/>
    <NS0:administrativeDivision rdf:resource='#A65868'/>
    <NS0:administrativeDivision rdf:resource='#A65872'/>
    <NS0:administrativeDivision rdf:resource='#A65876'/>
    <NS0:administrativeDivision rdf:resource='#A65880'/>
    <NS0:administrativeDivision rdf:resource='#A65884'/>
    <NS0:administrativeDivision rdf:resource='#A65888'/>
    <NS0:administrativeDivision rdf:resource='#A65892'/>
    <NS0:independence>11 July 1921 (from China)</NS0:independence>
    <NS0:constitution>12 February 1992</NS0:constitution>
    <NS0:legalSystem>blend of Russian, Chinese, Turkish, and Western systems of law that combines aspects of a parliamentary system with some aspects of a presidential system; constitution ambiguous on judicial review of legislative acts; has not accepted compulsory ICJ jurisdiction</NS0:legalSystem>
    <NS0:suffrage>18 years of age; universal</NS0:suffrage>
    <NS0:participatesIn rdf:resource='http://www.daml.org/2001/12/factbook/internationalOrganizations#ARF'/>
    <NS0:participatesIn rdf:resource='http://www.daml.org/2001/12/factbook/internationalOrganizations#AsDB'/>
    <NS0:participatesIn rdf:resource='http://www.daml.org/2001/12/factbook/internationalOrganizations#ASEAN'/>
    <NS0:participatesIn rdf:resource='http://www.daml.org/2001/12/factbook/internationalOrganizations#CCC'/>
    <NS0:participatesIn rdf:resource='http://www.daml.org/2001/12/factbook/internationalOrganizations#EBRD'/>
    <NS0:participatesIn rdf:resource='http://www.daml.org/2001/12/factbook/internationalOrganizations#ESCAP'/>
    <NS0:participatesIn rdf:resource='http://www.daml.org/2001/12/factbook/internationalOrganizations#FAO'/>
    <NS0:participatesIn rdf:resource='http://www.daml.org/2001/12/factbook/internationalOrganizations#G-77'/>
    <NS0:participatesIn rdf:resource='http://www.daml.org/2001/12/factbook/internationalOrganizations#IAEA'/>
    <NS0:participatesIn rdf:resource='http://www.daml.org/2001/12/factbook/internationalOrganizations#IBRD'/>
    <NS0:participatesIn rdf:resource='http://www.daml.org/2001/12/factbook/internationalOrganizations#ICAO'/>
    <NS0:participatesIn rdf:resource='http://www.daml.org/2001/12/factbook/internationalOrganizations#ICFTU'/>
    <NS0:participatesIn rdf:resource='http://www.daml.org/2001/12/factbook/internationalOrganizations#ICRM'/>
    <NS0:participatesIn rdf:resource='http://www.daml.org/2001/12/factbook/internationalOrganizations#IDA'/>
    <NS0:participatesIn rdf:resource='http://www.daml.org/2001/12/factbook/internationalOrganizations#IFAD'/>
    <NS0:participatesIn rdf:resource='http://www.daml.org/2001/12/factbook/internationalOrganizations#IFC'/>
    <NS0:participatesIn rdf:resource='http://www.daml.org/2001/12/factbook/internationalOrganizations#IFRCS'/>
    <NS0:participatesIn rdf:resource='http://www.daml.org/2001/12/factbook/internationalOrganizations#ILO'/>
    <NS0:participatesIn rdf:resource='http://www.daml.org/2001/12/factbook/internationalOrganizations#IMF'/>
    <NS0:participatesIn rdf:resource='http://www.daml.org/2001/12/factbook/internationalOrganizations#IMO'/>
    <NS0:participatesIn rdf:resource='http://www.daml.org/2001/12/factbook/internationalOrganizations#Intelsat'/>
    <NS0:participatesIn rdf:resource='http://www.daml.org/2001/12/factbook/internationalOrganizations#Interpol'/>
    <NS0:participatesIn rdf:resource='http://www.daml.org/2001/12/factbook/internationalOrganizations#IOC'/>
    <NS0:participatesIn rdf:resource='http://www.daml.org/2001/12/factbook/internationalOrganizations#ISO'/>
    <NS0:participatesIn rdf:resource='http://www.daml.org/2001/12/factbook/internationalOrganizations#ITU'/>
    <NS0:participatesIn rdf:resource='http://www.daml.org/2001/12/factbook/internationalOrganizations#NAM'/>
    <NS0:participatesIn rdf:resource='http://www.daml.org/2001/12/factbook/internationalOrganizations#OPCW'/>
    <NS0:participatesIn rdf:resource='http://www.daml.org/2001/12/factbook/internationalOrganizations#UN'/>
    <NS0:participatesIn rdf:resource='http://www.daml.org/2001/12/factbook/internationalOrganizations#UNCTAD'/>
    <NS0:participatesIn rdf:resource='http://www.daml.org/2001/12/factbook/internationalOrganizations#UNESCO'/>
    <NS0:participatesIn rdf:resource='http://www.daml.org/2001/12/factbook/internationalOrganizations#UNIDO'/>
    <NS0:participatesIn rdf:resource='http://www.daml.org/2001/12/factbook/internationalOrganizations#UPU'/>
    <NS0:participatesIn rdf:resource='http://www.daml.org/2001/12/factbook/internationalOrganizations#WHO'/>
    <NS0:participatesIn rdf:resource='http://www.daml.org/2001/12/factbook/internationalOrganizations#WIPO'/>
    <NS0:participatesIn rdf:resource='http://www.daml.org/2001/12/factbook/internationalOrganizations#WMO'/>
    <NS0:participatesIn rdf:resource='http://www.daml.org/2001/12/factbook/internationalOrganizations#WToO'/>
    <NS0:participatesIn rdf:resource='http://www.daml.org/2001/12/factbook/internationalOrganizations#WTrO'/>
    <NS0:flagDescription>three equal, vertical bands of red (hoist side), blue, and red; centered on the hoist-side red band in yellow is the national emblem (&quot;soyombo&quot; - a columnar arrangement of abstract and geometric representation for fire, sun, moon, earth, water, and the yin-yang symbol)</NS0:flagDescription>
    <NS0:economyOverview>Economic activity traditionally has been based on agriculture and breeding of livestock. Mongolia also has extensive mineral deposits: copper, coal, molybdenum, tin, tungsten, and gold account for a large part of industrial production. Soviet assistance, at its height one-third of GDP, disappeared almost overnight in 1990-91, at the time of the dismantlement of the USSR. Mongolia was driven into deep recession, which was prolonged by the Mongolian People&apos;s Revolutionary Party&apos;s (MPRP) reluctance to undertake serious economic reform. The Democratic Coalition (DC) government has embraced free-market economics, easing price controls, liberalizing domestic and international trade, and attempting to restructure the banking system and the energy sector. Major domestic privatization programs were undertaken, as well as the fostering of foreign investment through international tender of the oil distribution company, a leading cashmere company, and banks. Reform was held back by the ex-communist MPRP opposition and by the political instability brought about through four successive governments under the DC. Economic growth picked up in 1997-99 after stalling in 1996 due to a series of natural disasters and declines in world prices of copper and cashmere. In August and September 1999, the economy suffered from a temporary Russian ban on exports of oil and oil products, and Mongolia remains vulnerable in this sector. Mongolia joined the World Trade Organization (WTrO) in 1997. The international donor community pledged over $300 million per year at the last Consultative Group Meeting, held in Ulaanbaatar in June 1999. The MPRP government, elected in July 2000, is anxious to improve the investment climate; it must also deal with a heavy burden of external debt.</NS0:economyOverview>
    <NS0:grossDomesticProduct rdf:ID='A65939'>4700000000</NS0:grossDomesticProduct>
    <NS0:grossDomesticProductRealGrowth rdf:ID='A65942'>-1</NS0:grossDomesticProductRealGrowth>
    <NS0:grossDomesticProductPerCapita rdf:ID='A65945'>1780</NS0:grossDomesticProductPerCapita>
    <NS0:grossDomesticProductAgriculture>36</NS0:grossDomesticProductAgriculture>
    <NS0:grossDomesticProductIndustry>22</NS0:grossDomesticProductIndustry>
    <NS0:grossDomesticProductServices rdf:ID='A65950'>42</NS0:grossDomesticProductServices>
    <NS0:populationBelowPovertyLine rdf:ID='A65953'>40</NS0:populationBelowPovertyLine>
    <NS0:householdIncomeLowest10Percent>2.9</NS0:householdIncomeLowest10Percent>
    <NS0:householdIncomeHighest10Percent rdf:ID='A65957'>24.5</NS0:householdIncomeHighest10Percent>
    <NS0:inflationRate rdf:ID='A65959'>7.6</NS0:inflationRate>
    <NS0:laborForce rdf:ID='A65961'>1300000</NS0:laborForce>
    <NS0:occupation rdf:resource='#A65963'/>
    <NS0:budgetRevenues>262000000</NS0:budgetRevenues>
    <NS0:budgetExpenditures>328000000</NS0:budgetExpenditures>
    <NS0:industry rdf:resource='http://www.daml.org/2001/12/factbook/industries#construction_materials'/>
    <NS0:industry rdf:resource='http://www.daml.org/2001/12/factbook/industries#mining'/>
    <NS0:industry rdf:resource='http://www.daml.org/2001/12/factbook/industries#food_and_beverages'/>
    <NS0:industry rdf:resource='http://www.daml.org/2001/12/factbook/industries#processing_of_animal_products'/>
    <NS0:industrialProductionGrowthRate rdf:ID='A65973'>2.4</NS0:industrialProductionGrowthRate>
    <NS0:electricityProduction rdf:ID='A65976'>2671000000</NS0:electricityProduction>
    <NS0:electricityProductionFossilFuel>100</NS0:electricityProductionFossilFuel>
    <NS0:electricityProductionHydro>0</NS0:electricityProductionHydro>
    <NS0:electricityProductionNuclear>0</NS0:electricityProductionNuclear>
    <NS0:electricityProductionOther rdf:ID='A65981'>0</NS0:electricityProductionOther>
    <NS0:electricityConsumption rdf:ID='A65983'>2767000000</NS0:electricityConsumption>
    <NS0:electricityExports rdf:ID='A65985'>80000000</NS0:electricityExports>
    <NS0:electricityImports rdf:ID='A65987'>363000000</NS0:electricityImports>
    <NS0:agricultureProduct rdf:resource='http://www.daml.org/2001/12/factbook/agricultureProducts#wheat'/>
    <NS0:agricultureProduct rdf:resource='http://www.daml.org/2001/12/factbook/agricultureProducts#barley'/>
    <NS0:agricultureProduct rdf:resource='http://www.daml.org/2001/12/factbook/agricultureProducts#potatoes'/>
    <NS0:agricultureProduct rdf:resource='http://www.daml.org/2001/12/factbook/agricultureProducts#forage_crops'/>
    <NS0:agricultureProduct rdf:resource='http://www.daml.org/2001/12/factbook/agricultureProducts#sheep'/>
    <NS0:agricultureProduct rdf:resource='http://www.daml.org/2001/12/factbook/agricultureProducts#goats'/>
    <NS0:agricultureProduct rdf:resource='http://www.daml.org/2001/12/factbook/agricultureProducts#cattle'/>
    <NS0:agricultureProduct rdf:resource='http://www.daml.org/2001/12/factbook/agricultureProducts#camels'/>
    <NS0:agricultureProduct rdf:resource='http://www.daml.org/2001/12/factbook/agricultureProducts#horses'/>
    <NS0:exports rdf:ID='A65998'>454300000</NS0:exports>
    <NS0:exportsCommodity rdf:resource='#A66000'/>
    <NS0:exportsCommodity rdf:resource='#A66004'/>
    <NS0:exportsCommodity rdf:resource='#A66008'/>
    <NS0:exportsCommodity rdf:resource='#A66012'/>
    <NS0:exportsCommodity rdf:resource='#A66016'/>
    <NS0:exportsCommodity rdf:resource='#A66020'/>
    <NS0:exportsCommodity rdf:resource='#A66024'/>
    <NS0:exportsCommodity rdf:resource='#A66028'/>
    <NS0:imports rdf:ID='A66032'>510700000</NS0:imports>
    <NS0:importsCommodity rdf:resource='#A66034'/>
    <NS0:importsCommodity rdf:resource='#A66038'/>
    <NS0:importsCommodity rdf:resource='#A66042'/>
    <NS0:importsCommodity rdf:resource='#A66046'/>
    <NS0:importsCommodity rdf:resource='#A66050'/>
    <NS0:importsCommodity rdf:resource='#A66054'/>
    <NS0:importsCommodity rdf:resource='#A66058'/>
    <NS0:importsCommodity rdf:resource='#A66062'/>
    <NS0:externalDebt rdf:ID='A66066'>760000000</NS0:externalDebt>
    <NS0:economicAidRecipient rdf:ID='A66069'>200000000</NS0:economicAidRecipient>
    <NS0:currency>togrog/tugrik (MNT)</NS0:currency>
    <NS0:currencyCode>MNT</NS0:currencyCode>
    <NS0:fiscalYear>calendar year</NS0:fiscalYear>
    <NS0:mainTelephoneLines rdf:ID='A66075'>104100</NS0:mainTelephoneLines>
    <NS0:mobileTelephoneLines rdf:ID='A66077'>110000</NS0:mobileTelephoneLines>
    <NS0:telephoneSystemGeneralAssessment>very low density: about 3.5 telephones for each thousand persons</NS0:telephoneSystemGeneralAssessment>
    <NS0:telephoneSystemDomestic>NA</NS0:telephoneSystemDomestic>
    <NS0:telephoneSystemInternational>satellite earth station - 1 Intersputnik (Indian Ocean Region)</NS0:telephoneSystemInternational>
    <NS0:radios rdf:ID='A66082'>155900</NS0:radios>
    <NS0:televisions rdf:ID='A66084'>168800</NS0:televisions>
    <NS0:internetCountryCode>.mn</NS0:internetCountryCode>
    <NS0:internetServiceProviders rdf:ID='A66087'>5</NS0:internetServiceProviders>
    <NS0:highwaysTotal>3387</NS0:highwaysTotal>
    <NS0:highwaysPaved>1563</NS0:highwaysPaved>
    <NS0:highwaysUnpaved>1824</NS0:highwaysUnpaved>
    <NS0:waterways rdf:ID='A66092'>400</NS0:waterways>
    <NS0:port rdf:resource='#A66094'/>
    <NS0:airports rdf:ID='A66098'>34</NS0:airports>
    <NS0:airportBreakdown rdf:resource='#A66101'/>
    <NS0:airportBreakdown rdf:resource='#A66108'/>
    <NS0:airportBreakdown rdf:resource='#A66114'/>
    <NS0:airportBreakdown rdf:resource='#A66120'/>
    <NS0:airportBreakdown rdf:resource='#A66127'/>
    <NS0:airportBreakdown rdf:resource='#A66134'/>
    <NS0:airportBreakdown rdf:resource='#A66141'/>
    <NS0:militaryAge>18</NS0:militaryAge>
    <NS0:malesOfMilitaryAge rdf:ID='A66148'>748779</NS0:malesOfMilitaryAge>
    <NS0:malesFitForMilitaryService rdf:ID='A66151'>486491</NS0:malesFitForMilitaryService>
    <NS0:malesReachingMilitaryAgeAnnually rdf:ID='A66154'>30230</NS0:malesReachingMilitaryAgeAnnually>
    <NS0:militaryExpenditures rdf:ID='A66157'>25500000</NS0:militaryExpenditures>
    <NS0:militaryExpendituresPercentGDP rdf:ID='A66159'>2.3</NS0:militaryExpendituresPercentGDP>
    <NS0:internationalDispute>none</NS0:internationalDispute>
    <NS0:smallFlag>http://www.cia.gov/cia/publications/factbook/flags/mg-flag.jpg</NS0:smallFlag>
    <NS0:largeFlag>http://www.cia.gov/cia/publications/factbook/flags/mg-lgflag.jpg</NS0:largeFlag>
    <NS0:map>http://www.cia.gov/cia/publications/factbook/maps/mg-map.jpg</NS0:map>
    <NS0:border rdf:resource='#A126772'/>
    <NS0:border rdf:resource='#A126777'/>
    <NS0:exportPartner rdf:resource='#A126782'/>
    <NS0:exportPartner rdf:resource='#A126787'/>
    <NS0:exportPartner rdf:resource='#A126792'/>
    <NS0:exportPartner rdf:ID='A126801' rdf:resource='#A126797'/>
    <NS0:importPartner rdf:resource='#A126803'/>
    <NS0:importPartner rdf:resource='#A126808'/>
    <NS0:importPartner rdf:resource='#A126813'/>
    <NS0:importPartner rdf:resource='#A126818'/>
    <NS0:importPartner rdf:ID='A126827' rdf:resource='#A126823'/>
  </rdf:Description>
  <rdf:Description rdf:about='#A65762'>
    <rdf:type rdf:resource='http://www.daml.org/2001/12/factbook/factbook-ont#ReligionPercent'/>
    <NS0:religion rdf:resource='http://www.daml.org/2001/12/factbook/religions#Muslim'/>
  </rdf:Description>
  <rdf:Description rdf:about='#A66075'>
    <NS0:year>1999</NS0:year>
  </rdf:Description>
  <rdf:Description rdf:about='#A66141'>
    <rdf:type rdf:resource='http://www.daml.org/2001/12/factbook/factbook-ont#AirportBreakdown'/>
    <NS0:paved>false</NS0:paved>
    <NS0:maxRunway>913</NS0:maxRunway>
    <NS0:count>5 (2000 est.)</NS0:count>
  </rdf:Description>
  <rdf:Description rdf:about='#A65757'>
    <rdf:type rdf:resource='http://www.daml.org/2001/12/factbook/factbook-ont#ReligionPercent'/>
    <NS0:religion rdf:resource='http://www.daml.org/2001/12/factbook/religions#Tibetan_Buddhist_Lamaism'/>
    <NS0:percent>96</NS0:percent>
  </rdf:Description>
  <rdf:Description rdf:about='#A65683'>
    <rdf:type rdf:resource='http://www.daml.org/2001/12/factbook/factbook-ont#Estimate'/>
    <NS0:note>July 2001</NS0:note>
  </rdf:Description>
  <rdf:Description rdf:about='#A65752'>
    <rdf:type rdf:resource='http://www.daml.org/2001/12/factbook/factbook-ont#EthnicGroupPercent'/>
    <NS0:ethnicGroup rdf:resource='http://www.daml.org/2001/12/factbook/ethnicGroups#other_3.4%_(1998)'/>
  </rdf:Description>
  <rdf:Description rdf:about='#A66134'>
    <rdf:type rdf:resource='http://www.daml.org/2001/12/factbook/factbook-ont#AirportBreakdown'/>
    <NS0:paved>false</NS0:paved>
    <NS0:minRunway>914</NS0:minRunway>
    <NS0:maxRunway>1523</NS0:maxRunway>
    <NS0:count>3</NS0:count>
  </rdf:Description>
  <rdf:Description rdf:about='#A66066'>
    <rdf:type rdf:resource='http://www.daml.org/2001/12/factbook/factbook-ont#Estimate'/>
    <NS0:year>2000</NS0:year>
  </rdf:Description>
  <rdf:Description rdf:about='#A66092'>
    <NS0:year>1999</NS0:year>
  </rdf:Description>
  <rdf:Description rdf:about='#A65747'>
    <rdf:type rdf:resource='http://www.daml.org/2001/12/factbook/factbook-ont#EthnicGroupPercent'/>
    <NS0:ethnicGroup rdf:resource='http://www.daml.org/2001/12/factbook/ethnicGroups#Tungusic'/>
    <NS0:percent>4.6</NS0:percent>
  </rdf:Description>
  <rdf:Description rdf:about='#A66127'>
    <rdf:type rdf:resource='http://www.daml.org/2001/12/factbook/factbook-ont#AirportBreakdown'/>
    <NS0:paved>false</NS0:paved>
    <NS0:minRunway>1524</NS0:minRunway>
    <NS0:maxRunway>2437</NS0:maxRunway>
    <NS0:count>10</NS0:count>
  </rdf:Description>
  <rdf:Description rdf:about='#A65741'>
    <rdf:type rdf:resource='http://www.daml.org/2001/12/factbook/factbook-ont#EthnicGroupPercent'/>
    <NS0:ethnicGroup rdf:resource='http://www.daml.org/2001/12/factbook/ethnicGroups#Turkic'/>
    <NS0:percent>7</NS0:percent>
  </rdf:Description>
  <rdf:Description rdf:about='#A66120'>
    <rdf:type rdf:resource='http://www.daml.org/2001/12/factbook/factbook-ont#AirportBreakdown'/>
    <NS0:paved>false</NS0:paved>
    <NS0:minRunway>2438</NS0:minRunway>
    <NS0:maxRunway>3047</NS0:maxRunway>
    <NS0:count>5</NS0:count>
  </rdf:Description>
  <rdf:Description rdf:about='#A65957'>
    <NS0:year>1995</NS0:year>
  </rdf:Description>
  <rdf:Description rdf:about='#A65953'>
    <rdf:type rdf:resource='http://www.daml.org/2001/12/factbook/factbook-ont#Estimate'/>
    <NS0:year>2000</NS0:year>
  </rdf:Description>
  <rdf:Description rdf:about='#A65689'>
    <rdf:type rdf:resource='http://www.daml.org/2001/12/factbook/factbook-ont#Estimate'/>
    <NS0:year>2001</NS0:year>
  </rdf:Description>
  <rdf:Description rdf:about='#A65735'>
    <rdf:type rdf:resource='http://www.daml.org/2001/12/factbook/factbook-ont#EthnicGroupPercent'/>
    <NS0:ethnicGroup rdf:resource='http://www.daml.org/2001/12/factbook/ethnicGroups#Mongol'/>
    <NS0:percent>85</NS0:percent>
  </rdf:Description>
  <rdf:Description rdf:about='#A66114'>
    <rdf:type rdf:resource='http://www.daml.org/2001/12/factbook/factbook-ont#AirportBreakdown'/>
    <NS0:paved>false</NS0:paved>
    <NS0:minRunway>3048</NS0:minRunway>
    <NS0:count>3</NS0:count>
  </rdf:Description>
  <rdf:Description rdf:about='#A66148'>
    <rdf:type rdf:resource='http://www.daml.org/2001/12/factbook/factbook-ont#Estimate'/>
    <NS0:year>2001</NS0:year>
  </rdf:Description>
  <rdf:Description rdf:about='#A66108'>
    <rdf:type rdf:resource='http://www.daml.org/2001/12/factbook/factbook-ont#AirportBreakdown'/>
    <NS0:paved>true</NS0:paved>
    <NS0:maxRunway>913</NS0:maxRunway>
    <NS0:count>1 (2000 est.)</NS0:count>
  </rdf:Description>
  <rdf:Description rdf:about='#A126827'>
    <NS0:note>1999</NS0:note>
  </rdf:Description>
  <rdf:Description rdf:about='#A66069'>
    <rdf:type rdf:resource='http://www.daml.org/2001/12/factbook/factbook-ont#Estimate'/>
    <NS0:year>1998</NS0:year>
  </rdf:Description>
  <rdf:Description rdf:about='#A65721'>
    <rdf:type rdf:resource='http://www.daml.org/2001/12/factbook/factbook-ont#SexRatioBreakdown'/>
    <NS0:ratio>1</NS0:ratio>
  </rdf:Description>
  <rdf:Description rdf:about='#A66101'>
    <rdf:type rdf:resource='http://www.daml.org/2001/12/factbook/factbook-ont#AirportBreakdown'/>
    <NS0:paved>true</NS0:paved>
    <NS0:minRunway>2438</NS0:minRunway>
    <NS0:maxRunway>3047</NS0:maxRunway>
    <NS0:count>7</NS0:count>
  </rdf:Description>
  <rdf:Description rdf:about='#A65789'>
    <NS0:year>1999</NS0:year>
  </rdf:Description>
  <rdf:Description rdf:about='#A65716'>
    <rdf:type rdf:resource='http://www.daml.org/2001/12/factbook/factbook-ont#SexRatioBreakdown'/>
    <NS0:minAge>65</NS0:minAge>
    <NS0:ratio>0.76</NS0:ratio>
  </rdf:Description>
  <rdf:Description rdf:about='#A66094'>
    <rdf:type rdf:resource='http://www.daml.org/2001/12/factbook/factbook-ont#Port'/>
    <NS0:name>none</NS0:name>
  </rdf:Description>
  <rdf:Description rdf:about='#A65660'>
    <rdf:type rdf:resource='http://www.daml.org/2001/12/factbook/factbook-ont#Estimate'/>
    <NS0:year>2000</NS0:year>
  </rdf:Description>
  <rdf:Description rdf:about='#A126801'>
    <NS0:note>2000 est.</NS0:note>
  </rdf:Description>
  <rdf:Description rdf:about='#A65710'>
    <rdf:type rdf:resource='http://www.daml.org/2001/12/factbook/factbook-ont#SexRatioBreakdown'/>
    <NS0:minAge>15</NS0:minAge>
    <NS0:maxAge>64</NS0:maxAge>
    <NS0:ratio>1</NS0:ratio>
  </rdf:Description>
  <rdf:Description rdf:about='#A65704'>
    <rdf:type rdf:resource='http://www.daml.org/2001/12/factbook/factbook-ont#SexRatioBreakdown'/>
    <NS0:minAge>0</NS0:minAge>
    <NS0:maxAge>14</NS0:maxAge>
    <NS0:ratio>1.03</NS0:ratio>
  </rdf:Description>
</rdf:RDF>
