<?xml version='1.0' encoding='ISO-8859-1'?>
<rdf:RDF
  xmlns:rdf='http://www.w3.org/1999/02/22-rdf-syntax-ns#'
  xmlns:NS0='http://www.daml.org/2001/12/factbook/factbook-ont#'
  xmlns:rdfs='http://www.w3.org/2000/01/rdf-schema#'
  xml:base="http://www.daml.org/2001/12/factbook/mh">
  <rdf:Description rdf:about='#A66335'>
    <rdf:type rdf:resource='http://www.daml.org/2001/12/factbook/factbook-ont#Estimate'/>
    <NS0:year>1999</NS0:year>
  </rdf:Description>
  <rdf:Description rdf:about='#A66248'>
    <rdf:type rdf:resource='http://www.daml.org/2001/12/factbook/factbook-ont#Estimate'/>
    <NS0:year>2001</NS0:year>
  </rdf:Description>
  <rdf:Description rdf:about='#A66273'>
    <rdf:type rdf:resource='http://www.daml.org/2001/12/factbook/factbook-ont#ReligionPercent'/>
    <NS0:religion rdf:resource='http://www.daml.org/2001/12/factbook/religions#Pentecostal'/>
  </rdf:Description>
  <rdf:Description rdf:about='#A66368'>
    <rdf:type rdf:resource='http://www.daml.org/2001/12/factbook/factbook-ont#Estimate'/>
    <NS0:year>1997</NS0:year>
  </rdf:Description>
  <rdf:Description rdf:about='#A66269'>
    <rdf:type rdf:resource='http://www.daml.org/2001/12/factbook/factbook-ont#ReligionPercent'/>
    <NS0:religion rdf:resource='http://www.daml.org/2001/12/factbook/religions#Roman_Catholic'/>
  </rdf:Description>
  <rdf:Description rdf:about='#A66380'>
    <NS0:year>1999</NS0:year>
  </rdf:Description>
  <rdf:Description rdf:about='#A66265'>
    <rdf:type rdf:resource='http://www.daml.org/2001/12/factbook/factbook-ont#ReligionPercent'/>
    <NS0:religion rdf:resource='http://www.daml.org/2001/12/factbook/religions#Methodist'/>
  </rdf:Description>
  <rdf:Description rdf:about='#A126857'>
    <NS0:note>1993</NS0:note>
  </rdf:Description>
  <rdf:Description rdf:about='#A126836'>
    <NS0:note>1993</NS0:note>
  </rdf:Description>
  <rdf:Description rdf:about='#A66261'>
    <rdf:type rdf:resource='http://www.daml.org/2001/12/factbook/factbook-ont#ReligionPercent'/>
    <NS0:religion rdf:resource='http://www.daml.org/2001/12/factbook/religions#Anglican'/>
  </rdf:Description>
  <rdf:Description rdf:about='#A66257'>
    <rdf:type rdf:resource='http://www.daml.org/2001/12/factbook/factbook-ont#EthnicGroupPercent'/>
    <NS0:ethnicGroup rdf:resource='http://www.daml.org/2001/12/factbook/ethnicGroups#white'/>
  </rdf:Description>
  <rdf:Description rdf:about='#A66213'>
    <rdf:type rdf:resource='http://www.daml.org/2001/12/factbook/factbook-ont#Estimate'/>
    <NS0:year>2001</NS0:year>
  </rdf:Description>
  <rdf:Description rdf:about='#A66253'>
    <rdf:type rdf:resource='http://www.daml.org/2001/12/factbook/factbook-ont#EthnicGroupPercent'/>
    <NS0:ethnicGroup rdf:resource='http://www.daml.org/2001/12/factbook/ethnicGroups#black'/>
  </rdf:Description>
  <rdf:Description rdf:about='#A66443'>
    <rdf:type rdf:resource='http://www.daml.org/2001/12/factbook/factbook-ont#CommodityPercent'/>
    <NS0:importsCommodity rdf:resource='http://www.daml.org/2001/12/factbook/commodities#related_materials'/>
  </rdf:Description>
  <rdf:Description rdf:about='#A66439'>
    <rdf:type rdf:resource='http://www.daml.org/2001/12/factbook/factbook-ont#CommodityPercent'/>
    <NS0:importsCommodity rdf:resource='http://www.daml.org/2001/12/factbook/commodities#lubricants'/>
  </rdf:Description>
  <rdf:Description rdf:about='#A66435'>
    <rdf:type rdf:resource='http://www.daml.org/2001/12/factbook/factbook-ont#CommodityPercent'/>
    <NS0:importsCommodity rdf:resource='http://www.daml.org/2001/12/factbook/commodities#fuels'/>
  </rdf:Description>
  <rdf:Description rdf:about='#A66431'>
    <rdf:type rdf:resource='http://www.daml.org/2001/12/factbook/factbook-ont#CommodityPercent'/>
    <NS0:importsCommodity rdf:resource='http://www.daml.org/2001/12/factbook/commodities#manufactured_goods'/>
  </rdf:Description>
  <rdf:Description rdf:about='#A66239'>
    <rdf:type rdf:resource='http://www.daml.org/2001/12/factbook/factbook-ont#SexRatioBreakdown'/>
    <NS0:ratio>0.96</NS0:ratio>
  </rdf:Description>
  <rdf:Description rdf:about='#A66382'>
    <NS0:year>1999</NS0:year>
  </rdf:Description>
  <rdf:Description rdf:about='#A66427'>
    <rdf:type rdf:resource='http://www.daml.org/2001/12/factbook/factbook-ont#CommodityPercent'/>
    <NS0:importsCommodity rdf:resource='http://www.daml.org/2001/12/factbook/commodities#foodstuffs'/>
  </rdf:Description>
  <rdf:Description rdf:about='#A66207'>
    <rdf:type rdf:resource='http://www.daml.org/2001/12/factbook/factbook-ont#Estimate'/>
    <NS0:year>2001</NS0:year>
  </rdf:Description>
  <rdf:Description rdf:about='#A66234'>
    <rdf:type rdf:resource='http://www.daml.org/2001/12/factbook/factbook-ont#SexRatioBreakdown'/>
    <NS0:minAge>65</NS0:minAge>
    <NS0:ratio>1.14</NS0:ratio>
  </rdf:Description>
  <rdf:Description rdf:about='#A66423'>
    <rdf:type rdf:resource='http://www.daml.org/2001/12/factbook/factbook-ont#CommodityPercent'/>
    <NS0:importsCommodity rdf:resource='http://www.daml.org/2001/12/factbook/commodities#machinery_and_transportation_equipment'/>
  </rdf:Description>
  <rdf:Description rdf:about='#A66386'>
    <NS0:year>1999</NS0:year>
  </rdf:Description>
  <rdf:Description rdf:about='#A66228'>
    <rdf:type rdf:resource='http://www.daml.org/2001/12/factbook/factbook-ont#SexRatioBreakdown'/>
    <NS0:minAge>15</NS0:minAge>
    <NS0:maxAge>64</NS0:maxAge>
    <NS0:ratio>0.92</NS0:ratio>
  </rdf:Description>
  <rdf:Description rdf:about='#A66417'>
    <rdf:type rdf:resource='http://www.daml.org/2001/12/factbook/factbook-ont#CommodityPercent'/>
    <NS0:exportsCommodity rdf:resource='http://www.daml.org/2001/12/factbook/commodities#cattle'/>
  </rdf:Description>
  <rdf:Description rdf:about='#A66413'>
    <rdf:type rdf:resource='http://www.daml.org/2001/12/factbook/factbook-ont#CommodityPercent'/>
    <NS0:exportsCommodity rdf:resource='http://www.daml.org/2001/12/factbook/commodities#live_plants'/>
  </rdf:Description>
  <rdf:Description rdf:about='#A66222'>
    <rdf:type rdf:resource='http://www.daml.org/2001/12/factbook/factbook-ont#SexRatioBreakdown'/>
    <NS0:minAge>0</NS0:minAge>
    <NS0:maxAge>14</NS0:maxAge>
    <NS0:ratio>1.01</NS0:ratio>
  </rdf:Description>
  <rdf:Description rdf:about='#A66409'>
    <rdf:type rdf:resource='http://www.daml.org/2001/12/factbook/factbook-ont#CommodityPercent'/>
    <NS0:exportsCommodity rdf:resource='http://www.daml.org/2001/12/factbook/commodities#hot_peppers'/>
  </rdf:Description>
  <rdf:Description rdf:about='#A66302'>
    <NS0:note>interim government buildings have been built at Brades, in the Carr&apos;s Bay/Little Bay vicinity at the northwest end of Montserrat)</NS0:note>
  </rdf:Description>
  <rdf:Description rdf:about='#A66216'>
    <rdf:type rdf:resource='http://www.daml.org/2001/12/factbook/factbook-ont#SexRatioBreakdown'/>
    <NS0:minAge>0</NS0:minAge>
    <NS0:maxAge>0</NS0:maxAge>
    <NS0:ratio>1.05</NS0:ratio>
  </rdf:Description>
  <rdf:Description rdf:about='#A66405'>
    <rdf:type rdf:resource='http://www.daml.org/2001/12/factbook/factbook-ont#CommodityPercent'/>
    <NS0:exportsCommodity rdf:resource='http://www.daml.org/2001/12/factbook/commodities#apparel'/>
  </rdf:Description>
  <rdf:Description rdf:about='#A66245'>
    <rdf:type rdf:resource='http://www.daml.org/2001/12/factbook/factbook-ont#Estimate'/>
    <NS0:year>2001</NS0:year>
  </rdf:Description>
  <rdf:Description rdf:about='#A66401'>
    <rdf:type rdf:resource='http://www.daml.org/2001/12/factbook/factbook-ont#CommodityPercent'/>
    <NS0:exportsCommodity rdf:resource='http://www.daml.org/2001/12/factbook/commodities#plastic_bags'/>
  </rdf:Description>
  <rdf:Description rdf:about='#A66397'>
    <rdf:type rdf:resource='http://www.daml.org/2001/12/factbook/factbook-ont#CommodityPercent'/>
    <NS0:exportsCommodity rdf:resource='http://www.daml.org/2001/12/factbook/commodities#electronic_components'/>
  </rdf:Description>
  <rdf:Description rdf:about='#A66466'>
    <NS0:year>2000</NS0:year>
  </rdf:Description>
  <rdf:Description rdf:about='#Parish'>
    <rdf:type rdf:resource='http://www.w3.org/2000/01/rdf-schema#Class'/>
    <rdfs:subClassOf rdf:resource='http://www.daml.org/2001/12/factbook/factbook-ont#AdministrativeDivision'/>
    <rdfs:label>Parish</rdfs:label>
  </rdf:Description>
  <rdf:Description rdf:about='#A66187'>
    <rdf:type rdf:resource='http://www.daml.org/2001/12/factbook/factbook-ont#ElevationExtreme'/>
    <NS0:name>Chances Peak (in the Soufriere Hills)</NS0:name>
    <NS0:elevation>914</NS0:elevation>
  </rdf:Description>
  <rdf:Description rdf:about='#A66343'>
    <rdf:type rdf:resource='http://www.daml.org/2001/12/factbook/factbook-ont#Estimate'/>
    <NS0:year>1996</NS0:year>
  </rdf:Description>
  <rdf:Description rdf:about='#A66182'>
    <rdf:type rdf:resource='http://www.daml.org/2001/12/factbook/factbook-ont#ElevationExtreme'/>
    <NS0:name>Caribbean Sea</NS0:name>
    <NS0:elevation>0</NS0:elevation>
  </rdf:Description>
  <rdf:Description rdf:about='#A66346'>
    <NS0:year>1998</NS0:year>
  </rdf:Description>
  <rdf:Description rdf:about='#A66484'>
    <rdf:type rdf:resource='http://www.daml.org/2001/12/factbook/factbook-ont#Estimate'/>
    <NS0:year>2000</NS0:year>
  </rdf:Description>
  <rdf:Description rdf:about='#A66210'>
    <rdf:type rdf:resource='http://www.daml.org/2001/12/factbook/factbook-ont#Estimate'/>
    <NS0:year>2001</NS0:year>
  </rdf:Description>
  <rdf:Description rdf:about='#A66197'>
    <rdf:type rdf:resource='http://www.daml.org/2001/12/factbook/factbook-ont#Estimate'/>
    <NS0:year>1993</NS0:year>
  </rdf:Description>
  <rdf:Description rdf:about='#A66384'>
    <NS0:year>1999</NS0:year>
  </rdf:Description>
  <rdf:Description rdf:about='#A66470'>
    <NS0:year>1995</NS0:year>
  </rdf:Description>
  <rdf:Description rdf:about='#A66167'>
    <rdf:type rdf:resource='http://www.daml.org/2001/12/factbook/factbook-ont#LatLon'/>
    <NS0:latitude>16.75</NS0:latitude>
    <NS0:longitude>-62.2</NS0:longitude>
  </rdf:Description>
  <rdf:Description rdf:about='#A66358'>
    <rdf:type rdf:resource='http://www.daml.org/2001/12/factbook/factbook-ont#OccupationPercent'/>
    <NS0:occupation rdf:resource='http://www.daml.org/2001/12/factbook/occupations#services'/>
    <NS0:percent>NA</NS0:percent>
  </rdf:Description>
  <rdf:Description rdf:about='#A66353'>
    <rdf:type rdf:resource='http://www.daml.org/2001/12/factbook/factbook-ont#OccupationPercent'/>
    <NS0:occupation rdf:resource='http://www.daml.org/2001/12/factbook/occupations#industry'/>
    <NS0:percent>NA</NS0:percent>
  </rdf:Description>
  <rdf:Description rdf:about='#A66395'>
    <NS0:year>1998</NS0:year>
  </rdf:Description>
  <rdf:Description rdf:about='#A66348'>
    <rdf:type rdf:resource='http://www.daml.org/2001/12/factbook/factbook-ont#OccupationPercent'/>
    <NS0:occupation rdf:resource='http://www.daml.org/2001/12/factbook/occupations#agriculture'/>
    <NS0:percent>NA</NS0:percent>
  </rdf:Description>
  <rdf:Description rdf:about='#A66204'>
    <rdf:type rdf:resource='http://www.daml.org/2001/12/factbook/factbook-ont#Estimate'/>
    <NS0:year>2001</NS0:year>
  </rdf:Description>
  <rdf:Description rdf:about='http://www.daml.org/2001/09/countries/fips#MH'>
    <NS0:background>Much of this island has been devastated and two-thirds of the population has fled abroad due to the eruption of the Soufriere Hills volcano that began on 18 July 1995.</NS0:background>
    <NS0:location>Caribbean, island in the Caribbean Sea, southeast of Puerto Rico</NS0:location>
    <NS0:geographicCoordinates rdf:resource='#A66167'/>
    <NS0:mapReferences>Central America and the Caribbean</NS0:mapReferences>
    <NS0:totalArea>100</NS0:totalArea>
    <NS0:landArea>100</NS0:landArea>
    <NS0:waterArea>0</NS0:waterArea>
    <NS0:comparativeArea>about 0.6 times the size of Washington, DC</NS0:comparativeArea>
    <NS0:coastline>40</NS0:coastline>
    <NS0:exclusiveFishingZone>200</NS0:exclusiveFishingZone>
    <NS0:territorialSea>3</NS0:territorialSea>
    <NS0:climate>tropical; little daily or seasonal temperature variation</NS0:climate>
    <NS0:terrain>volcanic islands, mostly mountainous, with small coastal lowland</NS0:terrain>
    <NS0:lowestPoint rdf:resource='#A66182'/>
    <NS0:highestPoint rdf:resource='#A66187'/>
    <NS0:naturalResource rdf:resource='http://www.daml.org/2001/12/factbook/naturalResources#NEGL'/>
    <NS0:arableLand>20</NS0:arableLand>
    <NS0:permanentCrops>0</NS0:permanentCrops>
    <NS0:permanentPastures>10</NS0:permanentPastures>
    <NS0:forestsAndWoodland>40</NS0:forestsAndWoodland>
    <NS0:otherLandUse rdf:ID='A66197'>30</NS0:otherLandUse>
    <NS0:naturalHazard>severe hurricanes</NS0:naturalHazard>
    <NS0:naturalHazard>volcanic eruptions</NS0:naturalHazard>
    <NS0:environmentalIssue>land erosion occurs on slopes that have been cleared for cultivation</NS0:environmentalIssue>
    <NS0:population>7574</NS0:population>
    <NS0:populationGrowthRate rdf:ID='A66204'>13.39</NS0:populationGrowthRate>
    <NS0:birthRate rdf:ID='A66207'>17.43</NS0:birthRate>
    <NS0:deathRate rdf:ID='A66210'>7.53</NS0:deathRate>
    <NS0:netMigrationRate rdf:ID='A66213'>123.98</NS0:netMigrationRate>
    <NS0:sexRatio rdf:resource='#A66216'/>
    <NS0:sexRatio rdf:resource='#A66222'/>
    <NS0:sexRatio rdf:resource='#A66228'/>
    <NS0:sexRatio rdf:resource='#A66234'/>
    <NS0:sexRatio rdf:ID='A66242' rdf:resource='#A66239'/>
    <NS0:infantMortalityRate rdf:ID='A66245'>8.19</NS0:infantMortalityRate>
    <NS0:totalFertilityRate rdf:ID='A66248'>1.82</NS0:totalFertilityRate>
    <NS0:nationalityNoun>Montserratian(s)</NS0:nationalityNoun>
    <NS0:nationalityAdjective>Montserratian</NS0:nationalityAdjective>
    <NS0:ethnicGroup rdf:resource='#A66253'/>
    <NS0:ethnicGroup rdf:resource='#A66257'/>
    <NS0:religion rdf:resource='#A66261'/>
    <NS0:religion rdf:resource='#A66265'/>
    <NS0:religion rdf:resource='#A66269'/>
    <NS0:religion rdf:resource='#A66273'/>
    <NS0:religion rdf:resource='#A66277'/>
    <NS0:religion rdf:resource='#A66281'/>
    <NS0:language rdf:resource='#A66285'/>
    <NS0:literacyDefinition>age 15 and over has ever attended school</NS0:literacyDefinition>
    <NS0:literacyTotal>97</NS0:literacyTotal>
    <NS0:literacyMale>97</NS0:literacyMale>
    <NS0:literacyFemale rdf:ID='A66292'>97</NS0:literacyFemale>
    <NS0:conventionalLongCountryName>none</NS0:conventionalLongCountryName>
    <NS0:conventionalShortCountryName>Montserrat</NS0:conventionalShortCountryName>
    <NS0:dependencyStatus>overseas territory of the UK</NS0:dependencyStatus>
    <NS0:governmentType rdf:resource='http://www.daml.org/2001/12/factbook/governmentTypes#NA'/>
    <NS0:capital rdf:ID='A66302' rdf:resource='#A66299'/>
    <NS0:administrativeDivision rdf:resource='#A66307'/>
    <NS0:administrativeDivision rdf:resource='#A66311'/>
    <NS0:administrativeDivision rdf:resource='#A66315'/>
    <NS0:independence>none (overseas territory of the UK)</NS0:independence>
    <NS0:constitution>present constitution came into force 19 December 1989</NS0:constitution>
    <NS0:legalSystem>English common law and statutory law</NS0:legalSystem>
    <NS0:suffrage>18 years of age; universal</NS0:suffrage>
    <NS0:participatesIn rdf:resource='http://www.daml.org/2001/12/factbook/internationalOrganizations#Caricom'/>
    <NS0:participatesIn rdf:resource='http://www.daml.org/2001/12/factbook/internationalOrganizations#CDB'/>
    <NS0:participatesIn rdf:resource='http://www.daml.org/2001/12/factbook/internationalOrganizations#ECLAC'/>
    <NS0:participatesIn rdf:resource='http://www.daml.org/2001/12/factbook/internationalOrganizations#ICFTU'/>
    <NS0:participatesIn rdf:resource='http://www.daml.org/2001/12/factbook/internationalOrganizations#Interpol'/>
    <NS0:participatesIn rdf:resource='http://www.daml.org/2001/12/factbook/internationalOrganizations#OECS'/>
    <NS0:participatesIn rdf:resource='http://www.daml.org/2001/12/factbook/internationalOrganizations#WCL'/>
    <NS0:flagDescription>blue, with the flag of the UK in the upper hoist-side quadrant and the Montserratian coat of arms centered in the outer half of the flag; the coat of arms features a woman standing beside a yellow harp with her arm around a black cross</NS0:flagDescription>
    <NS0:economyOverview>Severe volcanic activity, which began in July 1995, has put a damper on this small, open economy. A catastrophic eruption in June 1997 closed the airports and seaports, causing further economic and social dislocation. Two-thirds of the 12,000 inhabitants fled the island. Some began to return in 1998, but lack of housing limited the number. The agriculture sector continued to be affected by the lack of suitable land for farming and the destruction of crops. Prospects for the economy depend largely on developments in relation to the volcano and on public sector construction activity. The UK committed to a three year $125 million aid program in 1999 to help reconstruct the economy.</NS0:economyOverview>
    <NS0:grossDomesticProduct rdf:ID='A66332'>31000000</NS0:grossDomesticProduct>
    <NS0:grossDomesticProductRealGrowth rdf:ID='A66335'>-1.5</NS0:grossDomesticProductRealGrowth>
    <NS0:grossDomesticProductPerCapita rdf:ID='A66338'>5000</NS0:grossDomesticProductPerCapita>
    <NS0:grossDomesticProductAgriculture>5.4</NS0:grossDomesticProductAgriculture>
    <NS0:grossDomesticProductIndustry>13.6</NS0:grossDomesticProductIndustry>
    <NS0:grossDomesticProductServices rdf:ID='A66343'>81</NS0:grossDomesticProductServices>
    <NS0:inflationRate rdf:ID='A66346'>5</NS0:inflationRate>
    <NS0:occupation rdf:resource='#A66348'/>
    <NS0:occupation rdf:resource='#A66353'/>
    <NS0:occupation rdf:resource='#A66358'/>
    <NS0:unemploymentRate rdf:ID='A66363'>20</NS0:unemploymentRate>
    <NS0:budgetRevenues>31400000</NS0:budgetRevenues>
    <NS0:budgetExpenditures>31600000</NS0:budgetExpenditures>
    <NS0:budgetCapitalExpenditures rdf:ID='A66368'>8400000</NS0:budgetCapitalExpenditures>
    <NS0:industry rdf:resource='http://www.daml.org/2001/12/factbook/industries#tourism'/>
    <NS0:industry rdf:resource='http://www.daml.org/2001/12/factbook/industries#rum'/>
    <NS0:industry rdf:resource='http://www.daml.org/2001/12/factbook/industries#textiles'/>
    <NS0:industry rdf:resource='http://www.daml.org/2001/12/factbook/industries#electronic_appliances'/>
    <NS0:electricityProduction rdf:ID='A66375'>10000000</NS0:electricityProduction>
    <NS0:electricityProductionFossilFuel>100</NS0:electricityProductionFossilFuel>
    <NS0:electricityProductionHydro>0</NS0:electricityProductionHydro>
    <NS0:electricityProductionNuclear>0</NS0:electricityProductionNuclear>
    <NS0:electricityProductionOther rdf:ID='A66380'>0</NS0:electricityProductionOther>
    <NS0:electricityConsumption rdf:ID='A66382'>9300000</NS0:electricityConsumption>
    <NS0:electricityExports rdf:ID='A66384'>0</NS0:electricityExports>
    <NS0:electricityImports rdf:ID='A66386'>0</NS0:electricityImports>
    <NS0:agricultureProduct rdf:resource='http://www.daml.org/2001/12/factbook/agricultureProducts#cabbages'/>
    <NS0:agricultureProduct rdf:resource='http://www.daml.org/2001/12/factbook/agricultureProducts#carrots'/>
    <NS0:agricultureProduct rdf:resource='http://www.daml.org/2001/12/factbook/agricultureProducts#cucumbers'/>
    <NS0:agricultureProduct rdf:resource='http://www.daml.org/2001/12/factbook/agricultureProducts#tomatoes'/>
    <NS0:agricultureProduct rdf:resource='http://www.daml.org/2001/12/factbook/agricultureProducts#onions'/>
    <NS0:agricultureProduct rdf:resource='http://www.daml.org/2001/12/factbook/agricultureProducts#peppers'/>
    <NS0:agricultureProduct rdf:resource='http://www.daml.org/2001/12/factbook/agricultureProducts#livestock_products'/>
    <NS0:exports rdf:ID='A66395'>1500000</NS0:exports>
    <NS0:exportsCommodity rdf:resource='#A66397'/>
    <NS0:exportsCommodity rdf:resource='#A66401'/>
    <NS0:exportsCommodity rdf:resource='#A66405'/>
    <NS0:exportsCommodity rdf:resource='#A66409'/>
    <NS0:exportsCommodity rdf:resource='#A66413'/>
    <NS0:exportsCommodity rdf:resource='#A66417'/>
    <NS0:imports rdf:ID='A66421'>26000000</NS0:imports>
    <NS0:importsCommodity rdf:resource='#A66423'/>
    <NS0:importsCommodity rdf:resource='#A66427'/>
    <NS0:importsCommodity rdf:resource='#A66431'/>
    <NS0:importsCommodity rdf:resource='#A66435'/>
    <NS0:importsCommodity rdf:resource='#A66439'/>
    <NS0:importsCommodity rdf:resource='#A66443'/>
    <NS0:externalDebt rdf:ID='A66447'>8900000</NS0:externalDebt>
    <NS0:currency>East Caribbean dollar (XCD)</NS0:currency>
    <NS0:currencyCode>XCD</NS0:currencyCode>
    <NS0:fiscalYear>1 April - 31 March</NS0:fiscalYear>
    <NS0:mainTelephoneLines rdf:ID='A66452'>4000</NS0:mainTelephoneLines>
    <NS0:mobileTelephoneLines rdf:ID='A66454'>70</NS0:mobileTelephoneLines>
    <NS0:telephoneSystemGeneralAssessment>NA</NS0:telephoneSystemGeneralAssessment>
    <NS0:telephoneSystemDomestic>NA</NS0:telephoneSystemDomestic>
    <NS0:telephoneSystemInternational>NA</NS0:telephoneSystemInternational>
    <NS0:radios rdf:ID='A66459'>7000</NS0:radios>
    <NS0:televisionBroadcastStations rdf:ID='A66461'>1</NS0:televisionBroadcastStations>
    <NS0:televisions rdf:ID='A66463'>3000</NS0:televisions>
    <NS0:internetCountryCode>.ms</NS0:internetCountryCode>
    <NS0:internetServiceProviders rdf:ID='A66466'>17</NS0:internetServiceProviders>
    <NS0:highwaysTotal>269</NS0:highwaysTotal>
    <NS0:highwaysPaved>203</NS0:highwaysPaved>
    <NS0:highwaysUnpaved rdf:ID='A66470'>66</NS0:highwaysUnpaved>
    <NS0:port rdf:resource='#A66472'/>
    <NS0:port rdf:resource='#A66476'/>
    <NS0:port rdf:resource='#A66480'/>
    <NS0:airports rdf:ID='A66484'>1</NS0:airports>
    <NS0:airportBreakdown rdf:resource='#A66487'/>
    <NS0:internationalDispute>none</NS0:internationalDispute>
    <NS0:illicitDrugs>transshipment point for South American narcotics destined for the US and Europe</NS0:illicitDrugs>
    <NS0:smallFlag>http://www.cia.gov/cia/publications/factbook/flags/mh-flag.jpg</NS0:smallFlag>
    <NS0:largeFlag>http://www.cia.gov/cia/publications/factbook/flags/mh-lgflag.jpg</NS0:largeFlag>
    <NS0:map>http://www.cia.gov/cia/publications/factbook/maps/mh-map.jpg</NS0:map>
    <NS0:exportPartner rdf:resource='#A126829'/>
    <NS0:exportPartner rdf:ID='A126836' rdf:resource='#A126833'/>
    <NS0:importPartner rdf:resource='#A126838'/>
    <NS0:importPartner rdf:resource='#A126842'/>
    <NS0:importPartner rdf:resource='#A126846'/>
    <NS0:importPartner rdf:resource='#A126850'/>
    <NS0:importPartner rdf:ID='A126857' rdf:resource='#A126854'/>
  </rdf:Description>
  <rdf:Description rdf:about='#A66363'>
    <rdf:type rdf:resource='http://www.daml.org/2001/12/factbook/factbook-ont#Estimate'/>
    <NS0:year>1996</NS0:year>
  </rdf:Description>
  <rdf:Description rdf:about='#A66454'>
    <NS0:year>1994</NS0:year>
  </rdf:Description>
  <rdf:Description rdf:about='#A66332'>
    <rdf:type rdf:resource='http://www.daml.org/2001/12/factbook/factbook-ont#Estimate'/>
    <NS0:year>1999</NS0:year>
  </rdf:Description>
  <rdf:Description rdf:about='#A66292'>
    <rdf:type rdf:resource='http://www.daml.org/2001/12/factbook/factbook-ont#Estimate'/>
    <NS0:year>1970</NS0:year>
  </rdf:Description>
  <rdf:Description rdf:about='#A66463'>
    <NS0:year>1997</NS0:year>
  </rdf:Description>
  <rdf:Description rdf:about='#A66338'>
    <rdf:type rdf:resource='http://www.daml.org/2001/12/factbook/factbook-ont#Estimate'/>
    <NS0:year>1999</NS0:year>
  </rdf:Description>
  <rdf:Description rdf:about='#A66315'>
    <rdf:type rdf:resource='#Parish'/>
    <NS0:name>Saint Peter&apos;s</NS0:name>
  </rdf:Description>
  <rdf:Description rdf:about='#A66311'>
    <rdf:type rdf:resource='#Parish'/>
    <NS0:name>Saint Georges</NS0:name>
  </rdf:Description>
  <rdf:Description rdf:about='#A66421'>
    <NS0:year>1998</NS0:year>
  </rdf:Description>
  <rdf:Description rdf:about='#A66242'>
    <rdf:type rdf:resource='http://www.daml.org/2001/12/factbook/factbook-ont#Estimate'/>
    <NS0:year>2001</NS0:year>
  </rdf:Description>
  <rdf:Description rdf:about='#A66375'>
    <NS0:year>1999</NS0:year>
  </rdf:Description>
  <rdf:Description rdf:about='#A126854'>
    <rdf:type rdf:resource='http://www.daml.org/2001/12/factbook/factbook-ont#CountryPercent'/>
    <NS0:country rdf:resource='http://www.daml.org/2001/09/countries/fips#CA'/>
  </rdf:Description>
  <rdf:Description rdf:about='#A66452'>
    <NS0:year>1997</NS0:year>
  </rdf:Description>
  <rdf:Description rdf:about='#A66307'>
    <rdf:type rdf:resource='#Parish'/>
    <NS0:name>Saint Anthony</NS0:name>
  </rdf:Description>
  <rdf:Description rdf:about='#A126850'>
    <rdf:type rdf:resource='http://www.daml.org/2001/12/factbook/factbook-ont#CountryPercent'/>
    <NS0:country rdf:resource='http://www.daml.org/2001/09/countries/fips#JA'/>
  </rdf:Description>
  <rdf:Description rdf:about='#A66299'>
    <rdf:type rdf:resource='http://www.daml.org/2001/12/factbook/factbook-ont#CapitalCity'/>
    <NS0:name>Plymouth (abandoned in 1997 due to volcanic activity</NS0:name>
  </rdf:Description>
  <rdf:Description rdf:about='#A126846'>
    <rdf:type rdf:resource='http://www.daml.org/2001/12/factbook/factbook-ont#CountryPercent'/>
    <NS0:country rdf:resource='http://www.daml.org/2001/09/countries/fips#TD'/>
  </rdf:Description>
  <rdf:Description rdf:about='#A66459'>
    <NS0:year>1997</NS0:year>
  </rdf:Description>
  <rdf:Description rdf:about='#A66447'>
    <NS0:year>1997</NS0:year>
  </rdf:Description>
  <rdf:Description rdf:about='#A66487'>
    <rdf:type rdf:resource='http://www.daml.org/2001/12/factbook/factbook-ont#AirportBreakdown'/>
    <NS0:paved>true</NS0:paved>
    <NS0:maxRunway>913</NS0:maxRunway>
    <NS0:count>1 (2000 est.)</NS0:count>
  </rdf:Description>
  <rdf:Description rdf:about='#A126842'>
    <rdf:type rdf:resource='http://www.daml.org/2001/12/factbook/factbook-ont#CountryPercent'/>
    <NS0:country rdf:resource='http://www.daml.org/2001/09/countries/fips#UK'/>
  </rdf:Description>
  <rdf:Description rdf:about='#A126838'>
    <rdf:type rdf:resource='http://www.daml.org/2001/12/factbook/factbook-ont#CountryPercent'/>
    <NS0:country rdf:resource='http://www.daml.org/2001/09/countries/fips#US'/>
  </rdf:Description>
  <rdf:Description rdf:about='#A66461'>
    <NS0:year>1997</NS0:year>
  </rdf:Description>
  <rdf:Description rdf:about='#A66480'>
    <rdf:type rdf:resource='http://www.daml.org/2001/12/factbook/factbook-ont#Port'/>
    <NS0:name>Carr&apos;s Bay</NS0:name>
  </rdf:Description>
  <rdf:Description rdf:about='#A126833'>
    <rdf:type rdf:resource='http://www.daml.org/2001/12/factbook/factbook-ont#CountryPercent'/>
    <NS0:country rdf:resource='http://www.daml.org/2001/09/countries/fips#AC'/>
  </rdf:Description>
  <rdf:Description rdf:about='#A66285'>
    <rdf:type rdf:resource='http://www.daml.org/2001/12/factbook/factbook-ont#LanguagePercent'/>
    <NS0:language rdf:resource='http://www.daml.org/2001/12/factbook/languages#English'/>
  </rdf:Description>
  <rdf:Description rdf:about='#A66476'>
    <rdf:type rdf:resource='http://www.daml.org/2001/12/factbook/factbook-ont#Port'/>
    <NS0:name>Little Bay</NS0:name>
  </rdf:Description>
  <rdf:Description rdf:about='#A126829'>
    <rdf:type rdf:resource='http://www.daml.org/2001/12/factbook/factbook-ont#CountryPercent'/>
    <NS0:country rdf:resource='http://www.daml.org/2001/09/countries/fips#US'/>
  </rdf:Description>
  <rdf:Description rdf:about='#A66281'>
    <rdf:type rdf:resource='http://www.daml.org/2001/12/factbook/factbook-ont#ReligionPercent'/>
    <NS0:religion rdf:resource='http://www.daml.org/2001/12/factbook/religions#other_Christian_denominations'/>
  </rdf:Description>
  <rdf:Description rdf:about='#A66472'>
    <rdf:type rdf:resource='http://www.daml.org/2001/12/factbook/factbook-ont#Port'/>
    <NS0:name>Plymouth</NS0:name>
  </rdf:Description>
  <rdf:Description rdf:about='#A66277'>
    <rdf:type rdf:resource='http://www.daml.org/2001/12/factbook/factbook-ont#ReligionPercent'/>
    <NS0:religion rdf:resource='http://www.daml.org/2001/12/factbook/religions#Seventh-Day_Adventist'/>
  </rdf:Description>
</rdf:RDF>
