<?xml version='1.0' encoding='ISO-8859-1'?>
<rdf:RDF
  xmlns:rdf='http://www.w3.org/1999/02/22-rdf-syntax-ns#'
  xmlns:NS0='http://www.daml.org/2001/12/factbook/factbook-ont#'
  xml:base="http://www.daml.org/2001/12/factbook/mn">
  <rdf:Description rdf:about='#A68684'>
    <NS0:note>shuttle service between the international airport at Nice, France, and Monaco&apos;s heliport at Fontvieille</NS0:note>
  </rdf:Description>
  <rdf:Description rdf:about='#A68585'>
    <rdf:type rdf:resource='http://www.daml.org/2001/12/factbook/factbook-ont#LanguagePercent'/>
    <NS0:language rdf:resource='http://www.daml.org/2001/12/factbook/languages#French'/>
  </rdf:Description>
  <rdf:Description rdf:about='#A68680'>
    <rdf:type rdf:resource='http://www.daml.org/2001/12/factbook/factbook-ont#Port'/>
    <NS0:name>Monaco</NS0:name>
  </rdf:Description>
  <rdf:Description rdf:about='#A68580'>
    <rdf:type rdf:resource='http://www.daml.org/2001/12/factbook/factbook-ont#ReligionPercent'/>
    <NS0:religion rdf:resource='http://www.daml.org/2001/12/factbook/religions#Roman_Catholic'/>
    <NS0:percent>90</NS0:percent>
  </rdf:Description>
  <rdf:Description rdf:about='#A68508'>
    <rdf:type rdf:resource='http://www.daml.org/2001/12/factbook/factbook-ont#Estimate'/>
    <NS0:note>July 2001</NS0:note>
  </rdf:Description>
  <rdf:Description rdf:about='#A68517'>
    <rdf:type rdf:resource='http://www.daml.org/2001/12/factbook/factbook-ont#Estimate'/>
    <NS0:year>2001</NS0:year>
  </rdf:Description>
  <rdf:Description rdf:about='#A68481'>
    <rdf:type rdf:resource='http://www.daml.org/2001/12/factbook/factbook-ont#ElevationExtreme'/>
    <NS0:name>Mont Agel</NS0:name>
    <NS0:elevation>140</NS0:elevation>
  </rdf:Description>
  <rdf:Description rdf:about='#A68575'>
    <rdf:type rdf:resource='http://www.daml.org/2001/12/factbook/factbook-ont#EthnicGroupPercent'/>
    <NS0:ethnicGroup rdf:resource='http://www.daml.org/2001/12/factbook/ethnicGroups#other'/>
    <NS0:percent>21</NS0:percent>
  </rdf:Description>
  <rdf:Description rdf:about='#A68476'>
    <rdf:type rdf:resource='http://www.daml.org/2001/12/factbook/factbook-ont#ElevationExtreme'/>
    <NS0:name>Mediterranean Sea</NS0:name>
    <NS0:elevation>0</NS0:elevation>
  </rdf:Description>
  <rdf:Description rdf:about='#A68570'>
    <rdf:type rdf:resource='http://www.daml.org/2001/12/factbook/factbook-ont#EthnicGroupPercent'/>
    <NS0:ethnicGroup rdf:resource='http://www.daml.org/2001/12/factbook/ethnicGroups#Italian'/>
    <NS0:percent>16</NS0:percent>
  </rdf:Description>
  <rdf:Description rdf:about='#A68565'>
    <rdf:type rdf:resource='http://www.daml.org/2001/12/factbook/factbook-ont#EthnicGroupPercent'/>
    <NS0:ethnicGroup rdf:resource='http://www.daml.org/2001/12/factbook/ethnicGroups#Monegasque'/>
    <NS0:percent>16</NS0:percent>
  </rdf:Description>
  <rdf:Description rdf:about='#A68549'>
    <rdf:type rdf:resource='http://www.daml.org/2001/12/factbook/factbook-ont#Estimate'/>
    <NS0:year>2001</NS0:year>
  </rdf:Description>
  <rdf:Description rdf:about='#A68673'>
    <NS0:year>2000</NS0:year>
  </rdf:Description>
  <rdf:Description rdf:about='http://www.daml.org/2001/09/countries/fips#MN'>
    <NS0:background>Economic development was spurred in the late 19th century with a railroad linkup to France and the opening of a casino. Since then, the principality&apos;s mild climate, splendid scenery, and gambling facilities have made Monaco world famous as a tourist and recreation center.</NS0:background>
    <NS0:location>Western Europe, bordering the Mediterranean Sea on the southern coast of France, near the border with Italy</NS0:location>
    <NS0:geographicCoordinates rdf:resource='#A68461'/>
    <NS0:mapReferences>Europe</NS0:mapReferences>
    <NS0:totalArea>1.95</NS0:totalArea>
    <NS0:landArea>1.95</NS0:landArea>
    <NS0:waterArea>0</NS0:waterArea>
    <NS0:comparativeArea>about three times the size of The Mall in Washington, DC</NS0:comparativeArea>
    <NS0:landBoundaries>4.4</NS0:landBoundaries>
    <NS0:coastline>4.1</NS0:coastline>
    <NS0:territorialSea>12</NS0:territorialSea>
    <NS0:climate>Mediterranean with mild, wet winters and hot, dry summers</NS0:climate>
    <NS0:terrain>hilly, rugged, rocky</NS0:terrain>
    <NS0:lowestPoint rdf:resource='#A68476'/>
    <NS0:highestPoint rdf:resource='#A68481'/>
    <NS0:naturalResource rdf:resource='http://www.daml.org/2001/12/factbook/naturalResources#none'/>
    <NS0:arableLand>0</NS0:arableLand>
    <NS0:permanentCrops>0</NS0:permanentCrops>
    <NS0:permanentPastures>0</NS0:permanentPastures>
    <NS0:forestsAndWoodland>0</NS0:forestsAndWoodland>
    <NS0:otherLandUse rdf:ID='A68491'>100</NS0:otherLandUse>
    <NS0:naturalHazard>NA</NS0:naturalHazard>
    <NS0:environmentalIssue>NA</NS0:environmentalIssue>
    <NS0:environmentalAgreementPartyTo rdf:resource='http://www.daml.org/2001/12/factbook/environmentalAgreements#Air_Pollution'/>
    <NS0:environmentalAgreementPartyTo rdf:resource='http://www.daml.org/2001/12/factbook/environmentalAgreements#Biodiversity'/>
    <NS0:environmentalAgreementPartyTo rdf:resource='http://www.daml.org/2001/12/factbook/environmentalAgreements#Climate_Change'/>
    <NS0:environmentalAgreementPartyTo rdf:resource='http://www.daml.org/2001/12/factbook/environmentalAgreements#Desertification'/>
    <NS0:environmentalAgreementPartyTo rdf:resource='http://www.daml.org/2001/12/factbook/environmentalAgreements#Endangered_Species'/>
    <NS0:environmentalAgreementPartyTo rdf:resource='http://www.daml.org/2001/12/factbook/environmentalAgreements#Hazardous_Wastes'/>
    <NS0:environmentalAgreementPartyTo rdf:resource='http://www.daml.org/2001/12/factbook/environmentalAgreements#Law_of_the_Sea'/>
    <NS0:environmentalAgreementPartyTo rdf:resource='http://www.daml.org/2001/12/factbook/environmentalAgreements#Marine_Dumping'/>
    <NS0:environmentalAgreementPartyTo rdf:resource='http://www.daml.org/2001/12/factbook/environmentalAgreements#Ozone_Layer_Protection'/>
    <NS0:environmentalAgreementPartyTo rdf:resource='http://www.daml.org/2001/12/factbook/environmentalAgreements#Ship_Pollution'/>
    <NS0:environmentalAgreementPartyTo rdf:resource='http://www.daml.org/2001/12/factbook/environmentalAgreements#Wetlands'/>
    <NS0:environmentalAgreementPartyTo rdf:resource='http://www.daml.org/2001/12/factbook/environmentalAgreements#Whaling'/>
    <NS0:environmentalAgreementSigned rdf:resource='http://www.daml.org/2001/12/factbook/environmentalAgreements#Climate_Change-Kyoto_Protocol'/>
    <NS0:population rdf:ID='A68508'>31842</NS0:population>
    <NS0:populationGrowthRate rdf:ID='A68511'>0.46</NS0:populationGrowthRate>
    <NS0:birthRate rdf:ID='A68514'>9.74</NS0:birthRate>
    <NS0:deathRate rdf:ID='A68517'>13</NS0:deathRate>
    <NS0:netMigrationRate rdf:ID='A68520'>7.85</NS0:netMigrationRate>
    <NS0:sexRatio rdf:resource='#A68523'/>
    <NS0:sexRatio rdf:resource='#A68529'/>
    <NS0:sexRatio rdf:resource='#A68535'/>
    <NS0:sexRatio rdf:resource='#A68541'/>
    <NS0:sexRatio rdf:ID='A68549' rdf:resource='#A68546'/>
    <NS0:infantMortalityRate rdf:ID='A68552'>5.83</NS0:infantMortalityRate>
    <NS0:totalFertilityRate rdf:ID='A68555'>1.76</NS0:totalFertilityRate>
    <NS0:nationalityNoun>Monegasque(s) or Monacan(s)</NS0:nationalityNoun>
    <NS0:nationalityAdjective>Monegasque or Monacan</NS0:nationalityAdjective>
    <NS0:ethnicGroup rdf:resource='#A68560'/>
    <NS0:ethnicGroup rdf:resource='#A68565'/>
    <NS0:ethnicGroup rdf:resource='#A68570'/>
    <NS0:ethnicGroup rdf:resource='#A68575'/>
    <NS0:religion rdf:resource='#A68580'/>
    <NS0:language rdf:ID='A68588' rdf:resource='#A68585'/>
    <NS0:language rdf:resource='#A68590'/>
    <NS0:language rdf:resource='#A68594'/>
    <NS0:language rdf:resource='#A68598'/>
    <NS0:literacyDefinition>NA</NS0:literacyDefinition>
    <NS0:literacyTotal>99</NS0:literacyTotal>
    <NS0:conventionalLongCountryName>Principality of Monaco</NS0:conventionalLongCountryName>
    <NS0:conventionalShortCountryName>Monaco</NS0:conventionalShortCountryName>
    <NS0:localLongCountryName>Principaute de Monaco</NS0:localLongCountryName>
    <NS0:localShortCountryName>Monaco</NS0:localShortCountryName>
    <NS0:governmentType rdf:resource='http://www.daml.org/2001/12/factbook/governmentTypes#constitutional_monarchy'/>
    <NS0:capital rdf:resource='#A68609'/>
    <NS0:independence>1419 (beginning of the rule by the House of Grimaldi)</NS0:independence>
    <NS0:constitution>17 December 1962</NS0:constitution>
    <NS0:legalSystem>based on French law; has not accepted compulsory ICJ jurisdiction</NS0:legalSystem>
    <NS0:suffrage>21 years of age; universal</NS0:suffrage>
    <NS0:participatesIn rdf:resource='http://www.daml.org/2001/12/factbook/internationalOrganizations#ACCT'/>
    <NS0:participatesIn rdf:resource='http://www.daml.org/2001/12/factbook/internationalOrganizations#ECE'/>
    <NS0:participatesIn rdf:resource='http://www.daml.org/2001/12/factbook/internationalOrganizations#IAEA'/>
    <NS0:participatesIn rdf:resource='http://www.daml.org/2001/12/factbook/internationalOrganizations#ICAO'/>
    <NS0:participatesIn rdf:resource='http://www.daml.org/2001/12/factbook/internationalOrganizations#ICRM'/>
    <NS0:participatesIn rdf:resource='http://www.daml.org/2001/12/factbook/internationalOrganizations#IFRCS'/>
    <NS0:participatesIn rdf:resource='http://www.daml.org/2001/12/factbook/internationalOrganizations#IHO'/>
    <NS0:participatesIn rdf:resource='http://www.daml.org/2001/12/factbook/internationalOrganizations#IMO'/>
    <NS0:participatesIn rdf:resource='http://www.daml.org/2001/12/factbook/internationalOrganizations#Inmarsat'/>
    <NS0:participatesIn rdf:resource='http://www.daml.org/2001/12/factbook/internationalOrganizations#Intelsat'/>
    <NS0:participatesIn rdf:resource='http://www.daml.org/2001/12/factbook/internationalOrganizations#Interpol'/>
    <NS0:participatesIn rdf:resource='http://www.daml.org/2001/12/factbook/internationalOrganizations#IOC'/>
    <NS0:participatesIn rdf:resource='http://www.daml.org/2001/12/factbook/internationalOrganizations#ITU'/>
    <NS0:participatesIn rdf:resource='http://www.daml.org/2001/12/factbook/internationalOrganizations#OPCW'/>
    <NS0:participatesIn rdf:resource='http://www.daml.org/2001/12/factbook/internationalOrganizations#OSCE'/>
    <NS0:participatesIn rdf:resource='http://www.daml.org/2001/12/factbook/internationalOrganizations#UN'/>
    <NS0:participatesIn rdf:resource='http://www.daml.org/2001/12/factbook/internationalOrganizations#UNCTAD'/>
    <NS0:participatesIn rdf:resource='http://www.daml.org/2001/12/factbook/internationalOrganizations#UNESCO'/>
    <NS0:participatesIn rdf:resource='http://www.daml.org/2001/12/factbook/internationalOrganizations#UPU'/>
    <NS0:participatesIn rdf:resource='http://www.daml.org/2001/12/factbook/internationalOrganizations#WHO'/>
    <NS0:participatesIn rdf:resource='http://www.daml.org/2001/12/factbook/internationalOrganizations#WIPO'/>
    <NS0:participatesIn rdf:resource='http://www.daml.org/2001/12/factbook/internationalOrganizations#WMO'/>
    <NS0:participatesIn rdf:resource='http://www.daml.org/2001/12/factbook/internationalOrganizations#WToO'/>
    <NS0:flagDescription>two equal horizontal bands of red (top) and white; similar to the flag of Indonesia which is longer and the flag of Poland which is white (top) and red</NS0:flagDescription>
    <NS0:economyOverview>Monaco, situated on the French Mediterranean coast, is a popular resort, attracting tourists to its casino and pleasant climate. The Principality has successfully sought to diversify into services and small, high-value-added, nonpolluting industries. The state has no income tax and low business taxes and thrives as a tax haven both for individuals who have established residence and for foreign companies that have set up businesses and offices. The state retains monopolies in a number of sectors, including tobacco, the telephone network, and the postal service. Living standards are high, roughly comparable to those in prosperous French metropolitan areas. Monaco does not publish national income figures; the estimates below are extremely rough.</NS0:economyOverview>
    <NS0:grossDomesticProduct rdf:ID='A68642'>870000000</NS0:grossDomesticProduct>
    <NS0:grossDomesticProductPerCapita rdf:ID='A68645'>27000</NS0:grossDomesticProductPerCapita>
    <NS0:laborForce rdf:ID='A68648'>30540</NS0:laborForce>
    <NS0:unemploymentRate rdf:ID='A68650'>3.1</NS0:unemploymentRate>
    <NS0:budgetRevenues>518000000</NS0:budgetRevenues>
    <NS0:budgetExpenditures>531000000</NS0:budgetExpenditures>
    <NS0:industry rdf:resource='http://www.daml.org/2001/12/factbook/industries#tourism'/>
    <NS0:industry rdf:resource='http://www.daml.org/2001/12/factbook/industries#construction'/>
    <NS0:industry rdf:resource='http://www.daml.org/2001/12/factbook/industries#small-scale_industrial_and_consumer_products'/>
    <NS0:agricultureProduct rdf:resource='http://www.daml.org/2001/12/factbook/agricultureProducts#none'/>
    <NS0:currency>French franc (FRF); euro (EUR)</NS0:currency>
    <NS0:currencyCode>FRF; EUR</NS0:currencyCode>
    <NS0:fiscalYear>calendar year</NS0:fiscalYear>
    <NS0:mainTelephoneLines rdf:ID='A68661'>31027</NS0:mainTelephoneLines>
    <NS0:telephoneSystemGeneralAssessment>modern automatic telephone system</NS0:telephoneSystemGeneralAssessment>
    <NS0:telephoneSystemDomestic>NA</NS0:telephoneSystemDomestic>
    <NS0:telephoneSystemInternational>no satellite earth stations; connected by cable into the French communications system</NS0:telephoneSystemInternational>
    <NS0:radios rdf:ID='A68666'>34000</NS0:radios>
    <NS0:televisionBroadcastStations rdf:ID='A68668'>5</NS0:televisionBroadcastStations>
    <NS0:televisions rdf:ID='A68670'>25000</NS0:televisions>
    <NS0:internetCountryCode>.mc</NS0:internetCountryCode>
    <NS0:internetServiceProviders rdf:ID='A68673'>2</NS0:internetServiceProviders>
    <NS0:railwaysTotal>1.7</NS0:railwaysTotal>
    <NS0:highwaysTotal>50</NS0:highwaysTotal>
    <NS0:highwaysPaved>50</NS0:highwaysPaved>
    <NS0:highwaysUnpaved rdf:ID='A68678'>0</NS0:highwaysUnpaved>
    <NS0:port rdf:resource='#A68680'/>
    <NS0:heliports rdf:ID='A68684'>1</NS0:heliports>
    <NS0:internationalDispute>none</NS0:internationalDispute>
    <NS0:smallFlag>http://www.cia.gov/cia/publications/factbook/flags/mn-flag.jpg</NS0:smallFlag>
    <NS0:largeFlag>http://www.cia.gov/cia/publications/factbook/flags/mn-lgflag.jpg</NS0:largeFlag>
    <NS0:map>http://www.cia.gov/cia/publications/factbook/maps/mn-map.jpg</NS0:map>
    <NS0:border rdf:resource='#A126767'/>
  </rdf:Description>
  <rdf:Description rdf:about='#A68588'>
    <NS0:note>official</NS0:note>
  </rdf:Description>
  <rdf:Description rdf:about='#A68560'>
    <rdf:type rdf:resource='http://www.daml.org/2001/12/factbook/factbook-ont#EthnicGroupPercent'/>
    <NS0:ethnicGroup rdf:resource='http://www.daml.org/2001/12/factbook/ethnicGroups#French'/>
    <NS0:percent>47</NS0:percent>
  </rdf:Description>
  <rdf:Description rdf:about='#A68461'>
    <rdf:type rdf:resource='http://www.daml.org/2001/12/factbook/factbook-ont#LatLon'/>
    <NS0:latitude>43.733333333333334</NS0:latitude>
    <NS0:longitude>7.4</NS0:longitude>
  </rdf:Description>
  <rdf:Description rdf:about='#A68666'>
    <NS0:year>1997</NS0:year>
  </rdf:Description>
  <rdf:Description rdf:about='#A68668'>
    <NS0:year>1998</NS0:year>
  </rdf:Description>
  <rdf:Description rdf:about='#A68670'>
    <NS0:year>1997</NS0:year>
  </rdf:Description>
  <rdf:Description rdf:about='#A68520'>
    <rdf:type rdf:resource='http://www.daml.org/2001/12/factbook/factbook-ont#Estimate'/>
    <NS0:year>2001</NS0:year>
  </rdf:Description>
  <rdf:Description rdf:about='#A68546'>
    <rdf:type rdf:resource='http://www.daml.org/2001/12/factbook/factbook-ont#SexRatioBreakdown'/>
    <NS0:ratio>0.91</NS0:ratio>
  </rdf:Description>
  <rdf:Description rdf:about='#A68650'>
    <NS0:year>1998</NS0:year>
  </rdf:Description>
  <rdf:Description rdf:about='#A68541'>
    <rdf:type rdf:resource='http://www.daml.org/2001/12/factbook/factbook-ont#SexRatioBreakdown'/>
    <NS0:minAge>65</NS0:minAge>
    <NS0:ratio>0.69</NS0:ratio>
  </rdf:Description>
  <rdf:Description rdf:about='#A68661'>
    <NS0:year>1995</NS0:year>
  </rdf:Description>
  <rdf:Description rdf:about='#A68535'>
    <rdf:type rdf:resource='http://www.daml.org/2001/12/factbook/factbook-ont#SexRatioBreakdown'/>
    <NS0:minAge>15</NS0:minAge>
    <NS0:maxAge>64</NS0:maxAge>
    <NS0:ratio>0.97</NS0:ratio>
  </rdf:Description>
  <rdf:Description rdf:about='#A126767'>
    <rdf:type rdf:resource='http://www.daml.org/2001/12/factbook/factbook-ont#Border'/>
    <NS0:country rdf:resource='http://www.daml.org/2001/09/countries/fips#FR'/>
    <NS0:distance>4.4</NS0:distance>
  </rdf:Description>
  <rdf:Description rdf:about='#A68529'>
    <rdf:type rdf:resource='http://www.daml.org/2001/12/factbook/factbook-ont#SexRatioBreakdown'/>
    <NS0:minAge>0</NS0:minAge>
    <NS0:maxAge>14</NS0:maxAge>
    <NS0:ratio>1.05</NS0:ratio>
  </rdf:Description>
  <rdf:Description rdf:about='#A68552'>
    <rdf:type rdf:resource='http://www.daml.org/2001/12/factbook/factbook-ont#Estimate'/>
    <NS0:year>2001</NS0:year>
  </rdf:Description>
  <rdf:Description rdf:about='#A68648'>
    <NS0:note>January 1994</NS0:note>
  </rdf:Description>
  <rdf:Description rdf:about='#A68523'>
    <rdf:type rdf:resource='http://www.daml.org/2001/12/factbook/factbook-ont#SexRatioBreakdown'/>
    <NS0:minAge>0</NS0:minAge>
    <NS0:maxAge>0</NS0:maxAge>
    <NS0:ratio>1.05</NS0:ratio>
  </rdf:Description>
  <rdf:Description rdf:about='#A68642'>
    <rdf:type rdf:resource='http://www.daml.org/2001/12/factbook/factbook-ont#Estimate'/>
    <NS0:year>1999</NS0:year>
  </rdf:Description>
  <rdf:Description rdf:about='#A68555'>
    <rdf:type rdf:resource='http://www.daml.org/2001/12/factbook/factbook-ont#Estimate'/>
    <NS0:year>2001</NS0:year>
  </rdf:Description>
  <rdf:Description rdf:about='#A68511'>
    <rdf:type rdf:resource='http://www.daml.org/2001/12/factbook/factbook-ont#Estimate'/>
    <NS0:year>2001</NS0:year>
  </rdf:Description>
  <rdf:Description rdf:about='#A68609'>
    <rdf:type rdf:resource='http://www.daml.org/2001/12/factbook/factbook-ont#CapitalCity'/>
    <NS0:name>Monaco</NS0:name>
  </rdf:Description>
  <rdf:Description rdf:about='#A68514'>
    <rdf:type rdf:resource='http://www.daml.org/2001/12/factbook/factbook-ont#Estimate'/>
    <NS0:year>2001</NS0:year>
  </rdf:Description>
  <rdf:Description rdf:about='#A68491'>
    <NS0:note>urban area</NS0:note>
  </rdf:Description>
  <rdf:Description rdf:about='#A68678'>
    <NS0:year>2001</NS0:year>
  </rdf:Description>
  <rdf:Description rdf:about='#A68598'>
    <rdf:type rdf:resource='http://www.daml.org/2001/12/factbook/factbook-ont#LanguagePercent'/>
    <NS0:language rdf:resource='http://www.daml.org/2001/12/factbook/languages#Monegasque'/>
  </rdf:Description>
  <rdf:Description rdf:about='#A68594'>
    <rdf:type rdf:resource='http://www.daml.org/2001/12/factbook/factbook-ont#LanguagePercent'/>
    <NS0:language rdf:resource='http://www.daml.org/2001/12/factbook/languages#Italian'/>
  </rdf:Description>
  <rdf:Description rdf:about='#A68645'>
    <rdf:type rdf:resource='http://www.daml.org/2001/12/factbook/factbook-ont#Estimate'/>
    <NS0:year>1999</NS0:year>
  </rdf:Description>
  <rdf:Description rdf:about='#A68590'>
    <rdf:type rdf:resource='http://www.daml.org/2001/12/factbook/factbook-ont#LanguagePercent'/>
    <NS0:language rdf:resource='http://www.daml.org/2001/12/factbook/languages#English'/>
  </rdf:Description>
</rdf:RDF>
