<?xml version='1.0' encoding='ISO-8859-1'?>
<rdf:RDF
  xmlns:rdf='http://www.w3.org/1999/02/22-rdf-syntax-ns#'
  xmlns:NS0='http://www.daml.org/2001/12/factbook/factbook-ont#'
  xml:base="http://www.daml.org/2001/12/factbook/mq">
  <rdf:Description rdf:about='http://www.daml.org/2001/09/countries/fips#MQ'>
    <NS0:background>The US took formal possession of the islands in 1867. The laying of the trans-Pacific cable, which passed through the islands, brought the first residents in 1903. Between 1935 and 1947, Midway was used as a refueling stop for trans-Pacific flights. The US naval victory over a Japanese fleet off Midway in 1942 was one of the turning points of World War II. The islands continued to serve as a naval station until closed in 1993. Today the islands are a wildlife refuge open to the public.</NS0:background>
    <NS0:location>Oceania, atoll in the North Pacific Ocean, about one-third of the way from Honolulu to Tokyo</NS0:location>
    <NS0:geographicCoordinates rdf:resource='#A69883'/>
    <NS0:mapReferences>Oceania</NS0:mapReferences>
    <NS0:totalArea>6.2</NS0:totalArea>
    <NS0:landArea>6.2</NS0:landArea>
    <NS0:waterArea>0</NS0:waterArea>
    <NS0:comparativeArea>about nine times the size of The Mall in Washington, DC</NS0:comparativeArea>
    <NS0:coastline>15</NS0:coastline>
    <NS0:exclusiveEconomicZone>200</NS0:exclusiveEconomicZone>
    <NS0:territorialSea>12</NS0:territorialSea>
    <NS0:climate>subtropical, but moderated by prevailing easterly winds</NS0:climate>
    <NS0:terrain>low, nearly level</NS0:terrain>
    <NS0:lowestPoint rdf:resource='#A69898'/>
    <NS0:highestPoint rdf:resource='#A69903'/>
    <NS0:naturalResource rdf:resource='http://www.daml.org/2001/12/factbook/naturalResources#wildlife'/>
    <NS0:naturalResource rdf:resource='http://www.daml.org/2001/12/factbook/naturalResources#terrestrial_and_aquatic'/>
    <NS0:arableLand>0</NS0:arableLand>
    <NS0:permanentCrops>0</NS0:permanentCrops>
    <NS0:permanentPastures>0</NS0:permanentPastures>
    <NS0:forestsAndWoodland>0</NS0:forestsAndWoodland>
    <NS0:otherLandUse>100</NS0:otherLandUse>
    <NS0:irrigatedLand rdf:ID='A69915'>0</NS0:irrigatedLand>
    <NS0:naturalHazard>NA</NS0:naturalHazard>
    <NS0:environmentalIssue>NA</NS0:environmentalIssue>
    <NS0:conventionalLongCountryName>none</NS0:conventionalLongCountryName>
    <NS0:conventionalShortCountryName>Midway Islands</NS0:conventionalShortCountryName>
    <NS0:dependencyStatus>unincorporated territory of the US; formerly administered from Washington, DC, by the US Navy, under Naval Facilities Engineering Command, Pacific Division; this facility has been operationally closed since 10 September 1993; on 31 October 1996, through a presidential executive order, the jurisdiction and control of the atoll was transferred to the Fish and Wildlife Service of the US Department of the Interior as part of the National Wildlife Refuge system</NS0:dependencyStatus>
    <NS0:legalSystem>the laws of the US, where applicable, apply</NS0:legalSystem>
    <NS0:flagDescription>the flag of the US is used</NS0:flagDescription>
    <NS0:economyOverview>The economy is based on providing support services for the national wildlife refuge activities located on the islands. All food and manufactured goods must be imported.</NS0:economyOverview>
    <NS0:port rdf:resource='#A69925'/>
    <NS0:airports rdf:ID='A69929'>3</NS0:airports>
    <NS0:airportBreakdown rdf:resource='#A69932'/>
    <NS0:airportBreakdown rdf:resource='#A69939'/>
    <NS0:internationalDispute>none</NS0:internationalDispute>
    <NS0:smallFlag>http://www.cia.gov/cia/publications/factbook/flags/mq-flag.jpg</NS0:smallFlag>
    <NS0:largeFlag>http://www.cia.gov/cia/publications/factbook/flags/mq-lgflag.jpg</NS0:largeFlag>
    <NS0:map>http://www.cia.gov/cia/publications/factbook/maps/mq-map.jpg</NS0:map>
  </rdf:Description>
  <rdf:Description rdf:about='#A69939'>
    <rdf:type rdf:resource='http://www.daml.org/2001/12/factbook/factbook-ont#AirportBreakdown'/>
    <NS0:paved>false</NS0:paved>
    <NS0:minRunway>914</NS0:minRunway>
    <NS0:maxRunway>1523</NS0:maxRunway>
    <NS0:count>1 (2000 est.)</NS0:count>
  </rdf:Description>
  <rdf:Description rdf:about='#A69915'>
    <NS0:year>1998</NS0:year>
  </rdf:Description>
  <rdf:Description rdf:about='#A69932'>
    <rdf:type rdf:resource='http://www.daml.org/2001/12/factbook/factbook-ont#AirportBreakdown'/>
    <NS0:paved>true</NS0:paved>
    <NS0:minRunway>1524</NS0:minRunway>
    <NS0:maxRunway>2437</NS0:maxRunway>
    <NS0:count>2 (2000 est.)</NS0:count>
  </rdf:Description>
  <rdf:Description rdf:about='#A69929'>
    <rdf:type rdf:resource='http://www.daml.org/2001/12/factbook/factbook-ont#Estimate'/>
    <NS0:year>2000</NS0:year>
  </rdf:Description>
  <rdf:Description rdf:about='#A69883'>
    <rdf:type rdf:resource='http://www.daml.org/2001/12/factbook/factbook-ont#LatLon'/>
    <NS0:latitude>28.216666666666665</NS0:latitude>
    <NS0:longitude>-177.36666666666667</NS0:longitude>
  </rdf:Description>
  <rdf:Description rdf:about='#A69903'>
    <rdf:type rdf:resource='http://www.daml.org/2001/12/factbook/factbook-ont#ElevationExtreme'/>
    <NS0:name>unnamed location</NS0:name>
    <NS0:elevation>13</NS0:elevation>
  </rdf:Description>
  <rdf:Description rdf:about='#A69925'>
    <rdf:type rdf:resource='http://www.daml.org/2001/12/factbook/factbook-ont#Port'/>
    <NS0:name>Sand Island</NS0:name>
  </rdf:Description>
  <rdf:Description rdf:about='#A69898'>
    <rdf:type rdf:resource='http://www.daml.org/2001/12/factbook/factbook-ont#ElevationExtreme'/>
    <NS0:name>Pacific Ocean</NS0:name>
    <NS0:elevation>0</NS0:elevation>
  </rdf:Description>
</rdf:RDF>
