<?xml version='1.0' encoding='ISO-8859-1'?>
<rdf:RDF
  xmlns:rdf='http://www.w3.org/1999/02/22-rdf-syntax-ns#'
  xmlns:NS0='http://www.daml.org/2001/12/factbook/factbook-ont#'
  xmlns:rdfs='http://www.w3.org/2000/01/rdf-schema#'
  xml:base="http://www.daml.org/2001/12/factbook/mr">
  <rdf:Description rdf:about='#A70096'>
    <rdf:type rdf:resource='http://www.daml.org/2001/12/factbook/factbook-ont#LanguagePercent'/>
    <NS0:language rdf:resource='http://www.daml.org/2001/12/factbook/languages#Wolof'/>
  </rdf:Description>
  <rdf:Description rdf:about='#A70092'>
    <rdf:type rdf:resource='http://www.daml.org/2001/12/factbook/factbook-ont#LanguagePercent'/>
    <NS0:language rdf:resource='http://www.daml.org/2001/12/factbook/languages#Soninke'/>
  </rdf:Description>
  <rdf:Description rdf:about='#A70359'>
    <NS0:year>2000</NS0:year>
  </rdf:Description>
  <rdf:Description rdf:about='#A70243'>
    <rdf:type rdf:resource='http://www.daml.org/2001/12/factbook/factbook-ont#Estimate'/>
    <NS0:year>1996</NS0:year>
  </rdf:Description>
  <rdf:Description rdf:about='#A70233'>
    <rdf:type rdf:resource='http://www.daml.org/2001/12/factbook/factbook-ont#Estimate'/>
    <NS0:year>2000</NS0:year>
  </rdf:Description>
  <rdf:Description rdf:about='#A70286'>
    <NS0:year>1999</NS0:year>
  </rdf:Description>
  <rdf:Description rdf:about='#A70088'>
    <rdf:type rdf:resource='http://www.daml.org/2001/12/factbook/factbook-ont#LanguagePercent'/>
    <NS0:language rdf:resource='http://www.daml.org/2001/12/factbook/languages#Pular'/>
  </rdf:Description>
  <rdf:Description rdf:about='#A70083'>
    <rdf:type rdf:resource='http://www.daml.org/2001/12/factbook/factbook-ont#LanguagePercent'/>
    <NS0:language rdf:resource='http://www.daml.org/2001/12/factbook/languages#Hasaniya_Arabic'/>
  </rdf:Description>
  <rdf:Description rdf:about='#A70078'>
    <rdf:type rdf:resource='http://www.daml.org/2001/12/factbook/factbook-ont#ReligionPercent'/>
    <NS0:religion rdf:resource='http://www.daml.org/2001/12/factbook/religions#Muslim'/>
    <NS0:percent>100</NS0:percent>
  </rdf:Description>
  <rdf:Description rdf:about='#A70435'>
    <NS0:note>FY97/98</NS0:note>
  </rdf:Description>
  <rdf:Description rdf:about='#A70073'>
    <rdf:type rdf:resource='http://www.daml.org/2001/12/factbook/factbook-ont#EthnicGroupPercent'/>
    <NS0:ethnicGroup rdf:resource='http://www.daml.org/2001/12/factbook/ethnicGroups#black'/>
    <NS0:percent>30</NS0:percent>
  </rdf:Description>
  <rdf:Description rdf:about='#A70264'>
    <rdf:type rdf:resource='http://www.daml.org/2001/12/factbook/factbook-ont#OccupationPercent'/>
    <NS0:occupation rdf:resource='http://www.daml.org/2001/12/factbook/occupations#industry'/>
    <NS0:percent>14</NS0:percent>
  </rdf:Description>
  <rdf:Description rdf:about='#A70432'>
    <rdf:type rdf:resource='http://www.daml.org/2001/12/factbook/factbook-ont#Estimate'/>
    <NS0:year>2001</NS0:year>
  </rdf:Description>
  <rdf:Description rdf:about='#A70429'>
    <rdf:type rdf:resource='http://www.daml.org/2001/12/factbook/factbook-ont#Estimate'/>
    <NS0:year>2001</NS0:year>
  </rdf:Description>
  <rdf:Description rdf:about='#A70068'>
    <rdf:type rdf:resource='http://www.daml.org/2001/12/factbook/factbook-ont#EthnicGroupPercent'/>
    <NS0:ethnicGroup rdf:resource='http://www.daml.org/2001/12/factbook/ethnicGroups#Maur'/>
    <NS0:percent>30</NS0:percent>
  </rdf:Description>
  <rdf:Description rdf:about='#A70259'>
    <rdf:type rdf:resource='http://www.daml.org/2001/12/factbook/factbook-ont#OccupationPercent'/>
    <NS0:occupation rdf:resource='http://www.daml.org/2001/12/factbook/occupations#services'/>
    <NS0:percent>39</NS0:percent>
  </rdf:Description>
  <rdf:Description rdf:about='#A126504'>
    <NS0:note>1998</NS0:note>
  </rdf:Description>
  <rdf:Description rdf:about='#A70281'>
    <NS0:year>1999</NS0:year>
  </rdf:Description>
  <rdf:Description rdf:about='#A70063'>
    <rdf:type rdf:resource='http://www.daml.org/2001/12/factbook/factbook-ont#EthnicGroupPercent'/>
    <NS0:ethnicGroup rdf:resource='http://www.daml.org/2001/12/factbook/ethnicGroups#mixed_Maur_black'/>
    <NS0:percent>40</NS0:percent>
  </rdf:Description>
  <rdf:Description rdf:about='#A70254'>
    <rdf:type rdf:resource='http://www.daml.org/2001/12/factbook/factbook-ont#OccupationPercent'/>
    <NS0:occupation rdf:resource='http://www.daml.org/2001/12/factbook/occupations#agriculture'/>
    <NS0:percent>47</NS0:percent>
  </rdf:Description>
  <rdf:Description rdf:about='#A70247'>
    <NS0:year>1995</NS0:year>
  </rdf:Description>
  <rdf:Description rdf:about='#A70236'>
    <rdf:type rdf:resource='http://www.daml.org/2001/12/factbook/factbook-ont#Estimate'/>
    <NS0:year>2000</NS0:year>
  </rdf:Description>
  <rdf:Description rdf:about='#A70241'>
    <NS0:year>1997</NS0:year>
  </rdf:Description>
  <rdf:Description rdf:about='#A70437'>
    <NS0:note>FY97/98</NS0:note>
  </rdf:Description>
  <rdf:Description rdf:about='#A70049'>
    <rdf:type rdf:resource='http://www.daml.org/2001/12/factbook/factbook-ont#SexRatioBreakdown'/>
    <NS0:ratio>0.98</NS0:ratio>
  </rdf:Description>
  <rdf:Description rdf:about='#A70292'>
    <NS0:year>1999</NS0:year>
  </rdf:Description>
  <rdf:Description rdf:about='#A70052'>
    <rdf:type rdf:resource='http://www.daml.org/2001/12/factbook/factbook-ont#Estimate'/>
    <NS0:year>2001</NS0:year>
  </rdf:Description>
  <rdf:Description rdf:about='#A70044'>
    <rdf:type rdf:resource='http://www.daml.org/2001/12/factbook/factbook-ont#SexRatioBreakdown'/>
    <NS0:minAge>65</NS0:minAge>
    <NS0:ratio>0.71</NS0:ratio>
  </rdf:Description>
  <rdf:Description rdf:about='#A70423'>
    <rdf:type rdf:resource='http://www.daml.org/2001/12/factbook/factbook-ont#AirportBreakdown'/>
    <NS0:paved>false</NS0:paved>
    <NS0:maxRunway>913</NS0:maxRunway>
    <NS0:count>3 (2000 est.)</NS0:count>
  </rdf:Description>
  <rdf:Description rdf:about='#A70038'>
    <rdf:type rdf:resource='http://www.daml.org/2001/12/factbook/factbook-ont#SexRatioBreakdown'/>
    <NS0:minAge>15</NS0:minAge>
    <NS0:maxAge>64</NS0:maxAge>
    <NS0:ratio>0.97</NS0:ratio>
  </rdf:Description>
  <rdf:Description rdf:about='#A70099'>
    <NS0:note>official</NS0:note>
  </rdf:Description>
  <rdf:Description rdf:about='#A70416'>
    <rdf:type rdf:resource='http://www.daml.org/2001/12/factbook/factbook-ont#AirportBreakdown'/>
    <NS0:paved>false</NS0:paved>
    <NS0:minRunway>914</NS0:minRunway>
    <NS0:maxRunway>1523</NS0:maxRunway>
    <NS0:count>9</NS0:count>
  </rdf:Description>
  <rdf:Description rdf:about='#Region'>
    <rdf:type rdf:resource='http://www.w3.org/2000/01/rdf-schema#Class'/>
    <rdfs:subClassOf rdf:resource='http://www.daml.org/2001/12/factbook/factbook-ont#AdministrativeDivision'/>
    <rdfs:label>Region</rdfs:label>
  </rdf:Description>
  <rdf:Description rdf:about='#A70032'>
    <rdf:type rdf:resource='http://www.daml.org/2001/12/factbook/factbook-ont#SexRatioBreakdown'/>
    <NS0:minAge>0</NS0:minAge>
    <NS0:maxAge>14</NS0:maxAge>
    <NS0:ratio>1</NS0:ratio>
  </rdf:Description>
  <rdf:Description rdf:about='#A70340'>
    <NS0:year>1998</NS0:year>
  </rdf:Description>
  <rdf:Description rdf:about='#A70020'>
    <rdf:type rdf:resource='http://www.daml.org/2001/12/factbook/factbook-ont#Estimate'/>
    <NS0:year>2001</NS0:year>
  </rdf:Description>
  <rdf:Description rdf:about='#A70409'>
    <rdf:type rdf:resource='http://www.daml.org/2001/12/factbook/factbook-ont#AirportBreakdown'/>
    <NS0:paved>false</NS0:paved>
    <NS0:minRunway>1524</NS0:minRunway>
    <NS0:maxRunway>2437</NS0:maxRunway>
    <NS0:count>4</NS0:count>
  </rdf:Description>
  <rdf:Description rdf:about='#A70026'>
    <rdf:type rdf:resource='http://www.daml.org/2001/12/factbook/factbook-ont#SexRatioBreakdown'/>
    <NS0:minAge>0</NS0:minAge>
    <NS0:maxAge>0</NS0:maxAge>
    <NS0:ratio>1.03</NS0:ratio>
  </rdf:Description>
  <rdf:Description rdf:about='#A70288'>
    <NS0:year>1999</NS0:year>
  </rdf:Description>
  <rdf:Description rdf:about='#A70402'>
    <rdf:type rdf:resource='http://www.daml.org/2001/12/factbook/factbook-ont#AirportBreakdown'/>
    <NS0:paved>false</NS0:paved>
    <NS0:minRunway>2438</NS0:minRunway>
    <NS0:maxRunway>3047</NS0:maxRunway>
    <NS0:count>2</NS0:count>
  </rdf:Description>
  <rdf:Description rdf:about='#A70086'>
    <NS0:note>official</NS0:note>
  </rdf:Description>
  <rdf:Description rdf:about='#CapitalDistrict'>
    <rdf:type rdf:resource='http://www.w3.org/2000/01/rdf-schema#Class'/>
    <rdfs:subClassOf rdf:resource='http://www.daml.org/2001/12/factbook/factbook-ont#AdministrativeDivision'/>
    <rdfs:label>CapitalDistrict</rdfs:label>
  </rdf:Description>
  <rdf:Description rdf:about='#A70395'>
    <rdf:type rdf:resource='http://www.daml.org/2001/12/factbook/factbook-ont#AirportBreakdown'/>
    <NS0:paved>true</NS0:paved>
    <NS0:minRunway>1524</NS0:minRunway>
    <NS0:maxRunway>2437</NS0:maxRunway>
    <NS0:count>5 (2000 est.)</NS0:count>
  </rdf:Description>
  <rdf:Description rdf:about='#A70249'>
    <rdf:type rdf:resource='http://www.daml.org/2001/12/factbook/factbook-ont#Estimate'/>
    <NS0:year>2000</NS0:year>
  </rdf:Description>
  <rdf:Description rdf:about='#A70269'>
    <rdf:type rdf:resource='http://www.daml.org/2001/12/factbook/factbook-ont#Estimate'/>
    <NS0:year>1995</NS0:year>
  </rdf:Description>
  <rdf:Description rdf:about='#A70230'>
    <rdf:type rdf:resource='http://www.daml.org/2001/12/factbook/factbook-ont#Estimate'/>
    <NS0:year>2000</NS0:year>
  </rdf:Description>
  <rdf:Description rdf:about='#A70055'>
    <rdf:type rdf:resource='http://www.daml.org/2001/12/factbook/factbook-ont#Estimate'/>
    <NS0:year>2001</NS0:year>
  </rdf:Description>
  <rdf:Description rdf:about='#A70388'>
    <rdf:type rdf:resource='http://www.daml.org/2001/12/factbook/factbook-ont#AirportBreakdown'/>
    <NS0:paved>true</NS0:paved>
    <NS0:minRunway>2438</NS0:minRunway>
    <NS0:maxRunway>3047</NS0:maxRunway>
    <NS0:count>3</NS0:count>
  </rdf:Description>
  <rdf:Description rdf:about='#A70381'>
    <rdf:type rdf:resource='http://www.daml.org/2001/12/factbook/factbook-ont#Port'/>
    <NS0:name>Rosso</NS0:name>
  </rdf:Description>
  <rdf:Description rdf:about='#A69993'>
    <rdf:type rdf:resource='http://www.daml.org/2001/12/factbook/factbook-ont#Estimate'/>
    <NS0:year>1993</NS0:year>
  </rdf:Description>
  <rdf:Description rdf:about='#A70357'>
    <NS0:year>2000</NS0:year>
  </rdf:Description>
  <rdf:Description rdf:about='#A70377'>
    <rdf:type rdf:resource='http://www.daml.org/2001/12/factbook/factbook-ont#Port'/>
    <NS0:name>Nouakchott</NS0:name>
  </rdf:Description>
  <rdf:Description rdf:about='#A70373'>
    <rdf:type rdf:resource='http://www.daml.org/2001/12/factbook/factbook-ont#Port'/>
    <NS0:name>Nouadhibou</NS0:name>
  </rdf:Description>
  <rdf:Description rdf:about='#A70385'>
    <rdf:type rdf:resource='http://www.daml.org/2001/12/factbook/factbook-ont#Estimate'/>
    <NS0:year>2000</NS0:year>
  </rdf:Description>
  <rdf:Description rdf:about='#A70023'>
    <rdf:type rdf:resource='http://www.daml.org/2001/12/factbook/factbook-ont#Estimate'/>
    <NS0:year>2001</NS0:year>
  </rdf:Description>
  <rdf:Description rdf:about='#A70369'>
    <rdf:type rdf:resource='http://www.daml.org/2001/12/factbook/factbook-ont#Port'/>
    <NS0:name>Kaedi</NS0:name>
  </rdf:Description>
  <rdf:Description rdf:about='#A70174'>
    <rdf:type rdf:resource='#Region'/>
    <NS0:name>Trarza</NS0:name>
  </rdf:Description>
  <rdf:Description rdf:about='#A70365'>
    <rdf:type rdf:resource='http://www.daml.org/2001/12/factbook/factbook-ont#Port'/>
    <NS0:name>Bogue</NS0:name>
  </rdf:Description>
  <rdf:Description rdf:about='#A69990'>
    <rdf:type rdf:resource='http://www.daml.org/2001/12/factbook/factbook-ont#Estimate'/>
    <NS0:year>1993</NS0:year>
  </rdf:Description>
  <rdf:Description rdf:about='#A70290'>
    <NS0:year>1999</NS0:year>
  </rdf:Description>
  <rdf:Description rdf:about='#A70170'>
    <rdf:type rdf:resource='#Region'/>
    <NS0:name>Tiris Zemmour</NS0:name>
  </rdf:Description>
  <rdf:Description rdf:about='http://www.daml.org/2001/09/countries/fips#MR'>
    <NS0:background>Independent from France in 1960, Mauritania annexed the southern third of the former Spanish Sahara (now Western Sahara) in 1976, but relinquished it after three years of raids by the Polisario guerrilla front seeking independence for the territory. Opposition parties were legalized and a new constitution approved in 1991. Two multiparty presidential elections since then were widely seen as being flawed; Mauritania remains, in reality, a one-party state. The country continues to experience ethnic tensions between its black minority population and the dominant Maur (Arab-Berber) populace.</NS0:background>
    <NS0:location>Northern Africa, bordering the North Atlantic Ocean, between Senegal and Western Sahara</NS0:location>
    <NS0:geographicCoordinates rdf:resource='#A69952'/>
    <NS0:mapReferences>Africa</NS0:mapReferences>
    <NS0:totalArea>1030700</NS0:totalArea>
    <NS0:landArea>1030400</NS0:landArea>
    <NS0:waterArea>300</NS0:waterArea>
    <NS0:comparativeArea>slightly larger than three times the size of New Mexico</NS0:comparativeArea>
    <NS0:landBoundaries>5074</NS0:landBoundaries>
    <NS0:coastline>754</NS0:coastline>
    <NS0:contiguousZone>24</NS0:contiguousZone>
    <NS0:exclusiveEconomicZone>200</NS0:exclusiveEconomicZone>
    <NS0:territorialSea>12</NS0:territorialSea>
    <NS0:climate>desert; constantly hot, dry, dusty</NS0:climate>
    <NS0:terrain>mostly barren, flat plains of the Sahara; some central hills</NS0:terrain>
    <NS0:lowestPoint rdf:resource='#A69969'/>
    <NS0:highestPoint rdf:resource='#A69974'/>
    <NS0:naturalResource rdf:resource='http://www.daml.org/2001/12/factbook/naturalResources#iron_ore'/>
    <NS0:naturalResource rdf:resource='http://www.daml.org/2001/12/factbook/naturalResources#gypsum'/>
    <NS0:naturalResource rdf:resource='http://www.daml.org/2001/12/factbook/naturalResources#fish'/>
    <NS0:naturalResource rdf:resource='http://www.daml.org/2001/12/factbook/naturalResources#copper'/>
    <NS0:naturalResource rdf:resource='http://www.daml.org/2001/12/factbook/naturalResources#phosphate'/>
    <NS0:naturalResource rdf:resource='http://www.daml.org/2001/12/factbook/naturalResources#diamonds'/>
    <NS0:naturalResource rdf:resource='http://www.daml.org/2001/12/factbook/naturalResources#gold'/>
    <NS0:arableLand>0</NS0:arableLand>
    <NS0:permanentCrops>0</NS0:permanentCrops>
    <NS0:permanentPastures>38</NS0:permanentPastures>
    <NS0:forestsAndWoodland>4</NS0:forestsAndWoodland>
    <NS0:otherLandUse rdf:ID='A69990'>58</NS0:otherLandUse>
    <NS0:irrigatedLand rdf:ID='A69993'>490</NS0:irrigatedLand>
    <NS0:naturalHazard>hot, dry, dust/sand-laden sirocco wind blows primarily in March and April</NS0:naturalHazard>
    <NS0:naturalHazard>periodic droughts</NS0:naturalHazard>
    <NS0:environmentalIssue>overgrazing, deforestation, and soil erosion aggravated by drought are contributing to desertification</NS0:environmentalIssue>
    <NS0:environmentalIssue>very limited natural fresh water resources away from the Senegal which is the only perennial river</NS0:environmentalIssue>
    <NS0:environmentalAgreementPartyTo rdf:resource='http://www.daml.org/2001/12/factbook/environmentalAgreements#Biodiversity'/>
    <NS0:environmentalAgreementPartyTo rdf:resource='http://www.daml.org/2001/12/factbook/environmentalAgreements#Climate_Change'/>
    <NS0:environmentalAgreementPartyTo rdf:resource='http://www.daml.org/2001/12/factbook/environmentalAgreements#Desertification'/>
    <NS0:environmentalAgreementPartyTo rdf:resource='http://www.daml.org/2001/12/factbook/environmentalAgreements#Endangered_Species'/>
    <NS0:environmentalAgreementPartyTo rdf:resource='http://www.daml.org/2001/12/factbook/environmentalAgreements#Hazardous_Wastes'/>
    <NS0:environmentalAgreementPartyTo rdf:resource='http://www.daml.org/2001/12/factbook/environmentalAgreements#Law_of_the_Sea'/>
    <NS0:environmentalAgreementPartyTo rdf:resource='http://www.daml.org/2001/12/factbook/environmentalAgreements#Nuclear_Test_Ban'/>
    <NS0:environmentalAgreementPartyTo rdf:resource='http://www.daml.org/2001/12/factbook/environmentalAgreements#Ozone_Layer_Protection'/>
    <NS0:environmentalAgreementPartyTo rdf:resource='http://www.daml.org/2001/12/factbook/environmentalAgreements#Ship_Pollution'/>
    <NS0:environmentalAgreementPartyTo rdf:resource='http://www.daml.org/2001/12/factbook/environmentalAgreements#Wetlands'/>
    <NS0:environmentalAgreementSigned rdf:resource='http://www.daml.org/2001/12/factbook/environmentalAgreements#none_of_the_selected_agreements'/>
    <NS0:population rdf:ID='A70011'>2747312</NS0:population>
    <NS0:populationGrowthRate rdf:ID='A70014'>2.93</NS0:populationGrowthRate>
    <NS0:birthRate rdf:ID='A70017'>42.95</NS0:birthRate>
    <NS0:deathRate rdf:ID='A70020'>13.65</NS0:deathRate>
    <NS0:netMigrationRate rdf:ID='A70023'>0</NS0:netMigrationRate>
    <NS0:sexRatio rdf:resource='#A70026'/>
    <NS0:sexRatio rdf:resource='#A70032'/>
    <NS0:sexRatio rdf:resource='#A70038'/>
    <NS0:sexRatio rdf:resource='#A70044'/>
    <NS0:sexRatio rdf:ID='A70052' rdf:resource='#A70049'/>
    <NS0:infantMortalityRate rdf:ID='A70055'>76.7</NS0:infantMortalityRate>
    <NS0:totalFertilityRate rdf:ID='A70058'>6.22</NS0:totalFertilityRate>
    <NS0:nationalityNoun>Mauritanian(s)</NS0:nationalityNoun>
    <NS0:nationalityAdjective>Mauritanian</NS0:nationalityAdjective>
    <NS0:ethnicGroup rdf:resource='#A70063'/>
    <NS0:ethnicGroup rdf:resource='#A70068'/>
    <NS0:ethnicGroup rdf:resource='#A70073'/>
    <NS0:religion rdf:resource='#A70078'/>
    <NS0:language rdf:ID='A70086' rdf:resource='#A70083'/>
    <NS0:language rdf:resource='#A70088'/>
    <NS0:language rdf:resource='#A70092'/>
    <NS0:language rdf:ID='A70099' rdf:resource='#A70096'/>
    <NS0:language rdf:resource='#A70101'/>
    <NS0:literacyDefinition>age 15 and over can read and write</NS0:literacyDefinition>
    <NS0:literacyTotal>46.7</NS0:literacyTotal>
    <NS0:literacyMale>53.4</NS0:literacyMale>
    <NS0:literacyFemale rdf:ID='A70108'>40</NS0:literacyFemale>
    <NS0:conventionalLongCountryName>Islamic Republic of Mauritania</NS0:conventionalLongCountryName>
    <NS0:conventionalShortCountryName>Mauritania</NS0:conventionalShortCountryName>
    <NS0:localLongCountryName>Al Jumhuriyah al Islamiyah al Muritaniyah</NS0:localLongCountryName>
    <NS0:localShortCountryName>Muritaniyah</NS0:localShortCountryName>
    <NS0:governmentType rdf:resource='http://www.daml.org/2001/12/factbook/governmentTypes#republic'/>
    <NS0:capital rdf:resource='#A70116'/>
    <NS0:administrativeDivision rdf:resource='#A70126'/>
    <NS0:administrativeDivision rdf:resource='#A70130'/>
    <NS0:administrativeDivision rdf:resource='#A70134'/>
    <NS0:administrativeDivision rdf:resource='#A70138'/>
    <NS0:administrativeDivision rdf:resource='#A70142'/>
    <NS0:administrativeDivision rdf:resource='#A70146'/>
    <NS0:administrativeDivision rdf:resource='#A70150'/>
    <NS0:administrativeDivision rdf:resource='#A70154'/>
    <NS0:administrativeDivision rdf:resource='#A70158'/>
    <NS0:administrativeDivision rdf:resource='#A70162'/>
    <NS0:administrativeDivision rdf:resource='#A70166'/>
    <NS0:administrativeDivision rdf:resource='#A70170'/>
    <NS0:administrativeDivision rdf:resource='#A70174'/>
    <NS0:independence>28 November 1960 (from France)</NS0:independence>
    <NS0:constitution>12 July 1991</NS0:constitution>
    <NS0:legalSystem>a combination of Shari&apos;a (Islamic law) and French civil law</NS0:legalSystem>
    <NS0:suffrage>18 years of age; universal</NS0:suffrage>
    <NS0:participatesIn rdf:resource='http://www.daml.org/2001/12/factbook/internationalOrganizations#ABEDA'/>
    <NS0:participatesIn rdf:resource='http://www.daml.org/2001/12/factbook/internationalOrganizations#ACCT'/>
    <NS0:participatesIn rdf:resource='http://www.daml.org/2001/12/factbook/internationalOrganizations#ACP'/>
    <NS0:participatesIn rdf:resource='http://www.daml.org/2001/12/factbook/internationalOrganizations#AfDB'/>
    <NS0:participatesIn rdf:resource='http://www.daml.org/2001/12/factbook/internationalOrganizations#AFESD'/>
    <NS0:participatesIn rdf:resource='http://www.daml.org/2001/12/factbook/internationalOrganizations#AL'/>
    <NS0:participatesIn rdf:resource='http://www.daml.org/2001/12/factbook/internationalOrganizations#AMF'/>
    <NS0:participatesIn rdf:resource='http://www.daml.org/2001/12/factbook/internationalOrganizations#AMU'/>
    <NS0:participatesIn rdf:resource='http://www.daml.org/2001/12/factbook/internationalOrganizations#CAEU'/>
    <NS0:participatesIn rdf:resource='http://www.daml.org/2001/12/factbook/internationalOrganizations#CCC'/>
    <NS0:participatesIn rdf:resource='http://www.daml.org/2001/12/factbook/internationalOrganizations#ECA'/>
    <NS0:participatesIn rdf:resource='http://www.daml.org/2001/12/factbook/internationalOrganizations#ECOWAS'/>
    <NS0:participatesIn rdf:resource='http://www.daml.org/2001/12/factbook/internationalOrganizations#FAO'/>
    <NS0:participatesIn rdf:resource='http://www.daml.org/2001/12/factbook/internationalOrganizations#G-77'/>
    <NS0:participatesIn rdf:resource='http://www.daml.org/2001/12/factbook/internationalOrganizations#IBRD'/>
    <NS0:participatesIn rdf:resource='http://www.daml.org/2001/12/factbook/internationalOrganizations#ICAO'/>
    <NS0:participatesIn rdf:resource='http://www.daml.org/2001/12/factbook/internationalOrganizations#ICFTU'/>
    <NS0:participatesIn rdf:resource='http://www.daml.org/2001/12/factbook/internationalOrganizations#ICRM'/>
    <NS0:participatesIn rdf:resource='http://www.daml.org/2001/12/factbook/internationalOrganizations#IDA'/>
    <NS0:participatesIn rdf:resource='http://www.daml.org/2001/12/factbook/internationalOrganizations#IDB'/>
    <NS0:participatesIn rdf:resource='http://www.daml.org/2001/12/factbook/internationalOrganizations#IFAD'/>
    <NS0:participatesIn rdf:resource='http://www.daml.org/2001/12/factbook/internationalOrganizations#IFC'/>
    <NS0:participatesIn rdf:resource='http://www.daml.org/2001/12/factbook/internationalOrganizations#IFRCS'/>
    <NS0:participatesIn rdf:resource='http://www.daml.org/2001/12/factbook/internationalOrganizations#IHO'/>
    <NS0:participatesIn rdf:resource='http://www.daml.org/2001/12/factbook/internationalOrganizations#ILO'/>
    <NS0:participatesIn rdf:resource='http://www.daml.org/2001/12/factbook/internationalOrganizations#IMF'/>
    <NS0:participatesIn rdf:resource='http://www.daml.org/2001/12/factbook/internationalOrganizations#IMO'/>
    <NS0:participatesIn rdf:resource='http://www.daml.org/2001/12/factbook/internationalOrganizations#Intelsat'/>
    <NS0:participatesIn rdf:resource='http://www.daml.org/2001/12/factbook/internationalOrganizations#Interpol'/>
    <NS0:participatesIn rdf:resource='http://www.daml.org/2001/12/factbook/internationalOrganizations#IOC'/>
    <NS0:participatesIn rdf:resource='http://www.daml.org/2001/12/factbook/internationalOrganizations#ITU'/>
    <NS0:participatesIn rdf:resource='http://www.daml.org/2001/12/factbook/internationalOrganizations#NAM'/>
    <NS0:participatesIn rdf:resource='http://www.daml.org/2001/12/factbook/internationalOrganizations#OAU'/>
    <NS0:participatesIn rdf:resource='http://www.daml.org/2001/12/factbook/internationalOrganizations#OIC'/>
    <NS0:participatesIn rdf:resource='http://www.daml.org/2001/12/factbook/internationalOrganizations#OPCW'/>
    <NS0:participatesIn rdf:resource='http://www.daml.org/2001/12/factbook/internationalOrganizations#UN'/>
    <NS0:participatesIn rdf:resource='http://www.daml.org/2001/12/factbook/internationalOrganizations#UNCTAD'/>
    <NS0:participatesIn rdf:resource='http://www.daml.org/2001/12/factbook/internationalOrganizations#UNESCO'/>
    <NS0:participatesIn rdf:resource='http://www.daml.org/2001/12/factbook/internationalOrganizations#UNIDO'/>
    <NS0:participatesIn rdf:resource='http://www.daml.org/2001/12/factbook/internationalOrganizations#UPU'/>
    <NS0:participatesIn rdf:resource='http://www.daml.org/2001/12/factbook/internationalOrganizations#WCL'/>
    <NS0:participatesIn rdf:resource='http://www.daml.org/2001/12/factbook/internationalOrganizations#WHO'/>
    <NS0:participatesIn rdf:resource='http://www.daml.org/2001/12/factbook/internationalOrganizations#WIPO'/>
    <NS0:participatesIn rdf:resource='http://www.daml.org/2001/12/factbook/internationalOrganizations#WMO'/>
    <NS0:participatesIn rdf:resource='http://www.daml.org/2001/12/factbook/internationalOrganizations#WToO'/>
    <NS0:participatesIn rdf:resource='http://www.daml.org/2001/12/factbook/internationalOrganizations#WTrO'/>
    <NS0:flagDescription>green with a yellow five-pointed star above a yellow, horizontal crescent; the closed side of the crescent is down; the crescent, star, and color green are traditional symbols of Islam</NS0:flagDescription>
    <NS0:economyOverview>A majority of the population still depends on agriculture and livestock for a livelihood, even though most of the nomads and many subsistence farmers were forced into the cities by recurrent droughts in the 1970s and 1980s. Mauritania has extensive deposits of iron ore, which account for half of total exports. The decline in world demand for this ore, however, has led to cutbacks in production. The nation&apos;s coastal waters are among the richest fishing areas in the world, but overexploitation by foreigners threatens this key source of revenue. The country&apos;s first deepwater port opened near Nouakchott in 1986. In the past, drought and economic mismanagement have resulted in a buildup of foreign debt. In March 1999, the government signed an agreement with a joint World Bank-IMF mission on a $54 million enhanced structural adjustment facility (ESAF). Mauritania withdrew its membership in the Economic Community of West African States (ECOWAS) in 2000. Privatization and debt relief are in full swing, and the rate of economic growth appears to be accelerating, especially in the construction, telecommunication, and information sectors. Diamonds and petroleum are beginning to be explored and exploited.</NS0:economyOverview>
    <NS0:grossDomesticProduct rdf:ID='A70230'>5400000000</NS0:grossDomesticProduct>
    <NS0:grossDomesticProductRealGrowth rdf:ID='A70233'>5</NS0:grossDomesticProductRealGrowth>
    <NS0:grossDomesticProductPerCapita rdf:ID='A70236'>2000</NS0:grossDomesticProductPerCapita>
    <NS0:grossDomesticProductAgriculture>25</NS0:grossDomesticProductAgriculture>
    <NS0:grossDomesticProductIndustry>31</NS0:grossDomesticProductIndustry>
    <NS0:grossDomesticProductServices rdf:ID='A70241'>44</NS0:grossDomesticProductServices>
    <NS0:populationBelowPovertyLine rdf:ID='A70243'>50</NS0:populationBelowPovertyLine>
    <NS0:householdIncomeLowest10Percent>2.3</NS0:householdIncomeLowest10Percent>
    <NS0:householdIncomeHighest10Percent rdf:ID='A70247'>29.9</NS0:householdIncomeHighest10Percent>
    <NS0:inflationRate rdf:ID='A70249'>4.5</NS0:inflationRate>
    <NS0:laborForce rdf:ID='A70252'>750000</NS0:laborForce>
    <NS0:occupation rdf:resource='#A70254'/>
    <NS0:occupation rdf:resource='#A70259'/>
    <NS0:occupation rdf:resource='#A70264'/>
    <NS0:unemploymentRate rdf:ID='A70269'>23</NS0:unemploymentRate>
    <NS0:budgetRevenues>329000000</NS0:budgetRevenues>
    <NS0:budgetExpenditures>265000000</NS0:budgetExpenditures>
    <NS0:budgetCapitalExpenditures rdf:ID='A70274'>75000000</NS0:budgetCapitalExpenditures>
    <NS0:industry rdf:resource='http://www.daml.org/2001/12/factbook/industries#fish_processing'/>
    <NS0:industry rdf:resource='http://www.daml.org/2001/12/factbook/industries#mining_of_iron_ore_and_gypsum'/>
    <NS0:industrialProductionGrowthRate rdf:ID='A70279'>2.2</NS0:industrialProductionGrowthRate>
    <NS0:electricityProduction rdf:ID='A70281'>151000000</NS0:electricityProduction>
    <NS0:electricityProductionFossilFuel>82.78</NS0:electricityProductionFossilFuel>
    <NS0:electricityProductionHydro>17.22</NS0:electricityProductionHydro>
    <NS0:electricityProductionNuclear>0</NS0:electricityProductionNuclear>
    <NS0:electricityProductionOther rdf:ID='A70286'>0</NS0:electricityProductionOther>
    <NS0:electricityConsumption rdf:ID='A70288'>140400000</NS0:electricityConsumption>
    <NS0:electricityExports rdf:ID='A70290'>0</NS0:electricityExports>
    <NS0:electricityImports rdf:ID='A70292'>0</NS0:electricityImports>
    <NS0:agricultureProduct rdf:resource='http://www.daml.org/2001/12/factbook/agricultureProducts#dates'/>
    <NS0:agricultureProduct rdf:resource='http://www.daml.org/2001/12/factbook/agricultureProducts#millet'/>
    <NS0:agricultureProduct rdf:resource='http://www.daml.org/2001/12/factbook/agricultureProducts#sorghum'/>
    <NS0:agricultureProduct rdf:resource='http://www.daml.org/2001/12/factbook/agricultureProducts#rice'/>
    <NS0:agricultureProduct rdf:resource='http://www.daml.org/2001/12/factbook/agricultureProducts#corn'/>
    <NS0:agricultureProduct rdf:resource='http://www.daml.org/2001/12/factbook/agricultureProducts#cattle'/>
    <NS0:agricultureProduct rdf:resource='http://www.daml.org/2001/12/factbook/agricultureProducts#sheep'/>
    <NS0:exports rdf:ID='A70302'>333000000</NS0:exports>
    <NS0:exportsCommodity rdf:resource='#A70304'/>
    <NS0:exportsCommodity rdf:resource='#A70308'/>
    <NS0:exportsCommodity rdf:resource='#A70312'/>
    <NS0:imports rdf:ID='A70316'>305000000</NS0:imports>
    <NS0:importsCommodity rdf:resource='#A70318'/>
    <NS0:importsCommodity rdf:resource='#A70322'/>
    <NS0:importsCommodity rdf:resource='#A70326'/>
    <NS0:importsCommodity rdf:resource='#A70330'/>
    <NS0:importsCommodity rdf:resource='#A70334'/>
    <NS0:externalDebt rdf:ID='A70338'>2100000000</NS0:externalDebt>
    <NS0:economicAidRecipient rdf:ID='A70340'>300000000</NS0:economicAidRecipient>
    <NS0:currency>ouguiya (MRO)</NS0:currency>
    <NS0:currencyCode>MRO</NS0:currencyCode>
    <NS0:fiscalYear>calendar year</NS0:fiscalYear>
    <NS0:mainTelephoneLines rdf:ID='A70345'>26000</NS0:mainTelephoneLines>
    <NS0:telephoneSystemGeneralAssessment>limited system of cable and open-wire lines, minor microwave radio relay links, and radiotelephone communications stations (improvements being made)</NS0:telephoneSystemGeneralAssessment>
    <NS0:telephoneSystemDomestic>mostly cable and open-wire lines; a recently completed domestic satellite telecommunications system links Nouakchott with regional capitals</NS0:telephoneSystemDomestic>
    <NS0:telephoneSystemInternational>satellite earth stations - 1 Intelsat (Atlantic Ocean) and 2 Arabsat</NS0:telephoneSystemInternational>
    <NS0:radios rdf:ID='A70350'>360000</NS0:radios>
    <NS0:televisionBroadcastStations rdf:ID='A70352'>1</NS0:televisionBroadcastStations>
    <NS0:televisions rdf:ID='A70354'>87000</NS0:televisions>
    <NS0:internetCountryCode>.mr</NS0:internetCountryCode>
    <NS0:internetServiceProviders rdf:ID='A70357'>5</NS0:internetServiceProviders>
    <NS0:internetUsers rdf:ID='A70359'>3500</NS0:internetUsers>
    <NS0:highwaysTotal>7660</NS0:highwaysTotal>
    <NS0:highwaysPaved>866</NS0:highwaysPaved>
    <NS0:highwaysUnpaved rdf:ID='A70363'>6794</NS0:highwaysUnpaved>
    <NS0:port rdf:resource='#A70365'/>
    <NS0:port rdf:resource='#A70369'/>
    <NS0:port rdf:resource='#A70373'/>
    <NS0:port rdf:resource='#A70377'/>
    <NS0:port rdf:resource='#A70381'/>
    <NS0:airports rdf:ID='A70385'>26</NS0:airports>
    <NS0:airportBreakdown rdf:resource='#A70388'/>
    <NS0:airportBreakdown rdf:resource='#A70395'/>
    <NS0:airportBreakdown rdf:resource='#A70402'/>
    <NS0:airportBreakdown rdf:resource='#A70409'/>
    <NS0:airportBreakdown rdf:resource='#A70416'/>
    <NS0:airportBreakdown rdf:resource='#A70423'/>
    <NS0:malesOfMilitaryAge rdf:ID='A70429'>624375</NS0:malesOfMilitaryAge>
    <NS0:malesFitForMilitaryService rdf:ID='A70432'>302699</NS0:malesFitForMilitaryService>
    <NS0:militaryExpenditures rdf:ID='A70435'>41000000</NS0:militaryExpenditures>
    <NS0:militaryExpendituresPercentGDP rdf:ID='A70437'>2.7</NS0:militaryExpendituresPercentGDP>
    <NS0:internationalDispute>none</NS0:internationalDispute>
    <NS0:smallFlag>http://www.cia.gov/cia/publications/factbook/flags/mr-flag.jpg</NS0:smallFlag>
    <NS0:largeFlag>http://www.cia.gov/cia/publications/factbook/flags/mr-lgflag.jpg</NS0:largeFlag>
    <NS0:map>http://www.cia.gov/cia/publications/factbook/maps/mr-map.jpg</NS0:map>
    <NS0:border rdf:resource='#A126449'/>
    <NS0:border rdf:resource='#A126454'/>
    <NS0:border rdf:resource='#A126459'/>
    <NS0:border rdf:resource='#A126464'/>
    <NS0:exportPartner rdf:resource='#A126469'/>
    <NS0:exportPartner rdf:resource='#A126474'/>
    <NS0:exportPartner rdf:resource='#A126479'/>
    <NS0:exportPartner rdf:ID='A126488' rdf:resource='#A126484'/>
    <NS0:importPartner rdf:resource='#A126490'/>
    <NS0:importPartner rdf:resource='#A126495'/>
    <NS0:importPartner rdf:ID='A126504' rdf:resource='#A126500'/>
  </rdf:Description>
  <rdf:Description rdf:about='#A70166'>
    <rdf:type rdf:resource='#Region'/>
    <NS0:name>Tagant</NS0:name>
  </rdf:Description>
  <rdf:Description rdf:about='#A69974'>
    <rdf:type rdf:resource='http://www.daml.org/2001/12/factbook/factbook-ont#ElevationExtreme'/>
    <NS0:name>Kediet Ijill</NS0:name>
    <NS0:elevation>910</NS0:elevation>
  </rdf:Description>
  <rdf:Description rdf:about='#A70316'>
    <NS0:note>f.o.b., 1999</NS0:note>
  </rdf:Description>
  <rdf:Description rdf:about='#A70279'>
    <NS0:year>1999</NS0:year>
  </rdf:Description>
  <rdf:Description rdf:about='#A70338'>
    <NS0:year>1999</NS0:year>
  </rdf:Description>
  <rdf:Description rdf:about='#A70162'>
    <rdf:type rdf:resource='#CapitalDistrict'/>
    <NS0:name>Nouakchott</NS0:name>
  </rdf:Description>
  <rdf:Description rdf:about='#A69969'>
    <rdf:type rdf:resource='http://www.daml.org/2001/12/factbook/factbook-ont#ElevationExtreme'/>
    <NS0:name>Sebkha de Ndrhamcha</NS0:name>
    <NS0:elevation>-3</NS0:elevation>
  </rdf:Description>
  <rdf:Description rdf:about='#A70350'>
    <NS0:year>1997</NS0:year>
  </rdf:Description>
  <rdf:Description rdf:about='#A70158'>
    <rdf:type rdf:resource='#Region'/>
    <NS0:name>Inchiri</NS0:name>
  </rdf:Description>
  <rdf:Description rdf:about='#A126500'>
    <rdf:type rdf:resource='http://www.daml.org/2001/12/factbook/factbook-ont#CountryPercent'/>
    <NS0:country rdf:resource='http://www.daml.org/2001/09/countries/fips#SP'/>
    <NS0:percent>7</NS0:percent>
  </rdf:Description>
  <rdf:Description rdf:about='#A70154'>
    <rdf:type rdf:resource='#Region'/>
    <NS0:name>Hodh El Gharbi</NS0:name>
  </rdf:Description>
  <rdf:Description rdf:about='#A70274'>
    <rdf:type rdf:resource='http://www.daml.org/2001/12/factbook/factbook-ont#Estimate'/>
    <NS0:year>1996</NS0:year>
  </rdf:Description>
  <rdf:Description rdf:about='#A70252'>
    <NS0:year>1999</NS0:year>
  </rdf:Description>
  <rdf:Description rdf:about='#A126495'>
    <rdf:type rdf:resource='http://www.daml.org/2001/12/factbook/factbook-ont#CountryPercent'/>
    <NS0:country rdf:resource='http://www.daml.org/2001/09/countries/fips#GM'/>
    <NS0:percent>7</NS0:percent>
  </rdf:Description>
  <rdf:Description rdf:about='#A70150'>
    <rdf:type rdf:resource='#Region'/>
    <NS0:name>Hodh Ech Chargui</NS0:name>
  </rdf:Description>
  <rdf:Description rdf:about='#A70146'>
    <rdf:type rdf:resource='#Region'/>
    <NS0:name>Guidimaka</NS0:name>
  </rdf:Description>
  <rdf:Description rdf:about='#A126490'>
    <rdf:type rdf:resource='http://www.daml.org/2001/12/factbook/factbook-ont#CountryPercent'/>
    <NS0:country rdf:resource='http://www.daml.org/2001/09/countries/fips#FR'/>
    <NS0:percent>27</NS0:percent>
  </rdf:Description>
  <rdf:Description rdf:about='#A70334'>
    <rdf:type rdf:resource='http://www.daml.org/2001/12/factbook/factbook-ont#CommodityPercent'/>
    <NS0:importsCommodity rdf:resource='http://www.daml.org/2001/12/factbook/commodities#consumer_goods'/>
  </rdf:Description>
  <rdf:Description rdf:about='#A69952'>
    <rdf:type rdf:resource='http://www.daml.org/2001/12/factbook/factbook-ont#LatLon'/>
    <NS0:latitude>20.0</NS0:latitude>
    <NS0:longitude>-12.0</NS0:longitude>
  </rdf:Description>
  <rdf:Description rdf:about='#A70142'>
    <rdf:type rdf:resource='#Region'/>
    <NS0:name>Gorgol</NS0:name>
  </rdf:Description>
  <rdf:Description rdf:about='#A70330'>
    <rdf:type rdf:resource='http://www.daml.org/2001/12/factbook/factbook-ont#CommodityPercent'/>
    <NS0:importsCommodity rdf:resource='http://www.daml.org/2001/12/factbook/commodities#foodstuffs'/>
  </rdf:Description>
  <rdf:Description rdf:about='#A126484'>
    <rdf:type rdf:resource='http://www.daml.org/2001/12/factbook/factbook-ont#CountryPercent'/>
    <NS0:country rdf:resource='http://www.daml.org/2001/09/countries/fips#SP'/>
    <NS0:percent>11</NS0:percent>
  </rdf:Description>
  <rdf:Description rdf:about='#A70138'>
    <rdf:type rdf:resource='#Region'/>
    <NS0:name>Dakhlet Nouadhibou</NS0:name>
  </rdf:Description>
  <rdf:Description rdf:about='#A70326'>
    <rdf:type rdf:resource='http://www.daml.org/2001/12/factbook/factbook-ont#CommodityPercent'/>
    <NS0:importsCommodity rdf:resource='http://www.daml.org/2001/12/factbook/commodities#capital_goods'/>
  </rdf:Description>
  <rdf:Description rdf:about='#A70134'>
    <rdf:type rdf:resource='#Region'/>
    <NS0:name>Brakna</NS0:name>
  </rdf:Description>
  <rdf:Description rdf:about='#A126479'>
    <rdf:type rdf:resource='http://www.daml.org/2001/12/factbook/factbook-ont#CountryPercent'/>
    <NS0:country rdf:resource='http://www.daml.org/2001/09/countries/fips#IT'/>
    <NS0:percent>16</NS0:percent>
  </rdf:Description>
  <rdf:Description rdf:about='#A70302'>
    <NS0:note>f.o.b., 1999</NS0:note>
  </rdf:Description>
  <rdf:Description rdf:about='#A70322'>
    <rdf:type rdf:resource='http://www.daml.org/2001/12/factbook/factbook-ont#CommodityPercent'/>
    <NS0:importsCommodity rdf:resource='http://www.daml.org/2001/12/factbook/commodities#petroleum_products'/>
  </rdf:Description>
  <rdf:Description rdf:about='#A70130'>
    <rdf:type rdf:resource='#Region'/>
    <NS0:name>Assaba</NS0:name>
  </rdf:Description>
  <rdf:Description rdf:about='#A126474'>
    <rdf:type rdf:resource='http://www.daml.org/2001/12/factbook/factbook-ont#CountryPercent'/>
    <NS0:country rdf:resource='http://www.daml.org/2001/09/countries/fips#FR'/>
    <NS0:percent>17</NS0:percent>
  </rdf:Description>
  <rdf:Description rdf:about='#A70318'>
    <rdf:type rdf:resource='http://www.daml.org/2001/12/factbook/factbook-ont#CommodityPercent'/>
    <NS0:importsCommodity rdf:resource='http://www.daml.org/2001/12/factbook/commodities#machinery_and_equipment'/>
  </rdf:Description>
  <rdf:Description rdf:about='#A70126'>
    <rdf:type rdf:resource='#Region'/>
    <NS0:name>Adrar</NS0:name>
  </rdf:Description>
  <rdf:Description rdf:about='#A70058'>
    <rdf:type rdf:resource='http://www.daml.org/2001/12/factbook/factbook-ont#Estimate'/>
    <NS0:year>2001</NS0:year>
  </rdf:Description>
  <rdf:Description rdf:about='#A126488'>
    <NS0:note>1998</NS0:note>
  </rdf:Description>
  <rdf:Description rdf:about='#A126469'>
    <rdf:type rdf:resource='http://www.daml.org/2001/12/factbook/factbook-ont#CountryPercent'/>
    <NS0:country rdf:resource='http://www.daml.org/2001/09/countries/fips#JA'/>
    <NS0:percent>18</NS0:percent>
  </rdf:Description>
  <rdf:Description rdf:about='#A70108'>
    <rdf:type rdf:resource='http://www.daml.org/2001/12/factbook/factbook-ont#Estimate'/>
    <NS0:year>1998</NS0:year>
  </rdf:Description>
  <rdf:Description rdf:about='#A70354'>
    <NS0:year>1998</NS0:year>
  </rdf:Description>
  <rdf:Description rdf:about='#A70312'>
    <rdf:type rdf:resource='http://www.daml.org/2001/12/factbook/factbook-ont#CommodityPercent'/>
    <NS0:exportsCommodity rdf:resource='http://www.daml.org/2001/12/factbook/commodities#gold'/>
  </rdf:Description>
  <rdf:Description rdf:about='#A70352'>
    <NS0:year>1997</NS0:year>
  </rdf:Description>
  <rdf:Description rdf:about='#A126464'>
    <rdf:type rdf:resource='http://www.daml.org/2001/12/factbook/factbook-ont#Border'/>
    <NS0:country rdf:resource='http://www.daml.org/2001/09/countries/fips#WI'/>
    <NS0:distance>1561</NS0:distance>
  </rdf:Description>
  <rdf:Description rdf:about='#A70363'>
    <NS0:year>1996</NS0:year>
  </rdf:Description>
  <rdf:Description rdf:about='#A70308'>
    <rdf:type rdf:resource='http://www.daml.org/2001/12/factbook/factbook-ont#CommodityPercent'/>
    <NS0:exportsCommodity rdf:resource='http://www.daml.org/2001/12/factbook/commodities#fish_and_fish_products'/>
  </rdf:Description>
  <rdf:Description rdf:about='#A70116'>
    <rdf:type rdf:resource='http://www.daml.org/2001/12/factbook/factbook-ont#CapitalCity'/>
    <NS0:name>Nouakchott</NS0:name>
  </rdf:Description>
  <rdf:Description rdf:about='#A126459'>
    <rdf:type rdf:resource='http://www.daml.org/2001/12/factbook/factbook-ont#Border'/>
    <NS0:country rdf:resource='http://www.daml.org/2001/09/countries/fips#SG'/>
    <NS0:distance>813</NS0:distance>
  </rdf:Description>
  <rdf:Description rdf:about='#A70304'>
    <rdf:type rdf:resource='http://www.daml.org/2001/12/factbook/factbook-ont#CommodityPercent'/>
    <NS0:exportsCommodity rdf:resource='http://www.daml.org/2001/12/factbook/commodities#iron_ore'/>
  </rdf:Description>
  <rdf:Description rdf:about='#A126454'>
    <rdf:type rdf:resource='http://www.daml.org/2001/12/factbook/factbook-ont#Border'/>
    <NS0:country rdf:resource='http://www.daml.org/2001/09/countries/fips#ML'/>
    <NS0:distance>2237</NS0:distance>
  </rdf:Description>
  <rdf:Description rdf:about='#A70014'>
    <rdf:type rdf:resource='http://www.daml.org/2001/12/factbook/factbook-ont#Estimate'/>
    <NS0:year>2001</NS0:year>
  </rdf:Description>
  <rdf:Description rdf:about='#A70345'>
    <NS0:year>2000</NS0:year>
  </rdf:Description>
  <rdf:Description rdf:about='#A70017'>
    <rdf:type rdf:resource='http://www.daml.org/2001/12/factbook/factbook-ont#Estimate'/>
    <NS0:year>2001</NS0:year>
  </rdf:Description>
  <rdf:Description rdf:about='#A70011'>
    <rdf:type rdf:resource='http://www.daml.org/2001/12/factbook/factbook-ont#Estimate'/>
    <NS0:note>July 2001</NS0:note>
  </rdf:Description>
  <rdf:Description rdf:about='#A126449'>
    <rdf:type rdf:resource='http://www.daml.org/2001/12/factbook/factbook-ont#Border'/>
    <NS0:country rdf:resource='http://www.daml.org/2001/09/countries/fips#AG'/>
    <NS0:distance>463</NS0:distance>
  </rdf:Description>
  <rdf:Description rdf:about='#A70101'>
    <rdf:type rdf:resource='http://www.daml.org/2001/12/factbook/factbook-ont#LanguagePercent'/>
    <NS0:language rdf:resource='http://www.daml.org/2001/12/factbook/languages#French'/>
  </rdf:Description>
</rdf:RDF>
