<?xml version='1.0' encoding='ISO-8859-1'?>
<rdf:RDF
  xmlns:rdf='http://www.w3.org/1999/02/22-rdf-syntax-ns#'
  xmlns:NS0='http://www.daml.org/2001/12/factbook/factbook-ont#'
  xml:base="http://www.daml.org/2001/12/factbook/mt">
  <rdf:Description rdf:about='#A70540'>
    <rdf:type rdf:resource='http://www.daml.org/2001/12/factbook/factbook-ont#Estimate'/>
    <NS0:year>2001</NS0:year>
  </rdf:Description>
  <rdf:Description rdf:about='#A70683'>
    <NS0:year>1999</NS0:year>
  </rdf:Description>
  <rdf:Description rdf:about='#A70641'>
    <rdf:type rdf:resource='http://www.daml.org/2001/12/factbook/factbook-ont#Estimate'/>
    <NS0:year>2000</NS0:year>
  </rdf:Description>
  <rdf:Description rdf:about='#A70744'>
    <NS0:year>1997</NS0:year>
  </rdf:Description>
  <rdf:Description rdf:about='#A70656'>
    <rdf:type rdf:resource='http://www.daml.org/2001/12/factbook/factbook-ont#OccupationPercent'/>
    <NS0:occupation rdf:resource='http://www.daml.org/2001/12/factbook/occupations#agriculture'/>
    <NS0:percent>5</NS0:percent>
  </rdf:Description>
  <rdf:Description rdf:about='#A70462'>
    <rdf:type rdf:resource='http://www.daml.org/2001/12/factbook/factbook-ont#ElevationExtreme'/>
    <NS0:name>Mediterranean Sea</NS0:name>
    <NS0:elevation>0</NS0:elevation>
  </rdf:Description>
  <rdf:Description rdf:about='#A70651'>
    <rdf:type rdf:resource='http://www.daml.org/2001/12/factbook/factbook-ont#OccupationPercent'/>
    <NS0:occupation rdf:resource='http://www.daml.org/2001/12/factbook/occupations#services'/>
    <NS0:percent>71</NS0:percent>
  </rdf:Description>
  <rdf:Description rdf:about='#A70508'>
    <rdf:type rdf:resource='http://www.daml.org/2001/12/factbook/factbook-ont#Estimate'/>
    <NS0:year>2001</NS0:year>
  </rdf:Description>
  <rdf:Description rdf:about='#A70543'>
    <rdf:type rdf:resource='http://www.daml.org/2001/12/factbook/factbook-ont#Estimate'/>
    <NS0:year>2001</NS0:year>
  </rdf:Description>
  <rdf:Description rdf:about='#A70646'>
    <rdf:type rdf:resource='http://www.daml.org/2001/12/factbook/factbook-ont#OccupationPercent'/>
    <NS0:occupation rdf:resource='http://www.daml.org/2001/12/factbook/occupations#industry'/>
    <NS0:percent>24</NS0:percent>
  </rdf:Description>
  <rdf:Description rdf:about='#A70757'>
    <NS0:year>1997</NS0:year>
  </rdf:Description>
  <rdf:Description rdf:about='#A70496'>
    <rdf:type rdf:resource='http://www.daml.org/2001/12/factbook/factbook-ont#Estimate'/>
    <NS0:note>July 2001</NS0:note>
  </rdf:Description>
  <rdf:Description rdf:about='#A70537'>
    <rdf:type rdf:resource='http://www.daml.org/2001/12/factbook/factbook-ont#Estimate'/>
    <NS0:year>2001</NS0:year>
  </rdf:Description>
  <rdf:Description rdf:about='#A70445'>
    <rdf:type rdf:resource='http://www.daml.org/2001/12/factbook/factbook-ont#LatLon'/>
    <NS0:latitude>35.833333333333336</NS0:latitude>
    <NS0:longitude>14.583333333333334</NS0:longitude>
  </rdf:Description>
  <rdf:Description rdf:about='#A70660'>
    <rdf:type rdf:resource='http://www.daml.org/2001/12/factbook/factbook-ont#Estimate'/>
    <NS0:year>1999</NS0:year>
  </rdf:Description>
  <rdf:Description rdf:about='#A70784'>
    <NS0:note>FY98</NS0:note>
  </rdf:Description>
  <rdf:Description rdf:about='#A70566'>
    <NS0:note>official</NS0:note>
  </rdf:Description>
  <rdf:Description rdf:about='#A70689'>
    <NS0:year>1999</NS0:year>
  </rdf:Description>
  <rdf:Description rdf:about='#A70561'>
    <NS0:note>official</NS0:note>
  </rdf:Description>
  <rdf:Description rdf:about='#A70663'>
    <NS0:note>3rd Quarter 2000</NS0:note>
  </rdf:Description>
  <rdf:Description rdf:about='#A70631'>
    <rdf:type rdf:resource='http://www.daml.org/2001/12/factbook/factbook-ont#Estimate'/>
    <NS0:year>2000</NS0:year>
  </rdf:Description>
  <rdf:Description rdf:about='#A126362'>
    <rdf:type rdf:resource='http://www.daml.org/2001/12/factbook/factbook-ont#CountryPercent'/>
    <NS0:country rdf:resource='http://www.daml.org/2001/09/countries/fips#US'/>
    <NS0:percent>8.5</NS0:percent>
  </rdf:Description>
  <rdf:Description rdf:about='#A126357'>
    <rdf:type rdf:resource='http://www.daml.org/2001/12/factbook/factbook-ont#CountryPercent'/>
    <NS0:country rdf:resource='http://www.daml.org/2001/09/countries/fips#GM'/>
    <NS0:percent>10.0</NS0:percent>
  </rdf:Description>
  <rdf:Description rdf:about='#A70477'>
    <rdf:type rdf:resource='http://www.daml.org/2001/12/factbook/factbook-ont#Estimate'/>
    <NS0:year>2000</NS0:year>
  </rdf:Description>
  <rdf:Description rdf:about='#A70639'>
    <NS0:year>1999</NS0:year>
  </rdf:Description>
  <rdf:Description rdf:about='#A70714'>
    <NS0:note>f.o.b., 1999</NS0:note>
  </rdf:Description>
  <rdf:Description rdf:about='#A126352'>
    <rdf:type rdf:resource='http://www.daml.org/2001/12/factbook/factbook-ont#CountryPercent'/>
    <NS0:country rdf:resource='http://www.daml.org/2001/09/countries/fips#UK'/>
    <NS0:percent>10.9</NS0:percent>
  </rdf:Description>
  <rdf:Description rdf:about='#A70770'>
    <rdf:type rdf:resource='http://www.daml.org/2001/12/factbook/factbook-ont#AirportBreakdown'/>
    <NS0:paved>true</NS0:paved>
    <NS0:minRunway>3048</NS0:minRunway>
    <NS0:count>1 (2000 est.)</NS0:count>
  </rdf:Description>
  <rdf:Description rdf:about='#A70578'>
    <rdf:type rdf:resource='http://www.daml.org/2001/12/factbook/factbook-ont#CapitalCity'/>
    <NS0:name>Valletta</NS0:name>
  </rdf:Description>
  <rdf:Description rdf:about='#A70739'>
    <NS0:year>1997</NS0:year>
  </rdf:Description>
  <rdf:Description rdf:about='#A70704'>
    <NS0:note>f.o.b., 1999</NS0:note>
  </rdf:Description>
  <rdf:Description rdf:about='#A70767'>
    <rdf:type rdf:resource='http://www.daml.org/2001/12/factbook/factbook-ont#Estimate'/>
    <NS0:year>2000</NS0:year>
  </rdf:Description>
  <rdf:Description rdf:about='#A126347'>
    <rdf:type rdf:resource='http://www.daml.org/2001/12/factbook/factbook-ont#CountryPercent'/>
    <NS0:country rdf:resource='http://www.daml.org/2001/09/countries/fips#IT'/>
    <NS0:percent>16.7</NS0:percent>
  </rdf:Description>
  <rdf:Description rdf:about='#A70763'>
    <rdf:type rdf:resource='http://www.daml.org/2001/12/factbook/factbook-ont#Port'/>
    <NS0:name>Valletta</NS0:name>
  </rdf:Description>
  <rdf:Description rdf:about='#A126342'>
    <rdf:type rdf:resource='http://www.daml.org/2001/12/factbook/factbook-ont#CountryPercent'/>
    <NS0:country rdf:resource='http://www.daml.org/2001/09/countries/fips#FR'/>
    <NS0:percent>19.1</NS0:percent>
  </rdf:Description>
  <rdf:Description rdf:about='#A70502'>
    <rdf:type rdf:resource='http://www.daml.org/2001/12/factbook/factbook-ont#Estimate'/>
    <NS0:year>2001</NS0:year>
  </rdf:Description>
  <rdf:Description rdf:about='#A70759'>
    <rdf:type rdf:resource='http://www.daml.org/2001/12/factbook/factbook-ont#Port'/>
    <NS0:name>Marsaxlokk</NS0:name>
  </rdf:Description>
  <rdf:Description rdf:about='#A70751'>
    <NS0:year>2000</NS0:year>
  </rdf:Description>
  <rdf:Description rdf:about='#A126336'>
    <rdf:type rdf:resource='http://www.daml.org/2001/12/factbook/factbook-ont#CountryPercent'/>
    <NS0:country rdf:resource='http://www.daml.org/2001/09/countries/fips#IT'/>
    <NS0:percent>4.9</NS0:percent>
  </rdf:Description>
  <rdf:Description rdf:about='#A70563'>
    <rdf:type rdf:resource='http://www.daml.org/2001/12/factbook/factbook-ont#LanguagePercent'/>
    <NS0:language rdf:resource='http://www.daml.org/2001/12/factbook/languages#English'/>
  </rdf:Description>
  <rdf:Description rdf:about='#A126331'>
    <rdf:type rdf:resource='http://www.daml.org/2001/12/factbook/factbook-ont#CountryPercent'/>
    <NS0:country rdf:resource='http://www.daml.org/2001/09/countries/fips#UK'/>
    <NS0:percent>9.3</NS0:percent>
  </rdf:Description>
  <rdf:Description rdf:about='#A70558'>
    <rdf:type rdf:resource='http://www.daml.org/2001/12/factbook/factbook-ont#LanguagePercent'/>
    <NS0:language rdf:resource='http://www.daml.org/2001/12/factbook/languages#Maltese'/>
  </rdf:Description>
  <rdf:Description rdf:about='#A70753'>
    <NS0:year>2000</NS0:year>
  </rdf:Description>
  <rdf:Description rdf:about='#A70687'>
    <NS0:year>1999</NS0:year>
  </rdf:Description>
  <rdf:Description rdf:about='#A126326'>
    <rdf:type rdf:resource='http://www.daml.org/2001/12/factbook/factbook-ont#CountryPercent'/>
    <NS0:country rdf:resource='http://www.daml.org/2001/09/countries/fips#GM'/>
    <NS0:percent>12.6</NS0:percent>
  </rdf:Description>
  <rdf:Description rdf:about='#A70553'>
    <rdf:type rdf:resource='http://www.daml.org/2001/12/factbook/factbook-ont#ReligionPercent'/>
    <NS0:religion rdf:resource='http://www.daml.org/2001/12/factbook/religions#Roman_Catholic'/>
    <NS0:percent>91</NS0:percent>
  </rdf:Description>
  <rdf:Description rdf:about='http://www.daml.org/2001/09/countries/fips#MT'>
    <NS0:background>Great Britain formally acquired possession of Malta in 1814. The island staunchly supported the UK through both World Wars and remained in the Commonwealth when it became independent in 1964. A decade later Malta became a republic. Over the last 15 years, the island has become a major freight transshipment point, financial center, and tourist destination. It is an official candidate for EU membership.</NS0:background>
    <NS0:location>Southern Europe, islands in the Mediterranean Sea, south of Sicily (Italy)</NS0:location>
    <NS0:geographicCoordinates rdf:resource='#A70445'/>
    <NS0:mapReferences>Europe</NS0:mapReferences>
    <NS0:totalArea>316</NS0:totalArea>
    <NS0:landArea>316</NS0:landArea>
    <NS0:waterArea>0</NS0:waterArea>
    <NS0:comparativeArea>slightly less than twice the size of Washington, DC</NS0:comparativeArea>
    <NS0:coastline rdf:ID='A70455'>196.8</NS0:coastline>
    <NS0:contiguousZone>24</NS0:contiguousZone>
    <NS0:exclusiveFishingZone>25</NS0:exclusiveFishingZone>
    <NS0:territorialSea>12</NS0:territorialSea>
    <NS0:climate>Mediterranean with mild, rainy winters and hot, dry summers</NS0:climate>
    <NS0:terrain>mostly low, rocky, flat to dissected plains; many coastal cliffs</NS0:terrain>
    <NS0:lowestPoint rdf:resource='#A70462'/>
    <NS0:naturalResource rdf:resource='http://www.daml.org/2001/12/factbook/naturalResources#limestone'/>
    <NS0:naturalResource rdf:resource='http://www.daml.org/2001/12/factbook/naturalResources#salt'/>
    <NS0:naturalResource rdf:resource='http://www.daml.org/2001/12/factbook/naturalResources#arable_land'/>
    <NS0:arableLand>32</NS0:arableLand>
    <NS0:permanentCrops>3</NS0:permanentCrops>
    <NS0:permanentPastures>0</NS0:permanentPastures>
    <NS0:forestsAndWoodland>4</NS0:forestsAndWoodland>
    <NS0:otherLandUse rdf:ID='A70474'>61</NS0:otherLandUse>
    <NS0:irrigatedLand rdf:ID='A70477'>11.45</NS0:irrigatedLand>
    <NS0:naturalHazard>NA</NS0:naturalHazard>
    <NS0:environmentalIssue>very limited natural fresh water resources</NS0:environmentalIssue>
    <NS0:environmentalIssue>increasing reliance on desalination</NS0:environmentalIssue>
    <NS0:environmentalAgreementPartyTo rdf:resource='http://www.daml.org/2001/12/factbook/environmentalAgreements#Air_Pollution'/>
    <NS0:environmentalAgreementPartyTo rdf:resource='http://www.daml.org/2001/12/factbook/environmentalAgreements#Biodiversity'/>
    <NS0:environmentalAgreementPartyTo rdf:resource='http://www.daml.org/2001/12/factbook/environmentalAgreements#Climate_Change'/>
    <NS0:environmentalAgreementPartyTo rdf:resource='http://www.daml.org/2001/12/factbook/environmentalAgreements#Desertification'/>
    <NS0:environmentalAgreementPartyTo rdf:resource='http://www.daml.org/2001/12/factbook/environmentalAgreements#Endangered_Species'/>
    <NS0:environmentalAgreementPartyTo rdf:resource='http://www.daml.org/2001/12/factbook/environmentalAgreements#Hazardous_Wastes'/>
    <NS0:environmentalAgreementPartyTo rdf:resource='http://www.daml.org/2001/12/factbook/environmentalAgreements#Law_of_the_Sea'/>
    <NS0:environmentalAgreementPartyTo rdf:resource='http://www.daml.org/2001/12/factbook/environmentalAgreements#Marine_Dumping'/>
    <NS0:environmentalAgreementPartyTo rdf:resource='http://www.daml.org/2001/12/factbook/environmentalAgreements#Nuclear_Test_Ban'/>
    <NS0:environmentalAgreementPartyTo rdf:resource='http://www.daml.org/2001/12/factbook/environmentalAgreements#Ozone_Layer_Protection'/>
    <NS0:environmentalAgreementPartyTo rdf:resource='http://www.daml.org/2001/12/factbook/environmentalAgreements#Ship_Pollution'/>
    <NS0:environmentalAgreementPartyTo rdf:resource='http://www.daml.org/2001/12/factbook/environmentalAgreements#Wetlands'/>
    <NS0:environmentalAgreementSigned rdf:resource='http://www.daml.org/2001/12/factbook/environmentalAgreements#Climate_Change-Kyoto_Protocol'/>
    <NS0:population rdf:ID='A70496'>394583</NS0:population>
    <NS0:populationGrowthRate rdf:ID='A70499'>0.74</NS0:populationGrowthRate>
    <NS0:birthRate rdf:ID='A70502'>12.75</NS0:birthRate>
    <NS0:deathRate rdf:ID='A70505'>7.74</NS0:deathRate>
    <NS0:netMigrationRate rdf:ID='A70508'>2.37</NS0:netMigrationRate>
    <NS0:sexRatio rdf:resource='#A70511'/>
    <NS0:sexRatio rdf:resource='#A70517'/>
    <NS0:sexRatio rdf:resource='#A70523'/>
    <NS0:sexRatio rdf:resource='#A70529'/>
    <NS0:sexRatio rdf:ID='A70537' rdf:resource='#A70534'/>
    <NS0:infantMortalityRate rdf:ID='A70540'>5.83</NS0:infantMortalityRate>
    <NS0:totalFertilityRate rdf:ID='A70543'>1.92</NS0:totalFertilityRate>
    <NS0:nationalityNoun>Maltese (singular and plural)</NS0:nationalityNoun>
    <NS0:nationalityAdjective>Maltese</NS0:nationalityAdjective>
    <NS0:ethnicGroup rdf:ID='A70551' rdf:resource='#A70548'/>
    <NS0:religion rdf:resource='#A70553'/>
    <NS0:language rdf:ID='A70561' rdf:resource='#A70558'/>
    <NS0:language rdf:ID='A70566' rdf:resource='#A70563'/>
    <NS0:literacyDefinition>age 10 and over can read and write</NS0:literacyDefinition>
    <NS0:literacyTotal>88.76</NS0:literacyTotal>
    <NS0:literacyMale>86.91</NS0:literacyMale>
    <NS0:literacyFemale rdf:ID='A70571'>89.55</NS0:literacyFemale>
    <NS0:conventionalLongCountryName>Republic of Malta</NS0:conventionalLongCountryName>
    <NS0:conventionalShortCountryName>Malta</NS0:conventionalShortCountryName>
    <NS0:localLongCountryName>Repubblika ta&apos; Malta</NS0:localLongCountryName>
    <NS0:localShortCountryName>Malta</NS0:localShortCountryName>
    <NS0:governmentType rdf:resource='http://www.daml.org/2001/12/factbook/governmentTypes#republic'/>
    <NS0:capital rdf:resource='#A70578'/>
    <NS0:independence>21 September 1964 (from UK)</NS0:independence>
    <NS0:constitution>1964 constitution substantially amended on 13 December 1974</NS0:constitution>
    <NS0:legalSystem>based on English common law and Roman civil law; accepts compulsory ICJ jurisdiction, with reservations</NS0:legalSystem>
    <NS0:suffrage>18 years of age; universal</NS0:suffrage>
    <NS0:participatesIn rdf:resource='http://www.daml.org/2001/12/factbook/internationalOrganizations#C'/>
    <NS0:participatesIn rdf:resource='http://www.daml.org/2001/12/factbook/internationalOrganizations#CCC'/>
    <NS0:participatesIn rdf:resource='http://www.daml.org/2001/12/factbook/internationalOrganizations#CE'/>
    <NS0:participatesIn rdf:resource='http://www.daml.org/2001/12/factbook/internationalOrganizations#EBRD'/>
    <NS0:participatesIn rdf:resource='http://www.daml.org/2001/12/factbook/internationalOrganizations#ECE'/>
    <NS0:participatesIn rdf:resource='http://www.daml.org/2001/12/factbook/internationalOrganizations#EU'/>
    <NS0:participatesIn rdf:resource='http://www.daml.org/2001/12/factbook/internationalOrganizations#FAO'/>
    <NS0:participatesIn rdf:resource='http://www.daml.org/2001/12/factbook/internationalOrganizations#G-77'/>
    <NS0:participatesIn rdf:resource='http://www.daml.org/2001/12/factbook/internationalOrganizations#IAEA'/>
    <NS0:participatesIn rdf:resource='http://www.daml.org/2001/12/factbook/internationalOrganizations#IBRD'/>
    <NS0:participatesIn rdf:resource='http://www.daml.org/2001/12/factbook/internationalOrganizations#ICAO'/>
    <NS0:participatesIn rdf:resource='http://www.daml.org/2001/12/factbook/internationalOrganizations#ICFTU'/>
    <NS0:participatesIn rdf:resource='http://www.daml.org/2001/12/factbook/internationalOrganizations#ICRM'/>
    <NS0:participatesIn rdf:resource='http://www.daml.org/2001/12/factbook/internationalOrganizations#IFAD'/>
    <NS0:participatesIn rdf:resource='http://www.daml.org/2001/12/factbook/internationalOrganizations#IFRCS'/>
    <NS0:participatesIn rdf:resource='http://www.daml.org/2001/12/factbook/internationalOrganizations#ILO'/>
    <NS0:participatesIn rdf:resource='http://www.daml.org/2001/12/factbook/internationalOrganizations#IMF'/>
    <NS0:participatesIn rdf:resource='http://www.daml.org/2001/12/factbook/internationalOrganizations#IMO'/>
    <NS0:participatesIn rdf:resource='http://www.daml.org/2001/12/factbook/internationalOrganizations#Inmarsat'/>
    <NS0:participatesIn rdf:resource='http://www.daml.org/2001/12/factbook/internationalOrganizations#Intelsat'/>
    <NS0:participatesIn rdf:resource='http://www.daml.org/2001/12/factbook/internationalOrganizations#Interpol'/>
    <NS0:participatesIn rdf:resource='http://www.daml.org/2001/12/factbook/internationalOrganizations#IOC'/>
    <NS0:participatesIn rdf:resource='http://www.daml.org/2001/12/factbook/internationalOrganizations#IOM'/>
    <NS0:participatesIn rdf:resource='http://www.daml.org/2001/12/factbook/internationalOrganizations#ISO'/>
    <NS0:participatesIn rdf:resource='http://www.daml.org/2001/12/factbook/internationalOrganizations#ITU'/>
    <NS0:participatesIn rdf:resource='http://www.daml.org/2001/12/factbook/internationalOrganizations#NAM'/>
    <NS0:participatesIn rdf:resource='http://www.daml.org/2001/12/factbook/internationalOrganizations#OPCW'/>
    <NS0:participatesIn rdf:resource='http://www.daml.org/2001/12/factbook/internationalOrganizations#OSCE'/>
    <NS0:participatesIn rdf:resource='http://www.daml.org/2001/12/factbook/internationalOrganizations#PCA'/>
    <NS0:participatesIn rdf:resource='http://www.daml.org/2001/12/factbook/internationalOrganizations#UN'/>
    <NS0:participatesIn rdf:resource='http://www.daml.org/2001/12/factbook/internationalOrganizations#UNCTAD'/>
    <NS0:participatesIn rdf:resource='http://www.daml.org/2001/12/factbook/internationalOrganizations#UNESCO'/>
    <NS0:participatesIn rdf:resource='http://www.daml.org/2001/12/factbook/internationalOrganizations#UNIDO'/>
    <NS0:participatesIn rdf:resource='http://www.daml.org/2001/12/factbook/internationalOrganizations#UPU'/>
    <NS0:participatesIn rdf:resource='http://www.daml.org/2001/12/factbook/internationalOrganizations#WCL'/>
    <NS0:participatesIn rdf:resource='http://www.daml.org/2001/12/factbook/internationalOrganizations#WHO'/>
    <NS0:participatesIn rdf:resource='http://www.daml.org/2001/12/factbook/internationalOrganizations#WIPO'/>
    <NS0:participatesIn rdf:resource='http://www.daml.org/2001/12/factbook/internationalOrganizations#WMO'/>
    <NS0:participatesIn rdf:resource='http://www.daml.org/2001/12/factbook/internationalOrganizations#WToO'/>
    <NS0:participatesIn rdf:resource='http://www.daml.org/2001/12/factbook/internationalOrganizations#WTrO'/>
    <NS0:flagDescription>two equal vertical bands of white (hoist side) and red; in the upper hoist-side corner is a representation of the Saint George Cross, edged in red</NS0:flagDescription>
    <NS0:economyOverview>Major resources are limestone, a favorable geographic location, and a productive labor force. Malta produces only about 20% of its food needs, has limited freshwater supplies, and has no domestic energy sources. The economy is dependent on foreign trade, manufacturing (especially electronics and textiles), and tourism. Malta is privatizing state-controlled firms and liberalizing markets in order to prepare for membership in the European Union. However, the island is divided politically over the question of joining the EU. The sizable budget deficit remains a key concern.</NS0:economyOverview>
    <NS0:grossDomesticProduct rdf:ID='A70628'>5600000000</NS0:grossDomesticProduct>
    <NS0:grossDomesticProductRealGrowth rdf:ID='A70631'>3.4</NS0:grossDomesticProductRealGrowth>
    <NS0:grossDomesticProductPerCapita rdf:ID='A70634'>14300</NS0:grossDomesticProductPerCapita>
    <NS0:grossDomesticProductAgriculture>2.8</NS0:grossDomesticProductAgriculture>
    <NS0:grossDomesticProductIndustry>25.5</NS0:grossDomesticProductIndustry>
    <NS0:grossDomesticProductServices rdf:ID='A70639'>71.7</NS0:grossDomesticProductServices>
    <NS0:inflationRate rdf:ID='A70641'>2.5</NS0:inflationRate>
    <NS0:laborForce rdf:ID='A70644'>145901</NS0:laborForce>
    <NS0:occupation rdf:resource='#A70646'/>
    <NS0:occupation rdf:resource='#A70651'/>
    <NS0:occupation rdf:ID='A70660' rdf:resource='#A70656'/>
    <NS0:unemploymentRate rdf:ID='A70663'>4.5</NS0:unemploymentRate>
    <NS0:budgetRevenues>1600000000</NS0:budgetRevenues>
    <NS0:budgetExpenditures>1730000000</NS0:budgetExpenditures>
    <NS0:budgetCapitalExpenditures rdf:ID='A70667'>265399999</NS0:budgetCapitalExpenditures>
    <NS0:industry rdf:resource='http://www.daml.org/2001/12/factbook/industries#tourism'/>
    <NS0:industry rdf:resource='http://www.daml.org/2001/12/factbook/industries#electronics'/>
    <NS0:industry rdf:resource='http://www.daml.org/2001/12/factbook/industries#ship_building_and_repair'/>
    <NS0:industry rdf:resource='http://www.daml.org/2001/12/factbook/industries#construction'/>
    <NS0:industry rdf:resource='http://www.daml.org/2001/12/factbook/industries#food_and_beverages'/>
    <NS0:industry rdf:resource='http://www.daml.org/2001/12/factbook/industries#textiles'/>
    <NS0:industry rdf:resource='http://www.daml.org/2001/12/factbook/industries#footwear'/>
    <NS0:industry rdf:resource='http://www.daml.org/2001/12/factbook/industries#clothing'/>
    <NS0:industry rdf:resource='http://www.daml.org/2001/12/factbook/industries#tobacco'/>
    <NS0:electricityProduction rdf:ID='A70678'>1650000000</NS0:electricityProduction>
    <NS0:electricityProductionFossilFuel>100</NS0:electricityProductionFossilFuel>
    <NS0:electricityProductionHydro>0</NS0:electricityProductionHydro>
    <NS0:electricityProductionNuclear>0</NS0:electricityProductionNuclear>
    <NS0:electricityProductionOther rdf:ID='A70683'>0</NS0:electricityProductionOther>
    <NS0:electricityConsumption rdf:ID='A70685'>1534000000</NS0:electricityConsumption>
    <NS0:electricityExports rdf:ID='A70687'>0</NS0:electricityExports>
    <NS0:electricityImports rdf:ID='A70689'>0</NS0:electricityImports>
    <NS0:agricultureProduct rdf:resource='http://www.daml.org/2001/12/factbook/agricultureProducts#potatoes'/>
    <NS0:agricultureProduct rdf:resource='http://www.daml.org/2001/12/factbook/agricultureProducts#cauliflower'/>
    <NS0:agricultureProduct rdf:resource='http://www.daml.org/2001/12/factbook/agricultureProducts#grapes'/>
    <NS0:agricultureProduct rdf:resource='http://www.daml.org/2001/12/factbook/agricultureProducts#wheat'/>
    <NS0:agricultureProduct rdf:resource='http://www.daml.org/2001/12/factbook/agricultureProducts#barley'/>
    <NS0:agricultureProduct rdf:resource='http://www.daml.org/2001/12/factbook/agricultureProducts#tomatoes'/>
    <NS0:agricultureProduct rdf:resource='http://www.daml.org/2001/12/factbook/agricultureProducts#citrus'/>
    <NS0:agricultureProduct rdf:resource='http://www.daml.org/2001/12/factbook/agricultureProducts#cut_flowers'/>
    <NS0:agricultureProduct rdf:resource='http://www.daml.org/2001/12/factbook/agricultureProducts#green_peppers'/>
    <NS0:agricultureProduct rdf:resource='http://www.daml.org/2001/12/factbook/agricultureProducts#pork'/>
    <NS0:agricultureProduct rdf:resource='http://www.daml.org/2001/12/factbook/agricultureProducts#milk'/>
    <NS0:agricultureProduct rdf:resource='http://www.daml.org/2001/12/factbook/agricultureProducts#poultry'/>
    <NS0:agricultureProduct rdf:resource='http://www.daml.org/2001/12/factbook/agricultureProducts#eggs'/>
    <NS0:exports rdf:ID='A70704'>2000000000</NS0:exports>
    <NS0:exportsCommodity rdf:resource='#A70706'/>
    <NS0:exportsCommodity rdf:resource='#A70710'/>
    <NS0:imports rdf:ID='A70714'>2600000000</NS0:imports>
    <NS0:importsCommodity rdf:resource='#A70716'/>
    <NS0:importsCommodity rdf:resource='#A70720'/>
    <NS0:importsCommodity rdf:resource='#A70724'/>
    <NS0:importsCommodity rdf:resource='#A70728'/>
    <NS0:externalDebt rdf:ID='A70732'>130000000</NS0:externalDebt>
    <NS0:currency>Maltese lira (MTL)</NS0:currency>
    <NS0:currencyCode>MTL</NS0:currencyCode>
    <NS0:fiscalYear>1 April - 31 March</NS0:fiscalYear>
    <NS0:mainTelephoneLines rdf:ID='A70737'>187000</NS0:mainTelephoneLines>
    <NS0:mobileTelephoneLines rdf:ID='A70739'>17691</NS0:mobileTelephoneLines>
    <NS0:telephoneSystemGeneralAssessment>automatic system satisfies normal requirements</NS0:telephoneSystemGeneralAssessment>
    <NS0:telephoneSystemDomestic>submarine cable and microwave radio relay between islands</NS0:telephoneSystemDomestic>
    <NS0:telephoneSystemInternational>2 submarine cables; satellite earth station - 1 Intelsat (Atlantic Ocean)</NS0:telephoneSystemInternational>
    <NS0:radios rdf:ID='A70744'>255000</NS0:radios>
    <NS0:televisionBroadcastStations rdf:ID='A70746'>6</NS0:televisionBroadcastStations>
    <NS0:televisions rdf:ID='A70748'>280000</NS0:televisions>
    <NS0:internetCountryCode>.mt</NS0:internetCountryCode>
    <NS0:internetServiceProviders rdf:ID='A70751'>2</NS0:internetServiceProviders>
    <NS0:internetUsers rdf:ID='A70753'>40000</NS0:internetUsers>
    <NS0:highwaysTotal>1742</NS0:highwaysTotal>
    <NS0:highwaysPaved>1677</NS0:highwaysPaved>
    <NS0:highwaysUnpaved rdf:ID='A70757'>65</NS0:highwaysUnpaved>
    <NS0:port rdf:resource='#A70759'/>
    <NS0:port rdf:resource='#A70763'/>
    <NS0:airports rdf:ID='A70767'>1</NS0:airports>
    <NS0:airportBreakdown rdf:resource='#A70770'/>
    <NS0:malesOfMilitaryAge rdf:ID='A70776'>98953</NS0:malesOfMilitaryAge>
    <NS0:malesFitForMilitaryService rdf:ID='A70779'>78783</NS0:malesFitForMilitaryService>
    <NS0:militaryExpenditures rdf:ID='A70782'>201000000</NS0:militaryExpenditures>
    <NS0:militaryExpendituresPercentGDP rdf:ID='A70784'>5.5</NS0:militaryExpendituresPercentGDP>
    <NS0:internationalDispute>none</NS0:internationalDispute>
    <NS0:illicitDrugs>minor transshipment point for hashish from North Africa to Western Europe</NS0:illicitDrugs>
    <NS0:smallFlag>http://www.cia.gov/cia/publications/factbook/flags/mt-flag.jpg</NS0:smallFlag>
    <NS0:largeFlag>http://www.cia.gov/cia/publications/factbook/flags/mt-lgflag.jpg</NS0:largeFlag>
    <NS0:map>http://www.cia.gov/cia/publications/factbook/maps/mt-map.jpg</NS0:map>
    <NS0:exportPartner rdf:resource='#A126316'/>
    <NS0:exportPartner rdf:resource='#A126321'/>
    <NS0:exportPartner rdf:resource='#A126326'/>
    <NS0:exportPartner rdf:resource='#A126331'/>
    <NS0:exportPartner rdf:ID='A126340' rdf:resource='#A126336'/>
    <NS0:importPartner rdf:resource='#A126342'/>
    <NS0:importPartner rdf:resource='#A126347'/>
    <NS0:importPartner rdf:resource='#A126352'/>
    <NS0:importPartner rdf:resource='#A126357'/>
    <NS0:importPartner rdf:ID='A126366' rdf:resource='#A126362'/>
  </rdf:Description>
  <rdf:Description rdf:about='#A126340'>
    <NS0:note>1999</NS0:note>
  </rdf:Description>
  <rdf:Description rdf:about='#A126321'>
    <rdf:type rdf:resource='http://www.daml.org/2001/12/factbook/factbook-ont#CountryPercent'/>
    <NS0:country rdf:resource='http://www.daml.org/2001/09/countries/fips#FR'/>
    <NS0:percent>15.2</NS0:percent>
  </rdf:Description>
  <rdf:Description rdf:about='#A70551'>
    <NS0:note>descendants of ancient Carthaginians and Phoenicians, with strong elements of Italian and other Mediterranean stock</NS0:note>
  </rdf:Description>
  <rdf:Description rdf:about='#A70548'>
    <rdf:type rdf:resource='http://www.daml.org/2001/12/factbook/factbook-ont#EthnicGroupPercent'/>
    <NS0:ethnicGroup rdf:resource='http://www.daml.org/2001/12/factbook/ethnicGroups#Maltese'/>
  </rdf:Description>
  <rdf:Description rdf:about='#A70474'>
    <rdf:type rdf:resource='http://www.daml.org/2001/12/factbook/factbook-ont#Estimate'/>
    <NS0:year>2000</NS0:year>
  </rdf:Description>
  <rdf:Description rdf:about='#A126316'>
    <rdf:type rdf:resource='http://www.daml.org/2001/12/factbook/factbook-ont#CountryPercent'/>
    <NS0:country rdf:resource='http://www.daml.org/2001/09/countries/fips#US'/>
    <NS0:percent>21.4</NS0:percent>
  </rdf:Description>
  <rdf:Description rdf:about='#A70678'>
    <NS0:year>1999</NS0:year>
  </rdf:Description>
  <rdf:Description rdf:about='#A70728'>
    <rdf:type rdf:resource='http://www.daml.org/2001/12/factbook/factbook-ont#CommodityPercent'/>
    <NS0:importsCommodity rdf:resource='http://www.daml.org/2001/12/factbook/commodities#tobacco'/>
  </rdf:Description>
  <rdf:Description rdf:about='#A70628'>
    <rdf:type rdf:resource='http://www.daml.org/2001/12/factbook/factbook-ont#Estimate'/>
    <NS0:year>2000</NS0:year>
  </rdf:Description>
  <rdf:Description rdf:about='#A70534'>
    <rdf:type rdf:resource='http://www.daml.org/2001/12/factbook/factbook-ont#SexRatioBreakdown'/>
    <NS0:ratio>0.98</NS0:ratio>
  </rdf:Description>
  <rdf:Description rdf:about='#A70724'>
    <rdf:type rdf:resource='http://www.daml.org/2001/12/factbook/factbook-ont#CommodityPercent'/>
    <NS0:importsCommodity rdf:resource='http://www.daml.org/2001/12/factbook/commodities#drink'/>
  </rdf:Description>
  <rdf:Description rdf:about='#A70529'>
    <rdf:type rdf:resource='http://www.daml.org/2001/12/factbook/factbook-ont#SexRatioBreakdown'/>
    <NS0:minAge>65</NS0:minAge>
    <NS0:ratio>0.72</NS0:ratio>
  </rdf:Description>
  <rdf:Description rdf:about='#A70720'>
    <rdf:type rdf:resource='http://www.daml.org/2001/12/factbook/factbook-ont#CommodityPercent'/>
    <NS0:importsCommodity rdf:resource='http://www.daml.org/2001/12/factbook/commodities#manufactured_and_semi-manufactured_goods;_food'/>
  </rdf:Description>
  <rdf:Description rdf:about='#A70782'>
    <NS0:note>FY98</NS0:note>
  </rdf:Description>
  <rdf:Description rdf:about='#A70716'>
    <rdf:type rdf:resource='http://www.daml.org/2001/12/factbook/factbook-ont#CommodityPercent'/>
    <NS0:importsCommodity rdf:resource='http://www.daml.org/2001/12/factbook/commodities#machinery_and_transport_equipment'/>
  </rdf:Description>
  <rdf:Description rdf:about='#A70523'>
    <rdf:type rdf:resource='http://www.daml.org/2001/12/factbook/factbook-ont#SexRatioBreakdown'/>
    <NS0:minAge>15</NS0:minAge>
    <NS0:maxAge>64</NS0:maxAge>
    <NS0:ratio>1.01</NS0:ratio>
  </rdf:Description>
  <rdf:Description rdf:about='#A70779'>
    <rdf:type rdf:resource='http://www.daml.org/2001/12/factbook/factbook-ont#Estimate'/>
    <NS0:year>2001</NS0:year>
  </rdf:Description>
  <rdf:Description rdf:about='#A70505'>
    <rdf:type rdf:resource='http://www.daml.org/2001/12/factbook/factbook-ont#Estimate'/>
    <NS0:year>2001</NS0:year>
  </rdf:Description>
  <rdf:Description rdf:about='#A70710'>
    <rdf:type rdf:resource='http://www.daml.org/2001/12/factbook/factbook-ont#CommodityPercent'/>
    <NS0:exportsCommodity rdf:resource='http://www.daml.org/2001/12/factbook/commodities#manufactures'/>
  </rdf:Description>
  <rdf:Description rdf:about='#A70517'>
    <rdf:type rdf:resource='http://www.daml.org/2001/12/factbook/factbook-ont#SexRatioBreakdown'/>
    <NS0:minAge>0</NS0:minAge>
    <NS0:maxAge>14</NS0:maxAge>
    <NS0:ratio>1.07</NS0:ratio>
  </rdf:Description>
  <rdf:Description rdf:about='#A70706'>
    <rdf:type rdf:resource='http://www.daml.org/2001/12/factbook/factbook-ont#CommodityPercent'/>
    <NS0:exportsCommodity rdf:resource='http://www.daml.org/2001/12/factbook/commodities#machinery_and_transport_equipment'/>
  </rdf:Description>
  <rdf:Description rdf:about='#A70511'>
    <rdf:type rdf:resource='http://www.daml.org/2001/12/factbook/factbook-ont#SexRatioBreakdown'/>
    <NS0:minAge>0</NS0:minAge>
    <NS0:maxAge>0</NS0:maxAge>
    <NS0:ratio>1.09</NS0:ratio>
  </rdf:Description>
  <rdf:Description rdf:about='#A126366'>
    <NS0:note>1999</NS0:note>
  </rdf:Description>
  <rdf:Description rdf:about='#A70685'>
    <NS0:year>1999</NS0:year>
  </rdf:Description>
  <rdf:Description rdf:about='#A70746'>
    <NS0:year>2000</NS0:year>
  </rdf:Description>
  <rdf:Description rdf:about='#A70776'>
    <rdf:type rdf:resource='http://www.daml.org/2001/12/factbook/factbook-ont#Estimate'/>
    <NS0:year>2001</NS0:year>
  </rdf:Description>
  <rdf:Description rdf:about='#A70732'>
    <NS0:year>1997</NS0:year>
  </rdf:Description>
  <rdf:Description rdf:about='#A70499'>
    <rdf:type rdf:resource='http://www.daml.org/2001/12/factbook/factbook-ont#Estimate'/>
    <NS0:year>2001</NS0:year>
  </rdf:Description>
  <rdf:Description rdf:about='#A70667'>
    <NS0:year>1999</NS0:year>
  </rdf:Description>
  <rdf:Description rdf:about='#A70748'>
    <NS0:year>1997</NS0:year>
  </rdf:Description>
  <rdf:Description rdf:about='#A70644'>
    <NS0:year>1999</NS0:year>
  </rdf:Description>
  <rdf:Description rdf:about='#A70737'>
    <NS0:year>1997</NS0:year>
  </rdf:Description>
  <rdf:Description rdf:about='#A70455'>
    <NS0:note>does not include 56.01 km for the island of Gozo</NS0:note>
  </rdf:Description>
  <rdf:Description rdf:about='#A70571'>
    <NS0:note>1995 census</NS0:note>
  </rdf:Description>
  <rdf:Description rdf:about='#A70634'>
    <rdf:type rdf:resource='http://www.daml.org/2001/12/factbook/factbook-ont#Estimate'/>
    <NS0:year>2000</NS0:year>
  </rdf:Description>
</rdf:RDF>
