<?xml version='1.0' encoding='ISO-8859-1'?>
<rdf:RDF
  xmlns:rdf='http://www.w3.org/1999/02/22-rdf-syntax-ns#'
  xmlns:NS0='http://www.daml.org/2001/12/factbook/factbook-ont#'
  xmlns:rdfs='http://www.w3.org/2000/01/rdf-schema#'
  xml:base="http://www.daml.org/2001/12/factbook/nr">
  <rdf:Description rdf:about='#A78084'>
    <NS0:year>1993</NS0:year>
  </rdf:Description>
  <rdf:Description rdf:about='#A77925'>
    <rdf:type rdf:resource='http://www.daml.org/2001/12/factbook/factbook-ont#SexRatioBreakdown'/>
    <NS0:minAge>65</NS0:minAge>
    <NS0:ratio>1.01</NS0:ratio>
  </rdf:Description>
  <rdf:Description rdf:about='#A78156'>
    <NS0:year>1994</NS0:year>
  </rdf:Description>
  <rdf:Description rdf:about='#A78163'>
    <NS0:year>1997</NS0:year>
  </rdf:Description>
  <rdf:Description rdf:about='#A77919'>
    <rdf:type rdf:resource='http://www.daml.org/2001/12/factbook/factbook-ont#SexRatioBreakdown'/>
    <NS0:minAge>15</NS0:minAge>
    <NS0:maxAge>64</NS0:maxAge>
    <NS0:ratio>0.98</NS0:ratio>
  </rdf:Description>
  <rdf:Description rdf:about='#A77994'>
    <NS0:note>government offices in Yaren District</NS0:note>
  </rdf:Description>
  <rdf:Description rdf:about='#A78168'>
    <NS0:year>2000</NS0:year>
  </rdf:Description>
  <rdf:Description rdf:about='#A77913'>
    <rdf:type rdf:resource='http://www.daml.org/2001/12/factbook/factbook-ont#SexRatioBreakdown'/>
    <NS0:minAge>0</NS0:minAge>
    <NS0:maxAge>14</NS0:maxAge>
    <NS0:ratio>1.06</NS0:ratio>
  </rdf:Description>
  <rdf:Description rdf:about='#A77895'>
    <rdf:type rdf:resource='http://www.daml.org/2001/12/factbook/factbook-ont#Estimate'/>
    <NS0:year>2001</NS0:year>
  </rdf:Description>
  <rdf:Description rdf:about='#A77901'>
    <rdf:type rdf:resource='http://www.daml.org/2001/12/factbook/factbook-ont#Estimate'/>
    <NS0:year>2001</NS0:year>
  </rdf:Description>
  <rdf:Description rdf:about='#A77907'>
    <rdf:type rdf:resource='http://www.daml.org/2001/12/factbook/factbook-ont#SexRatioBreakdown'/>
    <NS0:minAge>0</NS0:minAge>
    <NS0:maxAge>0</NS0:maxAge>
    <NS0:ratio>1.05</NS0:ratio>
  </rdf:Description>
  <rdf:Description rdf:about='#A78098'>
    <rdf:type rdf:resource='http://www.daml.org/2001/12/factbook/factbook-ont#OccupationPercent'/>
    <NS0:occupation rdf:resource='http://www.daml.org/2001/12/factbook/occupations#transportation'/>
  </rdf:Description>
  <rdf:Description rdf:about='#A78192'>
    <rdf:type rdf:resource='http://www.daml.org/2001/12/factbook/factbook-ont#Estimate'/>
    <NS0:year>2001</NS0:year>
  </rdf:Description>
  <rdf:Description rdf:about='#A78094'>
    <rdf:type rdf:resource='http://www.daml.org/2001/12/factbook/factbook-ont#OccupationPercent'/>
    <NS0:occupation rdf:resource='http://www.daml.org/2001/12/factbook/occupations#education'/>
  </rdf:Description>
  <rdf:Description rdf:about='#A78117'>
    <NS0:year>1999</NS0:year>
  </rdf:Description>
  <rdf:Description rdf:about='#A78128'>
    <NS0:note>c.i.f., 1991</NS0:note>
  </rdf:Description>
  <rdf:Description rdf:about='#A78090'>
    <rdf:type rdf:resource='http://www.daml.org/2001/12/factbook/factbook-ont#OccupationPercent'/>
    <NS0:occupation rdf:resource='http://www.daml.org/2001/12/factbook/occupations#public_administration'/>
  </rdf:Description>
  <rdf:Description rdf:about='#A78086'>
    <rdf:type rdf:resource='http://www.daml.org/2001/12/factbook/factbook-ont#OccupationPercent'/>
    <NS0:occupation rdf:resource='http://www.daml.org/2001/12/factbook/occupations#employed_in_mining_phosphates'/>
  </rdf:Description>
  <rdf:Description rdf:about='#A78122'>
    <NS0:note>f.o.b., 1991</NS0:note>
  </rdf:Description>
  <rdf:Description rdf:about='#A78154'>
    <NS0:year>1996</NS0:year>
  </rdf:Description>
  <rdf:Description rdf:about='#A78165'>
    <NS0:year>1997</NS0:year>
  </rdf:Description>
  <rdf:Description rdf:about='#A78172'>
    <rdf:type rdf:resource='http://www.daml.org/2001/12/factbook/factbook-ont#Estimate'/>
    <NS0:year>1998</NS0:year>
  </rdf:Description>
  <rdf:Description rdf:about='#A77870'>
    <rdf:type rdf:resource='http://www.daml.org/2001/12/factbook/factbook-ont#ElevationExtreme'/>
    <NS0:name>unnamed location along plateau rim</NS0:name>
    <NS0:elevation>61</NS0:elevation>
  </rdf:Description>
  <rdf:Description rdf:about='#A78179'>
    <rdf:type rdf:resource='http://www.daml.org/2001/12/factbook/factbook-ont#Estimate'/>
    <NS0:year>2000</NS0:year>
  </rdf:Description>
  <rdf:Description rdf:about='#A77865'>
    <rdf:type rdf:resource='http://www.daml.org/2001/12/factbook/factbook-ont#ElevationExtreme'/>
    <NS0:name>Pacific Ocean</NS0:name>
    <NS0:elevation>0</NS0:elevation>
  </rdf:Description>
  <rdf:Description rdf:about='#A127141'>
    <rdf:type rdf:resource='http://www.daml.org/2001/12/factbook/factbook-ont#CountryPercent'/>
    <NS0:country rdf:resource='http://www.daml.org/2001/09/countries/fips#JA'/>
  </rdf:Description>
  <rdf:Description rdf:about='#A78051'>
    <rdf:type rdf:resource='#District'/>
    <NS0:name>Yaren</NS0:name>
  </rdf:Description>
  <rdf:Description rdf:about='#A127137'>
    <rdf:type rdf:resource='http://www.daml.org/2001/12/factbook/factbook-ont#CountryPercent'/>
    <NS0:country rdf:resource='http://www.daml.org/2001/09/countries/fips#NZ'/>
  </rdf:Description>
  <rdf:Description rdf:about='#A78081'>
    <rdf:type rdf:resource='http://www.daml.org/2001/12/factbook/factbook-ont#Estimate'/>
    <NS0:year>2000</NS0:year>
  </rdf:Description>
  <rdf:Description rdf:about='#A78047'>
    <rdf:type rdf:resource='#District'/>
    <NS0:name>Uaboe</NS0:name>
  </rdf:Description>
  <rdf:Description rdf:about='#A127133'>
    <rdf:type rdf:resource='http://www.daml.org/2001/12/factbook/factbook-ont#CountryPercent'/>
    <NS0:country rdf:resource='http://www.daml.org/2001/09/countries/fips#UK'/>
  </rdf:Description>
  <rdf:Description rdf:about='#A77933'>
    <rdf:type rdf:resource='http://www.daml.org/2001/12/factbook/factbook-ont#Estimate'/>
    <NS0:year>2001</NS0:year>
  </rdf:Description>
  <rdf:Description rdf:about='#A77904'>
    <rdf:type rdf:resource='http://www.daml.org/2001/12/factbook/factbook-ont#Estimate'/>
    <NS0:year>2001</NS0:year>
  </rdf:Description>
  <rdf:Description rdf:about='#A78043'>
    <rdf:type rdf:resource='#District'/>
    <NS0:name>Nibok</NS0:name>
  </rdf:Description>
  <rdf:Description rdf:about='#A127129'>
    <rdf:type rdf:resource='http://www.daml.org/2001/12/factbook/factbook-ont#CountryPercent'/>
    <NS0:country rdf:resource='http://www.daml.org/2001/09/countries/fips#AS'/>
  </rdf:Description>
  <rdf:Description rdf:about='#A77849'>
    <rdf:type rdf:resource='http://www.daml.org/2001/12/factbook/factbook-ont#LatLon'/>
    <NS0:latitude>-0.5333333333333333</NS0:latitude>
    <NS0:longitude>166.91666666666666</NS0:longitude>
  </rdf:Description>
  <rdf:Description rdf:about='#A78039'>
    <rdf:type rdf:resource='#District'/>
    <NS0:name>Meneng</NS0:name>
  </rdf:Description>
  <rdf:Description rdf:about='#A78161'>
    <NS0:year>1997</NS0:year>
  </rdf:Description>
  <rdf:Description rdf:about='#A127125'>
    <rdf:type rdf:resource='http://www.daml.org/2001/12/factbook/factbook-ont#CountryPercent'/>
    <NS0:country rdf:resource='http://www.daml.org/2001/09/countries/fips#NZ'/>
  </rdf:Description>
  <rdf:Description rdf:about='#A78108'>
    <NS0:year>1999</NS0:year>
  </rdf:Description>
  <rdf:Description rdf:about='#A78035'>
    <rdf:type rdf:resource='#District'/>
    <NS0:name>Ijuw</NS0:name>
  </rdf:Description>
  <rdf:Description rdf:about='#A127121'>
    <rdf:type rdf:resource='http://www.daml.org/2001/12/factbook/factbook-ont#CountryPercent'/>
    <NS0:country rdf:resource='http://www.daml.org/2001/09/countries/fips#AS'/>
  </rdf:Description>
  <rdf:Description rdf:about='http://www.daml.org/2001/09/countries/fips#NR'>
    <NS0:background>Nauru&apos;s phosphate deposits began to be mined early in the 20th century by a German-British consortium; the island was occupied by Australian forces in World War I. Upon achieving independence in 1968, Nauru became the smallest independent republic in the world; it joined the UN in 1999.</NS0:background>
    <NS0:location>Oceania, island in the South Pacific Ocean, south of the Marshall Islands</NS0:location>
    <NS0:geographicCoordinates rdf:resource='#A77849'/>
    <NS0:mapReferences>Oceania</NS0:mapReferences>
    <NS0:totalArea>21</NS0:totalArea>
    <NS0:landArea>21</NS0:landArea>
    <NS0:waterArea>0</NS0:waterArea>
    <NS0:comparativeArea>about 0.1 times the size of Washington, DC</NS0:comparativeArea>
    <NS0:coastline>30</NS0:coastline>
    <NS0:contiguousZone>24</NS0:contiguousZone>
    <NS0:exclusiveEconomicZone>200</NS0:exclusiveEconomicZone>
    <NS0:territorialSea>12</NS0:territorialSea>
    <NS0:climate>tropical; monsoonal; rainy season (November to February)</NS0:climate>
    <NS0:terrain>sandy beach rises to fertile ring around raised coral reefs with phosphate plateau in center</NS0:terrain>
    <NS0:lowestPoint rdf:resource='#A77865'/>
    <NS0:highestPoint rdf:resource='#A77870'/>
    <NS0:naturalResource rdf:resource='http://www.daml.org/2001/12/factbook/naturalResources#phosphates'/>
    <NS0:arableLand>0</NS0:arableLand>
    <NS0:permanentCrops>0</NS0:permanentCrops>
    <NS0:permanentPastures>0</NS0:permanentPastures>
    <NS0:forestsAndWoodland>0</NS0:forestsAndWoodland>
    <NS0:otherLandUse rdf:ID='A77880'>100</NS0:otherLandUse>
    <NS0:naturalHazard>periodic droughts</NS0:naturalHazard>
    <NS0:environmentalIssue>limited natural fresh water resources, roof storage tanks collect rainwater, but mostly dependent on a single, aging desalination plant</NS0:environmentalIssue>
    <NS0:environmentalIssue>intensive phosphate mining during the past 90 years - mainly by a UK, Australia, and NZ consortium - has left the central 90% of Nauru a wasteland and threatens limited remaining land resources</NS0:environmentalIssue>
    <NS0:environmentalAgreementPartyTo rdf:resource='http://www.daml.org/2001/12/factbook/environmentalAgreements#Biodiversity'/>
    <NS0:environmentalAgreementPartyTo rdf:resource='http://www.daml.org/2001/12/factbook/environmentalAgreements#Climate_Change'/>
    <NS0:environmentalAgreementPartyTo rdf:resource='http://www.daml.org/2001/12/factbook/environmentalAgreements#Desertification'/>
    <NS0:environmentalAgreementPartyTo rdf:resource='http://www.daml.org/2001/12/factbook/environmentalAgreements#Law_of_the_Sea'/>
    <NS0:environmentalAgreementPartyTo rdf:resource='http://www.daml.org/2001/12/factbook/environmentalAgreements#Marine_Dumping'/>
    <NS0:environmentalAgreementSigned rdf:resource='http://www.daml.org/2001/12/factbook/environmentalAgreements#none_of_the_selected_agreements'/>
    <NS0:population rdf:ID='A77892'>12088</NS0:population>
    <NS0:populationGrowthRate rdf:ID='A77895'>2</NS0:populationGrowthRate>
    <NS0:birthRate rdf:ID='A77898'>27.22</NS0:birthRate>
    <NS0:deathRate rdf:ID='A77901'>7.2</NS0:deathRate>
    <NS0:netMigrationRate rdf:ID='A77904'>0</NS0:netMigrationRate>
    <NS0:sexRatio rdf:resource='#A77907'/>
    <NS0:sexRatio rdf:resource='#A77913'/>
    <NS0:sexRatio rdf:resource='#A77919'/>
    <NS0:sexRatio rdf:resource='#A77925'/>
    <NS0:sexRatio rdf:ID='A77933' rdf:resource='#A77930'/>
    <NS0:infantMortalityRate rdf:ID='A77936'>10.71</NS0:infantMortalityRate>
    <NS0:totalFertilityRate rdf:ID='A77939'>3.61</NS0:totalFertilityRate>
    <NS0:nationalityNoun>Nauruan(s)</NS0:nationalityNoun>
    <NS0:nationalityAdjective>Nauruan</NS0:nationalityAdjective>
    <NS0:ethnicGroup rdf:resource='#A77944'/>
    <NS0:ethnicGroup rdf:resource='#A77949'/>
    <NS0:ethnicGroup rdf:resource='#A77954'/>
    <NS0:ethnicGroup rdf:resource='#A77959'/>
    <NS0:religion rdf:ID='A77967' rdf:resource='#A77964'/>
    <NS0:language rdf:ID='A77972' rdf:resource='#A77969'/>
    <NS0:language rdf:resource='#A77974'/>
    <NS0:language rdf:resource='#A77978'/>
    <NS0:language rdf:resource='#A77982'/>
    <NS0:literacyDefinition>NA</NS0:literacyDefinition>
    <NS0:conventionalLongCountryName>Republic of Nauru</NS0:conventionalLongCountryName>
    <NS0:conventionalShortCountryName>Nauru</NS0:conventionalShortCountryName>
    <NS0:formerCountryName>Pleasant Island</NS0:formerCountryName>
    <NS0:governmentType rdf:resource='http://www.daml.org/2001/12/factbook/governmentTypes#republic'/>
    <NS0:capital rdf:ID='A77994' rdf:resource='#A77991'/>
    <NS0:administrativeDivision rdf:resource='#A77999'/>
    <NS0:administrativeDivision rdf:resource='#A78003'/>
    <NS0:administrativeDivision rdf:resource='#A78007'/>
    <NS0:administrativeDivision rdf:resource='#A78011'/>
    <NS0:administrativeDivision rdf:resource='#A78015'/>
    <NS0:administrativeDivision rdf:resource='#A78019'/>
    <NS0:administrativeDivision rdf:resource='#A78023'/>
    <NS0:administrativeDivision rdf:resource='#A78027'/>
    <NS0:administrativeDivision rdf:resource='#A78031'/>
    <NS0:administrativeDivision rdf:resource='#A78035'/>
    <NS0:administrativeDivision rdf:resource='#A78039'/>
    <NS0:administrativeDivision rdf:resource='#A78043'/>
    <NS0:administrativeDivision rdf:resource='#A78047'/>
    <NS0:administrativeDivision rdf:resource='#A78051'/>
    <NS0:independence>31 January 1968 (from the Australia-, NZ-, and UK-administered UN trusteeship)</NS0:independence>
    <NS0:constitution>29 January 1968</NS0:constitution>
    <NS0:legalSystem>acts of the Nauru Parliament and British common law</NS0:legalSystem>
    <NS0:suffrage>20 years of age; universal and compulsory</NS0:suffrage>
    <NS0:participatesIn rdf:resource='http://www.daml.org/2001/12/factbook/internationalOrganizations#ACP'/>
    <NS0:participatesIn rdf:resource='http://www.daml.org/2001/12/factbook/internationalOrganizations#AsDB'/>
    <NS0:participatesIn rdf:resource='http://www.daml.org/2001/12/factbook/internationalOrganizations#C'/>
    <NS0:participatesIn rdf:resource='http://www.daml.org/2001/12/factbook/internationalOrganizations#ESCAP'/>
    <NS0:participatesIn rdf:resource='http://www.daml.org/2001/12/factbook/internationalOrganizations#ICAO'/>
    <NS0:participatesIn rdf:resource='http://www.daml.org/2001/12/factbook/internationalOrganizations#Intelsat'/>
    <NS0:participatesIn rdf:resource='http://www.daml.org/2001/12/factbook/internationalOrganizations#Interpol'/>
    <NS0:participatesIn rdf:resource='http://www.daml.org/2001/12/factbook/internationalOrganizations#IOC'/>
    <NS0:participatesIn rdf:resource='http://www.daml.org/2001/12/factbook/internationalOrganizations#ITU'/>
    <NS0:participatesIn rdf:resource='http://www.daml.org/2001/12/factbook/internationalOrganizations#OPCW'/>
    <NS0:participatesIn rdf:resource='http://www.daml.org/2001/12/factbook/internationalOrganizations#Sparteca'/>
    <NS0:participatesIn rdf:resource='http://www.daml.org/2001/12/factbook/internationalOrganizations#SPC'/>
    <NS0:participatesIn rdf:resource='http://www.daml.org/2001/12/factbook/internationalOrganizations#SPF'/>
    <NS0:participatesIn rdf:resource='http://www.daml.org/2001/12/factbook/internationalOrganizations#UN'/>
    <NS0:participatesIn rdf:resource='http://www.daml.org/2001/12/factbook/internationalOrganizations#UNESCO'/>
    <NS0:participatesIn rdf:resource='http://www.daml.org/2001/12/factbook/internationalOrganizations#UPU'/>
    <NS0:participatesIn rdf:resource='http://www.daml.org/2001/12/factbook/internationalOrganizations#WHO'/>
    <NS0:flagDescription>blue with a narrow, horizontal, yellow stripe across the center and a large white 12-pointed star below the stripe on the hoist side; the star indicates the country&apos;s location in relation to the Equator (the yellow stripe) and the 12 points symbolize the 12 original tribes of Nauru</NS0:flagDescription>
    <NS0:economyOverview>Revenues of this tiny island have come from exports of phosphates, but reserves are expected to be exhausted within five to ten years. Phosphate production has declined since 1989, as demand has fallen in traditional markets and as the marginal cost of extracting the remaining phosphate increases, making it less internationally competitive. While phosphates have given Nauruans one of the highest per capita incomes in the Third World, few other resources exist with most necessities being imported, including fresh water from Australia. The rehabilitation of mined land and the replacement of income from phosphates are serious long-term problems. In anticipation of the exhaustion of Nauru&apos;s phosphate deposits, substantial amounts of phosphate income have been invested in trust funds to help cushion the transition and provide for Nauru&apos;s economic future. The government has been borrowing heavily from the trusts to finance fiscal deficits. To cut costs the government has called for a freezing of wages, a reduction of over-staffed public service departments, privatization of numerous government agencies, and closure of some overseas consulates. In recent years Nauru has encouraged the registration of offshore banks and corporations. Tens of billions of dollars have been channeled through their accounts. Few comprehensive statistics on the Nauru economy exist, with estimates of Nauru&apos;s per capita GDP varying widely.</NS0:economyOverview>
    <NS0:grossDomesticProduct rdf:ID='A78078'>59000000</NS0:grossDomesticProduct>
    <NS0:grossDomesticProductPerCapita rdf:ID='A78081'>5000</NS0:grossDomesticProductPerCapita>
    <NS0:inflationRate rdf:ID='A78084'>-3.6</NS0:inflationRate>
    <NS0:occupation rdf:resource='#A78086'/>
    <NS0:occupation rdf:resource='#A78090'/>
    <NS0:occupation rdf:resource='#A78094'/>
    <NS0:occupation rdf:resource='#A78098'/>
    <NS0:unemploymentRate>0</NS0:unemploymentRate>
    <NS0:budgetRevenues>23400000</NS0:budgetRevenues>
    <NS0:budgetExpenditures>64800000</NS0:budgetExpenditures>
    <NS0:industry rdf:resource='http://www.daml.org/2001/12/factbook/industries#phosphate_mining'/>
    <NS0:industry rdf:resource='http://www.daml.org/2001/12/factbook/industries#financial_services'/>
    <NS0:industry rdf:resource='http://www.daml.org/2001/12/factbook/industries#coconut_products'/>
    <NS0:electricityProduction rdf:ID='A78108'>30000000</NS0:electricityProduction>
    <NS0:electricityProductionFossilFuel>100</NS0:electricityProductionFossilFuel>
    <NS0:electricityProductionHydro>0</NS0:electricityProductionHydro>
    <NS0:electricityProductionNuclear>0</NS0:electricityProductionNuclear>
    <NS0:electricityProductionOther rdf:ID='A78113'>0</NS0:electricityProductionOther>
    <NS0:electricityConsumption rdf:ID='A78115'>27900000</NS0:electricityConsumption>
    <NS0:electricityExports rdf:ID='A78117'>0</NS0:electricityExports>
    <NS0:electricityImports rdf:ID='A78119'>0</NS0:electricityImports>
    <NS0:agricultureProduct rdf:resource='http://www.daml.org/2001/12/factbook/agricultureProducts#coconuts'/>
    <NS0:exports rdf:ID='A78122'>25300000</NS0:exports>
    <NS0:exportsCommodity rdf:resource='#A78124'/>
    <NS0:imports rdf:ID='A78128'>21100000</NS0:imports>
    <NS0:importsCommodity rdf:resource='#A78130'/>
    <NS0:importsCommodity rdf:resource='#A78134'/>
    <NS0:importsCommodity rdf:resource='#A78138'/>
    <NS0:importsCommodity rdf:resource='#A78142'/>
    <NS0:importsCommodity rdf:resource='#A78146'/>
    <NS0:externalDebt>33299999</NS0:externalDebt>
    <NS0:currency>Australian dollar (AUD)</NS0:currency>
    <NS0:currencyCode>AUD</NS0:currencyCode>
    <NS0:fiscalYear>1 July - 30 June</NS0:fiscalYear>
    <NS0:mainTelephoneLines rdf:ID='A78154'>2000</NS0:mainTelephoneLines>
    <NS0:mobileTelephoneLines rdf:ID='A78156'>450</NS0:mobileTelephoneLines>
    <NS0:telephoneSystemGeneralAssessment>adequate local and international radiotelephone communications provided via Australian facilities</NS0:telephoneSystemGeneralAssessment>
    <NS0:telephoneSystemDomestic>NA</NS0:telephoneSystemDomestic>
    <NS0:telephoneSystemInternational>satellite earth station - 1 Intelsat (Pacific Ocean)</NS0:telephoneSystemInternational>
    <NS0:radios rdf:ID='A78161'>7000</NS0:radios>
    <NS0:televisionBroadcastStations rdf:ID='A78163'>1</NS0:televisionBroadcastStations>
    <NS0:televisions rdf:ID='A78165'>500</NS0:televisions>
    <NS0:internetCountryCode>.nr</NS0:internetCountryCode>
    <NS0:internetServiceProviders rdf:ID='A78168'>1</NS0:internetServiceProviders>
    <NS0:highwaysTotal>30</NS0:highwaysTotal>
    <NS0:highwaysPaved>24</NS0:highwaysPaved>
    <NS0:highwaysUnpaved rdf:ID='A78172'>6</NS0:highwaysUnpaved>
    <NS0:port rdf:resource='#A78175'/>
    <NS0:airports rdf:ID='A78179'>1</NS0:airports>
    <NS0:airportBreakdown rdf:resource='#A78182'/>
    <NS0:malesOfMilitaryAge rdf:ID='A78189'>3018</NS0:malesOfMilitaryAge>
    <NS0:malesFitForMilitaryService rdf:ID='A78192'>1661</NS0:malesFitForMilitaryService>
    <NS0:internationalDispute>none</NS0:internationalDispute>
    <NS0:smallFlag>http://www.cia.gov/cia/publications/factbook/flags/nr-flag.jpg</NS0:smallFlag>
    <NS0:largeFlag>http://www.cia.gov/cia/publications/factbook/flags/nr-lgflag.jpg</NS0:largeFlag>
    <NS0:map>http://www.cia.gov/cia/publications/factbook/maps/nr-map.jpg</NS0:map>
    <NS0:exportPartner rdf:resource='#A127121'/>
    <NS0:exportPartner rdf:resource='#A127125'/>
    <NS0:importPartner rdf:resource='#A127129'/>
    <NS0:importPartner rdf:resource='#A127133'/>
    <NS0:importPartner rdf:resource='#A127137'/>
    <NS0:importPartner rdf:resource='#A127141'/>
  </rdf:Description>
  <rdf:Description rdf:about='#A78031'>
    <rdf:type rdf:resource='#District'/>
    <NS0:name>Ewa</NS0:name>
  </rdf:Description>
  <rdf:Description rdf:about='#A78027'>
    <rdf:type rdf:resource='#District'/>
    <NS0:name>Denigomodu</NS0:name>
  </rdf:Description>
  <rdf:Description rdf:about='#A78189'>
    <rdf:type rdf:resource='http://www.daml.org/2001/12/factbook/factbook-ont#Estimate'/>
    <NS0:year>2001</NS0:year>
  </rdf:Description>
  <rdf:Description rdf:about='#A78023'>
    <rdf:type rdf:resource='#District'/>
    <NS0:name>Buada</NS0:name>
  </rdf:Description>
  <rdf:Description rdf:about='#District'>
    <rdf:type rdf:resource='http://www.w3.org/2000/01/rdf-schema#Class'/>
    <rdfs:subClassOf rdf:resource='http://www.daml.org/2001/12/factbook/factbook-ont#AdministrativeDivision'/>
    <rdfs:label>District</rdfs:label>
  </rdf:Description>
  <rdf:Description rdf:about='#A78019'>
    <rdf:type rdf:resource='#District'/>
    <NS0:name>Boe</NS0:name>
  </rdf:Description>
  <rdf:Description rdf:about='#A78113'>
    <NS0:year>1999</NS0:year>
  </rdf:Description>
  <rdf:Description rdf:about='#A77892'>
    <rdf:type rdf:resource='http://www.daml.org/2001/12/factbook/factbook-ont#Estimate'/>
    <NS0:note>July 2001</NS0:note>
  </rdf:Description>
  <rdf:Description rdf:about='#A78015'>
    <rdf:type rdf:resource='#District'/>
    <NS0:name>Baiti</NS0:name>
  </rdf:Description>
  <rdf:Description rdf:about='#A78011'>
    <rdf:type rdf:resource='#District'/>
    <NS0:name>Anibare</NS0:name>
  </rdf:Description>
  <rdf:Description rdf:about='#A78007'>
    <rdf:type rdf:resource='#District'/>
    <NS0:name>Anetan</NS0:name>
  </rdf:Description>
  <rdf:Description rdf:about='#A77972'>
    <NS0:note>official, a distinct Pacific Island language</NS0:note>
  </rdf:Description>
  <rdf:Description rdf:about='#A78003'>
    <rdf:type rdf:resource='#District'/>
    <NS0:name>Anabar</NS0:name>
  </rdf:Description>
  <rdf:Description rdf:about='#A77999'>
    <rdf:type rdf:resource='#District'/>
    <NS0:name>Aiwo</NS0:name>
  </rdf:Description>
  <rdf:Description rdf:about='#A77991'>
    <rdf:type rdf:resource='http://www.daml.org/2001/12/factbook/factbook-ont#CapitalCity'/>
    <NS0:name>no official capital</NS0:name>
  </rdf:Description>
  <rdf:Description rdf:about='#A78182'>
    <rdf:type rdf:resource='http://www.daml.org/2001/12/factbook/factbook-ont#AirportBreakdown'/>
    <NS0:paved>true</NS0:paved>
    <NS0:minRunway>1524</NS0:minRunway>
    <NS0:maxRunway>2437</NS0:maxRunway>
    <NS0:count>1 (2000 est.)</NS0:count>
  </rdf:Description>
  <rdf:Description rdf:about='#A78175'>
    <rdf:type rdf:resource='http://www.daml.org/2001/12/factbook/factbook-ont#Port'/>
    <NS0:name>Nauru</NS0:name>
  </rdf:Description>
  <rdf:Description rdf:about='#A77967'>
    <NS0:note>two-thirds Protestant, one-third Roman Catholic</NS0:note>
  </rdf:Description>
  <rdf:Description rdf:about='#A77982'>
    <rdf:type rdf:resource='http://www.daml.org/2001/12/factbook/factbook-ont#LanguagePercent'/>
    <NS0:language rdf:resource='http://www.daml.org/2001/12/factbook/languages#used_for_most_government_and_commercial_purposes'/>
  </rdf:Description>
  <rdf:Description rdf:about='#A77978'>
    <rdf:type rdf:resource='http://www.daml.org/2001/12/factbook/factbook-ont#LanguagePercent'/>
    <NS0:language rdf:resource='http://www.daml.org/2001/12/factbook/languages#spoken'/>
  </rdf:Description>
  <rdf:Description rdf:about='#A77974'>
    <rdf:type rdf:resource='http://www.daml.org/2001/12/factbook/factbook-ont#LanguagePercent'/>
    <NS0:language rdf:resource='http://www.daml.org/2001/12/factbook/languages#English_widely_understood'/>
  </rdf:Description>
  <rdf:Description rdf:about='#A78119'>
    <NS0:year>1999</NS0:year>
  </rdf:Description>
  <rdf:Description rdf:about='#A77969'>
    <rdf:type rdf:resource='http://www.daml.org/2001/12/factbook/factbook-ont#LanguagePercent'/>
    <NS0:language rdf:resource='http://www.daml.org/2001/12/factbook/languages#Nauruan'/>
  </rdf:Description>
  <rdf:Description rdf:about='#A77880'>
    <rdf:type rdf:resource='http://www.daml.org/2001/12/factbook/factbook-ont#Estimate'/>
    <NS0:year>1993</NS0:year>
  </rdf:Description>
  <rdf:Description rdf:about='#A78078'>
    <rdf:type rdf:resource='http://www.daml.org/2001/12/factbook/factbook-ont#Estimate'/>
    <NS0:year>2000</NS0:year>
  </rdf:Description>
  <rdf:Description rdf:about='#A77964'>
    <rdf:type rdf:resource='http://www.daml.org/2001/12/factbook/factbook-ont#ReligionPercent'/>
    <NS0:religion rdf:resource='http://www.daml.org/2001/12/factbook/religions#Christian'/>
  </rdf:Description>
  <rdf:Description rdf:about='#A77939'>
    <rdf:type rdf:resource='http://www.daml.org/2001/12/factbook/factbook-ont#Estimate'/>
    <NS0:year>2001</NS0:year>
  </rdf:Description>
  <rdf:Description rdf:about='#A77959'>
    <rdf:type rdf:resource='http://www.daml.org/2001/12/factbook/factbook-ont#EthnicGroupPercent'/>
    <NS0:ethnicGroup rdf:resource='http://www.daml.org/2001/12/factbook/ethnicGroups#European'/>
    <NS0:percent>8</NS0:percent>
  </rdf:Description>
  <rdf:Description rdf:about='#A78146'>
    <rdf:type rdf:resource='http://www.daml.org/2001/12/factbook/factbook-ont#CommodityPercent'/>
    <NS0:importsCommodity rdf:resource='http://www.daml.org/2001/12/factbook/commodities#machinery'/>
  </rdf:Description>
  <rdf:Description rdf:about='#A77954'>
    <rdf:type rdf:resource='http://www.daml.org/2001/12/factbook/factbook-ont#EthnicGroupPercent'/>
    <NS0:ethnicGroup rdf:resource='http://www.daml.org/2001/12/factbook/ethnicGroups#Chinese'/>
    <NS0:percent>8</NS0:percent>
  </rdf:Description>
  <rdf:Description rdf:about='#A77936'>
    <rdf:type rdf:resource='http://www.daml.org/2001/12/factbook/factbook-ont#Estimate'/>
    <NS0:year>2001</NS0:year>
  </rdf:Description>
  <rdf:Description rdf:about='#A78142'>
    <rdf:type rdf:resource='http://www.daml.org/2001/12/factbook/factbook-ont#CommodityPercent'/>
    <NS0:importsCommodity rdf:resource='http://www.daml.org/2001/12/factbook/commodities#building_materials'/>
  </rdf:Description>
  <rdf:Description rdf:about='#A77949'>
    <rdf:type rdf:resource='http://www.daml.org/2001/12/factbook/factbook-ont#EthnicGroupPercent'/>
    <NS0:ethnicGroup rdf:resource='http://www.daml.org/2001/12/factbook/ethnicGroups#other_Pacific_Islander'/>
    <NS0:percent>26</NS0:percent>
  </rdf:Description>
  <rdf:Description rdf:about='#A78115'>
    <NS0:year>1999</NS0:year>
  </rdf:Description>
  <rdf:Description rdf:about='#A78138'>
    <rdf:type rdf:resource='http://www.daml.org/2001/12/factbook/factbook-ont#CommodityPercent'/>
    <NS0:importsCommodity rdf:resource='http://www.daml.org/2001/12/factbook/commodities#manufactures'/>
  </rdf:Description>
  <rdf:Description rdf:about='#A77898'>
    <rdf:type rdf:resource='http://www.daml.org/2001/12/factbook/factbook-ont#Estimate'/>
    <NS0:year>2001</NS0:year>
  </rdf:Description>
  <rdf:Description rdf:about='#A77944'>
    <rdf:type rdf:resource='http://www.daml.org/2001/12/factbook/factbook-ont#EthnicGroupPercent'/>
    <NS0:ethnicGroup rdf:resource='http://www.daml.org/2001/12/factbook/ethnicGroups#Nauruan'/>
    <NS0:percent>58</NS0:percent>
  </rdf:Description>
  <rdf:Description rdf:about='#A78134'>
    <rdf:type rdf:resource='http://www.daml.org/2001/12/factbook/factbook-ont#CommodityPercent'/>
    <NS0:importsCommodity rdf:resource='http://www.daml.org/2001/12/factbook/commodities#fuel'/>
  </rdf:Description>
  <rdf:Description rdf:about='#A78130'>
    <rdf:type rdf:resource='http://www.daml.org/2001/12/factbook/factbook-ont#CommodityPercent'/>
    <NS0:importsCommodity rdf:resource='http://www.daml.org/2001/12/factbook/commodities#food'/>
  </rdf:Description>
  <rdf:Description rdf:about='#A78124'>
    <rdf:type rdf:resource='http://www.daml.org/2001/12/factbook/factbook-ont#CommodityPercent'/>
    <NS0:exportsCommodity rdf:resource='http://www.daml.org/2001/12/factbook/commodities#phosphates'/>
  </rdf:Description>
  <rdf:Description rdf:about='#A77930'>
    <rdf:type rdf:resource='http://www.daml.org/2001/12/factbook/factbook-ont#SexRatioBreakdown'/>
    <NS0:ratio>1.01</NS0:ratio>
  </rdf:Description>
</rdf:RDF>
