<?xml version='1.0' encoding='ISO-8859-1'?>
<rdf:RDF
  xmlns:rdf='http://www.w3.org/1999/02/22-rdf-syntax-ns#'
  xmlns:NS0='http://www.daml.org/2001/12/factbook/factbook-ont#'
  xmlns:rdfs='http://www.w3.org/2000/01/rdf-schema#'
  xml:base="http://www.daml.org/2001/12/factbook/nz">
  <rdf:Description rdf:about='#A80044'>
    <rdf:type rdf:resource='#County'/>
    <NS0:name>Oroua</NS0:name>
  </rdf:Description>
  <rdf:Description rdf:about='#A80426'>
    <rdf:type rdf:resource='http://www.daml.org/2001/12/factbook/factbook-ont#CommodityPercent'/>
    <NS0:exportsCommodity rdf:resource='http://www.daml.org/2001/12/factbook/commodities#manufactures'/>
  </rdf:Description>
  <rdf:Description rdf:about='#A80333'>
    <rdf:type rdf:resource='http://www.daml.org/2001/12/factbook/factbook-ont#Estimate'/>
    <NS0:year>2000</NS0:year>
  </rdf:Description>
  <rdf:Description rdf:about='#A80040'>
    <rdf:type rdf:resource='#County'/>
    <NS0:name>Opotiki</NS0:name>
  </rdf:Description>
  <rdf:Description rdf:about='#A80422'>
    <rdf:type rdf:resource='http://www.daml.org/2001/12/factbook/factbook-ont#CommodityPercent'/>
    <NS0:exportsCommodity rdf:resource='http://www.daml.org/2001/12/factbook/commodities#forestry_products'/>
  </rdf:Description>
  <rdf:Description rdf:about='#A80380'>
    <NS0:year>1999</NS0:year>
  </rdf:Description>
  <rdf:Description rdf:about='#A80036'>
    <rdf:type rdf:resource='#County'/>
    <NS0:name>Ohinemuri</NS0:name>
  </rdf:Description>
  <rdf:Description rdf:about='#A79652'>
    <rdf:type rdf:resource='http://www.daml.org/2001/12/factbook/factbook-ont#ElevationExtreme'/>
    <NS0:name>Mount Cook</NS0:name>
    <NS0:elevation>3764</NS0:elevation>
  </rdf:Description>
  <rdf:Description rdf:about='#A80418'>
    <rdf:type rdf:resource='http://www.daml.org/2001/12/factbook/factbook-ont#CommodityPercent'/>
    <NS0:exportsCommodity rdf:resource='http://www.daml.org/2001/12/factbook/commodities#wool'/>
  </rdf:Description>
  <rdf:Description rdf:about='#A80032'>
    <rdf:type rdf:resource='#County'/>
    <NS0:name>Mount Herbert</NS0:name>
  </rdf:Description>
  <rdf:Description rdf:about='#A80391'>
    <NS0:year>1999</NS0:year>
  </rdf:Description>
  <rdf:Description rdf:about='#A80414'>
    <rdf:type rdf:resource='http://www.daml.org/2001/12/factbook/factbook-ont#CommodityPercent'/>
    <NS0:exportsCommodity rdf:resource='http://www.daml.org/2001/12/factbook/commodities#fish'/>
  </rdf:Description>
  <rdf:Description rdf:about='#A79647'>
    <rdf:type rdf:resource='http://www.daml.org/2001/12/factbook/factbook-ont#ElevationExtreme'/>
    <NS0:name>Pacific Ocean</NS0:name>
    <NS0:elevation>0</NS0:elevation>
  </rdf:Description>
  <rdf:Description rdf:about='#A79672'>
    <rdf:type rdf:resource='http://www.daml.org/2001/12/factbook/factbook-ont#Estimate'/>
    <NS0:year>1993</NS0:year>
  </rdf:Description>
  <rdf:Description rdf:about='#A80028'>
    <rdf:type rdf:resource='#County'/>
    <NS0:name>Matamata</NS0:name>
  </rdf:Description>
  <rdf:Description rdf:about='#A80410'>
    <rdf:type rdf:resource='http://www.daml.org/2001/12/factbook/factbook-ont#CommodityPercent'/>
    <NS0:exportsCommodity rdf:resource='http://www.daml.org/2001/12/factbook/commodities#meat'/>
  </rdf:Description>
  <rdf:Description rdf:about='#A80024'>
    <rdf:type rdf:resource='#County'/>
    <NS0:name>Masterton</NS0:name>
  </rdf:Description>
  <rdf:Description rdf:about='#A80568'>
    <NS0:note>FY97/98</NS0:note>
  </rdf:Description>
  <rdf:Description rdf:about='#A80406'>
    <rdf:type rdf:resource='http://www.daml.org/2001/12/factbook/factbook-ont#CommodityPercent'/>
    <NS0:exportsCommodity rdf:resource='http://www.daml.org/2001/12/factbook/commodities#dairy_products'/>
  </rdf:Description>
  <rdf:Description rdf:about='#A80020'>
    <rdf:type rdf:resource='#County'/>
    <NS0:name>Marlborough</NS0:name>
  </rdf:Description>
  <rdf:Description rdf:about='#A127333'>
    <NS0:note>1999</NS0:note>
  </rdf:Description>
  <rdf:Description rdf:about='#A80016'>
    <rdf:type rdf:resource='#County'/>
    <NS0:name>Maniototo</NS0:name>
  </rdf:Description>
  <rdf:Description rdf:about='#A79632'>
    <rdf:type rdf:resource='http://www.daml.org/2001/12/factbook/factbook-ont#LatLon'/>
    <NS0:latitude>-41.0</NS0:latitude>
    <NS0:longitude>174.0</NS0:longitude>
  </rdf:Description>
  <rdf:Description rdf:about='#A80012'>
    <rdf:type rdf:resource='#County'/>
    <NS0:name>Mangonui</NS0:name>
  </rdf:Description>
  <rdf:Description rdf:about='#A80008'>
    <rdf:type rdf:resource='#County'/>
    <NS0:name>Manawatu</NS0:name>
  </rdf:Description>
  <rdf:Description rdf:about='#A80004'>
    <rdf:type rdf:resource='#TownDistrict'/>
    <NS0:name>Manaia</NS0:name>
  </rdf:Description>
  <rdf:Description rdf:about='#TownDistrict'>
    <rdf:type rdf:resource='http://www.w3.org/2000/01/rdf-schema#Class'/>
    <rdfs:subClassOf rdf:resource='http://www.daml.org/2001/12/factbook/factbook-ont#AdministrativeDivision'/>
    <rdfs:label>TownDistrict</rdfs:label>
  </rdf:Description>
  <rdf:Description rdf:about='#A80000'>
    <rdf:type rdf:resource='#County'/>
    <NS0:name>Malvern</NS0:name>
  </rdf:Description>
  <rdf:Description rdf:about='#A79996'>
    <rdf:type rdf:resource='#County'/>
    <NS0:name>Mackenzie</NS0:name>
  </rdf:Description>
  <rdf:Description rdf:about='#A79992'>
    <rdf:type rdf:resource='#County'/>
    <NS0:name>Lake</NS0:name>
  </rdf:Description>
  <rdf:Description rdf:about='#A79988'>
    <rdf:type rdf:resource='#County'/>
    <NS0:name>Kiwitea</NS0:name>
  </rdf:Description>
  <rdf:Description rdf:about='#A79984'>
    <rdf:type rdf:resource='#County'/>
    <NS0:name>Kairanga</NS0:name>
  </rdf:Description>
  <rdf:Description rdf:about='#A79980'>
    <rdf:type rdf:resource='#County'/>
    <NS0:name>Kaikoura</NS0:name>
  </rdf:Description>
  <rdf:Description rdf:about='#A79976'>
    <rdf:type rdf:resource='#County'/>
    <NS0:name>Inglewood</NS0:name>
  </rdf:Description>
  <rdf:Description rdf:about='#A80359'>
    <rdf:type rdf:resource='http://www.daml.org/2001/12/factbook/factbook-ont#OccupationPercent'/>
    <NS0:occupation rdf:resource='http://www.daml.org/2001/12/factbook/occupations#agriculture'/>
    <NS0:percent>10</NS0:percent>
  </rdf:Description>
  <rdf:Description rdf:about='#A79972'>
    <rdf:type rdf:resource='#County'/>
    <NS0:name>Inangahua</NS0:name>
  </rdf:Description>
  <rdf:Description rdf:about='#A80354'>
    <rdf:type rdf:resource='http://www.daml.org/2001/12/factbook/factbook-ont#OccupationPercent'/>
    <NS0:occupation rdf:resource='http://www.daml.org/2001/12/factbook/occupations#industry'/>
    <NS0:percent>25</NS0:percent>
  </rdf:Description>
  <rdf:Description rdf:about='#A79968'>
    <rdf:type rdf:resource='#County'/>
    <NS0:name>Hutt</NS0:name>
  </rdf:Description>
  <rdf:Description rdf:about='#A80349'>
    <rdf:type rdf:resource='http://www.daml.org/2001/12/factbook/factbook-ont#OccupationPercent'/>
    <NS0:occupation rdf:resource='http://www.daml.org/2001/12/factbook/occupations#services'/>
    <NS0:percent>65</NS0:percent>
  </rdf:Description>
  <rdf:Description rdf:about='#A79964'>
    <rdf:type rdf:resource='#County'/>
    <NS0:name>Hurunui</NS0:name>
  </rdf:Description>
  <rdf:Description rdf:about='#A79960'>
    <rdf:type rdf:resource='#County'/>
    <NS0:name>Horowhenua</NS0:name>
  </rdf:Description>
  <rdf:Description rdf:about='#A79956'>
    <rdf:type rdf:resource='#County'/>
    <NS0:name>Hokianga</NS0:name>
  </rdf:Description>
  <rdf:Description rdf:about='#A80389'>
    <NS0:year>1999</NS0:year>
  </rdf:Description>
  <rdf:Description rdf:about='#A79952'>
    <rdf:type rdf:resource='#County'/>
    <NS0:name>Hobson</NS0:name>
  </rdf:Description>
  <rdf:Description rdf:about='#A79948'>
    <rdf:type rdf:resource='#TownDistrict'/>
    <NS0:name>Hikurangi</NS0:name>
  </rdf:Description>
  <rdf:Description rdf:about='#A79944'>
    <rdf:type rdf:resource='#County'/>
    <NS0:name>Heathcote</NS0:name>
  </rdf:Description>
  <rdf:Description rdf:about='#A127051'>
    <rdf:type rdf:resource='http://www.daml.org/2001/12/factbook/factbook-ont#CountryPercent'/>
    <NS0:country rdf:resource='http://www.daml.org/2001/09/countries/fips#UK'/>
    <NS0:percent>4</NS0:percent>
  </rdf:Description>
  <rdf:Description rdf:about='#A79940'>
    <rdf:type rdf:resource='#County'/>
    <NS0:name>Hawke&apos;s Bay</NS0:name>
  </rdf:Description>
  <rdf:Description rdf:about='#A127046'>
    <rdf:type rdf:resource='http://www.daml.org/2001/12/factbook/factbook-ont#CountryPercent'/>
    <NS0:country rdf:resource='http://www.daml.org/2001/09/countries/fips#JA'/>
    <NS0:percent>12</NS0:percent>
  </rdf:Description>
  <rdf:Description rdf:about='#A79936'>
    <rdf:type rdf:resource='#District'/>
    <NS0:name>Hawera</NS0:name>
  </rdf:Description>
  <rdf:Description rdf:about='#A79817'>
    <NS0:note>official</NS0:note>
  </rdf:Description>
  <rdf:Description rdf:about='#A79932'>
    <rdf:type rdf:resource='#County'/>
    <NS0:name>Hauraki Plains</NS0:name>
  </rdf:Description>
  <rdf:Description rdf:about='#A127041'>
    <rdf:type rdf:resource='http://www.daml.org/2001/12/factbook/factbook-ont#CountryPercent'/>
    <NS0:country rdf:resource='http://www.daml.org/2001/09/countries/fips#US'/>
    <NS0:percent>17</NS0:percent>
  </rdf:Description>
  <rdf:Description rdf:about='#A79928'>
    <rdf:type rdf:resource='#County'/>
    <NS0:name>Grey</NS0:name>
  </rdf:Description>
  <rdf:Description rdf:about='#A127036'>
    <rdf:type rdf:resource='http://www.daml.org/2001/12/factbook/factbook-ont#CountryPercent'/>
    <NS0:country rdf:resource='http://www.daml.org/2001/09/countries/fips#AS'/>
    <NS0:percent>24</NS0:percent>
  </rdf:Description>
  <rdf:Description rdf:about='#A79924'>
    <rdf:type rdf:resource='#County'/>
    <NS0:name>Great Barrier Island</NS0:name>
  </rdf:Description>
  <rdf:Description rdf:about='#A80559'>
    <rdf:type rdf:resource='http://www.daml.org/2001/12/factbook/factbook-ont#Estimate'/>
    <NS0:year>2001</NS0:year>
  </rdf:Description>
  <rdf:Description rdf:about='#A127030'>
    <rdf:type rdf:resource='http://www.daml.org/2001/12/factbook/factbook-ont#CountryPercent'/>
    <NS0:country rdf:resource='http://www.daml.org/2001/09/countries/fips#UK'/>
    <NS0:percent>7</NS0:percent>
  </rdf:Description>
  <rdf:Description rdf:about='#A79920'>
    <rdf:type rdf:resource='#County'/>
    <NS0:name>Golden Bay</NS0:name>
  </rdf:Description>
  <rdf:Description rdf:about='#A127025'>
    <rdf:type rdf:resource='http://www.daml.org/2001/12/factbook/factbook-ont#CountryPercent'/>
    <NS0:country rdf:resource='http://www.daml.org/2001/09/countries/fips#JA'/>
    <NS0:percent>13</NS0:percent>
  </rdf:Description>
  <rdf:Description rdf:about='#A79916'>
    <rdf:type rdf:resource='#County'/>
    <NS0:name>Franklin</NS0:name>
  </rdf:Description>
  <rdf:Description rdf:about='#A79912'>
    <rdf:type rdf:resource='#County'/>
    <NS0:name>Featherston</NS0:name>
  </rdf:Description>
  <rdf:Description rdf:about='#A127020'>
    <rdf:type rdf:resource='http://www.daml.org/2001/12/factbook/factbook-ont#CountryPercent'/>
    <NS0:country rdf:resource='http://www.daml.org/2001/09/countries/fips#US'/>
    <NS0:percent>14</NS0:percent>
  </rdf:Description>
  <rdf:Description rdf:about='#District'>
    <rdf:type rdf:resource='http://www.w3.org/2000/01/rdf-schema#Class'/>
    <rdfs:subClassOf rdf:resource='http://www.daml.org/2001/12/factbook/factbook-ont#AdministrativeDivision'/>
    <rdfs:label>District</rdfs:label>
  </rdf:Description>
  <rdf:Description rdf:about='#A80473'>
    <NS0:year>2000</NS0:year>
  </rdf:Description>
  <rdf:Description rdf:about='#A79908'>
    <rdf:type rdf:resource='#County'/>
    <NS0:name>Eyre</NS0:name>
  </rdf:Description>
  <rdf:Description rdf:about='#A127015'>
    <rdf:type rdf:resource='http://www.daml.org/2001/12/factbook/factbook-ont#CountryPercent'/>
    <NS0:country rdf:resource='http://www.daml.org/2001/09/countries/fips#AS'/>
    <NS0:percent>22</NS0:percent>
  </rdf:Description>
  <rdf:Description rdf:about='#A80570'>
    <NS0:note>FY97/98</NS0:note>
  </rdf:Description>
  <rdf:Description rdf:about='#A79904'>
    <rdf:type rdf:resource='#County'/>
    <NS0:name>Eltham</NS0:name>
  </rdf:Description>
  <rdf:Description rdf:about='#A79900'>
    <rdf:type rdf:resource='#County'/>
    <NS0:name>Ellesmere</NS0:name>
  </rdf:Description>
  <rdf:Description rdf:about='#A79896'>
    <rdf:type rdf:resource='#County'/>
    <NS0:name>Eketahuna</NS0:name>
  </rdf:Description>
  <rdf:Description rdf:about='#A80468'>
    <NS0:year>1997</NS0:year>
  </rdf:Description>
  <rdf:Description rdf:about='#A79892'>
    <rdf:type rdf:resource='#County'/>
    <NS0:name>Egmont</NS0:name>
  </rdf:Description>
  <rdf:Description rdf:about='#A79888'>
    <rdf:type rdf:resource='#County'/>
    <NS0:name>Dannevirke</NS0:name>
  </rdf:Description>
  <rdf:Description rdf:about='#A79884'>
    <rdf:type rdf:resource='#County'/>
    <NS0:name>Cook</NS0:name>
  </rdf:Description>
  <rdf:Description rdf:about='#A79812'>
    <NS0:year>1986</NS0:year>
  </rdf:Description>
  <rdf:Description rdf:about='#A79880'>
    <rdf:type rdf:resource='#County'/>
    <NS0:name>Clutha</NS0:name>
  </rdf:Description>
  <rdf:Description rdf:about='#A80260'>
    <rdf:type rdf:resource='#County'/>
    <NS0:name>Woodville</NS0:name>
  </rdf:Description>
  <rdf:Description rdf:about='#A79876'>
    <rdf:type rdf:resource='#County'/>
    <NS0:name>Clifton</NS0:name>
  </rdf:Description>
  <rdf:Description rdf:about='#A80256'>
    <rdf:type rdf:resource='#County'/>
    <NS0:name>Whangaroa</NS0:name>
  </rdf:Description>
  <rdf:Description rdf:about='#A79872'>
    <rdf:type rdf:resource='#County'/>
    <NS0:name>Cheviot</NS0:name>
  </rdf:Description>
  <rdf:Description rdf:about='#A80479'>
    <NS0:year>1996</NS0:year>
  </rdf:Description>
  <rdf:Description rdf:about='#A80252'>
    <rdf:type rdf:resource='#County'/>
    <NS0:name>Whangarei</NS0:name>
  </rdf:Description>
  <rdf:Description rdf:about='#A79868'>
    <rdf:type rdf:resource='#County'/>
    <NS0:name>Chatham Islands</NS0:name>
  </rdf:Description>
  <rdf:Description rdf:about='#A80248'>
    <rdf:type rdf:resource='#District'/>
    <NS0:name>Whakatane</NS0:name>
  </rdf:Description>
  <rdf:Description rdf:about='#A79864'>
    <rdf:type rdf:resource='#County'/>
    <NS0:name>Buller</NS0:name>
  </rdf:Description>
  <rdf:Description rdf:about='#A80363'>
    <NS0:year>1995</NS0:year>
  </rdf:Description>
  <rdf:Description rdf:about='#A80244'>
    <rdf:type rdf:resource='#County'/>
    <NS0:name>Westland</NS0:name>
  </rdf:Description>
  <rdf:Description rdf:about='#A79748'>
    <rdf:type rdf:resource='http://www.daml.org/2001/12/factbook/factbook-ont#Estimate'/>
    <NS0:year>2001</NS0:year>
  </rdf:Description>
  <rdf:Description rdf:about='#A79860'>
    <rdf:type rdf:resource='#County'/>
    <NS0:name>Bruce</NS0:name>
  </rdf:Description>
  <rdf:Description rdf:about='#A80430'>
    <rdf:type rdf:resource='http://www.daml.org/2001/12/factbook/factbook-ont#Estimate'/>
    <NS0:note>f.o.b., 2000</NS0:note>
  </rdf:Description>
  <rdf:Description rdf:about='#A127350'>
    <rdf:type rdf:resource='http://www.daml.org/2001/12/factbook/factbook-ont#CountryPercent'/>
    <NS0:country rdf:resource='http://www.daml.org/2001/09/countries/fips#UK'/>
    <NS0:percent>4</NS0:percent>
  </rdf:Description>
  <rdf:Description rdf:about='#A80240'>
    <rdf:type rdf:resource='#TownDistrict'/>
    <NS0:name>Waverley</NS0:name>
  </rdf:Description>
  <rdf:Description rdf:about='#A79856'>
    <rdf:type rdf:resource='#County'/>
    <NS0:name>Bay of Islands</NS0:name>
  </rdf:Description>
  <rdf:Description rdf:about='#A127345'>
    <rdf:type rdf:resource='http://www.daml.org/2001/12/factbook/factbook-ont#CountryPercent'/>
    <NS0:country rdf:resource='http://www.daml.org/2001/09/countries/fips#JA'/>
    <NS0:percent>12</NS0:percent>
  </rdf:Description>
  <rdf:Description rdf:about='#A80236'>
    <rdf:type rdf:resource='#County'/>
    <NS0:name>Wanganui</NS0:name>
  </rdf:Description>
  <rdf:Description rdf:about='#A79852'>
    <rdf:type rdf:resource='#County'/>
    <NS0:name>Ashburton</NS0:name>
  </rdf:Description>
  <rdf:Description rdf:about='#A127055'>
    <NS0:note>1999</NS0:note>
  </rdf:Description>
  <rdf:Description rdf:about='#A80232'>
    <rdf:type rdf:resource='#County'/>
    <NS0:name>Wallace</NS0:name>
  </rdf:Description>
  <rdf:Description rdf:about='#A127340'>
    <rdf:type rdf:resource='http://www.daml.org/2001/12/factbook/factbook-ont#CountryPercent'/>
    <NS0:country rdf:resource='http://www.daml.org/2001/09/countries/fips#US'/>
    <NS0:percent>17</NS0:percent>
  </rdf:Description>
  <rdf:Description rdf:about='#A79848'>
    <rdf:type rdf:resource='#County'/>
    <NS0:name>Amuri</NS0:name>
  </rdf:Description>
  <rdf:Description rdf:about='#A80502'>
    <rdf:type rdf:resource='http://www.daml.org/2001/12/factbook/factbook-ont#Estimate'/>
    <NS0:year>2000</NS0:year>
  </rdf:Description>
  <rdf:Description rdf:about='#A80228'>
    <rdf:type rdf:resource='#County'/>
    <NS0:name>Waitotara</NS0:name>
  </rdf:Description>
  <rdf:Description rdf:about='#A79844'>
    <rdf:type rdf:resource='#County'/>
    <NS0:name>Akaroa</NS0:name>
  </rdf:Description>
  <rdf:Description rdf:about='#A127335'>
    <rdf:type rdf:resource='http://www.daml.org/2001/12/factbook/factbook-ont#CountryPercent'/>
    <NS0:country rdf:resource='http://www.daml.org/2001/09/countries/fips#AS'/>
    <NS0:percent>24</NS0:percent>
  </rdf:Description>
  <rdf:Description rdf:about='#A80224'>
    <rdf:type rdf:resource='#District'/>
    <NS0:name>Waitomo</NS0:name>
  </rdf:Description>
  <rdf:Description rdf:about='#A80327'>
    <rdf:type rdf:resource='http://www.daml.org/2001/12/factbook/factbook-ont#Estimate'/>
    <NS0:year>2000</NS0:year>
  </rdf:Description>
  <rdf:Description rdf:about='#A80220'>
    <rdf:type rdf:resource='#County'/>
    <NS0:name>Waitaki</NS0:name>
  </rdf:Description>
  <rdf:Description rdf:about='#A127329'>
    <rdf:type rdf:resource='http://www.daml.org/2001/12/factbook/factbook-ont#CountryPercent'/>
    <NS0:country rdf:resource='http://www.daml.org/2001/09/countries/fips#UK'/>
    <NS0:percent>7</NS0:percent>
  </rdf:Description>
  <rdf:Description rdf:about='#A80216'>
    <rdf:type rdf:resource='#County'/>
    <NS0:name>Wairoa</NS0:name>
  </rdf:Description>
  <rdf:Description rdf:about='#A80466'>
    <NS0:year>1997</NS0:year>
  </rdf:Description>
  <rdf:Description rdf:about='#A127324'>
    <rdf:type rdf:resource='http://www.daml.org/2001/12/factbook/factbook-ont#CountryPercent'/>
    <NS0:country rdf:resource='http://www.daml.org/2001/09/countries/fips#JA'/>
    <NS0:percent>13</NS0:percent>
  </rdf:Description>
  <rdf:Description rdf:about='#A79831'>
    <rdf:type rdf:resource='http://www.daml.org/2001/12/factbook/factbook-ont#CapitalCity'/>
    <NS0:name>Wellington</NS0:name>
  </rdf:Description>
  <rdf:Description rdf:about='#A80212'>
    <rdf:type rdf:resource='#County'/>
    <NS0:name>Wairewa</NS0:name>
  </rdf:Description>
  <rdf:Description rdf:about='#A127319'>
    <rdf:type rdf:resource='http://www.daml.org/2001/12/factbook/factbook-ont#CountryPercent'/>
    <NS0:country rdf:resource='http://www.daml.org/2001/09/countries/fips#US'/>
    <NS0:percent>14</NS0:percent>
  </rdf:Description>
  <rdf:Description rdf:about='#A80208'>
    <rdf:type rdf:resource='#County'/>
    <NS0:name>Wairarapa South</NS0:name>
  </rdf:Description>
  <rdf:Description rdf:about='#A80453'>
    <rdf:type rdf:resource='http://www.daml.org/2001/12/factbook/factbook-ont#Estimate'/>
    <NS0:year>2000</NS0:year>
  </rdf:Description>
  <rdf:Description rdf:about='#A79701'>
    <rdf:type rdf:resource='http://www.daml.org/2001/12/factbook/factbook-ont#Estimate'/>
    <NS0:note>July 2001</NS0:note>
  </rdf:Description>
  <rdf:Description rdf:about='#A127314'>
    <rdf:type rdf:resource='http://www.daml.org/2001/12/factbook/factbook-ont#CountryPercent'/>
    <NS0:country rdf:resource='http://www.daml.org/2001/09/countries/fips#AS'/>
    <NS0:percent>22</NS0:percent>
  </rdf:Description>
  <rdf:Description rdf:about='#A79669'>
    <rdf:type rdf:resource='http://www.daml.org/2001/12/factbook/factbook-ont#Estimate'/>
    <NS0:year>1993</NS0:year>
  </rdf:Description>
  <rdf:Description rdf:about='#A80204'>
    <rdf:type rdf:resource='#District'/>
    <NS0:name>Waipukurau</NS0:name>
  </rdf:Description>
  <rdf:Description rdf:about='#A79819'>
    <rdf:type rdf:resource='http://www.daml.org/2001/12/factbook/factbook-ont#LanguagePercent'/>
    <NS0:language rdf:resource='http://www.daml.org/2001/12/factbook/languages#Maori'/>
  </rdf:Description>
  <rdf:Description rdf:about='#A80471'>
    <NS0:year>2000</NS0:year>
  </rdf:Description>
  <rdf:Description rdf:about='#A80200'>
    <rdf:type rdf:resource='#District'/>
    <NS0:name>Waipawa</NS0:name>
  </rdf:Description>
  <rdf:Description rdf:about='#A80365'>
    <rdf:type rdf:resource='http://www.daml.org/2001/12/factbook/factbook-ont#Estimate'/>
    <NS0:year>2000</NS0:year>
  </rdf:Description>
  <rdf:Description rdf:about='#A79814'>
    <rdf:type rdf:resource='http://www.daml.org/2001/12/factbook/factbook-ont#LanguagePercent'/>
    <NS0:language rdf:resource='http://www.daml.org/2001/12/factbook/languages#English'/>
  </rdf:Description>
  <rdf:Description rdf:about='#A80196'>
    <rdf:type rdf:resource='#County'/>
    <NS0:name>Waipa</NS0:name>
  </rdf:Description>
  <rdf:Description rdf:about='#A127034'>
    <NS0:note>1999</NS0:note>
  </rdf:Description>
  <rdf:Description rdf:about='#A80192'>
    <rdf:type rdf:resource='#County'/>
    <NS0:name>Waimea</NS0:name>
  </rdf:Description>
  <rdf:Description rdf:about='#A79808'>
    <rdf:type rdf:resource='http://www.daml.org/2001/12/factbook/factbook-ont#ReligionPercent'/>
    <NS0:religion rdf:resource='http://www.daml.org/2001/12/factbook/religions#unspecified_or_none'/>
    <NS0:percent>33</NS0:percent>
  </rdf:Description>
  <rdf:Description rdf:about='#A80188'>
    <rdf:type rdf:resource='#County'/>
    <NS0:name>Waimate West</NS0:name>
  </rdf:Description>
  <rdf:Description rdf:about='#A79803'>
    <rdf:type rdf:resource='http://www.daml.org/2001/12/factbook/factbook-ont#ReligionPercent'/>
    <NS0:religion rdf:resource='http://www.daml.org/2001/12/factbook/religions#other_Protestant'/>
    <NS0:percent>3</NS0:percent>
  </rdf:Description>
  <rdf:Description rdf:about='#A80347'>
    <NS0:year>2000</NS0:year>
  </rdf:Description>
  <rdf:Description rdf:about='#A80184'>
    <rdf:type rdf:resource='#County'/>
    <NS0:name>Waimate</NS0:name>
  </rdf:Description>
  <rdf:Description rdf:about='#A79798'>
    <rdf:type rdf:resource='http://www.daml.org/2001/12/factbook/factbook-ont#ReligionPercent'/>
    <NS0:religion rdf:resource='http://www.daml.org/2001/12/factbook/religions#Baptist'/>
    <NS0:percent>2</NS0:percent>
  </rdf:Description>
  <rdf:Description rdf:about='#A80180'>
    <rdf:type rdf:resource='#County'/>
    <NS0:name>Waimarino</NS0:name>
  </rdf:Description>
  <rdf:Description rdf:about='#A80176'>
    <rdf:type rdf:resource='#County'/>
    <NS0:name>Waimairi</NS0:name>
  </rdf:Description>
  <rdf:Description rdf:about='#A79793'>
    <rdf:type rdf:resource='http://www.daml.org/2001/12/factbook/factbook-ont#ReligionPercent'/>
    <NS0:religion rdf:resource='http://www.daml.org/2001/12/factbook/religions#Methodist'/>
    <NS0:percent>5</NS0:percent>
  </rdf:Description>
  <rdf:Description rdf:about='#A79824'>
    <rdf:type rdf:resource='http://www.daml.org/2001/12/factbook/factbook-ont#Estimate'/>
    <NS0:year>1980</NS0:year>
  </rdf:Description>
  <rdf:Description rdf:about='#A80172'>
    <rdf:type rdf:resource='#County'/>
    <NS0:name>Waikohu</NS0:name>
  </rdf:Description>
  <rdf:Description rdf:about='#A79788'>
    <rdf:type rdf:resource='http://www.daml.org/2001/12/factbook/factbook-ont#ReligionPercent'/>
    <NS0:religion rdf:resource='http://www.daml.org/2001/12/factbook/religions#Roman_Catholic'/>
    <NS0:percent>15</NS0:percent>
  </rdf:Description>
  <rdf:Description rdf:about='#A80552'>
    <rdf:type rdf:resource='http://www.daml.org/2001/12/factbook/factbook-ont#AirportBreakdown'/>
    <NS0:paved>false</NS0:paved>
    <NS0:maxRunway>913</NS0:maxRunway>
    <NS0:count>42 (2000 est.)</NS0:count>
  </rdf:Description>
  <rdf:Description rdf:about='#A80168'>
    <rdf:type rdf:resource='#County'/>
    <NS0:name>Waikato</NS0:name>
  </rdf:Description>
  <rdf:Description rdf:about='#A79704'>
    <rdf:type rdf:resource='http://www.daml.org/2001/12/factbook/factbook-ont#Estimate'/>
    <NS0:year>2001</NS0:year>
  </rdf:Description>
  <rdf:Description rdf:about='#A79783'>
    <rdf:type rdf:resource='http://www.daml.org/2001/12/factbook/factbook-ont#ReligionPercent'/>
    <NS0:religion rdf:resource='http://www.daml.org/2001/12/factbook/religions#Presbyterian'/>
    <NS0:percent>18</NS0:percent>
  </rdf:Description>
  <rdf:Description rdf:about='#A80164'>
    <rdf:type rdf:resource='#County'/>
    <NS0:name>Waihemo</NS0:name>
  </rdf:Description>
  <rdf:Description rdf:about='#A80545'>
    <rdf:type rdf:resource='http://www.daml.org/2001/12/factbook/factbook-ont#AirportBreakdown'/>
    <NS0:paved>false</NS0:paved>
    <NS0:minRunway>914</NS0:minRunway>
    <NS0:maxRunway>1523</NS0:maxRunway>
    <NS0:count>24</NS0:count>
  </rdf:Description>
  <rdf:Description rdf:about='#A79778'>
    <rdf:type rdf:resource='http://www.daml.org/2001/12/factbook/factbook-ont#ReligionPercent'/>
    <NS0:religion rdf:resource='http://www.daml.org/2001/12/factbook/religions#Anglican'/>
    <NS0:percent>24</NS0:percent>
  </rdf:Description>
  <rdf:Description rdf:about='#A80160'>
    <rdf:type rdf:resource='#County'/>
    <NS0:name>Waiheke</NS0:name>
  </rdf:Description>
  <rdf:Description rdf:about='#A80387'>
    <NS0:year>1999</NS0:year>
  </rdf:Description>
  <rdf:Description rdf:about='#A80565'>
    <rdf:type rdf:resource='http://www.daml.org/2001/12/factbook/factbook-ont#Estimate'/>
    <NS0:year>2001</NS0:year>
  </rdf:Description>
  <rdf:Description rdf:about='#A79773'>
    <rdf:type rdf:resource='http://www.daml.org/2001/12/factbook/factbook-ont#EthnicGroupPercent'/>
    <NS0:ethnicGroup rdf:resource='http://www.daml.org/2001/12/factbook/ethnicGroups#Asian_and_others'/>
    <NS0:percent>7.4</NS0:percent>
  </rdf:Description>
  <rdf:Description rdf:about='#A80156'>
    <rdf:type rdf:resource='#County'/>
    <NS0:name>Waiapu</NS0:name>
  </rdf:Description>
  <rdf:Description rdf:about='#A80538'>
    <rdf:type rdf:resource='http://www.daml.org/2001/12/factbook/factbook-ont#AirportBreakdown'/>
    <NS0:paved>false</NS0:paved>
    <NS0:minRunway>1524</NS0:minRunway>
    <NS0:maxRunway>2437</NS0:maxRunway>
    <NS0:count>1</NS0:count>
  </rdf:Description>
  <rdf:Description rdf:about='#A80152'>
    <rdf:type rdf:resource='#County'/>
    <NS0:name>Vincent</NS0:name>
  </rdf:Description>
  <rdf:Description rdf:about='#A79768'>
    <rdf:type rdf:resource='http://www.daml.org/2001/12/factbook/factbook-ont#EthnicGroupPercent'/>
    <NS0:ethnicGroup rdf:resource='http://www.daml.org/2001/12/factbook/ethnicGroups#Pacific_Islander'/>
    <NS0:percent>3.8</NS0:percent>
  </rdf:Description>
  <rdf:Description rdf:about='#A80532'>
    <rdf:type rdf:resource='http://www.daml.org/2001/12/factbook/factbook-ont#AirportBreakdown'/>
    <NS0:paved>true</NS0:paved>
    <NS0:maxRunway>913</NS0:maxRunway>
    <NS0:count>3 (2000 est.)</NS0:count>
  </rdf:Description>
  <rdf:Description rdf:about='#A80148'>
    <rdf:type rdf:resource='#County'/>
    <NS0:name>Tuapeka</NS0:name>
  </rdf:Description>
  <rdf:Description rdf:about='#A79763'>
    <rdf:type rdf:resource='http://www.daml.org/2001/12/factbook/factbook-ont#EthnicGroupPercent'/>
    <NS0:ethnicGroup rdf:resource='http://www.daml.org/2001/12/factbook/ethnicGroups#other_European'/>
    <NS0:percent>4.6</NS0:percent>
  </rdf:Description>
  <rdf:Description rdf:about='#A80477'>
    <NS0:note>including at least 144 km of expressways</NS0:note>
  </rdf:Description>
  <rdf:Description rdf:about='#A80144'>
    <rdf:type rdf:resource='#District'/>
    <NS0:name>Thames-Coromandel</NS0:name>
  </rdf:Description>
  <rdf:Description rdf:about='#A80525'>
    <rdf:type rdf:resource='http://www.daml.org/2001/12/factbook/factbook-ont#AirportBreakdown'/>
    <NS0:paved>true</NS0:paved>
    <NS0:minRunway>914</NS0:minRunway>
    <NS0:maxRunway>1523</NS0:maxRunway>
    <NS0:count>28</NS0:count>
  </rdf:Description>
  <rdf:Description rdf:about='#A79758'>
    <rdf:type rdf:resource='http://www.daml.org/2001/12/factbook/factbook-ont#EthnicGroupPercent'/>
    <NS0:ethnicGroup rdf:resource='http://www.daml.org/2001/12/factbook/ethnicGroups#Maori'/>
    <NS0:percent>9.7</NS0:percent>
  </rdf:Description>
  <rdf:Description rdf:about='#A80140'>
    <rdf:type rdf:resource='#County'/>
    <NS0:name>Tauranga</NS0:name>
  </rdf:Description>
  <rdf:Description rdf:about='#A79753'>
    <rdf:type rdf:resource='http://www.daml.org/2001/12/factbook/factbook-ont#EthnicGroupPercent'/>
    <NS0:ethnicGroup rdf:resource='http://www.daml.org/2001/12/factbook/ethnicGroups#New_Zealand_European'/>
    <NS0:percent>74.5</NS0:percent>
  </rdf:Description>
  <rdf:Description rdf:about='#A80136'>
    <rdf:type rdf:resource='#County'/>
    <NS0:name>Taupo</NS0:name>
  </rdf:Description>
  <rdf:Description rdf:about='#A80518'>
    <rdf:type rdf:resource='http://www.daml.org/2001/12/factbook/factbook-ont#AirportBreakdown'/>
    <NS0:paved>true</NS0:paved>
    <NS0:minRunway>1524</NS0:minRunway>
    <NS0:maxRunway>2437</NS0:maxRunway>
    <NS0:count>10</NS0:count>
  </rdf:Description>
  <rdf:Description rdf:about='#A80132'>
    <rdf:type rdf:resource='#County'/>
    <NS0:name>Taumarunui</NS0:name>
  </rdf:Description>
  <rdf:Description rdf:about='#A79745'>
    <rdf:type rdf:resource='http://www.daml.org/2001/12/factbook/factbook-ont#Estimate'/>
    <NS0:year>2001</NS0:year>
  </rdf:Description>
  <rdf:Description rdf:about='#A80128'>
    <rdf:type rdf:resource='#County'/>
    <NS0:name>Taranaki</NS0:name>
  </rdf:Description>
  <rdf:Description rdf:about='#A80511'>
    <rdf:type rdf:resource='http://www.daml.org/2001/12/factbook/factbook-ont#AirportBreakdown'/>
    <NS0:paved>true</NS0:paved>
    <NS0:minRunway>2438</NS0:minRunway>
    <NS0:maxRunway>3047</NS0:maxRunway>
    <NS0:count>1</NS0:count>
  </rdf:Description>
  <rdf:Description rdf:about='#A80378'>
    <NS0:year>2000</NS0:year>
  </rdf:Description>
  <rdf:Description rdf:about='#A80124'>
    <rdf:type rdf:resource='#County'/>
    <NS0:name>Strathallan</NS0:name>
  </rdf:Description>
  <rdf:Description rdf:about='#A80338'>
    <NS0:year>1999</NS0:year>
  </rdf:Description>
  <rdf:Description rdf:about='#A79739'>
    <rdf:type rdf:resource='http://www.daml.org/2001/12/factbook/factbook-ont#SexRatioBreakdown'/>
    <NS0:ratio>0.99</NS0:ratio>
  </rdf:Description>
  <rdf:Description rdf:about='#A80505'>
    <rdf:type rdf:resource='http://www.daml.org/2001/12/factbook/factbook-ont#AirportBreakdown'/>
    <NS0:paved>true</NS0:paved>
    <NS0:minRunway>3048</NS0:minRunway>
    <NS0:count>2</NS0:count>
  </rdf:Description>
  <rdf:Description rdf:about='#A80120'>
    <rdf:type rdf:resource='#County'/>
    <NS0:name>Stratford</NS0:name>
  </rdf:Description>
  <rdf:Description rdf:about='#A79734'>
    <rdf:type rdf:resource='http://www.daml.org/2001/12/factbook/factbook-ont#SexRatioBreakdown'/>
    <NS0:minAge>65</NS0:minAge>
    <NS0:ratio>0.77</NS0:ratio>
  </rdf:Description>
  <rdf:Description rdf:about='#A80116'>
    <rdf:type rdf:resource='#County'/>
    <NS0:name>Stewart Island</NS0:name>
  </rdf:Description>
  <rdf:Description rdf:about='#A80498'>
    <rdf:type rdf:resource='http://www.daml.org/2001/12/factbook/factbook-ont#Port'/>
    <NS0:name>Wellington</NS0:name>
  </rdf:Description>
  <rdf:Description rdf:about='#County'>
    <rdf:type rdf:resource='http://www.w3.org/2000/01/rdf-schema#Class'/>
    <rdfs:subClassOf rdf:resource='http://www.daml.org/2001/12/factbook/factbook-ont#AdministrativeDivision'/>
    <rdfs:label>County</rdfs:label>
  </rdf:Description>
  <rdf:Description rdf:about='#A80112'>
    <rdf:type rdf:resource='#County'/>
    <NS0:name>Southland</NS0:name>
  </rdf:Description>
  <rdf:Description rdf:about='#A79728'>
    <rdf:type rdf:resource='http://www.daml.org/2001/12/factbook/factbook-ont#SexRatioBreakdown'/>
    <NS0:minAge>15</NS0:minAge>
    <NS0:maxAge>64</NS0:maxAge>
    <NS0:ratio>1.01</NS0:ratio>
  </rdf:Description>
  <rdf:Description rdf:about='#A80494'>
    <rdf:type rdf:resource='http://www.daml.org/2001/12/factbook/factbook-ont#Port'/>
    <NS0:name>Tauranga</NS0:name>
  </rdf:Description>
  <rdf:Description rdf:about='#A80108'>
    <rdf:type rdf:resource='#County'/>
    <NS0:name>Silverpeaks</NS0:name>
  </rdf:Description>
  <rdf:Description rdf:about='#A80490'>
    <rdf:type rdf:resource='http://www.daml.org/2001/12/factbook/factbook-ont#Port'/>
    <NS0:name>Dunedin</NS0:name>
  </rdf:Description>
  <rdf:Description rdf:about='#A79722'>
    <rdf:type rdf:resource='http://www.daml.org/2001/12/factbook/factbook-ont#SexRatioBreakdown'/>
    <NS0:minAge>0</NS0:minAge>
    <NS0:maxAge>14</NS0:maxAge>
    <NS0:ratio>1.05</NS0:ratio>
  </rdf:Description>
  <rdf:Description rdf:about='#A80104'>
    <rdf:type rdf:resource='#County'/>
    <NS0:name>Saint Kilda</NS0:name>
  </rdf:Description>
  <rdf:Description rdf:about='#A80461'>
    <NS0:year>1998</NS0:year>
  </rdf:Description>
  <rdf:Description rdf:about='#A80486'>
    <rdf:type rdf:resource='http://www.daml.org/2001/12/factbook/factbook-ont#Port'/>
    <NS0:name>Christchurch</NS0:name>
  </rdf:Description>
  <rdf:Description rdf:about='#A80100'>
    <rdf:type rdf:resource='#County'/>
    <NS0:name>Runanga</NS0:name>
  </rdf:Description>
  <rdf:Description rdf:about='#A79716'>
    <rdf:type rdf:resource='http://www.daml.org/2001/12/factbook/factbook-ont#SexRatioBreakdown'/>
    <NS0:minAge>0</NS0:minAge>
    <NS0:maxAge>0</NS0:maxAge>
    <NS0:ratio>1.04</NS0:ratio>
  </rdf:Description>
  <rdf:Description rdf:about='#A80482'>
    <rdf:type rdf:resource='http://www.daml.org/2001/12/factbook/factbook-ont#Port'/>
    <NS0:name>Auckland</NS0:name>
  </rdf:Description>
  <rdf:Description rdf:about='#A80459'>
    <NS0:year>1997</NS0:year>
  </rdf:Description>
  <rdf:Description rdf:about='#A80385'>
    <NS0:year>1999</NS0:year>
  </rdf:Description>
  <rdf:Description rdf:about='#A79707'>
    <rdf:type rdf:resource='http://www.daml.org/2001/12/factbook/factbook-ont#Estimate'/>
    <NS0:year>2001</NS0:year>
  </rdf:Description>
  <rdf:Description rdf:about='#A80096'>
    <rdf:type rdf:resource='#District'/>
    <NS0:name>Rotorua</NS0:name>
  </rdf:Description>
  <rdf:Description rdf:about='#A80330'>
    <rdf:type rdf:resource='http://www.daml.org/2001/12/factbook/factbook-ont#Estimate'/>
    <NS0:year>2000</NS0:year>
  </rdf:Description>
  <rdf:Description rdf:about='#A80092'>
    <rdf:type rdf:resource='#County'/>
    <NS0:name>Rodney</NS0:name>
  </rdf:Description>
  <rdf:Description rdf:about='#A80088'>
    <rdf:type rdf:resource='#County'/>
    <NS0:name>Rangitikei</NS0:name>
  </rdf:Description>
  <rdf:Description rdf:about='#A79713'>
    <rdf:type rdf:resource='http://www.daml.org/2001/12/factbook/factbook-ont#Estimate'/>
    <NS0:year>2001</NS0:year>
  </rdf:Description>
  <rdf:Description rdf:about='#A127354'>
    <NS0:note>1999</NS0:note>
  </rdf:Description>
  <rdf:Description rdf:about='#A80084'>
    <rdf:type rdf:resource='#District'/>
    <NS0:name>Rangiora</NS0:name>
  </rdf:Description>
  <rdf:Description rdf:about='#A79742'>
    <rdf:type rdf:resource='http://www.daml.org/2001/12/factbook/factbook-ont#Estimate'/>
    <NS0:year>2001</NS0:year>
  </rdf:Description>
  <rdf:Description rdf:about='#A80080'>
    <rdf:type rdf:resource='#County'/>
    <NS0:name>Raglan</NS0:name>
  </rdf:Description>
  <rdf:Description rdf:about='#A80076'>
    <rdf:type rdf:resource='#County'/>
    <NS0:name>Pohangina</NS0:name>
  </rdf:Description>
  <rdf:Description rdf:about='#A80344'>
    <rdf:type rdf:resource='http://www.daml.org/2001/12/factbook/factbook-ont#Estimate'/>
    <NS0:year>2000</NS0:year>
  </rdf:Description>
  <rdf:Description rdf:about='#A80072'>
    <rdf:type rdf:resource='#County'/>
    <NS0:name>Piako</NS0:name>
  </rdf:Description>
  <rdf:Description rdf:about='#A80068'>
    <rdf:type rdf:resource='#County'/>
    <NS0:name>Patea</NS0:name>
  </rdf:Description>
  <rdf:Description rdf:about='#A80449'>
    <rdf:type rdf:resource='http://www.daml.org/2001/12/factbook/factbook-ont#CommodityPercent'/>
    <NS0:importsCommodity rdf:resource='http://www.daml.org/2001/12/factbook/commodities#plastics'/>
  </rdf:Description>
  <rdf:Description rdf:about='#A80064'>
    <rdf:type rdf:resource='#County'/>
    <NS0:name>Paparua</NS0:name>
  </rdf:Description>
  <rdf:Description rdf:about='#A80445'>
    <rdf:type rdf:resource='http://www.daml.org/2001/12/factbook/factbook-ont#CommodityPercent'/>
    <NS0:importsCommodity rdf:resource='http://www.daml.org/2001/12/factbook/commodities#consumer_goods'/>
  </rdf:Description>
  <rdf:Description rdf:about='#A80060'>
    <rdf:type rdf:resource='#County'/>
    <NS0:name>Pahiatua</NS0:name>
  </rdf:Description>
  <rdf:Description rdf:about='#A80403'>
    <rdf:type rdf:resource='http://www.daml.org/2001/12/factbook/factbook-ont#Estimate'/>
    <NS0:note>f.o.b., 2000</NS0:note>
  </rdf:Description>
  <rdf:Description rdf:about='#A80341'>
    <rdf:type rdf:resource='http://www.daml.org/2001/12/factbook/factbook-ont#Estimate'/>
    <NS0:year>1991</NS0:year>
  </rdf:Description>
  <rdf:Description rdf:about='#A80441'>
    <rdf:type rdf:resource='http://www.daml.org/2001/12/factbook/factbook-ont#CommodityPercent'/>
    <NS0:importsCommodity rdf:resource='http://www.daml.org/2001/12/factbook/commodities#petroleum'/>
  </rdf:Description>
  <rdf:Description rdf:about='#A79710'>
    <rdf:type rdf:resource='http://www.daml.org/2001/12/factbook/factbook-ont#Estimate'/>
    <NS0:year>2001</NS0:year>
  </rdf:Description>
  <rdf:Description rdf:about='#A80056'>
    <rdf:type rdf:resource='#County'/>
    <NS0:name>Oxford</NS0:name>
  </rdf:Description>
  <rdf:Description rdf:about='http://www.daml.org/2001/09/countries/fips#NZ'>
    <NS0:background>The British colony of New Zealand became an independent dominion in 1907 and supported the UK militarily in both World Wars. New Zealand withdrew from a number of defense alliances during the 1970s and 1980s. In recent years the government has sought to address longstanding native Maori grievances.</NS0:background>
    <NS0:location>Oceania, islands in the South Pacific Ocean, southeast of Australia</NS0:location>
    <NS0:geographicCoordinates rdf:resource='#A79632'/>
    <NS0:mapReferences>Oceania</NS0:mapReferences>
    <NS0:totalArea>268680</NS0:totalArea>
    <NS0:landArea>268670</NS0:landArea>
    <NS0:waterArea>10</NS0:waterArea>
    <NS0:comparativeArea>about the size of Colorado</NS0:comparativeArea>
    <NS0:coastline>15134</NS0:coastline>
    <NS0:exclusiveEconomicZone>200</NS0:exclusiveEconomicZone>
    <NS0:territorialSea>12</NS0:territorialSea>
    <NS0:climate>temperate with sharp regional contrasts</NS0:climate>
    <NS0:terrain>predominately mountainous with some large coastal plains</NS0:terrain>
    <NS0:lowestPoint rdf:resource='#A79647'/>
    <NS0:highestPoint rdf:resource='#A79652'/>
    <NS0:naturalResource rdf:resource='http://www.daml.org/2001/12/factbook/naturalResources#natural_gas'/>
    <NS0:naturalResource rdf:resource='http://www.daml.org/2001/12/factbook/naturalResources#iron_ore'/>
    <NS0:naturalResource rdf:resource='http://www.daml.org/2001/12/factbook/naturalResources#sand'/>
    <NS0:naturalResource rdf:resource='http://www.daml.org/2001/12/factbook/naturalResources#coal'/>
    <NS0:naturalResource rdf:resource='http://www.daml.org/2001/12/factbook/naturalResources#timber'/>
    <NS0:naturalResource rdf:resource='http://www.daml.org/2001/12/factbook/naturalResources#hydropower'/>
    <NS0:naturalResource rdf:resource='http://www.daml.org/2001/12/factbook/naturalResources#gold'/>
    <NS0:naturalResource rdf:resource='http://www.daml.org/2001/12/factbook/naturalResources#limestone'/>
    <NS0:arableLand>9</NS0:arableLand>
    <NS0:permanentCrops>5</NS0:permanentCrops>
    <NS0:permanentPastures>50</NS0:permanentPastures>
    <NS0:forestsAndWoodland>28</NS0:forestsAndWoodland>
    <NS0:otherLandUse rdf:ID='A79669'>8</NS0:otherLandUse>
    <NS0:irrigatedLand rdf:ID='A79672'>2850</NS0:irrigatedLand>
    <NS0:naturalHazard>earthquakes are common, though usually not severe</NS0:naturalHazard>
    <NS0:naturalHazard>volcanic activity</NS0:naturalHazard>
    <NS0:environmentalIssue>deforestation</NS0:environmentalIssue>
    <NS0:environmentalIssue>soil erosion</NS0:environmentalIssue>
    <NS0:environmentalIssue>native flora and fauna hard-hit by species introduced from outside</NS0:environmentalIssue>
    <NS0:environmentalAgreementPartyTo rdf:resource='http://www.daml.org/2001/12/factbook/environmentalAgreements#Antarctic-Environmental_Protocol'/>
    <NS0:environmentalAgreementPartyTo rdf:resource='http://www.daml.org/2001/12/factbook/environmentalAgreements#Antarctic-Marine_Living_Resources'/>
    <NS0:environmentalAgreementPartyTo rdf:resource='http://www.daml.org/2001/12/factbook/environmentalAgreements#Antarctic_Treaty'/>
    <NS0:environmentalAgreementPartyTo rdf:resource='http://www.daml.org/2001/12/factbook/environmentalAgreements#Biodiversity'/>
    <NS0:environmentalAgreementPartyTo rdf:resource='http://www.daml.org/2001/12/factbook/environmentalAgreements#Climate_Change'/>
    <NS0:environmentalAgreementPartyTo rdf:resource='http://www.daml.org/2001/12/factbook/environmentalAgreements#Desertification'/>
    <NS0:environmentalAgreementPartyTo rdf:resource='http://www.daml.org/2001/12/factbook/environmentalAgreements#Endangered_Species'/>
    <NS0:environmentalAgreementPartyTo rdf:resource='http://www.daml.org/2001/12/factbook/environmentalAgreements#Environmental_Modification'/>
    <NS0:environmentalAgreementPartyTo rdf:resource='http://www.daml.org/2001/12/factbook/environmentalAgreements#Hazardous_Wastes'/>
    <NS0:environmentalAgreementPartyTo rdf:resource='http://www.daml.org/2001/12/factbook/environmentalAgreements#Law_of_the_Sea'/>
    <NS0:environmentalAgreementPartyTo rdf:resource='http://www.daml.org/2001/12/factbook/environmentalAgreements#Marine_Dumping'/>
    <NS0:environmentalAgreementPartyTo rdf:resource='http://www.daml.org/2001/12/factbook/environmentalAgreements#Nuclear_Test_Ban'/>
    <NS0:environmentalAgreementPartyTo rdf:resource='http://www.daml.org/2001/12/factbook/environmentalAgreements#Ozone_Layer_Protection'/>
    <NS0:environmentalAgreementPartyTo rdf:resource='http://www.daml.org/2001/12/factbook/environmentalAgreements#Ship_Pollution'/>
    <NS0:environmentalAgreementPartyTo rdf:resource='http://www.daml.org/2001/12/factbook/environmentalAgreements#Tropical_Timber_83'/>
    <NS0:environmentalAgreementPartyTo rdf:resource='http://www.daml.org/2001/12/factbook/environmentalAgreements#Tropical_Timber_94'/>
    <NS0:environmentalAgreementPartyTo rdf:resource='http://www.daml.org/2001/12/factbook/environmentalAgreements#Wetlands'/>
    <NS0:environmentalAgreementPartyTo rdf:resource='http://www.daml.org/2001/12/factbook/environmentalAgreements#Whaling'/>
    <NS0:environmentalAgreementSigned rdf:resource='http://www.daml.org/2001/12/factbook/environmentalAgreements#Antarctic_Seals'/>
    <NS0:environmentalAgreementSigned rdf:resource='http://www.daml.org/2001/12/factbook/environmentalAgreements#Climate_Change-Kyoto_Protocol'/>
    <NS0:environmentalAgreementSigned rdf:resource='http://www.daml.org/2001/12/factbook/environmentalAgreements#Marine_Life_Conservation'/>
    <NS0:population rdf:ID='A79701'>3864129</NS0:population>
    <NS0:populationGrowthRate rdf:ID='A79704'>1.14</NS0:populationGrowthRate>
    <NS0:birthRate rdf:ID='A79707'>14.28</NS0:birthRate>
    <NS0:deathRate rdf:ID='A79710'>7.56</NS0:deathRate>
    <NS0:netMigrationRate rdf:ID='A79713'>4.71</NS0:netMigrationRate>
    <NS0:sexRatio rdf:resource='#A79716'/>
    <NS0:sexRatio rdf:resource='#A79722'/>
    <NS0:sexRatio rdf:resource='#A79728'/>
    <NS0:sexRatio rdf:resource='#A79734'/>
    <NS0:sexRatio rdf:ID='A79742' rdf:resource='#A79739'/>
    <NS0:infantMortalityRate rdf:ID='A79745'>6.28</NS0:infantMortalityRate>
    <NS0:totalFertilityRate rdf:ID='A79748'>1.8</NS0:totalFertilityRate>
    <NS0:nationalityNoun>New Zealander(s)</NS0:nationalityNoun>
    <NS0:nationalityAdjective>New Zealand</NS0:nationalityAdjective>
    <NS0:ethnicGroup rdf:resource='#A79753'/>
    <NS0:ethnicGroup rdf:resource='#A79758'/>
    <NS0:ethnicGroup rdf:resource='#A79763'/>
    <NS0:ethnicGroup rdf:resource='#A79768'/>
    <NS0:ethnicGroup rdf:resource='#A79773'/>
    <NS0:religion rdf:resource='#A79778'/>
    <NS0:religion rdf:resource='#A79783'/>
    <NS0:religion rdf:resource='#A79788'/>
    <NS0:religion rdf:resource='#A79793'/>
    <NS0:religion rdf:resource='#A79798'/>
    <NS0:religion rdf:resource='#A79803'/>
    <NS0:religion rdf:ID='A79812' rdf:resource='#A79808'/>
    <NS0:language rdf:ID='A79817' rdf:resource='#A79814'/>
    <NS0:language rdf:resource='#A79819'/>
    <NS0:literacyDefinition>age 15 and over can read and write</NS0:literacyDefinition>
    <NS0:literacyTotal rdf:ID='A79824'>99</NS0:literacyTotal>
    <NS0:conventionalLongCountryName>none</NS0:conventionalLongCountryName>
    <NS0:conventionalShortCountryName>New Zealand</NS0:conventionalShortCountryName>
    <NS0:countryAbbreviation>NZ</NS0:countryAbbreviation>
    <NS0:governmentType rdf:resource='http://www.daml.org/2001/12/factbook/governmentTypes#parliamentary_democracy'/>
    <NS0:capital rdf:resource='#A79831'/>
    <NS0:administrativeDivision rdf:resource='#A79844'/>
    <NS0:administrativeDivision rdf:resource='#A79848'/>
    <NS0:administrativeDivision rdf:resource='#A79852'/>
    <NS0:administrativeDivision rdf:resource='#A79856'/>
    <NS0:administrativeDivision rdf:resource='#A79860'/>
    <NS0:administrativeDivision rdf:resource='#A79864'/>
    <NS0:administrativeDivision rdf:resource='#A79868'/>
    <NS0:administrativeDivision rdf:resource='#A79872'/>
    <NS0:administrativeDivision rdf:resource='#A79876'/>
    <NS0:administrativeDivision rdf:resource='#A79880'/>
    <NS0:administrativeDivision rdf:resource='#A79884'/>
    <NS0:administrativeDivision rdf:resource='#A79888'/>
    <NS0:administrativeDivision rdf:resource='#A79892'/>
    <NS0:administrativeDivision rdf:resource='#A79896'/>
    <NS0:administrativeDivision rdf:resource='#A79900'/>
    <NS0:administrativeDivision rdf:resource='#A79904'/>
    <NS0:administrativeDivision rdf:resource='#A79908'/>
    <NS0:administrativeDivision rdf:resource='#A79912'/>
    <NS0:administrativeDivision rdf:resource='#A79916'/>
    <NS0:administrativeDivision rdf:resource='#A79920'/>
    <NS0:administrativeDivision rdf:resource='#A79924'/>
    <NS0:administrativeDivision rdf:resource='#A79928'/>
    <NS0:administrativeDivision rdf:resource='#A79932'/>
    <NS0:administrativeDivision rdf:resource='#A79936'/>
    <NS0:administrativeDivision rdf:resource='#A79940'/>
    <NS0:administrativeDivision rdf:resource='#A79944'/>
    <NS0:administrativeDivision rdf:resource='#A79948'/>
    <NS0:administrativeDivision rdf:resource='#A79952'/>
    <NS0:administrativeDivision rdf:resource='#A79956'/>
    <NS0:administrativeDivision rdf:resource='#A79960'/>
    <NS0:administrativeDivision rdf:resource='#A79964'/>
    <NS0:administrativeDivision rdf:resource='#A79968'/>
    <NS0:administrativeDivision rdf:resource='#A79972'/>
    <NS0:administrativeDivision rdf:resource='#A79976'/>
    <NS0:administrativeDivision rdf:resource='#A79980'/>
    <NS0:administrativeDivision rdf:resource='#A79984'/>
    <NS0:administrativeDivision rdf:resource='#A79988'/>
    <NS0:administrativeDivision rdf:resource='#A79992'/>
    <NS0:administrativeDivision rdf:resource='#A79996'/>
    <NS0:administrativeDivision rdf:resource='#A80000'/>
    <NS0:administrativeDivision rdf:resource='#A80004'/>
    <NS0:administrativeDivision rdf:resource='#A80008'/>
    <NS0:administrativeDivision rdf:resource='#A80012'/>
    <NS0:administrativeDivision rdf:resource='#A80016'/>
    <NS0:administrativeDivision rdf:resource='#A80020'/>
    <NS0:administrativeDivision rdf:resource='#A80024'/>
    <NS0:administrativeDivision rdf:resource='#A80028'/>
    <NS0:administrativeDivision rdf:resource='#A80032'/>
    <NS0:administrativeDivision rdf:resource='#A80036'/>
    <NS0:administrativeDivision rdf:resource='#A80040'/>
    <NS0:administrativeDivision rdf:resource='#A80044'/>
    <NS0:administrativeDivision rdf:resource='#A80048'/>
    <NS0:administrativeDivision rdf:resource='#A80052'/>
    <NS0:administrativeDivision rdf:resource='#A80056'/>
    <NS0:administrativeDivision rdf:resource='#A80060'/>
    <NS0:administrativeDivision rdf:resource='#A80064'/>
    <NS0:administrativeDivision rdf:resource='#A80068'/>
    <NS0:administrativeDivision rdf:resource='#A80072'/>
    <NS0:administrativeDivision rdf:resource='#A80076'/>
    <NS0:administrativeDivision rdf:resource='#A80080'/>
    <NS0:administrativeDivision rdf:resource='#A80084'/>
    <NS0:administrativeDivision rdf:resource='#A80088'/>
    <NS0:administrativeDivision rdf:resource='#A80092'/>
    <NS0:administrativeDivision rdf:resource='#A80096'/>
    <NS0:administrativeDivision rdf:resource='#A80100'/>
    <NS0:administrativeDivision rdf:resource='#A80104'/>
    <NS0:administrativeDivision rdf:resource='#A80108'/>
    <NS0:administrativeDivision rdf:resource='#A80112'/>
    <NS0:administrativeDivision rdf:resource='#A80116'/>
    <NS0:administrativeDivision rdf:resource='#A80120'/>
    <NS0:administrativeDivision rdf:resource='#A80124'/>
    <NS0:administrativeDivision rdf:resource='#A80128'/>
    <NS0:administrativeDivision rdf:resource='#A80132'/>
    <NS0:administrativeDivision rdf:resource='#A80136'/>
    <NS0:administrativeDivision rdf:resource='#A80140'/>
    <NS0:administrativeDivision rdf:resource='#A80144'/>
    <NS0:administrativeDivision rdf:resource='#A80148'/>
    <NS0:administrativeDivision rdf:resource='#A80152'/>
    <NS0:administrativeDivision rdf:resource='#A80156'/>
    <NS0:administrativeDivision rdf:resource='#A80160'/>
    <NS0:administrativeDivision rdf:resource='#A80164'/>
    <NS0:administrativeDivision rdf:resource='#A80168'/>
    <NS0:administrativeDivision rdf:resource='#A80172'/>
    <NS0:administrativeDivision rdf:resource='#A80176'/>
    <NS0:administrativeDivision rdf:resource='#A80180'/>
    <NS0:administrativeDivision rdf:resource='#A80184'/>
    <NS0:administrativeDivision rdf:resource='#A80188'/>
    <NS0:administrativeDivision rdf:resource='#A80192'/>
    <NS0:administrativeDivision rdf:resource='#A80196'/>
    <NS0:administrativeDivision rdf:resource='#A80200'/>
    <NS0:administrativeDivision rdf:resource='#A80204'/>
    <NS0:administrativeDivision rdf:resource='#A80208'/>
    <NS0:administrativeDivision rdf:resource='#A80212'/>
    <NS0:administrativeDivision rdf:resource='#A80216'/>
    <NS0:administrativeDivision rdf:resource='#A80220'/>
    <NS0:administrativeDivision rdf:resource='#A80224'/>
    <NS0:administrativeDivision rdf:resource='#A80228'/>
    <NS0:administrativeDivision rdf:resource='#A80232'/>
    <NS0:administrativeDivision rdf:resource='#A80236'/>
    <NS0:administrativeDivision rdf:resource='#A80240'/>
    <NS0:administrativeDivision rdf:resource='#A80244'/>
    <NS0:administrativeDivision rdf:resource='#A80248'/>
    <NS0:administrativeDivision rdf:resource='#A80252'/>
    <NS0:administrativeDivision rdf:resource='#A80256'/>
    <NS0:administrativeDivision rdf:resource='#A80260'/>
    <NS0:independence>26 September 1907 (from UK)</NS0:independence>
    <NS0:constitution>consists of a series of legal documents, including certain acts of the UK and New Zealand Parliaments and The Constitution Act 1986 which is the principal formal charter</NS0:constitution>
    <NS0:legalSystem>based on English law, with special land legislation and land courts for Maoris; accepts compulsory ICJ jurisdiction, with reservations</NS0:legalSystem>
    <NS0:suffrage>18 years of age; universal</NS0:suffrage>
    <NS0:participatesIn rdf:resource='http://www.daml.org/2001/12/factbook/internationalOrganizations#ABEDA'/>
    <NS0:participatesIn rdf:resource='http://www.daml.org/2001/12/factbook/internationalOrganizations#ANZUS'/>
    <NS0:participatesIn rdf:resource='http://www.daml.org/2001/12/factbook/internationalOrganizations#APEC'/>
    <NS0:participatesIn rdf:resource='http://www.daml.org/2001/12/factbook/internationalOrganizations#ARF'/>
    <NS0:participatesIn rdf:resource='http://www.daml.org/2001/12/factbook/internationalOrganizations#AsDB'/>
    <NS0:participatesIn rdf:resource='http://www.daml.org/2001/12/factbook/internationalOrganizations#ASEAN'/>
    <NS0:participatesIn rdf:resource='http://www.daml.org/2001/12/factbook/internationalOrganizations#Australia_Group'/>
    <NS0:participatesIn rdf:resource='http://www.daml.org/2001/12/factbook/internationalOrganizations#C'/>
    <NS0:participatesIn rdf:resource='http://www.daml.org/2001/12/factbook/internationalOrganizations#CCC'/>
    <NS0:participatesIn rdf:resource='http://www.daml.org/2001/12/factbook/internationalOrganizations#CP'/>
    <NS0:participatesIn rdf:resource='http://www.daml.org/2001/12/factbook/internationalOrganizations#EBRD'/>
    <NS0:participatesIn rdf:resource='http://www.daml.org/2001/12/factbook/internationalOrganizations#ESCAP'/>
    <NS0:participatesIn rdf:resource='http://www.daml.org/2001/12/factbook/internationalOrganizations#FAO'/>
    <NS0:participatesIn rdf:resource='http://www.daml.org/2001/12/factbook/internationalOrganizations#IAEA'/>
    <NS0:participatesIn rdf:resource='http://www.daml.org/2001/12/factbook/internationalOrganizations#IBRD'/>
    <NS0:participatesIn rdf:resource='http://www.daml.org/2001/12/factbook/internationalOrganizations#ICAO'/>
    <NS0:participatesIn rdf:resource='http://www.daml.org/2001/12/factbook/internationalOrganizations#ICFTU'/>
    <NS0:participatesIn rdf:resource='http://www.daml.org/2001/12/factbook/internationalOrganizations#ICRM'/>
    <NS0:participatesIn rdf:resource='http://www.daml.org/2001/12/factbook/internationalOrganizations#IDA'/>
    <NS0:participatesIn rdf:resource='http://www.daml.org/2001/12/factbook/internationalOrganizations#IEA'/>
    <NS0:participatesIn rdf:resource='http://www.daml.org/2001/12/factbook/internationalOrganizations#IFAD'/>
    <NS0:participatesIn rdf:resource='http://www.daml.org/2001/12/factbook/internationalOrganizations#IFC'/>
    <NS0:participatesIn rdf:resource='http://www.daml.org/2001/12/factbook/internationalOrganizations#IFRCS'/>
    <NS0:participatesIn rdf:resource='http://www.daml.org/2001/12/factbook/internationalOrganizations#IHO'/>
    <NS0:participatesIn rdf:resource='http://www.daml.org/2001/12/factbook/internationalOrganizations#ILO'/>
    <NS0:participatesIn rdf:resource='http://www.daml.org/2001/12/factbook/internationalOrganizations#IMF'/>
    <NS0:participatesIn rdf:resource='http://www.daml.org/2001/12/factbook/internationalOrganizations#IMO'/>
    <NS0:participatesIn rdf:resource='http://www.daml.org/2001/12/factbook/internationalOrganizations#Inmarsat'/>
    <NS0:participatesIn rdf:resource='http://www.daml.org/2001/12/factbook/internationalOrganizations#Intelsat'/>
    <NS0:participatesIn rdf:resource='http://www.daml.org/2001/12/factbook/internationalOrganizations#Interpol'/>
    <NS0:participatesIn rdf:resource='http://www.daml.org/2001/12/factbook/internationalOrganizations#IOC'/>
    <NS0:participatesIn rdf:resource='http://www.daml.org/2001/12/factbook/internationalOrganizations#IOM'/>
    <NS0:participatesIn rdf:resource='http://www.daml.org/2001/12/factbook/internationalOrganizations#ISO'/>
    <NS0:participatesIn rdf:resource='http://www.daml.org/2001/12/factbook/internationalOrganizations#ITU'/>
    <NS0:participatesIn rdf:resource='http://www.daml.org/2001/12/factbook/internationalOrganizations#NAM'/>
    <NS0:participatesIn rdf:resource='http://www.daml.org/2001/12/factbook/internationalOrganizations#NSG'/>
    <NS0:participatesIn rdf:resource='http://www.daml.org/2001/12/factbook/internationalOrganizations#OECD'/>
    <NS0:participatesIn rdf:resource='http://www.daml.org/2001/12/factbook/internationalOrganizations#OPCW'/>
    <NS0:participatesIn rdf:resource='http://www.daml.org/2001/12/factbook/internationalOrganizations#PCA'/>
    <NS0:participatesIn rdf:resource='http://www.daml.org/2001/12/factbook/internationalOrganizations#Sparteca'/>
    <NS0:participatesIn rdf:resource='http://www.daml.org/2001/12/factbook/internationalOrganizations#SPC'/>
    <NS0:participatesIn rdf:resource='http://www.daml.org/2001/12/factbook/internationalOrganizations#SPF'/>
    <NS0:participatesIn rdf:resource='http://www.daml.org/2001/12/factbook/internationalOrganizations#UN'/>
    <NS0:participatesIn rdf:resource='http://www.daml.org/2001/12/factbook/internationalOrganizations#UNAMSIL'/>
    <NS0:participatesIn rdf:resource='http://www.daml.org/2001/12/factbook/internationalOrganizations#UNCTAD'/>
    <NS0:participatesIn rdf:resource='http://www.daml.org/2001/12/factbook/internationalOrganizations#UNESCO'/>
    <NS0:participatesIn rdf:resource='http://www.daml.org/2001/12/factbook/internationalOrganizations#UNIDO'/>
    <NS0:participatesIn rdf:resource='http://www.daml.org/2001/12/factbook/internationalOrganizations#UNMIK'/>
    <NS0:participatesIn rdf:resource='http://www.daml.org/2001/12/factbook/internationalOrganizations#UNMOP'/>
    <NS0:participatesIn rdf:resource='http://www.daml.org/2001/12/factbook/internationalOrganizations#UNTAET'/>
    <NS0:participatesIn rdf:resource='http://www.daml.org/2001/12/factbook/internationalOrganizations#UNTSO'/>
    <NS0:participatesIn rdf:resource='http://www.daml.org/2001/12/factbook/internationalOrganizations#UPU'/>
    <NS0:participatesIn rdf:resource='http://www.daml.org/2001/12/factbook/internationalOrganizations#WFTU'/>
    <NS0:participatesIn rdf:resource='http://www.daml.org/2001/12/factbook/internationalOrganizations#WHO'/>
    <NS0:participatesIn rdf:resource='http://www.daml.org/2001/12/factbook/internationalOrganizations#WIPO'/>
    <NS0:participatesIn rdf:resource='http://www.daml.org/2001/12/factbook/internationalOrganizations#WMO'/>
    <NS0:participatesIn rdf:resource='http://www.daml.org/2001/12/factbook/internationalOrganizations#WTrO'/>
    <NS0:flagDescription>blue with the flag of the UK in the upper hoist-side quadrant with four red five-pointed stars edged in white centered in the outer half of the flag; the stars represent the Southern Cross constellation</NS0:flagDescription>
    <NS0:economyOverview>Since 1984 the government has accomplished major economic restructuring, moving an agrarian economy dependent on concessionary British market access toward a more industrialized, free market economy that can compete globally. This dynamic growth has boosted real incomes, broadened and deepened the technological capabilities of the industrial sector, and contained inflationary pressures. Inflation remains among the lowest in the industrial world. Per capita GDP has been moving up toward the levels of the big West European economies. New Zealand&apos;s heavy dependence on trade leaves its growth prospects vulnerable to economic performance in Asia, Europe, and the US. With the FY00/01 budget pushing up pension and other public outlays, the government&apos;s ability to meet fiscal targets will depend on sustained economic growth.</NS0:economyOverview>
    <NS0:grossDomesticProduct rdf:ID='A80327'>67599999999</NS0:grossDomesticProduct>
    <NS0:grossDomesticProductRealGrowth rdf:ID='A80330'>3.6</NS0:grossDomesticProductRealGrowth>
    <NS0:grossDomesticProductPerCapita rdf:ID='A80333'>17700</NS0:grossDomesticProductPerCapita>
    <NS0:grossDomesticProductAgriculture>8</NS0:grossDomesticProductAgriculture>
    <NS0:grossDomesticProductIndustry>23</NS0:grossDomesticProductIndustry>
    <NS0:grossDomesticProductServices rdf:ID='A80338'>69</NS0:grossDomesticProductServices>
    <NS0:householdIncomeLowest10Percent>0.3</NS0:householdIncomeLowest10Percent>
    <NS0:householdIncomeHighest10Percent rdf:ID='A80341'>29.8</NS0:householdIncomeHighest10Percent>
    <NS0:inflationRate rdf:ID='A80344'>2.4</NS0:inflationRate>
    <NS0:laborForce rdf:ID='A80347'>1880000</NS0:laborForce>
    <NS0:occupation rdf:resource='#A80349'/>
    <NS0:occupation rdf:resource='#A80354'/>
    <NS0:occupation rdf:ID='A80363' rdf:resource='#A80359'/>
    <NS0:unemploymentRate rdf:ID='A80365'>6.3</NS0:unemploymentRate>
    <NS0:budgetRevenues>19200000000</NS0:budgetRevenues>
    <NS0:budgetExpenditures>19200000000</NS0:budgetExpenditures>
    <NS0:industry rdf:resource='http://www.daml.org/2001/12/factbook/industries#food_processing'/>
    <NS0:industry rdf:resource='http://www.daml.org/2001/12/factbook/industries#wood_and_paper_products'/>
    <NS0:industry rdf:resource='http://www.daml.org/2001/12/factbook/industries#textiles'/>
    <NS0:industry rdf:resource='http://www.daml.org/2001/12/factbook/industries#machinery'/>
    <NS0:industry rdf:resource='http://www.daml.org/2001/12/factbook/industries#transportation_equipment'/>
    <NS0:industry rdf:resource='http://www.daml.org/2001/12/factbook/industries#banking_and_insurance'/>
    <NS0:industry rdf:resource='http://www.daml.org/2001/12/factbook/industries#tourism'/>
    <NS0:industry rdf:resource='http://www.daml.org/2001/12/factbook/industries#mining'/>
    <NS0:industrialProductionGrowthRate rdf:ID='A80378'>6.2</NS0:industrialProductionGrowthRate>
    <NS0:electricityProduction rdf:ID='A80380'>37952000000</NS0:electricityProduction>
    <NS0:electricityProductionFossilFuel>30.49</NS0:electricityProductionFossilFuel>
    <NS0:electricityProductionHydro>61.42</NS0:electricityProductionHydro>
    <NS0:electricityProductionNuclear>0</NS0:electricityProductionNuclear>
    <NS0:electricityProductionOther rdf:ID='A80385'>8.09</NS0:electricityProductionOther>
    <NS0:electricityConsumption rdf:ID='A80387'>35295000000</NS0:electricityConsumption>
    <NS0:electricityExports rdf:ID='A80389'>0</NS0:electricityExports>
    <NS0:electricityImports rdf:ID='A80391'>0</NS0:electricityImports>
    <NS0:agricultureProduct rdf:resource='http://www.daml.org/2001/12/factbook/agricultureProducts#wheat'/>
    <NS0:agricultureProduct rdf:resource='http://www.daml.org/2001/12/factbook/agricultureProducts#barley'/>
    <NS0:agricultureProduct rdf:resource='http://www.daml.org/2001/12/factbook/agricultureProducts#potatoes'/>
    <NS0:agricultureProduct rdf:resource='http://www.daml.org/2001/12/factbook/agricultureProducts#pulses'/>
    <NS0:agricultureProduct rdf:resource='http://www.daml.org/2001/12/factbook/agricultureProducts#fruits'/>
    <NS0:agricultureProduct rdf:resource='http://www.daml.org/2001/12/factbook/agricultureProducts#vegetables'/>
    <NS0:agricultureProduct rdf:resource='http://www.daml.org/2001/12/factbook/agricultureProducts#wool'/>
    <NS0:agricultureProduct rdf:resource='http://www.daml.org/2001/12/factbook/agricultureProducts#beef'/>
    <NS0:agricultureProduct rdf:resource='http://www.daml.org/2001/12/factbook/agricultureProducts#dairy_products'/>
    <NS0:agricultureProduct rdf:resource='http://www.daml.org/2001/12/factbook/agricultureProducts#fish'/>
    <NS0:exports rdf:ID='A80403'>14600000000</NS0:exports>
    <NS0:exportsCommodity rdf:resource='#A80406'/>
    <NS0:exportsCommodity rdf:resource='#A80410'/>
    <NS0:exportsCommodity rdf:resource='#A80414'/>
    <NS0:exportsCommodity rdf:resource='#A80418'/>
    <NS0:exportsCommodity rdf:resource='#A80422'/>
    <NS0:exportsCommodity rdf:resource='#A80426'/>
    <NS0:imports rdf:ID='A80430'>14300000000</NS0:imports>
    <NS0:importsCommodity rdf:resource='#A80433'/>
    <NS0:importsCommodity rdf:resource='#A80437'/>
    <NS0:importsCommodity rdf:resource='#A80441'/>
    <NS0:importsCommodity rdf:resource='#A80445'/>
    <NS0:importsCommodity rdf:resource='#A80449'/>
    <NS0:externalDebt rdf:ID='A80453'>30800000000</NS0:externalDebt>
    <NS0:currency>New Zealand dollar (NZD)</NS0:currency>
    <NS0:currencyCode>NZD</NS0:currencyCode>
    <NS0:fiscalYear>1 July - 30 June</NS0:fiscalYear>
    <NS0:mainTelephoneLines rdf:ID='A80459'>1840000</NS0:mainTelephoneLines>
    <NS0:mobileTelephoneLines rdf:ID='A80461'>588000</NS0:mobileTelephoneLines>
    <NS0:telephoneSystemGeneralAssessment>excellent domestic and international systems</NS0:telephoneSystemGeneralAssessment>
    <NS0:telephoneSystemDomestic>NA</NS0:telephoneSystemDomestic>
    <NS0:telephoneSystemInternational>submarine cables to Australia and Fiji; satellite earth stations - 2 Intelsat (Pacific Ocean)</NS0:telephoneSystemInternational>
    <NS0:radios rdf:ID='A80466'>3750000</NS0:radios>
    <NS0:televisions rdf:ID='A80468'>1926000</NS0:televisions>
    <NS0:internetCountryCode>.nz</NS0:internetCountryCode>
    <NS0:internetServiceProviders rdf:ID='A80471'>36</NS0:internetServiceProviders>
    <NS0:internetUsers rdf:ID='A80473'>1340000</NS0:internetUsers>
    <NS0:railwaysTotal>3913</NS0:railwaysTotal>
    <NS0:highwaysTotal>92200</NS0:highwaysTotal>
    <NS0:highwaysPaved rdf:ID='A80477'>53568</NS0:highwaysPaved>
    <NS0:highwaysUnpaved rdf:ID='A80479'>38632</NS0:highwaysUnpaved>
    <NS0:waterways>1609</NS0:waterways>
    <NS0:port rdf:resource='#A80482'/>
    <NS0:port rdf:resource='#A80486'/>
    <NS0:port rdf:resource='#A80490'/>
    <NS0:port rdf:resource='#A80494'/>
    <NS0:port rdf:resource='#A80498'/>
    <NS0:airports rdf:ID='A80502'>111</NS0:airports>
    <NS0:airportBreakdown rdf:resource='#A80505'/>
    <NS0:airportBreakdown rdf:resource='#A80511'/>
    <NS0:airportBreakdown rdf:resource='#A80518'/>
    <NS0:airportBreakdown rdf:resource='#A80525'/>
    <NS0:airportBreakdown rdf:resource='#A80532'/>
    <NS0:airportBreakdown rdf:resource='#A80538'/>
    <NS0:airportBreakdown rdf:resource='#A80545'/>
    <NS0:airportBreakdown rdf:resource='#A80552'/>
    <NS0:militaryAge>20</NS0:militaryAge>
    <NS0:malesOfMilitaryAge rdf:ID='A80559'>1000102</NS0:malesOfMilitaryAge>
    <NS0:malesFitForMilitaryService rdf:ID='A80562'>841915</NS0:malesFitForMilitaryService>
    <NS0:malesReachingMilitaryAgeAnnually rdf:ID='A80565'>26480</NS0:malesReachingMilitaryAgeAnnually>
    <NS0:militaryExpenditures rdf:ID='A80568'>883000000</NS0:militaryExpenditures>
    <NS0:militaryExpendituresPercentGDP rdf:ID='A80570'>1.1</NS0:militaryExpendituresPercentGDP>
    <NS0:internationalDispute>territorial claim in Antarctica</NS0:internationalDispute>
    <NS0:smallFlag>http://www.cia.gov/cia/publications/factbook/flags/nz-flag.jpg</NS0:smallFlag>
    <NS0:largeFlag>http://www.cia.gov/cia/publications/factbook/flags/nz-lgflag.jpg</NS0:largeFlag>
    <NS0:map>http://www.cia.gov/cia/publications/factbook/maps/nz-map.jpg</NS0:map>
    <NS0:exportPartner rdf:resource='#A127015'/>
    <NS0:exportPartner rdf:resource='#A127020'/>
    <NS0:exportPartner rdf:resource='#A127025'/>
    <NS0:exportPartner rdf:ID='A127034' rdf:resource='#A127030'/>
    <NS0:importPartner rdf:resource='#A127036'/>
    <NS0:importPartner rdf:resource='#A127041'/>
    <NS0:importPartner rdf:resource='#A127046'/>
    <NS0:importPartner rdf:ID='A127055' rdf:resource='#A127051'/>
    <NS0:dependentArea rdf:resource='http://www.daml.org/2001/09/countries/fips#CW'/>
    <NS0:dependentArea rdf:resource='http://www.daml.org/2001/09/countries/fips#NE'/>
    <NS0:dependentArea rdf:resource='http://www.daml.org/2001/09/countries/fips#TL'/>
    <NS0:exportPartner rdf:resource='#A127314'/>
    <NS0:exportPartner rdf:resource='#A127319'/>
    <NS0:exportPartner rdf:resource='#A127324'/>
    <NS0:exportPartner rdf:ID='A127333' rdf:resource='#A127329'/>
    <NS0:importPartner rdf:resource='#A127335'/>
    <NS0:importPartner rdf:resource='#A127340'/>
    <NS0:importPartner rdf:resource='#A127345'/>
    <NS0:importPartner rdf:ID='A127354' rdf:resource='#A127350'/>
  </rdf:Description>
  <rdf:Description rdf:about='#A80562'>
    <rdf:type rdf:resource='http://www.daml.org/2001/12/factbook/factbook-ont#Estimate'/>
    <NS0:year>2001</NS0:year>
  </rdf:Description>
  <rdf:Description rdf:about='#A80437'>
    <rdf:type rdf:resource='http://www.daml.org/2001/12/factbook/factbook-ont#CommodityPercent'/>
    <NS0:importsCommodity rdf:resource='http://www.daml.org/2001/12/factbook/commodities#vehicles_and_aircraft'/>
  </rdf:Description>
  <rdf:Description rdf:about='#A80052'>
    <rdf:type rdf:resource='#District'/>
    <NS0:name>Otorohanga</NS0:name>
  </rdf:Description>
  <rdf:Description rdf:about='#A80433'>
    <rdf:type rdf:resource='http://www.daml.org/2001/12/factbook/factbook-ont#CommodityPercent'/>
    <NS0:importsCommodity rdf:resource='http://www.daml.org/2001/12/factbook/commodities#machinery_and_equipment'/>
  </rdf:Description>
  <rdf:Description rdf:about='#A80048'>
    <rdf:type rdf:resource='#County'/>
    <NS0:name>Otamatea</NS0:name>
  </rdf:Description>
</rdf:RDF>
