<?xml version='1.0' encoding='ISO-8859-1'?>
<rdf:RDF
  xmlns:rdf='http://www.w3.org/1999/02/22-rdf-syntax-ns#'
  xmlns:NS0='http://www.daml.org/2001/12/factbook/factbook-ont#'
  xmlns:rdfs='http://www.w3.org/2000/01/rdf-schema#'
  xml:base="http://www.daml.org/2001/12/factbook/po">
  <rdf:Description rdf:about='#A84241'>
    <NS0:year>1997</NS0:year>
  </rdf:Description>
  <rdf:Description rdf:about='#A84224'>
    <rdf:type rdf:resource='http://www.daml.org/2001/12/factbook/factbook-ont#CommodityPercent'/>
    <NS0:importsCommodity rdf:resource='http://www.daml.org/2001/12/factbook/commodities#agricultural_products'/>
  </rdf:Description>
  <rdf:Description rdf:about='#A84220'>
    <rdf:type rdf:resource='http://www.daml.org/2001/12/factbook/factbook-ont#CommodityPercent'/>
    <NS0:importsCommodity rdf:resource='http://www.daml.org/2001/12/factbook/commodities#textiles'/>
  </rdf:Description>
  <rdf:Description rdf:about='#A84250'>
    <NS0:year>2000</NS0:year>
  </rdf:Description>
  <rdf:Description rdf:about='#A84159'>
    <NS0:year>1999</NS0:year>
  </rdf:Description>
  <rdf:Description rdf:about='#A84216'>
    <rdf:type rdf:resource='http://www.daml.org/2001/12/factbook/factbook-ont#CommodityPercent'/>
    <NS0:importsCommodity rdf:resource='http://www.daml.org/2001/12/factbook/commodities#petroleum'/>
  </rdf:Description>
  <rdf:Description rdf:about='#A84236'>
    <NS0:year>1999</NS0:year>
  </rdf:Description>
  <rdf:Description rdf:about='#A84212'>
    <rdf:type rdf:resource='http://www.daml.org/2001/12/factbook/factbook-ont#CommodityPercent'/>
    <NS0:importsCommodity rdf:resource='http://www.daml.org/2001/12/factbook/commodities#chemicals'/>
  </rdf:Description>
  <rdf:Description rdf:about='#A84021'>
    <rdf:type rdf:resource='#District'/>
    <NS0:name>Viseu</NS0:name>
  </rdf:Description>
  <rdf:Description rdf:about='#A84243'>
    <NS0:note>plus 166 repeaters</NS0:note>
  </rdf:Description>
  <rdf:Description rdf:about='#A84208'>
    <rdf:type rdf:resource='http://www.daml.org/2001/12/factbook/factbook-ont#CommodityPercent'/>
    <NS0:importsCommodity rdf:resource='http://www.daml.org/2001/12/factbook/commodities#machinery_and_transport_equipment'/>
  </rdf:Description>
  <rdf:Description rdf:about='#A84017'>
    <rdf:type rdf:resource='#District'/>
    <NS0:name>Vila Real</NS0:name>
  </rdf:Description>
  <rdf:Description rdf:about='#A84299'>
    <rdf:type rdf:resource='http://www.daml.org/2001/12/factbook/factbook-ont#Estimate'/>
    <NS0:year>2000</NS0:year>
  </rdf:Description>
  <rdf:Description rdf:about='#A84360'>
    <NS0:note>FY97</NS0:note>
  </rdf:Description>
  <rdf:Description rdf:about='#A84013'>
    <rdf:type rdf:resource='#District'/>
    <NS0:name>Viana do Castelo</NS0:name>
  </rdf:Description>
  <rdf:Description rdf:about='http://www.daml.org/2001/09/countries/fips#PO'>
    <NS0:background>Following its heyday as a world power during the 15th and 16th centuries, Portugal lost much of its wealth and status with the destruction of Lisbon in a 1755 earthquake, occupation during the Napoleonic Wars, and the independence in 1822 of Brazil as a colony. A 1910 revolution deposed the monarchy; for most of the next six decades repressive governments ran the country. In 1974, a left-wing military coup installed broad democratic reforms. The following year Portugal granted independence to all of its African colonies. Portugal entered the EC in 1985.</NS0:background>
    <NS0:location>Southwestern Europe, bordering the North Atlantic Ocean, west of Spain</NS0:location>
    <NS0:geographicCoordinates rdf:resource='#A83790'/>
    <NS0:mapReferences>Europe</NS0:mapReferences>
    <NS0:totalArea>92391</NS0:totalArea>
    <NS0:landArea>91951</NS0:landArea>
    <NS0:waterArea>440</NS0:waterArea>
    <NS0:comparativeArea>slightly smaller than Indiana</NS0:comparativeArea>
    <NS0:landBoundaries>1214</NS0:landBoundaries>
    <NS0:coastline>1793</NS0:coastline>
    <NS0:contiguousZone>24</NS0:contiguousZone>
    <NS0:exclusiveEconomicZone>200</NS0:exclusiveEconomicZone>
    <NS0:territorialSea>12</NS0:territorialSea>
    <NS0:climate>maritime temperate; cool and rainy in north, warmer and drier in south</NS0:climate>
    <NS0:terrain>mountainous north of the Tagus River, rolling plains in south</NS0:terrain>
    <NS0:lowestPoint rdf:resource='#A83807'/>
    <NS0:highestPoint rdf:resource='#A83812'/>
    <NS0:naturalResource rdf:resource='http://www.daml.org/2001/12/factbook/naturalResources#fish'/>
    <NS0:naturalResource rdf:resource='http://www.daml.org/2001/12/factbook/naturalResources#forests'/>
    <NS0:naturalResource rdf:resource='http://www.daml.org/2001/12/factbook/naturalResources#tungsten'/>
    <NS0:naturalResource rdf:resource='http://www.daml.org/2001/12/factbook/naturalResources#iron_ore'/>
    <NS0:naturalResource rdf:resource='http://www.daml.org/2001/12/factbook/naturalResources#uranium_ore'/>
    <NS0:naturalResource rdf:resource='http://www.daml.org/2001/12/factbook/naturalResources#marble'/>
    <NS0:naturalResource rdf:resource='http://www.daml.org/2001/12/factbook/naturalResources#arable_land'/>
    <NS0:naturalResource rdf:resource='http://www.daml.org/2001/12/factbook/naturalResources#hydro_power'/>
    <NS0:arableLand>26</NS0:arableLand>
    <NS0:permanentCrops>9</NS0:permanentCrops>
    <NS0:permanentPastures>9</NS0:permanentPastures>
    <NS0:forestsAndWoodland>36</NS0:forestsAndWoodland>
    <NS0:otherLandUse rdf:ID='A83829'>20</NS0:otherLandUse>
    <NS0:irrigatedLand rdf:ID='A83832'>6300</NS0:irrigatedLand>
    <NS0:naturalHazard>Azores subject to severe earthquakes</NS0:naturalHazard>
    <NS0:environmentalIssue>soil erosion</NS0:environmentalIssue>
    <NS0:environmentalIssue>air pollution caused by industrial and vehicle emissions</NS0:environmentalIssue>
    <NS0:environmentalIssue>water pollution, especially in coastal areas</NS0:environmentalIssue>
    <NS0:environmentalAgreementPartyTo rdf:resource='http://www.daml.org/2001/12/factbook/environmentalAgreements#Air_Pollution'/>
    <NS0:environmentalAgreementPartyTo rdf:resource='http://www.daml.org/2001/12/factbook/environmentalAgreements#Biodiversity'/>
    <NS0:environmentalAgreementPartyTo rdf:resource='http://www.daml.org/2001/12/factbook/environmentalAgreements#Climate_Change'/>
    <NS0:environmentalAgreementPartyTo rdf:resource='http://www.daml.org/2001/12/factbook/environmentalAgreements#Desertification'/>
    <NS0:environmentalAgreementPartyTo rdf:resource='http://www.daml.org/2001/12/factbook/environmentalAgreements#Endangered_Species'/>
    <NS0:environmentalAgreementPartyTo rdf:resource='http://www.daml.org/2001/12/factbook/environmentalAgreements#Hazardous_Wastes'/>
    <NS0:environmentalAgreementPartyTo rdf:resource='http://www.daml.org/2001/12/factbook/environmentalAgreements#Law_of_the_Sea'/>
    <NS0:environmentalAgreementPartyTo rdf:resource='http://www.daml.org/2001/12/factbook/environmentalAgreements#Marine_Dumping'/>
    <NS0:environmentalAgreementPartyTo rdf:resource='http://www.daml.org/2001/12/factbook/environmentalAgreements#Marine_Life_Conservation'/>
    <NS0:environmentalAgreementPartyTo rdf:resource='http://www.daml.org/2001/12/factbook/environmentalAgreements#Ozone_Layer_Protection'/>
    <NS0:environmentalAgreementPartyTo rdf:resource='http://www.daml.org/2001/12/factbook/environmentalAgreements#Ship_Pollution'/>
    <NS0:environmentalAgreementPartyTo rdf:resource='http://www.daml.org/2001/12/factbook/environmentalAgreements#Tropical_Timber_83'/>
    <NS0:environmentalAgreementPartyTo rdf:resource='http://www.daml.org/2001/12/factbook/environmentalAgreements#Tropical_Timber_94'/>
    <NS0:environmentalAgreementPartyTo rdf:resource='http://www.daml.org/2001/12/factbook/environmentalAgreements#Wetlands'/>
    <NS0:environmentalAgreementSigned rdf:resource='http://www.daml.org/2001/12/factbook/environmentalAgreements#Air_Pollution-Persistent_Organic_Pollutants'/>
    <NS0:environmentalAgreementSigned rdf:resource='http://www.daml.org/2001/12/factbook/environmentalAgreements#Air_Pollution-Volatile_Organic_Compounds'/>
    <NS0:environmentalAgreementSigned rdf:resource='http://www.daml.org/2001/12/factbook/environmentalAgreements#Climate_Change-Kyoto_Protocol'/>
    <NS0:environmentalAgreementSigned rdf:resource='http://www.daml.org/2001/12/factbook/environmentalAgreements#Environmental_Modification'/>
    <NS0:environmentalAgreementSigned rdf:resource='http://www.daml.org/2001/12/factbook/environmentalAgreements#Nuclear_Test_Ban'/>
    <NS0:population rdf:ID='A83858'>10066253</NS0:population>
    <NS0:populationGrowthRate rdf:ID='A83861'>0.18</NS0:populationGrowthRate>
    <NS0:birthRate rdf:ID='A83864'>11.51</NS0:birthRate>
    <NS0:deathRate rdf:ID='A83867'>10.21</NS0:deathRate>
    <NS0:netMigrationRate rdf:ID='A83870'>0.5</NS0:netMigrationRate>
    <NS0:sexRatio rdf:resource='#A83873'/>
    <NS0:sexRatio rdf:resource='#A83879'/>
    <NS0:sexRatio rdf:resource='#A83885'/>
    <NS0:sexRatio rdf:resource='#A83891'/>
    <NS0:sexRatio rdf:ID='A83899' rdf:resource='#A83896'/>
    <NS0:infantMortalityRate rdf:ID='A83902'>5.94</NS0:infantMortalityRate>
    <NS0:totalFertilityRate rdf:ID='A83905'>1.48</NS0:totalFertilityRate>
    <NS0:nationalityNoun>Portuguese (singular and plural)</NS0:nationalityNoun>
    <NS0:nationalityAdjective>Portuguese</NS0:nationalityAdjective>
    <NS0:ethnicGroup rdf:resource='#A83910'/>
    <NS0:religion rdf:resource='#A83914'/>
    <NS0:religion rdf:ID='A83922' rdf:resource='#A83919'/>
    <NS0:language rdf:resource='#A83924'/>
    <NS0:literacyDefinition>age 15 and over can read and write</NS0:literacyDefinition>
    <NS0:literacyTotal>87.4</NS0:literacyTotal>
    <NS0:conventionalLongCountryName>Portuguese Republic</NS0:conventionalLongCountryName>
    <NS0:conventionalShortCountryName>Portugal</NS0:conventionalShortCountryName>
    <NS0:localLongCountryName>Republica Portuguesa</NS0:localLongCountryName>
    <NS0:localShortCountryName>Portugal</NS0:localShortCountryName>
    <NS0:governmentType rdf:resource='http://www.daml.org/2001/12/factbook/governmentTypes#parliamentary_democracy'/>
    <NS0:capital rdf:resource='#A83935'/>
    <NS0:administrativeDivision rdf:resource='#A83945'/>
    <NS0:administrativeDivision rdf:resource='#A83949'/>
    <NS0:administrativeDivision rdf:resource='#A83953'/>
    <NS0:administrativeDivision rdf:resource='#A83957'/>
    <NS0:administrativeDivision rdf:resource='#A83961'/>
    <NS0:administrativeDivision rdf:resource='#A83965'/>
    <NS0:administrativeDivision rdf:resource='#A83969'/>
    <NS0:administrativeDivision rdf:resource='#A83973'/>
    <NS0:administrativeDivision rdf:resource='#A83977'/>
    <NS0:administrativeDivision rdf:resource='#A83981'/>
    <NS0:administrativeDivision rdf:resource='#A83985'/>
    <NS0:administrativeDivision rdf:resource='#A83989'/>
    <NS0:administrativeDivision rdf:resource='#A83993'/>
    <NS0:administrativeDivision rdf:resource='#A83997'/>
    <NS0:administrativeDivision rdf:resource='#A84001'/>
    <NS0:administrativeDivision rdf:resource='#A84005'/>
    <NS0:administrativeDivision rdf:resource='#A84009'/>
    <NS0:administrativeDivision rdf:resource='#A84013'/>
    <NS0:administrativeDivision rdf:resource='#A84017'/>
    <NS0:administrativeDivision rdf:resource='#A84021'/>
    <NS0:independence>1140 (independent republic proclaimed 5 October 1910)</NS0:independence>
    <NS0:constitution>25 April 1976, revised 30 October 1982, 1 June 1989, 5 November 1992, and 3 September 1997</NS0:constitution>
    <NS0:legalSystem>civil law system; the Constitutional Tribunal reviews the constitutionality of legislation; accepts compulsory ICJ jurisdiction, with reservations</NS0:legalSystem>
    <NS0:suffrage>18 years of age; universal</NS0:suffrage>
    <NS0:participatesIn rdf:resource='http://www.daml.org/2001/12/factbook/internationalOrganizations#AfDB'/>
    <NS0:participatesIn rdf:resource='http://www.daml.org/2001/12/factbook/internationalOrganizations#Australia_Group'/>
    <NS0:participatesIn rdf:resource='http://www.daml.org/2001/12/factbook/internationalOrganizations#BIS'/>
    <NS0:participatesIn rdf:resource='http://www.daml.org/2001/12/factbook/internationalOrganizations#CCC'/>
    <NS0:participatesIn rdf:resource='http://www.daml.org/2001/12/factbook/internationalOrganizations#CE'/>
    <NS0:participatesIn rdf:resource='http://www.daml.org/2001/12/factbook/internationalOrganizations#CERN'/>
    <NS0:participatesIn rdf:resource='http://www.daml.org/2001/12/factbook/internationalOrganizations#EAPC'/>
    <NS0:participatesIn rdf:resource='http://www.daml.org/2001/12/factbook/internationalOrganizations#EBRD'/>
    <NS0:participatesIn rdf:resource='http://www.daml.org/2001/12/factbook/internationalOrganizations#ECE'/>
    <NS0:participatesIn rdf:resource='http://www.daml.org/2001/12/factbook/internationalOrganizations#ECLAC'/>
    <NS0:participatesIn rdf:resource='http://www.daml.org/2001/12/factbook/internationalOrganizations#EIB'/>
    <NS0:participatesIn rdf:resource='http://www.daml.org/2001/12/factbook/internationalOrganizations#EMU'/>
    <NS0:participatesIn rdf:resource='http://www.daml.org/2001/12/factbook/internationalOrganizations#ESA'/>
    <NS0:participatesIn rdf:resource='http://www.daml.org/2001/12/factbook/internationalOrganizations#EU'/>
    <NS0:participatesIn rdf:resource='http://www.daml.org/2001/12/factbook/internationalOrganizations#FAO'/>
    <NS0:participatesIn rdf:resource='http://www.daml.org/2001/12/factbook/internationalOrganizations#IADB'/>
    <NS0:participatesIn rdf:resource='http://www.daml.org/2001/12/factbook/internationalOrganizations#IAEA'/>
    <NS0:participatesIn rdf:resource='http://www.daml.org/2001/12/factbook/internationalOrganizations#IBRD'/>
    <NS0:participatesIn rdf:resource='http://www.daml.org/2001/12/factbook/internationalOrganizations#ICAO'/>
    <NS0:participatesIn rdf:resource='http://www.daml.org/2001/12/factbook/internationalOrganizations#ICC'/>
    <NS0:participatesIn rdf:resource='http://www.daml.org/2001/12/factbook/internationalOrganizations#ICFTU'/>
    <NS0:participatesIn rdf:resource='http://www.daml.org/2001/12/factbook/internationalOrganizations#ICRM'/>
    <NS0:participatesIn rdf:resource='http://www.daml.org/2001/12/factbook/internationalOrganizations#IDA'/>
    <NS0:participatesIn rdf:resource='http://www.daml.org/2001/12/factbook/internationalOrganizations#IEA'/>
    <NS0:participatesIn rdf:resource='http://www.daml.org/2001/12/factbook/internationalOrganizations#IFAD'/>
    <NS0:participatesIn rdf:resource='http://www.daml.org/2001/12/factbook/internationalOrganizations#IFC'/>
    <NS0:participatesIn rdf:resource='http://www.daml.org/2001/12/factbook/internationalOrganizations#IFRCS'/>
    <NS0:participatesIn rdf:resource='http://www.daml.org/2001/12/factbook/internationalOrganizations#IHO'/>
    <NS0:participatesIn rdf:resource='http://www.daml.org/2001/12/factbook/internationalOrganizations#ILO'/>
    <NS0:participatesIn rdf:resource='http://www.daml.org/2001/12/factbook/internationalOrganizations#IMF'/>
    <NS0:participatesIn rdf:resource='http://www.daml.org/2001/12/factbook/internationalOrganizations#IMO'/>
    <NS0:participatesIn rdf:resource='http://www.daml.org/2001/12/factbook/internationalOrganizations#Inmarsat'/>
    <NS0:participatesIn rdf:resource='http://www.daml.org/2001/12/factbook/internationalOrganizations#Intelsat'/>
    <NS0:participatesIn rdf:resource='http://www.daml.org/2001/12/factbook/internationalOrganizations#Interpol'/>
    <NS0:participatesIn rdf:resource='http://www.daml.org/2001/12/factbook/internationalOrganizations#IOC'/>
    <NS0:participatesIn rdf:resource='http://www.daml.org/2001/12/factbook/internationalOrganizations#IOM'/>
    <NS0:participatesIn rdf:resource='http://www.daml.org/2001/12/factbook/internationalOrganizations#ISO'/>
    <NS0:participatesIn rdf:resource='http://www.daml.org/2001/12/factbook/internationalOrganizations#ITU'/>
    <NS0:participatesIn rdf:resource='http://www.daml.org/2001/12/factbook/internationalOrganizations#LAIA'/>
    <NS0:participatesIn rdf:resource='http://www.daml.org/2001/12/factbook/internationalOrganizations#MINURSO'/>
    <NS0:participatesIn rdf:resource='http://www.daml.org/2001/12/factbook/internationalOrganizations#NAM'/>
    <NS0:participatesIn rdf:resource='http://www.daml.org/2001/12/factbook/internationalOrganizations#NATO'/>
    <NS0:participatesIn rdf:resource='http://www.daml.org/2001/12/factbook/internationalOrganizations#NEA'/>
    <NS0:participatesIn rdf:resource='http://www.daml.org/2001/12/factbook/internationalOrganizations#NSG'/>
    <NS0:participatesIn rdf:resource='http://www.daml.org/2001/12/factbook/internationalOrganizations#OAS'/>
    <NS0:participatesIn rdf:resource='http://www.daml.org/2001/12/factbook/internationalOrganizations#OECD'/>
    <NS0:participatesIn rdf:resource='http://www.daml.org/2001/12/factbook/internationalOrganizations#OPCW'/>
    <NS0:participatesIn rdf:resource='http://www.daml.org/2001/12/factbook/internationalOrganizations#OSCE'/>
    <NS0:participatesIn rdf:resource='http://www.daml.org/2001/12/factbook/internationalOrganizations#PCA'/>
    <NS0:participatesIn rdf:resource='http://www.daml.org/2001/12/factbook/internationalOrganizations#UN'/>
    <NS0:participatesIn rdf:resource='http://www.daml.org/2001/12/factbook/internationalOrganizations#UNCTAD'/>
    <NS0:participatesIn rdf:resource='http://www.daml.org/2001/12/factbook/internationalOrganizations#UNESCO'/>
    <NS0:participatesIn rdf:resource='http://www.daml.org/2001/12/factbook/internationalOrganizations#UNIDO'/>
    <NS0:participatesIn rdf:resource='http://www.daml.org/2001/12/factbook/internationalOrganizations#UNMIBH'/>
    <NS0:participatesIn rdf:resource='http://www.daml.org/2001/12/factbook/internationalOrganizations#UNMIK'/>
    <NS0:participatesIn rdf:resource='http://www.daml.org/2001/12/factbook/internationalOrganizations#UNMOP'/>
    <NS0:participatesIn rdf:resource='http://www.daml.org/2001/12/factbook/internationalOrganizations#UNTAET'/>
    <NS0:participatesIn rdf:resource='http://www.daml.org/2001/12/factbook/internationalOrganizations#UPU'/>
    <NS0:participatesIn rdf:resource='http://www.daml.org/2001/12/factbook/internationalOrganizations#WCL'/>
    <NS0:participatesIn rdf:resource='http://www.daml.org/2001/12/factbook/internationalOrganizations#WEU'/>
    <NS0:participatesIn rdf:resource='http://www.daml.org/2001/12/factbook/internationalOrganizations#WFTU'/>
    <NS0:participatesIn rdf:resource='http://www.daml.org/2001/12/factbook/internationalOrganizations#WHO'/>
    <NS0:participatesIn rdf:resource='http://www.daml.org/2001/12/factbook/internationalOrganizations#WIPO'/>
    <NS0:participatesIn rdf:resource='http://www.daml.org/2001/12/factbook/internationalOrganizations#WMO'/>
    <NS0:participatesIn rdf:resource='http://www.daml.org/2001/12/factbook/internationalOrganizations#WToO'/>
    <NS0:participatesIn rdf:resource='http://www.daml.org/2001/12/factbook/internationalOrganizations#WTrO'/>
    <NS0:participatesIn rdf:resource='http://www.daml.org/2001/12/factbook/internationalOrganizations#ZC'/>
    <NS0:flagDescription>two vertical bands of green (hoist side, two-fifths) and red (three-fifths) with the Portuguese coat of arms centered on the dividing line</NS0:flagDescription>
    <NS0:economyOverview>Portugal is an upcoming capitalist economy with a per capita GDP two-thirds that of the four big West European economies. The country qualified for the European Monetary Union (EMU) in 1998 and joined with 10 other European countries in launching the euro on 1 January 1999. The year 2000 was marked by moderation in growth, inflation, and unemployment. The country continues to run a sizable trade deficit. The government is working to reform the tax system, to modernize capital plant, and to increase the country&apos;s competitiveness in the increasingly integrated world markets. Growth is expected to fall off slightly in 2001. Improvement in the education sector is critical to the long-run catch-up process.</NS0:economyOverview>
    <NS0:grossDomesticProduct rdf:ID='A84098'>159000000000</NS0:grossDomesticProduct>
    <NS0:grossDomesticProductRealGrowth rdf:ID='A84101'>2.7</NS0:grossDomesticProductRealGrowth>
    <NS0:grossDomesticProductPerCapita rdf:ID='A84104'>15800</NS0:grossDomesticProductPerCapita>
    <NS0:grossDomesticProductAgriculture>4</NS0:grossDomesticProductAgriculture>
    <NS0:grossDomesticProductIndustry>36</NS0:grossDomesticProductIndustry>
    <NS0:grossDomesticProductServices rdf:ID='A84109'>60</NS0:grossDomesticProductServices>
    <NS0:householdIncomeLowest10Percent>3.1</NS0:householdIncomeLowest10Percent>
    <NS0:householdIncomeHighest10Percent rdf:ID='A84113'>28.4</NS0:householdIncomeHighest10Percent>
    <NS0:inflationRate rdf:ID='A84116'>2.8</NS0:inflationRate>
    <NS0:laborForce rdf:ID='A84119'>5000000</NS0:laborForce>
    <NS0:occupation rdf:resource='#A84121'/>
    <NS0:occupation rdf:resource='#A84126'/>
    <NS0:occupation rdf:ID='A84135' rdf:resource='#A84131'/>
    <NS0:unemploymentRate rdf:ID='A84138'>4.3</NS0:unemploymentRate>
    <NS0:budgetRevenues>48600000000</NS0:budgetRevenues>
    <NS0:budgetExpenditures>50700000000</NS0:budgetExpenditures>
    <NS0:budgetCapitalExpenditures rdf:ID='A84143'>7700000000</NS0:budgetCapitalExpenditures>
    <NS0:industry rdf:resource='http://www.daml.org/2001/12/factbook/industries#textiles_and_footwear'/>
    <NS0:industry rdf:resource='http://www.daml.org/2001/12/factbook/industries#wood_pulp'/>
    <NS0:industry rdf:resource='http://www.daml.org/2001/12/factbook/industries#paper'/>
    <NS0:industry rdf:resource='http://www.daml.org/2001/12/factbook/industries#and_cork'/>
    <NS0:industry rdf:resource='http://www.daml.org/2001/12/factbook/industries#metalworking'/>
    <NS0:industry rdf:resource='http://www.daml.org/2001/12/factbook/industries#oil_refining'/>
    <NS0:industry rdf:resource='http://www.daml.org/2001/12/factbook/industries#chemicals'/>
    <NS0:industry rdf:resource='http://www.daml.org/2001/12/factbook/industries#fish_canning'/>
    <NS0:industry rdf:resource='http://www.daml.org/2001/12/factbook/industries#wine'/>
    <NS0:industry rdf:resource='http://www.daml.org/2001/12/factbook/industries#tourism'/>
    <NS0:industrialProductionGrowthRate rdf:ID='A84156'>2.9</NS0:industrialProductionGrowthRate>
    <NS0:electricityProduction rdf:ID='A84159'>41696000000</NS0:electricityProduction>
    <NS0:electricityProductionFossilFuel>79.97</NS0:electricityProductionFossilFuel>
    <NS0:electricityProductionHydro>17.25</NS0:electricityProductionHydro>
    <NS0:electricityProductionNuclear>0</NS0:electricityProductionNuclear>
    <NS0:electricityProductionOther rdf:ID='A84164'>2.78</NS0:electricityProductionOther>
    <NS0:electricityConsumption rdf:ID='A84166'>37915000000</NS0:electricityConsumption>
    <NS0:electricityExports rdf:ID='A84168'>4490000000</NS0:electricityExports>
    <NS0:electricityImports rdf:ID='A84170'>3628000000</NS0:electricityImports>
    <NS0:agricultureProduct rdf:resource='http://www.daml.org/2001/12/factbook/agricultureProducts#grain'/>
    <NS0:agricultureProduct rdf:resource='http://www.daml.org/2001/12/factbook/agricultureProducts#potatoes'/>
    <NS0:agricultureProduct rdf:resource='http://www.daml.org/2001/12/factbook/agricultureProducts#olives'/>
    <NS0:agricultureProduct rdf:resource='http://www.daml.org/2001/12/factbook/agricultureProducts#grapes'/>
    <NS0:agricultureProduct rdf:resource='http://www.daml.org/2001/12/factbook/agricultureProducts#sheep'/>
    <NS0:agricultureProduct rdf:resource='http://www.daml.org/2001/12/factbook/agricultureProducts#cattle'/>
    <NS0:agricultureProduct rdf:resource='http://www.daml.org/2001/12/factbook/agricultureProducts#goats'/>
    <NS0:agricultureProduct rdf:resource='http://www.daml.org/2001/12/factbook/agricultureProducts#poultry'/>
    <NS0:agricultureProduct rdf:resource='http://www.daml.org/2001/12/factbook/agricultureProducts#beef'/>
    <NS0:agricultureProduct rdf:resource='http://www.daml.org/2001/12/factbook/agricultureProducts#dairy_products'/>
    <NS0:exports rdf:ID='A84182'>26100000000</NS0:exports>
    <NS0:exportsCommodity rdf:resource='#A84185'/>
    <NS0:exportsCommodity rdf:resource='#A84189'/>
    <NS0:exportsCommodity rdf:resource='#A84193'/>
    <NS0:exportsCommodity rdf:resource='#A84197'/>
    <NS0:exportsCommodity rdf:resource='#A84201'/>
    <NS0:imports rdf:ID='A84205'>41000000000</NS0:imports>
    <NS0:importsCommodity rdf:resource='#A84208'/>
    <NS0:importsCommodity rdf:resource='#A84212'/>
    <NS0:importsCommodity rdf:resource='#A84216'/>
    <NS0:importsCommodity rdf:resource='#A84220'/>
    <NS0:importsCommodity rdf:resource='#A84224'/>
    <NS0:externalDebt rdf:ID='A84228'>13100000000</NS0:externalDebt>
    <NS0:currency>Portuguese escudo (PTE); euro (EUR)</NS0:currency>
    <NS0:currencyCode>PTE; EUR</NS0:currencyCode>
    <NS0:fiscalYear>calendar year</NS0:fiscalYear>
    <NS0:mainTelephoneLines rdf:ID='A84234'>5300000</NS0:mainTelephoneLines>
    <NS0:mobileTelephoneLines rdf:ID='A84236'>3074194</NS0:mobileTelephoneLines>
    <NS0:telephoneSystemGeneralAssessment>undergoing rapid development in recent years, Portugal&apos;s telephone system, by the end of 1998, achieved a state-of-the-art network with broadband, high-speed capabilities and a main line telephone density of 53%</NS0:telephoneSystemGeneralAssessment>
    <NS0:telephoneSystemDomestic>integrated network of coaxial cables, open wire, microwave radio relay, and domestic satellite earth stations</NS0:telephoneSystemDomestic>
    <NS0:telephoneSystemInternational>6 submarine cables; satellite earth stations - 3 Intelsat (2 Atlantic Ocean and 1 Indian Ocean), NA Eutelsat; tropospheric scatter to Azores; note - an earth station for Inmarsat (Atlantic Ocean region) is planned</NS0:telephoneSystemInternational>
    <NS0:radios rdf:ID='A84241'>3020000</NS0:radios>
    <NS0:televisionBroadcastStations rdf:ID='A84243'>62</NS0:televisionBroadcastStations>
    <NS0:televisions rdf:ID='A84245'>3310000</NS0:televisions>
    <NS0:internetCountryCode>.pt</NS0:internetCountryCode>
    <NS0:internetServiceProviders rdf:ID='A84248'>16</NS0:internetServiceProviders>
    <NS0:internetUsers rdf:ID='A84250'>700000</NS0:internetUsers>
    <NS0:railwaysTotal>2850</NS0:railwaysTotal>
    <NS0:highwaysTotal>68732</NS0:highwaysTotal>
    <NS0:highwaysPaved rdf:ID='A84254'>59110</NS0:highwaysPaved>
    <NS0:highwaysUnpaved rdf:ID='A84256'>9622</NS0:highwaysUnpaved>
    <NS0:waterways>820</NS0:waterways>
    <NS0:port rdf:resource='#A84259'/>
    <NS0:port rdf:resource='#A84263'/>
    <NS0:port rdf:resource='#A84267'/>
    <NS0:port rdf:resource='#A84271'/>
    <NS0:port rdf:resource='#A84275'/>
    <NS0:port rdf:resource='#A84279'/>
    <NS0:port rdf:resource='#A84283'/>
    <NS0:port rdf:resource='#A84287'/>
    <NS0:port rdf:resource='#A84291'/>
    <NS0:port rdf:resource='#A84295'/>
    <NS0:airports rdf:ID='A84299'>66</NS0:airports>
    <NS0:airportBreakdown rdf:resource='#A84302'/>
    <NS0:airportBreakdown rdf:resource='#A84308'/>
    <NS0:airportBreakdown rdf:resource='#A84315'/>
    <NS0:airportBreakdown rdf:resource='#A84322'/>
    <NS0:airportBreakdown rdf:resource='#A84329'/>
    <NS0:airportBreakdown rdf:resource='#A84335'/>
    <NS0:airportBreakdown rdf:resource='#A84342'/>
    <NS0:militaryAge>20</NS0:militaryAge>
    <NS0:malesOfMilitaryAge rdf:ID='A84349'>2530466</NS0:malesOfMilitaryAge>
    <NS0:malesFitForMilitaryService rdf:ID='A84352'>2030759</NS0:malesFitForMilitaryService>
    <NS0:malesReachingMilitaryAgeAnnually rdf:ID='A84355'>71404</NS0:malesReachingMilitaryAgeAnnually>
    <NS0:militaryExpenditures rdf:ID='A84358'>2458000000</NS0:militaryExpenditures>
    <NS0:militaryExpendituresPercentGDP rdf:ID='A84360'>2.6</NS0:militaryExpendituresPercentGDP>
    <NS0:illicitDrugs>important gateway country for Latin American cocaine and Southwest Asian heroin entering the European market</NS0:illicitDrugs>
    <NS0:illicitDrugs>transshipment point for hashish from North Africa to Europe</NS0:illicitDrugs>
    <NS0:illicitDrugs>consumer of Southwest Asian heroin</NS0:illicitDrugs>
    <NS0:smallFlag>http://www.cia.gov/cia/publications/factbook/flags/po-flag.jpg</NS0:smallFlag>
    <NS0:largeFlag>http://www.cia.gov/cia/publications/factbook/flags/po-lgflag.jpg</NS0:largeFlag>
    <NS0:map>http://www.cia.gov/cia/publications/factbook/maps/po-map.jpg</NS0:map>
    <NS0:border rdf:resource='#A128276'/>
    <NS0:exportPartner rdf:ID='A128285' rdf:resource='#A128281'/>
    <NS0:importPartner rdf:resource='#A128287'/>
    <NS0:importPartner rdf:ID='A128296' rdf:resource='#A128292'/>
  </rdf:Description>
  <rdf:Description rdf:about='#A84201'>
    <rdf:type rdf:resource='http://www.daml.org/2001/12/factbook/factbook-ont#CommodityPercent'/>
    <NS0:exportsCommodity rdf:resource='http://www.daml.org/2001/12/factbook/commodities#hides'/>
  </rdf:Description>
  <rdf:Description rdf:about='#A84009'>
    <rdf:type rdf:resource='#District'/>
    <NS0:name>Setubal</NS0:name>
  </rdf:Description>
  <rdf:Description rdf:about='#A84197'>
    <rdf:type rdf:resource='http://www.daml.org/2001/12/factbook/factbook-ont#CommodityPercent'/>
    <NS0:exportsCommodity rdf:resource='http://www.daml.org/2001/12/factbook/commodities#cork_and_paper_products'/>
  </rdf:Description>
  <rdf:Description rdf:about='#A84005'>
    <rdf:type rdf:resource='#District'/>
    <NS0:name>Santarem</NS0:name>
  </rdf:Description>
  <rdf:Description rdf:about='#A83858'>
    <rdf:type rdf:resource='http://www.daml.org/2001/12/factbook/factbook-ont#Estimate'/>
    <NS0:note>July 2001</NS0:note>
  </rdf:Description>
  <rdf:Description rdf:about='#A83829'>
    <rdf:type rdf:resource='http://www.daml.org/2001/12/factbook/factbook-ont#Estimate'/>
    <NS0:year>1993</NS0:year>
  </rdf:Description>
  <rdf:Description rdf:about='#A83812'>
    <rdf:type rdf:resource='http://www.daml.org/2001/12/factbook/factbook-ont#ElevationExtreme'/>
    <NS0:name>Ponta do Pico (Pico or Pico Alto) on Ilha do Pico in the Azores</NS0:name>
    <NS0:elevation>2351</NS0:elevation>
  </rdf:Description>
  <rdf:Description rdf:about='#A84248'>
    <NS0:year>2000</NS0:year>
  </rdf:Description>
  <rdf:Description rdf:about='#A84193'>
    <rdf:type rdf:resource='http://www.daml.org/2001/12/factbook/factbook-ont#CommodityPercent'/>
    <NS0:exportsCommodity rdf:resource='http://www.daml.org/2001/12/factbook/commodities#chemicals'/>
  </rdf:Description>
  <rdf:Description rdf:about='#A84001'>
    <rdf:type rdf:resource='#District'/>
    <NS0:name>Porto</NS0:name>
  </rdf:Description>
  <rdf:Description rdf:about='#A84189'>
    <rdf:type rdf:resource='http://www.daml.org/2001/12/factbook/factbook-ont#CommodityPercent'/>
    <NS0:exportsCommodity rdf:resource='http://www.daml.org/2001/12/factbook/commodities#machinery'/>
  </rdf:Description>
  <rdf:Description rdf:about='#A83807'>
    <rdf:type rdf:resource='http://www.daml.org/2001/12/factbook/factbook-ont#ElevationExtreme'/>
    <NS0:name>Atlantic Ocean</NS0:name>
    <NS0:elevation>0</NS0:elevation>
  </rdf:Description>
  <rdf:Description rdf:about='#A83997'>
    <rdf:type rdf:resource='#District'/>
    <NS0:name>Portalegre</NS0:name>
  </rdf:Description>
  <rdf:Description rdf:about='#A84355'>
    <rdf:type rdf:resource='http://www.daml.org/2001/12/factbook/factbook-ont#Estimate'/>
    <NS0:year>2001</NS0:year>
  </rdf:Description>
  <rdf:Description rdf:about='#A84098'>
    <rdf:type rdf:resource='http://www.daml.org/2001/12/factbook/factbook-ont#Estimate'/>
    <NS0:year>2000</NS0:year>
  </rdf:Description>
  <rdf:Description rdf:about='#A84185'>
    <rdf:type rdf:resource='http://www.daml.org/2001/12/factbook/factbook-ont#CommodityPercent'/>
    <NS0:exportsCommodity rdf:resource='http://www.daml.org/2001/12/factbook/commodities#clothing_and_footwear'/>
  </rdf:Description>
  <rdf:Description rdf:about='#A83993'>
    <rdf:type rdf:resource='#AutonomousRegion'/>
    <NS0:name>Madeira</NS0:name>
  </rdf:Description>
  <rdf:Description rdf:about='#A83905'>
    <rdf:type rdf:resource='http://www.daml.org/2001/12/factbook/factbook-ont#Estimate'/>
    <NS0:year>2001</NS0:year>
  </rdf:Description>
  <rdf:Description rdf:about='#A84182'>
    <rdf:type rdf:resource='http://www.daml.org/2001/12/factbook/factbook-ont#Estimate'/>
    <NS0:note>f.o.b., 2000</NS0:note>
  </rdf:Description>
  <rdf:Description rdf:about='#A83989'>
    <rdf:type rdf:resource='#District'/>
    <NS0:name>Lisboa</NS0:name>
  </rdf:Description>
  <rdf:Description rdf:about='#AutonomousRegion'>
    <rdf:type rdf:resource='http://www.w3.org/2000/01/rdf-schema#Class'/>
    <rdfs:subClassOf rdf:resource='http://www.daml.org/2001/12/factbook/factbook-ont#AdministrativeDivision'/>
    <rdfs:label>AutonomousRegion</rdfs:label>
  </rdf:Description>
  <rdf:Description rdf:about='#A84234'>
    <NS0:note>end 1998</NS0:note>
  </rdf:Description>
  <rdf:Description rdf:about='#A83985'>
    <rdf:type rdf:resource='#District'/>
    <NS0:name>Leiria</NS0:name>
  </rdf:Description>
  <rdf:Description rdf:about='#A84168'>
    <NS0:year>1999</NS0:year>
  </rdf:Description>
  <rdf:Description rdf:about='#A83867'>
    <rdf:type rdf:resource='http://www.daml.org/2001/12/factbook/factbook-ont#Estimate'/>
    <NS0:year>2001</NS0:year>
  </rdf:Description>
  <rdf:Description rdf:about='#A83790'>
    <rdf:type rdf:resource='http://www.daml.org/2001/12/factbook/factbook-ont#LatLon'/>
    <NS0:latitude>39.5</NS0:latitude>
    <NS0:longitude>-8.0</NS0:longitude>
  </rdf:Description>
  <rdf:Description rdf:about='#A83981'>
    <rdf:type rdf:resource='#District'/>
    <NS0:name>Guarda</NS0:name>
  </rdf:Description>
  <rdf:Description rdf:about='#A128292'>
    <rdf:type rdf:resource='http://www.daml.org/2001/12/factbook/factbook-ont#CountryPercent'/>
    <NS0:country rdf:resource='http://www.daml.org/2001/09/countries/fips#JA'/>
    <NS0:percent>3</NS0:percent>
  </rdf:Description>
  <rdf:Description rdf:about='#A128285'>
    <NS0:note>1999</NS0:note>
  </rdf:Description>
  <rdf:Description rdf:about='#A83977'>
    <rdf:type rdf:resource='#District'/>
    <NS0:name>Faro</NS0:name>
  </rdf:Description>
  <rdf:Description rdf:about='#A83832'>
    <rdf:type rdf:resource='http://www.daml.org/2001/12/factbook/factbook-ont#Estimate'/>
    <NS0:year>1993</NS0:year>
  </rdf:Description>
  <rdf:Description rdf:about='#A128287'>
    <rdf:type rdf:resource='http://www.daml.org/2001/12/factbook/factbook-ont#CountryPercent'/>
    <NS0:country rdf:resource='http://www.daml.org/2001/09/countries/fips#US'/>
    <NS0:percent>3</NS0:percent>
  </rdf:Description>
  <rdf:Description rdf:about='#A83973'>
    <rdf:type rdf:resource='#District'/>
    <NS0:name>Evora</NS0:name>
  </rdf:Description>
  <rdf:Description rdf:about='#A84164'>
    <NS0:year>1999</NS0:year>
  </rdf:Description>
  <rdf:Description rdf:about='#A83969'>
    <rdf:type rdf:resource='#District'/>
    <NS0:name>Coimbra</NS0:name>
  </rdf:Description>
  <rdf:Description rdf:about='#A128281'>
    <rdf:type rdf:resource='http://www.daml.org/2001/12/factbook/factbook-ont#CountryPercent'/>
    <NS0:country rdf:resource='http://www.daml.org/2001/09/countries/fips#US'/>
    <NS0:percent>5</NS0:percent>
  </rdf:Description>
  <rdf:Description rdf:about='#A83965'>
    <rdf:type rdf:resource='#District'/>
    <NS0:name>Castelo Branco</NS0:name>
  </rdf:Description>
  <rdf:Description rdf:about='#A128276'>
    <rdf:type rdf:resource='http://www.daml.org/2001/12/factbook/factbook-ont#Border'/>
    <NS0:country rdf:resource='http://www.daml.org/2001/09/countries/fips#SP'/>
    <NS0:distance>1214</NS0:distance>
  </rdf:Description>
  <rdf:Description rdf:about='#A83864'>
    <rdf:type rdf:resource='http://www.daml.org/2001/12/factbook/factbook-ont#Estimate'/>
    <NS0:year>2001</NS0:year>
  </rdf:Description>
  <rdf:Description rdf:about='#A83961'>
    <rdf:type rdf:resource='#District'/>
    <NS0:name>Braganca</NS0:name>
  </rdf:Description>
  <rdf:Description rdf:about='#A84342'>
    <rdf:type rdf:resource='http://www.daml.org/2001/12/factbook/factbook-ont#AirportBreakdown'/>
    <NS0:paved>false</NS0:paved>
    <NS0:maxRunway>913</NS0:maxRunway>
    <NS0:count>25 (2000 est.)</NS0:count>
  </rdf:Description>
  <rdf:Description rdf:about='#A84170'>
    <NS0:year>1999</NS0:year>
  </rdf:Description>
  <rdf:Description rdf:about='#A83957'>
    <rdf:type rdf:resource='#District'/>
    <NS0:name>Braga</NS0:name>
  </rdf:Description>
  <rdf:Description rdf:about='#A84352'>
    <rdf:type rdf:resource='http://www.daml.org/2001/12/factbook/factbook-ont#Estimate'/>
    <NS0:year>2001</NS0:year>
  </rdf:Description>
  <rdf:Description rdf:about='#A83922'>
    <NS0:year>1995</NS0:year>
  </rdf:Description>
  <rdf:Description rdf:about='#A83953'>
    <rdf:type rdf:resource='#District'/>
    <NS0:name>Beja</NS0:name>
  </rdf:Description>
  <rdf:Description rdf:about='#A84335'>
    <rdf:type rdf:resource='http://www.daml.org/2001/12/factbook/factbook-ont#AirportBreakdown'/>
    <NS0:paved>false</NS0:paved>
    <NS0:minRunway>914</NS0:minRunway>
    <NS0:maxRunway>1523</NS0:maxRunway>
    <NS0:count>1</NS0:count>
  </rdf:Description>
  <rdf:Description rdf:about='#A84156'>
    <rdf:type rdf:resource='http://www.daml.org/2001/12/factbook/factbook-ont#Estimate'/>
    <NS0:year>1999</NS0:year>
  </rdf:Description>
  <rdf:Description rdf:about='#A83949'>
    <rdf:type rdf:resource='#AutonomousRegion'/>
    <NS0:name>Acores </NS0:name>
  </rdf:Description>
  <rdf:Description rdf:about='#A84329'>
    <rdf:type rdf:resource='http://www.daml.org/2001/12/factbook/factbook-ont#AirportBreakdown'/>
    <NS0:paved>true</NS0:paved>
    <NS0:maxRunway>913</NS0:maxRunway>
    <NS0:count>5 (2000 est.)</NS0:count>
  </rdf:Description>
  <rdf:Description rdf:about='#A84254'>
    <NS0:note>including 797 km of expressways</NS0:note>
  </rdf:Description>
  <rdf:Description rdf:about='#A83945'>
    <rdf:type rdf:resource='#District'/>
    <NS0:name>Aveiro</NS0:name>
  </rdf:Description>
  <rdf:Description rdf:about='#District'>
    <rdf:type rdf:resource='http://www.w3.org/2000/01/rdf-schema#Class'/>
    <rdfs:subClassOf rdf:resource='http://www.daml.org/2001/12/factbook/factbook-ont#AdministrativeDivision'/>
    <rdfs:label>District</rdfs:label>
  </rdf:Description>
  <rdf:Description rdf:about='#A84131'>
    <rdf:type rdf:resource='http://www.daml.org/2001/12/factbook/factbook-ont#OccupationPercent'/>
    <NS0:occupation rdf:resource='http://www.daml.org/2001/12/factbook/occupations#agriculture'/>
    <NS0:percent>10</NS0:percent>
  </rdf:Description>
  <rdf:Description rdf:about='#A84322'>
    <rdf:type rdf:resource='http://www.daml.org/2001/12/factbook/factbook-ont#AirportBreakdown'/>
    <NS0:paved>true</NS0:paved>
    <NS0:minRunway>914</NS0:minRunway>
    <NS0:maxRunway>1523</NS0:maxRunway>
    <NS0:count>17</NS0:count>
  </rdf:Description>
  <rdf:Description rdf:about='#A84166'>
    <NS0:year>1999</NS0:year>
  </rdf:Description>
  <rdf:Description rdf:about='#A83935'>
    <rdf:type rdf:resource='http://www.daml.org/2001/12/factbook/factbook-ont#CapitalCity'/>
    <NS0:name>Lisbon</NS0:name>
  </rdf:Description>
  <rdf:Description rdf:about='#A84126'>
    <rdf:type rdf:resource='http://www.daml.org/2001/12/factbook/factbook-ont#OccupationPercent'/>
    <NS0:occupation rdf:resource='http://www.daml.org/2001/12/factbook/occupations#industry'/>
    <NS0:percent>30</NS0:percent>
  </rdf:Description>
  <rdf:Description rdf:about='#A84245'>
    <NS0:year>1997</NS0:year>
  </rdf:Description>
  <rdf:Description rdf:about='#A84315'>
    <rdf:type rdf:resource='http://www.daml.org/2001/12/factbook/factbook-ont#AirportBreakdown'/>
    <NS0:paved>true</NS0:paved>
    <NS0:minRunway>1524</NS0:minRunway>
    <NS0:maxRunway>2437</NS0:maxRunway>
    <NS0:count>4</NS0:count>
  </rdf:Description>
  <rdf:Description rdf:about='#A84228'>
    <rdf:type rdf:resource='http://www.daml.org/2001/12/factbook/factbook-ont#Estimate'/>
    <NS0:year>1997</NS0:year>
  </rdf:Description>
  <rdf:Description rdf:about='#A84121'>
    <rdf:type rdf:resource='http://www.daml.org/2001/12/factbook/factbook-ont#OccupationPercent'/>
    <NS0:occupation rdf:resource='http://www.daml.org/2001/12/factbook/occupations#services'/>
    <NS0:percent>60</NS0:percent>
  </rdf:Description>
  <rdf:Description rdf:about='#A84116'>
    <rdf:type rdf:resource='http://www.daml.org/2001/12/factbook/factbook-ont#Estimate'/>
    <NS0:year>2000</NS0:year>
  </rdf:Description>
  <rdf:Description rdf:about='#A84308'>
    <rdf:type rdf:resource='http://www.daml.org/2001/12/factbook/factbook-ont#AirportBreakdown'/>
    <NS0:paved>true</NS0:paved>
    <NS0:minRunway>2438</NS0:minRunway>
    <NS0:maxRunway>3047</NS0:maxRunway>
    <NS0:count>9</NS0:count>
  </rdf:Description>
  <rdf:Description rdf:about='#A84256'>
    <NS0:year>1999</NS0:year>
  </rdf:Description>
  <rdf:Description rdf:about='#A84143'>
    <rdf:type rdf:resource='http://www.daml.org/2001/12/factbook/factbook-ont#Estimate'/>
    <NS0:year>2000</NS0:year>
  </rdf:Description>
  <rdf:Description rdf:about='#A83924'>
    <rdf:type rdf:resource='http://www.daml.org/2001/12/factbook/factbook-ont#LanguagePercent'/>
    <NS0:language rdf:resource='http://www.daml.org/2001/12/factbook/languages#Portuguese'/>
  </rdf:Description>
  <rdf:Description rdf:about='#A83870'>
    <rdf:type rdf:resource='http://www.daml.org/2001/12/factbook/factbook-ont#Estimate'/>
    <NS0:year>2001</NS0:year>
  </rdf:Description>
  <rdf:Description rdf:about='#A84302'>
    <rdf:type rdf:resource='http://www.daml.org/2001/12/factbook/factbook-ont#AirportBreakdown'/>
    <NS0:paved>true</NS0:paved>
    <NS0:minRunway>3048</NS0:minRunway>
    <NS0:count>5</NS0:count>
  </rdf:Description>
  <rdf:Description rdf:about='#A83919'>
    <rdf:type rdf:resource='http://www.daml.org/2001/12/factbook/factbook-ont#ReligionPercent'/>
    <NS0:religion rdf:resource='http://www.daml.org/2001/12/factbook/religions#Protestant'/>
  </rdf:Description>
  <rdf:Description rdf:about='#A84109'>
    <rdf:type rdf:resource='http://www.daml.org/2001/12/factbook/factbook-ont#Estimate'/>
    <NS0:year>1999</NS0:year>
  </rdf:Description>
  <rdf:Description rdf:about='#A83902'>
    <rdf:type rdf:resource='http://www.daml.org/2001/12/factbook/factbook-ont#Estimate'/>
    <NS0:year>2001</NS0:year>
  </rdf:Description>
  <rdf:Description rdf:about='#A83914'>
    <rdf:type rdf:resource='http://www.daml.org/2001/12/factbook/factbook-ont#ReligionPercent'/>
    <NS0:religion rdf:resource='http://www.daml.org/2001/12/factbook/religions#Roman_Catholic'/>
    <NS0:percent>94</NS0:percent>
  </rdf:Description>
  <rdf:Description rdf:about='#A128296'>
    <NS0:note>1998</NS0:note>
  </rdf:Description>
  <rdf:Description rdf:about='#A84295'>
    <rdf:type rdf:resource='http://www.daml.org/2001/12/factbook/factbook-ont#Port'/>
    <NS0:name>Viana do Castelo</NS0:name>
  </rdf:Description>
  <rdf:Description rdf:about='#A84104'>
    <rdf:type rdf:resource='http://www.daml.org/2001/12/factbook/factbook-ont#Estimate'/>
    <NS0:year>2000</NS0:year>
  </rdf:Description>
  <rdf:Description rdf:about='#A83910'>
    <rdf:type rdf:resource='http://www.daml.org/2001/12/factbook/factbook-ont#EthnicGroupPercent'/>
    <NS0:ethnicGroup rdf:resource='http://www.daml.org/2001/12/factbook/ethnicGroups#homogeneous_Mediterranean_stock;_citizens_of_black_African_descent_who_immigrated_to_mainland_during_decolonization_number_less_than_100,000'/>
  </rdf:Description>
  <rdf:Description rdf:about='#A84291'>
    <rdf:type rdf:resource='http://www.daml.org/2001/12/factbook/factbook-ont#Port'/>
    <NS0:name>Setubal</NS0:name>
  </rdf:Description>
  <rdf:Description rdf:about='#A84135'>
    <rdf:type rdf:resource='http://www.daml.org/2001/12/factbook/factbook-ont#Estimate'/>
    <NS0:year>1999</NS0:year>
  </rdf:Description>
  <rdf:Description rdf:about='#A83861'>
    <rdf:type rdf:resource='http://www.daml.org/2001/12/factbook/factbook-ont#Estimate'/>
    <NS0:year>2001</NS0:year>
  </rdf:Description>
  <rdf:Description rdf:about='#A84287'>
    <rdf:type rdf:resource='http://www.daml.org/2001/12/factbook/factbook-ont#Port'/>
    <NS0:name>Praia da Vitoria</NS0:name>
  </rdf:Description>
  <rdf:Description rdf:about='#A84283'>
    <rdf:type rdf:resource='http://www.daml.org/2001/12/factbook/factbook-ont#Port'/>
    <NS0:name>Ponta Delgada</NS0:name>
  </rdf:Description>
  <rdf:Description rdf:about='#A84279'>
    <rdf:type rdf:resource='http://www.daml.org/2001/12/factbook/factbook-ont#Port'/>
    <NS0:name>Porto</NS0:name>
  </rdf:Description>
  <rdf:Description rdf:about='#A83896'>
    <rdf:type rdf:resource='http://www.daml.org/2001/12/factbook/factbook-ont#SexRatioBreakdown'/>
    <NS0:ratio>0.92</NS0:ratio>
  </rdf:Description>
  <rdf:Description rdf:about='#A84275'>
    <rdf:type rdf:resource='http://www.daml.org/2001/12/factbook/factbook-ont#Port'/>
    <NS0:name>Lisbon</NS0:name>
  </rdf:Description>
  <rdf:Description rdf:about='#A83891'>
    <rdf:type rdf:resource='http://www.daml.org/2001/12/factbook/factbook-ont#SexRatioBreakdown'/>
    <NS0:minAge>65</NS0:minAge>
    <NS0:ratio>0.68</NS0:ratio>
  </rdf:Description>
  <rdf:Description rdf:about='#A84205'>
    <rdf:type rdf:resource='http://www.daml.org/2001/12/factbook/factbook-ont#Estimate'/>
    <NS0:note>f.o.b., 2000</NS0:note>
  </rdf:Description>
  <rdf:Description rdf:about='#A84119'>
    <NS0:year>1999</NS0:year>
  </rdf:Description>
  <rdf:Description rdf:about='#A84271'>
    <rdf:type rdf:resource='http://www.daml.org/2001/12/factbook/factbook-ont#Port'/>
    <NS0:name>Leixoes</NS0:name>
  </rdf:Description>
  <rdf:Description rdf:about='#A83885'>
    <rdf:type rdf:resource='http://www.daml.org/2001/12/factbook/factbook-ont#SexRatioBreakdown'/>
    <NS0:minAge>15</NS0:minAge>
    <NS0:maxAge>64</NS0:maxAge>
    <NS0:ratio>0.96</NS0:ratio>
  </rdf:Description>
  <rdf:Description rdf:about='#A84267'>
    <rdf:type rdf:resource='http://www.daml.org/2001/12/factbook/factbook-ont#Port'/>
    <NS0:name>Horta</NS0:name>
  </rdf:Description>
  <rdf:Description rdf:about='#A84138'>
    <rdf:type rdf:resource='http://www.daml.org/2001/12/factbook/factbook-ont#Estimate'/>
    <NS0:year>2000</NS0:year>
  </rdf:Description>
  <rdf:Description rdf:about='#A84263'>
    <rdf:type rdf:resource='http://www.daml.org/2001/12/factbook/factbook-ont#Port'/>
    <NS0:name>Funchal</NS0:name>
  </rdf:Description>
  <rdf:Description rdf:about='#A83879'>
    <rdf:type rdf:resource='http://www.daml.org/2001/12/factbook/factbook-ont#SexRatioBreakdown'/>
    <NS0:minAge>0</NS0:minAge>
    <NS0:maxAge>14</NS0:maxAge>
    <NS0:ratio>1.06</NS0:ratio>
  </rdf:Description>
  <rdf:Description rdf:about='#A84259'>
    <rdf:type rdf:resource='http://www.daml.org/2001/12/factbook/factbook-ont#Port'/>
    <NS0:name>Aveiro</NS0:name>
  </rdf:Description>
  <rdf:Description rdf:about='#A84101'>
    <rdf:type rdf:resource='http://www.daml.org/2001/12/factbook/factbook-ont#Estimate'/>
    <NS0:year>2000</NS0:year>
  </rdf:Description>
  <rdf:Description rdf:about='#A83873'>
    <rdf:type rdf:resource='http://www.daml.org/2001/12/factbook/factbook-ont#SexRatioBreakdown'/>
    <NS0:minAge>0</NS0:minAge>
    <NS0:maxAge>0</NS0:maxAge>
    <NS0:ratio>1.07</NS0:ratio>
  </rdf:Description>
  <rdf:Description rdf:about='#A84113'>
    <rdf:type rdf:resource='http://www.daml.org/2001/12/factbook/factbook-ont#Estimate'/>
    <NS0:year>1995</NS0:year>
  </rdf:Description>
  <rdf:Description rdf:about='#A84358'>
    <NS0:note>FY97</NS0:note>
  </rdf:Description>
  <rdf:Description rdf:about='#A83899'>
    <rdf:type rdf:resource='http://www.daml.org/2001/12/factbook/factbook-ont#Estimate'/>
    <NS0:year>2001</NS0:year>
  </rdf:Description>
  <rdf:Description rdf:about='#A84349'>
    <rdf:type rdf:resource='http://www.daml.org/2001/12/factbook/factbook-ont#Estimate'/>
    <NS0:year>2001</NS0:year>
  </rdf:Description>
</rdf:RDF>
