<?xml version='1.0' encoding='ISO-8859-1'?>
<rdf:RDF
  xmlns:rdf='http://www.w3.org/1999/02/22-rdf-syntax-ns#'
  xmlns:NS0='http://www.daml.org/2001/12/factbook/factbook-ont#'
  xmlns:rdfs='http://www.w3.org/2000/01/rdf-schema#'
  xml:base="http://www.daml.org/2001/12/factbook/ps">
  <rdf:Description rdf:about='#A85005'>
    <rdf:type rdf:resource='http://www.daml.org/2001/12/factbook/factbook-ont#Estimate'/>
    <NS0:year>2001</NS0:year>
  </rdf:Description>
  <rdf:Description rdf:about='#A85294'>
    <NS0:year>1988</NS0:year>
  </rdf:Description>
  <rdf:Description rdf:about='#A85182'>
    <rdf:type rdf:resource='#State'/>
    <NS0:name>Sonsoral</NS0:name>
  </rdf:Description>
  <rdf:Description rdf:about='#A85178'>
    <rdf:type rdf:resource='#State'/>
    <NS0:name>Peleliu</NS0:name>
  </rdf:Description>
  <rdf:Description rdf:about='#A85086'>
    <NS0:note>Sonsorolese and English are official</NS0:note>
  </rdf:Description>
  <rdf:Description rdf:about='#A85220'>
    <rdf:type rdf:resource='http://www.daml.org/2001/12/factbook/factbook-ont#Estimate'/>
    <NS0:year>1998</NS0:year>
  </rdf:Description>
  <rdf:Description rdf:about='#A84984'>
    <rdf:type rdf:resource='http://www.daml.org/2001/12/factbook/factbook-ont#ElevationExtreme'/>
    <NS0:name>Mount Ngerchelchauus</NS0:name>
    <NS0:elevation>242</NS0:elevation>
  </rdf:Description>
  <rdf:Description rdf:about='#A85174'>
    <rdf:type rdf:resource='#State'/>
    <NS0:name>Palau Island</NS0:name>
  </rdf:Description>
  <rdf:Description rdf:about='#A85301'>
    <NS0:year>1997</NS0:year>
  </rdf:Description>
  <rdf:Description rdf:about='#A84979'>
    <rdf:type rdf:resource='http://www.daml.org/2001/12/factbook/factbook-ont#ElevationExtreme'/>
    <NS0:name>Pacific Ocean</NS0:name>
    <NS0:elevation>0</NS0:elevation>
  </rdf:Description>
  <rdf:Description rdf:about='#A85170'>
    <rdf:type rdf:resource='#State'/>
    <NS0:name>Ngiwal</NS0:name>
  </rdf:Description>
  <rdf:Description rdf:about='#A85296'>
    <NS0:year>1988</NS0:year>
  </rdf:Description>
  <rdf:Description rdf:about='#A85166'>
    <rdf:type rdf:resource='#State'/>
    <NS0:name>Ngeremlengui</NS0:name>
  </rdf:Description>
  <rdf:Description rdf:about='#A85245'>
    <rdf:type rdf:resource='http://www.daml.org/2001/12/factbook/factbook-ont#Estimate'/>
    <NS0:note>FY98/99</NS0:note>
  </rdf:Description>
  <rdf:Description rdf:about='#A85014'>
    <rdf:type rdf:resource='http://www.daml.org/2001/12/factbook/factbook-ont#Estimate'/>
    <NS0:year>2001</NS0:year>
  </rdf:Description>
  <rdf:Description rdf:about='#A85162'>
    <rdf:type rdf:resource='#State'/>
    <NS0:name>Ngchesar</NS0:name>
  </rdf:Description>
  <rdf:Description rdf:about='http://www.daml.org/2001/09/countries/fips#PS'>
    <NS0:background>After three decades as part of the UN Trust Territory of the Pacific under US administration, this westernmost cluster of the Caroline Islands opted for independent status in 1978 rather than join the Federated States of Micronesia. A Compact of Free Association with the US was approved in 1986, but not ratified until 1993. It entered into force the following year when the islands gained their independence.</NS0:background>
    <NS0:location>Oceania, group of islands in the North Pacific Ocean, southeast of the Philippines</NS0:location>
    <NS0:geographicCoordinates rdf:resource='#A84963'/>
    <NS0:mapReferences>Oceania</NS0:mapReferences>
    <NS0:totalArea>458</NS0:totalArea>
    <NS0:landArea>458</NS0:landArea>
    <NS0:waterArea>0</NS0:waterArea>
    <NS0:comparativeArea>slightly more than 2.5 times the size of Washington, DC</NS0:comparativeArea>
    <NS0:coastline>1519</NS0:coastline>
    <NS0:exclusiveFishingZone>12</NS0:exclusiveFishingZone>
    <NS0:extendedFishingZone>200</NS0:extendedFishingZone>
    <NS0:territorialSea>3</NS0:territorialSea>
    <NS0:climate>wet season May to November; hot and humid</NS0:climate>
    <NS0:terrain>varying geologically from the high, mountainous main island of Babelthuap to low, coral islands usually fringed by large barrier reefs</NS0:terrain>
    <NS0:lowestPoint rdf:resource='#A84979'/>
    <NS0:highestPoint rdf:resource='#A84984'/>
    <NS0:naturalResource rdf:resource='http://www.daml.org/2001/12/factbook/naturalResources#forests'/>
    <NS0:naturalResource rdf:resource='http://www.daml.org/2001/12/factbook/naturalResources#minerals'/>
    <NS0:naturalResource rdf:resource='http://www.daml.org/2001/12/factbook/naturalResources#marine_products'/>
    <NS0:naturalResource rdf:resource='http://www.daml.org/2001/12/factbook/naturalResources#deep-seabed_minerals'/>
    <NS0:naturalHazard>typhoons</NS0:naturalHazard>
    <NS0:environmentalIssue>inadequate facilities for disposal of solid waste</NS0:environmentalIssue>
    <NS0:environmentalIssue>threats to the marine ecosystem from sand and coral dredging, illegal fishing practices, and overfishing</NS0:environmentalIssue>
    <NS0:environmentalAgreementPartyTo rdf:resource='http://www.daml.org/2001/12/factbook/environmentalAgreements#Biodiversity'/>
    <NS0:environmentalAgreementPartyTo rdf:resource='http://www.daml.org/2001/12/factbook/environmentalAgreements#Climate_Change'/>
    <NS0:environmentalAgreementPartyTo rdf:resource='http://www.daml.org/2001/12/factbook/environmentalAgreements#Climate_Change-Kyoto_Protocol'/>
    <NS0:environmentalAgreementPartyTo rdf:resource='http://www.daml.org/2001/12/factbook/environmentalAgreements#Desertification'/>
    <NS0:environmentalAgreementPartyTo rdf:resource='http://www.daml.org/2001/12/factbook/environmentalAgreements#Law_of_the_Sea'/>
    <NS0:environmentalAgreementSigned rdf:resource='http://www.daml.org/2001/12/factbook/environmentalAgreements#none_of_the_selected_agreements'/>
    <NS0:population rdf:ID='A85002'>19092</NS0:population>
    <NS0:populationGrowthRate rdf:ID='A85005'>1.69</NS0:populationGrowthRate>
    <NS0:birthRate rdf:ID='A85008'>19.64</NS0:birthRate>
    <NS0:deathRate rdf:ID='A85011'>7.23</NS0:deathRate>
    <NS0:netMigrationRate rdf:ID='A85014'>4.45</NS0:netMigrationRate>
    <NS0:sexRatio rdf:resource='#A85017'/>
    <NS0:sexRatio rdf:resource='#A85023'/>
    <NS0:sexRatio rdf:resource='#A85029'/>
    <NS0:sexRatio rdf:resource='#A85035'/>
    <NS0:sexRatio rdf:ID='A85043' rdf:resource='#A85040'/>
    <NS0:infantMortalityRate rdf:ID='A85046'>16.67</NS0:infantMortalityRate>
    <NS0:totalFertilityRate rdf:ID='A85049'>2.47</NS0:totalFertilityRate>
    <NS0:nationalityNoun>Palauan(s)</NS0:nationalityNoun>
    <NS0:nationalityAdjective>Palauan</NS0:nationalityAdjective>
    <NS0:ethnicGroup rdf:ID='A85058' rdf:resource='#A85054'/>
    <NS0:ethnicGroup rdf:ID='A85064' rdf:resource='#A85060'/>
    <NS0:ethnicGroup rdf:ID='A85070' rdf:resource='#A85066'/>
    <NS0:religion rdf:ID='A85076' rdf:resource='#A85073'/>
    <NS0:religion rdf:ID='A85081' rdf:resource='#A85078'/>
    <NS0:language rdf:ID='A85086' rdf:resource='#A85083'/>
    <NS0:language rdf:ID='A85091' rdf:resource='#A85088'/>
    <NS0:language rdf:ID='A85096' rdf:resource='#A85093'/>
    <NS0:literacyDefinition>age 15 and over can read and write</NS0:literacyDefinition>
    <NS0:literacyTotal>92</NS0:literacyTotal>
    <NS0:literacyMale>93</NS0:literacyMale>
    <NS0:literacyFemale rdf:ID='A85101'>90</NS0:literacyFemale>
    <NS0:conventionalLongCountryName>Republic of Palau</NS0:conventionalLongCountryName>
    <NS0:conventionalShortCountryName>Palau</NS0:conventionalShortCountryName>
    <NS0:localLongCountryName>Beluu er a Belau</NS0:localLongCountryName>
    <NS0:localShortCountryName>Belau</NS0:localShortCountryName>
    <NS0:formerCountryName>Palau District (Trust Territory of the Pacific Islands)</NS0:formerCountryName>
    <NS0:governmentType rdf:resource='http://www.daml.org/2001/12/factbook/governmentTypes#constitutional_government_in_free_association_with_the_US;_the_Compact_of_Free_Association_entered_into_force_1_October_1994'/>
    <NS0:capital rdf:ID='A85113' rdf:resource='#A85110'/>
    <NS0:administrativeDivision rdf:resource='#A85118'/>
    <NS0:administrativeDivision rdf:resource='#A85122'/>
    <NS0:administrativeDivision rdf:resource='#A85126'/>
    <NS0:administrativeDivision rdf:resource='#A85130'/>
    <NS0:administrativeDivision rdf:resource='#A85134'/>
    <NS0:administrativeDivision rdf:resource='#A85138'/>
    <NS0:administrativeDivision rdf:resource='#A85142'/>
    <NS0:administrativeDivision rdf:resource='#A85146'/>
    <NS0:administrativeDivision rdf:resource='#A85150'/>
    <NS0:administrativeDivision rdf:resource='#A85154'/>
    <NS0:administrativeDivision rdf:resource='#A85158'/>
    <NS0:administrativeDivision rdf:resource='#A85162'/>
    <NS0:administrativeDivision rdf:resource='#A85166'/>
    <NS0:administrativeDivision rdf:resource='#A85170'/>
    <NS0:administrativeDivision rdf:resource='#A85174'/>
    <NS0:administrativeDivision rdf:resource='#A85178'/>
    <NS0:administrativeDivision rdf:resource='#A85182'/>
    <NS0:administrativeDivision rdf:resource='#A85186'/>
    <NS0:independence>1 October 1994 (from the US-administered UN Trusteeship)</NS0:independence>
    <NS0:constitution>1 January 1981</NS0:constitution>
    <NS0:legalSystem>based on Trust Territory laws, acts of the legislature, municipal, common, and customary laws</NS0:legalSystem>
    <NS0:suffrage>18 years of age; universal</NS0:suffrage>
    <NS0:participatesIn rdf:resource='http://www.daml.org/2001/12/factbook/internationalOrganizations#ACP'/>
    <NS0:participatesIn rdf:resource='http://www.daml.org/2001/12/factbook/internationalOrganizations#ESCAP'/>
    <NS0:participatesIn rdf:resource='http://www.daml.org/2001/12/factbook/internationalOrganizations#FAO'/>
    <NS0:participatesIn rdf:resource='http://www.daml.org/2001/12/factbook/internationalOrganizations#IBRD'/>
    <NS0:participatesIn rdf:resource='http://www.daml.org/2001/12/factbook/internationalOrganizations#ICAO'/>
    <NS0:participatesIn rdf:resource='http://www.daml.org/2001/12/factbook/internationalOrganizations#ICRM'/>
    <NS0:participatesIn rdf:resource='http://www.daml.org/2001/12/factbook/internationalOrganizations#IDA'/>
    <NS0:participatesIn rdf:resource='http://www.daml.org/2001/12/factbook/internationalOrganizations#IFC'/>
    <NS0:participatesIn rdf:resource='http://www.daml.org/2001/12/factbook/internationalOrganizations#IFRCS'/>
    <NS0:participatesIn rdf:resource='http://www.daml.org/2001/12/factbook/internationalOrganizations#IMF'/>
    <NS0:participatesIn rdf:resource='http://www.daml.org/2001/12/factbook/internationalOrganizations#IOC'/>
    <NS0:participatesIn rdf:resource='http://www.daml.org/2001/12/factbook/internationalOrganizations#Sparteca'/>
    <NS0:participatesIn rdf:resource='http://www.daml.org/2001/12/factbook/internationalOrganizations#SPC'/>
    <NS0:participatesIn rdf:resource='http://www.daml.org/2001/12/factbook/internationalOrganizations#SPF'/>
    <NS0:participatesIn rdf:resource='http://www.daml.org/2001/12/factbook/internationalOrganizations#UN'/>
    <NS0:participatesIn rdf:resource='http://www.daml.org/2001/12/factbook/internationalOrganizations#UNCTAD'/>
    <NS0:participatesIn rdf:resource='http://www.daml.org/2001/12/factbook/internationalOrganizations#UNESCO'/>
    <NS0:participatesIn rdf:resource='http://www.daml.org/2001/12/factbook/internationalOrganizations#WHO'/>
    <NS0:flagDescription>light blue with a large yellow disk (representing the moon) shifted slightly to the hoist side</NS0:flagDescription>
    <NS0:economyOverview>The economy consists primarily of subsistence agriculture and fishing. The government is the major employer of the work force, relying heavily on financial assistance from the US. The population enjoys a per capita income of twice that of the Philippines and much of Micronesia. Long-run prospects for the tourist sector have been greatly bolstered by the expansion of air travel in the Pacific and the rising prosperity of leading East Asian countries.</NS0:economyOverview>
    <NS0:grossDomesticProduct rdf:ID='A85214'>129000000</NS0:grossDomesticProduct>
    <NS0:grossDomesticProductRealGrowth rdf:ID='A85217'>-1.4</NS0:grossDomesticProductRealGrowth>
    <NS0:grossDomesticProductPerCapita rdf:ID='A85220'>7100</NS0:grossDomesticProductPerCapita>
    <NS0:laborForce rdf:ID='A85223'>8300</NS0:laborForce>
    <NS0:occupation rdf:resource='#A85225'/>
    <NS0:occupation rdf:resource='#A85230'/>
    <NS0:occupation rdf:resource='#A85235'/>
    <NS0:unemploymentRate rdf:ID='A85240'>2.3</NS0:unemploymentRate>
    <NS0:budgetRevenues>57700000</NS0:budgetRevenues>
    <NS0:budgetExpenditures>80800000</NS0:budgetExpenditures>
    <NS0:budgetCapitalExpenditures rdf:ID='A85245'>17100000</NS0:budgetCapitalExpenditures>
    <NS0:industry rdf:resource='http://www.daml.org/2001/12/factbook/industries#tourism'/>
    <NS0:industry rdf:resource='http://www.daml.org/2001/12/factbook/industries#craft_items'/>
    <NS0:industry rdf:resource='http://www.daml.org/2001/12/factbook/industries#construction'/>
    <NS0:industry rdf:resource='http://www.daml.org/2001/12/factbook/industries#garment_making'/>
    <NS0:agricultureProduct rdf:resource='http://www.daml.org/2001/12/factbook/agricultureProducts#coconuts'/>
    <NS0:agricultureProduct rdf:resource='http://www.daml.org/2001/12/factbook/agricultureProducts#copra'/>
    <NS0:agricultureProduct rdf:resource='http://www.daml.org/2001/12/factbook/agricultureProducts#cassava'/>
    <NS0:agricultureProduct rdf:resource='http://www.daml.org/2001/12/factbook/agricultureProducts#sweet_potatoes'/>
    <NS0:exports rdf:ID='A85256'>14300000</NS0:exports>
    <NS0:exportsCommodity rdf:ID='A85261' rdf:resource='#A85258'/>
    <NS0:exportsCommodity rdf:resource='#A85263'/>
    <NS0:exportsCommodity rdf:resource='#A85267'/>
    <NS0:exportsCommodity rdf:resource='#A85271'/>
    <NS0:imports rdf:ID='A85275'>126000000</NS0:imports>
    <NS0:importsCommodity rdf:resource='#A85277'/>
    <NS0:importsCommodity rdf:resource='#A85281'/>
    <NS0:importsCommodity rdf:resource='#A85285'/>
    <NS0:externalDebt rdf:ID='A85289'>0</NS0:externalDebt>
    <NS0:currency>US dollar (USD)</NS0:currency>
    <NS0:currencyCode>USD</NS0:currencyCode>
    <NS0:fiscalYear>1 October - 30 September</NS0:fiscalYear>
    <NS0:mainTelephoneLines rdf:ID='A85294'>1500</NS0:mainTelephoneLines>
    <NS0:mobileTelephoneLines rdf:ID='A85296'>0</NS0:mobileTelephoneLines>
    <NS0:telephoneSystemGeneralAssessment>NA</NS0:telephoneSystemGeneralAssessment>
    <NS0:telephoneSystemDomestic>NA</NS0:telephoneSystemDomestic>
    <NS0:telephoneSystemInternational>satellite earth station - 1 Intelsat (Pacific Ocean)</NS0:telephoneSystemInternational>
    <NS0:radios rdf:ID='A85301'>12000</NS0:radios>
    <NS0:televisionBroadcastStations rdf:ID='A85303'>1</NS0:televisionBroadcastStations>
    <NS0:televisions rdf:ID='A85305'>11000</NS0:televisions>
    <NS0:internetCountryCode>.pw</NS0:internetCountryCode>
    <NS0:highwaysTotal>61</NS0:highwaysTotal>
    <NS0:highwaysPaved>36</NS0:highwaysPaved>
    <NS0:highwaysUnpaved>25</NS0:highwaysUnpaved>
    <NS0:port rdf:resource='#A85311'/>
    <NS0:airports rdf:ID='A85315'>3</NS0:airports>
    <NS0:airportBreakdown rdf:resource='#A85318'/>
    <NS0:airportBreakdown rdf:resource='#A85325'/>
    <NS0:internationalDispute>none</NS0:internationalDispute>
    <NS0:smallFlag>http://www.cia.gov/cia/publications/factbook/flags/ps-flag.jpg</NS0:smallFlag>
    <NS0:largeFlag>http://www.cia.gov/cia/publications/factbook/flags/ps-lgflag.jpg</NS0:largeFlag>
    <NS0:map>http://www.cia.gov/cia/publications/factbook/maps/ps-map.jpg</NS0:map>
    <NS0:exportPartner rdf:resource='#A127895'/>
    <NS0:exportPartner rdf:resource='#A127899'/>
    <NS0:importPartner rdf:resource='#A127903'/>
  </rdf:Description>
  <rdf:Description rdf:about='#A85158'>
    <rdf:type rdf:resource='#State'/>
    <NS0:name>Ngatpang</NS0:name>
  </rdf:Description>
  <rdf:Description rdf:about='#A85154'>
    <rdf:type rdf:resource='#State'/>
    <NS0:name>Ngardmau</NS0:name>
  </rdf:Description>
  <rdf:Description rdf:about='#A84963'>
    <rdf:type rdf:resource='http://www.daml.org/2001/12/factbook/factbook-ont#LatLon'/>
    <NS0:latitude>7.5</NS0:latitude>
    <NS0:longitude>134.5</NS0:longitude>
  </rdf:Description>
  <rdf:Description rdf:about='#A85011'>
    <rdf:type rdf:resource='http://www.daml.org/2001/12/factbook/factbook-ont#Estimate'/>
    <NS0:year>2001</NS0:year>
  </rdf:Description>
  <rdf:Description rdf:about='#A85275'>
    <NS0:note>f.o.b., FY99/00</NS0:note>
  </rdf:Description>
  <rdf:Description rdf:about='#A85150'>
    <rdf:type rdf:resource='#State'/>
    <NS0:name>Ngarchelong</NS0:name>
  </rdf:Description>
  <rdf:Description rdf:about='#A85146'>
    <rdf:type rdf:resource='#State'/>
    <NS0:name>Ngaraard</NS0:name>
  </rdf:Description>
  <rdf:Description rdf:about='#A85142'>
    <rdf:type rdf:resource='#State'/>
    <NS0:name>Melekeok</NS0:name>
  </rdf:Description>
  <rdf:Description rdf:about='#A85138'>
    <rdf:type rdf:resource='#State'/>
    <NS0:name>Koror</NS0:name>
  </rdf:Description>
  <rdf:Description rdf:about='#A85091'>
    <NS0:note>Tobi and English are official</NS0:note>
  </rdf:Description>
  <rdf:Description rdf:about='#A85076'>
    <NS0:note>Catholics, Seventh-Day Adventists, Jehovah&apos;s Witnesses, the Assembly of God, the Liebenzell Mission, and Latter-Day Saints</NS0:note>
  </rdf:Description>
  <rdf:Description rdf:about='#A85214'>
    <rdf:type rdf:resource='http://www.daml.org/2001/12/factbook/factbook-ont#Estimate'/>
    <NS0:year>1998</NS0:year>
  </rdf:Description>
  <rdf:Description rdf:about='#A85134'>
    <rdf:type rdf:resource='#State'/>
    <NS0:name>Kayangel</NS0:name>
  </rdf:Description>
  <rdf:Description rdf:about='#A85325'>
    <rdf:type rdf:resource='http://www.daml.org/2001/12/factbook/factbook-ont#AirportBreakdown'/>
    <NS0:paved>false</NS0:paved>
    <NS0:minRunway>1524</NS0:minRunway>
    <NS0:maxRunway>2437</NS0:maxRunway>
    <NS0:count>2 (2000 est.)</NS0:count>
  </rdf:Description>
  <rdf:Description rdf:about='#A85081'>
    <NS0:note>one-third of the population observes this religion which is indigenous to Palau</NS0:note>
  </rdf:Description>
  <rdf:Description rdf:about='#A85096'>
    <NS0:note>Angaur, Japanese, and English are official</NS0:note>
  </rdf:Description>
  <rdf:Description rdf:about='#A85130'>
    <rdf:type rdf:resource='#State'/>
    <NS0:name>Hatobohei</NS0:name>
  </rdf:Description>
  <rdf:Description rdf:about='#A85318'>
    <rdf:type rdf:resource='http://www.daml.org/2001/12/factbook/factbook-ont#AirportBreakdown'/>
    <NS0:paved>true</NS0:paved>
    <NS0:minRunway>1524</NS0:minRunway>
    <NS0:maxRunway>2437</NS0:maxRunway>
    <NS0:count>1 (2000 est.)</NS0:count>
  </rdf:Description>
  <rdf:Description rdf:about='#A85126'>
    <rdf:type rdf:resource='#State'/>
    <NS0:name>Angaur</NS0:name>
  </rdf:Description>
  <rdf:Description rdf:about='#A85122'>
    <rdf:type rdf:resource='#State'/>
    <NS0:name>Airai</NS0:name>
  </rdf:Description>
  <rdf:Description rdf:about='#A85311'>
    <rdf:type rdf:resource='http://www.daml.org/2001/12/factbook/factbook-ont#Port'/>
    <NS0:name>Koror</NS0:name>
  </rdf:Description>
  <rdf:Description rdf:about='#A127903'>
    <rdf:type rdf:resource='http://www.daml.org/2001/12/factbook/factbook-ont#CountryPercent'/>
    <NS0:country rdf:resource='http://www.daml.org/2001/09/countries/fips#US'/>
  </rdf:Description>
  <rdf:Description rdf:about='#A85118'>
    <rdf:type rdf:resource='#State'/>
    <NS0:name>Aimeliik</NS0:name>
  </rdf:Description>
  <rdf:Description rdf:about='#A127899'>
    <rdf:type rdf:resource='http://www.daml.org/2001/12/factbook/factbook-ont#CountryPercent'/>
    <NS0:country rdf:resource='http://www.daml.org/2001/09/countries/fips#JA'/>
  </rdf:Description>
  <rdf:Description rdf:about='#A85064'>
    <NS0:note>mainly Filipinos, followed by Chinese, Taiwanese, and Vietnamese</NS0:note>
  </rdf:Description>
  <rdf:Description rdf:about='#A127895'>
    <rdf:type rdf:resource='http://www.daml.org/2001/12/factbook/factbook-ont#CountryPercent'/>
    <NS0:country rdf:resource='http://www.daml.org/2001/09/countries/fips#US'/>
  </rdf:Description>
  <rdf:Description rdf:about='#A85303'>
    <NS0:year>1997</NS0:year>
  </rdf:Description>
  <rdf:Description rdf:about='#A85110'>
    <rdf:type rdf:resource='http://www.daml.org/2001/12/factbook/factbook-ont#CapitalCity'/>
    <NS0:name>Koror</NS0:name>
  </rdf:Description>
  <rdf:Description rdf:about='#A85305'>
    <NS0:year>1997</NS0:year>
  </rdf:Description>
  <rdf:Description rdf:about='#A85070'>
    <rdf:type rdf:resource='http://www.daml.org/2001/12/factbook/factbook-ont#Estimate'/>
    <NS0:year>2000</NS0:year>
  </rdf:Description>
  <rdf:Description rdf:about='#A85285'>
    <rdf:type rdf:resource='http://www.daml.org/2001/12/factbook/factbook-ont#CommodityPercent'/>
    <NS0:importsCommodity rdf:resource='http://www.daml.org/2001/12/factbook/commodities#metals;_foodstuffs'/>
  </rdf:Description>
  <rdf:Description rdf:about='#State'>
    <rdf:type rdf:resource='http://www.w3.org/2000/01/rdf-schema#Class'/>
    <rdfs:subClassOf rdf:resource='http://www.daml.org/2001/12/factbook/factbook-ont#AdministrativeDivision'/>
    <rdfs:label>State</rdfs:label>
  </rdf:Description>
  <rdf:Description rdf:about='#A85093'>
    <rdf:type rdf:resource='http://www.daml.org/2001/12/factbook/factbook-ont#LanguagePercent'/>
    <NS0:language rdf:resource='http://www.daml.org/2001/12/factbook/languages#Angaur'/>
  </rdf:Description>
  <rdf:Description rdf:about='#A85281'>
    <rdf:type rdf:resource='http://www.daml.org/2001/12/factbook/factbook-ont#CommodityPercent'/>
    <NS0:importsCommodity rdf:resource='http://www.daml.org/2001/12/factbook/commodities#fuels'/>
  </rdf:Description>
  <rdf:Description rdf:about='#A85088'>
    <rdf:type rdf:resource='http://www.daml.org/2001/12/factbook/factbook-ont#LanguagePercent'/>
    <NS0:language rdf:resource='http://www.daml.org/2001/12/factbook/languages#Tobi'/>
  </rdf:Description>
  <rdf:Description rdf:about='#A85256'>
    <NS0:note>f.o.b., 1996</NS0:note>
  </rdf:Description>
  <rdf:Description rdf:about='#A85277'>
    <rdf:type rdf:resource='http://www.daml.org/2001/12/factbook/factbook-ont#CommodityPercent'/>
    <NS0:importsCommodity rdf:resource='http://www.daml.org/2001/12/factbook/commodities#machinery_and_equipment'/>
  </rdf:Description>
  <rdf:Description rdf:about='#A85223'>
    <NS0:year>1999</NS0:year>
  </rdf:Description>
  <rdf:Description rdf:about='#A85083'>
    <rdf:type rdf:resource='http://www.daml.org/2001/12/factbook/factbook-ont#LanguagePercent'/>
    <NS0:language rdf:resource='http://www.daml.org/2001/12/factbook/languages#English_and_Palauan_official_in_all_states_except_Sonsoral'/>
  </rdf:Description>
  <rdf:Description rdf:about='#A85271'>
    <rdf:type rdf:resource='http://www.daml.org/2001/12/factbook/factbook-ont#CommodityPercent'/>
    <NS0:exportsCommodity rdf:resource='http://www.daml.org/2001/12/factbook/commodities#handicrafts'/>
  </rdf:Description>
  <rdf:Description rdf:about='#A85078'>
    <rdf:type rdf:resource='http://www.daml.org/2001/12/factbook/factbook-ont#ReligionPercent'/>
    <NS0:religion rdf:resource='http://www.daml.org/2001/12/factbook/religions#Modekngei_religion'/>
  </rdf:Description>
  <rdf:Description rdf:about='#A85008'>
    <rdf:type rdf:resource='http://www.daml.org/2001/12/factbook/factbook-ont#Estimate'/>
    <NS0:year>2001</NS0:year>
  </rdf:Description>
  <rdf:Description rdf:about='#A85267'>
    <rdf:type rdf:resource='http://www.daml.org/2001/12/factbook/factbook-ont#CommodityPercent'/>
    <NS0:exportsCommodity rdf:resource='http://www.daml.org/2001/12/factbook/commodities#copra'/>
  </rdf:Description>
  <rdf:Description rdf:about='#A85073'>
    <rdf:type rdf:resource='http://www.daml.org/2001/12/factbook/factbook-ont#ReligionPercent'/>
    <NS0:religion rdf:resource='http://www.daml.org/2001/12/factbook/religions#Christian'/>
  </rdf:Description>
  <rdf:Description rdf:about='#A85263'>
    <rdf:type rdf:resource='http://www.daml.org/2001/12/factbook/factbook-ont#CommodityPercent'/>
    <NS0:exportsCommodity rdf:resource='http://www.daml.org/2001/12/factbook/commodities#tuna'/>
  </rdf:Description>
  <rdf:Description rdf:about='#A85258'>
    <rdf:type rdf:resource='http://www.daml.org/2001/12/factbook/factbook-ont#CommodityPercent'/>
    <NS0:exportsCommodity rdf:resource='http://www.daml.org/2001/12/factbook/commodities#trochus'/>
  </rdf:Description>
  <rdf:Description rdf:about='#A85066'>
    <rdf:type rdf:resource='http://www.daml.org/2001/12/factbook/factbook-ont#EthnicGroupPercent'/>
    <NS0:ethnicGroup rdf:resource='http://www.daml.org/2001/12/factbook/ethnicGroups#white'/>
    <NS0:percent>2</NS0:percent>
  </rdf:Description>
  <rdf:Description rdf:about='#A85060'>
    <rdf:type rdf:resource='http://www.daml.org/2001/12/factbook/factbook-ont#EthnicGroupPercent'/>
    <NS0:ethnicGroup rdf:resource='http://www.daml.org/2001/12/factbook/ethnicGroups#Asian'/>
    <NS0:percent>28</NS0:percent>
  </rdf:Description>
  <rdf:Description rdf:about='#A85054'>
    <rdf:type rdf:resource='http://www.daml.org/2001/12/factbook/factbook-ont#EthnicGroupPercent'/>
    <NS0:ethnicGroup rdf:resource='http://www.daml.org/2001/12/factbook/ethnicGroups#Palauan'/>
    <NS0:percent>70</NS0:percent>
  </rdf:Description>
  <rdf:Description rdf:about='#A85261'>
    <NS0:note>type of shellfish</NS0:note>
  </rdf:Description>
  <rdf:Description rdf:about='#A85289'>
    <NS0:note>FY99/00</NS0:note>
  </rdf:Description>
  <rdf:Description rdf:about='#A85235'>
    <rdf:type rdf:resource='http://www.daml.org/2001/12/factbook/factbook-ont#OccupationPercent'/>
    <NS0:occupation rdf:resource='http://www.daml.org/2001/12/factbook/occupations#services'/>
    <NS0:percent>NA</NS0:percent>
  </rdf:Description>
  <rdf:Description rdf:about='#A85040'>
    <rdf:type rdf:resource='http://www.daml.org/2001/12/factbook/factbook-ont#SexRatioBreakdown'/>
    <NS0:ratio>1.14</NS0:ratio>
  </rdf:Description>
  <rdf:Description rdf:about='#A85230'>
    <rdf:type rdf:resource='http://www.daml.org/2001/12/factbook/factbook-ont#OccupationPercent'/>
    <NS0:occupation rdf:resource='http://www.daml.org/2001/12/factbook/occupations#industry'/>
    <NS0:percent>NA</NS0:percent>
  </rdf:Description>
  <rdf:Description rdf:about='#A85240'>
    <rdf:type rdf:resource='http://www.daml.org/2001/12/factbook/factbook-ont#Estimate'/>
    <NS0:year>2000</NS0:year>
  </rdf:Description>
  <rdf:Description rdf:about='#A85035'>
    <rdf:type rdf:resource='http://www.daml.org/2001/12/factbook/factbook-ont#SexRatioBreakdown'/>
    <NS0:minAge>65</NS0:minAge>
    <NS0:ratio>0.9</NS0:ratio>
  </rdf:Description>
  <rdf:Description rdf:about='#A85225'>
    <rdf:type rdf:resource='http://www.daml.org/2001/12/factbook/factbook-ont#OccupationPercent'/>
    <NS0:occupation rdf:resource='http://www.daml.org/2001/12/factbook/occupations#agriculture'/>
    <NS0:percent>NA</NS0:percent>
  </rdf:Description>
  <rdf:Description rdf:about='#A85029'>
    <rdf:type rdf:resource='http://www.daml.org/2001/12/factbook/factbook-ont#SexRatioBreakdown'/>
    <NS0:minAge>15</NS0:minAge>
    <NS0:maxAge>64</NS0:maxAge>
    <NS0:ratio>1.2</NS0:ratio>
  </rdf:Description>
  <rdf:Description rdf:about='#A85058'>
    <NS0:note>Micronesian with Malayan and Melanesian admixtures</NS0:note>
  </rdf:Description>
  <rdf:Description rdf:about='#A85023'>
    <rdf:type rdf:resource='http://www.daml.org/2001/12/factbook/factbook-ont#SexRatioBreakdown'/>
    <NS0:minAge>0</NS0:minAge>
    <NS0:maxAge>14</NS0:maxAge>
    <NS0:ratio>1.06</NS0:ratio>
  </rdf:Description>
  <rdf:Description rdf:about='#A85217'>
    <rdf:type rdf:resource='http://www.daml.org/2001/12/factbook/factbook-ont#Estimate'/>
    <NS0:year>1998</NS0:year>
  </rdf:Description>
  <rdf:Description rdf:about='#A85043'>
    <rdf:type rdf:resource='http://www.daml.org/2001/12/factbook/factbook-ont#Estimate'/>
    <NS0:year>2001</NS0:year>
  </rdf:Description>
  <rdf:Description rdf:about='#A85017'>
    <rdf:type rdf:resource='http://www.daml.org/2001/12/factbook/factbook-ont#SexRatioBreakdown'/>
    <NS0:minAge>0</NS0:minAge>
    <NS0:maxAge>0</NS0:maxAge>
    <NS0:ratio>1.06</NS0:ratio>
  </rdf:Description>
  <rdf:Description rdf:about='#A85046'>
    <rdf:type rdf:resource='http://www.daml.org/2001/12/factbook/factbook-ont#Estimate'/>
    <NS0:year>2001</NS0:year>
  </rdf:Description>
  <rdf:Description rdf:about='#A85002'>
    <rdf:type rdf:resource='http://www.daml.org/2001/12/factbook/factbook-ont#Estimate'/>
    <NS0:note>July 2001</NS0:note>
  </rdf:Description>
  <rdf:Description rdf:about='#A85101'>
    <rdf:type rdf:resource='http://www.daml.org/2001/12/factbook/factbook-ont#Estimate'/>
    <NS0:year>1980</NS0:year>
  </rdf:Description>
  <rdf:Description rdf:about='#A85113'>
    <NS0:note>note - a new capital is being built about 20 km northeast of Koror</NS0:note>
  </rdf:Description>
  <rdf:Description rdf:about='#A85315'>
    <rdf:type rdf:resource='http://www.daml.org/2001/12/factbook/factbook-ont#Estimate'/>
    <NS0:year>2000</NS0:year>
  </rdf:Description>
  <rdf:Description rdf:about='#A85049'>
    <rdf:type rdf:resource='http://www.daml.org/2001/12/factbook/factbook-ont#Estimate'/>
    <NS0:year>2001</NS0:year>
  </rdf:Description>
  <rdf:Description rdf:about='#A85186'>
    <rdf:type rdf:resource='#State'/>
    <NS0:name>Tobi</NS0:name>
  </rdf:Description>
</rdf:RDF>
