<?xml version='1.0' encoding='ISO-8859-1'?>
<rdf:RDF
  xmlns:rdf='http://www.w3.org/1999/02/22-rdf-syntax-ns#'
  xmlns:NS0='http://www.daml.org/2001/12/factbook/factbook-ont#'
  xml:base="http://www.daml.org/2001/12/factbook/re">
  <rdf:Description rdf:about='#A86356'>
    <rdf:type rdf:resource='http://www.daml.org/2001/12/factbook/factbook-ont#Estimate'/>
    <NS0:year>1998</NS0:year>
  </rdf:Description>
  <rdf:Description rdf:about='#A86227'>
    <rdf:type rdf:resource='http://www.daml.org/2001/12/factbook/factbook-ont#Estimate'/>
    <NS0:year>2001</NS0:year>
  </rdf:Description>
  <rdf:Description rdf:about='#A86323'>
    <rdf:type rdf:resource='http://www.daml.org/2001/12/factbook/factbook-ont#LanguagePercent'/>
    <NS0:language rdf:resource='http://www.daml.org/2001/12/factbook/languages#Creole_widely_used'/>
  </rdf:Description>
  <rdf:Description rdf:about='#A86318'>
    <rdf:type rdf:resource='http://www.daml.org/2001/12/factbook/factbook-ont#LanguagePercent'/>
    <NS0:language rdf:resource='http://www.daml.org/2001/12/factbook/languages#French'/>
  </rdf:Description>
  <rdf:Description rdf:about='#A86392'>
    <NS0:year>1999</NS0:year>
  </rdf:Description>
  <rdf:Description rdf:about='#A86316'>
    <NS0:year>1995</NS0:year>
  </rdf:Description>
  <rdf:Description rdf:about='#A86518'>
    <rdf:type rdf:resource='http://www.daml.org/2001/12/factbook/factbook-ont#Estimate'/>
    <NS0:year>2001</NS0:year>
  </rdf:Description>
  <rdf:Description rdf:about='#A86483'>
    <NS0:note>including 73 km of four-lane road</NS0:note>
  </rdf:Description>
  <rdf:Description rdf:about='#A86313'>
    <rdf:type rdf:resource='http://www.daml.org/2001/12/factbook/factbook-ont#ReligionPercent'/>
    <NS0:religion rdf:resource='http://www.daml.org/2001/12/factbook/religions#Buddhist'/>
  </rdf:Description>
  <rdf:Description rdf:about='#A86504'>
    <rdf:type rdf:resource='http://www.daml.org/2001/12/factbook/factbook-ont#AirportBreakdown'/>
    <NS0:paved>true</NS0:paved>
    <NS0:minRunway>914</NS0:minRunway>
    <NS0:maxRunway>1523</NS0:maxRunway>
    <NS0:count>1 (2000 est.)</NS0:count>
  </rdf:Description>
  <rdf:Description rdf:about='#A86309'>
    <rdf:type rdf:resource='http://www.daml.org/2001/12/factbook/factbook-ont#ReligionPercent'/>
    <NS0:religion rdf:resource='http://www.daml.org/2001/12/factbook/religions#Muslim'/>
  </rdf:Description>
  <rdf:Description rdf:about='#A86497'>
    <rdf:type rdf:resource='http://www.daml.org/2001/12/factbook/factbook-ont#AirportBreakdown'/>
    <NS0:paved>true</NS0:paved>
    <NS0:minRunway>2438</NS0:minRunway>
    <NS0:maxRunway>3047</NS0:maxRunway>
    <NS0:count>1</NS0:count>
  </rdf:Description>
  <rdf:Description rdf:about='#A86305'>
    <rdf:type rdf:resource='http://www.daml.org/2001/12/factbook/factbook-ont#ReligionPercent'/>
    <NS0:religion rdf:resource='http://www.daml.org/2001/12/factbook/religions#Hindu'/>
  </rdf:Description>
  <rdf:Description rdf:about='#A86300'>
    <rdf:type rdf:resource='http://www.daml.org/2001/12/factbook/factbook-ont#ReligionPercent'/>
    <NS0:religion rdf:resource='http://www.daml.org/2001/12/factbook/religions#Roman_Catholic'/>
    <NS0:percent>86</NS0:percent>
  </rdf:Description>
  <rdf:Description rdf:about='#A86490'>
    <rdf:type rdf:resource='http://www.daml.org/2001/12/factbook/factbook-ont#Port'/>
    <NS0:name>Pointe des Galets</NS0:name>
  </rdf:Description>
  <rdf:Description rdf:about='#A86296'>
    <rdf:type rdf:resource='http://www.daml.org/2001/12/factbook/factbook-ont#EthnicGroupPercent'/>
    <NS0:ethnicGroup rdf:resource='http://www.daml.org/2001/12/factbook/ethnicGroups#Indian'/>
  </rdf:Description>
  <rdf:Description rdf:about='#A86475'>
    <NS0:year>1997</NS0:year>
  </rdf:Description>
  <rdf:Description rdf:about='#A86512'>
    <rdf:type rdf:resource='http://www.daml.org/2001/12/factbook/factbook-ont#Estimate'/>
    <NS0:year>2001</NS0:year>
  </rdf:Description>
  <rdf:Description rdf:about='#A86486'>
    <rdf:type rdf:resource='http://www.daml.org/2001/12/factbook/factbook-ont#Port'/>
    <NS0:name>Le Port</NS0:name>
  </rdf:Description>
  <rdf:Description rdf:about='#A86292'>
    <rdf:type rdf:resource='http://www.daml.org/2001/12/factbook/factbook-ont#EthnicGroupPercent'/>
    <NS0:ethnicGroup rdf:resource='http://www.daml.org/2001/12/factbook/ethnicGroups#Pakistani'/>
  </rdf:Description>
  <rdf:Description rdf:about='#A86398'>
    <NS0:year>1999</NS0:year>
  </rdf:Description>
  <rdf:Description rdf:about='#A86288'>
    <rdf:type rdf:resource='http://www.daml.org/2001/12/factbook/factbook-ont#EthnicGroupPercent'/>
    <NS0:ethnicGroup rdf:resource='http://www.daml.org/2001/12/factbook/ethnicGroups#Chinese'/>
  </rdf:Description>
  <rdf:Description rdf:about='#A86218'>
    <rdf:type rdf:resource='http://www.daml.org/2001/12/factbook/factbook-ont#Estimate'/>
    <NS0:year>1993</NS0:year>
  </rdf:Description>
  <rdf:Description rdf:about='#A86387'>
    <NS0:year>1999</NS0:year>
  </rdf:Description>
  <rdf:Description rdf:about='#A86284'>
    <rdf:type rdf:resource='http://www.daml.org/2001/12/factbook/factbook-ont#EthnicGroupPercent'/>
    <NS0:ethnicGroup rdf:resource='http://www.daml.org/2001/12/factbook/ethnicGroups#Malagasy'/>
  </rdf:Description>
  <rdf:Description rdf:about='#A128400'>
    <NS0:note>1994</NS0:note>
  </rdf:Description>
  <rdf:Description rdf:about='#A86280'>
    <rdf:type rdf:resource='http://www.daml.org/2001/12/factbook/factbook-ont#EthnicGroupPercent'/>
    <NS0:ethnicGroup rdf:resource='http://www.daml.org/2001/12/factbook/ethnicGroups#African'/>
  </rdf:Description>
  <rdf:Description rdf:about='#A86276'>
    <rdf:type rdf:resource='http://www.daml.org/2001/12/factbook/factbook-ont#EthnicGroupPercent'/>
    <NS0:ethnicGroup rdf:resource='http://www.daml.org/2001/12/factbook/ethnicGroups#French'/>
  </rdf:Description>
  <rdf:Description rdf:about='#A86459'>
    <rdf:type rdf:resource='http://www.daml.org/2001/12/factbook/factbook-ont#CommodityPercent'/>
    <NS0:importsCommodity rdf:resource='http://www.daml.org/2001/12/factbook/commodities#petroleum_products'/>
  </rdf:Description>
  <rdf:Description rdf:about='#A86396'>
    <NS0:year>1999</NS0:year>
  </rdf:Description>
  <rdf:Description rdf:about='#A86455'>
    <rdf:type rdf:resource='http://www.daml.org/2001/12/factbook/factbook-ont#CommodityPercent'/>
    <NS0:importsCommodity rdf:resource='http://www.daml.org/2001/12/factbook/commodities#raw_materials'/>
  </rdf:Description>
  <rdf:Description rdf:about='#A86262'>
    <rdf:type rdf:resource='http://www.daml.org/2001/12/factbook/factbook-ont#SexRatioBreakdown'/>
    <NS0:ratio>0.97</NS0:ratio>
  </rdf:Description>
  <rdf:Description rdf:about='#A86230'>
    <rdf:type rdf:resource='http://www.daml.org/2001/12/factbook/factbook-ont#Estimate'/>
    <NS0:year>2001</NS0:year>
  </rdf:Description>
  <rdf:Description rdf:about='#A86451'>
    <rdf:type rdf:resource='http://www.daml.org/2001/12/factbook/factbook-ont#CommodityPercent'/>
    <NS0:importsCommodity rdf:resource='http://www.daml.org/2001/12/factbook/commodities#machinery_and_transportation_equipment'/>
  </rdf:Description>
  <rdf:Description rdf:about='#A86394'>
    <NS0:year>1999</NS0:year>
  </rdf:Description>
  <rdf:Description rdf:about='#A86257'>
    <rdf:type rdf:resource='http://www.daml.org/2001/12/factbook/factbook-ont#SexRatioBreakdown'/>
    <NS0:minAge>65</NS0:minAge>
    <NS0:ratio>0.68</NS0:ratio>
  </rdf:Description>
  <rdf:Description rdf:about='#A86447'>
    <rdf:type rdf:resource='http://www.daml.org/2001/12/factbook/factbook-ont#CommodityPercent'/>
    <NS0:importsCommodity rdf:resource='http://www.daml.org/2001/12/factbook/commodities#tobacco'/>
  </rdf:Description>
  <rdf:Description rdf:about='#A86271'>
    <rdf:type rdf:resource='http://www.daml.org/2001/12/factbook/factbook-ont#Estimate'/>
    <NS0:year>2001</NS0:year>
  </rdf:Description>
  <rdf:Description rdf:about='#A86515'>
    <rdf:type rdf:resource='http://www.daml.org/2001/12/factbook/factbook-ont#Estimate'/>
    <NS0:year>2001</NS0:year>
  </rdf:Description>
  <rdf:Description rdf:about='#A86359'>
    <rdf:type rdf:resource='http://www.daml.org/2001/12/factbook/factbook-ont#Estimate'/>
    <NS0:year>1998</NS0:year>
  </rdf:Description>
  <rdf:Description rdf:about='#A86443'>
    <rdf:type rdf:resource='http://www.daml.org/2001/12/factbook/factbook-ont#CommodityPercent'/>
    <NS0:importsCommodity rdf:resource='http://www.daml.org/2001/12/factbook/commodities#beverages'/>
  </rdf:Description>
  <rdf:Description rdf:about='#A86251'>
    <rdf:type rdf:resource='http://www.daml.org/2001/12/factbook/factbook-ont#SexRatioBreakdown'/>
    <NS0:minAge>15</NS0:minAge>
    <NS0:maxAge>64</NS0:maxAge>
    <NS0:ratio>0.97</NS0:ratio>
  </rdf:Description>
  <rdf:Description rdf:about='#A86378'>
    <NS0:year>1990</NS0:year>
  </rdf:Description>
  <rdf:Description rdf:about='#A86439'>
    <rdf:type rdf:resource='http://www.daml.org/2001/12/factbook/factbook-ont#CommodityPercent'/>
    <NS0:importsCommodity rdf:resource='http://www.daml.org/2001/12/factbook/commodities#food'/>
  </rdf:Description>
  <rdf:Description rdf:about='#A86330'>
    <rdf:type rdf:resource='http://www.daml.org/2001/12/factbook/factbook-ont#Estimate'/>
    <NS0:year>1982</NS0:year>
  </rdf:Description>
  <rdf:Description rdf:about='#A86245'>
    <rdf:type rdf:resource='http://www.daml.org/2001/12/factbook/factbook-ont#SexRatioBreakdown'/>
    <NS0:minAge>0</NS0:minAge>
    <NS0:maxAge>14</NS0:maxAge>
    <NS0:ratio>1.05</NS0:ratio>
  </rdf:Description>
  <rdf:Description rdf:about='#A86435'>
    <rdf:type rdf:resource='http://www.daml.org/2001/12/factbook/factbook-ont#CommodityPercent'/>
    <NS0:importsCommodity rdf:resource='http://www.daml.org/2001/12/factbook/commodities#manufactured_goods'/>
  </rdf:Description>
  <rdf:Description rdf:about='#A86406'>
    <NS0:note>f.o.b., 1997</NS0:note>
  </rdf:Description>
  <rdf:Description rdf:about='#A86239'>
    <rdf:type rdf:resource='http://www.daml.org/2001/12/factbook/factbook-ont#SexRatioBreakdown'/>
    <NS0:minAge>0</NS0:minAge>
    <NS0:maxAge>0</NS0:maxAge>
    <NS0:ratio>1.05</NS0:ratio>
  </rdf:Description>
  <rdf:Description rdf:about='#A86428'>
    <rdf:type rdf:resource='http://www.daml.org/2001/12/factbook/factbook-ont#CommodityPercent'/>
    <NS0:exportsCommodity rdf:resource='http://www.daml.org/2001/12/factbook/commodities#'/>
  </rdf:Description>
  <rdf:Description rdf:about='#A86423'>
    <rdf:type rdf:resource='http://www.daml.org/2001/12/factbook/factbook-ont#CommodityPercent'/>
    <NS0:exportsCommodity rdf:resource='http://www.daml.org/2001/12/factbook/commodities#lobster'/>
    <NS0:percent>3</NS0:percent>
  </rdf:Description>
  <rdf:Description rdf:about='#A86494'>
    <rdf:type rdf:resource='http://www.daml.org/2001/12/factbook/factbook-ont#Estimate'/>
    <NS0:year>2000</NS0:year>
  </rdf:Description>
  <rdf:Description rdf:about='#A86418'>
    <rdf:type rdf:resource='http://www.daml.org/2001/12/factbook/factbook-ont#CommodityPercent'/>
    <NS0:exportsCommodity rdf:resource='http://www.daml.org/2001/12/factbook/commodities#perfume_essences'/>
    <NS0:percent>2</NS0:percent>
  </rdf:Description>
  <rdf:Description rdf:about='#A128379'>
    <NS0:note>1994</NS0:note>
  </rdf:Description>
  <rdf:Description rdf:about='#A86413'>
    <rdf:type rdf:resource='http://www.daml.org/2001/12/factbook/factbook-ont#CommodityPercent'/>
    <NS0:exportsCommodity rdf:resource='http://www.daml.org/2001/12/factbook/commodities#rum_and_molasses'/>
    <NS0:percent>4</NS0:percent>
  </rdf:Description>
  <rdf:Description rdf:about='#A86353'>
    <rdf:type rdf:resource='http://www.daml.org/2001/12/factbook/factbook-ont#Estimate'/>
    <NS0:year>1998</NS0:year>
  </rdf:Description>
  <rdf:Description rdf:about='#A86408'>
    <rdf:type rdf:resource='http://www.daml.org/2001/12/factbook/factbook-ont#CommodityPercent'/>
    <NS0:exportsCommodity rdf:resource='http://www.daml.org/2001/12/factbook/commodities#sugar'/>
    <NS0:percent>63</NS0:percent>
  </rdf:Description>
  <rdf:Description rdf:about='#A86478'>
    <NS0:year>2000</NS0:year>
  </rdf:Description>
  <rdf:Description rdf:about='#A86236'>
    <rdf:type rdf:resource='http://www.daml.org/2001/12/factbook/factbook-ont#Estimate'/>
    <NS0:year>2001</NS0:year>
  </rdf:Description>
  <rdf:Description rdf:about='#A86480'>
    <NS0:year>2000</NS0:year>
  </rdf:Description>
  <rdf:Description rdf:about='#A86265'>
    <rdf:type rdf:resource='http://www.daml.org/2001/12/factbook/factbook-ont#Estimate'/>
    <NS0:year>2001</NS0:year>
  </rdf:Description>
  <rdf:Description rdf:about='#A86203'>
    <rdf:type rdf:resource='http://www.daml.org/2001/12/factbook/factbook-ont#ElevationExtreme'/>
    <NS0:name>Piton des Neiges</NS0:name>
    <NS0:elevation>3069</NS0:elevation>
  </rdf:Description>
  <rdf:Description rdf:about='#A86473'>
    <NS0:year>1997</NS0:year>
  </rdf:Description>
  <rdf:Description rdf:about='#A86198'>
    <rdf:type rdf:resource='http://www.daml.org/2001/12/factbook/factbook-ont#ElevationExtreme'/>
    <NS0:name>Indian Ocean</NS0:name>
    <NS0:elevation>0</NS0:elevation>
  </rdf:Description>
  <rdf:Description rdf:about='#A86268'>
    <rdf:type rdf:resource='http://www.daml.org/2001/12/factbook/factbook-ont#Estimate'/>
    <NS0:year>2001</NS0:year>
  </rdf:Description>
  <rdf:Description rdf:about='#A86215'>
    <rdf:type rdf:resource='http://www.daml.org/2001/12/factbook/factbook-ont#Estimate'/>
    <NS0:year>1993</NS0:year>
  </rdf:Description>
  <rdf:Description rdf:about='#A86431'>
    <NS0:year>1993</NS0:year>
  </rdf:Description>
  <rdf:Description rdf:about='#A128396'>
    <rdf:type rdf:resource='http://www.daml.org/2001/12/factbook/factbook-ont#CountryPercent'/>
    <NS0:country rdf:resource='http://www.daml.org/2001/09/countries/fips#IT'/>
    <NS0:percent>3</NS0:percent>
  </rdf:Description>
  <rdf:Description rdf:about='#A86466'>
    <NS0:year>1997</NS0:year>
  </rdf:Description>
  <rdf:Description rdf:about='#A86183'>
    <rdf:type rdf:resource='http://www.daml.org/2001/12/factbook/factbook-ont#LatLon'/>
    <NS0:latitude>-21.1</NS0:latitude>
    <NS0:longitude>55.6</NS0:longitude>
  </rdf:Description>
  <rdf:Description rdf:about='#A86374'>
    <rdf:type rdf:resource='http://www.daml.org/2001/12/factbook/factbook-ont#OccupationPercent'/>
    <NS0:occupation rdf:resource='http://www.daml.org/2001/12/factbook/occupations#services'/>
    <NS0:percent>73</NS0:percent>
  </rdf:Description>
  <rdf:Description rdf:about='#A128391'>
    <rdf:type rdf:resource='http://www.daml.org/2001/12/factbook/factbook-ont#CountryPercent'/>
    <NS0:country rdf:resource='http://www.daml.org/2001/09/countries/fips#GM'/>
    <NS0:percent>3</NS0:percent>
  </rdf:Description>
  <rdf:Description rdf:about='#A86369'>
    <rdf:type rdf:resource='http://www.daml.org/2001/12/factbook/factbook-ont#OccupationPercent'/>
    <NS0:occupation rdf:resource='http://www.daml.org/2001/12/factbook/occupations#industry'/>
    <NS0:percent>19</NS0:percent>
  </rdf:Description>
  <rdf:Description rdf:about='#A86468'>
    <NS0:year>1999</NS0:year>
  </rdf:Description>
  <rdf:Description rdf:about='#A86321'>
    <NS0:note>official</NS0:note>
  </rdf:Description>
  <rdf:Description rdf:about='#A128386'>
    <rdf:type rdf:resource='http://www.daml.org/2001/12/factbook/factbook-ont#CountryPercent'/>
    <NS0:country rdf:resource='http://www.daml.org/2001/09/countries/fips#BA'/>
    <NS0:percent>3</NS0:percent>
  </rdf:Description>
  <rdf:Description rdf:about='#A86364'>
    <rdf:type rdf:resource='http://www.daml.org/2001/12/factbook/factbook-ont#OccupationPercent'/>
    <NS0:occupation rdf:resource='http://www.daml.org/2001/12/factbook/occupations#agriculture'/>
    <NS0:percent>8</NS0:percent>
  </rdf:Description>
  <rdf:Description rdf:about='#A128381'>
    <rdf:type rdf:resource='http://www.daml.org/2001/12/factbook/factbook-ont#CountryPercent'/>
    <NS0:country rdf:resource='http://www.daml.org/2001/09/countries/fips#FR'/>
    <NS0:percent>64</NS0:percent>
  </rdf:Description>
  <rdf:Description rdf:about='#A86433'>
    <NS0:note>c.i.f., 1997</NS0:note>
  </rdf:Description>
  <rdf:Description rdf:about='http://www.daml.org/2001/09/countries/fips#RE'>
    <NS0:background>The Portuguese discovered the uninhabited island in 1513. From the 17th to the 19th centuries, French immigration supplemented by influxes of Africans, Chinese, Malays, and Malabar Indians gave the island its ethnic mix. The opening of the Suez Canal in 1869 cost the island its importance as a stopover on the East Indies trade route.</NS0:background>
    <NS0:location>Southern Africa, island in the Indian Ocean, east of Madagascar</NS0:location>
    <NS0:geographicCoordinates rdf:resource='#A86183'/>
    <NS0:mapReferences>World</NS0:mapReferences>
    <NS0:totalArea>2512</NS0:totalArea>
    <NS0:landArea>2502</NS0:landArea>
    <NS0:waterArea>10</NS0:waterArea>
    <NS0:comparativeArea>slightly smaller than Rhode Island</NS0:comparativeArea>
    <NS0:coastline>207</NS0:coastline>
    <NS0:exclusiveEconomicZone>200</NS0:exclusiveEconomicZone>
    <NS0:territorialSea>12</NS0:territorialSea>
    <NS0:climate>tropical, but temperature moderates with elevation; cool and dry from May to November, hot and rainy from November to April</NS0:climate>
    <NS0:terrain>mostly rugged and mountainous; fertile lowlands along coast</NS0:terrain>
    <NS0:lowestPoint rdf:resource='#A86198'/>
    <NS0:highestPoint rdf:resource='#A86203'/>
    <NS0:naturalResource rdf:resource='http://www.daml.org/2001/12/factbook/naturalResources#fish'/>
    <NS0:naturalResource rdf:resource='http://www.daml.org/2001/12/factbook/naturalResources#arable_land'/>
    <NS0:naturalResource rdf:resource='http://www.daml.org/2001/12/factbook/naturalResources#hydropower'/>
    <NS0:arableLand>17</NS0:arableLand>
    <NS0:permanentCrops>2</NS0:permanentCrops>
    <NS0:permanentPastures>5</NS0:permanentPastures>
    <NS0:forestsAndWoodland>35</NS0:forestsAndWoodland>
    <NS0:otherLandUse rdf:ID='A86215'>41</NS0:otherLandUse>
    <NS0:irrigatedLand rdf:ID='A86218'>60</NS0:irrigatedLand>
    <NS0:naturalHazard>periodic, devastating cyclones</NS0:naturalHazard>
    <NS0:naturalHazard>Piton de la Fournaise on the southeastern coast is an active volcano</NS0:naturalHazard>
    <NS0:environmentalIssue>NA</NS0:environmentalIssue>
    <NS0:population rdf:ID='A86224'>732570</NS0:population>
    <NS0:populationGrowthRate rdf:ID='A86227'>1.57</NS0:populationGrowthRate>
    <NS0:birthRate rdf:ID='A86230'>21.26</NS0:birthRate>
    <NS0:deathRate rdf:ID='A86233'>5.52</NS0:deathRate>
    <NS0:netMigrationRate rdf:ID='A86236'>0</NS0:netMigrationRate>
    <NS0:sexRatio rdf:resource='#A86239'/>
    <NS0:sexRatio rdf:resource='#A86245'/>
    <NS0:sexRatio rdf:resource='#A86251'/>
    <NS0:sexRatio rdf:resource='#A86257'/>
    <NS0:sexRatio rdf:ID='A86265' rdf:resource='#A86262'/>
    <NS0:infantMortalityRate rdf:ID='A86268'>8.49</NS0:infantMortalityRate>
    <NS0:totalFertilityRate rdf:ID='A86271'>2.58</NS0:totalFertilityRate>
    <NS0:nationalityNoun>Reunionese (singular and plural)</NS0:nationalityNoun>
    <NS0:nationalityAdjective>Reunionese</NS0:nationalityAdjective>
    <NS0:ethnicGroup rdf:resource='#A86276'/>
    <NS0:ethnicGroup rdf:resource='#A86280'/>
    <NS0:ethnicGroup rdf:resource='#A86284'/>
    <NS0:ethnicGroup rdf:resource='#A86288'/>
    <NS0:ethnicGroup rdf:resource='#A86292'/>
    <NS0:ethnicGroup rdf:resource='#A86296'/>
    <NS0:religion rdf:resource='#A86300'/>
    <NS0:religion rdf:resource='#A86305'/>
    <NS0:religion rdf:resource='#A86309'/>
    <NS0:religion rdf:ID='A86316' rdf:resource='#A86313'/>
    <NS0:language rdf:ID='A86321' rdf:resource='#A86318'/>
    <NS0:language rdf:resource='#A86323'/>
    <NS0:literacyDefinition>age 15 and over can read and write</NS0:literacyDefinition>
    <NS0:literacyTotal>79</NS0:literacyTotal>
    <NS0:literacyMale>76</NS0:literacyMale>
    <NS0:literacyFemale rdf:ID='A86330'>80</NS0:literacyFemale>
    <NS0:conventionalLongCountryName>Department of Reunion</NS0:conventionalLongCountryName>
    <NS0:conventionalShortCountryName>Reunion</NS0:conventionalShortCountryName>
    <NS0:localLongCountryName>none</NS0:localLongCountryName>
    <NS0:localShortCountryName>Ile de la Reunion</NS0:localShortCountryName>
    <NS0:formerCountryName>Bourbon Island</NS0:formerCountryName>
    <NS0:dependencyStatus>overseas department of France</NS0:dependencyStatus>
    <NS0:governmentType rdf:resource='http://www.daml.org/2001/12/factbook/governmentTypes#NA'/>
    <NS0:capital rdf:resource='#A86340'/>
    <NS0:independence>none (overseas department of France)</NS0:independence>
    <NS0:constitution>28 September 1958 (French Constitution)</NS0:constitution>
    <NS0:legalSystem>French law</NS0:legalSystem>
    <NS0:suffrage>18 years of age; universal</NS0:suffrage>
    <NS0:participatesIn rdf:resource='http://www.daml.org/2001/12/factbook/internationalOrganizations#FZ'/>
    <NS0:participatesIn rdf:resource='http://www.daml.org/2001/12/factbook/internationalOrganizations#InOC'/>
    <NS0:participatesIn rdf:resource='http://www.daml.org/2001/12/factbook/internationalOrganizations#WFTU'/>
    <NS0:flagDescription>the flag of France is used</NS0:flagDescription>
    <NS0:economyOverview>The economy has traditionally been based on agriculture. Sugarcane has been the primary crop for more than a century, and in some years it accounts for 85% of exports. The government has been pushing the development of a tourist industry to relieve high unemployment, which amounts to more than 40% of the labor force. The gap in Reunion between the well-off and the poor is extraordinary and accounts for the persistent social tensions. The white and Indian communities are substantially better off than other segments of the population, often approaching European standards, whereas minority groups suffer the poverty and unemployment typical of the poorer nations of the African continent. The outbreak of severe rioting in February 1991 illustrates the seriousness of socioeconomic tensions. The economic well-being of Reunion depends heavily on continued financial assistance from France.</NS0:economyOverview>
    <NS0:grossDomesticProduct rdf:ID='A86353'>3400000000</NS0:grossDomesticProduct>
    <NS0:grossDomesticProductRealGrowth rdf:ID='A86356'>3.8</NS0:grossDomesticProductRealGrowth>
    <NS0:grossDomesticProductPerCapita rdf:ID='A86359'>4800</NS0:grossDomesticProductPerCapita>
    <NS0:laborForce rdf:ID='A86362'>261000</NS0:laborForce>
    <NS0:occupation rdf:resource='#A86364'/>
    <NS0:occupation rdf:resource='#A86369'/>
    <NS0:occupation rdf:ID='A86378' rdf:resource='#A86374'/>
    <NS0:unemploymentRate rdf:ID='A86380'>42.8</NS0:unemploymentRate>
    <NS0:industry rdf:resource='http://www.daml.org/2001/12/factbook/industries#sugar'/>
    <NS0:industry rdf:resource='http://www.daml.org/2001/12/factbook/industries#rum'/>
    <NS0:industry rdf:resource='http://www.daml.org/2001/12/factbook/industries#cigarettes'/>
    <NS0:industry rdf:resource='http://www.daml.org/2001/12/factbook/industries#handicraft_items'/>
    <NS0:industry rdf:resource='http://www.daml.org/2001/12/factbook/industries#flower_oil_extraction'/>
    <NS0:electricityProduction rdf:ID='A86387'>1100000000</NS0:electricityProduction>
    <NS0:electricityProductionFossilFuel>54.55</NS0:electricityProductionFossilFuel>
    <NS0:electricityProductionHydro>45.45</NS0:electricityProductionHydro>
    <NS0:electricityProductionNuclear>0</NS0:electricityProductionNuclear>
    <NS0:electricityProductionOther rdf:ID='A86392'>0</NS0:electricityProductionOther>
    <NS0:electricityConsumption rdf:ID='A86394'>1022999999</NS0:electricityConsumption>
    <NS0:electricityExports rdf:ID='A86396'>0</NS0:electricityExports>
    <NS0:electricityImports rdf:ID='A86398'>0</NS0:electricityImports>
    <NS0:agricultureProduct rdf:resource='http://www.daml.org/2001/12/factbook/agricultureProducts#sugarcane'/>
    <NS0:agricultureProduct rdf:resource='http://www.daml.org/2001/12/factbook/agricultureProducts#vanilla'/>
    <NS0:agricultureProduct rdf:resource='http://www.daml.org/2001/12/factbook/agricultureProducts#tobacco'/>
    <NS0:agricultureProduct rdf:resource='http://www.daml.org/2001/12/factbook/agricultureProducts#tropical_fruits'/>
    <NS0:agricultureProduct rdf:resource='http://www.daml.org/2001/12/factbook/agricultureProducts#vegetables'/>
    <NS0:agricultureProduct rdf:resource='http://www.daml.org/2001/12/factbook/agricultureProducts#corn'/>
    <NS0:exports rdf:ID='A86406'>214000000</NS0:exports>
    <NS0:exportsCommodity rdf:resource='#A86408'/>
    <NS0:exportsCommodity rdf:resource='#A86413'/>
    <NS0:exportsCommodity rdf:resource='#A86418'/>
    <NS0:exportsCommodity rdf:resource='#A86423'/>
    <NS0:exportsCommodity rdf:ID='A86431' rdf:resource='#A86428'/>
    <NS0:imports rdf:ID='A86433'>2500000000</NS0:imports>
    <NS0:importsCommodity rdf:resource='#A86435'/>
    <NS0:importsCommodity rdf:resource='#A86439'/>
    <NS0:importsCommodity rdf:resource='#A86443'/>
    <NS0:importsCommodity rdf:resource='#A86447'/>
    <NS0:importsCommodity rdf:resource='#A86451'/>
    <NS0:importsCommodity rdf:resource='#A86455'/>
    <NS0:importsCommodity rdf:resource='#A86459'/>
    <NS0:currency>French franc (FRF); euro (EUR)</NS0:currency>
    <NS0:currencyCode>FRF; EUR</NS0:currencyCode>
    <NS0:fiscalYear>calendar year</NS0:fiscalYear>
    <NS0:mainTelephoneLines rdf:ID='A86466'>236500</NS0:mainTelephoneLines>
    <NS0:mobileTelephoneLines rdf:ID='A86468'>85000</NS0:mobileTelephoneLines>
    <NS0:telephoneSystemGeneralAssessment>adequate system; principal center is Saint-Denis</NS0:telephoneSystemGeneralAssessment>
    <NS0:telephoneSystemDomestic>modern open wire and microwave radio relay network</NS0:telephoneSystemDomestic>
    <NS0:telephoneSystemInternational>radiotelephone communication to Comoros, France, Madagascar; new microwave route to Mauritius; satellite earth station - 1 Intelsat (Indian Ocean)</NS0:telephoneSystemInternational>
    <NS0:radios rdf:ID='A86473'>173000</NS0:radios>
    <NS0:televisions rdf:ID='A86475'>127000</NS0:televisions>
    <NS0:internetCountryCode>.re</NS0:internetCountryCode>
    <NS0:internetServiceProviders rdf:ID='A86478'>1</NS0:internetServiceProviders>
    <NS0:internetUsers rdf:ID='A86480'>10000</NS0:internetUsers>
    <NS0:highwaysTotal>2724</NS0:highwaysTotal>
    <NS0:highwaysPaved rdf:ID='A86483'>1300</NS0:highwaysPaved>
    <NS0:highwaysUnpaved>1424</NS0:highwaysUnpaved>
    <NS0:port rdf:resource='#A86486'/>
    <NS0:port rdf:resource='#A86490'/>
    <NS0:airports rdf:ID='A86494'>2</NS0:airports>
    <NS0:airportBreakdown rdf:resource='#A86497'/>
    <NS0:airportBreakdown rdf:resource='#A86504'/>
    <NS0:militaryAge>18</NS0:militaryAge>
    <NS0:malesOfMilitaryAge rdf:ID='A86512'>190846</NS0:malesOfMilitaryAge>
    <NS0:malesFitForMilitaryService rdf:ID='A86515'>97497</NS0:malesFitForMilitaryService>
    <NS0:malesReachingMilitaryAgeAnnually rdf:ID='A86518'>6243</NS0:malesReachingMilitaryAgeAnnually>
    <NS0:internationalDispute>none</NS0:internationalDispute>
    <NS0:smallFlag>http://www.cia.gov/cia/publications/factbook/flags/re-flag.jpg</NS0:smallFlag>
    <NS0:largeFlag>http://www.cia.gov/cia/publications/factbook/flags/re-lgflag.jpg</NS0:largeFlag>
    <NS0:map>http://www.cia.gov/cia/publications/factbook/maps/re-map.jpg</NS0:map>
    <NS0:exportPartner rdf:resource='#A128365'/>
    <NS0:exportPartner rdf:resource='#A128370'/>
    <NS0:exportPartner rdf:ID='A128379' rdf:resource='#A128375'/>
    <NS0:importPartner rdf:resource='#A128381'/>
    <NS0:importPartner rdf:resource='#A128386'/>
    <NS0:importPartner rdf:resource='#A128391'/>
    <NS0:importPartner rdf:ID='A128400' rdf:resource='#A128396'/>
  </rdf:Description>
  <rdf:Description rdf:about='#A128375'>
    <rdf:type rdf:resource='http://www.daml.org/2001/12/factbook/factbook-ont#CountryPercent'/>
    <NS0:country rdf:resource='http://www.daml.org/2001/09/countries/fips#CN'/>
    <NS0:percent>4</NS0:percent>
  </rdf:Description>
  <rdf:Description rdf:about='#A86362'>
    <NS0:year>1995</NS0:year>
  </rdf:Description>
  <rdf:Description rdf:about='#A128370'>
    <rdf:type rdf:resource='http://www.daml.org/2001/12/factbook/factbook-ont#CountryPercent'/>
    <NS0:country rdf:resource='http://www.daml.org/2001/09/countries/fips#JA'/>
    <NS0:percent>6</NS0:percent>
  </rdf:Description>
  <rdf:Description rdf:about='#A128365'>
    <rdf:type rdf:resource='http://www.daml.org/2001/12/factbook/factbook-ont#CountryPercent'/>
    <NS0:country rdf:resource='http://www.daml.org/2001/09/countries/fips#FR'/>
    <NS0:percent>74</NS0:percent>
  </rdf:Description>
  <rdf:Description rdf:about='#A86380'>
    <NS0:year>1998</NS0:year>
  </rdf:Description>
  <rdf:Description rdf:about='#A86340'>
    <rdf:type rdf:resource='http://www.daml.org/2001/12/factbook/factbook-ont#CapitalCity'/>
    <NS0:name>Saint-Denis</NS0:name>
  </rdf:Description>
  <rdf:Description rdf:about='#A86224'>
    <rdf:type rdf:resource='http://www.daml.org/2001/12/factbook/factbook-ont#Estimate'/>
    <NS0:note>July 2001</NS0:note>
  </rdf:Description>
  <rdf:Description rdf:about='#A86233'>
    <rdf:type rdf:resource='http://www.daml.org/2001/12/factbook/factbook-ont#Estimate'/>
    <NS0:year>2001</NS0:year>
  </rdf:Description>
</rdf:RDF>
