<?xml version='1.0' encoding='ISO-8859-1'?>
<rdf:RDF
  xmlns:rdf='http://www.w3.org/1999/02/22-rdf-syntax-ns#'
  xmlns:NS0='http://www.daml.org/2001/12/factbook/factbook-ont#'
  xmlns:rdfs='http://www.w3.org/2000/01/rdf-schema#'
  xml:base="http://www.daml.org/2001/12/factbook/rs">
  <rdf:Description rdf:about='#A89620'>
    <rdf:type rdf:resource='#Oblast'/>
    <NS0:name>Samarskaya</NS0:name>
  </rdf:Description>
  <rdf:Description rdf:about='#A89879'>
    <rdf:type rdf:resource='http://www.daml.org/2001/12/factbook/factbook-ont#Estimate'/>
    <NS0:year>2000</NS0:year>
  </rdf:Description>
  <rdf:Description rdf:about='#A90001'>
    <rdf:type rdf:resource='http://www.daml.org/2001/12/factbook/factbook-ont#Port'/>
    <NS0:name>Murmansk</NS0:name>
  </rdf:Description>
  <rdf:Description rdf:about='#A89233'>
    <rdf:type rdf:resource='http://www.daml.org/2001/12/factbook/factbook-ont#SexRatioBreakdown'/>
    <NS0:minAge>0</NS0:minAge>
    <NS0:maxAge>0</NS0:maxAge>
    <NS0:ratio>1.05</NS0:ratio>
  </rdf:Description>
  <rdf:Description rdf:about='#A89616'>
    <rdf:type rdf:resource='#Oblast'/>
    <NS0:name>Sakhalinskaya</NS0:name>
  </rdf:Description>
  <rdf:Description rdf:about='#A89997'>
    <rdf:type rdf:resource='http://www.daml.org/2001/12/factbook/factbook-ont#Port'/>
    <NS0:name>Moscow</NS0:name>
  </rdf:Description>
  <rdf:Description rdf:about='#A89612'>
    <rdf:type rdf:resource='#Republic'/>
    <NS0:name>Sakha </NS0:name>
  </rdf:Description>
  <rdf:Description rdf:about='#A89993'>
    <rdf:type rdf:resource='http://www.daml.org/2001/12/factbook/factbook-ont#Port'/>
    <NS0:name>Krasnoyarsk</NS0:name>
  </rdf:Description>
  <rdf:Description rdf:about='#A89608'>
    <rdf:type rdf:resource='#Oblast'/>
    <NS0:name>Ryazanskaya</NS0:name>
  </rdf:Description>
  <rdf:Description rdf:about='#A89989'>
    <rdf:type rdf:resource='http://www.daml.org/2001/12/factbook/factbook-ont#Port'/>
    <NS0:name>Kholmsk</NS0:name>
  </rdf:Description>
  <rdf:Description rdf:about='#A89814'>
    <rdf:type rdf:resource='http://www.daml.org/2001/12/factbook/factbook-ont#Estimate'/>
    <NS0:year>2000</NS0:year>
  </rdf:Description>
  <rdf:Description rdf:about='#A89604'>
    <rdf:type rdf:resource='#Oblast'/>
    <NS0:name>Rostovskaya</NS0:name>
  </rdf:Description>
  <rdf:Description rdf:about='#A89906'>
    <rdf:type rdf:resource='http://www.daml.org/2001/12/factbook/factbook-ont#Estimate'/>
    <NS0:year>2000</NS0:year>
  </rdf:Description>
  <rdf:Description rdf:about='#A89985'>
    <rdf:type rdf:resource='http://www.daml.org/2001/12/factbook/factbook-ont#Port'/>
    <NS0:name>Khabarovsk</NS0:name>
  </rdf:Description>
  <rdf:Description rdf:about='#A89600'>
    <rdf:type rdf:resource='#Oblast'/>
    <NS0:name>Pskovskaya</NS0:name>
  </rdf:Description>
  <rdf:Description rdf:about='#A89981'>
    <rdf:type rdf:resource='http://www.daml.org/2001/12/factbook/factbook-ont#Port'/>
    <NS0:name>Kazan&apos;</NS0:name>
  </rdf:Description>
  <rdf:Description rdf:about='#A89230'>
    <rdf:type rdf:resource='http://www.daml.org/2001/12/factbook/factbook-ont#Estimate'/>
    <NS0:year>2001</NS0:year>
  </rdf:Description>
  <rdf:Description rdf:about='#A89596'>
    <rdf:type rdf:resource='#Kray'/>
    <NS0:name>Primorskiy </NS0:name>
  </rdf:Description>
  <rdf:Description rdf:about='#A89977'>
    <rdf:type rdf:resource='http://www.daml.org/2001/12/factbook/factbook-ont#Port'/>
    <NS0:name>Kaliningrad</NS0:name>
  </rdf:Description>
  <rdf:Description rdf:about='#A89817'>
    <NS0:year>1997</NS0:year>
  </rdf:Description>
  <rdf:Description rdf:about='#A89592'>
    <rdf:type rdf:resource='#AutonomousOkrug'/>
    <NS0:name>Komi-Permyatskiy </NS0:name>
  </rdf:Description>
  <rdf:Description rdf:about='#AutonomousOkrug'>
    <rdf:type rdf:resource='http://www.w3.org/2000/01/rdf-schema#Class'/>
    <rdfs:subClassOf rdf:resource='http://www.daml.org/2001/12/factbook/factbook-ont#AdministrativeDivision'/>
    <rdfs:label>AutonomousOkrug</rdfs:label>
  </rdf:Description>
  <rdf:Description rdf:about='#A89973'>
    <rdf:type rdf:resource='http://www.daml.org/2001/12/factbook/factbook-ont#Port'/>
    <NS0:name>Astrakhan&apos;</NS0:name>
  </rdf:Description>
  <rdf:Description rdf:about='#A89218'>
    <rdf:type rdf:resource='http://www.daml.org/2001/12/factbook/factbook-ont#Estimate'/>
    <NS0:note>July 2001</NS0:note>
  </rdf:Description>
  <rdf:Description rdf:about='#A89588'>
    <rdf:type rdf:resource='#Oblast'/>
    <NS0:name>Permskaya</NS0:name>
  </rdf:Description>
  <rdf:Description rdf:about='#A89969'>
    <rdf:type rdf:resource='http://www.daml.org/2001/12/factbook/factbook-ont#Port'/>
    <NS0:name>Arkhangel&apos;sk</NS0:name>
  </rdf:Description>
  <rdf:Description rdf:about='#A89584'>
    <rdf:type rdf:resource='#Oblast'/>
    <NS0:name>Penzenskaya</NS0:name>
  </rdf:Description>
  <rdf:Description rdf:about='#A89333'>
    <rdf:type rdf:resource='http://www.daml.org/2001/12/factbook/factbook-ont#Estimate'/>
    <NS0:year>1989</NS0:year>
  </rdf:Description>
  <rdf:Description rdf:about='#A89580'>
    <rdf:type rdf:resource='#Oblast'/>
    <NS0:name>Orlovskaya</NS0:name>
  </rdf:Description>
  <rdf:Description rdf:about='#A89576'>
    <rdf:type rdf:resource='#Oblast'/>
    <NS0:name>Orenburgskaya</NS0:name>
  </rdf:Description>
  <rdf:Description rdf:about='#A89572'>
    <rdf:type rdf:resource='#Oblast'/>
    <NS0:name>Omskaya</NS0:name>
  </rdf:Description>
  <rdf:Description rdf:about='#A89221'>
    <rdf:type rdf:resource='http://www.daml.org/2001/12/factbook/factbook-ont#Estimate'/>
    <NS0:year>2001</NS0:year>
  </rdf:Description>
  <rdf:Description rdf:about='#A89568'>
    <rdf:type rdf:resource='#Oblast'/>
    <NS0:name>Novosibirskaya</NS0:name>
  </rdf:Description>
  <rdf:Description rdf:about='#Republic'>
    <rdf:type rdf:resource='http://www.w3.org/2000/01/rdf-schema#Class'/>
    <rdfs:subClassOf rdf:resource='http://www.daml.org/2001/12/factbook/factbook-ont#AdministrativeDivision'/>
    <rdfs:label>Republic</rdfs:label>
  </rdf:Description>
  <rdf:Description rdf:about='#A89940'>
    <NS0:year>1995</NS0:year>
  </rdf:Description>
  <rdf:Description rdf:about='#A89564'>
    <rdf:type rdf:resource='#Oblast'/>
    <NS0:name>Novgorodskaya</NS0:name>
  </rdf:Description>
  <rdf:Description rdf:about='#A90053'>
    <rdf:type rdf:resource='http://www.daml.org/2001/12/factbook/factbook-ont#Estimate'/>
    <NS0:year>2000</NS0:year>
  </rdf:Description>
  <rdf:Description rdf:about='#A89560'>
    <rdf:type rdf:resource='#Oblast'/>
    <NS0:name>Nizhegorodskaya</NS0:name>
  </rdf:Description>
  <rdf:Description rdf:about='#A89556'>
    <rdf:type rdf:resource='#AutonomousOkrug'/>
    <NS0:name>Nenetskiy </NS0:name>
  </rdf:Description>
  <rdf:Description rdf:about='#Kray'>
    <rdf:type rdf:resource='http://www.w3.org/2000/01/rdf-schema#Class'/>
    <rdfs:subClassOf rdf:resource='http://www.daml.org/2001/12/factbook/factbook-ont#AdministrativeDivision'/>
    <rdfs:label>Kray</rdfs:label>
  </rdf:Description>
  <rdf:Description rdf:about='#A89864'>
    <NS0:year>1999</NS0:year>
  </rdf:Description>
  <rdf:Description rdf:about='#A89552'>
    <rdf:type rdf:resource='#Oblast'/>
    <NS0:name>Murmanskaya</NS0:name>
  </rdf:Description>
  <rdf:Description rdf:about='#A89933'>
    <rdf:type rdf:resource='http://www.daml.org/2001/12/factbook/factbook-ont#CommodityPercent'/>
    <NS0:importsCommodity rdf:resource='http://www.daml.org/2001/12/factbook/commodities#semifinished_metal_products'/>
  </rdf:Description>
  <rdf:Description rdf:about='#A128615'>
    <rdf:type rdf:resource='http://www.daml.org/2001/12/factbook/factbook-ont#CountryPercent'/>
    <NS0:country rdf:resource='http://www.daml.org/2001/09/countries/fips#IT'/>
    <NS0:percent>3.8</NS0:percent>
  </rdf:Description>
  <rdf:Description rdf:about='#A89166'>
    <rdf:type rdf:resource='http://www.daml.org/2001/12/factbook/factbook-ont#ElevationExtreme'/>
    <NS0:name>Gora El&apos;brus</NS0:name>
    <NS0:elevation>5633</NS0:elevation>
  </rdf:Description>
  <rdf:Description rdf:about='#A89548'>
    <rdf:type rdf:resource='#FederalCity'/>
    <NS0:name>Moskva </NS0:name>
  </rdf:Description>
  <rdf:Description rdf:about='#A89929'>
    <rdf:type rdf:resource='http://www.daml.org/2001/12/factbook/factbook-ont#CommodityPercent'/>
    <NS0:importsCommodity rdf:resource='http://www.daml.org/2001/12/factbook/commodities#sugar'/>
  </rdf:Description>
  <rdf:Description rdf:about='#A128610'>
    <rdf:type rdf:resource='http://www.daml.org/2001/12/factbook/factbook-ont#CountryPercent'/>
    <NS0:country rdf:resource='http://www.daml.org/2001/09/countries/fips#KZ'/>
    <NS0:percent>4.6</NS0:percent>
  </rdf:Description>
  <rdf:Description rdf:about='#A89544'>
    <rdf:type rdf:resource='#Oblast'/>
    <NS0:name>Moskovskaya</NS0:name>
  </rdf:Description>
  <rdf:Description rdf:about='#A89161'>
    <rdf:type rdf:resource='http://www.daml.org/2001/12/factbook/factbook-ont#ElevationExtreme'/>
    <NS0:name>Caspian Sea</NS0:name>
    <NS0:elevation>-28</NS0:elevation>
  </rdf:Description>
  <rdf:Description rdf:about='#A89925'>
    <rdf:type rdf:resource='http://www.daml.org/2001/12/factbook/factbook-ont#CommodityPercent'/>
    <NS0:importsCommodity rdf:resource='http://www.daml.org/2001/12/factbook/commodities#grain'/>
  </rdf:Description>
  <rdf:Description rdf:about='#A89540'>
    <rdf:type rdf:resource='#Republic'/>
    <NS0:name>Mordoviya </NS0:name>
  </rdf:Description>
  <rdf:Description rdf:about='#A128605'>
    <rdf:type rdf:resource='http://www.daml.org/2001/12/factbook/factbook-ont#CountryPercent'/>
    <NS0:country rdf:resource='http://www.daml.org/2001/09/countries/fips#US'/>
    <NS0:percent>7.9</NS0:percent>
  </rdf:Description>
  <rdf:Description rdf:about='#A89866'>
    <NS0:year>1999</NS0:year>
  </rdf:Description>
  <rdf:Description rdf:about='#A89921'>
    <rdf:type rdf:resource='http://www.daml.org/2001/12/factbook/factbook-ont#CommodityPercent'/>
    <NS0:importsCommodity rdf:resource='http://www.daml.org/2001/12/factbook/commodities#meat'/>
  </rdf:Description>
  <rdf:Description rdf:about='#A89536'>
    <rdf:type rdf:resource='#Republic'/>
    <NS0:name>Mariy-El </NS0:name>
  </rdf:Description>
  <rdf:Description rdf:about='#A128600'>
    <rdf:type rdf:resource='http://www.daml.org/2001/12/factbook/factbook-ont#CountryPercent'/>
    <NS0:country rdf:resource='http://www.daml.org/2001/09/countries/fips#UP'/>
    <NS0:percent>8.3</NS0:percent>
  </rdf:Description>
  <rdf:Description rdf:about='#A89917'>
    <rdf:type rdf:resource='http://www.daml.org/2001/12/factbook/factbook-ont#CommodityPercent'/>
    <NS0:importsCommodity rdf:resource='http://www.daml.org/2001/12/factbook/commodities#medicines'/>
  </rdf:Description>
  <rdf:Description rdf:about='#A89532'>
    <rdf:type rdf:resource='#Oblast'/>
    <NS0:name>Magadanskaya</NS0:name>
  </rdf:Description>
  <rdf:Description rdf:about='#A89913'>
    <rdf:type rdf:resource='http://www.daml.org/2001/12/factbook/factbook-ont#CommodityPercent'/>
    <NS0:importsCommodity rdf:resource='http://www.daml.org/2001/12/factbook/commodities#consumer_goods'/>
  </rdf:Description>
  <rdf:Description rdf:about='#A128595'>
    <rdf:type rdf:resource='http://www.daml.org/2001/12/factbook/factbook-ont#CountryPercent'/>
    <NS0:country rdf:resource='http://www.daml.org/2001/09/countries/fips#BO'/>
    <NS0:percent>10.7</NS0:percent>
  </rdf:Description>
  <rdf:Description rdf:about='#A90123'>
    <rdf:type rdf:resource='http://www.daml.org/2001/12/factbook/factbook-ont#Estimate'/>
    <NS0:year>2001</NS0:year>
  </rdf:Description>
  <rdf:Description rdf:about='#A89145'>
    <rdf:type rdf:resource='http://www.daml.org/2001/12/factbook/factbook-ont#LatLon'/>
    <NS0:latitude>60.0</NS0:latitude>
    <NS0:longitude>100.0</NS0:longitude>
  </rdf:Description>
  <rdf:Description rdf:about='#A89528'>
    <rdf:type rdf:resource='#Oblast'/>
    <NS0:name>Lipetskaya</NS0:name>
  </rdf:Description>
  <rdf:Description rdf:about='#A89909'>
    <rdf:type rdf:resource='http://www.daml.org/2001/12/factbook/factbook-ont#CommodityPercent'/>
    <NS0:importsCommodity rdf:resource='http://www.daml.org/2001/12/factbook/commodities#machinery_and_equipment'/>
  </rdf:Description>
  <rdf:Description rdf:about='#A89952'>
    <NS0:year>1997</NS0:year>
  </rdf:Description>
  <rdf:Description rdf:about='#A128590'>
    <rdf:type rdf:resource='http://www.daml.org/2001/12/factbook/factbook-ont#CountryPercent'/>
    <NS0:country rdf:resource='http://www.daml.org/2001/09/countries/fips#GM'/>
    <NS0:percent>13.8</NS0:percent>
  </rdf:Description>
  <rdf:Description rdf:about='#A89524'>
    <rdf:type rdf:resource='#Oblast'/>
    <NS0:name>Leningradskaya</NS0:name>
  </rdf:Description>
  <rdf:Description rdf:about='#A89520'>
    <rdf:type rdf:resource='#Oblast'/>
    <NS0:name>Kurskaya</NS0:name>
  </rdf:Description>
  <rdf:Description rdf:about='#A89902'>
    <rdf:type rdf:resource='http://www.daml.org/2001/12/factbook/factbook-ont#CommodityPercent'/>
    <NS0:exportsCommodity rdf:resource='http://www.daml.org/2001/12/factbook/commodities#a_wide_variety_of_civilian_and_military_manufactures'/>
  </rdf:Description>
  <rdf:Description rdf:about='#A128584'>
    <rdf:type rdf:resource='http://www.daml.org/2001/12/factbook/factbook-ont#CountryPercent'/>
    <NS0:country rdf:resource='http://www.daml.org/2001/09/countries/fips#NL'/>
    <NS0:percent>4.8</NS0:percent>
  </rdf:Description>
  <rdf:Description rdf:about='#A89870'>
    <NS0:year>1999</NS0:year>
  </rdf:Description>
  <rdf:Description rdf:about='#A89516'>
    <rdf:type rdf:resource='#Oblast'/>
    <NS0:name>Kurganskaya</NS0:name>
  </rdf:Description>
  <rdf:Description rdf:about='#A89898'>
    <rdf:type rdf:resource='http://www.daml.org/2001/12/factbook/factbook-ont#CommodityPercent'/>
    <NS0:exportsCommodity rdf:resource='http://www.daml.org/2001/12/factbook/commodities#chemicals'/>
  </rdf:Description>
  <rdf:Description rdf:about='#A128579'>
    <rdf:type rdf:resource='http://www.daml.org/2001/12/factbook/factbook-ont#CountryPercent'/>
    <NS0:country rdf:resource='http://www.daml.org/2001/09/countries/fips#IT'/>
    <NS0:percent>5</NS0:percent>
  </rdf:Description>
  <rdf:Description rdf:about='#A89227'>
    <rdf:type rdf:resource='http://www.daml.org/2001/12/factbook/factbook-ont#Estimate'/>
    <NS0:year>2001</NS0:year>
  </rdf:Description>
  <rdf:Description rdf:about='#A89512'>
    <rdf:type rdf:resource='#Kray'/>
    <NS0:name>Krasnoyarskiy</NS0:name>
  </rdf:Description>
  <rdf:Description rdf:about='#A89894'>
    <rdf:type rdf:resource='http://www.daml.org/2001/12/factbook/factbook-ont#CommodityPercent'/>
    <NS0:exportsCommodity rdf:resource='http://www.daml.org/2001/12/factbook/commodities#metals'/>
  </rdf:Description>
  <rdf:Description rdf:about='#A128574'>
    <rdf:type rdf:resource='http://www.daml.org/2001/12/factbook/factbook-ont#CountryPercent'/>
    <NS0:country rdf:resource='http://www.daml.org/2001/09/countries/fips#BO'/>
    <NS0:percent>5.1</NS0:percent>
  </rdf:Description>
  <rdf:Description rdf:about='#A89508'>
    <rdf:type rdf:resource='#Kray'/>
    <NS0:name>Krasnodarskiy</NS0:name>
  </rdf:Description>
  <rdf:Description rdf:about='#A89890'>
    <rdf:type rdf:resource='http://www.daml.org/2001/12/factbook/factbook-ont#CommodityPercent'/>
    <NS0:exportsCommodity rdf:resource='http://www.daml.org/2001/12/factbook/commodities#wood_and_wood_products'/>
  </rdf:Description>
  <rdf:Description rdf:about='#A89504'>
    <rdf:type rdf:resource='#Oblast'/>
    <NS0:name>Kostromskaya</NS0:name>
  </rdf:Description>
  <rdf:Description rdf:about='#A89265'>
    <rdf:type rdf:resource='http://www.daml.org/2001/12/factbook/factbook-ont#Estimate'/>
    <NS0:year>2001</NS0:year>
  </rdf:Description>
  <rdf:Description rdf:about='#A128569'>
    <rdf:type rdf:resource='http://www.daml.org/2001/12/factbook/factbook-ont#CountryPercent'/>
    <NS0:country rdf:resource='http://www.daml.org/2001/09/countries/fips#UP'/>
    <NS0:percent>6.5</NS0:percent>
  </rdf:Description>
  <rdf:Description rdf:about='#A89886'>
    <rdf:type rdf:resource='http://www.daml.org/2001/12/factbook/factbook-ont#CommodityPercent'/>
    <NS0:exportsCommodity rdf:resource='http://www.daml.org/2001/12/factbook/commodities#natural_gas'/>
  </rdf:Description>
  <rdf:Description rdf:about='#A128552'>
    <NS0:note>Kaliningrad Oblast</NS0:note>
  </rdf:Description>
  <rdf:Description rdf:about='#A89500'>
    <rdf:type rdf:resource='#AutonomousOkrug'/>
    <NS0:name>Koryakskiy </NS0:name>
  </rdf:Description>
  <rdf:Description rdf:about='#A89882'>
    <rdf:type rdf:resource='http://www.daml.org/2001/12/factbook/factbook-ont#CommodityPercent'/>
    <NS0:exportsCommodity rdf:resource='http://www.daml.org/2001/12/factbook/commodities#petroleum_and_petroleum_products'/>
  </rdf:Description>
  <rdf:Description rdf:about='#A128564'>
    <rdf:type rdf:resource='http://www.daml.org/2001/12/factbook/factbook-ont#CountryPercent'/>
    <NS0:country rdf:resource='http://www.daml.org/2001/09/countries/fips#GM'/>
    <NS0:percent>8.5</NS0:percent>
  </rdf:Description>
  <rdf:Description rdf:about='#A89259'>
    <rdf:type rdf:resource='http://www.daml.org/2001/12/factbook/factbook-ont#Estimate'/>
    <NS0:year>2001</NS0:year>
  </rdf:Description>
  <rdf:Description rdf:about='#A89496'>
    <rdf:type rdf:resource='#Republic'/>
    <NS0:name>Komi </NS0:name>
  </rdf:Description>
  <rdf:Description rdf:about='#A128559'>
    <rdf:type rdf:resource='http://www.daml.org/2001/12/factbook/factbook-ont#CountryPercent'/>
    <NS0:country rdf:resource='http://www.daml.org/2001/09/countries/fips#US'/>
    <NS0:percent>8.8</NS0:percent>
  </rdf:Description>
  <rdf:Description rdf:about='#A89492'>
    <rdf:type rdf:resource='#Oblast'/>
    <NS0:name>Kirovskaya</NS0:name>
  </rdf:Description>
  <rdf:Description rdf:about='#A89947'>
    <NS0:note>October 2000</NS0:note>
  </rdf:Description>
  <rdf:Description rdf:about='#A128554'>
    <rdf:type rdf:resource='http://www.daml.org/2001/12/factbook/factbook-ont#Border'/>
    <NS0:country rdf:resource='http://www.daml.org/2001/09/countries/fips#UP'/>
    <NS0:distance>1576</NS0:distance>
  </rdf:Description>
  <rdf:Description rdf:about='#A89488'>
    <rdf:type rdf:resource='#AutonomousOkrug'/>
    <NS0:name>Khanty-Mansiyskiy </NS0:name>
  </rdf:Description>
  <rdf:Description rdf:about='#Oblast'>
    <rdf:type rdf:resource='http://www.w3.org/2000/01/rdf-schema#Class'/>
    <rdfs:subClassOf rdf:resource='http://www.daml.org/2001/12/factbook/factbook-ont#AdministrativeDivision'/>
    <rdfs:label>Oblast</rdfs:label>
  </rdf:Description>
  <rdf:Description rdf:about='#A89484'>
    <rdf:type rdf:resource='#Republic'/>
    <NS0:name>Khakasiya </NS0:name>
  </rdf:Description>
  <rdf:Description rdf:about='#A89180'>
    <rdf:type rdf:resource='http://www.daml.org/2001/12/factbook/factbook-ont#Estimate'/>
    <NS0:year>1993</NS0:year>
  </rdf:Description>
  <rdf:Description rdf:about='#A128548'>
    <rdf:type rdf:resource='http://www.daml.org/2001/12/factbook/factbook-ont#Border'/>
    <NS0:country rdf:resource='http://www.daml.org/2001/09/countries/fips#PL'/>
    <NS0:distance>206</NS0:distance>
  </rdf:Description>
  <rdf:Description rdf:about='#A89480'>
    <rdf:type rdf:resource='#Kray'/>
    <NS0:name>Khabarovskiy</NS0:name>
  </rdf:Description>
  <rdf:Description rdf:about='#A128543'>
    <rdf:type rdf:resource='http://www.daml.org/2001/12/factbook/factbook-ont#Border'/>
    <NS0:country rdf:resource='http://www.daml.org/2001/09/countries/fips#NO'/>
    <NS0:distance>167</NS0:distance>
  </rdf:Description>
  <rdf:Description rdf:about='#A89476'>
    <rdf:type rdf:resource='#Oblast'/>
    <NS0:name>Kemerovskaya</NS0:name>
  </rdf:Description>
  <rdf:Description rdf:about='#A128538'>
    <rdf:type rdf:resource='http://www.daml.org/2001/12/factbook/factbook-ont#Border'/>
    <NS0:country rdf:resource='http://www.daml.org/2001/09/countries/fips#MG'/>
    <NS0:distance>3485</NS0:distance>
  </rdf:Description>
  <rdf:Description rdf:about='#A89472'>
    <rdf:type rdf:resource='#Republic'/>
    <NS0:name>Kareliya </NS0:name>
  </rdf:Description>
  <rdf:Description rdf:about='#A89468'>
    <rdf:type rdf:resource='#Republic'/>
    <NS0:name>Karachayevo-Cherkesiya </NS0:name>
  </rdf:Description>
  <rdf:Description rdf:about='#A128532'>
    <rdf:type rdf:resource='http://www.daml.org/2001/12/factbook/factbook-ont#Border'/>
    <NS0:country rdf:resource='http://www.daml.org/2001/09/countries/fips#LH'/>
    <NS0:distance>227</NS0:distance>
  </rdf:Description>
  <rdf:Description rdf:about='#A89464'>
    <rdf:type rdf:resource='#Oblast'/>
    <NS0:name>Kamchatskaya</NS0:name>
  </rdf:Description>
  <rdf:Description rdf:about='#A89800'>
    <rdf:type rdf:resource='http://www.daml.org/2001/12/factbook/factbook-ont#Estimate'/>
    <NS0:year>2000</NS0:year>
  </rdf:Description>
  <rdf:Description rdf:about='#A128527'>
    <rdf:type rdf:resource='http://www.daml.org/2001/12/factbook/factbook-ont#Border'/>
    <NS0:country rdf:resource='http://www.daml.org/2001/09/countries/fips#LG'/>
    <NS0:distance>217</NS0:distance>
  </rdf:Description>
  <rdf:Description rdf:about='#A89460'>
    <rdf:type rdf:resource='#Oblast'/>
    <NS0:name>Kaluzhskaya</NS0:name>
  </rdf:Description>
  <rdf:Description rdf:about='#A89224'>
    <rdf:type rdf:resource='http://www.daml.org/2001/12/factbook/factbook-ont#Estimate'/>
    <NS0:year>2001</NS0:year>
  </rdf:Description>
  <rdf:Description rdf:about='#A89456'>
    <rdf:type rdf:resource='#Republic'/>
    <NS0:name>Kalmykiya </NS0:name>
  </rdf:Description>
  <rdf:Description rdf:about='#A128522'>
    <rdf:type rdf:resource='http://www.daml.org/2001/12/factbook/factbook-ont#Border'/>
    <NS0:country rdf:resource='http://www.daml.org/2001/09/countries/fips#KN'/>
    <NS0:distance>19</NS0:distance>
  </rdf:Description>
  <rdf:Description rdf:about='#A128536'>
    <NS0:note>Kaliningrad Oblast</NS0:note>
  </rdf:Description>
  <rdf:Description rdf:about='#A89452'>
    <rdf:type rdf:resource='#Oblast'/>
    <NS0:name>Kaliningradskaya</NS0:name>
  </rdf:Description>
  <rdf:Description rdf:about='#A128517'>
    <rdf:type rdf:resource='http://www.daml.org/2001/12/factbook/factbook-ont#Border'/>
    <NS0:country rdf:resource='http://www.daml.org/2001/09/countries/fips#KZ'/>
    <NS0:distance>6846</NS0:distance>
  </rdf:Description>
  <rdf:Description rdf:about='#A89448'>
    <rdf:type rdf:resource='#Republic'/>
    <NS0:name>Kabardino-Balkariya </NS0:name>
  </rdf:Description>
  <rdf:Description rdf:about='#A128512'>
    <rdf:type rdf:resource='http://www.daml.org/2001/12/factbook/factbook-ont#Border'/>
    <NS0:country rdf:resource='http://www.daml.org/2001/09/countries/fips#GG'/>
    <NS0:distance>723</NS0:distance>
  </rdf:Description>
  <rdf:Description rdf:about='#A89829'>
    <rdf:type rdf:resource='http://www.daml.org/2001/12/factbook/factbook-ont#OccupationPercent'/>
    <NS0:occupation rdf:resource='http://www.daml.org/2001/12/factbook/occupations#services'/>
    <NS0:percent>55</NS0:percent>
  </rdf:Description>
  <rdf:Description rdf:about='#A89444'>
    <rdf:type rdf:resource='#Oblast'/>
    <NS0:name>Ivanovskaya</NS0:name>
  </rdf:Description>
  <rdf:Description rdf:about='#A128507'>
    <rdf:type rdf:resource='http://www.daml.org/2001/12/factbook/factbook-ont#Border'/>
    <NS0:country rdf:resource='http://www.daml.org/2001/09/countries/fips#FI'/>
    <NS0:distance>1313</NS0:distance>
  </rdf:Description>
  <rdf:Description rdf:about='#A89824'>
    <rdf:type rdf:resource='http://www.daml.org/2001/12/factbook/factbook-ont#OccupationPercent'/>
    <NS0:occupation rdf:resource='http://www.daml.org/2001/12/factbook/occupations#industry'/>
    <NS0:percent>30</NS0:percent>
  </rdf:Description>
  <rdf:Description rdf:about='#A128494'>
    <NS0:note>southeast</NS0:note>
  </rdf:Description>
  <rdf:Description rdf:about='#A89440'>
    <rdf:type rdf:resource='#Oblast'/>
    <NS0:name>Irkutskaya</NS0:name>
  </rdf:Description>
  <rdf:Description rdf:about='#A128619'>
    <NS0:note>1999</NS0:note>
  </rdf:Description>
  <rdf:Description rdf:about='#A89183'>
    <rdf:type rdf:resource='http://www.daml.org/2001/12/factbook/factbook-ont#Estimate'/>
    <NS0:year>1993</NS0:year>
  </rdf:Description>
  <rdf:Description rdf:about='#A89436'>
    <rdf:type rdf:resource='#Republic'/>
    <NS0:name>Ingushetiya </NS0:name>
  </rdf:Description>
  <rdf:Description rdf:about='#A128502'>
    <rdf:type rdf:resource='http://www.daml.org/2001/12/factbook/factbook-ont#Border'/>
    <NS0:country rdf:resource='http://www.daml.org/2001/09/countries/fips#EN'/>
    <NS0:distance>294</NS0:distance>
  </rdf:Description>
  <rdf:Description rdf:about='#A89819'>
    <rdf:type rdf:resource='http://www.daml.org/2001/12/factbook/factbook-ont#OccupationPercent'/>
    <NS0:occupation rdf:resource='http://www.daml.org/2001/12/factbook/occupations#agriculture'/>
    <NS0:percent>15</NS0:percent>
  </rdf:Description>
  <rdf:Description rdf:about='#A89432'>
    <rdf:type rdf:resource='#AutonomousOkrug'/>
    <NS0:name>Evenkiyskiy </NS0:name>
  </rdf:Description>
  <rdf:Description rdf:about='#A128496'>
    <rdf:type rdf:resource='http://www.daml.org/2001/12/factbook/factbook-ont#Border'/>
    <NS0:country rdf:resource='http://www.daml.org/2001/09/countries/fips#CH'/>
    <NS0:distance>40</NS0:distance>
  </rdf:Description>
  <rdf:Description rdf:about='#A89428'>
    <rdf:type rdf:resource='#Republic'/>
    <NS0:name>Dagestan </NS0:name>
  </rdf:Description>
  <rdf:Description rdf:about='#A89954'>
    <NS0:year>1998</NS0:year>
  </rdf:Description>
  <rdf:Description rdf:about='#A89424'>
    <rdf:type rdf:resource='#Republic'/>
    <NS0:name>Chuvashiya </NS0:name>
  </rdf:Description>
  <rdf:Description rdf:about='#A128490'>
    <rdf:type rdf:resource='http://www.daml.org/2001/12/factbook/factbook-ont#Border'/>
    <NS0:country rdf:resource='http://www.daml.org/2001/09/countries/fips#CH'/>
    <NS0:distance>3605</NS0:distance>
  </rdf:Description>
  <rdf:Description rdf:about='#A89420'>
    <rdf:type rdf:resource='#AutonomousOkrug'/>
    <NS0:name>Chukotskiy </NS0:name>
  </rdf:Description>
  <rdf:Description rdf:about='#A128485'>
    <rdf:type rdf:resource='http://www.daml.org/2001/12/factbook/factbook-ont#Border'/>
    <NS0:country rdf:resource='http://www.daml.org/2001/09/countries/fips#BO'/>
    <NS0:distance>959</NS0:distance>
  </rdf:Description>
  <rdf:Description rdf:about='#A89812'>
    <NS0:year>1998</NS0:year>
  </rdf:Description>
  <rdf:Description rdf:about='#A128500'>
    <NS0:note>south</NS0:note>
  </rdf:Description>
  <rdf:Description rdf:about='#A89416'>
    <rdf:type rdf:resource='#Oblast'/>
    <NS0:name>Chitinskaya</NS0:name>
  </rdf:Description>
  <rdf:Description rdf:about='#A128480'>
    <rdf:type rdf:resource='http://www.daml.org/2001/12/factbook/factbook-ont#Border'/>
    <NS0:country rdf:resource='http://www.daml.org/2001/09/countries/fips#AJ'/>
    <NS0:distance>284</NS0:distance>
  </rdf:Description>
  <rdf:Description rdf:about='#A89412'>
    <rdf:type rdf:resource='#Oblast'/>
    <NS0:name>Chelyabinskaya</NS0:name>
  </rdf:Description>
  <rdf:Description rdf:about='#A89961'>
    <NS0:year>2000</NS0:year>
  </rdf:Description>
  <rdf:Description rdf:about='#A89408'>
    <rdf:type rdf:resource='#Republic'/>
    <NS0:name>Chechnya </NS0:name>
  </rdf:Description>
  <rdf:Description rdf:about='#A89404'>
    <rdf:type rdf:resource='#Republic'/>
    <NS0:name>Buryatiya </NS0:name>
  </rdf:Description>
  <rdf:Description rdf:about='#A89400'>
    <rdf:type rdf:resource='#Oblast'/>
    <NS0:name>Bryanskaya</NS0:name>
  </rdf:Description>
  <rdf:Description rdf:about='#A89937'>
    <rdf:type rdf:resource='http://www.daml.org/2001/12/factbook/factbook-ont#Estimate'/>
    <NS0:year>2000</NS0:year>
  </rdf:Description>
  <rdf:Description rdf:about='#A89396'>
    <rdf:type rdf:resource='#Oblast'/>
    <NS0:name>Belgorodskaya</NS0:name>
  </rdf:Description>
  <rdf:Description rdf:about='#A89956'>
    <NS0:year>1997</NS0:year>
  </rdf:Description>
  <rdf:Description rdf:about='#A89392'>
    <rdf:type rdf:resource='#Republic'/>
    <NS0:name>Bashkortostan </NS0:name>
  </rdf:Description>
  <rdf:Description rdf:about='#A89388'>
    <rdf:type rdf:resource='#Oblast'/>
    <NS0:name>Astrakhanskaya</NS0:name>
  </rdf:Description>
  <rdf:Description rdf:about='#A89859'>
    <NS0:year>1999</NS0:year>
  </rdf:Description>
  <rdf:Description rdf:about='#A89384'>
    <rdf:type rdf:resource='#Oblast'/>
    <NS0:name>Arkhangel&apos;skaya</NS0:name>
  </rdf:Description>
  <rdf:Description rdf:about='#A89805'>
    <rdf:type rdf:resource='http://www.daml.org/2001/12/factbook/factbook-ont#Estimate'/>
    <NS0:year>1999</NS0:year>
  </rdf:Description>
  <rdf:Description rdf:about='#A89794'>
    <rdf:type rdf:resource='http://www.daml.org/2001/12/factbook/factbook-ont#Estimate'/>
    <NS0:year>2000</NS0:year>
  </rdf:Description>
  <rdf:Description rdf:about='#FederalCity'>
    <rdf:type rdf:resource='http://www.w3.org/2000/01/rdf-schema#Class'/>
    <rdfs:subClassOf rdf:resource='http://www.daml.org/2001/12/factbook/factbook-ont#AdministrativeDivision'/>
    <rdfs:label>FederalCity</rdfs:label>
  </rdf:Description>
  <rdf:Description rdf:about='#A89380'>
    <rdf:type rdf:resource='#Oblast'/>
    <NS0:name>Amurskaya</NS0:name>
  </rdf:Description>
  <rdf:Description rdf:about='#A89376'>
    <rdf:type rdf:resource='#Kray'/>
    <NS0:name>Altayskiy </NS0:name>
  </rdf:Description>
  <rdf:Description rdf:about='#A89372'>
    <rdf:type rdf:resource='#Republic'/>
    <NS0:name>Altay </NS0:name>
  </rdf:Description>
  <rdf:Description rdf:about='#A89368'>
    <rdf:type rdf:resource='#AutonomousOkrug'/>
    <NS0:name>Aginskiy Buryatskiy </NS0:name>
  </rdf:Description>
  <rdf:Description rdf:about='#A89965'>
    <NS0:note>including, in addition to about 336,000 km of conventionally paved roads, about 416,000 km of roads, the surfaces of which have been stabilized with gravel or other coarse aggregates, making them trafficable in wet weather</NS0:note>
  </rdf:Description>
  <rdf:Description rdf:about='http://www.daml.org/2001/09/countries/fips#RS'>
    <NS0:background>The defeat of the Russian Empire in World War I led to the seizure of power by the communists and the formation of the USSR. The brutal rule of Josef STALIN (1924-53) strengthened Russian dominance of the Soviet Union at a cost of tens of millions of lives. The Soviet economy and society stagnated in the following decades until General Secretary Mikhail GORBACHEV (1985-91) introduced glasnost (openness) and perestroika (restructuring) in an attempt to modernize communism, but his initiatives inadvertently released forces that by December 1991 splintered the USSR into 15 independent republics. Since then, Russia has struggled in its efforts to build a democratic political system and market economy to replace the strict social, political, and economic controls of the communist period.</NS0:background>
    <NS0:location>Northern Asia (that part west of the Urals is sometimes included with Europe), bordering the Arctic Ocean, between Europe and the North Pacific Ocean</NS0:location>
    <NS0:geographicCoordinates rdf:resource='#A89145'/>
    <NS0:mapReferences>Asia</NS0:mapReferences>
    <NS0:totalArea>17075200</NS0:totalArea>
    <NS0:landArea>16995800</NS0:landArea>
    <NS0:waterArea>79400</NS0:waterArea>
    <NS0:comparativeArea>slightly less than 1.8 times the size of the US</NS0:comparativeArea>
    <NS0:landBoundaries>19961</NS0:landBoundaries>
    <NS0:coastline>37653</NS0:coastline>
    <NS0:exclusiveEconomicZone>200</NS0:exclusiveEconomicZone>
    <NS0:territorialSea>12</NS0:territorialSea>
    <NS0:climate>ranges from steppes in the south through humid continental in much of European Russia; subarctic in Siberia to tundra climate in the polar north; winters vary from cool along Black Sea coast to frigid in Siberia; summers vary from warm in the steppes to cool along Arctic coast</NS0:climate>
    <NS0:terrain>broad plain with low hills west of Urals; vast coniferous forest and tundra in Siberia; uplands and mountains along southern border regions</NS0:terrain>
    <NS0:lowestPoint rdf:resource='#A89161'/>
    <NS0:highestPoint rdf:resource='#A89166'/>
    <NS0:naturalResource rdf:resource='http://www.daml.org/2001/12/factbook/naturalResources#wide_natural_resource_base_including_major_deposits_of_oil'/>
    <NS0:naturalResource rdf:resource='http://www.daml.org/2001/12/factbook/naturalResources#natural_gas'/>
    <NS0:naturalResource rdf:resource='http://www.daml.org/2001/12/factbook/naturalResources#coal'/>
    <NS0:naturalResource rdf:resource='http://www.daml.org/2001/12/factbook/naturalResources#and_many_strategic_minerals'/>
    <NS0:naturalResource rdf:resource='http://www.daml.org/2001/12/factbook/naturalResources#timber'/>
    <NS0:arableLand>8</NS0:arableLand>
    <NS0:permanentCrops>0</NS0:permanentCrops>
    <NS0:permanentPastures>4</NS0:permanentPastures>
    <NS0:forestsAndWoodland>46</NS0:forestsAndWoodland>
    <NS0:otherLandUse rdf:ID='A89180'>42</NS0:otherLandUse>
    <NS0:irrigatedLand rdf:ID='A89183'>40000</NS0:irrigatedLand>
    <NS0:naturalHazard>permafrost over much of Siberia is a major impediment to development</NS0:naturalHazard>
    <NS0:naturalHazard>volcanic activity in the Kuril Islands</NS0:naturalHazard>
    <NS0:naturalHazard>volcanoes and earthquakes on the Kamchatka Peninsula</NS0:naturalHazard>
    <NS0:environmentalIssue>air pollution from heavy industry, emissions of coal-fired electric plants, and transportation in major cities</NS0:environmentalIssue>
    <NS0:environmentalIssue>industrial, municipal, and agricultural pollution of inland waterways and sea coasts</NS0:environmentalIssue>
    <NS0:environmentalIssue>deforestation</NS0:environmentalIssue>
    <NS0:environmentalIssue>soil erosion</NS0:environmentalIssue>
    <NS0:environmentalIssue>soil contamination from improper application of agricultural chemicals</NS0:environmentalIssue>
    <NS0:environmentalIssue>scattered areas of sometimes intense radioactive contamination</NS0:environmentalIssue>
    <NS0:environmentalIssue>ground water contamination from toxic waste</NS0:environmentalIssue>
    <NS0:environmentalAgreementPartyTo rdf:resource='http://www.daml.org/2001/12/factbook/environmentalAgreements#Air_Pollution'/>
    <NS0:environmentalAgreementPartyTo rdf:resource='http://www.daml.org/2001/12/factbook/environmentalAgreements#Air_Pollution-Nitrogen_Oxides'/>
    <NS0:environmentalAgreementPartyTo rdf:resource='http://www.daml.org/2001/12/factbook/environmentalAgreements#Air_Pollution-Sulphur_85'/>
    <NS0:environmentalAgreementPartyTo rdf:resource='http://www.daml.org/2001/12/factbook/environmentalAgreements#Antarctic-Environmental_Protocol'/>
    <NS0:environmentalAgreementPartyTo rdf:resource='http://www.daml.org/2001/12/factbook/environmentalAgreements#Antarctic-Marine_Living_Resources'/>
    <NS0:environmentalAgreementPartyTo rdf:resource='http://www.daml.org/2001/12/factbook/environmentalAgreements#Antarctic_Seals'/>
    <NS0:environmentalAgreementPartyTo rdf:resource='http://www.daml.org/2001/12/factbook/environmentalAgreements#Antarctic_Treaty'/>
    <NS0:environmentalAgreementPartyTo rdf:resource='http://www.daml.org/2001/12/factbook/environmentalAgreements#Biodiversity'/>
    <NS0:environmentalAgreementPartyTo rdf:resource='http://www.daml.org/2001/12/factbook/environmentalAgreements#Climate_Change'/>
    <NS0:environmentalAgreementPartyTo rdf:resource='http://www.daml.org/2001/12/factbook/environmentalAgreements#Endangered_Species'/>
    <NS0:environmentalAgreementPartyTo rdf:resource='http://www.daml.org/2001/12/factbook/environmentalAgreements#Environmental_Modification'/>
    <NS0:environmentalAgreementPartyTo rdf:resource='http://www.daml.org/2001/12/factbook/environmentalAgreements#Hazardous_Wastes'/>
    <NS0:environmentalAgreementPartyTo rdf:resource='http://www.daml.org/2001/12/factbook/environmentalAgreements#Law_of_the_Sea'/>
    <NS0:environmentalAgreementPartyTo rdf:resource='http://www.daml.org/2001/12/factbook/environmentalAgreements#Marine_Dumping'/>
    <NS0:environmentalAgreementPartyTo rdf:resource='http://www.daml.org/2001/12/factbook/environmentalAgreements#Nuclear_Test_Ban'/>
    <NS0:environmentalAgreementPartyTo rdf:resource='http://www.daml.org/2001/12/factbook/environmentalAgreements#Ozone_Layer_Protection'/>
    <NS0:environmentalAgreementPartyTo rdf:resource='http://www.daml.org/2001/12/factbook/environmentalAgreements#Ship_Pollution'/>
    <NS0:environmentalAgreementPartyTo rdf:resource='http://www.daml.org/2001/12/factbook/environmentalAgreements#Tropical_Timber_83'/>
    <NS0:environmentalAgreementPartyTo rdf:resource='http://www.daml.org/2001/12/factbook/environmentalAgreements#Wetlands'/>
    <NS0:environmentalAgreementPartyTo rdf:resource='http://www.daml.org/2001/12/factbook/environmentalAgreements#Whaling'/>
    <NS0:environmentalAgreementSigned rdf:resource='http://www.daml.org/2001/12/factbook/environmentalAgreements#Air_Pollution-Sulphur_94'/>
    <NS0:environmentalAgreementSigned rdf:resource='http://www.daml.org/2001/12/factbook/environmentalAgreements#Climate_Change-Kyoto_Protocol'/>
    <NS0:population rdf:ID='A89218'>145470197</NS0:population>
    <NS0:populationGrowthRate rdf:ID='A89221'>-0.35</NS0:populationGrowthRate>
    <NS0:birthRate rdf:ID='A89224'>9.35</NS0:birthRate>
    <NS0:deathRate rdf:ID='A89227'>13.85</NS0:deathRate>
    <NS0:netMigrationRate rdf:ID='A89230'>0.98</NS0:netMigrationRate>
    <NS0:sexRatio rdf:resource='#A89233'/>
    <NS0:sexRatio rdf:resource='#A89239'/>
    <NS0:sexRatio rdf:resource='#A89245'/>
    <NS0:sexRatio rdf:resource='#A89251'/>
    <NS0:sexRatio rdf:ID='A89259' rdf:resource='#A89256'/>
    <NS0:infantMortalityRate rdf:ID='A89262'>20.05</NS0:infantMortalityRate>
    <NS0:totalFertilityRate rdf:ID='A89265'>1.27</NS0:totalFertilityRate>
    <NS0:nationalityNoun>Russian(s)</NS0:nationalityNoun>
    <NS0:nationalityAdjective>Russian</NS0:nationalityAdjective>
    <NS0:ethnicGroup rdf:resource='#A89270'/>
    <NS0:ethnicGroup rdf:resource='#A89275'/>
    <NS0:ethnicGroup rdf:resource='#A89280'/>
    <NS0:ethnicGroup rdf:resource='#A89285'/>
    <NS0:ethnicGroup rdf:resource='#A89290'/>
    <NS0:ethnicGroup rdf:resource='#A89295'/>
    <NS0:ethnicGroup rdf:resource='#A89300'/>
    <NS0:ethnicGroup rdf:resource='#A89305'/>
    <NS0:religion rdf:resource='#A89310'/>
    <NS0:religion rdf:resource='#A89314'/>
    <NS0:religion rdf:resource='#A89318'/>
    <NS0:language rdf:resource='#A89322'/>
    <NS0:language rdf:resource='#A89326'/>
    <NS0:literacyDefinition>age 15 and over can read and write</NS0:literacyDefinition>
    <NS0:literacyTotal>98</NS0:literacyTotal>
    <NS0:literacyMale>100</NS0:literacyMale>
    <NS0:literacyFemale rdf:ID='A89333'>97</NS0:literacyFemale>
    <NS0:conventionalLongCountryName>Russian Federation</NS0:conventionalLongCountryName>
    <NS0:conventionalShortCountryName>Russia</NS0:conventionalShortCountryName>
    <NS0:localLongCountryName>Rossiyskaya Federatsiya</NS0:localLongCountryName>
    <NS0:localShortCountryName>Rossiya</NS0:localShortCountryName>
    <NS0:formerCountryName>Russian Empire, Russian Soviet Federative Socialist Republic</NS0:formerCountryName>
    <NS0:governmentType rdf:resource='http://www.daml.org/2001/12/factbook/governmentTypes#federation'/>
    <NS0:capital rdf:resource='#A89342'/>
    <NS0:administrativeDivision rdf:resource='#A89364'/>
    <NS0:administrativeDivision rdf:resource='#A89368'/>
    <NS0:administrativeDivision rdf:resource='#A89372'/>
    <NS0:administrativeDivision rdf:resource='#A89376'/>
    <NS0:administrativeDivision rdf:resource='#A89380'/>
    <NS0:administrativeDivision rdf:resource='#A89384'/>
    <NS0:administrativeDivision rdf:resource='#A89388'/>
    <NS0:administrativeDivision rdf:resource='#A89392'/>
    <NS0:administrativeDivision rdf:resource='#A89396'/>
    <NS0:administrativeDivision rdf:resource='#A89400'/>
    <NS0:administrativeDivision rdf:resource='#A89404'/>
    <NS0:administrativeDivision rdf:resource='#A89408'/>
    <NS0:administrativeDivision rdf:resource='#A89412'/>
    <NS0:administrativeDivision rdf:resource='#A89416'/>
    <NS0:administrativeDivision rdf:resource='#A89420'/>
    <NS0:administrativeDivision rdf:resource='#A89424'/>
    <NS0:administrativeDivision rdf:resource='#A89428'/>
    <NS0:administrativeDivision rdf:resource='#A89432'/>
    <NS0:administrativeDivision rdf:resource='#A89436'/>
    <NS0:administrativeDivision rdf:resource='#A89440'/>
    <NS0:administrativeDivision rdf:resource='#A89444'/>
    <NS0:administrativeDivision rdf:resource='#A89448'/>
    <NS0:administrativeDivision rdf:resource='#A89452'/>
    <NS0:administrativeDivision rdf:resource='#A89456'/>
    <NS0:administrativeDivision rdf:resource='#A89460'/>
    <NS0:administrativeDivision rdf:resource='#A89464'/>
    <NS0:administrativeDivision rdf:resource='#A89468'/>
    <NS0:administrativeDivision rdf:resource='#A89472'/>
    <NS0:administrativeDivision rdf:resource='#A89476'/>
    <NS0:administrativeDivision rdf:resource='#A89480'/>
    <NS0:administrativeDivision rdf:resource='#A89484'/>
    <NS0:administrativeDivision rdf:resource='#A89488'/>
    <NS0:administrativeDivision rdf:resource='#A89492'/>
    <NS0:administrativeDivision rdf:resource='#A89496'/>
    <NS0:administrativeDivision rdf:resource='#A89500'/>
    <NS0:administrativeDivision rdf:resource='#A89504'/>
    <NS0:administrativeDivision rdf:resource='#A89508'/>
    <NS0:administrativeDivision rdf:resource='#A89512'/>
    <NS0:administrativeDivision rdf:resource='#A89516'/>
    <NS0:administrativeDivision rdf:resource='#A89520'/>
    <NS0:administrativeDivision rdf:resource='#A89524'/>
    <NS0:administrativeDivision rdf:resource='#A89528'/>
    <NS0:administrativeDivision rdf:resource='#A89532'/>
    <NS0:administrativeDivision rdf:resource='#A89536'/>
    <NS0:administrativeDivision rdf:resource='#A89540'/>
    <NS0:administrativeDivision rdf:resource='#A89544'/>
    <NS0:administrativeDivision rdf:resource='#A89548'/>
    <NS0:administrativeDivision rdf:resource='#A89552'/>
    <NS0:administrativeDivision rdf:resource='#A89556'/>
    <NS0:administrativeDivision rdf:resource='#A89560'/>
    <NS0:administrativeDivision rdf:resource='#A89564'/>
    <NS0:administrativeDivision rdf:resource='#A89568'/>
    <NS0:administrativeDivision rdf:resource='#A89572'/>
    <NS0:administrativeDivision rdf:resource='#A89576'/>
    <NS0:administrativeDivision rdf:resource='#A89580'/>
    <NS0:administrativeDivision rdf:resource='#A89584'/>
    <NS0:administrativeDivision rdf:resource='#A89588'/>
    <NS0:administrativeDivision rdf:resource='#A89592'/>
    <NS0:administrativeDivision rdf:resource='#A89596'/>
    <NS0:administrativeDivision rdf:resource='#A89600'/>
    <NS0:administrativeDivision rdf:resource='#A89604'/>
    <NS0:administrativeDivision rdf:resource='#A89608'/>
    <NS0:administrativeDivision rdf:resource='#A89612'/>
    <NS0:administrativeDivision rdf:resource='#A89616'/>
    <NS0:administrativeDivision rdf:resource='#A89620'/>
    <NS0:administrativeDivision rdf:resource='#A89624'/>
    <NS0:administrativeDivision rdf:resource='#A89628'/>
    <NS0:administrativeDivision rdf:resource='#A89632'/>
    <NS0:administrativeDivision rdf:resource='#A89636'/>
    <NS0:administrativeDivision rdf:resource='#A89640'/>
    <NS0:administrativeDivision rdf:resource='#A89644'/>
    <NS0:administrativeDivision rdf:resource='#A89648'/>
    <NS0:administrativeDivision rdf:resource='#A89652'/>
    <NS0:administrativeDivision rdf:resource='#A89656'/>
    <NS0:administrativeDivision rdf:resource='#A89660'/>
    <NS0:administrativeDivision rdf:resource='#A89664'/>
    <NS0:administrativeDivision rdf:resource='#A89668'/>
    <NS0:administrativeDivision rdf:resource='#A89672'/>
    <NS0:administrativeDivision rdf:resource='#A89676'/>
    <NS0:administrativeDivision rdf:resource='#A89680'/>
    <NS0:administrativeDivision rdf:resource='#A89684'/>
    <NS0:administrativeDivision rdf:resource='#A89688'/>
    <NS0:administrativeDivision rdf:resource='#A89692'/>
    <NS0:administrativeDivision rdf:resource='#A89696'/>
    <NS0:administrativeDivision rdf:resource='#A89700'/>
    <NS0:administrativeDivision rdf:resource='#A89704'/>
    <NS0:administrativeDivision rdf:resource='#A89708'/>
    <NS0:administrativeDivision rdf:resource='#A89712'/>
    <NS0:administrativeDivision rdf:resource='#A89716'/>
    <NS0:independence>24 August 1991 (from Soviet Union)</NS0:independence>
    <NS0:constitution>adopted 12 December 1993</NS0:constitution>
    <NS0:legalSystem>based on civil law system; judicial review of legislative acts</NS0:legalSystem>
    <NS0:suffrage>18 years of age; universal</NS0:suffrage>
    <NS0:participatesIn rdf:resource='http://www.daml.org/2001/12/factbook/internationalOrganizations#APEC'/>
    <NS0:participatesIn rdf:resource='http://www.daml.org/2001/12/factbook/internationalOrganizations#ASEAN'/>
    <NS0:participatesIn rdf:resource='http://www.daml.org/2001/12/factbook/internationalOrganizations#BIS'/>
    <NS0:participatesIn rdf:resource='http://www.daml.org/2001/12/factbook/internationalOrganizations#BSEC'/>
    <NS0:participatesIn rdf:resource='http://www.daml.org/2001/12/factbook/internationalOrganizations#CBSS'/>
    <NS0:participatesIn rdf:resource='http://www.daml.org/2001/12/factbook/internationalOrganizations#CCC'/>
    <NS0:participatesIn rdf:resource='http://www.daml.org/2001/12/factbook/internationalOrganizations#CE'/>
    <NS0:participatesIn rdf:resource='http://www.daml.org/2001/12/factbook/internationalOrganizations#CERN'/>
    <NS0:participatesIn rdf:resource='http://www.daml.org/2001/12/factbook/internationalOrganizations#CIS'/>
    <NS0:participatesIn rdf:resource='http://www.daml.org/2001/12/factbook/internationalOrganizations#EAPC'/>
    <NS0:participatesIn rdf:resource='http://www.daml.org/2001/12/factbook/internationalOrganizations#EBRD'/>
    <NS0:participatesIn rdf:resource='http://www.daml.org/2001/12/factbook/internationalOrganizations#ECE'/>
    <NS0:participatesIn rdf:resource='http://www.daml.org/2001/12/factbook/internationalOrganizations#ESCAP'/>
    <NS0:participatesIn rdf:resource='http://www.daml.org/2001/12/factbook/internationalOrganizations#G-_8'/>
    <NS0:participatesIn rdf:resource='http://www.daml.org/2001/12/factbook/internationalOrganizations#IAEA'/>
    <NS0:participatesIn rdf:resource='http://www.daml.org/2001/12/factbook/internationalOrganizations#IBRD'/>
    <NS0:participatesIn rdf:resource='http://www.daml.org/2001/12/factbook/internationalOrganizations#ICAO'/>
    <NS0:participatesIn rdf:resource='http://www.daml.org/2001/12/factbook/internationalOrganizations#ICC'/>
    <NS0:participatesIn rdf:resource='http://www.daml.org/2001/12/factbook/internationalOrganizations#ICFTU'/>
    <NS0:participatesIn rdf:resource='http://www.daml.org/2001/12/factbook/internationalOrganizations#ICRM'/>
    <NS0:participatesIn rdf:resource='http://www.daml.org/2001/12/factbook/internationalOrganizations#IDA'/>
    <NS0:participatesIn rdf:resource='http://www.daml.org/2001/12/factbook/internationalOrganizations#IFC'/>
    <NS0:participatesIn rdf:resource='http://www.daml.org/2001/12/factbook/internationalOrganizations#IFRCS'/>
    <NS0:participatesIn rdf:resource='http://www.daml.org/2001/12/factbook/internationalOrganizations#IHO'/>
    <NS0:participatesIn rdf:resource='http://www.daml.org/2001/12/factbook/internationalOrganizations#ILO'/>
    <NS0:participatesIn rdf:resource='http://www.daml.org/2001/12/factbook/internationalOrganizations#IMF'/>
    <NS0:participatesIn rdf:resource='http://www.daml.org/2001/12/factbook/internationalOrganizations#IMO'/>
    <NS0:participatesIn rdf:resource='http://www.daml.org/2001/12/factbook/internationalOrganizations#Inmarsat'/>
    <NS0:participatesIn rdf:resource='http://www.daml.org/2001/12/factbook/internationalOrganizations#Intelsat'/>
    <NS0:participatesIn rdf:resource='http://www.daml.org/2001/12/factbook/internationalOrganizations#Interpol'/>
    <NS0:participatesIn rdf:resource='http://www.daml.org/2001/12/factbook/internationalOrganizations#IOC'/>
    <NS0:participatesIn rdf:resource='http://www.daml.org/2001/12/factbook/internationalOrganizations#IOM'/>
    <NS0:participatesIn rdf:resource='http://www.daml.org/2001/12/factbook/internationalOrganizations#ISO'/>
    <NS0:participatesIn rdf:resource='http://www.daml.org/2001/12/factbook/internationalOrganizations#ITU'/>
    <NS0:participatesIn rdf:resource='http://www.daml.org/2001/12/factbook/internationalOrganizations#LAIA'/>
    <NS0:participatesIn rdf:resource='http://www.daml.org/2001/12/factbook/internationalOrganizations#MINURSO'/>
    <NS0:participatesIn rdf:resource='http://www.daml.org/2001/12/factbook/internationalOrganizations#MONUC'/>
    <NS0:participatesIn rdf:resource='http://www.daml.org/2001/12/factbook/internationalOrganizations#NAM'/>
    <NS0:participatesIn rdf:resource='http://www.daml.org/2001/12/factbook/internationalOrganizations#NSG'/>
    <NS0:participatesIn rdf:resource='http://www.daml.org/2001/12/factbook/internationalOrganizations#OAS'/>
    <NS0:participatesIn rdf:resource='http://www.daml.org/2001/12/factbook/internationalOrganizations#OPCW'/>
    <NS0:participatesIn rdf:resource='http://www.daml.org/2001/12/factbook/internationalOrganizations#OSCE'/>
    <NS0:participatesIn rdf:resource='http://www.daml.org/2001/12/factbook/internationalOrganizations#PCA'/>
    <NS0:participatesIn rdf:resource='http://www.daml.org/2001/12/factbook/internationalOrganizations#PFP'/>
    <NS0:participatesIn rdf:resource='http://www.daml.org/2001/12/factbook/internationalOrganizations#UN'/>
    <NS0:participatesIn rdf:resource='http://www.daml.org/2001/12/factbook/internationalOrganizations#UN_Security_Council'/>
    <NS0:participatesIn rdf:resource='http://www.daml.org/2001/12/factbook/internationalOrganizations#UNAMSIL'/>
    <NS0:participatesIn rdf:resource='http://www.daml.org/2001/12/factbook/internationalOrganizations#UNCTAD'/>
    <NS0:participatesIn rdf:resource='http://www.daml.org/2001/12/factbook/internationalOrganizations#UNESCO'/>
    <NS0:participatesIn rdf:resource='http://www.daml.org/2001/12/factbook/internationalOrganizations#UNHCR'/>
    <NS0:participatesIn rdf:resource='http://www.daml.org/2001/12/factbook/internationalOrganizations#UNIDO'/>
    <NS0:participatesIn rdf:resource='http://www.daml.org/2001/12/factbook/internationalOrganizations#UNIKOM'/>
    <NS0:participatesIn rdf:resource='http://www.daml.org/2001/12/factbook/internationalOrganizations#UNITAR'/>
    <NS0:participatesIn rdf:resource='http://www.daml.org/2001/12/factbook/internationalOrganizations#UNMEE'/>
    <NS0:participatesIn rdf:resource='http://www.daml.org/2001/12/factbook/internationalOrganizations#UNMIBH'/>
    <NS0:participatesIn rdf:resource='http://www.daml.org/2001/12/factbook/internationalOrganizations#UNMIK'/>
    <NS0:participatesIn rdf:resource='http://www.daml.org/2001/12/factbook/internationalOrganizations#UNMOP'/>
    <NS0:participatesIn rdf:resource='http://www.daml.org/2001/12/factbook/internationalOrganizations#UNOMIG'/>
    <NS0:participatesIn rdf:resource='http://www.daml.org/2001/12/factbook/internationalOrganizations#UNTAET'/>
    <NS0:participatesIn rdf:resource='http://www.daml.org/2001/12/factbook/internationalOrganizations#UNTSO'/>
    <NS0:participatesIn rdf:resource='http://www.daml.org/2001/12/factbook/internationalOrganizations#UPU'/>
    <NS0:participatesIn rdf:resource='http://www.daml.org/2001/12/factbook/internationalOrganizations#WFTU'/>
    <NS0:participatesIn rdf:resource='http://www.daml.org/2001/12/factbook/internationalOrganizations#WHO'/>
    <NS0:participatesIn rdf:resource='http://www.daml.org/2001/12/factbook/internationalOrganizations#WIPO'/>
    <NS0:participatesIn rdf:resource='http://www.daml.org/2001/12/factbook/internationalOrganizations#WMO'/>
    <NS0:participatesIn rdf:resource='http://www.daml.org/2001/12/factbook/internationalOrganizations#WToO'/>
    <NS0:participatesIn rdf:resource='http://www.daml.org/2001/12/factbook/internationalOrganizations#WTrO'/>
    <NS0:participatesIn rdf:resource='http://www.daml.org/2001/12/factbook/internationalOrganizations#ZC'/>
    <NS0:flagDescription>three equal horizontal bands of white (top), blue, and red</NS0:flagDescription>
    <NS0:economyOverview>A decade after the implosion of the Soviet Union in 1991, Russia is still struggling to establish a modern market economy and achieve strong economic growth. In contrast to its trading partners in Central Europe - which were able to overcome the initial production declines that accompanied the launch of market reforms within three to five years - Russia saw its economy contract for five years, as the executive and legislature dithered over the implementation of many of the basic foundations of a market economy. Russia achieved a slight recovery in 1997, but the government&apos;s stubborn budget deficits and the country&apos;s poor business climate made it vulnerable when the global financial crisis swept through in 1998. The crisis culminated in the August depreciation of the ruble, a debt default by the government, and a sharp deterioration in living standards for most of the population. The economy rebounded in 1999 and 2000, buoyed by the competitive boost from the weak ruble and a surging trade surplus fueled by rising world oil prices. This recovery, along with a renewed government effort in 2000 to advance lagging structural reforms, have raised business and investor confidence over Russia&apos;s prospects in its second decade of transition. Yet serious problems persist. Russia remains heavily dependent on exports of commodities, particularly oil, natural gas, metals, and timber, which account for over 80% of exports, leaving the country vulnerable to swings in world prices. Russia&apos;s agricultural sector remains beset by uncertainty over land ownership rights, which has discouraged needed investment and restructuring. Another threat is negative demographic trends, fueled by low birth rates and a deteriorating health situation - including an alarming rise in AIDS cases - that have contributed to a nearly 2% drop in the population since 1992. Russia&apos;s industrial base is increasingly dilapidated and must be replaced or modernized if the country is to achieve sustainable economic growth. Other problems include widespread corruption, capital flight, and brain drain.</NS0:economyOverview>
    <NS0:grossDomesticProduct rdf:ID='A89794'>1120000000000</NS0:grossDomesticProduct>
    <NS0:grossDomesticProductRealGrowth rdf:ID='A89797'>6.3</NS0:grossDomesticProductRealGrowth>
    <NS0:grossDomesticProductPerCapita rdf:ID='A89800'>7700</NS0:grossDomesticProductPerCapita>
    <NS0:grossDomesticProductAgriculture>7</NS0:grossDomesticProductAgriculture>
    <NS0:grossDomesticProductIndustry>34</NS0:grossDomesticProductIndustry>
    <NS0:grossDomesticProductServices rdf:ID='A89805'>59</NS0:grossDomesticProductServices>
    <NS0:populationBelowPovertyLine rdf:ID='A89808'>40</NS0:populationBelowPovertyLine>
    <NS0:householdIncomeLowest10Percent>1.7</NS0:householdIncomeLowest10Percent>
    <NS0:householdIncomeHighest10Percent rdf:ID='A89812'>38.7</NS0:householdIncomeHighest10Percent>
    <NS0:inflationRate rdf:ID='A89814'>20.6</NS0:inflationRate>
    <NS0:laborForce rdf:ID='A89817'>66000000</NS0:laborForce>
    <NS0:occupation rdf:resource='#A89819'/>
    <NS0:occupation rdf:resource='#A89824'/>
    <NS0:occupation rdf:ID='A89833' rdf:resource='#A89829'/>
    <NS0:budgetRevenues>40000000000</NS0:budgetRevenues>
    <NS0:budgetExpenditures>33700000000</NS0:budgetExpenditures>
    <NS0:industry rdf:resource='http://www.daml.org/2001/12/factbook/industries#complete_range_of_mining_and_extractive_industries_producing_coal'/>
    <NS0:industry rdf:resource='http://www.daml.org/2001/12/factbook/industries#oil'/>
    <NS0:industry rdf:resource='http://www.daml.org/2001/12/factbook/industries#gas'/>
    <NS0:industry rdf:resource='http://www.daml.org/2001/12/factbook/industries#chemicals'/>
    <NS0:industry rdf:resource='http://www.daml.org/2001/12/factbook/industries#and_metals'/>
    <NS0:industry rdf:resource='http://www.daml.org/2001/12/factbook/industries#all_forms_of_machine_building_from_rolling_mills_to_high-performance_aircraft_and_space_vehicles'/>
    <NS0:industry rdf:resource='http://www.daml.org/2001/12/factbook/industries#shipbuilding'/>
    <NS0:industry rdf:resource='http://www.daml.org/2001/12/factbook/industries#road_and_rail_transportation_equipment'/>
    <NS0:industry rdf:resource='http://www.daml.org/2001/12/factbook/industries#communications_equipment'/>
    <NS0:industry rdf:resource='http://www.daml.org/2001/12/factbook/industries#agricultural_machinery'/>
    <NS0:industry rdf:resource='http://www.daml.org/2001/12/factbook/industries#tractors'/>
    <NS0:industry rdf:resource='http://www.daml.org/2001/12/factbook/industries#and_construction_equipment'/>
    <NS0:industry rdf:resource='http://www.daml.org/2001/12/factbook/industries#electric_power_generating_and_transmitting_equipment'/>
    <NS0:industry rdf:resource='http://www.daml.org/2001/12/factbook/industries#medical_and_scientific_instruments'/>
    <NS0:industry rdf:resource='http://www.daml.org/2001/12/factbook/industries#consumer_durables'/>
    <NS0:industry rdf:resource='http://www.daml.org/2001/12/factbook/industries#textiles'/>
    <NS0:industry rdf:resource='http://www.daml.org/2001/12/factbook/industries#foodstuffs'/>
    <NS0:industry rdf:resource='http://www.daml.org/2001/12/factbook/industries#handicrafts'/>
    <NS0:industrialProductionGrowthRate rdf:ID='A89856'>8.8</NS0:industrialProductionGrowthRate>
    <NS0:electricityProduction rdf:ID='A89859'>798065000000</NS0:electricityProduction>
    <NS0:electricityProductionFossilFuel>66.31</NS0:electricityProductionFossilFuel>
    <NS0:electricityProductionHydro>19.79</NS0:electricityProductionHydro>
    <NS0:electricityProductionNuclear>13.9</NS0:electricityProductionNuclear>
    <NS0:electricityProductionOther rdf:ID='A89864'>0</NS0:electricityProductionOther>
    <NS0:electricityConsumption rdf:ID='A89866'>728200000000</NS0:electricityConsumption>
    <NS0:electricityExports rdf:ID='A89868'>20000000000</NS0:electricityExports>
    <NS0:electricityImports rdf:ID='A89870'>6000000000</NS0:electricityImports>
    <NS0:agricultureProduct rdf:resource='http://www.daml.org/2001/12/factbook/agricultureProducts#grain'/>
    <NS0:agricultureProduct rdf:resource='http://www.daml.org/2001/12/factbook/agricultureProducts#sugar_beets'/>
    <NS0:agricultureProduct rdf:resource='http://www.daml.org/2001/12/factbook/agricultureProducts#sunflower_seed'/>
    <NS0:agricultureProduct rdf:resource='http://www.daml.org/2001/12/factbook/agricultureProducts#vegetables'/>
    <NS0:agricultureProduct rdf:resource='http://www.daml.org/2001/12/factbook/agricultureProducts#fruits'/>
    <NS0:agricultureProduct rdf:resource='http://www.daml.org/2001/12/factbook/agricultureProducts#beef'/>
    <NS0:agricultureProduct rdf:resource='http://www.daml.org/2001/12/factbook/agricultureProducts#milk'/>
    <NS0:exports rdf:ID='A89879'>105100000000</NS0:exports>
    <NS0:exportsCommodity rdf:resource='#A89882'/>
    <NS0:exportsCommodity rdf:resource='#A89886'/>
    <NS0:exportsCommodity rdf:resource='#A89890'/>
    <NS0:exportsCommodity rdf:resource='#A89894'/>
    <NS0:exportsCommodity rdf:resource='#A89898'/>
    <NS0:exportsCommodity rdf:resource='#A89902'/>
    <NS0:imports rdf:ID='A89906'>44200000000</NS0:imports>
    <NS0:importsCommodity rdf:resource='#A89909'/>
    <NS0:importsCommodity rdf:resource='#A89913'/>
    <NS0:importsCommodity rdf:resource='#A89917'/>
    <NS0:importsCommodity rdf:resource='#A89921'/>
    <NS0:importsCommodity rdf:resource='#A89925'/>
    <NS0:importsCommodity rdf:resource='#A89929'/>
    <NS0:importsCommodity rdf:resource='#A89933'/>
    <NS0:externalDebt rdf:ID='A89937'>163000000000</NS0:externalDebt>
    <NS0:economicAidRecipient rdf:ID='A89940'>8523000000</NS0:economicAidRecipient>
    <NS0:currency>Russian ruble (RUR)</NS0:currency>
    <NS0:currencyCode>RUR</NS0:currencyCode>
    <NS0:fiscalYear>calendar year</NS0:fiscalYear>
    <NS0:mainTelephoneLines rdf:ID='A89945'>30000000</NS0:mainTelephoneLines>
    <NS0:mobileTelephoneLines rdf:ID='A89947'>2500000</NS0:mobileTelephoneLines>
    <NS0:telephoneSystemGeneralAssessment>the telephone system has undergone significant changes in the 1990s; there are more than 1,000 companies licensed to offer communication services; access to digital lines has improved, particularly in urban centers; Internet and e-mail services are improving; Russia has made progress toward building the telecommunications infrastructure necessary for a market economy; however, a large demand for main line service remains unsatisfied</NS0:telephoneSystemGeneralAssessment>
    <NS0:telephoneSystemDomestic>cross-country digital trunk lines run from Saint Petersburg to Khabarovsk, and from Moscow to Novorossiysk; the telephone systems in 60 regional capitals have modern digital infrastructures; cellular services, both analog and digital, are available in many areas; in rural areas, the telephone services are still outdated, inadequate, and low density</NS0:telephoneSystemDomestic>
    <NS0:telephoneSystemInternational>Russia is connected internationally by three undersea fiber-optic cables; digital switches in several cities provide more than 50,000 lines for international calls; satellite earth stations provide access to Intelsat, Intersputnik, Eutelsat, Inmarsat, and Orbita systems</NS0:telephoneSystemInternational>
    <NS0:radios rdf:ID='A89952'>61500000</NS0:radios>
    <NS0:televisionBroadcastStations rdf:ID='A89954'>7306</NS0:televisionBroadcastStations>
    <NS0:televisions rdf:ID='A89956'>60500000</NS0:televisions>
    <NS0:internetCountryCode>.ru</NS0:internetCountryCode>
    <NS0:internetServiceProviders rdf:ID='A89959'>35</NS0:internetServiceProviders>
    <NS0:internetUsers rdf:ID='A89961'>9200000</NS0:internetUsers>
    <NS0:railwaysTotal>149000</NS0:railwaysTotal>
    <NS0:highwaysTotal>952000</NS0:highwaysTotal>
    <NS0:highwaysPaved rdf:ID='A89965'>752000</NS0:highwaysPaved>
    <NS0:waterways rdf:ID='A89967'>95900</NS0:waterways>
    <NS0:port rdf:resource='#A89969'/>
    <NS0:port rdf:resource='#A89973'/>
    <NS0:port rdf:resource='#A89977'/>
    <NS0:port rdf:resource='#A89981'/>
    <NS0:port rdf:resource='#A89985'/>
    <NS0:port rdf:resource='#A89989'/>
    <NS0:port rdf:resource='#A89993'/>
    <NS0:port rdf:resource='#A89997'/>
    <NS0:port rdf:resource='#A90001'/>
    <NS0:port rdf:resource='#A90005'/>
    <NS0:port rdf:resource='#A90009'/>
    <NS0:port rdf:resource='#A90013'/>
    <NS0:port rdf:resource='#A90017'/>
    <NS0:port rdf:resource='#A90021'/>
    <NS0:port rdf:resource='#A90025'/>
    <NS0:port rdf:resource='#A90029'/>
    <NS0:port rdf:resource='#A90033'/>
    <NS0:port rdf:resource='#A90037'/>
    <NS0:port rdf:resource='#A90041'/>
    <NS0:port rdf:resource='#A90045'/>
    <NS0:port rdf:resource='#A90049'/>
    <NS0:airports rdf:ID='A90053'>2743</NS0:airports>
    <NS0:airportBreakdown rdf:resource='#A90056'/>
    <NS0:airportBreakdown rdf:resource='#A90062'/>
    <NS0:airportBreakdown rdf:resource='#A90069'/>
    <NS0:airportBreakdown rdf:resource='#A90076'/>
    <NS0:airportBreakdown rdf:resource='#A90083'/>
    <NS0:airportBreakdown rdf:resource='#A90089'/>
    <NS0:airportBreakdown rdf:resource='#A90095'/>
    <NS0:airportBreakdown rdf:resource='#A90102'/>
    <NS0:airportBreakdown rdf:resource='#A90109'/>
    <NS0:airportBreakdown rdf:resource='#A90116'/>
    <NS0:militaryAge>18</NS0:militaryAge>
    <NS0:malesOfMilitaryAge rdf:ID='A90123'>38866147</NS0:malesOfMilitaryAge>
    <NS0:malesFitForMilitaryService rdf:ID='A90126'>30337743</NS0:malesFitForMilitaryService>
    <NS0:malesReachingMilitaryAgeAnnually rdf:ID='A90129'>1242778</NS0:malesReachingMilitaryAgeAnnually>
    <NS0:internationalDispute>dispute over at least two small sections of the boundary with China remains to be settled, despite 1997 boundary agreement</NS0:internationalDispute>
    <NS0:internationalDispute>islands of Etorofu, Kunashiri, and Shikotan and the Habomai group occupied by the Soviet Union in 1945, now administered by Russia, claimed by Japan</NS0:internationalDispute>
    <NS0:internationalDispute>Caspian Sea boundaries are not yet determined among Azerbaijan, Iran, Kazakhstan, Russia, and Turkmenistan</NS0:internationalDispute>
    <NS0:internationalDispute>Estonian and Russian negotiators reached a technical border agreement in December 1996, which has not been signed or ratified by Russia as of February 2001</NS0:internationalDispute>
    <NS0:internationalDispute>draft treaty delimiting the boundary with Latvia has not been signed</NS0:internationalDispute>
    <NS0:internationalDispute>1997 border agreement with Lithuania not yet ratified</NS0:internationalDispute>
    <NS0:internationalDispute>has made no territorial claim in Antarctica and does not recognize the claims of any other nation</NS0:internationalDispute>
    <NS0:internationalDispute>Svalbard is the focus of a maritime boundary dispute between Norway and Russia</NS0:internationalDispute>
    <NS0:illicitDrugs>limited cultivation of illicit cannabis and opium poppy and producer of amphetamine, mostly for domestic consumption</NS0:illicitDrugs>
    <NS0:illicitDrugs>government has active eradication program</NS0:illicitDrugs>
    <NS0:illicitDrugs>increasingly used as transshipment point for Southwest and Southeast Asian opiates and cannabis and Latin American cocaine to Western Europe, possibly to the US, and growing domestic market</NS0:illicitDrugs>
    <NS0:illicitDrugs>major source of heroin precursor chemicals</NS0:illicitDrugs>
    <NS0:illicitDrugs>corruption and organized crime are major concerns</NS0:illicitDrugs>
    <NS0:illicitDrugs>heroin an increasing threat in domestic drug market</NS0:illicitDrugs>
    <NS0:smallFlag>http://www.cia.gov/cia/publications/factbook/flags/rs-flag.jpg</NS0:smallFlag>
    <NS0:largeFlag>http://www.cia.gov/cia/publications/factbook/flags/rs-lgflag.jpg</NS0:largeFlag>
    <NS0:map>http://www.cia.gov/cia/publications/factbook/maps/rs-map.jpg</NS0:map>
    <NS0:border rdf:resource='#A128480'/>
    <NS0:border rdf:resource='#A128485'/>
    <NS0:border rdf:ID='A128494' rdf:resource='#A128490'/>
    <NS0:border rdf:ID='A128500' rdf:resource='#A128496'/>
    <NS0:border rdf:resource='#A128502'/>
    <NS0:border rdf:resource='#A128507'/>
    <NS0:border rdf:resource='#A128512'/>
    <NS0:border rdf:resource='#A128517'/>
    <NS0:border rdf:resource='#A128522'/>
    <NS0:border rdf:resource='#A128527'/>
    <NS0:border rdf:ID='A128536' rdf:resource='#A128532'/>
    <NS0:border rdf:resource='#A128538'/>
    <NS0:border rdf:resource='#A128543'/>
    <NS0:border rdf:ID='A128552' rdf:resource='#A128548'/>
    <NS0:border rdf:resource='#A128554'/>
    <NS0:exportPartner rdf:resource='#A128559'/>
    <NS0:exportPartner rdf:resource='#A128564'/>
    <NS0:exportPartner rdf:resource='#A128569'/>
    <NS0:exportPartner rdf:resource='#A128574'/>
    <NS0:exportPartner rdf:resource='#A128579'/>
    <NS0:exportPartner rdf:ID='A128588' rdf:resource='#A128584'/>
    <NS0:importPartner rdf:resource='#A128590'/>
    <NS0:importPartner rdf:resource='#A128595'/>
    <NS0:importPartner rdf:resource='#A128600'/>
    <NS0:importPartner rdf:resource='#A128605'/>
    <NS0:importPartner rdf:resource='#A128610'/>
    <NS0:importPartner rdf:ID='A128619' rdf:resource='#A128615'/>
  </rdf:Description>
  <rdf:Description rdf:about='#A89364'>
    <rdf:type rdf:resource='#Republic'/>
    <NS0:name>Adygeya </NS0:name>
  </rdf:Description>
  <rdf:Description rdf:about='#A89833'>
    <rdf:type rdf:resource='http://www.daml.org/2001/12/factbook/factbook-ont#Estimate'/>
    <NS0:year>1999</NS0:year>
  </rdf:Description>
  <rdf:Description rdf:about='#A90126'>
    <rdf:type rdf:resource='http://www.daml.org/2001/12/factbook/factbook-ont#Estimate'/>
    <NS0:year>2001</NS0:year>
  </rdf:Description>
  <rdf:Description rdf:about='#A90116'>
    <rdf:type rdf:resource='http://www.daml.org/2001/12/factbook/factbook-ont#AirportBreakdown'/>
    <NS0:paved>false</NS0:paved>
    <NS0:maxRunway>913</NS0:maxRunway>
    <NS0:count>1,598 (2000 est.)</NS0:count>
  </rdf:Description>
  <rdf:Description rdf:about='#A90109'>
    <rdf:type rdf:resource='http://www.daml.org/2001/12/factbook/factbook-ont#AirportBreakdown'/>
    <NS0:paved>false</NS0:paved>
    <NS0:minRunway>914</NS0:minRunway>
    <NS0:maxRunway>1523</NS0:maxRunway>
    <NS0:count>324</NS0:count>
  </rdf:Description>
  <rdf:Description rdf:about='#A89342'>
    <rdf:type rdf:resource='http://www.daml.org/2001/12/factbook/factbook-ont#CapitalCity'/>
    <NS0:name>Moscow</NS0:name>
  </rdf:Description>
  <rdf:Description rdf:about='#A90102'>
    <rdf:type rdf:resource='http://www.daml.org/2001/12/factbook/factbook-ont#AirportBreakdown'/>
    <NS0:paved>false</NS0:paved>
    <NS0:minRunway>1524</NS0:minRunway>
    <NS0:maxRunway>2437</NS0:maxRunway>
    <NS0:count>204</NS0:count>
  </rdf:Description>
  <rdf:Description rdf:about='#A89716'>
    <rdf:type rdf:resource='#AutonomousOblast'/>
    <NS0:name>Yevreyskaya</NS0:name>
  </rdf:Description>
  <rdf:Description rdf:about='#A89712'>
    <rdf:type rdf:resource='#Oblast'/>
    <NS0:name>Yaroslavskaya</NS0:name>
  </rdf:Description>
  <rdf:Description rdf:about='#A90095'>
    <rdf:type rdf:resource='http://www.daml.org/2001/12/factbook/factbook-ont#AirportBreakdown'/>
    <NS0:paved>false</NS0:paved>
    <NS0:minRunway>2438</NS0:minRunway>
    <NS0:maxRunway>3047</NS0:maxRunway>
    <NS0:count>118</NS0:count>
  </rdf:Description>
  <rdf:Description rdf:about='#A128588'>
    <NS0:note>1999</NS0:note>
  </rdf:Description>
  <rdf:Description rdf:about='#A89326'>
    <rdf:type rdf:resource='http://www.daml.org/2001/12/factbook/factbook-ont#LanguagePercent'/>
    <NS0:language rdf:resource='http://www.daml.org/2001/12/factbook/languages#other'/>
  </rdf:Description>
  <rdf:Description rdf:about='#A89708'>
    <rdf:type rdf:resource='#AutonomousOkrug'/>
    <NS0:name>Yamalo-Nenetskiy </NS0:name>
  </rdf:Description>
  <rdf:Description rdf:about='#A90089'>
    <rdf:type rdf:resource='http://www.daml.org/2001/12/factbook/factbook-ont#AirportBreakdown'/>
    <NS0:paved>false</NS0:paved>
    <NS0:minRunway>3048</NS0:minRunway>
    <NS0:count>28</NS0:count>
  </rdf:Description>
  <rdf:Description rdf:about='#A89322'>
    <rdf:type rdf:resource='http://www.daml.org/2001/12/factbook/factbook-ont#LanguagePercent'/>
    <NS0:language rdf:resource='http://www.daml.org/2001/12/factbook/languages#Russian'/>
  </rdf:Description>
  <rdf:Description rdf:about='#A89704'>
    <rdf:type rdf:resource='#Oblast'/>
    <NS0:name>Voronezhskaya</NS0:name>
  </rdf:Description>
  <rdf:Description rdf:about='#A89318'>
    <rdf:type rdf:resource='http://www.daml.org/2001/12/factbook/factbook-ont#ReligionPercent'/>
    <NS0:religion rdf:resource='http://www.daml.org/2001/12/factbook/religions#other'/>
  </rdf:Description>
  <rdf:Description rdf:about='#A89700'>
    <rdf:type rdf:resource='#Oblast'/>
    <NS0:name>Vologodskaya</NS0:name>
  </rdf:Description>
  <rdf:Description rdf:about='#A90083'>
    <rdf:type rdf:resource='http://www.daml.org/2001/12/factbook/factbook-ont#AirportBreakdown'/>
    <NS0:paved>true</NS0:paved>
    <NS0:maxRunway>913</NS0:maxRunway>
    <NS0:count>92 (2000 est.)</NS0:count>
  </rdf:Description>
  <rdf:Description rdf:about='#A89314'>
    <rdf:type rdf:resource='http://www.daml.org/2001/12/factbook/factbook-ont#ReligionPercent'/>
    <NS0:religion rdf:resource='http://www.daml.org/2001/12/factbook/religions#Muslim'/>
  </rdf:Description>
  <rdf:Description rdf:about='#A89696'>
    <rdf:type rdf:resource='#Oblast'/>
    <NS0:name>Volgogradskaya</NS0:name>
  </rdf:Description>
  <rdf:Description rdf:about='#A89945'>
    <NS0:year>1998</NS0:year>
  </rdf:Description>
  <rdf:Description rdf:about='#A89310'>
    <rdf:type rdf:resource='http://www.daml.org/2001/12/factbook/factbook-ont#ReligionPercent'/>
    <NS0:religion rdf:resource='http://www.daml.org/2001/12/factbook/religions#Russian_Orthodox'/>
  </rdf:Description>
  <rdf:Description rdf:about='#A90076'>
    <rdf:type rdf:resource='http://www.daml.org/2001/12/factbook/factbook-ont#AirportBreakdown'/>
    <NS0:paved>true</NS0:paved>
    <NS0:minRunway>914</NS0:minRunway>
    <NS0:maxRunway>1523</NS0:maxRunway>
    <NS0:count>69</NS0:count>
  </rdf:Description>
  <rdf:Description rdf:about='#A89692'>
    <rdf:type rdf:resource='#Oblast'/>
    <NS0:name>Vladimirskaya</NS0:name>
  </rdf:Description>
  <rdf:Description rdf:about='#A89305'>
    <rdf:type rdf:resource='http://www.daml.org/2001/12/factbook/factbook-ont#EthnicGroupPercent'/>
    <NS0:ethnicGroup rdf:resource='http://www.daml.org/2001/12/factbook/ethnicGroups#other'/>
    <NS0:percent>8.1</NS0:percent>
  </rdf:Description>
  <rdf:Description rdf:about='#A89688'>
    <rdf:type rdf:resource='#AutonomousOkrug'/>
    <NS0:name>Ust&apos;-Ordynskiy Buryatskiy </NS0:name>
  </rdf:Description>
  <rdf:Description rdf:about='#A90069'>
    <rdf:type rdf:resource='http://www.daml.org/2001/12/factbook/factbook-ont#AirportBreakdown'/>
    <NS0:paved>true</NS0:paved>
    <NS0:minRunway>1524</NS0:minRunway>
    <NS0:maxRunway>2437</NS0:maxRunway>
    <NS0:count>76</NS0:count>
  </rdf:Description>
  <rdf:Description rdf:about='#A89684'>
    <rdf:type rdf:resource='#Oblast'/>
    <NS0:name>Ul&apos;yanovskaya</NS0:name>
  </rdf:Description>
  <rdf:Description rdf:about='#A89300'>
    <rdf:type rdf:resource='http://www.daml.org/2001/12/factbook/factbook-ont#EthnicGroupPercent'/>
    <NS0:ethnicGroup rdf:resource='http://www.daml.org/2001/12/factbook/ethnicGroups#Moldavian'/>
    <NS0:percent>0.7</NS0:percent>
  </rdf:Description>
  <rdf:Description rdf:about='#A89680'>
    <rdf:type rdf:resource='#Republic'/>
    <NS0:name>Udmurtiya </NS0:name>
  </rdf:Description>
  <rdf:Description rdf:about='#A90062'>
    <rdf:type rdf:resource='http://www.daml.org/2001/12/factbook/factbook-ont#AirportBreakdown'/>
    <NS0:paved>true</NS0:paved>
    <NS0:minRunway>2438</NS0:minRunway>
    <NS0:maxRunway>3047</NS0:maxRunway>
    <NS0:count>178</NS0:count>
  </rdf:Description>
  <rdf:Description rdf:about='#A89295'>
    <rdf:type rdf:resource='http://www.daml.org/2001/12/factbook/factbook-ont#EthnicGroupPercent'/>
    <NS0:ethnicGroup rdf:resource='http://www.daml.org/2001/12/factbook/ethnicGroups#Byelorussian'/>
    <NS0:percent>0.8</NS0:percent>
  </rdf:Description>
  <rdf:Description rdf:about='#A89676'>
    <rdf:type rdf:resource='#Republic'/>
    <NS0:name>Tyva </NS0:name>
  </rdf:Description>
  <rdf:Description rdf:about='#A89290'>
    <rdf:type rdf:resource='http://www.daml.org/2001/12/factbook/factbook-ont#EthnicGroupPercent'/>
    <NS0:ethnicGroup rdf:resource='http://www.daml.org/2001/12/factbook/ethnicGroups#Bashkir'/>
    <NS0:percent>0.9</NS0:percent>
  </rdf:Description>
  <rdf:Description rdf:about='#A90056'>
    <rdf:type rdf:resource='http://www.daml.org/2001/12/factbook/factbook-ont#AirportBreakdown'/>
    <NS0:paved>true</NS0:paved>
    <NS0:minRunway>3048</NS0:minRunway>
    <NS0:count>56</NS0:count>
  </rdf:Description>
  <rdf:Description rdf:about='#A89672'>
    <rdf:type rdf:resource='#Oblast'/>
    <NS0:name>Tyumenskaya</NS0:name>
  </rdf:Description>
  <rdf:Description rdf:about='#A89808'>
    <rdf:type rdf:resource='http://www.daml.org/2001/12/factbook/factbook-ont#Estimate'/>
    <NS0:year>1999</NS0:year>
  </rdf:Description>
  <rdf:Description rdf:about='#A89967'>
    <NS0:note>total routes in general use</NS0:note>
  </rdf:Description>
  <rdf:Description rdf:about='#A89285'>
    <rdf:type rdf:resource='http://www.daml.org/2001/12/factbook/factbook-ont#EthnicGroupPercent'/>
    <NS0:ethnicGroup rdf:resource='http://www.daml.org/2001/12/factbook/ethnicGroups#Chuvash'/>
    <NS0:percent>1.2</NS0:percent>
  </rdf:Description>
  <rdf:Description rdf:about='#A89668'>
    <rdf:type rdf:resource='#Oblast'/>
    <NS0:name>Tverskaya</NS0:name>
  </rdf:Description>
  <rdf:Description rdf:about='#A90049'>
    <rdf:type rdf:resource='http://www.daml.org/2001/12/factbook/factbook-ont#Port'/>
    <NS0:name>Vyborg</NS0:name>
  </rdf:Description>
  <rdf:Description rdf:about='#A89664'>
    <rdf:type rdf:resource='#Oblast'/>
    <NS0:name>Tul&apos;skaya</NS0:name>
  </rdf:Description>
  <rdf:Description rdf:about='#A89280'>
    <rdf:type rdf:resource='http://www.daml.org/2001/12/factbook/factbook-ont#EthnicGroupPercent'/>
    <NS0:ethnicGroup rdf:resource='http://www.daml.org/2001/12/factbook/ethnicGroups#Ukrainian'/>
    <NS0:percent>3</NS0:percent>
  </rdf:Description>
  <rdf:Description rdf:about='#A90045'>
    <rdf:type rdf:resource='http://www.daml.org/2001/12/factbook/factbook-ont#Port'/>
    <NS0:name>Vostochnyy</NS0:name>
  </rdf:Description>
  <rdf:Description rdf:about='#A89868'>
    <NS0:year>1999</NS0:year>
  </rdf:Description>
  <rdf:Description rdf:about='#A89660'>
    <rdf:type rdf:resource='#Oblast'/>
    <NS0:name>Tomskaya</NS0:name>
  </rdf:Description>
  <rdf:Description rdf:about='#A90041'>
    <rdf:type rdf:resource='http://www.daml.org/2001/12/factbook/factbook-ont#Port'/>
    <NS0:name>Volgograd</NS0:name>
  </rdf:Description>
  <rdf:Description rdf:about='#A89275'>
    <rdf:type rdf:resource='http://www.daml.org/2001/12/factbook/factbook-ont#EthnicGroupPercent'/>
    <NS0:ethnicGroup rdf:resource='http://www.daml.org/2001/12/factbook/ethnicGroups#Tatar'/>
    <NS0:percent>3.8</NS0:percent>
  </rdf:Description>
  <rdf:Description rdf:about='#A89656'>
    <rdf:type rdf:resource='#AutonomousOkrug'/>
    <NS0:name>Taymyrskiy </NS0:name>
  </rdf:Description>
  <rdf:Description rdf:about='#A90037'>
    <rdf:type rdf:resource='http://www.daml.org/2001/12/factbook/factbook-ont#Port'/>
    <NS0:name>Vladivostok</NS0:name>
  </rdf:Description>
  <rdf:Description rdf:about='#A89797'>
    <rdf:type rdf:resource='http://www.daml.org/2001/12/factbook/factbook-ont#Estimate'/>
    <NS0:year>2000</NS0:year>
  </rdf:Description>
  <rdf:Description rdf:about='#A89270'>
    <rdf:type rdf:resource='http://www.daml.org/2001/12/factbook/factbook-ont#EthnicGroupPercent'/>
    <NS0:ethnicGroup rdf:resource='http://www.daml.org/2001/12/factbook/ethnicGroups#Russian'/>
    <NS0:percent>81.5</NS0:percent>
  </rdf:Description>
  <rdf:Description rdf:about='#A89652'>
    <rdf:type rdf:resource='#Republic'/>
    <NS0:name>Tatarstan </NS0:name>
  </rdf:Description>
  <rdf:Description rdf:about='#A90033'>
    <rdf:type rdf:resource='http://www.daml.org/2001/12/factbook/factbook-ont#Port'/>
    <NS0:name>Tuapse</NS0:name>
  </rdf:Description>
  <rdf:Description rdf:about='#A89648'>
    <rdf:type rdf:resource='#Oblast'/>
    <NS0:name>Tambovskaya</NS0:name>
  </rdf:Description>
  <rdf:Description rdf:about='#AutonomousOblast'>
    <rdf:type rdf:resource='http://www.w3.org/2000/01/rdf-schema#Class'/>
    <rdfs:subClassOf rdf:resource='http://www.daml.org/2001/12/factbook/factbook-ont#AdministrativeDivision'/>
    <rdfs:label>AutonomousOblast</rdfs:label>
  </rdf:Description>
  <rdf:Description rdf:about='#A90129'>
    <rdf:type rdf:resource='http://www.daml.org/2001/12/factbook/factbook-ont#Estimate'/>
    <NS0:year>2001</NS0:year>
  </rdf:Description>
  <rdf:Description rdf:about='#A90029'>
    <rdf:type rdf:resource='http://www.daml.org/2001/12/factbook/factbook-ont#Port'/>
    <NS0:name>Sochi</NS0:name>
  </rdf:Description>
  <rdf:Description rdf:about='#A89856'>
    <rdf:type rdf:resource='http://www.daml.org/2001/12/factbook/factbook-ont#Estimate'/>
    <NS0:year>2000</NS0:year>
  </rdf:Description>
  <rdf:Description rdf:about='#A89644'>
    <rdf:type rdf:resource='#Oblast'/>
    <NS0:name>Sverdlovskaya</NS0:name>
  </rdf:Description>
  <rdf:Description rdf:about='#A90025'>
    <rdf:type rdf:resource='http://www.daml.org/2001/12/factbook/factbook-ont#Port'/>
    <NS0:name>Rostov</NS0:name>
  </rdf:Description>
  <rdf:Description rdf:about='#A89262'>
    <rdf:type rdf:resource='http://www.daml.org/2001/12/factbook/factbook-ont#Estimate'/>
    <NS0:year>2001</NS0:year>
  </rdf:Description>
  <rdf:Description rdf:about='#A89640'>
    <rdf:type rdf:resource='#Kray'/>
    <NS0:name>Stavropol&apos;skiy</NS0:name>
  </rdf:Description>
  <rdf:Description rdf:about='#A89256'>
    <rdf:type rdf:resource='http://www.daml.org/2001/12/factbook/factbook-ont#SexRatioBreakdown'/>
    <NS0:ratio>0.88</NS0:ratio>
  </rdf:Description>
  <rdf:Description rdf:about='#A90021'>
    <rdf:type rdf:resource='http://www.daml.org/2001/12/factbook/factbook-ont#Port'/>
    <NS0:name>Saint Petersburg</NS0:name>
  </rdf:Description>
  <rdf:Description rdf:about='#A89636'>
    <rdf:type rdf:resource='#Oblast'/>
    <NS0:name>Smolenskaya</NS0:name>
  </rdf:Description>
  <rdf:Description rdf:about='#A90017'>
    <rdf:type rdf:resource='http://www.daml.org/2001/12/factbook/factbook-ont#Port'/>
    <NS0:name>Petropavlovsk-Kamchatskiy</NS0:name>
  </rdf:Description>
  <rdf:Description rdf:about='#A89251'>
    <rdf:type rdf:resource='http://www.daml.org/2001/12/factbook/factbook-ont#SexRatioBreakdown'/>
    <NS0:minAge>65</NS0:minAge>
    <NS0:ratio>0.47</NS0:ratio>
  </rdf:Description>
  <rdf:Description rdf:about='#A89632'>
    <rdf:type rdf:resource='#Republic'/>
    <NS0:name>Severnaya Osetiya-Alaniya [North Ossetia] </NS0:name>
  </rdf:Description>
  <rdf:Description rdf:about='#A90013'>
    <rdf:type rdf:resource='http://www.daml.org/2001/12/factbook/factbook-ont#Port'/>
    <NS0:name>Novorossiysk</NS0:name>
  </rdf:Description>
  <rdf:Description rdf:about='#A89245'>
    <rdf:type rdf:resource='http://www.daml.org/2001/12/factbook/factbook-ont#SexRatioBreakdown'/>
    <NS0:minAge>15</NS0:minAge>
    <NS0:maxAge>64</NS0:maxAge>
    <NS0:ratio>0.94</NS0:ratio>
  </rdf:Description>
  <rdf:Description rdf:about='#A89628'>
    <rdf:type rdf:resource='#Oblast'/>
    <NS0:name>Saratovskaya</NS0:name>
  </rdf:Description>
  <rdf:Description rdf:about='#A89959'>
    <NS0:year>2000</NS0:year>
  </rdf:Description>
  <rdf:Description rdf:about='#A90009'>
    <rdf:type rdf:resource='http://www.daml.org/2001/12/factbook/factbook-ont#Port'/>
    <NS0:name>Nevel&apos;sk</NS0:name>
  </rdf:Description>
  <rdf:Description rdf:about='#A89624'>
    <rdf:type rdf:resource='#FederalCity'/>
    <NS0:name>Sankt-Peterburg </NS0:name>
  </rdf:Description>
  <rdf:Description rdf:about='#A89239'>
    <rdf:type rdf:resource='http://www.daml.org/2001/12/factbook/factbook-ont#SexRatioBreakdown'/>
    <NS0:minAge>0</NS0:minAge>
    <NS0:maxAge>14</NS0:maxAge>
    <NS0:ratio>1.04</NS0:ratio>
  </rdf:Description>
  <rdf:Description rdf:about='#A90005'>
    <rdf:type rdf:resource='http://www.daml.org/2001/12/factbook/factbook-ont#Port'/>
    <NS0:name>Nakhodka</NS0:name>
  </rdf:Description>
</rdf:RDF>
