<?xml version='1.0' encoding='ISO-8859-1'?>
<rdf:RDF
  xmlns:rdf='http://www.w3.org/1999/02/22-rdf-syntax-ns#'
  xmlns:NS0='http://www.daml.org/2001/12/factbook/factbook-ont#'
  xmlns:rdfs='http://www.w3.org/2000/01/rdf-schema#'
  xml:base="http://www.daml.org/2001/12/factbook/sa">
  <rdf:Description rdf:about='#A128922'>
    <rdf:type rdf:resource='http://www.daml.org/2001/12/factbook/factbook-ont#CountryPercent'/>
    <NS0:country rdf:resource='http://www.daml.org/2001/09/countries/fips#FR'/>
    <NS0:percent>4</NS0:percent>
  </rdf:Description>
  <rdf:Description rdf:about='#A91100'>
    <rdf:type rdf:resource='http://www.daml.org/2001/12/factbook/factbook-ont#AirportBreakdown'/>
    <NS0:paved>false</NS0:paved>
    <NS0:maxRunway>913</NS0:maxRunway>
    <NS0:count>15 (2000 est.)</NS0:count>
  </rdf:Description>
  <rdf:Description rdf:about='#A128917'>
    <rdf:type rdf:resource='http://www.daml.org/2001/12/factbook/factbook-ont#CountryPercent'/>
    <NS0:country rdf:resource='http://www.daml.org/2001/09/countries/fips#US'/>
    <NS0:percent>18</NS0:percent>
  </rdf:Description>
  <rdf:Description rdf:about='#A90719'>
    <rdf:type rdf:resource='http://www.daml.org/2001/12/factbook/factbook-ont#Estimate'/>
    <NS0:year>2001</NS0:year>
  </rdf:Description>
  <rdf:Description rdf:about='#A90716'>
    <rdf:type rdf:resource='http://www.daml.org/2001/12/factbook/factbook-ont#SexRatioBreakdown'/>
    <NS0:ratio>1.23</NS0:ratio>
  </rdf:Description>
  <rdf:Description rdf:about='#A128967'>
    <NS0:note>1999</NS0:note>
  </rdf:Description>
  <rdf:Description rdf:about='#A128912'>
    <rdf:type rdf:resource='http://www.daml.org/2001/12/factbook/factbook-ont#CountryPercent'/>
    <NS0:country rdf:resource='http://www.daml.org/2001/09/countries/fips#JA'/>
    <NS0:percent>18</NS0:percent>
  </rdf:Description>
  <rdf:Description rdf:about='#A90711'>
    <rdf:type rdf:resource='http://www.daml.org/2001/12/factbook/factbook-ont#SexRatioBreakdown'/>
    <NS0:minAge>65</NS0:minAge>
    <NS0:ratio>1.22</NS0:ratio>
  </rdf:Description>
  <rdf:Description rdf:about='#A91093'>
    <rdf:type rdf:resource='http://www.daml.org/2001/12/factbook/factbook-ont#AirportBreakdown'/>
    <NS0:paved>false</NS0:paved>
    <NS0:minRunway>914</NS0:minRunway>
    <NS0:maxRunway>1523</NS0:maxRunway>
    <NS0:count>39</NS0:count>
  </rdf:Description>
  <rdf:Description rdf:about='#A90899'>
    <rdf:type rdf:resource='http://www.daml.org/2001/12/factbook/factbook-ont#OccupationPercent'/>
    <NS0:occupation rdf:resource='http://www.daml.org/2001/12/factbook/occupations#services'/>
    <NS0:percent>63</NS0:percent>
  </rdf:Description>
  <rdf:Description rdf:about='#A128907'>
    <rdf:type rdf:resource='http://www.daml.org/2001/12/factbook/factbook-ont#Border'/>
    <NS0:country rdf:resource='http://www.daml.org/2001/09/countries/fips#YM'/>
    <NS0:distance>1458</NS0:distance>
  </rdf:Description>
  <rdf:Description rdf:about='#A90705'>
    <rdf:type rdf:resource='http://www.daml.org/2001/12/factbook/factbook-ont#SexRatioBreakdown'/>
    <NS0:minAge>15</NS0:minAge>
    <NS0:maxAge>64</NS0:maxAge>
    <NS0:ratio>1.41</NS0:ratio>
  </rdf:Description>
  <rdf:Description rdf:about='#A91086'>
    <rdf:type rdf:resource='http://www.daml.org/2001/12/factbook/factbook-ont#AirportBreakdown'/>
    <NS0:paved>false</NS0:paved>
    <NS0:minRunway>1524</NS0:minRunway>
    <NS0:maxRunway>2437</NS0:maxRunway>
    <NS0:count>77</NS0:count>
  </rdf:Description>
  <rdf:Description rdf:about='#A90894'>
    <rdf:type rdf:resource='http://www.daml.org/2001/12/factbook/factbook-ont#OccupationPercent'/>
    <NS0:occupation rdf:resource='http://www.daml.org/2001/12/factbook/occupations#industry'/>
    <NS0:percent>25</NS0:percent>
  </rdf:Description>
  <rdf:Description rdf:about='#Province'>
    <rdf:type rdf:resource='http://www.w3.org/2000/01/rdf-schema#Class'/>
    <rdfs:subClassOf rdf:resource='http://www.daml.org/2001/12/factbook/factbook-ont#AdministrativeDivision'/>
    <rdfs:label>Province</rdfs:label>
  </rdf:Description>
  <rdf:Description rdf:about='#A128902'>
    <rdf:type rdf:resource='http://www.daml.org/2001/12/factbook/factbook-ont#Border'/>
    <NS0:country rdf:resource='http://www.daml.org/2001/09/countries/fips#TC'/>
    <NS0:distance>457</NS0:distance>
  </rdf:Description>
  <rdf:Description rdf:about='#A90699'>
    <rdf:type rdf:resource='http://www.daml.org/2001/12/factbook/factbook-ont#SexRatioBreakdown'/>
    <NS0:minAge>0</NS0:minAge>
    <NS0:maxAge>14</NS0:maxAge>
    <NS0:ratio>1.04</NS0:ratio>
  </rdf:Description>
  <rdf:Description rdf:about='#A90915'>
    <rdf:type rdf:resource='http://www.daml.org/2001/12/factbook/factbook-ont#Estimate'/>
    <NS0:year>1997</NS0:year>
  </rdf:Description>
  <rdf:Description rdf:about='#A90889'>
    <rdf:type rdf:resource='http://www.daml.org/2001/12/factbook/factbook-ont#OccupationPercent'/>
    <NS0:occupation rdf:resource='http://www.daml.org/2001/12/factbook/occupations#agriculture'/>
    <NS0:percent>12</NS0:percent>
  </rdf:Description>
  <rdf:Description rdf:about='#A128897'>
    <rdf:type rdf:resource='http://www.daml.org/2001/12/factbook/factbook-ont#Border'/>
    <NS0:country rdf:resource='http://www.daml.org/2001/09/countries/fips#QA'/>
    <NS0:distance>60</NS0:distance>
  </rdf:Description>
  <rdf:Description rdf:about='#A90948'>
    <NS0:note>f.o.b., 2000</NS0:note>
  </rdf:Description>
  <rdf:Description rdf:about='#A91079'>
    <rdf:type rdf:resource='http://www.daml.org/2001/12/factbook/factbook-ont#AirportBreakdown'/>
    <NS0:paved>false</NS0:paved>
    <NS0:minRunway>2438</NS0:minRunway>
    <NS0:maxRunway>3047</NS0:maxRunway>
    <NS0:count>5</NS0:count>
  </rdf:Description>
  <rdf:Description rdf:about='#A90875'>
    <rdf:type rdf:resource='http://www.daml.org/2001/12/factbook/factbook-ont#Estimate'/>
    <NS0:year>2000</NS0:year>
  </rdf:Description>
  <rdf:Description rdf:about='#A90927'>
    <NS0:year>1999</NS0:year>
  </rdf:Description>
  <rdf:Description rdf:about='#A90693'>
    <rdf:type rdf:resource='http://www.daml.org/2001/12/factbook/factbook-ont#SexRatioBreakdown'/>
    <NS0:minAge>0</NS0:minAge>
    <NS0:maxAge>0</NS0:maxAge>
    <NS0:ratio>1.05</NS0:ratio>
  </rdf:Description>
  <rdf:Description rdf:about='#A128892'>
    <rdf:type rdf:resource='http://www.daml.org/2001/12/factbook/factbook-ont#Border'/>
    <NS0:country rdf:resource='http://www.daml.org/2001/09/countries/fips#MU'/>
    <NS0:distance>676</NS0:distance>
  </rdf:Description>
  <rdf:Description rdf:about='#A91073'>
    <rdf:type rdf:resource='http://www.daml.org/2001/12/factbook/factbook-ont#AirportBreakdown'/>
    <NS0:paved>true</NS0:paved>
    <NS0:maxRunway>913</NS0:maxRunway>
    <NS0:count>2 (2000 est.)</NS0:count>
  </rdf:Description>
  <rdf:Description rdf:about='#A90690'>
    <rdf:type rdf:resource='http://www.daml.org/2001/12/factbook/factbook-ont#Estimate'/>
    <NS0:year>2001</NS0:year>
  </rdf:Description>
  <rdf:Description rdf:about='#A90941'>
    <NS0:note>f.o.b., 2000</NS0:note>
  </rdf:Description>
  <rdf:Description rdf:about='#A90752'>
    <rdf:type rdf:resource='http://www.daml.org/2001/12/factbook/factbook-ont#Estimate'/>
    <NS0:year>1995</NS0:year>
  </rdf:Description>
  <rdf:Description rdf:about='#A128887'>
    <rdf:type rdf:resource='http://www.daml.org/2001/12/factbook/factbook-ont#Border'/>
    <NS0:country rdf:resource='http://www.daml.org/2001/09/countries/fips#KU'/>
    <NS0:distance>222</NS0:distance>
  </rdf:Description>
  <rdf:Description rdf:about='#A91066'>
    <rdf:type rdf:resource='http://www.daml.org/2001/12/factbook/factbook-ont#AirportBreakdown'/>
    <NS0:paved>true</NS0:paved>
    <NS0:minRunway>914</NS0:minRunway>
    <NS0:maxRunway>1523</NS0:maxRunway>
    <NS0:count>3</NS0:count>
  </rdf:Description>
  <rdf:Description rdf:about='#A128882'>
    <rdf:type rdf:resource='http://www.daml.org/2001/12/factbook/factbook-ont#Border'/>
    <NS0:country rdf:resource='http://www.daml.org/2001/09/countries/fips#JO'/>
    <NS0:distance>728</NS0:distance>
  </rdf:Description>
  <rdf:Description rdf:about='#A90991'>
    <NS0:year>2001</NS0:year>
  </rdf:Description>
  <rdf:Description rdf:about='#A90886'>
    <NS0:year>2000</NS0:year>
  </rdf:Description>
  <rdf:Description rdf:about='#A91059'>
    <rdf:type rdf:resource='http://www.daml.org/2001/12/factbook/factbook-ont#AirportBreakdown'/>
    <NS0:paved>true</NS0:paved>
    <NS0:minRunway>1524</NS0:minRunway>
    <NS0:maxRunway>2437</NS0:maxRunway>
    <NS0:count>23</NS0:count>
  </rdf:Description>
  <rdf:Description rdf:about='#A128877'>
    <rdf:type rdf:resource='http://www.daml.org/2001/12/factbook/factbook-ont#Border'/>
    <NS0:country rdf:resource='http://www.daml.org/2001/09/countries/fips#IZ'/>
    <NS0:distance>814</NS0:distance>
  </rdf:Description>
  <rdf:Description rdf:about='#A90684'>
    <rdf:type rdf:resource='http://www.daml.org/2001/12/factbook/factbook-ont#Estimate'/>
    <NS0:year>2001</NS0:year>
  </rdf:Description>
  <rdf:Description rdf:about='#A90883'>
    <rdf:type rdf:resource='http://www.daml.org/2001/12/factbook/factbook-ont#Estimate'/>
    <NS0:year>1998</NS0:year>
  </rdf:Description>
  <rdf:Description rdf:about='#A90878'>
    <rdf:type rdf:resource='http://www.daml.org/2001/12/factbook/factbook-ont#Estimate'/>
    <NS0:year>2000</NS0:year>
  </rdf:Description>
  <rdf:Description rdf:about='#A90984'>
    <NS0:year>1997</NS0:year>
  </rdf:Description>
  <rdf:Description rdf:about='#A91052'>
    <rdf:type rdf:resource='http://www.daml.org/2001/12/factbook/factbook-ont#AirportBreakdown'/>
    <NS0:paved>true</NS0:paved>
    <NS0:minRunway>2438</NS0:minRunway>
    <NS0:maxRunway>3047</NS0:maxRunway>
    <NS0:count>11</NS0:count>
  </rdf:Description>
  <rdf:Description rdf:about='#A90681'>
    <rdf:type rdf:resource='http://www.daml.org/2001/12/factbook/factbook-ont#Estimate'/>
    <NS0:year>2001</NS0:year>
  </rdf:Description>
  <rdf:Description rdf:about='#A90976'>
    <NS0:year>1998</NS0:year>
  </rdf:Description>
  <rdf:Description rdf:about='#A90923'>
    <NS0:year>1999</NS0:year>
  </rdf:Description>
  <rdf:Description rdf:about='#A91046'>
    <rdf:type rdf:resource='http://www.daml.org/2001/12/factbook/factbook-ont#AirportBreakdown'/>
    <NS0:paved>true</NS0:paved>
    <NS0:minRunway>3048</NS0:minRunway>
    <NS0:count>31</NS0:count>
  </rdf:Description>
  <rdf:Description rdf:about='#A90929'>
    <NS0:year>1999</NS0:year>
  </rdf:Description>
  <rdf:Description rdf:about='#A90665'>
    <rdf:type rdf:resource='http://www.daml.org/2001/12/factbook/factbook-ont#Estimate'/>
    <NS0:year>1993</NS0:year>
  </rdf:Description>
  <rdf:Description rdf:about='#A128938'>
    <NS0:note>1999</NS0:note>
  </rdf:Description>
  <rdf:Description rdf:about='#A90722'>
    <rdf:type rdf:resource='http://www.daml.org/2001/12/factbook/factbook-ont#Estimate'/>
    <NS0:year>2001</NS0:year>
  </rdf:Description>
  <rdf:Description rdf:about='#A91116'>
    <rdf:type rdf:resource='http://www.daml.org/2001/12/factbook/factbook-ont#Estimate'/>
    <NS0:year>2001</NS0:year>
  </rdf:Description>
  <rdf:Description rdf:about='#A91039'>
    <rdf:type rdf:resource='http://www.daml.org/2001/12/factbook/factbook-ont#Port'/>
    <NS0:name>Madinat Yanbu&apos; al Sinaiyah</NS0:name>
  </rdf:Description>
  <rdf:Description rdf:about='#A91035'>
    <rdf:type rdf:resource='http://www.daml.org/2001/12/factbook/factbook-ont#Port'/>
    <NS0:name>Yanbu&apos; al Bahr</NS0:name>
  </rdf:Description>
  <rdf:Description rdf:about='#A91113'>
    <rdf:type rdf:resource='http://www.daml.org/2001/12/factbook/factbook-ont#Estimate'/>
    <NS0:year>2001</NS0:year>
  </rdf:Description>
  <rdf:Description rdf:about='#A91031'>
    <rdf:type rdf:resource='http://www.daml.org/2001/12/factbook/factbook-ont#Port'/>
    <NS0:name>Ras Tanura</NS0:name>
  </rdf:Description>
  <rdf:Description rdf:about='#A90648'>
    <rdf:type rdf:resource='http://www.daml.org/2001/12/factbook/factbook-ont#ElevationExtreme'/>
    <NS0:name>Jabal Sawda&apos;</NS0:name>
    <NS0:elevation>3133</NS0:elevation>
  </rdf:Description>
  <rdf:Description rdf:about='#A91027'>
    <rdf:type rdf:resource='http://www.daml.org/2001/12/factbook/factbook-ont#Port'/>
    <NS0:name>Mishab</NS0:name>
  </rdf:Description>
  <rdf:Description rdf:about='#A90643'>
    <rdf:type rdf:resource='http://www.daml.org/2001/12/factbook/factbook-ont#ElevationExtreme'/>
    <NS0:name>Persian Gulf</NS0:name>
    <NS0:elevation>0</NS0:elevation>
  </rdf:Description>
  <rdf:Description rdf:about='#A90872'>
    <rdf:type rdf:resource='http://www.daml.org/2001/12/factbook/factbook-ont#Estimate'/>
    <NS0:year>2000</NS0:year>
  </rdf:Description>
  <rdf:Description rdf:about='#A91023'>
    <rdf:type rdf:resource='http://www.daml.org/2001/12/factbook/factbook-ont#Port'/>
    <NS0:name>Ra&apos;s al Khafji</NS0:name>
  </rdf:Description>
  <rdf:Description rdf:about='#A91019'>
    <rdf:type rdf:resource='http://www.daml.org/2001/12/factbook/factbook-ont#Port'/>
    <NS0:name>Rabigh</NS0:name>
  </rdf:Description>
  <rdf:Description rdf:about='#A91015'>
    <rdf:type rdf:resource='http://www.daml.org/2001/12/factbook/factbook-ont#Port'/>
    <NS0:name>Jizan</NS0:name>
  </rdf:Description>
  <rdf:Description rdf:about='#A91011'>
    <rdf:type rdf:resource='http://www.daml.org/2001/12/factbook/factbook-ont#Port'/>
    <NS0:name>Jiddah</NS0:name>
  </rdf:Description>
  <rdf:Description rdf:about='#A90996'>
    <rdf:type rdf:resource='http://www.daml.org/2001/12/factbook/factbook-ont#Estimate'/>
    <NS0:year>1997</NS0:year>
  </rdf:Description>
  <rdf:Description rdf:about='#A90627'>
    <rdf:type rdf:resource='http://www.daml.org/2001/12/factbook/factbook-ont#LatLon'/>
    <NS0:latitude>25.0</NS0:latitude>
    <NS0:longitude>45.0</NS0:longitude>
  </rdf:Description>
  <rdf:Description rdf:about='#A91007'>
    <rdf:type rdf:resource='http://www.daml.org/2001/12/factbook/factbook-ont#Port'/>
    <NS0:name>Duba</NS0:name>
  </rdf:Description>
  <rdf:Description rdf:about='#A90815'>
    <rdf:type rdf:resource='#Province'/>
    <NS0:name>Tabuk</NS0:name>
  </rdf:Description>
  <rdf:Description rdf:about='#A91003'>
    <rdf:type rdf:resource='http://www.daml.org/2001/12/factbook/factbook-ont#Port'/>
    <NS0:name>Al Jubayl</NS0:name>
  </rdf:Description>
  <rdf:Description rdf:about='#A90811'>
    <rdf:type rdf:resource='#Province'/>
    <NS0:name>Najran</NS0:name>
  </rdf:Description>
  <rdf:Description rdf:about='#A90999'>
    <rdf:type rdf:resource='http://www.daml.org/2001/12/factbook/factbook-ont#Port'/>
    <NS0:name>Ad Dammam</NS0:name>
  </rdf:Description>
  <rdf:Description rdf:about='#A90807'>
    <rdf:type rdf:resource='#Province'/>
    <NS0:name>Makkah</NS0:name>
  </rdf:Description>
  <rdf:Description rdf:about='#A90925'>
    <NS0:year>1999</NS0:year>
  </rdf:Description>
  <rdf:Description rdf:about='#A90803'>
    <rdf:type rdf:resource='#Province'/>
    <NS0:name>Jizan</NS0:name>
  </rdf:Description>
  <rdf:Description rdf:about='#A90799'>
    <rdf:type rdf:resource='#Province'/>
    <NS0:name>Ha&apos;il</NS0:name>
  </rdf:Description>
  <rdf:Description rdf:about='#A90918'>
    <NS0:year>1999</NS0:year>
  </rdf:Description>
  <rdf:Description rdf:about='#A90795'>
    <rdf:type rdf:resource='#Province'/>
    <NS0:name>&apos;Asir</NS0:name>
  </rdf:Description>
  <rdf:Description rdf:about='#A90791'>
    <rdf:type rdf:resource='#Province'/>
    <NS0:name>Ash Sharqiyah</NS0:name>
  </rdf:Description>
  <rdf:Description rdf:about='#A90787'>
    <rdf:type rdf:resource='#Province'/>
    <NS0:name>Ar Riyad</NS0:name>
  </rdf:Description>
  <rdf:Description rdf:about='#A91106'>
    <rdf:type rdf:resource='http://www.daml.org/2001/12/factbook/factbook-ont#Estimate'/>
    <NS0:year>2000</NS0:year>
  </rdf:Description>
  <rdf:Description rdf:about='#A90970'>
    <rdf:type rdf:resource='http://www.daml.org/2001/12/factbook/factbook-ont#Estimate'/>
    <NS0:year>2000</NS0:year>
  </rdf:Description>
  <rdf:Description rdf:about='#A90783'>
    <rdf:type rdf:resource='#Province'/>
    <NS0:name>Al Qasim</NS0:name>
  </rdf:Description>
  <rdf:Description rdf:about='#A91121'>
    <NS0:note>FY00</NS0:note>
  </rdf:Description>
  <rdf:Description rdf:about='#A90779'>
    <rdf:type rdf:resource='#Province'/>
    <NS0:name>Al Madinah</NS0:name>
  </rdf:Description>
  <rdf:Description rdf:about='#A90725'>
    <rdf:type rdf:resource='http://www.daml.org/2001/12/factbook/factbook-ont#Estimate'/>
    <NS0:year>2001</NS0:year>
  </rdf:Description>
  <rdf:Description rdf:about='#A90775'>
    <rdf:type rdf:resource='#Province'/>
    <NS0:name>Al Jawf</NS0:name>
  </rdf:Description>
  <rdf:Description rdf:about='http://www.daml.org/2001/09/countries/fips#SA'>
    <NS0:background>In 1902 Abdul al-Aziz Ibn SAUD captured Riyadh and set out on a 30-year campaign to unify the Arabian peninsula. In the 1930s, the discovery of oil transformed the country. Following Iraq&apos;s invasion of Kuwait in 1990, Saudi Arabia accepted the Kuwaiti royal family and 400,000 refugees while allowing Western and Arab troops to deploy on its soil for the liberation of Kuwait the following year. A burgeoning population, aquifer depletion, and an economy largely dependent on petroleum output and prices are all major governmental concerns.</NS0:background>
    <NS0:location>Middle East, bordering the Persian Gulf and the Red Sea, north of Yemen</NS0:location>
    <NS0:geographicCoordinates rdf:resource='#A90627'/>
    <NS0:mapReferences>Middle East</NS0:mapReferences>
    <NS0:totalArea>1960582</NS0:totalArea>
    <NS0:landArea>1960582</NS0:landArea>
    <NS0:waterArea>0</NS0:waterArea>
    <NS0:comparativeArea>slightly more than one-fifth the size of the US</NS0:comparativeArea>
    <NS0:landBoundaries>4415</NS0:landBoundaries>
    <NS0:coastline>2640</NS0:coastline>
    <NS0:contiguousZone>18</NS0:contiguousZone>
    <NS0:territorialSea>12</NS0:territorialSea>
    <NS0:climate>harsh, dry desert with great extremes of temperature</NS0:climate>
    <NS0:terrain>mostly uninhabited, sandy desert</NS0:terrain>
    <NS0:lowestPoint rdf:resource='#A90643'/>
    <NS0:highestPoint rdf:resource='#A90648'/>
    <NS0:naturalResource rdf:resource='http://www.daml.org/2001/12/factbook/naturalResources#petroleum'/>
    <NS0:naturalResource rdf:resource='http://www.daml.org/2001/12/factbook/naturalResources#natural_gas'/>
    <NS0:naturalResource rdf:resource='http://www.daml.org/2001/12/factbook/naturalResources#iron_ore'/>
    <NS0:naturalResource rdf:resource='http://www.daml.org/2001/12/factbook/naturalResources#gold'/>
    <NS0:naturalResource rdf:resource='http://www.daml.org/2001/12/factbook/naturalResources#copper'/>
    <NS0:arableLand>2</NS0:arableLand>
    <NS0:permanentCrops>0</NS0:permanentCrops>
    <NS0:permanentPastures>56</NS0:permanentPastures>
    <NS0:forestsAndWoodland>1</NS0:forestsAndWoodland>
    <NS0:otherLandUse rdf:ID='A90662'>41</NS0:otherLandUse>
    <NS0:irrigatedLand rdf:ID='A90665'>4350</NS0:irrigatedLand>
    <NS0:naturalHazard>frequent sand and dust storms</NS0:naturalHazard>
    <NS0:environmentalIssue>desertification</NS0:environmentalIssue>
    <NS0:environmentalIssue>depletion of underground water resources</NS0:environmentalIssue>
    <NS0:environmentalIssue>the lack of perennial rivers or permanent water bodies has prompted the development of extensive seawater desalination facilities</NS0:environmentalIssue>
    <NS0:environmentalIssue>coastal pollution from oil spills</NS0:environmentalIssue>
    <NS0:environmentalAgreementPartyTo rdf:resource='http://www.daml.org/2001/12/factbook/environmentalAgreements#Climate_Change'/>
    <NS0:environmentalAgreementPartyTo rdf:resource='http://www.daml.org/2001/12/factbook/environmentalAgreements#Desertification'/>
    <NS0:environmentalAgreementPartyTo rdf:resource='http://www.daml.org/2001/12/factbook/environmentalAgreements#Endangered_Species'/>
    <NS0:environmentalAgreementPartyTo rdf:resource='http://www.daml.org/2001/12/factbook/environmentalAgreements#Hazardous_Wastes'/>
    <NS0:environmentalAgreementPartyTo rdf:resource='http://www.daml.org/2001/12/factbook/environmentalAgreements#Law_of_the_Sea'/>
    <NS0:environmentalAgreementPartyTo rdf:resource='http://www.daml.org/2001/12/factbook/environmentalAgreements#Ozone_Layer_Protection'/>
    <NS0:environmentalAgreementSigned rdf:resource='http://www.daml.org/2001/12/factbook/environmentalAgreements#none_of_the_selected_agreements'/>
    <NS0:population>22757092</NS0:population>
    <NS0:populationGrowthRate rdf:ID='A90681'>3.27</NS0:populationGrowthRate>
    <NS0:birthRate rdf:ID='A90684'>37.34</NS0:birthRate>
    <NS0:deathRate rdf:ID='A90687'>5.94</NS0:deathRate>
    <NS0:netMigrationRate rdf:ID='A90690'>1.32</NS0:netMigrationRate>
    <NS0:sexRatio rdf:resource='#A90693'/>
    <NS0:sexRatio rdf:resource='#A90699'/>
    <NS0:sexRatio rdf:resource='#A90705'/>
    <NS0:sexRatio rdf:resource='#A90711'/>
    <NS0:sexRatio rdf:ID='A90719' rdf:resource='#A90716'/>
    <NS0:infantMortalityRate rdf:ID='A90722'>51.25</NS0:infantMortalityRate>
    <NS0:totalFertilityRate rdf:ID='A90725'>6.25</NS0:totalFertilityRate>
    <NS0:nationalityNoun>Saudi(s)</NS0:nationalityNoun>
    <NS0:nationalityAdjective>Saudi or Saudi Arabian</NS0:nationalityAdjective>
    <NS0:ethnicGroup rdf:resource='#A90730'/>
    <NS0:ethnicGroup rdf:resource='#A90735'/>
    <NS0:religion rdf:resource='#A90740'/>
    <NS0:language rdf:resource='#A90745'/>
    <NS0:literacyDefinition>age 15 and over can read and write</NS0:literacyDefinition>
    <NS0:literacyTotal>62.8</NS0:literacyTotal>
    <NS0:literacyMale>71.5</NS0:literacyMale>
    <NS0:literacyFemale rdf:ID='A90752'>50.2</NS0:literacyFemale>
    <NS0:conventionalLongCountryName>Kingdom of Saudi Arabia</NS0:conventionalLongCountryName>
    <NS0:conventionalShortCountryName>Saudi Arabia</NS0:conventionalShortCountryName>
    <NS0:localLongCountryName>Al Mamlakah al Arabiyah as Suudiyah</NS0:localLongCountryName>
    <NS0:localShortCountryName>Al Arabiyah as Suudiyah</NS0:localShortCountryName>
    <NS0:governmentType rdf:resource='http://www.daml.org/2001/12/factbook/governmentTypes#monarchy'/>
    <NS0:capital rdf:resource='#A90760'/>
    <NS0:administrativeDivision rdf:resource='#A90767'/>
    <NS0:administrativeDivision rdf:resource='#A90771'/>
    <NS0:administrativeDivision rdf:resource='#A90775'/>
    <NS0:administrativeDivision rdf:resource='#A90779'/>
    <NS0:administrativeDivision rdf:resource='#A90783'/>
    <NS0:administrativeDivision rdf:resource='#A90787'/>
    <NS0:administrativeDivision rdf:resource='#A90791'/>
    <NS0:administrativeDivision rdf:resource='#A90795'/>
    <NS0:administrativeDivision rdf:resource='#A90799'/>
    <NS0:administrativeDivision rdf:resource='#A90803'/>
    <NS0:administrativeDivision rdf:resource='#A90807'/>
    <NS0:administrativeDivision rdf:resource='#A90811'/>
    <NS0:administrativeDivision rdf:resource='#A90815'/>
    <NS0:independence>23 September 1932 (Unification of the Kingdom)</NS0:independence>
    <NS0:constitution>governed according to Shari&apos;a (Islamic law); the Basic Law that articulates the government&apos;s rights and responsibilities was introduced in 1993</NS0:constitution>
    <NS0:legalSystem>based on Islamic law, several secular codes have been introduced; commercial disputes handled by special committees; has not accepted compulsory ICJ jurisdiction</NS0:legalSystem>
    <NS0:suffrage>none</NS0:suffrage>
    <NS0:participatesIn rdf:resource='http://www.daml.org/2001/12/factbook/internationalOrganizations#ABEDA'/>
    <NS0:participatesIn rdf:resource='http://www.daml.org/2001/12/factbook/internationalOrganizations#AfDB'/>
    <NS0:participatesIn rdf:resource='http://www.daml.org/2001/12/factbook/internationalOrganizations#AFESD'/>
    <NS0:participatesIn rdf:resource='http://www.daml.org/2001/12/factbook/internationalOrganizations#AL'/>
    <NS0:participatesIn rdf:resource='http://www.daml.org/2001/12/factbook/internationalOrganizations#AMF'/>
    <NS0:participatesIn rdf:resource='http://www.daml.org/2001/12/factbook/internationalOrganizations#BIS'/>
    <NS0:participatesIn rdf:resource='http://www.daml.org/2001/12/factbook/internationalOrganizations#CCC'/>
    <NS0:participatesIn rdf:resource='http://www.daml.org/2001/12/factbook/internationalOrganizations#ESCWA'/>
    <NS0:participatesIn rdf:resource='http://www.daml.org/2001/12/factbook/internationalOrganizations#FAO'/>
    <NS0:participatesIn rdf:resource='http://www.daml.org/2001/12/factbook/internationalOrganizations#G-19'/>
    <NS0:participatesIn rdf:resource='http://www.daml.org/2001/12/factbook/internationalOrganizations#G-77'/>
    <NS0:participatesIn rdf:resource='http://www.daml.org/2001/12/factbook/internationalOrganizations#GCC'/>
    <NS0:participatesIn rdf:resource='http://www.daml.org/2001/12/factbook/internationalOrganizations#IAEA'/>
    <NS0:participatesIn rdf:resource='http://www.daml.org/2001/12/factbook/internationalOrganizations#IBRD'/>
    <NS0:participatesIn rdf:resource='http://www.daml.org/2001/12/factbook/internationalOrganizations#ICAO'/>
    <NS0:participatesIn rdf:resource='http://www.daml.org/2001/12/factbook/internationalOrganizations#ICC'/>
    <NS0:participatesIn rdf:resource='http://www.daml.org/2001/12/factbook/internationalOrganizations#ICRM'/>
    <NS0:participatesIn rdf:resource='http://www.daml.org/2001/12/factbook/internationalOrganizations#IDA'/>
    <NS0:participatesIn rdf:resource='http://www.daml.org/2001/12/factbook/internationalOrganizations#IDB'/>
    <NS0:participatesIn rdf:resource='http://www.daml.org/2001/12/factbook/internationalOrganizations#IFAD'/>
    <NS0:participatesIn rdf:resource='http://www.daml.org/2001/12/factbook/internationalOrganizations#IFC'/>
    <NS0:participatesIn rdf:resource='http://www.daml.org/2001/12/factbook/internationalOrganizations#IFRCS'/>
    <NS0:participatesIn rdf:resource='http://www.daml.org/2001/12/factbook/internationalOrganizations#ILO'/>
    <NS0:participatesIn rdf:resource='http://www.daml.org/2001/12/factbook/internationalOrganizations#IMF'/>
    <NS0:participatesIn rdf:resource='http://www.daml.org/2001/12/factbook/internationalOrganizations#IMO'/>
    <NS0:participatesIn rdf:resource='http://www.daml.org/2001/12/factbook/internationalOrganizations#Inmarsat'/>
    <NS0:participatesIn rdf:resource='http://www.daml.org/2001/12/factbook/internationalOrganizations#Intelsat'/>
    <NS0:participatesIn rdf:resource='http://www.daml.org/2001/12/factbook/internationalOrganizations#Interpol'/>
    <NS0:participatesIn rdf:resource='http://www.daml.org/2001/12/factbook/internationalOrganizations#IOC'/>
    <NS0:participatesIn rdf:resource='http://www.daml.org/2001/12/factbook/internationalOrganizations#ISO'/>
    <NS0:participatesIn rdf:resource='http://www.daml.org/2001/12/factbook/internationalOrganizations#ITU'/>
    <NS0:participatesIn rdf:resource='http://www.daml.org/2001/12/factbook/internationalOrganizations#NAM'/>
    <NS0:participatesIn rdf:resource='http://www.daml.org/2001/12/factbook/internationalOrganizations#OAPEC'/>
    <NS0:participatesIn rdf:resource='http://www.daml.org/2001/12/factbook/internationalOrganizations#OAS'/>
    <NS0:participatesIn rdf:resource='http://www.daml.org/2001/12/factbook/internationalOrganizations#OIC'/>
    <NS0:participatesIn rdf:resource='http://www.daml.org/2001/12/factbook/internationalOrganizations#OPCW'/>
    <NS0:participatesIn rdf:resource='http://www.daml.org/2001/12/factbook/internationalOrganizations#OPEC'/>
    <NS0:participatesIn rdf:resource='http://www.daml.org/2001/12/factbook/internationalOrganizations#UN'/>
    <NS0:participatesIn rdf:resource='http://www.daml.org/2001/12/factbook/internationalOrganizations#UNCTAD'/>
    <NS0:participatesIn rdf:resource='http://www.daml.org/2001/12/factbook/internationalOrganizations#UNESCO'/>
    <NS0:participatesIn rdf:resource='http://www.daml.org/2001/12/factbook/internationalOrganizations#UNIDO'/>
    <NS0:participatesIn rdf:resource='http://www.daml.org/2001/12/factbook/internationalOrganizations#UPU'/>
    <NS0:participatesIn rdf:resource='http://www.daml.org/2001/12/factbook/internationalOrganizations#WFTU'/>
    <NS0:participatesIn rdf:resource='http://www.daml.org/2001/12/factbook/internationalOrganizations#WHO'/>
    <NS0:participatesIn rdf:resource='http://www.daml.org/2001/12/factbook/internationalOrganizations#WIPO'/>
    <NS0:participatesIn rdf:resource='http://www.daml.org/2001/12/factbook/internationalOrganizations#WMO'/>
    <NS0:participatesIn rdf:resource='http://www.daml.org/2001/12/factbook/internationalOrganizations#WTrO'/>
    <NS0:flagDescription>green with large white Arabic script (that may be translated as There is no God but God; Muhammad is the Messenger of God) above a white horizontal saber (the tip points to the hoist side); green is the traditional color of Islam</NS0:flagDescription>
    <NS0:economyOverview>This is an oil-based economy with strong government controls over major economic activities. Saudi Arabia has the largest reserves of petroleum in the world (26% of the proved reserves), ranks as the largest exporter of petroleum, and plays a leading role in OPEC. The petroleum sector accounts for roughly 75% of budget revenues, 40% of GDP, and 90% of export earnings. About 35% of GDP comes from the private sector. Roughly 5 million foreign workers play an important role in the Saudi economy, for example, in the oil and service sectors. Saudi Arabia was a key player in the successful efforts of OPEC and other oil producing countries to raise the price of oil in 1999-2000 to its highest level since the Gulf war by reducing production. Riyadh expects to have a moderate budget deficit in 2001, in part because of increased spending for education and other social programs. The government in 1999 announced plans to begin privatizing the electricity companies, which follows the ongoing privatization of the telecommunications company. The government is expected to continue calling for private sector growth to lessen the kingdom&apos;s dependence on oil and increase employment opportunities for the swelling Saudi population. Shortages of water and rapid population growth will constrain government efforts to increase self-sufficiency in agricultural products.</NS0:economyOverview>
    <NS0:grossDomesticProduct rdf:ID='A90872'>232000000000</NS0:grossDomesticProduct>
    <NS0:grossDomesticProductRealGrowth rdf:ID='A90875'>4</NS0:grossDomesticProductRealGrowth>
    <NS0:grossDomesticProductPerCapita rdf:ID='A90878'>10500</NS0:grossDomesticProductPerCapita>
    <NS0:grossDomesticProductAgriculture>6</NS0:grossDomesticProductAgriculture>
    <NS0:grossDomesticProductIndustry>47</NS0:grossDomesticProductIndustry>
    <NS0:grossDomesticProductServices rdf:ID='A90883'>47</NS0:grossDomesticProductServices>
    <NS0:inflationRate rdf:ID='A90886'>0.5</NS0:inflationRate>
    <NS0:laborForce>7000000</NS0:laborForce>
    <NS0:occupation rdf:resource='#A90889'/>
    <NS0:occupation rdf:resource='#A90894'/>
    <NS0:occupation rdf:ID='A90903' rdf:resource='#A90899'/>
    <NS0:budgetRevenues>66000000000</NS0:budgetRevenues>
    <NS0:budgetExpenditures>66000000000</NS0:budgetExpenditures>
    <NS0:industry rdf:resource='http://www.daml.org/2001/12/factbook/industries#crude_oil_production'/>
    <NS0:industry rdf:resource='http://www.daml.org/2001/12/factbook/industries#petroleum_refining'/>
    <NS0:industry rdf:resource='http://www.daml.org/2001/12/factbook/industries#basic_petrochemicals'/>
    <NS0:industry rdf:resource='http://www.daml.org/2001/12/factbook/industries#cement'/>
    <NS0:industry rdf:resource='http://www.daml.org/2001/12/factbook/industries#construction'/>
    <NS0:industry rdf:resource='http://www.daml.org/2001/12/factbook/industries#fertilizer'/>
    <NS0:industry rdf:resource='http://www.daml.org/2001/12/factbook/industries#plastics'/>
    <NS0:industrialProductionGrowthRate rdf:ID='A90915'>1</NS0:industrialProductionGrowthRate>
    <NS0:electricityProduction rdf:ID='A90918'>120000000000</NS0:electricityProduction>
    <NS0:electricityProductionFossilFuel>100</NS0:electricityProductionFossilFuel>
    <NS0:electricityProductionHydro>0</NS0:electricityProductionHydro>
    <NS0:electricityProductionNuclear>0</NS0:electricityProductionNuclear>
    <NS0:electricityProductionOther rdf:ID='A90923'>0</NS0:electricityProductionOther>
    <NS0:electricityConsumption rdf:ID='A90925'>111600000000</NS0:electricityConsumption>
    <NS0:electricityExports rdf:ID='A90927'>0</NS0:electricityExports>
    <NS0:electricityImports rdf:ID='A90929'>0</NS0:electricityImports>
    <NS0:agricultureProduct rdf:resource='http://www.daml.org/2001/12/factbook/agricultureProducts#wheat'/>
    <NS0:agricultureProduct rdf:resource='http://www.daml.org/2001/12/factbook/agricultureProducts#barley'/>
    <NS0:agricultureProduct rdf:resource='http://www.daml.org/2001/12/factbook/agricultureProducts#tomatoes'/>
    <NS0:agricultureProduct rdf:resource='http://www.daml.org/2001/12/factbook/agricultureProducts#melons'/>
    <NS0:agricultureProduct rdf:resource='http://www.daml.org/2001/12/factbook/agricultureProducts#dates'/>
    <NS0:agricultureProduct rdf:resource='http://www.daml.org/2001/12/factbook/agricultureProducts#citrus'/>
    <NS0:agricultureProduct rdf:resource='http://www.daml.org/2001/12/factbook/agricultureProducts#mutton'/>
    <NS0:agricultureProduct rdf:resource='http://www.daml.org/2001/12/factbook/agricultureProducts#chickens'/>
    <NS0:agricultureProduct rdf:resource='http://www.daml.org/2001/12/factbook/agricultureProducts#eggs'/>
    <NS0:agricultureProduct rdf:resource='http://www.daml.org/2001/12/factbook/agricultureProducts#milk'/>
    <NS0:exports rdf:ID='A90941'>81200000000</NS0:exports>
    <NS0:exportsCommodity rdf:resource='#A90943'/>
    <NS0:imports rdf:ID='A90948'>30100000000</NS0:imports>
    <NS0:importsCommodity rdf:resource='#A90950'/>
    <NS0:importsCommodity rdf:resource='#A90954'/>
    <NS0:importsCommodity rdf:resource='#A90958'/>
    <NS0:importsCommodity rdf:resource='#A90962'/>
    <NS0:importsCommodity rdf:resource='#A90966'/>
    <NS0:externalDebt rdf:ID='A90970'>26300000000</NS0:externalDebt>
    <NS0:currency>Saudi riyal (SAR)</NS0:currency>
    <NS0:currencyCode>SAR</NS0:currencyCode>
    <NS0:fiscalYear>calendar year</NS0:fiscalYear>
    <NS0:mainTelephoneLines rdf:ID='A90976'>3100000</NS0:mainTelephoneLines>
    <NS0:mobileTelephoneLines>1000000</NS0:mobileTelephoneLines>
    <NS0:telephoneSystemGeneralAssessment>modern system</NS0:telephoneSystemGeneralAssessment>
    <NS0:telephoneSystemDomestic>extensive microwave radio relay, coaxial cable, and fiber-optic cable systems</NS0:telephoneSystemDomestic>
    <NS0:telephoneSystemInternational>microwave radio relay to Bahrain, Jordan, Kuwait, Qatar, UAE, Yemen, and Sudan; coaxial cable to Kuwait and Jordan; submarine cable to Djibouti, Egypt and Bahrain; satellite earth stations - 5 Intelsat (3 Atlantic Ocean and 2 Indian Ocean), 1 Arabsat, and 1 Inmarsat (Indian Ocean region)</NS0:telephoneSystemInternational>
    <NS0:radios rdf:ID='A90982'>6250000</NS0:radios>
    <NS0:televisionBroadcastStations rdf:ID='A90984'>117</NS0:televisionBroadcastStations>
    <NS0:televisions rdf:ID='A90986'>5100000</NS0:televisions>
    <NS0:internetCountryCode>.sa</NS0:internetCountryCode>
    <NS0:internetServiceProviders rdf:ID='A90989'>42</NS0:internetServiceProviders>
    <NS0:internetUsers rdf:ID='A90991'>400000</NS0:internetUsers>
    <NS0:railwaysTotal>1390</NS0:railwaysTotal>
    <NS0:highwaysTotal>146524</NS0:highwaysTotal>
    <NS0:highwaysPaved>44104</NS0:highwaysPaved>
    <NS0:highwaysUnpaved rdf:ID='A90996'>102420</NS0:highwaysUnpaved>
    <NS0:port rdf:resource='#A90999'/>
    <NS0:port rdf:resource='#A91003'/>
    <NS0:port rdf:resource='#A91007'/>
    <NS0:port rdf:resource='#A91011'/>
    <NS0:port rdf:resource='#A91015'/>
    <NS0:port rdf:resource='#A91019'/>
    <NS0:port rdf:resource='#A91023'/>
    <NS0:port rdf:resource='#A91027'/>
    <NS0:port rdf:resource='#A91031'/>
    <NS0:port rdf:resource='#A91035'/>
    <NS0:port rdf:resource='#A91039'/>
    <NS0:airports rdf:ID='A91043'>206</NS0:airports>
    <NS0:airportBreakdown rdf:resource='#A91046'/>
    <NS0:airportBreakdown rdf:resource='#A91052'/>
    <NS0:airportBreakdown rdf:resource='#A91059'/>
    <NS0:airportBreakdown rdf:resource='#A91066'/>
    <NS0:airportBreakdown rdf:resource='#A91073'/>
    <NS0:airportBreakdown rdf:resource='#A91079'/>
    <NS0:airportBreakdown rdf:resource='#A91086'/>
    <NS0:airportBreakdown rdf:resource='#A91093'/>
    <NS0:airportBreakdown rdf:resource='#A91100'/>
    <NS0:heliports rdf:ID='A91106'>5</NS0:heliports>
    <NS0:militaryAge>17</NS0:militaryAge>
    <NS0:malesOfMilitaryAge rdf:ID='A91110'>5894691</NS0:malesOfMilitaryAge>
    <NS0:malesFitForMilitaryService rdf:ID='A91113'>3291185</NS0:malesFitForMilitaryService>
    <NS0:malesReachingMilitaryAgeAnnually rdf:ID='A91116'>233402</NS0:malesReachingMilitaryAgeAnnually>
    <NS0:militaryExpenditures rdf:ID='A91119'>18300000000</NS0:militaryExpenditures>
    <NS0:militaryExpendituresPercentGDP rdf:ID='A91121'>13</NS0:militaryExpendituresPercentGDP>
    <NS0:internationalDispute>a final border resolution was agreed to with Qatar in March of 2001</NS0:internationalDispute>
    <NS0:internationalDispute>location and status of boundary with UAE is not final, de facto boundary reflects a 1974 agreement</NS0:internationalDispute>
    <NS0:internationalDispute>a June 2000 treaty delimited the boundary with Yemen, but final demarcation requires adjustments based on tribal considerations</NS0:internationalDispute>
    <NS0:illicitDrugs>death penalty for traffickers</NS0:illicitDrugs>
    <NS0:illicitDrugs>increasing consumption of heroin and cocaine</NS0:illicitDrugs>
    <NS0:smallFlag>http://www.cia.gov/cia/publications/factbook/flags/sa-flag.jpg</NS0:smallFlag>
    <NS0:largeFlag>http://www.cia.gov/cia/publications/factbook/flags/sa-lgflag.jpg</NS0:largeFlag>
    <NS0:map>http://www.cia.gov/cia/publications/factbook/maps/sa-map.jpg</NS0:map>
    <NS0:border rdf:resource='#A128877'/>
    <NS0:border rdf:resource='#A128882'/>
    <NS0:border rdf:resource='#A128887'/>
    <NS0:border rdf:resource='#A128892'/>
    <NS0:border rdf:resource='#A128897'/>
    <NS0:border rdf:resource='#A128902'/>
    <NS0:border rdf:resource='#A128907'/>
    <NS0:exportPartner rdf:resource='#A128912'/>
    <NS0:exportPartner rdf:resource='#A128917'/>
    <NS0:exportPartner rdf:resource='#A128922'/>
    <NS0:exportPartner rdf:resource='#A128927'/>
    <NS0:exportPartner rdf:resource='#A128931'/>
    <NS0:exportPartner rdf:ID='A128938' rdf:resource='#A128935'/>
    <NS0:importPartner rdf:resource='#A128940'/>
    <NS0:importPartner rdf:resource='#A128945'/>
    <NS0:importPartner rdf:resource='#A128950'/>
    <NS0:importPartner rdf:resource='#A128955'/>
    <NS0:importPartner rdf:resource='#A128960'/>
    <NS0:importPartner rdf:ID='A128967' rdf:resource='#A128964'/>
  </rdf:Description>
  <rdf:Description rdf:about='#A90966'>
    <rdf:type rdf:resource='http://www.daml.org/2001/12/factbook/factbook-ont#CommodityPercent'/>
    <NS0:importsCommodity rdf:resource='http://www.daml.org/2001/12/factbook/commodities#textiles'/>
  </rdf:Description>
  <rdf:Description rdf:about='#A90989'>
    <NS0:year>2001</NS0:year>
  </rdf:Description>
  <rdf:Description rdf:about='#A90962'>
    <rdf:type rdf:resource='http://www.daml.org/2001/12/factbook/factbook-ont#CommodityPercent'/>
    <NS0:importsCommodity rdf:resource='http://www.daml.org/2001/12/factbook/commodities#motor_vehicles'/>
  </rdf:Description>
  <rdf:Description rdf:about='#A90771'>
    <rdf:type rdf:resource='#Province'/>
    <NS0:name>Al Hudud ash Shamaliyah</NS0:name>
  </rdf:Description>
  <rdf:Description rdf:about='#A91043'>
    <rdf:type rdf:resource='http://www.daml.org/2001/12/factbook/factbook-ont#Estimate'/>
    <NS0:year>2000</NS0:year>
  </rdf:Description>
  <rdf:Description rdf:about='#A90958'>
    <rdf:type rdf:resource='http://www.daml.org/2001/12/factbook/factbook-ont#CommodityPercent'/>
    <NS0:importsCommodity rdf:resource='http://www.daml.org/2001/12/factbook/commodities#chemicals'/>
  </rdf:Description>
  <rdf:Description rdf:about='#A91119'>
    <NS0:note>FY00</NS0:note>
  </rdf:Description>
  <rdf:Description rdf:about='#A90767'>
    <rdf:type rdf:resource='#Province'/>
    <NS0:name>Al Bahah</NS0:name>
  </rdf:Description>
  <rdf:Description rdf:about='#A128964'>
    <rdf:type rdf:resource='http://www.daml.org/2001/12/factbook/factbook-ont#CountryPercent'/>
    <NS0:country rdf:resource='http://www.daml.org/2001/09/countries/fips#UK'/>
  </rdf:Description>
  <rdf:Description rdf:about='#A90986'>
    <NS0:year>1997</NS0:year>
  </rdf:Description>
  <rdf:Description rdf:about='#A90954'>
    <rdf:type rdf:resource='http://www.daml.org/2001/12/factbook/factbook-ont#CommodityPercent'/>
    <NS0:importsCommodity rdf:resource='http://www.daml.org/2001/12/factbook/commodities#foodstuffs'/>
  </rdf:Description>
  <rdf:Description rdf:about='#A90760'>
    <rdf:type rdf:resource='http://www.daml.org/2001/12/factbook/factbook-ont#CapitalCity'/>
    <NS0:name>Riyadh</NS0:name>
  </rdf:Description>
  <rdf:Description rdf:about='#A128960'>
    <rdf:type rdf:resource='http://www.daml.org/2001/12/factbook/factbook-ont#CountryPercent'/>
    <NS0:country rdf:resource='http://www.daml.org/2001/09/countries/fips#FR'/>
  </rdf:Description>
  <rdf:Description rdf:about='#A90950'>
    <rdf:type rdf:resource='http://www.daml.org/2001/12/factbook/factbook-ont#CommodityPercent'/>
    <NS0:importsCommodity rdf:resource='http://www.daml.org/2001/12/factbook/commodities#machinery_and_equipment'/>
  </rdf:Description>
  <rdf:Description rdf:about='#A128955'>
    <rdf:type rdf:resource='http://www.daml.org/2001/12/factbook/factbook-ont#CountryPercent'/>
    <NS0:country rdf:resource='http://www.daml.org/2001/09/countries/fips#IT'/>
    <NS0:percent>5</NS0:percent>
  </rdf:Description>
  <rdf:Description rdf:about='#A90903'>
    <rdf:type rdf:resource='http://www.daml.org/2001/12/factbook/factbook-ont#Estimate'/>
    <NS0:year>1999</NS0:year>
  </rdf:Description>
  <rdf:Description rdf:about='#A90943'>
    <rdf:type rdf:resource='http://www.daml.org/2001/12/factbook/factbook-ont#CommodityPercent'/>
    <NS0:exportsCommodity rdf:resource='http://www.daml.org/2001/12/factbook/commodities#petroleum_and_petroleum_products'/>
    <NS0:percent>90</NS0:percent>
  </rdf:Description>
  <rdf:Description rdf:about='#A90687'>
    <rdf:type rdf:resource='http://www.daml.org/2001/12/factbook/factbook-ont#Estimate'/>
    <NS0:year>2001</NS0:year>
  </rdf:Description>
  <rdf:Description rdf:about='#A128950'>
    <rdf:type rdf:resource='http://www.daml.org/2001/12/factbook/factbook-ont#CountryPercent'/>
    <NS0:country rdf:resource='http://www.daml.org/2001/09/countries/fips#GM'/>
    <NS0:percent>7</NS0:percent>
  </rdf:Description>
  <rdf:Description rdf:about='#A90745'>
    <rdf:type rdf:resource='http://www.daml.org/2001/12/factbook/factbook-ont#LanguagePercent'/>
    <NS0:language rdf:resource='http://www.daml.org/2001/12/factbook/languages#Arabic'/>
  </rdf:Description>
  <rdf:Description rdf:about='#A128945'>
    <rdf:type rdf:resource='http://www.daml.org/2001/12/factbook/factbook-ont#CountryPercent'/>
    <NS0:country rdf:resource='http://www.daml.org/2001/09/countries/fips#JA'/>
    <NS0:percent>10</NS0:percent>
  </rdf:Description>
  <rdf:Description rdf:about='#A90740'>
    <rdf:type rdf:resource='http://www.daml.org/2001/12/factbook/factbook-ont#ReligionPercent'/>
    <NS0:religion rdf:resource='http://www.daml.org/2001/12/factbook/religions#Muslim'/>
    <NS0:percent>100</NS0:percent>
  </rdf:Description>
  <rdf:Description rdf:about='#A128940'>
    <rdf:type rdf:resource='http://www.daml.org/2001/12/factbook/factbook-ont#CountryPercent'/>
    <NS0:country rdf:resource='http://www.daml.org/2001/09/countries/fips#US'/>
    <NS0:percent>25</NS0:percent>
  </rdf:Description>
  <rdf:Description rdf:about='#A91110'>
    <rdf:type rdf:resource='http://www.daml.org/2001/12/factbook/factbook-ont#Estimate'/>
    <NS0:year>2001</NS0:year>
  </rdf:Description>
  <rdf:Description rdf:about='#A90735'>
    <rdf:type rdf:resource='http://www.daml.org/2001/12/factbook/factbook-ont#EthnicGroupPercent'/>
    <NS0:ethnicGroup rdf:resource='http://www.daml.org/2001/12/factbook/ethnicGroups#Afro-Asian'/>
    <NS0:percent>10</NS0:percent>
  </rdf:Description>
  <rdf:Description rdf:about='#A128935'>
    <rdf:type rdf:resource='http://www.daml.org/2001/12/factbook/factbook-ont#CountryPercent'/>
    <NS0:country rdf:resource='http://www.daml.org/2001/09/countries/fips#IN'/>
  </rdf:Description>
  <rdf:Description rdf:about='#A90662'>
    <rdf:type rdf:resource='http://www.daml.org/2001/12/factbook/factbook-ont#Estimate'/>
    <NS0:year>1993</NS0:year>
  </rdf:Description>
  <rdf:Description rdf:about='#A128931'>
    <rdf:type rdf:resource='http://www.daml.org/2001/12/factbook/factbook-ont#CountryPercent'/>
    <NS0:country rdf:resource='http://www.daml.org/2001/09/countries/fips#SN'/>
  </rdf:Description>
  <rdf:Description rdf:about='#A90730'>
    <rdf:type rdf:resource='http://www.daml.org/2001/12/factbook/factbook-ont#EthnicGroupPercent'/>
    <NS0:ethnicGroup rdf:resource='http://www.daml.org/2001/12/factbook/ethnicGroups#Arab'/>
    <NS0:percent>90</NS0:percent>
  </rdf:Description>
  <rdf:Description rdf:about='#A90982'>
    <NS0:year>1997</NS0:year>
  </rdf:Description>
  <rdf:Description rdf:about='#A128927'>
    <rdf:type rdf:resource='http://www.daml.org/2001/12/factbook/factbook-ont#CountryPercent'/>
    <NS0:country rdf:resource='http://www.daml.org/2001/09/countries/fips#KS'/>
  </rdf:Description>
</rdf:RDF>
