<?xml version='1.0' encoding='ISO-8859-1'?>
<rdf:RDF
  xmlns:rdf='http://www.w3.org/1999/02/22-rdf-syntax-ns#'
  xmlns:NS0='http://www.daml.org/2001/12/factbook/factbook-ont#'
  xmlns:rdfs='http://www.w3.org/2000/01/rdf-schema#'
  xml:base="http://www.daml.org/2001/12/factbook/sc">
  <rdf:Description rdf:about='#A91483'>
    <rdf:type rdf:resource='http://www.daml.org/2001/12/factbook/factbook-ont#SexRatioBreakdown'/>
    <NS0:minAge>15</NS0:minAge>
    <NS0:maxAge>64</NS0:maxAge>
    <NS0:ratio>1</NS0:ratio>
  </rdf:Description>
  <rdf:Description rdf:about='#A91503'>
    <rdf:type rdf:resource='http://www.daml.org/2001/12/factbook/factbook-ont#Estimate'/>
    <NS0:year>2001</NS0:year>
  </rdf:Description>
  <rdf:Description rdf:about='#A91462'>
    <rdf:type rdf:resource='http://www.daml.org/2001/12/factbook/factbook-ont#Estimate'/>
    <NS0:year>2001</NS0:year>
  </rdf:Description>
  <rdf:Description rdf:about='#A91477'>
    <rdf:type rdf:resource='http://www.daml.org/2001/12/factbook/factbook-ont#SexRatioBreakdown'/>
    <NS0:minAge>0</NS0:minAge>
    <NS0:maxAge>14</NS0:maxAge>
    <NS0:ratio>1.05</NS0:ratio>
  </rdf:Description>
  <rdf:Description rdf:about='#A91664'>
    <rdf:type rdf:resource='http://www.daml.org/2001/12/factbook/factbook-ont#OccupationPercent'/>
    <NS0:occupation rdf:resource='http://www.daml.org/2001/12/factbook/occupations#NA'/>
  </rdf:Description>
  <rdf:Description rdf:about='#A91649'>
    <rdf:type rdf:resource='http://www.daml.org/2001/12/factbook/factbook-ont#Estimate'/>
    <NS0:year>2000</NS0:year>
  </rdf:Description>
  <rdf:Description rdf:about='#A91471'>
    <rdf:type rdf:resource='http://www.daml.org/2001/12/factbook/factbook-ont#SexRatioBreakdown'/>
    <NS0:minAge>0</NS0:minAge>
    <NS0:maxAge>0</NS0:maxAge>
    <NS0:ratio>1.06</NS0:ratio>
  </rdf:Description>
  <rdf:Description rdf:about='#A128707'>
    <rdf:type rdf:resource='http://www.daml.org/2001/12/factbook/factbook-ont#CountryPercent'/>
    <NS0:country rdf:resource='http://www.daml.org/2001/09/countries/fips#UK'/>
    <NS0:percent>11.3</NS0:percent>
  </rdf:Description>
  <rdf:Description rdf:about='#A91468'>
    <rdf:type rdf:resource='http://www.daml.org/2001/12/factbook/factbook-ont#Estimate'/>
    <NS0:year>2001</NS0:year>
  </rdf:Description>
  <rdf:Description rdf:about='#A128702'>
    <rdf:type rdf:resource='http://www.daml.org/2001/12/factbook/factbook-ont#CountryPercent'/>
    <NS0:country rdf:resource='http://www.daml.org/2001/09/countries/fips#US'/>
    <NS0:percent>42.4</NS0:percent>
  </rdf:Description>
  <rdf:Description rdf:about='#A91692'>
    <NS0:year>1999</NS0:year>
  </rdf:Description>
  <rdf:Description rdf:about='#A128697'>
    <rdf:type rdf:resource='http://www.daml.org/2001/12/factbook/factbook-ont#CountryPercent'/>
    <NS0:country rdf:resource='http://www.daml.org/2001/09/countries/fips#UK'/>
    <NS0:percent>22.3</NS0:percent>
  </rdf:Description>
  <rdf:Description rdf:about='#A91725'>
    <rdf:type rdf:resource='http://www.daml.org/2001/12/factbook/factbook-ont#Estimate'/>
    <NS0:year>2000</NS0:year>
  </rdf:Description>
  <rdf:Description rdf:about='#A128692'>
    <rdf:type rdf:resource='http://www.daml.org/2001/12/factbook/factbook-ont#CountryPercent'/>
    <NS0:country rdf:resource='http://www.daml.org/2001/09/countries/fips#US'/>
    <NS0:percent>68.5</NS0:percent>
  </rdf:Description>
  <rdf:Description rdf:about='#A91770'>
    <NS0:year>2000</NS0:year>
  </rdf:Description>
  <rdf:Description rdf:about='#A91744'>
    <NS0:year>1998</NS0:year>
  </rdf:Description>
  <rdf:Description rdf:about='#A91688'>
    <NS0:year>1999</NS0:year>
  </rdf:Description>
  <rdf:Description rdf:about='#A91431'>
    <rdf:type rdf:resource='http://www.daml.org/2001/12/factbook/factbook-ont#ElevationExtreme'/>
    <NS0:name>Mount Liamuiga</NS0:name>
    <NS0:elevation>1156</NS0:elevation>
  </rdf:Description>
  <rdf:Description rdf:about='#A91668'>
    <NS0:year>1997</NS0:year>
  </rdf:Description>
  <rdf:Description rdf:about='#A91426'>
    <rdf:type rdf:resource='http://www.daml.org/2001/12/factbook/factbook-ont#ElevationExtreme'/>
    <NS0:name>Caribbean Sea</NS0:name>
    <NS0:elevation>0</NS0:elevation>
  </rdf:Description>
  <rdf:Description rdf:about='#A91646'>
    <rdf:type rdf:resource='http://www.daml.org/2001/12/factbook/factbook-ont#Estimate'/>
    <NS0:year>2000</NS0:year>
  </rdf:Description>
  <rdf:Description rdf:about='#A91652'>
    <rdf:type rdf:resource='http://www.daml.org/2001/12/factbook/factbook-ont#Estimate'/>
    <NS0:year>2000</NS0:year>
  </rdf:Description>
  <rdf:Description rdf:about='#A91683'>
    <NS0:year>1999</NS0:year>
  </rdf:Description>
  <rdf:Description rdf:about='#A91702'>
    <rdf:type rdf:resource='http://www.daml.org/2001/12/factbook/factbook-ont#Estimate'/>
    <NS0:year>2000</NS0:year>
  </rdf:Description>
  <rdf:Description rdf:about='#A91751'>
    <NS0:year>1997</NS0:year>
  </rdf:Description>
  <rdf:Description rdf:about='#A128711'>
    <NS0:note>1995 est.</NS0:note>
  </rdf:Description>
  <rdf:Description rdf:about='#A91746'>
    <NS0:year>1995</NS0:year>
  </rdf:Description>
  <rdf:Description rdf:about='#A91694'>
    <NS0:year>1999</NS0:year>
  </rdf:Description>
  <rdf:Description rdf:about='#A91780'>
    <rdf:type rdf:resource='http://www.daml.org/2001/12/factbook/factbook-ont#Estimate'/>
    <NS0:year>2000</NS0:year>
  </rdf:Description>
  <rdf:Description rdf:about='#A91605'>
    <rdf:type rdf:resource='#Parish'/>
    <NS0:name>Trinity Palmetto Point</NS0:name>
  </rdf:Description>
  <rdf:Description rdf:about='#A91601'>
    <rdf:type rdf:resource='#Parish'/>
    <NS0:name>Saint Thomas Middle Island</NS0:name>
  </rdf:Description>
  <rdf:Description rdf:about='#A91409'>
    <rdf:type rdf:resource='http://www.daml.org/2001/12/factbook/factbook-ont#LatLon'/>
    <NS0:latitude>17.333333333333332</NS0:latitude>
    <NS0:longitude>-62.75</NS0:longitude>
  </rdf:Description>
  <rdf:Description rdf:about='#A91790'>
    <rdf:type rdf:resource='http://www.daml.org/2001/12/factbook/factbook-ont#AirportBreakdown'/>
    <NS0:paved>true</NS0:paved>
    <NS0:minRunway>914</NS0:minRunway>
    <NS0:maxRunway>1523</NS0:maxRunway>
    <NS0:count>1 (2000 est.)</NS0:count>
  </rdf:Description>
  <rdf:Description rdf:about='#A91597'>
    <rdf:type rdf:resource='#Parish'/>
    <NS0:name>Saint Thomas Lowland</NS0:name>
  </rdf:Description>
  <rdf:Description rdf:about='#Parish'>
    <rdf:type rdf:resource='http://www.w3.org/2000/01/rdf-schema#Class'/>
    <rdfs:subClassOf rdf:resource='http://www.daml.org/2001/12/factbook/factbook-ont#AdministrativeDivision'/>
    <rdfs:label>Parish</rdfs:label>
  </rdf:Description>
  <rdf:Description rdf:about='#A91753'>
    <NS0:year>1997</NS0:year>
  </rdf:Description>
  <rdf:Description rdf:about='#A91593'>
    <rdf:type rdf:resource='#Parish'/>
    <NS0:name>Saint Peter Basseterre</NS0:name>
  </rdf:Description>
  <rdf:Description rdf:about='#A91783'>
    <rdf:type rdf:resource='http://www.daml.org/2001/12/factbook/factbook-ont#AirportBreakdown'/>
    <NS0:paved>true</NS0:paved>
    <NS0:minRunway>1524</NS0:minRunway>
    <NS0:maxRunway>2437</NS0:maxRunway>
    <NS0:count>1</NS0:count>
  </rdf:Description>
  <rdf:Description rdf:about='#A91415'>
    <NS0:note>Saint Kitts 168 sq km; Nevis 93 sq km</NS0:note>
  </rdf:Description>
  <rdf:Description rdf:about='#A91589'>
    <rdf:type rdf:resource='#Parish'/>
    <NS0:name>Saint Paul Charlestown</NS0:name>
  </rdf:Description>
  <rdf:Description rdf:about='#A91585'>
    <rdf:type rdf:resource='#Parish'/>
    <NS0:name>Saint Paul Capisterre</NS0:name>
  </rdf:Description>
  <rdf:Description rdf:about='#A91776'>
    <rdf:type rdf:resource='http://www.daml.org/2001/12/factbook/factbook-ont#Port'/>
    <NS0:name>Charlestown</NS0:name>
  </rdf:Description>
  <rdf:Description rdf:about='#A91763'>
    <NS0:year>2000</NS0:year>
  </rdf:Description>
  <rdf:Description rdf:about='#A91581'>
    <rdf:type rdf:resource='#Parish'/>
    <NS0:name>Saint Mary Cayon</NS0:name>
  </rdf:Description>
  <rdf:Description rdf:about='#A91772'>
    <rdf:type rdf:resource='http://www.daml.org/2001/12/factbook/factbook-ont#Port'/>
    <NS0:name>Basseterre</NS0:name>
  </rdf:Description>
  <rdf:Description rdf:about='#A91577'>
    <rdf:type rdf:resource='#Parish'/>
    <NS0:name>Saint John Figtree</NS0:name>
  </rdf:Description>
  <rdf:Description rdf:about='#A91573'>
    <rdf:type rdf:resource='#Parish'/>
    <NS0:name>Saint John Capisterre</NS0:name>
  </rdf:Description>
  <rdf:Description rdf:about='#A91758'>
    <NS0:year>1997</NS0:year>
  </rdf:Description>
  <rdf:Description rdf:about='#A91569'>
    <rdf:type rdf:resource='#Parish'/>
    <NS0:name>Saint James Windward</NS0:name>
  </rdf:Description>
  <rdf:Description rdf:about='#A91459'>
    <rdf:type rdf:resource='http://www.daml.org/2001/12/factbook/factbook-ont#Estimate'/>
    <NS0:year>2001</NS0:year>
  </rdf:Description>
  <rdf:Description rdf:about='#A91565'>
    <rdf:type rdf:resource='#Parish'/>
    <NS0:name>Saint George Gingerland</NS0:name>
  </rdf:Description>
  <rdf:Description rdf:about='#A91690'>
    <NS0:year>1999</NS0:year>
  </rdf:Description>
  <rdf:Description rdf:about='#A91561'>
    <rdf:type rdf:resource='#Parish'/>
    <NS0:name>Saint George Basseterre</NS0:name>
  </rdf:Description>
  <rdf:Description rdf:about='#A91659'>
    <rdf:type rdf:resource='http://www.daml.org/2001/12/factbook/factbook-ont#Estimate'/>
    <NS0:year>2000</NS0:year>
  </rdf:Description>
  <rdf:Description rdf:about='#A91557'>
    <rdf:type rdf:resource='#Parish'/>
    <NS0:name>Saint Anne Sandy Point</NS0:name>
  </rdf:Description>
  <rdf:Description rdf:about='#A91672'>
    <rdf:type rdf:resource='http://www.daml.org/2001/12/factbook/factbook-ont#Estimate'/>
    <NS0:year>1997</NS0:year>
  </rdf:Description>
  <rdf:Description rdf:about='#A91553'>
    <rdf:type rdf:resource='#Parish'/>
    <NS0:name>Christ Church Nichola Town</NS0:name>
  </rdf:Description>
  <rdf:Description rdf:about='#A91740'>
    <rdf:type rdf:resource='http://www.daml.org/2001/12/factbook/factbook-ont#CommodityPercent'/>
    <NS0:importsCommodity rdf:resource='http://www.daml.org/2001/12/factbook/commodities#fuels'/>
  </rdf:Description>
  <rdf:Description rdf:about='#A91546'>
    <rdf:type rdf:resource='http://www.daml.org/2001/12/factbook/factbook-ont#CapitalCity'/>
    <NS0:name>Basseterre</NS0:name>
  </rdf:Description>
  <rdf:Description rdf:about='#A91736'>
    <rdf:type rdf:resource='http://www.daml.org/2001/12/factbook/factbook-ont#CommodityPercent'/>
    <NS0:importsCommodity rdf:resource='http://www.daml.org/2001/12/factbook/commodities#food'/>
  </rdf:Description>
  <rdf:Description rdf:about='http://www.daml.org/2001/09/countries/fips#SC'>
    <NS0:background>First settled by the British in 1623, the islands became an associated state with full internal autonomy in 1967. The island of Anguilla rebelled and was allowed to secede in 1971. Saint Kitts and Nevis achieved independence in 1983. In 1998, a vote in Nevis on a referendum to separate from Saint Kitts fell short of the two-thirds majority needed.</NS0:background>
    <NS0:location>Caribbean, islands in the Caribbean Sea, about one-third of the way from Puerto Rico to Trinidad and Tobago</NS0:location>
    <NS0:geographicCoordinates rdf:resource='#A91409'/>
    <NS0:mapReferences>Central America and the Caribbean</NS0:mapReferences>
    <NS0:totalArea rdf:ID='A91415'>261</NS0:totalArea>
    <NS0:landArea>261</NS0:landArea>
    <NS0:waterArea>0</NS0:waterArea>
    <NS0:comparativeArea>1.5 times the size of Washington, DC</NS0:comparativeArea>
    <NS0:coastline>135</NS0:coastline>
    <NS0:contiguousZone>24</NS0:contiguousZone>
    <NS0:territorialSea>12</NS0:territorialSea>
    <NS0:exclusiveEconomicZone>200</NS0:exclusiveEconomicZone>
    <NS0:climate>tropical tempered by constant sea breezes; little seasonal temperature variation; rainy season (May to November)</NS0:climate>
    <NS0:terrain>volcanic with mountainous interiors</NS0:terrain>
    <NS0:lowestPoint rdf:resource='#A91426'/>
    <NS0:highestPoint rdf:resource='#A91431'/>
    <NS0:naturalResource rdf:resource='http://www.daml.org/2001/12/factbook/naturalResources#arable_land'/>
    <NS0:arableLand>22</NS0:arableLand>
    <NS0:permanentCrops>17</NS0:permanentCrops>
    <NS0:permanentPastures>3</NS0:permanentPastures>
    <NS0:forestsAndWoodland>17</NS0:forestsAndWoodland>
    <NS0:otherLandUse rdf:ID='A91441'>41</NS0:otherLandUse>
    <NS0:naturalHazard>hurricanes</NS0:naturalHazard>
    <NS0:environmentalIssue>NA</NS0:environmentalIssue>
    <NS0:environmentalAgreementPartyTo rdf:resource='http://www.daml.org/2001/12/factbook/environmentalAgreements#Biodiversity'/>
    <NS0:environmentalAgreementPartyTo rdf:resource='http://www.daml.org/2001/12/factbook/environmentalAgreements#Climate_Change'/>
    <NS0:environmentalAgreementPartyTo rdf:resource='http://www.daml.org/2001/12/factbook/environmentalAgreements#Desertification'/>
    <NS0:environmentalAgreementPartyTo rdf:resource='http://www.daml.org/2001/12/factbook/environmentalAgreements#Endangered_Species'/>
    <NS0:environmentalAgreementPartyTo rdf:resource='http://www.daml.org/2001/12/factbook/environmentalAgreements#Hazardous_Wastes'/>
    <NS0:environmentalAgreementPartyTo rdf:resource='http://www.daml.org/2001/12/factbook/environmentalAgreements#Law_of_the_Sea'/>
    <NS0:environmentalAgreementPartyTo rdf:resource='http://www.daml.org/2001/12/factbook/environmentalAgreements#Ozone_Layer_Protection'/>
    <NS0:environmentalAgreementPartyTo rdf:resource='http://www.daml.org/2001/12/factbook/environmentalAgreements#Ship_Pollution'/>
    <NS0:environmentalAgreementPartyTo rdf:resource='http://www.daml.org/2001/12/factbook/environmentalAgreements#Whaling'/>
    <NS0:environmentalAgreementSigned rdf:resource='http://www.daml.org/2001/12/factbook/environmentalAgreements#none_of_the_selected_agreements'/>
    <NS0:population rdf:ID='A91456'>38756</NS0:population>
    <NS0:populationGrowthRate rdf:ID='A91459'>-0.11</NS0:populationGrowthRate>
    <NS0:birthRate rdf:ID='A91462'>18.78</NS0:birthRate>
    <NS0:deathRate rdf:ID='A91465'>9.21</NS0:deathRate>
    <NS0:netMigrationRate rdf:ID='A91468'>-10.68</NS0:netMigrationRate>
    <NS0:sexRatio rdf:resource='#A91471'/>
    <NS0:sexRatio rdf:resource='#A91477'/>
    <NS0:sexRatio rdf:resource='#A91483'/>
    <NS0:sexRatio rdf:resource='#A91489'/>
    <NS0:sexRatio rdf:ID='A91497' rdf:resource='#A91494'/>
    <NS0:infantMortalityRate rdf:ID='A91500'>16.28</NS0:infantMortalityRate>
    <NS0:totalFertilityRate rdf:ID='A91503'>2.41</NS0:totalFertilityRate>
    <NS0:nationalityNoun>Kittitian(s), Nevisian(s)</NS0:nationalityNoun>
    <NS0:nationalityAdjective>Kittitian, Nevisian</NS0:nationalityAdjective>
    <NS0:ethnicGroup rdf:resource='#A91508'/>
    <NS0:ethnicGroup rdf:resource='#A91512'/>
    <NS0:ethnicGroup rdf:resource='#A91516'/>
    <NS0:religion rdf:resource='#A91520'/>
    <NS0:religion rdf:resource='#A91524'/>
    <NS0:religion rdf:resource='#A91528'/>
    <NS0:language rdf:resource='#A91532'/>
    <NS0:literacyDefinition>age 15 and over has ever attended school</NS0:literacyDefinition>
    <NS0:literacyTotal>97</NS0:literacyTotal>
    <NS0:literacyMale>97</NS0:literacyMale>
    <NS0:literacyFemale rdf:ID='A91539'>98</NS0:literacyFemale>
    <NS0:conventionalLongCountryName>Federation of Saint Kitts and Nevis</NS0:conventionalLongCountryName>
    <NS0:conventionalShortCountryName>Saint Kitts and Nevis</NS0:conventionalShortCountryName>
    <NS0:formerCountryName>Federation of Saint Christopher and Nevis</NS0:formerCountryName>
    <NS0:governmentType rdf:resource='http://www.daml.org/2001/12/factbook/governmentTypes#constitutional_monarchy_with_Westminster-style_parliament'/>
    <NS0:capital rdf:resource='#A91546'/>
    <NS0:administrativeDivision rdf:resource='#A91553'/>
    <NS0:administrativeDivision rdf:resource='#A91557'/>
    <NS0:administrativeDivision rdf:resource='#A91561'/>
    <NS0:administrativeDivision rdf:resource='#A91565'/>
    <NS0:administrativeDivision rdf:resource='#A91569'/>
    <NS0:administrativeDivision rdf:resource='#A91573'/>
    <NS0:administrativeDivision rdf:resource='#A91577'/>
    <NS0:administrativeDivision rdf:resource='#A91581'/>
    <NS0:administrativeDivision rdf:resource='#A91585'/>
    <NS0:administrativeDivision rdf:resource='#A91589'/>
    <NS0:administrativeDivision rdf:resource='#A91593'/>
    <NS0:administrativeDivision rdf:resource='#A91597'/>
    <NS0:administrativeDivision rdf:resource='#A91601'/>
    <NS0:administrativeDivision rdf:resource='#A91605'/>
    <NS0:independence>19 September 1983 (from UK)</NS0:independence>
    <NS0:constitution>19 September 1983</NS0:constitution>
    <NS0:legalSystem>based on English common law</NS0:legalSystem>
    <NS0:suffrage>18 years of age; universal</NS0:suffrage>
    <NS0:participatesIn rdf:resource='http://www.daml.org/2001/12/factbook/internationalOrganizations#ACP'/>
    <NS0:participatesIn rdf:resource='http://www.daml.org/2001/12/factbook/internationalOrganizations#C'/>
    <NS0:participatesIn rdf:resource='http://www.daml.org/2001/12/factbook/internationalOrganizations#Caricom'/>
    <NS0:participatesIn rdf:resource='http://www.daml.org/2001/12/factbook/internationalOrganizations#CDB'/>
    <NS0:participatesIn rdf:resource='http://www.daml.org/2001/12/factbook/internationalOrganizations#ECLAC'/>
    <NS0:participatesIn rdf:resource='http://www.daml.org/2001/12/factbook/internationalOrganizations#FAO'/>
    <NS0:participatesIn rdf:resource='http://www.daml.org/2001/12/factbook/internationalOrganizations#G-77'/>
    <NS0:participatesIn rdf:resource='http://www.daml.org/2001/12/factbook/internationalOrganizations#IBRD'/>
    <NS0:participatesIn rdf:resource='http://www.daml.org/2001/12/factbook/internationalOrganizations#ICFTU'/>
    <NS0:participatesIn rdf:resource='http://www.daml.org/2001/12/factbook/internationalOrganizations#ICRM'/>
    <NS0:participatesIn rdf:resource='http://www.daml.org/2001/12/factbook/internationalOrganizations#IDA'/>
    <NS0:participatesIn rdf:resource='http://www.daml.org/2001/12/factbook/internationalOrganizations#IFAD'/>
    <NS0:participatesIn rdf:resource='http://www.daml.org/2001/12/factbook/internationalOrganizations#IFC'/>
    <NS0:participatesIn rdf:resource='http://www.daml.org/2001/12/factbook/internationalOrganizations#IFRCS'/>
    <NS0:participatesIn rdf:resource='http://www.daml.org/2001/12/factbook/internationalOrganizations#ILO'/>
    <NS0:participatesIn rdf:resource='http://www.daml.org/2001/12/factbook/internationalOrganizations#IMF'/>
    <NS0:participatesIn rdf:resource='http://www.daml.org/2001/12/factbook/internationalOrganizations#Interpol'/>
    <NS0:participatesIn rdf:resource='http://www.daml.org/2001/12/factbook/internationalOrganizations#IOC'/>
    <NS0:participatesIn rdf:resource='http://www.daml.org/2001/12/factbook/internationalOrganizations#OAS'/>
    <NS0:participatesIn rdf:resource='http://www.daml.org/2001/12/factbook/internationalOrganizations#OECS'/>
    <NS0:participatesIn rdf:resource='http://www.daml.org/2001/12/factbook/internationalOrganizations#OPANAL'/>
    <NS0:participatesIn rdf:resource='http://www.daml.org/2001/12/factbook/internationalOrganizations#OPCW'/>
    <NS0:participatesIn rdf:resource='http://www.daml.org/2001/12/factbook/internationalOrganizations#UN'/>
    <NS0:participatesIn rdf:resource='http://www.daml.org/2001/12/factbook/internationalOrganizations#UNCTAD'/>
    <NS0:participatesIn rdf:resource='http://www.daml.org/2001/12/factbook/internationalOrganizations#UNESCO'/>
    <NS0:participatesIn rdf:resource='http://www.daml.org/2001/12/factbook/internationalOrganizations#UNIDO'/>
    <NS0:participatesIn rdf:resource='http://www.daml.org/2001/12/factbook/internationalOrganizations#UPU'/>
    <NS0:participatesIn rdf:resource='http://www.daml.org/2001/12/factbook/internationalOrganizations#WCL'/>
    <NS0:participatesIn rdf:resource='http://www.daml.org/2001/12/factbook/internationalOrganizations#WHO'/>
    <NS0:participatesIn rdf:resource='http://www.daml.org/2001/12/factbook/internationalOrganizations#WIPO'/>
    <NS0:participatesIn rdf:resource='http://www.daml.org/2001/12/factbook/internationalOrganizations#WTrO'/>
    <NS0:flagDescription>divided diagonally from the lower hoist side by a broad black band bearing two white, five-pointed stars; the black band is edged in yellow; the upper triangle is green, the lower triangle is red</NS0:flagDescription>
    <NS0:economyOverview>The economy has traditionally depended on the growing and processing of sugarcane; decreasing world prices have hurt the industry in recent years. Tourism, export-oriented manufacturing, and offshore banking activity have assumed larger roles. Most food is imported. The government has undertaken a program designed to revitalize the faltering sugar sector. It is also working to improve revenue collection in order to better fund social programs. In 1997 some leaders in Nevis were urging separation from Saint Kitts on the basis that Nevis was paying far more in taxes than it was receiving in government services, but the vote on cessation failed in August 1998. In late September 1998, Hurricane Georges caused approximately $445 million in damages and limited GDP growth for the year.</NS0:economyOverview>
    <NS0:grossDomesticProduct rdf:ID='A91646'>274000000</NS0:grossDomesticProduct>
    <NS0:grossDomesticProductRealGrowth rdf:ID='A91649'>5</NS0:grossDomesticProductRealGrowth>
    <NS0:grossDomesticProductPerCapita rdf:ID='A91652'>7000</NS0:grossDomesticProductPerCapita>
    <NS0:grossDomesticProductAgriculture>5.5</NS0:grossDomesticProductAgriculture>
    <NS0:grossDomesticProductIndustry>22.5</NS0:grossDomesticProductIndustry>
    <NS0:grossDomesticProductServices rdf:ID='A91657'>72</NS0:grossDomesticProductServices>
    <NS0:inflationRate rdf:ID='A91659'>2.5</NS0:inflationRate>
    <NS0:laborForce rdf:ID='A91662'>18172</NS0:laborForce>
    <NS0:occupation rdf:resource='#A91664'/>
    <NS0:unemploymentRate rdf:ID='A91668'>4.5</NS0:unemploymentRate>
    <NS0:budgetRevenues>64099999</NS0:budgetRevenues>
    <NS0:budgetExpenditures>73300000</NS0:budgetExpenditures>
    <NS0:budgetCapitalExpenditures rdf:ID='A91672'>10400000</NS0:budgetCapitalExpenditures>
    <NS0:industry rdf:resource='http://www.daml.org/2001/12/factbook/industries#sugar_processing'/>
    <NS0:industry rdf:resource='http://www.daml.org/2001/12/factbook/industries#tourism'/>
    <NS0:industry rdf:resource='http://www.daml.org/2001/12/factbook/industries#cotton'/>
    <NS0:industry rdf:resource='http://www.daml.org/2001/12/factbook/industries#salt'/>
    <NS0:industry rdf:resource='http://www.daml.org/2001/12/factbook/industries#copra'/>
    <NS0:industry rdf:resource='http://www.daml.org/2001/12/factbook/industries#clothing'/>
    <NS0:industry rdf:resource='http://www.daml.org/2001/12/factbook/industries#footwear'/>
    <NS0:industry rdf:resource='http://www.daml.org/2001/12/factbook/industries#beverages'/>
    <NS0:electricityProduction rdf:ID='A91683'>90000000</NS0:electricityProduction>
    <NS0:electricityProductionFossilFuel>100</NS0:electricityProductionFossilFuel>
    <NS0:electricityProductionHydro>0</NS0:electricityProductionHydro>
    <NS0:electricityProductionNuclear>0</NS0:electricityProductionNuclear>
    <NS0:electricityProductionOther rdf:ID='A91688'>0</NS0:electricityProductionOther>
    <NS0:electricityConsumption rdf:ID='A91690'>83700000</NS0:electricityConsumption>
    <NS0:electricityExports rdf:ID='A91692'>0</NS0:electricityExports>
    <NS0:electricityImports rdf:ID='A91694'>0</NS0:electricityImports>
    <NS0:agricultureProduct rdf:resource='http://www.daml.org/2001/12/factbook/agricultureProducts#sugarcane'/>
    <NS0:agricultureProduct rdf:resource='http://www.daml.org/2001/12/factbook/agricultureProducts#rice'/>
    <NS0:agricultureProduct rdf:resource='http://www.daml.org/2001/12/factbook/agricultureProducts#yams'/>
    <NS0:agricultureProduct rdf:resource='http://www.daml.org/2001/12/factbook/agricultureProducts#vegetables'/>
    <NS0:agricultureProduct rdf:resource='http://www.daml.org/2001/12/factbook/agricultureProducts#bananas'/>
    <NS0:agricultureProduct rdf:resource='http://www.daml.org/2001/12/factbook/agricultureProducts#fish'/>
    <NS0:exports rdf:ID='A91702'>53200000</NS0:exports>
    <NS0:exportsCommodity rdf:resource='#A91705'/>
    <NS0:exportsCommodity rdf:resource='#A91709'/>
    <NS0:exportsCommodity rdf:resource='#A91713'/>
    <NS0:exportsCommodity rdf:resource='#A91717'/>
    <NS0:exportsCommodity rdf:resource='#A91721'/>
    <NS0:imports rdf:ID='A91725'>151500000</NS0:imports>
    <NS0:importsCommodity rdf:resource='#A91728'/>
    <NS0:importsCommodity rdf:resource='#A91732'/>
    <NS0:importsCommodity rdf:resource='#A91736'/>
    <NS0:importsCommodity rdf:resource='#A91740'/>
    <NS0:externalDebt rdf:ID='A91744'>115100000</NS0:externalDebt>
    <NS0:economicAidRecipient rdf:ID='A91746'>5500000</NS0:economicAidRecipient>
    <NS0:currency>East Caribbean dollar (XCD)</NS0:currency>
    <NS0:currencyCode>XCD</NS0:currencyCode>
    <NS0:fiscalYear>calendar year</NS0:fiscalYear>
    <NS0:mainTelephoneLines rdf:ID='A91751'>17000</NS0:mainTelephoneLines>
    <NS0:mobileTelephoneLines rdf:ID='A91753'>205</NS0:mobileTelephoneLines>
    <NS0:telephoneSystemGeneralAssessment>good interisland and international connections</NS0:telephoneSystemGeneralAssessment>
    <NS0:telephoneSystemDomestic>interisland links to Antigua and Barbuda and Saint Martin (Guadeloupe and Netherlands Antilles) are handled by VHF/UHF/SHF radiotelephone</NS0:telephoneSystemDomestic>
    <NS0:telephoneSystemInternational>international calls are carried by radiotelephone to Antigua and Barbuda and switched there to submarine cable or to Intelsat; or carried to Saint Martin (Guadeloupe and Netherlands Antilles) by radiotelephone and switched to Intelsat</NS0:telephoneSystemInternational>
    <NS0:radios rdf:ID='A91758'>28000</NS0:radios>
    <NS0:televisions rdf:ID='A91760'>10000</NS0:televisions>
    <NS0:internetCountryCode>.kn</NS0:internetCountryCode>
    <NS0:internetServiceProviders rdf:ID='A91763'>16</NS0:internetServiceProviders>
    <NS0:internetUsers rdf:ID='A91765'>2000</NS0:internetUsers>
    <NS0:railwaysTotal>58</NS0:railwaysTotal>
    <NS0:highwaysTotal>320</NS0:highwaysTotal>
    <NS0:highwaysPaved>136</NS0:highwaysPaved>
    <NS0:highwaysUnpaved rdf:ID='A91770'>184</NS0:highwaysUnpaved>
    <NS0:port rdf:resource='#A91772'/>
    <NS0:port rdf:resource='#A91776'/>
    <NS0:airports rdf:ID='A91780'>2</NS0:airports>
    <NS0:airportBreakdown rdf:resource='#A91783'/>
    <NS0:airportBreakdown rdf:resource='#A91790'/>
    <NS0:internationalDispute>none</NS0:internationalDispute>
    <NS0:illicitDrugs>transshipment point for South American drugs destined for the US and Europe</NS0:illicitDrugs>
    <NS0:smallFlag>http://www.cia.gov/cia/publications/factbook/flags/sc-flag.jpg</NS0:smallFlag>
    <NS0:largeFlag>http://www.cia.gov/cia/publications/factbook/flags/sc-lgflag.jpg</NS0:largeFlag>
    <NS0:map>http://www.cia.gov/cia/publications/factbook/maps/sc-map.jpg</NS0:map>
    <NS0:exportPartner rdf:resource='#A128692'/>
    <NS0:exportPartner rdf:resource='#A128697'/>
    <NS0:importPartner rdf:resource='#A128702'/>
    <NS0:importPartner rdf:ID='A128711' rdf:resource='#A128707'/>
  </rdf:Description>
  <rdf:Description rdf:about='#A91732'>
    <rdf:type rdf:resource='http://www.daml.org/2001/12/factbook/factbook-ont#CommodityPercent'/>
    <NS0:importsCommodity rdf:resource='http://www.daml.org/2001/12/factbook/commodities#manufactures'/>
  </rdf:Description>
  <rdf:Description rdf:about='#A91728'>
    <rdf:type rdf:resource='http://www.daml.org/2001/12/factbook/factbook-ont#CommodityPercent'/>
    <NS0:importsCommodity rdf:resource='http://www.daml.org/2001/12/factbook/commodities#machinery'/>
  </rdf:Description>
  <rdf:Description rdf:about='#A91465'>
    <rdf:type rdf:resource='http://www.daml.org/2001/12/factbook/factbook-ont#Estimate'/>
    <NS0:year>2001</NS0:year>
  </rdf:Description>
  <rdf:Description rdf:about='#A91532'>
    <rdf:type rdf:resource='http://www.daml.org/2001/12/factbook/factbook-ont#LanguagePercent'/>
    <NS0:language rdf:resource='http://www.daml.org/2001/12/factbook/languages#English'/>
  </rdf:Description>
  <rdf:Description rdf:about='#A91765'>
    <NS0:year>2000</NS0:year>
  </rdf:Description>
  <rdf:Description rdf:about='#A91721'>
    <rdf:type rdf:resource='http://www.daml.org/2001/12/factbook/factbook-ont#CommodityPercent'/>
    <NS0:exportsCommodity rdf:resource='http://www.daml.org/2001/12/factbook/commodities#tobacco'/>
  </rdf:Description>
  <rdf:Description rdf:about='#A91539'>
    <rdf:type rdf:resource='http://www.daml.org/2001/12/factbook/factbook-ont#Estimate'/>
    <NS0:year>1980</NS0:year>
  </rdf:Description>
  <rdf:Description rdf:about='#A91528'>
    <rdf:type rdf:resource='http://www.daml.org/2001/12/factbook/factbook-ont#ReligionPercent'/>
    <NS0:religion rdf:resource='http://www.daml.org/2001/12/factbook/religions#Roman_Catholic'/>
  </rdf:Description>
  <rdf:Description rdf:about='#A91717'>
    <rdf:type rdf:resource='http://www.daml.org/2001/12/factbook/factbook-ont#CommodityPercent'/>
    <NS0:exportsCommodity rdf:resource='http://www.daml.org/2001/12/factbook/commodities#beverages'/>
  </rdf:Description>
  <rdf:Description rdf:about='#A91662'>
    <NS0:note>June 1995</NS0:note>
  </rdf:Description>
  <rdf:Description rdf:about='#A91524'>
    <rdf:type rdf:resource='http://www.daml.org/2001/12/factbook/factbook-ont#ReligionPercent'/>
    <NS0:religion rdf:resource='http://www.daml.org/2001/12/factbook/religions#other_Protestant'/>
  </rdf:Description>
  <rdf:Description rdf:about='#A91713'>
    <rdf:type rdf:resource='http://www.daml.org/2001/12/factbook/factbook-ont#CommodityPercent'/>
    <NS0:exportsCommodity rdf:resource='http://www.daml.org/2001/12/factbook/commodities#electronics'/>
  </rdf:Description>
  <rdf:Description rdf:about='#A91520'>
    <rdf:type rdf:resource='http://www.daml.org/2001/12/factbook/factbook-ont#ReligionPercent'/>
    <NS0:religion rdf:resource='http://www.daml.org/2001/12/factbook/religions#Anglican'/>
  </rdf:Description>
  <rdf:Description rdf:about='#A91456'>
    <rdf:type rdf:resource='http://www.daml.org/2001/12/factbook/factbook-ont#Estimate'/>
    <NS0:note>July 2001</NS0:note>
  </rdf:Description>
  <rdf:Description rdf:about='#A91709'>
    <rdf:type rdf:resource='http://www.daml.org/2001/12/factbook/factbook-ont#CommodityPercent'/>
    <NS0:exportsCommodity rdf:resource='http://www.daml.org/2001/12/factbook/commodities#food'/>
  </rdf:Description>
  <rdf:Description rdf:about='#A91657'>
    <NS0:year>1996</NS0:year>
  </rdf:Description>
  <rdf:Description rdf:about='#A91516'>
    <rdf:type rdf:resource='http://www.daml.org/2001/12/factbook/factbook-ont#EthnicGroupPercent'/>
    <NS0:ethnicGroup rdf:resource='http://www.daml.org/2001/12/factbook/ethnicGroups#Lebanese'/>
  </rdf:Description>
  <rdf:Description rdf:about='#A91760'>
    <NS0:year>1997</NS0:year>
  </rdf:Description>
  <rdf:Description rdf:about='#A91705'>
    <rdf:type rdf:resource='http://www.daml.org/2001/12/factbook/factbook-ont#CommodityPercent'/>
    <NS0:exportsCommodity rdf:resource='http://www.daml.org/2001/12/factbook/commodities#machinery'/>
  </rdf:Description>
  <rdf:Description rdf:about='#A91512'>
    <rdf:type rdf:resource='http://www.daml.org/2001/12/factbook/factbook-ont#EthnicGroupPercent'/>
    <NS0:ethnicGroup rdf:resource='http://www.daml.org/2001/12/factbook/ethnicGroups#Portuguese'/>
  </rdf:Description>
  <rdf:Description rdf:about='#A91441'>
    <rdf:type rdf:resource='http://www.daml.org/2001/12/factbook/factbook-ont#Estimate'/>
    <NS0:year>1993</NS0:year>
  </rdf:Description>
  <rdf:Description rdf:about='#A91508'>
    <rdf:type rdf:resource='http://www.daml.org/2001/12/factbook/factbook-ont#EthnicGroupPercent'/>
    <NS0:ethnicGroup rdf:resource='http://www.daml.org/2001/12/factbook/ethnicGroups#predominantly_black_some_British'/>
  </rdf:Description>
  <rdf:Description rdf:about='#A91497'>
    <rdf:type rdf:resource='http://www.daml.org/2001/12/factbook/factbook-ont#Estimate'/>
    <NS0:year>2001</NS0:year>
  </rdf:Description>
  <rdf:Description rdf:about='#A91500'>
    <rdf:type rdf:resource='http://www.daml.org/2001/12/factbook/factbook-ont#Estimate'/>
    <NS0:year>2001</NS0:year>
  </rdf:Description>
  <rdf:Description rdf:about='#A91494'>
    <rdf:type rdf:resource='http://www.daml.org/2001/12/factbook/factbook-ont#SexRatioBreakdown'/>
    <NS0:ratio>0.98</NS0:ratio>
  </rdf:Description>
  <rdf:Description rdf:about='#A91489'>
    <rdf:type rdf:resource='http://www.daml.org/2001/12/factbook/factbook-ont#SexRatioBreakdown'/>
    <NS0:minAge>65</NS0:minAge>
    <NS0:ratio>0.7</NS0:ratio>
  </rdf:Description>
</rdf:RDF>
