<?xml version='1.0' encoding='ISO-8859-1'?>
<rdf:RDF
  xmlns:rdf='http://www.w3.org/1999/02/22-rdf-syntax-ns#'
  xmlns:NS0='http://www.daml.org/2001/12/factbook/factbook-ont#'
  xmlns:rdfs='http://www.w3.org/2000/01/rdf-schema#'
  xml:base="http://www.daml.org/2001/12/factbook/so">
  <rdf:Description rdf:about='#A95524'>
    <rdf:type rdf:resource='http://www.daml.org/2001/12/factbook/factbook-ont#Estimate'/>
    <NS0:year>2001</NS0:year>
  </rdf:Description>
  <rdf:Description rdf:about='#A95495'>
    <rdf:type rdf:resource='http://www.daml.org/2001/12/factbook/factbook-ont#SexRatioBreakdown'/>
    <NS0:minAge>0</NS0:minAge>
    <NS0:maxAge>0</NS0:maxAge>
    <NS0:ratio>1.03</NS0:ratio>
  </rdf:Description>
  <rdf:Description rdf:about='#A95875'>
    <rdf:type rdf:resource='http://www.daml.org/2001/12/factbook/factbook-ont#AirportBreakdown'/>
    <NS0:paved>false</NS0:paved>
    <NS0:maxRunway>913</NS0:maxRunway>
    <NS0:count>11 (2000 est.)</NS0:count>
  </rdf:Description>
  <rdf:Description rdf:about='#A95772'>
    <rdf:type rdf:resource='http://www.daml.org/2001/12/factbook/factbook-ont#Estimate'/>
    <NS0:note>f.o.b., 1999</NS0:note>
  </rdf:Description>
  <rdf:Description rdf:about='#A95552'>
    <NS0:note>official</NS0:note>
  </rdf:Description>
  <rdf:Description rdf:about='#A95807'>
    <NS0:year>1997</NS0:year>
  </rdf:Description>
  <rdf:Description rdf:about='#A95489'>
    <rdf:type rdf:resource='http://www.daml.org/2001/12/factbook/factbook-ont#Estimate'/>
    <NS0:year>2001</NS0:year>
  </rdf:Description>
  <rdf:Description rdf:about='#A95868'>
    <rdf:type rdf:resource='http://www.daml.org/2001/12/factbook/factbook-ont#AirportBreakdown'/>
    <NS0:paved>false</NS0:paved>
    <NS0:minRunway>914</NS0:minRunway>
    <NS0:maxRunway>1523</NS0:maxRunway>
    <NS0:count>29</NS0:count>
  </rdf:Description>
  <rdf:Description rdf:about='#A95483'>
    <rdf:type rdf:resource='http://www.daml.org/2001/12/factbook/factbook-ont#Estimate'/>
    <NS0:year>2001</NS0:year>
  </rdf:Description>
  <rdf:Description rdf:about='#A95861'>
    <rdf:type rdf:resource='http://www.daml.org/2001/12/factbook/factbook-ont#AirportBreakdown'/>
    <NS0:paved>false</NS0:paved>
    <NS0:minRunway>1524</NS0:minRunway>
    <NS0:maxRunway>2437</NS0:maxRunway>
    <NS0:count>13</NS0:count>
  </rdf:Description>
  <rdf:Description rdf:about='#A129439'>
    <NS0:note>1999</NS0:note>
  </rdf:Description>
  <rdf:Description rdf:about='#A95854'>
    <rdf:type rdf:resource='http://www.daml.org/2001/12/factbook/factbook-ont#AirportBreakdown'/>
    <NS0:paved>false</NS0:paved>
    <NS0:minRunway>2438</NS0:minRunway>
    <NS0:maxRunway>3047</NS0:maxRunway>
    <NS0:count>4</NS0:count>
  </rdf:Description>
  <rdf:Description rdf:about='#A129465'>
    <NS0:note>1999</NS0:note>
  </rdf:Description>
  <rdf:Description rdf:about='#A95466'>
    <rdf:type rdf:resource='http://www.daml.org/2001/12/factbook/factbook-ont#Estimate'/>
    <NS0:year>1993</NS0:year>
  </rdf:Description>
  <rdf:Description rdf:about='#A95847'>
    <rdf:type rdf:resource='http://www.daml.org/2001/12/factbook/factbook-ont#AirportBreakdown'/>
    <NS0:paved>true</NS0:paved>
    <NS0:minRunway>1524</NS0:minRunway>
    <NS0:maxRunway>2437</NS0:maxRunway>
    <NS0:count>1 (2000 est.)</NS0:count>
  </rdf:Description>
  <rdf:Description rdf:about='#A95795'>
    <NS0:year>1995</NS0:year>
  </rdf:Description>
  <rdf:Description rdf:about='#A129461'>
    <rdf:type rdf:resource='http://www.daml.org/2001/12/factbook/factbook-ont#CountryPercent'/>
    <NS0:country rdf:resource='http://www.daml.org/2001/09/countries/fips#IN'/>
    <NS0:percent>9</NS0:percent>
  </rdf:Description>
  <rdf:Description rdf:about='#A95651'>
    <rdf:type rdf:resource='#Region'/>
    <NS0:name>Woqooyi Galbeed</NS0:name>
  </rdf:Description>
  <rdf:Description rdf:about='#A95716'>
    <NS0:note>mostly pastoral nomadism</NS0:note>
  </rdf:Description>
  <rdf:Description rdf:about='#A95841'>
    <rdf:type rdf:resource='http://www.daml.org/2001/12/factbook/factbook-ont#AirportBreakdown'/>
    <NS0:paved>true</NS0:paved>
    <NS0:minRunway>3048</NS0:minRunway>
    <NS0:count>4</NS0:count>
  </rdf:Description>
  <rdf:Description rdf:about='#A129456'>
    <rdf:type rdf:resource='http://www.daml.org/2001/12/factbook/factbook-ont#CountryPercent'/>
    <NS0:country rdf:resource='http://www.daml.org/2001/09/countries/fips#SA'/>
    <NS0:percent>10</NS0:percent>
  </rdf:Description>
  <rdf:Description rdf:about='#A95739'>
    <NS0:year>1999</NS0:year>
  </rdf:Description>
  <rdf:Description rdf:about='#A95647'>
    <rdf:type rdf:resource='#Region'/>
    <NS0:name>Togdheer</NS0:name>
  </rdf:Description>
  <rdf:Description rdf:about='#A129451'>
    <rdf:type rdf:resource='http://www.daml.org/2001/12/factbook/factbook-ont#CountryPercent'/>
    <NS0:country rdf:resource='http://www.daml.org/2001/09/countries/fips#BR'/>
    <NS0:percent>13</NS0:percent>
  </rdf:Description>
  <rdf:Description rdf:about='#A95737'>
    <NS0:year>1999</NS0:year>
  </rdf:Description>
  <rdf:Description rdf:about='#A95643'>
    <rdf:type rdf:resource='#Region'/>
    <NS0:name>Sool</NS0:name>
  </rdf:Description>
  <rdf:Description rdf:about='#A95834'>
    <rdf:type rdf:resource='http://www.daml.org/2001/12/factbook/factbook-ont#Port'/>
    <NS0:name>Mogadishu</NS0:name>
  </rdf:Description>
  <rdf:Description rdf:about='#A95830'>
    <rdf:type rdf:resource='http://www.daml.org/2001/12/factbook/factbook-ont#Port'/>
    <NS0:name>Merca</NS0:name>
  </rdf:Description>
  <rdf:Description rdf:about='#A129446'>
    <rdf:type rdf:resource='http://www.daml.org/2001/12/factbook/factbook-ont#CountryPercent'/>
    <NS0:country rdf:resource='http://www.daml.org/2001/09/countries/fips#KE'/>
    <NS0:percent>14</NS0:percent>
  </rdf:Description>
  <rdf:Description rdf:about='#A95448'>
    <rdf:type rdf:resource='http://www.daml.org/2001/12/factbook/factbook-ont#ElevationExtreme'/>
    <NS0:name>Shimbiris</NS0:name>
    <NS0:elevation>2416</NS0:elevation>
  </rdf:Description>
  <rdf:Description rdf:about='#A95639'>
    <rdf:type rdf:resource='#Region'/>
    <NS0:name>Shabeellaha Hoose</NS0:name>
  </rdf:Description>
  <rdf:Description rdf:about='#A95826'>
    <rdf:type rdf:resource='http://www.daml.org/2001/12/factbook/factbook-ont#Port'/>
    <NS0:name>Chisimayu</NS0:name>
  </rdf:Description>
  <rdf:Description rdf:about='#A95635'>
    <rdf:type rdf:resource='#Region'/>
    <NS0:name>Shabeellaha Dhexe</NS0:name>
  </rdf:Description>
  <rdf:Description rdf:about='#A95443'>
    <rdf:type rdf:resource='http://www.daml.org/2001/12/factbook/factbook-ont#ElevationExtreme'/>
    <NS0:name>Indian Ocean</NS0:name>
    <NS0:elevation>0</NS0:elevation>
  </rdf:Description>
  <rdf:Description rdf:about='#A129441'>
    <rdf:type rdf:resource='http://www.daml.org/2001/12/factbook/factbook-ont#CountryPercent'/>
    <NS0:country rdf:resource='http://www.daml.org/2001/09/countries/fips#DJ'/>
    <NS0:percent>24</NS0:percent>
  </rdf:Description>
  <rdf:Description rdf:about='#A95822'>
    <rdf:type rdf:resource='http://www.daml.org/2001/12/factbook/factbook-ont#Port'/>
    <NS0:name>Berbera</NS0:name>
  </rdf:Description>
  <rdf:Description rdf:about='#A95631'>
    <rdf:type rdf:resource='#Region'/>
    <NS0:name>Sanaag</NS0:name>
  </rdf:Description>
  <rdf:Description rdf:about='#A129435'>
    <rdf:type rdf:resource='http://www.daml.org/2001/12/factbook/factbook-ont#CountryPercent'/>
    <NS0:country rdf:resource='http://www.daml.org/2001/09/countries/fips#PK'/>
    <NS0:percent>2</NS0:percent>
  </rdf:Description>
  <rdf:Description rdf:about='#A95627'>
    <rdf:type rdf:resource='#Region'/>
    <NS0:name>Nugaal</NS0:name>
  </rdf:Description>
  <rdf:Description rdf:about='#A95818'>
    <rdf:type rdf:resource='http://www.daml.org/2001/12/factbook/factbook-ont#Port'/>
    <NS0:name>Bender Cassim</NS0:name>
  </rdf:Description>
  <rdf:Description rdf:about='#Region'>
    <rdf:type rdf:resource='http://www.w3.org/2000/01/rdf-schema#Class'/>
    <rdfs:subClassOf rdf:resource='http://www.daml.org/2001/12/factbook/factbook-ont#AdministrativeDivision'/>
    <rdfs:label>Region</rdfs:label>
  </rdf:Description>
  <rdf:Description rdf:about='#A95816'>
    <NS0:year>1996</NS0:year>
  </rdf:Description>
  <rdf:Description rdf:about='#A95623'>
    <rdf:type rdf:resource='#Region'/>
    <NS0:name>Mudug</NS0:name>
  </rdf:Description>
  <rdf:Description rdf:about='#A129430'>
    <rdf:type rdf:resource='http://www.daml.org/2001/12/factbook/factbook-ont#CountryPercent'/>
    <NS0:country rdf:resource='http://www.daml.org/2001/09/countries/fips#IT'/>
    <NS0:percent>5</NS0:percent>
  </rdf:Description>
  <rdf:Description rdf:about='#A95521'>
    <rdf:type rdf:resource='http://www.daml.org/2001/12/factbook/factbook-ont#Estimate'/>
    <NS0:year>2001</NS0:year>
  </rdf:Description>
  <rdf:Description rdf:about='#A95428'>
    <rdf:type rdf:resource='http://www.daml.org/2001/12/factbook/factbook-ont#LatLon'/>
    <NS0:latitude>10.0</NS0:latitude>
    <NS0:longitude>49.0</NS0:longitude>
  </rdf:Description>
  <rdf:Description rdf:about='#A95619'>
    <rdf:type rdf:resource='#Region'/>
    <NS0:name>Jubbada Hoose</NS0:name>
  </rdf:Description>
  <rdf:Description rdf:about='#A129425'>
    <rdf:type rdf:resource='http://www.daml.org/2001/12/factbook/factbook-ont#CountryPercent'/>
    <NS0:country rdf:resource='http://www.daml.org/2001/09/countries/fips#TC'/>
    <NS0:percent>14</NS0:percent>
  </rdf:Description>
  <rdf:Description rdf:about='#A95615'>
    <rdf:type rdf:resource='#Region'/>
    <NS0:name>Jubbada Dhexe</NS0:name>
  </rdf:Description>
  <rdf:Description rdf:about='#A129420'>
    <rdf:type rdf:resource='http://www.daml.org/2001/12/factbook/factbook-ont#CountryPercent'/>
    <NS0:country rdf:resource='http://www.daml.org/2001/09/countries/fips#YM'/>
    <NS0:percent>19</NS0:percent>
  </rdf:Description>
  <rdf:Description rdf:about='#A95733'>
    <NS0:year>1999</NS0:year>
  </rdf:Description>
  <rdf:Description rdf:about='#A95611'>
    <rdf:type rdf:resource='#Region'/>
    <NS0:name>Hiiraan</NS0:name>
  </rdf:Description>
  <rdf:Description rdf:about='#A129415'>
    <rdf:type rdf:resource='http://www.daml.org/2001/12/factbook/factbook-ont#CountryPercent'/>
    <NS0:country rdf:resource='http://www.daml.org/2001/09/countries/fips#SA'/>
    <NS0:percent>53</NS0:percent>
  </rdf:Description>
  <rdf:Description rdf:about='#A95607'>
    <rdf:type rdf:resource='#Region'/>
    <NS0:name>Gedo</NS0:name>
  </rdf:Description>
  <rdf:Description rdf:about='#A129410'>
    <rdf:type rdf:resource='http://www.daml.org/2001/12/factbook/factbook-ont#Border'/>
    <NS0:country rdf:resource='http://www.daml.org/2001/09/countries/fips#KE'/>
    <NS0:distance>682</NS0:distance>
  </rdf:Description>
  <rdf:Description rdf:about='#A95603'>
    <rdf:type rdf:resource='#Region'/>
    <NS0:name>Galguduud</NS0:name>
  </rdf:Description>
  <rdf:Description rdf:about='#A95881'>
    <rdf:type rdf:resource='http://www.daml.org/2001/12/factbook/factbook-ont#Estimate'/>
    <NS0:year>2001</NS0:year>
  </rdf:Description>
  <rdf:Description rdf:about='#A95599'>
    <rdf:type rdf:resource='#Region'/>
    <NS0:name>Bay</NS0:name>
  </rdf:Description>
  <rdf:Description rdf:about='#A129405'>
    <rdf:type rdf:resource='http://www.daml.org/2001/12/factbook/factbook-ont#Border'/>
    <NS0:country rdf:resource='http://www.daml.org/2001/09/countries/fips#ET'/>
    <NS0:distance>1626</NS0:distance>
  </rdf:Description>
  <rdf:Description rdf:about='#A95787'>
    <rdf:type rdf:resource='http://www.daml.org/2001/12/factbook/factbook-ont#CommodityPercent'/>
    <NS0:importsCommodity rdf:resource='http://www.daml.org/2001/12/factbook/commodities#construction_materials'/>
  </rdf:Description>
  <rdf:Description rdf:about='#A95595'>
    <rdf:type rdf:resource='#Region'/>
    <NS0:name>Bari</NS0:name>
  </rdf:Description>
  <rdf:Description rdf:about='#A129400'>
    <rdf:type rdf:resource='http://www.daml.org/2001/12/factbook/factbook-ont#Border'/>
    <NS0:country rdf:resource='http://www.daml.org/2001/09/countries/fips#DJ'/>
    <NS0:distance>58</NS0:distance>
  </rdf:Description>
  <rdf:Description rdf:about='#A95810'>
    <NS0:year>2000</NS0:year>
  </rdf:Description>
  <rdf:Description rdf:about='#A95783'>
    <rdf:type rdf:resource='http://www.daml.org/2001/12/factbook/factbook-ont#CommodityPercent'/>
    <NS0:importsCommodity rdf:resource='http://www.daml.org/2001/12/factbook/commodities#foodstuffs'/>
  </rdf:Description>
  <rdf:Description rdf:about='#A95591'>
    <rdf:type rdf:resource='#Region'/>
    <NS0:name>Banaadir</NS0:name>
  </rdf:Description>
  <rdf:Description rdf:about='#A95779'>
    <rdf:type rdf:resource='http://www.daml.org/2001/12/factbook/factbook-ont#CommodityPercent'/>
    <NS0:importsCommodity rdf:resource='http://www.daml.org/2001/12/factbook/commodities#petroleum_products'/>
  </rdf:Description>
  <rdf:Description rdf:about='#A95587'>
    <rdf:type rdf:resource='#Region'/>
    <NS0:name>Bakool</NS0:name>
  </rdf:Description>
  <rdf:Description rdf:about='#A95775'>
    <rdf:type rdf:resource='http://www.daml.org/2001/12/factbook/factbook-ont#CommodityPercent'/>
    <NS0:importsCommodity rdf:resource='http://www.daml.org/2001/12/factbook/commodities#manufactures'/>
  </rdf:Description>
  <rdf:Description rdf:about='#A95728'>
    <NS0:year>1999</NS0:year>
  </rdf:Description>
  <rdf:Description rdf:about='#A95527'>
    <rdf:type rdf:resource='http://www.daml.org/2001/12/factbook/factbook-ont#Estimate'/>
    <NS0:year>2001</NS0:year>
  </rdf:Description>
  <rdf:Description rdf:about='#A95583'>
    <rdf:type rdf:resource='#Region'/>
    <NS0:name>Awdal</NS0:name>
  </rdf:Description>
  <rdf:Description rdf:about='#A95576'>
    <rdf:type rdf:resource='http://www.daml.org/2001/12/factbook/factbook-ont#CapitalCity'/>
    <NS0:name>Mogadishu</NS0:name>
  </rdf:Description>
  <rdf:Description rdf:about='#A95767'>
    <rdf:type rdf:resource='http://www.daml.org/2001/12/factbook/factbook-ont#CommodityPercent'/>
    <NS0:exportsCommodity rdf:resource='http://www.daml.org/2001/12/factbook/commodities#fish'/>
  </rdf:Description>
  <rdf:Description rdf:about='#A95812'>
    <NS0:year>2000</NS0:year>
  </rdf:Description>
  <rdf:Description rdf:about='#A95763'>
    <rdf:type rdf:resource='http://www.daml.org/2001/12/factbook/factbook-ont#CommodityPercent'/>
    <NS0:exportsCommodity rdf:resource='http://www.daml.org/2001/12/factbook/commodities#hides'/>
  </rdf:Description>
  <rdf:Description rdf:about='#A95569'>
    <rdf:type rdf:resource='http://www.daml.org/2001/12/factbook/factbook-ont#Estimate'/>
    <NS0:year>1990</NS0:year>
  </rdf:Description>
  <rdf:Description rdf:about='#A95752'>
    <rdf:type rdf:resource='http://www.daml.org/2001/12/factbook/factbook-ont#Estimate'/>
    <NS0:note>f.o.b., 1999</NS0:note>
  </rdf:Description>
  <rdf:Description rdf:about='#A95759'>
    <rdf:type rdf:resource='http://www.daml.org/2001/12/factbook/factbook-ont#CommodityPercent'/>
    <NS0:exportsCommodity rdf:resource='http://www.daml.org/2001/12/factbook/commodities#bananas'/>
  </rdf:Description>
  <rdf:Description rdf:about='#A95803'>
    <NS0:year>1997</NS0:year>
  </rdf:Description>
  <rdf:Description rdf:about='#A95709'>
    <rdf:type rdf:resource='http://www.daml.org/2001/12/factbook/factbook-ont#Estimate'/>
    <NS0:year>2000</NS0:year>
  </rdf:Description>
  <rdf:Description rdf:about='#A95755'>
    <rdf:type rdf:resource='http://www.daml.org/2001/12/factbook/factbook-ont#CommodityPercent'/>
    <NS0:exportsCommodity rdf:resource='http://www.daml.org/2001/12/factbook/commodities#livestock'/>
  </rdf:Description>
  <rdf:Description rdf:about='http://www.daml.org/2001/09/countries/fips#SO'>
    <NS0:background>A SIAD BARRE regime was ousted in January 1991; turmoil, factional fighting, and anarchy followed for nine years. In May of 1991, northern clans declared an independent Republic of Somaliland which now includes the administrative regions of Awdal, Woqooyi Galbeed, Togdheer, Sanaag, and Sool. Although not recognized by any government, this entity has maintained a stable existence, aided by the overwhelming dominance of the ruling clan and economic infrastructure left behind by British, Russian, and American military assistance programs. The regions of Bari and Nugaal comprise a neighboring self-declared Republic of Puntland, which has also made strides towards reconstructing legitimate, representative government. Beginning in 1993, a two-year UN humanitarian effort (primarily in the south) was able to alleviate famine conditions, but when the UN withdrew in 1995, having suffered significant casualties, order still had not been restored. A Transitional National Government (TNG) was created in October 2000 in Arta, Djibouti which was attended by a broad representation of Somali clans. The TNG has a three-year mandate to create a permanent national Somali government. The TNG does not recognize Somaliland or Puntland as independent republics but so far has been unable to reunite them with the unstable regions in the south; numerous warlords and factions are still fighting for control of Mogadishu and the other southern regions.</NS0:background>
    <NS0:location>Eastern Africa, bordering the Gulf of Aden and the Indian Ocean, east of Ethiopia</NS0:location>
    <NS0:geographicCoordinates rdf:resource='#A95428'/>
    <NS0:mapReferences>Africa</NS0:mapReferences>
    <NS0:totalArea>637657</NS0:totalArea>
    <NS0:landArea>627337</NS0:landArea>
    <NS0:waterArea>10320</NS0:waterArea>
    <NS0:comparativeArea>slightly smaller than Texas</NS0:comparativeArea>
    <NS0:landBoundaries>2366</NS0:landBoundaries>
    <NS0:coastline>3025</NS0:coastline>
    <NS0:territorialSea>200</NS0:territorialSea>
    <NS0:climate>principally desert; December to February - northeast monsoon, moderate temperatures in north and very hot in south; May to October - southwest monsoon, torrid in the north and hot in the south, irregular rainfall, hot and humid periods (tangambili) between monsoons</NS0:climate>
    <NS0:terrain>mostly flat to undulating plateau rising to hills in north</NS0:terrain>
    <NS0:lowestPoint rdf:resource='#A95443'/>
    <NS0:highestPoint rdf:resource='#A95448'/>
    <NS0:naturalResource rdf:resource='http://www.daml.org/2001/12/factbook/naturalResources#uranium_and_largely_unexploited_reserves_of_iron_ore'/>
    <NS0:naturalResource rdf:resource='http://www.daml.org/2001/12/factbook/naturalResources#tin'/>
    <NS0:naturalResource rdf:resource='http://www.daml.org/2001/12/factbook/naturalResources#gypsum'/>
    <NS0:naturalResource rdf:resource='http://www.daml.org/2001/12/factbook/naturalResources#bauxite'/>
    <NS0:naturalResource rdf:resource='http://www.daml.org/2001/12/factbook/naturalResources#copper'/>
    <NS0:naturalResource rdf:resource='http://www.daml.org/2001/12/factbook/naturalResources#salt'/>
    <NS0:arableLand>2</NS0:arableLand>
    <NS0:permanentCrops>0</NS0:permanentCrops>
    <NS0:permanentPastures>69</NS0:permanentPastures>
    <NS0:forestsAndWoodland>26</NS0:forestsAndWoodland>
    <NS0:otherLandUse rdf:ID='A95463'>3</NS0:otherLandUse>
    <NS0:irrigatedLand rdf:ID='A95466'>1800</NS0:irrigatedLand>
    <NS0:naturalHazard>recurring droughts</NS0:naturalHazard>
    <NS0:naturalHazard>frequent dust storms over eastern plains in summer</NS0:naturalHazard>
    <NS0:naturalHazard>floods during rainy season</NS0:naturalHazard>
    <NS0:environmentalIssue>famine</NS0:environmentalIssue>
    <NS0:environmentalIssue>use of contaminated water contributes to human health problems</NS0:environmentalIssue>
    <NS0:environmentalIssue>deforestation</NS0:environmentalIssue>
    <NS0:environmentalIssue>overgrazing</NS0:environmentalIssue>
    <NS0:environmentalIssue>soil erosion</NS0:environmentalIssue>
    <NS0:environmentalIssue>desertification</NS0:environmentalIssue>
    <NS0:environmentalAgreementPartyTo rdf:resource='http://www.daml.org/2001/12/factbook/environmentalAgreements#Endangered_Species'/>
    <NS0:environmentalAgreementPartyTo rdf:resource='http://www.daml.org/2001/12/factbook/environmentalAgreements#Law_of_the_Sea'/>
    <NS0:environmentalAgreementSigned rdf:resource='http://www.daml.org/2001/12/factbook/environmentalAgreements#Marine_Dumping'/>
    <NS0:environmentalAgreementSigned rdf:resource='http://www.daml.org/2001/12/factbook/environmentalAgreements#Nuclear_Test_Ban'/>
    <NS0:population>7488773</NS0:population>
    <NS0:populationGrowthRate rdf:ID='A95483'>3.48</NS0:populationGrowthRate>
    <NS0:birthRate rdf:ID='A95486'>47.23</NS0:birthRate>
    <NS0:deathRate rdf:ID='A95489'>18.35</NS0:deathRate>
    <NS0:netMigrationRate rdf:ID='A95492'>5.96</NS0:netMigrationRate>
    <NS0:sexRatio rdf:resource='#A95495'/>
    <NS0:sexRatio rdf:resource='#A95501'/>
    <NS0:sexRatio rdf:resource='#A95507'/>
    <NS0:sexRatio rdf:resource='#A95513'/>
    <NS0:sexRatio rdf:ID='A95521' rdf:resource='#A95518'/>
    <NS0:infantMortalityRate rdf:ID='A95524'>123.97</NS0:infantMortalityRate>
    <NS0:totalFertilityRate rdf:ID='A95527'>7.11</NS0:totalFertilityRate>
    <NS0:nationalityNoun>Somali(s)</NS0:nationalityNoun>
    <NS0:nationalityAdjective>Somali</NS0:nationalityAdjective>
    <NS0:ethnicGroup rdf:resource='#A95532'/>
    <NS0:ethnicGroup rdf:resource='#A95537'/>
    <NS0:ethnicGroup rdf:resource='#A95541'/>
    <NS0:religion rdf:resource='#A95545'/>
    <NS0:language rdf:ID='A95552' rdf:resource='#A95549'/>
    <NS0:language rdf:resource='#A95554'/>
    <NS0:language rdf:resource='#A95558'/>
    <NS0:language rdf:resource='#A95562'/>
    <NS0:literacyDefinition>age 15 and over can read and write</NS0:literacyDefinition>
    <NS0:literacyTotal>24</NS0:literacyTotal>
    <NS0:literacyMale>36</NS0:literacyMale>
    <NS0:literacyFemale rdf:ID='A95569'>14</NS0:literacyFemale>
    <NS0:conventionalLongCountryName>none</NS0:conventionalLongCountryName>
    <NS0:conventionalShortCountryName>Somalia</NS0:conventionalShortCountryName>
    <NS0:formerCountryName>Somali Republic, Somali Democratic Republic</NS0:formerCountryName>
    <NS0:governmentType rdf:resource='http://www.daml.org/2001/12/factbook/governmentTypes#parliamentary'/>
    <NS0:capital rdf:resource='#A95576'/>
    <NS0:administrativeDivision rdf:resource='#A95583'/>
    <NS0:administrativeDivision rdf:resource='#A95587'/>
    <NS0:administrativeDivision rdf:resource='#A95591'/>
    <NS0:administrativeDivision rdf:resource='#A95595'/>
    <NS0:administrativeDivision rdf:resource='#A95599'/>
    <NS0:administrativeDivision rdf:resource='#A95603'/>
    <NS0:administrativeDivision rdf:resource='#A95607'/>
    <NS0:administrativeDivision rdf:resource='#A95611'/>
    <NS0:administrativeDivision rdf:resource='#A95615'/>
    <NS0:administrativeDivision rdf:resource='#A95619'/>
    <NS0:administrativeDivision rdf:resource='#A95623'/>
    <NS0:administrativeDivision rdf:resource='#A95627'/>
    <NS0:administrativeDivision rdf:resource='#A95631'/>
    <NS0:administrativeDivision rdf:resource='#A95635'/>
    <NS0:administrativeDivision rdf:resource='#A95639'/>
    <NS0:administrativeDivision rdf:resource='#A95643'/>
    <NS0:administrativeDivision rdf:resource='#A95647'/>
    <NS0:administrativeDivision rdf:resource='#A95651'/>
    <NS0:independence>1 July 1960 (from a merger of British Somaliland, which became independent from the UK on 26 June 1960, and Italian Somaliland, which became independent from the Italian-administered UN trusteeship on 1 July 1960, to form the Somali Republic)</NS0:independence>
    <NS0:constitution>25 August 1979, presidential approval 23 September 1979</NS0:constitution>
    <NS0:legalSystem>NA</NS0:legalSystem>
    <NS0:suffrage>18 years of age; universal</NS0:suffrage>
    <NS0:participatesIn rdf:resource='http://www.daml.org/2001/12/factbook/internationalOrganizations#ACP'/>
    <NS0:participatesIn rdf:resource='http://www.daml.org/2001/12/factbook/internationalOrganizations#AfDB'/>
    <NS0:participatesIn rdf:resource='http://www.daml.org/2001/12/factbook/internationalOrganizations#AFESD'/>
    <NS0:participatesIn rdf:resource='http://www.daml.org/2001/12/factbook/internationalOrganizations#AL'/>
    <NS0:participatesIn rdf:resource='http://www.daml.org/2001/12/factbook/internationalOrganizations#AMF'/>
    <NS0:participatesIn rdf:resource='http://www.daml.org/2001/12/factbook/internationalOrganizations#CAEU'/>
    <NS0:participatesIn rdf:resource='http://www.daml.org/2001/12/factbook/internationalOrganizations#ECA'/>
    <NS0:participatesIn rdf:resource='http://www.daml.org/2001/12/factbook/internationalOrganizations#FAO'/>
    <NS0:participatesIn rdf:resource='http://www.daml.org/2001/12/factbook/internationalOrganizations#G-77'/>
    <NS0:participatesIn rdf:resource='http://www.daml.org/2001/12/factbook/internationalOrganizations#IBRD'/>
    <NS0:participatesIn rdf:resource='http://www.daml.org/2001/12/factbook/internationalOrganizations#ICAO'/>
    <NS0:participatesIn rdf:resource='http://www.daml.org/2001/12/factbook/internationalOrganizations#ICRM'/>
    <NS0:participatesIn rdf:resource='http://www.daml.org/2001/12/factbook/internationalOrganizations#IDA'/>
    <NS0:participatesIn rdf:resource='http://www.daml.org/2001/12/factbook/internationalOrganizations#IDB'/>
    <NS0:participatesIn rdf:resource='http://www.daml.org/2001/12/factbook/internationalOrganizations#IFAD'/>
    <NS0:participatesIn rdf:resource='http://www.daml.org/2001/12/factbook/internationalOrganizations#IFC'/>
    <NS0:participatesIn rdf:resource='http://www.daml.org/2001/12/factbook/internationalOrganizations#IFRCS'/>
    <NS0:participatesIn rdf:resource='http://www.daml.org/2001/12/factbook/internationalOrganizations#ILO'/>
    <NS0:participatesIn rdf:resource='http://www.daml.org/2001/12/factbook/internationalOrganizations#IMF'/>
    <NS0:participatesIn rdf:resource='http://www.daml.org/2001/12/factbook/internationalOrganizations#IMO'/>
    <NS0:participatesIn rdf:resource='http://www.daml.org/2001/12/factbook/internationalOrganizations#Intelsat'/>
    <NS0:participatesIn rdf:resource='http://www.daml.org/2001/12/factbook/internationalOrganizations#Interpol'/>
    <NS0:participatesIn rdf:resource='http://www.daml.org/2001/12/factbook/internationalOrganizations#IOC'/>
    <NS0:participatesIn rdf:resource='http://www.daml.org/2001/12/factbook/internationalOrganizations#IOM'/>
    <NS0:participatesIn rdf:resource='http://www.daml.org/2001/12/factbook/internationalOrganizations#ITU'/>
    <NS0:participatesIn rdf:resource='http://www.daml.org/2001/12/factbook/internationalOrganizations#NAM'/>
    <NS0:participatesIn rdf:resource='http://www.daml.org/2001/12/factbook/internationalOrganizations#OAU'/>
    <NS0:participatesIn rdf:resource='http://www.daml.org/2001/12/factbook/internationalOrganizations#OIC'/>
    <NS0:participatesIn rdf:resource='http://www.daml.org/2001/12/factbook/internationalOrganizations#UN'/>
    <NS0:participatesIn rdf:resource='http://www.daml.org/2001/12/factbook/internationalOrganizations#UNCTAD'/>
    <NS0:participatesIn rdf:resource='http://www.daml.org/2001/12/factbook/internationalOrganizations#UNESCO'/>
    <NS0:participatesIn rdf:resource='http://www.daml.org/2001/12/factbook/internationalOrganizations#UNHCR'/>
    <NS0:participatesIn rdf:resource='http://www.daml.org/2001/12/factbook/internationalOrganizations#UNIDO'/>
    <NS0:participatesIn rdf:resource='http://www.daml.org/2001/12/factbook/internationalOrganizations#UPU'/>
    <NS0:participatesIn rdf:resource='http://www.daml.org/2001/12/factbook/internationalOrganizations#WFTU'/>
    <NS0:participatesIn rdf:resource='http://www.daml.org/2001/12/factbook/internationalOrganizations#WHO'/>
    <NS0:participatesIn rdf:resource='http://www.daml.org/2001/12/factbook/internationalOrganizations#WIPO'/>
    <NS0:participatesIn rdf:resource='http://www.daml.org/2001/12/factbook/internationalOrganizations#WMO'/>
    <NS0:participatesIn rdf:resource='http://www.daml.org/2001/12/factbook/internationalOrganizations#WTrO'/>
    <NS0:flagDescription>light blue with a large white five-pointed star in the center; design based on the flag of the UN (Italian Somaliland was a UN trust territory)</NS0:flagDescription>
    <NS0:economyOverview>One of the world&apos;s poorest and least developed countries, Somalia has few resources. Moreover, much of the economy has been devastated by the civil war. Agriculture is the most important sector, with livestock accounting for about 40% of GDP and about 65% of export earnings. Nomads and semi-nomads, who are dependent upon livestock for their livelihood, make up a large portion of the population. Livestock and bananas are the principal exports; sugar, sorghum, corn, fish, and qat are products for the domestic market. The small industrial sector, based on the processing of agricultural products, accounts for 10% of GDP; most facilities have been shut down because of the civil strife. Moreover, ongoing civil disturbances in Mogadishu and outlying areas have interfered with any substantial economic advance and with international aid arrangements. Due to the civil strife, economic data is susceptible to an exceptionally wide margin of error.</NS0:economyOverview>
    <NS0:grossDomesticProduct rdf:ID='A95700'>4300000000</NS0:grossDomesticProduct>
    <NS0:grossDomesticProductPerCapita rdf:ID='A95703'>600</NS0:grossDomesticProductPerCapita>
    <NS0:grossDomesticProductAgriculture>60</NS0:grossDomesticProductAgriculture>
    <NS0:grossDomesticProductIndustry rdf:ID='A95707'>10</NS0:grossDomesticProductIndustry>
    <NS0:grossDomesticProductServices rdf:ID='A95709'>30</NS0:grossDomesticProductServices>
    <NS0:occupation rdf:ID='A95716' rdf:resource='#A95712'/>
    <NS0:occupation rdf:resource='#A95718'/>
    <NS0:industry rdf:resource='http://www.daml.org/2001/12/factbook/industries#a_few_small_industries'/>
    <NS0:industry rdf:resource='http://www.daml.org/2001/12/factbook/industries#including_sugar_refining'/>
    <NS0:industry rdf:resource='http://www.daml.org/2001/12/factbook/industries#textiles'/>
    <NS0:industry rdf:resource='http://www.daml.org/2001/12/factbook/industries#petroleum_refining'/>
    <NS0:industry rdf:resource='http://www.daml.org/2001/12/factbook/industries#wireless_communication'/>
    <NS0:electricityProduction rdf:ID='A95728'>260000000</NS0:electricityProduction>
    <NS0:electricityProductionFossilFuel>100</NS0:electricityProductionFossilFuel>
    <NS0:electricityProductionHydro>0</NS0:electricityProductionHydro>
    <NS0:electricityProductionNuclear>0</NS0:electricityProductionNuclear>
    <NS0:electricityProductionOther rdf:ID='A95733'>0</NS0:electricityProductionOther>
    <NS0:electricityConsumption rdf:ID='A95735'>241800000</NS0:electricityConsumption>
    <NS0:electricityExports rdf:ID='A95737'>0</NS0:electricityExports>
    <NS0:electricityImports rdf:ID='A95739'>0</NS0:electricityImports>
    <NS0:agricultureProduct rdf:resource='http://www.daml.org/2001/12/factbook/agricultureProducts#cattle'/>
    <NS0:agricultureProduct rdf:resource='http://www.daml.org/2001/12/factbook/agricultureProducts#sheep'/>
    <NS0:agricultureProduct rdf:resource='http://www.daml.org/2001/12/factbook/agricultureProducts#goats'/>
    <NS0:agricultureProduct rdf:resource='http://www.daml.org/2001/12/factbook/agricultureProducts#bananas'/>
    <NS0:agricultureProduct rdf:resource='http://www.daml.org/2001/12/factbook/agricultureProducts#sorghum'/>
    <NS0:agricultureProduct rdf:resource='http://www.daml.org/2001/12/factbook/agricultureProducts#corn'/>
    <NS0:agricultureProduct rdf:resource='http://www.daml.org/2001/12/factbook/agricultureProducts#sugarcane'/>
    <NS0:agricultureProduct rdf:resource='http://www.daml.org/2001/12/factbook/agricultureProducts#mangoes'/>
    <NS0:agricultureProduct rdf:resource='http://www.daml.org/2001/12/factbook/agricultureProducts#sesame_seeds'/>
    <NS0:agricultureProduct rdf:resource='http://www.daml.org/2001/12/factbook/agricultureProducts#beans'/>
    <NS0:agricultureProduct rdf:resource='http://www.daml.org/2001/12/factbook/agricultureProducts#fish'/>
    <NS0:exports rdf:ID='A95752'>186000000</NS0:exports>
    <NS0:exportsCommodity rdf:resource='#A95755'/>
    <NS0:exportsCommodity rdf:resource='#A95759'/>
    <NS0:exportsCommodity rdf:resource='#A95763'/>
    <NS0:exportsCommodity rdf:ID='A95770' rdf:resource='#A95767'/>
    <NS0:imports rdf:ID='A95772'>314000000</NS0:imports>
    <NS0:importsCommodity rdf:resource='#A95775'/>
    <NS0:importsCommodity rdf:resource='#A95779'/>
    <NS0:importsCommodity rdf:resource='#A95783'/>
    <NS0:importsCommodity rdf:ID='A95790' rdf:resource='#A95787'/>
    <NS0:externalDebt rdf:ID='A95792'>2600000000</NS0:externalDebt>
    <NS0:economicAidRecipient rdf:ID='A95795'>191500000</NS0:economicAidRecipient>
    <NS0:currency>Somali shilling (SOS)</NS0:currency>
    <NS0:currencyCode>SOS</NS0:currencyCode>
    <NS0:fiscalYear>NA</NS0:fiscalYear>
    <NS0:telephoneSystemGeneralAssessment>the public telecommunications system was completely destroyed or dismantled by the civil war factions; all relief organizations depend on their own private systems</NS0:telephoneSystemGeneralAssessment>
    <NS0:telephoneSystemDomestic>recently, local cellular telephone systems have been established in Mogadishu and in several other population centers</NS0:telephoneSystemDomestic>
    <NS0:telephoneSystemInternational>international connections are available from Mogadishu by satellite</NS0:telephoneSystemInternational>
    <NS0:radios rdf:ID='A95803'>470000</NS0:radios>
    <NS0:televisionBroadcastStations rdf:ID='A95805'>1</NS0:televisionBroadcastStations>
    <NS0:televisions rdf:ID='A95807'>135000</NS0:televisions>
    <NS0:internetCountryCode>.so</NS0:internetCountryCode>
    <NS0:internetServiceProviders rdf:ID='A95810'>1</NS0:internetServiceProviders>
    <NS0:internetUsers rdf:ID='A95812'>200</NS0:internetUsers>
    <NS0:highwaysTotal>22100</NS0:highwaysTotal>
    <NS0:highwaysPaved>2608</NS0:highwaysPaved>
    <NS0:highwaysUnpaved rdf:ID='A95816'>19492</NS0:highwaysUnpaved>
    <NS0:port rdf:resource='#A95818'/>
    <NS0:port rdf:resource='#A95822'/>
    <NS0:port rdf:resource='#A95826'/>
    <NS0:port rdf:resource='#A95830'/>
    <NS0:port rdf:resource='#A95834'/>
    <NS0:airports rdf:ID='A95838'>62</NS0:airports>
    <NS0:airportBreakdown rdf:resource='#A95841'/>
    <NS0:airportBreakdown rdf:resource='#A95847'/>
    <NS0:airportBreakdown rdf:resource='#A95854'/>
    <NS0:airportBreakdown rdf:resource='#A95861'/>
    <NS0:airportBreakdown rdf:resource='#A95868'/>
    <NS0:airportBreakdown rdf:resource='#A95875'/>
    <NS0:malesOfMilitaryAge rdf:ID='A95881'>1825302</NS0:malesOfMilitaryAge>
    <NS0:malesFitForMilitaryService rdf:ID='A95884'>1011400</NS0:malesFitForMilitaryService>
    <NS0:internationalDispute>most of the southern half of the boundary with Ethiopia is a Provisional Administrative Line</NS0:internationalDispute>
    <NS0:internationalDispute>territorial dispute with Ethiopia over the Ogaden</NS0:internationalDispute>
    <NS0:smallFlag>http://www.cia.gov/cia/publications/factbook/flags/so-flag.jpg</NS0:smallFlag>
    <NS0:largeFlag>http://www.cia.gov/cia/publications/factbook/flags/so-lgflag.jpg</NS0:largeFlag>
    <NS0:map>http://www.cia.gov/cia/publications/factbook/maps/so-map.jpg</NS0:map>
    <NS0:border rdf:resource='#A129400'/>
    <NS0:border rdf:resource='#A129405'/>
    <NS0:border rdf:resource='#A129410'/>
    <NS0:exportPartner rdf:resource='#A129415'/>
    <NS0:exportPartner rdf:resource='#A129420'/>
    <NS0:exportPartner rdf:resource='#A129425'/>
    <NS0:exportPartner rdf:resource='#A129430'/>
    <NS0:exportPartner rdf:ID='A129439' rdf:resource='#A129435'/>
    <NS0:importPartner rdf:resource='#A129441'/>
    <NS0:importPartner rdf:resource='#A129446'/>
    <NS0:importPartner rdf:resource='#A129451'/>
    <NS0:importPartner rdf:resource='#A129456'/>
    <NS0:importPartner rdf:ID='A129465' rdf:resource='#A129461'/>
  </rdf:Description>
  <rdf:Description rdf:about='#A95486'>
    <rdf:type rdf:resource='http://www.daml.org/2001/12/factbook/factbook-ont#Estimate'/>
    <NS0:year>2001</NS0:year>
  </rdf:Description>
  <rdf:Description rdf:about='#A95562'>
    <rdf:type rdf:resource='http://www.daml.org/2001/12/factbook/factbook-ont#LanguagePercent'/>
    <NS0:language rdf:resource='http://www.daml.org/2001/12/factbook/languages#English'/>
  </rdf:Description>
  <rdf:Description rdf:about='#A95558'>
    <rdf:type rdf:resource='http://www.daml.org/2001/12/factbook/factbook-ont#LanguagePercent'/>
    <NS0:language rdf:resource='http://www.daml.org/2001/12/factbook/languages#Italian'/>
  </rdf:Description>
  <rdf:Description rdf:about='#A95792'>
    <rdf:type rdf:resource='http://www.daml.org/2001/12/factbook/factbook-ont#Estimate'/>
    <NS0:year>1999</NS0:year>
  </rdf:Description>
  <rdf:Description rdf:about='#A95554'>
    <rdf:type rdf:resource='http://www.daml.org/2001/12/factbook/factbook-ont#LanguagePercent'/>
    <NS0:language rdf:resource='http://www.daml.org/2001/12/factbook/languages#Arabic'/>
  </rdf:Description>
  <rdf:Description rdf:about='#A95700'>
    <rdf:type rdf:resource='http://www.daml.org/2001/12/factbook/factbook-ont#Estimate'/>
    <NS0:year>2000</NS0:year>
  </rdf:Description>
  <rdf:Description rdf:about='#A95884'>
    <rdf:type rdf:resource='http://www.daml.org/2001/12/factbook/factbook-ont#Estimate'/>
    <NS0:year>2001</NS0:year>
  </rdf:Description>
  <rdf:Description rdf:about='#A95549'>
    <rdf:type rdf:resource='http://www.daml.org/2001/12/factbook/factbook-ont#LanguagePercent'/>
    <NS0:language rdf:resource='http://www.daml.org/2001/12/factbook/languages#Somali'/>
  </rdf:Description>
  <rdf:Description rdf:about='#A95545'>
    <rdf:type rdf:resource='http://www.daml.org/2001/12/factbook/factbook-ont#ReligionPercent'/>
    <NS0:religion rdf:resource='http://www.daml.org/2001/12/factbook/religions#Sunni_Muslim'/>
  </rdf:Description>
  <rdf:Description rdf:about='#A95492'>
    <rdf:type rdf:resource='http://www.daml.org/2001/12/factbook/factbook-ont#Estimate'/>
    <NS0:year>2001</NS0:year>
  </rdf:Description>
  <rdf:Description rdf:about='#A95541'>
    <rdf:type rdf:resource='http://www.daml.org/2001/12/factbook/factbook-ont#EthnicGroupPercent'/>
    <NS0:ethnicGroup rdf:resource='http://www.daml.org/2001/12/factbook/ethnicGroups#Arabs_30,000'/>
  </rdf:Description>
  <rdf:Description rdf:about='#A95707'>
    <NS0:note>largely shut down in 2000</NS0:note>
  </rdf:Description>
  <rdf:Description rdf:about='#A95537'>
    <rdf:type rdf:resource='http://www.daml.org/2001/12/factbook/factbook-ont#EthnicGroupPercent'/>
    <NS0:ethnicGroup rdf:resource='http://www.daml.org/2001/12/factbook/ethnicGroups#Bantu'/>
  </rdf:Description>
  <rdf:Description rdf:about='#A95838'>
    <rdf:type rdf:resource='http://www.daml.org/2001/12/factbook/factbook-ont#Estimate'/>
    <NS0:year>2000</NS0:year>
  </rdf:Description>
  <rdf:Description rdf:about='#A95770'>
    <NS0:year>1999</NS0:year>
  </rdf:Description>
  <rdf:Description rdf:about='#A95532'>
    <rdf:type rdf:resource='http://www.daml.org/2001/12/factbook/factbook-ont#EthnicGroupPercent'/>
    <NS0:ethnicGroup rdf:resource='http://www.daml.org/2001/12/factbook/ethnicGroups#Somali'/>
    <NS0:percent>85</NS0:percent>
  </rdf:Description>
  <rdf:Description rdf:about='#A95718'>
    <rdf:type rdf:resource='http://www.daml.org/2001/12/factbook/factbook-ont#OccupationPercent'/>
    <NS0:occupation rdf:resource='http://www.daml.org/2001/12/factbook/occupations#industry_and_services'/>
    <NS0:percent>29</NS0:percent>
  </rdf:Description>
  <rdf:Description rdf:about='#A95790'>
    <NS0:year>1995</NS0:year>
  </rdf:Description>
  <rdf:Description rdf:about='#A95712'>
    <rdf:type rdf:resource='http://www.daml.org/2001/12/factbook/factbook-ont#OccupationPercent'/>
    <NS0:occupation rdf:resource='http://www.daml.org/2001/12/factbook/occupations#agriculture'/>
    <NS0:percent>71</NS0:percent>
  </rdf:Description>
  <rdf:Description rdf:about='#A95735'>
    <NS0:year>1999</NS0:year>
  </rdf:Description>
  <rdf:Description rdf:about='#A95518'>
    <rdf:type rdf:resource='http://www.daml.org/2001/12/factbook/factbook-ont#SexRatioBreakdown'/>
    <NS0:ratio>1.01</NS0:ratio>
  </rdf:Description>
  <rdf:Description rdf:about='#A95805'>
    <NS0:year>1997</NS0:year>
  </rdf:Description>
  <rdf:Description rdf:about='#A95513'>
    <rdf:type rdf:resource='http://www.daml.org/2001/12/factbook/factbook-ont#SexRatioBreakdown'/>
    <NS0:minAge>65</NS0:minAge>
    <NS0:ratio>0.79</NS0:ratio>
  </rdf:Description>
  <rdf:Description rdf:about='#A95507'>
    <rdf:type rdf:resource='http://www.daml.org/2001/12/factbook/factbook-ont#SexRatioBreakdown'/>
    <NS0:minAge>15</NS0:minAge>
    <NS0:maxAge>64</NS0:maxAge>
    <NS0:ratio>1.02</NS0:ratio>
  </rdf:Description>
  <rdf:Description rdf:about='#A95703'>
    <rdf:type rdf:resource='http://www.daml.org/2001/12/factbook/factbook-ont#Estimate'/>
    <NS0:year>2000</NS0:year>
  </rdf:Description>
  <rdf:Description rdf:about='#A95463'>
    <rdf:type rdf:resource='http://www.daml.org/2001/12/factbook/factbook-ont#Estimate'/>
    <NS0:year>1993</NS0:year>
  </rdf:Description>
  <rdf:Description rdf:about='#A95501'>
    <rdf:type rdf:resource='http://www.daml.org/2001/12/factbook/factbook-ont#SexRatioBreakdown'/>
    <NS0:minAge>0</NS0:minAge>
    <NS0:maxAge>14</NS0:maxAge>
    <NS0:ratio>1</NS0:ratio>
  </rdf:Description>
</rdf:RDF>
