<?xml version='1.0' encoding='ISO-8859-1'?>
<rdf:RDF
  xmlns:rdf='http://www.w3.org/1999/02/22-rdf-syntax-ns#'
  xmlns:NS0='http://www.daml.org/2001/12/factbook/factbook-ont#'
  xmlns:rdfs='http://www.w3.org/2000/01/rdf-schema#'
  xml:base="http://www.daml.org/2001/12/factbook/sp">
  <rdf:Description rdf:about='#A96072'>
    <rdf:type rdf:resource='http://www.daml.org/2001/12/factbook/factbook-ont#CapitalCity'/>
    <NS0:name>Madrid</NS0:name>
  </rdf:Description>
  <rdf:Description rdf:about='#A96263'>
    <rdf:type rdf:resource='http://www.daml.org/2001/12/factbook/factbook-ont#Estimate'/>
    <NS0:year>1997</NS0:year>
  </rdf:Description>
  <rdf:Description rdf:about='#A96452'>
    <rdf:type rdf:resource='http://www.daml.org/2001/12/factbook/factbook-ont#Port'/>
    <NS0:name>Vigo</NS0:name>
  </rdf:Description>
  <rdf:Description rdf:about='#A95982'>
    <rdf:type rdf:resource='http://www.daml.org/2001/12/factbook/factbook-ont#Estimate'/>
    <NS0:year>2001</NS0:year>
  </rdf:Description>
  <rdf:Description rdf:about='#A96259'>
    <rdf:type rdf:resource='http://www.daml.org/2001/12/factbook/factbook-ont#OccupationPercent'/>
    <NS0:occupation rdf:resource='http://www.daml.org/2001/12/factbook/occupations#agriculture'/>
    <NS0:percent>8</NS0:percent>
  </rdf:Description>
  <rdf:Description rdf:about='#A95942'>
    <rdf:type rdf:resource='http://www.daml.org/2001/12/factbook/factbook-ont#Estimate'/>
    <NS0:year>1993</NS0:year>
  </rdf:Description>
  <rdf:Description rdf:about='#A96448'>
    <rdf:type rdf:resource='http://www.daml.org/2001/12/factbook/factbook-ont#Port'/>
    <NS0:name>Valencia</NS0:name>
  </rdf:Description>
  <rdf:Description rdf:about='#A96254'>
    <rdf:type rdf:resource='http://www.daml.org/2001/12/factbook/factbook-ont#OccupationPercent'/>
    <NS0:occupation rdf:resource='http://www.daml.org/2001/12/factbook/occupations#construction'/>
    <NS0:percent>28</NS0:percent>
  </rdf:Description>
  <rdf:Description rdf:about='#A96444'>
    <rdf:type rdf:resource='http://www.daml.org/2001/12/factbook/factbook-ont#Port'/>
    <NS0:name>Tarragona</NS0:name>
  </rdf:Description>
  <rdf:Description rdf:about='#A95945'>
    <rdf:type rdf:resource='http://www.daml.org/2001/12/factbook/factbook-ont#Estimate'/>
    <NS0:year>1993</NS0:year>
  </rdf:Description>
  <rdf:Description rdf:about='#A96020'>
    <rdf:type rdf:resource='http://www.daml.org/2001/12/factbook/factbook-ont#Estimate'/>
    <NS0:year>2001</NS0:year>
  </rdf:Description>
  <rdf:Description rdf:about='#A96061'>
    <rdf:type rdf:resource='http://www.daml.org/2001/12/factbook/factbook-ont#LanguagePercent'/>
    <NS0:language rdf:resource='http://www.daml.org/2001/12/factbook/languages#Basque'/>
    <NS0:percent>2</NS0:percent>
  </rdf:Description>
  <rdf:Description rdf:about='#A96223'>
    <rdf:type rdf:resource='http://www.daml.org/2001/12/factbook/factbook-ont#Estimate'/>
    <NS0:year>2000</NS0:year>
  </rdf:Description>
  <rdf:Description rdf:about='#A96250'>
    <rdf:type rdf:resource='http://www.daml.org/2001/12/factbook/factbook-ont#OccupationPercent'/>
    <NS0:occupation rdf:resource='http://www.daml.org/2001/12/factbook/occupations#mining'/>
  </rdf:Description>
  <rdf:Description rdf:about='#A96440'>
    <rdf:type rdf:resource='http://www.daml.org/2001/12/factbook/factbook-ont#Port'/>
    <NS0:name>Santander</NS0:name>
  </rdf:Description>
  <rdf:Description rdf:about='#A96056'>
    <rdf:type rdf:resource='http://www.daml.org/2001/12/factbook/factbook-ont#LanguagePercent'/>
    <NS0:language rdf:resource='http://www.daml.org/2001/12/factbook/languages#Galician'/>
    <NS0:percent>7</NS0:percent>
  </rdf:Description>
  <rdf:Description rdf:about='#A96246'>
    <rdf:type rdf:resource='http://www.daml.org/2001/12/factbook/factbook-ont#OccupationPercent'/>
    <NS0:occupation rdf:resource='http://www.daml.org/2001/12/factbook/occupations#manufacturing'/>
  </rdf:Description>
  <rdf:Description rdf:about='#A96456'>
    <rdf:type rdf:resource='http://www.daml.org/2001/12/factbook/factbook-ont#Estimate'/>
    <NS0:year>2000</NS0:year>
  </rdf:Description>
  <rdf:Description rdf:about='#A96436'>
    <rdf:type rdf:resource='http://www.daml.org/2001/12/factbook/factbook-ont#Port'/>
    <NS0:name>Santa Cruz de Tenerife</NS0:name>
  </rdf:Description>
  <rdf:Description rdf:about='#A96527'>
    <NS0:note>FY97</NS0:note>
  </rdf:Description>
  <rdf:Description rdf:about='#A96051'>
    <rdf:type rdf:resource='http://www.daml.org/2001/12/factbook/factbook-ont#LanguagePercent'/>
    <NS0:language rdf:resource='http://www.daml.org/2001/12/factbook/languages#Catalan'/>
    <NS0:percent>17</NS0:percent>
  </rdf:Description>
  <rdf:Description rdf:about='#A95991'>
    <rdf:type rdf:resource='http://www.daml.org/2001/12/factbook/factbook-ont#Estimate'/>
    <NS0:year>2001</NS0:year>
  </rdf:Description>
  <rdf:Description rdf:about='#A96239'>
    <NS0:year>2000</NS0:year>
  </rdf:Description>
  <rdf:Description rdf:about='#A96241'>
    <rdf:type rdf:resource='http://www.daml.org/2001/12/factbook/factbook-ont#OccupationPercent'/>
    <NS0:occupation rdf:resource='http://www.daml.org/2001/12/factbook/occupations#services'/>
    <NS0:percent>64</NS0:percent>
  </rdf:Description>
  <rdf:Description rdf:about='#A96432'>
    <rdf:type rdf:resource='http://www.daml.org/2001/12/factbook/factbook-ont#Port'/>
    <NS0:name>Gijon</NS0:name>
  </rdf:Description>
  <rdf:Description rdf:about='#A96428'>
    <rdf:type rdf:resource='http://www.daml.org/2001/12/factbook/factbook-ont#Port'/>
    <NS0:name>Pasajes</NS0:name>
  </rdf:Description>
  <rdf:Description rdf:about='#A96231'>
    <NS0:year>1999</NS0:year>
  </rdf:Description>
  <rdf:Description rdf:about='#A96045'>
    <rdf:type rdf:resource='http://www.daml.org/2001/12/factbook/factbook-ont#LanguagePercent'/>
    <NS0:language rdf:resource='http://www.daml.org/2001/12/factbook/languages#Castilian_Spanish'/>
    <NS0:percent>74</NS0:percent>
  </rdf:Description>
  <rdf:Description rdf:about='#A96234'>
    <NS0:year>1990</NS0:year>
  </rdf:Description>
  <rdf:Description rdf:about='#A96424'>
    <rdf:type rdf:resource='http://www.daml.org/2001/12/factbook/factbook-ont#Port'/>
    <NS0:name>Melilla</NS0:name>
  </rdf:Description>
  <rdf:Description rdf:about='#A96361'>
    <NS0:year>1997</NS0:year>
  </rdf:Description>
  <rdf:Description rdf:about='#A96040'>
    <rdf:type rdf:resource='http://www.daml.org/2001/12/factbook/factbook-ont#ReligionPercent'/>
    <NS0:religion rdf:resource='http://www.daml.org/2001/12/factbook/religions#other'/>
    <NS0:percent>1</NS0:percent>
  </rdf:Description>
  <rdf:Description rdf:about='#A96420'>
    <rdf:type rdf:resource='http://www.daml.org/2001/12/factbook/factbook-ont#Port'/>
    <NS0:name>Malaga</NS0:name>
  </rdf:Description>
  <rdf:Description rdf:about='#A96035'>
    <rdf:type rdf:resource='http://www.daml.org/2001/12/factbook/factbook-ont#ReligionPercent'/>
    <NS0:religion rdf:resource='http://www.daml.org/2001/12/factbook/religions#Roman_Catholic'/>
    <NS0:percent>99</NS0:percent>
  </rdf:Description>
  <rdf:Description rdf:about='#A96416'>
    <rdf:type rdf:resource='http://www.daml.org/2001/12/factbook/factbook-ont#Port'/>
    <NS0:name>Las Palmas</NS0:name>
  </rdf:Description>
  <rdf:Description rdf:about='#AutonomousCommunity'>
    <rdf:type rdf:resource='http://www.w3.org/2000/01/rdf-schema#Class'/>
    <rdfs:subClassOf rdf:resource='http://www.daml.org/2001/12/factbook/factbook-ont#AdministrativeDivision'/>
    <rdfs:label>AutonomousCommunity</rdfs:label>
  </rdf:Description>
  <rdf:Description rdf:about='#A96031'>
    <rdf:type rdf:resource='http://www.daml.org/2001/12/factbook/factbook-ont#EthnicGroupPercent'/>
    <NS0:ethnicGroup rdf:resource='http://www.daml.org/2001/12/factbook/ethnicGroups#composite_of_Mediterranean_and_Nordic_types'/>
  </rdf:Description>
  <rdf:Description rdf:about='#A96412'>
    <rdf:type rdf:resource='http://www.daml.org/2001/12/factbook/factbook-ont#Port'/>
    <NS0:name>La Coruna</NS0:name>
  </rdf:Description>
  <rdf:Description rdf:about='#A96408'>
    <rdf:type rdf:resource='http://www.daml.org/2001/12/factbook/factbook-ont#Port'/>
    <NS0:name>Huelva</NS0:name>
  </rdf:Description>
  <rdf:Description rdf:about='#A96348'>
    <rdf:type rdf:resource='http://www.daml.org/2001/12/factbook/factbook-ont#Estimate'/>
    <NS0:year>1993</NS0:year>
  </rdf:Description>
  <rdf:Description rdf:about='#A96404'>
    <rdf:type rdf:resource='http://www.daml.org/2001/12/factbook/factbook-ont#Port'/>
    <NS0:name>Ceuta</NS0:name>
  </rdf:Description>
  <rdf:Description rdf:about='#A96400'>
    <rdf:type rdf:resource='http://www.daml.org/2001/12/factbook/factbook-ont#Port'/>
    <NS0:name>Castellon de la Plana</NS0:name>
  </rdf:Description>
  <rdf:Description rdf:about='#A96378'>
    <NS0:note>of minor economic importance</NS0:note>
  </rdf:Description>
  <rdf:Description rdf:about='#A129633'>
    <rdf:type rdf:resource='http://www.daml.org/2001/12/factbook/factbook-ont#CountryPercent'/>
    <NS0:country rdf:resource='http://www.daml.org/2001/09/countries/fips#JA'/>
    <NS0:percent>3</NS0:percent>
  </rdf:Description>
  <rdf:Description rdf:about='#A96017'>
    <rdf:type rdf:resource='http://www.daml.org/2001/12/factbook/factbook-ont#SexRatioBreakdown'/>
    <NS0:ratio>0.96</NS0:ratio>
  </rdf:Description>
  <rdf:Description rdf:about='#A96396'>
    <rdf:type rdf:resource='http://www.daml.org/2001/12/factbook/factbook-ont#Port'/>
    <NS0:name>Cartagena</NS0:name>
  </rdf:Description>
  <rdf:Description rdf:about='#A129628'>
    <rdf:type rdf:resource='http://www.daml.org/2001/12/factbook/factbook-ont#CountryPercent'/>
    <NS0:country rdf:resource='http://www.daml.org/2001/09/countries/fips#US'/>
    <NS0:percent>8</NS0:percent>
  </rdf:Description>
  <rdf:Description rdf:about='#A96012'>
    <rdf:type rdf:resource='http://www.daml.org/2001/12/factbook/factbook-ont#SexRatioBreakdown'/>
    <NS0:minAge>65</NS0:minAge>
    <NS0:ratio>0.72</NS0:ratio>
  </rdf:Description>
  <rdf:Description rdf:about='#A95985'>
    <rdf:type rdf:resource='http://www.daml.org/2001/12/factbook/factbook-ont#Estimate'/>
    <NS0:year>2001</NS0:year>
  </rdf:Description>
  <rdf:Description rdf:about='#A96392'>
    <rdf:type rdf:resource='http://www.daml.org/2001/12/factbook/factbook-ont#Port'/>
    <NS0:name>Cadiz</NS0:name>
  </rdf:Description>
  <rdf:Description rdf:about='#A96388'>
    <rdf:type rdf:resource='http://www.daml.org/2001/12/factbook/factbook-ont#Port'/>
    <NS0:name>Bilbao</NS0:name>
  </rdf:Description>
  <rdf:Description rdf:about='#A129622'>
    <rdf:type rdf:resource='http://www.daml.org/2001/12/factbook/factbook-ont#CountryPercent'/>
    <NS0:country rdf:resource='http://www.daml.org/2001/09/countries/fips#US'/>
    <NS0:percent>5</NS0:percent>
  </rdf:Description>
  <rdf:Description rdf:about='#A96006'>
    <rdf:type rdf:resource='http://www.daml.org/2001/12/factbook/factbook-ont#SexRatioBreakdown'/>
    <NS0:minAge>15</NS0:minAge>
    <NS0:maxAge>64</NS0:maxAge>
    <NS0:ratio>1.01</NS0:ratio>
  </rdf:Description>
  <rdf:Description rdf:about='#A96384'>
    <rdf:type rdf:resource='http://www.daml.org/2001/12/factbook/factbook-ont#Port'/>
    <NS0:name>Barcelona</NS0:name>
  </rdf:Description>
  <rdf:Description rdf:about='#A96324'>
    <rdf:type rdf:resource='http://www.daml.org/2001/12/factbook/factbook-ont#Estimate'/>
    <NS0:note>f.o.b., 2000</NS0:note>
  </rdf:Description>
  <rdf:Description rdf:about='#A129616'>
    <rdf:type rdf:resource='http://www.daml.org/2001/12/factbook/factbook-ont#Border'/>
    <NS0:country rdf:resource='http://www.daml.org/2001/09/countries/fips#MO'/>
    <NS0:distance>9.6</NS0:distance>
  </rdf:Description>
  <rdf:Description rdf:about='#A96000'>
    <rdf:type rdf:resource='http://www.daml.org/2001/12/factbook/factbook-ont#SexRatioBreakdown'/>
    <NS0:minAge>0</NS0:minAge>
    <NS0:maxAge>14</NS0:maxAge>
    <NS0:ratio>1.06</NS0:ratio>
  </rdf:Description>
  <rdf:Description rdf:about='#A96380'>
    <rdf:type rdf:resource='http://www.daml.org/2001/12/factbook/factbook-ont#Port'/>
    <NS0:name>Aviles</NS0:name>
  </rdf:Description>
  <rdf:Description rdf:about='#A129610'>
    <rdf:type rdf:resource='http://www.daml.org/2001/12/factbook/factbook-ont#Border'/>
    <NS0:country rdf:resource='http://www.daml.org/2001/09/countries/fips#MO'/>
    <NS0:distance>6.3</NS0:distance>
  </rdf:Description>
  <rdf:Description rdf:about='#A95994'>
    <rdf:type rdf:resource='http://www.daml.org/2001/12/factbook/factbook-ont#SexRatioBreakdown'/>
    <NS0:minAge>0</NS0:minAge>
    <NS0:maxAge>0</NS0:maxAge>
    <NS0:ratio>1.07</NS0:ratio>
  </rdf:Description>
  <rdf:Description rdf:about='#A96309'>
    <rdf:type rdf:resource='http://www.daml.org/2001/12/factbook/factbook-ont#Estimate'/>
    <NS0:note>f.o.b., 2000</NS0:note>
  </rdf:Description>
  <rdf:Description rdf:about='#A96365'>
    <NS0:year>1997</NS0:year>
  </rdf:Description>
  <rdf:Description rdf:about='#A129605'>
    <rdf:type rdf:resource='http://www.daml.org/2001/12/factbook/factbook-ont#Border'/>
    <NS0:country rdf:resource='http://www.daml.org/2001/09/countries/fips#PO'/>
    <NS0:distance>1214</NS0:distance>
  </rdf:Description>
  <rdf:Description rdf:about='#A96346'>
    <NS0:year>1997</NS0:year>
  </rdf:Description>
  <rdf:Description rdf:about='#A129600'>
    <rdf:type rdf:resource='http://www.daml.org/2001/12/factbook/factbook-ont#Border'/>
    <NS0:country rdf:resource='http://www.daml.org/2001/09/countries/fips#GI'/>
    <NS0:distance>1.2</NS0:distance>
  </rdf:Description>
  <rdf:Description rdf:about='#A129626'>
    <NS0:note>2000</NS0:note>
  </rdf:Description>
  <rdf:Description rdf:about='#A96363'>
    <NS0:note>plus 2,105 repeaters</NS0:note>
  </rdf:Description>
  <rdf:Description rdf:about='#A129595'>
    <rdf:type rdf:resource='http://www.daml.org/2001/12/factbook/factbook-ont#Border'/>
    <NS0:country rdf:resource='http://www.daml.org/2001/09/countries/fips#FR'/>
    <NS0:distance>623</NS0:distance>
  </rdf:Description>
  <rdf:Description rdf:about='#A129590'>
    <rdf:type rdf:resource='http://www.daml.org/2001/12/factbook/factbook-ont#Border'/>
    <NS0:country rdf:resource='http://www.daml.org/2001/09/countries/fips#AN'/>
    <NS0:distance>63.7</NS0:distance>
  </rdf:Description>
  <rdf:Description rdf:about='#A95907'>
    <NS0:note>applies only to the Atlantic Ocean</NS0:note>
  </rdf:Description>
  <rdf:Description rdf:about='#A96296'>
    <NS0:year>1999</NS0:year>
  </rdf:Description>
  <rdf:Description rdf:about='#A96285'>
    <NS0:year>1999</NS0:year>
  </rdf:Description>
  <rdf:Description rdf:about='#A96512'>
    <rdf:type rdf:resource='http://www.daml.org/2001/12/factbook/factbook-ont#Estimate'/>
    <NS0:year>2000</NS0:year>
  </rdf:Description>
  <rdf:Description rdf:about='#A96343'>
    <rdf:type rdf:resource='http://www.daml.org/2001/12/factbook/factbook-ont#CommodityPercent'/>
    <NS0:importsCommodity rdf:resource='http://www.daml.org/2001/12/factbook/commodities#consumer_goods'/>
  </rdf:Description>
  <rdf:Description rdf:about='#A96525'>
    <NS0:note>FY97</NS0:note>
  </rdf:Description>
  <rdf:Description rdf:about='#A96339'>
    <rdf:type rdf:resource='http://www.daml.org/2001/12/factbook/factbook-ont#CommodityPercent'/>
    <NS0:importsCommodity rdf:resource='http://www.daml.org/2001/12/factbook/commodities#semifinished_goods;_foodstuffs'/>
  </rdf:Description>
  <rdf:Description rdf:about='#A96294'>
    <NS0:year>1999</NS0:year>
  </rdf:Description>
  <rdf:Description rdf:about='#A96335'>
    <rdf:type rdf:resource='http://www.daml.org/2001/12/factbook/factbook-ont#CommodityPercent'/>
    <NS0:importsCommodity rdf:resource='http://www.daml.org/2001/12/factbook/commodities#chemicals'/>
  </rdf:Description>
  <rdf:Description rdf:about='#A96354'>
    <NS0:year>1999</NS0:year>
  </rdf:Description>
  <rdf:Description rdf:about='#A96522'>
    <rdf:type rdf:resource='http://www.daml.org/2001/12/factbook/factbook-ont#Estimate'/>
    <NS0:year>2001</NS0:year>
  </rdf:Description>
  <rdf:Description rdf:about='#A96143'>
    <rdf:type rdf:resource='#AutonomousCommunity'/>
    <NS0:name>Pais Vasco</NS0:name>
  </rdf:Description>
  <rdf:Description rdf:about='#A96374'>
    <NS0:note>including 9,063 km of expressways</NS0:note>
  </rdf:Description>
  <rdf:Description rdf:about='#A96331'>
    <rdf:type rdf:resource='http://www.daml.org/2001/12/factbook/factbook-ont#CommodityPercent'/>
    <NS0:importsCommodity rdf:resource='http://www.daml.org/2001/12/factbook/commodities#fuels'/>
  </rdf:Description>
  <rdf:Description rdf:about='#A96139'>
    <rdf:type rdf:resource='#AutonomousCommunity'/>
    <NS0:name>Navarra</NS0:name>
  </rdf:Description>
  <rdf:Description rdf:about='#A96023'>
    <rdf:type rdf:resource='http://www.daml.org/2001/12/factbook/factbook-ont#Estimate'/>
    <NS0:year>2001</NS0:year>
  </rdf:Description>
  <rdf:Description rdf:about='http://www.daml.org/2001/09/countries/fips#SP'>
    <NS0:background>Spain&apos;s powerful world empire of the 16th and 17th centuries ultimately yielded command of the seas to England. Subsequent failure to embrace the mercantile and industrial revolutions caused the country to fall behind Britain, France, and Germany in economic and political power. Spain remained neutral in World Wars I and II, but suffered through a devastating Civil War (1936-39). In the second half of the 20th century, it has played a catch-up role in the western international community. Continuing concerns are large-scale unemployment and the Basque separatist movement.</NS0:background>
    <NS0:location>Southwestern Europe, bordering the Bay of Biscay, Mediterranean Sea, North Atlantic Ocean, and Pyrenees Mountains, southwest of France</NS0:location>
    <NS0:geographicCoordinates rdf:resource='#A95894'/>
    <NS0:mapReferences>Europe</NS0:mapReferences>
    <NS0:totalArea>504782</NS0:totalArea>
    <NS0:landArea>499542</NS0:landArea>
    <NS0:waterArea>5240</NS0:waterArea>
    <NS0:comparativeArea>slightly more than twice the size of Oregon</NS0:comparativeArea>
    <NS0:landBoundaries>1917.8</NS0:landBoundaries>
    <NS0:coastline>4964</NS0:coastline>
    <NS0:contiguousZone>24</NS0:contiguousZone>
    <NS0:exclusiveEconomicZone rdf:ID='A95907'>200</NS0:exclusiveEconomicZone>
    <NS0:territorialSea>12</NS0:territorialSea>
    <NS0:climate>temperate; clear, hot summers in interior, more moderate and cloudy along coast; cloudy, cold winters in interior, partly cloudy and cool along coast</NS0:climate>
    <NS0:terrain>large, flat to dissected plateau surrounded by rugged hills; Pyrenees in north</NS0:terrain>
    <NS0:lowestPoint rdf:resource='#A95912'/>
    <NS0:highestPoint rdf:resource='#A95917'/>
    <NS0:naturalResource rdf:resource='http://www.daml.org/2001/12/factbook/naturalResources#coal'/>
    <NS0:naturalResource rdf:resource='http://www.daml.org/2001/12/factbook/naturalResources#lignite'/>
    <NS0:naturalResource rdf:resource='http://www.daml.org/2001/12/factbook/naturalResources#iron_ore'/>
    <NS0:naturalResource rdf:resource='http://www.daml.org/2001/12/factbook/naturalResources#uranium'/>
    <NS0:naturalResource rdf:resource='http://www.daml.org/2001/12/factbook/naturalResources#mercury'/>
    <NS0:naturalResource rdf:resource='http://www.daml.org/2001/12/factbook/naturalResources#pyrites'/>
    <NS0:naturalResource rdf:resource='http://www.daml.org/2001/12/factbook/naturalResources#fluorspar'/>
    <NS0:naturalResource rdf:resource='http://www.daml.org/2001/12/factbook/naturalResources#gypsum'/>
    <NS0:naturalResource rdf:resource='http://www.daml.org/2001/12/factbook/naturalResources#zinc'/>
    <NS0:naturalResource rdf:resource='http://www.daml.org/2001/12/factbook/naturalResources#lead'/>
    <NS0:naturalResource rdf:resource='http://www.daml.org/2001/12/factbook/naturalResources#tungsten'/>
    <NS0:naturalResource rdf:resource='http://www.daml.org/2001/12/factbook/naturalResources#copper'/>
    <NS0:naturalResource rdf:resource='http://www.daml.org/2001/12/factbook/naturalResources#kaolin'/>
    <NS0:naturalResource rdf:resource='http://www.daml.org/2001/12/factbook/naturalResources#potash'/>
    <NS0:naturalResource rdf:resource='http://www.daml.org/2001/12/factbook/naturalResources#hydropower'/>
    <NS0:naturalResource rdf:resource='http://www.daml.org/2001/12/factbook/naturalResources#arable_land'/>
    <NS0:arableLand>30</NS0:arableLand>
    <NS0:permanentCrops>9</NS0:permanentCrops>
    <NS0:permanentPastures>21</NS0:permanentPastures>
    <NS0:forestsAndWoodland>32</NS0:forestsAndWoodland>
    <NS0:otherLandUse rdf:ID='A95942'>8</NS0:otherLandUse>
    <NS0:irrigatedLand rdf:ID='A95945'>34530</NS0:irrigatedLand>
    <NS0:naturalHazard>periodic droughts</NS0:naturalHazard>
    <NS0:environmentalIssue>pollution of the Mediterranean Sea from raw sewage and effluents from the offshore production of oil and gas</NS0:environmentalIssue>
    <NS0:environmentalIssue>water quality and quantity nationwide</NS0:environmentalIssue>
    <NS0:environmentalIssue>air pollution</NS0:environmentalIssue>
    <NS0:environmentalIssue>deforestation</NS0:environmentalIssue>
    <NS0:environmentalIssue>desertification</NS0:environmentalIssue>
    <NS0:environmentalAgreementPartyTo rdf:resource='http://www.daml.org/2001/12/factbook/environmentalAgreements#Air_Pollution'/>
    <NS0:environmentalAgreementPartyTo rdf:resource='http://www.daml.org/2001/12/factbook/environmentalAgreements#Air_Pollution-Nitrogen_Oxides'/>
    <NS0:environmentalAgreementPartyTo rdf:resource='http://www.daml.org/2001/12/factbook/environmentalAgreements#Air_Pollution-Sulphur_94'/>
    <NS0:environmentalAgreementPartyTo rdf:resource='http://www.daml.org/2001/12/factbook/environmentalAgreements#Air_Pollution-Volatile_Organic_Compounds'/>
    <NS0:environmentalAgreementPartyTo rdf:resource='http://www.daml.org/2001/12/factbook/environmentalAgreements#Antarctic-Environmental_Protocol'/>
    <NS0:environmentalAgreementPartyTo rdf:resource='http://www.daml.org/2001/12/factbook/environmentalAgreements#Antarctic-Marine_Living_Resources'/>
    <NS0:environmentalAgreementPartyTo rdf:resource='http://www.daml.org/2001/12/factbook/environmentalAgreements#Antarctic_Treaty'/>
    <NS0:environmentalAgreementPartyTo rdf:resource='http://www.daml.org/2001/12/factbook/environmentalAgreements#Biodiversity'/>
    <NS0:environmentalAgreementPartyTo rdf:resource='http://www.daml.org/2001/12/factbook/environmentalAgreements#Climate_Change'/>
    <NS0:environmentalAgreementPartyTo rdf:resource='http://www.daml.org/2001/12/factbook/environmentalAgreements#Endangered_Species'/>
    <NS0:environmentalAgreementPartyTo rdf:resource='http://www.daml.org/2001/12/factbook/environmentalAgreements#Environmental_Modification'/>
    <NS0:environmentalAgreementPartyTo rdf:resource='http://www.daml.org/2001/12/factbook/environmentalAgreements#Hazardous_Wastes'/>
    <NS0:environmentalAgreementPartyTo rdf:resource='http://www.daml.org/2001/12/factbook/environmentalAgreements#Law_of_the_Sea'/>
    <NS0:environmentalAgreementPartyTo rdf:resource='http://www.daml.org/2001/12/factbook/environmentalAgreements#Marine_Dumping'/>
    <NS0:environmentalAgreementPartyTo rdf:resource='http://www.daml.org/2001/12/factbook/environmentalAgreements#Marine_Life_Conservation'/>
    <NS0:environmentalAgreementPartyTo rdf:resource='http://www.daml.org/2001/12/factbook/environmentalAgreements#Nuclear_Test_Ban'/>
    <NS0:environmentalAgreementPartyTo rdf:resource='http://www.daml.org/2001/12/factbook/environmentalAgreements#Ozone_Layer_Protection'/>
    <NS0:environmentalAgreementPartyTo rdf:resource='http://www.daml.org/2001/12/factbook/environmentalAgreements#Ship_Pollution'/>
    <NS0:environmentalAgreementPartyTo rdf:resource='http://www.daml.org/2001/12/factbook/environmentalAgreements#Tropical_Timber_83'/>
    <NS0:environmentalAgreementPartyTo rdf:resource='http://www.daml.org/2001/12/factbook/environmentalAgreements#Tropical_Timber_94'/>
    <NS0:environmentalAgreementPartyTo rdf:resource='http://www.daml.org/2001/12/factbook/environmentalAgreements#Wetlands'/>
    <NS0:environmentalAgreementPartyTo rdf:resource='http://www.daml.org/2001/12/factbook/environmentalAgreements#Whaling'/>
    <NS0:environmentalAgreementSigned rdf:resource='http://www.daml.org/2001/12/factbook/environmentalAgreements#Air_Pollution-Persistent_Organic_Pollutants'/>
    <NS0:environmentalAgreementSigned rdf:resource='http://www.daml.org/2001/12/factbook/environmentalAgreements#Climate_Change-Kyoto_Protocol'/>
    <NS0:environmentalAgreementSigned rdf:resource='http://www.daml.org/2001/12/factbook/environmentalAgreements#Desertification'/>
    <NS0:population rdf:ID='A95979'>40037995</NS0:population>
    <NS0:populationGrowthRate rdf:ID='A95982'>0.1</NS0:populationGrowthRate>
    <NS0:birthRate rdf:ID='A95985'>9.26</NS0:birthRate>
    <NS0:deathRate rdf:ID='A95988'>9.13</NS0:deathRate>
    <NS0:netMigrationRate rdf:ID='A95991'>0.87</NS0:netMigrationRate>
    <NS0:sexRatio rdf:resource='#A95994'/>
    <NS0:sexRatio rdf:resource='#A96000'/>
    <NS0:sexRatio rdf:resource='#A96006'/>
    <NS0:sexRatio rdf:resource='#A96012'/>
    <NS0:sexRatio rdf:ID='A96020' rdf:resource='#A96017'/>
    <NS0:infantMortalityRate rdf:ID='A96023'>4.92</NS0:infantMortalityRate>
    <NS0:totalFertilityRate rdf:ID='A96026'>1.15</NS0:totalFertilityRate>
    <NS0:nationalityNoun>Spaniard(s)</NS0:nationalityNoun>
    <NS0:nationalityAdjective>Spanish</NS0:nationalityAdjective>
    <NS0:ethnicGroup rdf:resource='#A96031'/>
    <NS0:religion rdf:resource='#A96035'/>
    <NS0:religion rdf:resource='#A96040'/>
    <NS0:language rdf:ID='A96049' rdf:resource='#A96045'/>
    <NS0:language rdf:resource='#A96051'/>
    <NS0:language rdf:resource='#A96056'/>
    <NS0:language rdf:resource='#A96061'/>
    <NS0:literacyDefinition>age 15 and over can read and write</NS0:literacyDefinition>
    <NS0:literacyTotal>97</NS0:literacyTotal>
    <NS0:conventionalLongCountryName>Kingdom of Spain</NS0:conventionalLongCountryName>
    <NS0:conventionalShortCountryName>Spain</NS0:conventionalShortCountryName>
    <NS0:localShortCountryName>Espana</NS0:localShortCountryName>
    <NS0:governmentType rdf:resource='http://www.daml.org/2001/12/factbook/governmentTypes#parliamentary_monarchy'/>
    <NS0:capital rdf:resource='#A96072'/>
    <NS0:administrativeDivision rdf:resource='#A96079'/>
    <NS0:administrativeDivision rdf:resource='#A96083'/>
    <NS0:administrativeDivision rdf:resource='#A96087'/>
    <NS0:administrativeDivision rdf:resource='#A96091'/>
    <NS0:administrativeDivision rdf:resource='#A96095'/>
    <NS0:administrativeDivision rdf:resource='#A96099'/>
    <NS0:administrativeDivision rdf:resource='#A96103'/>
    <NS0:administrativeDivision rdf:resource='#A96107'/>
    <NS0:administrativeDivision rdf:resource='#A96111'/>
    <NS0:administrativeDivision rdf:resource='#A96115'/>
    <NS0:administrativeDivision rdf:resource='#A96119'/>
    <NS0:administrativeDivision rdf:resource='#A96123'/>
    <NS0:administrativeDivision rdf:resource='#A96127'/>
    <NS0:administrativeDivision rdf:resource='#A96131'/>
    <NS0:administrativeDivision rdf:resource='#A96135'/>
    <NS0:administrativeDivision rdf:resource='#A96139'/>
    <NS0:administrativeDivision rdf:resource='#A96143'/>
    <NS0:independence>1492 (expulsion of the Moors and unification)</NS0:independence>
    <NS0:constitution>6 December 1978, effective 29 December 1978</NS0:constitution>
    <NS0:legalSystem>civil law system, with regional applications; has not accepted compulsory ICJ jurisdiction</NS0:legalSystem>
    <NS0:suffrage>18 years of age; universal</NS0:suffrage>
    <NS0:participatesIn rdf:resource='http://www.daml.org/2001/12/factbook/internationalOrganizations#AfDB'/>
    <NS0:participatesIn rdf:resource='http://www.daml.org/2001/12/factbook/internationalOrganizations#AsDB'/>
    <NS0:participatesIn rdf:resource='http://www.daml.org/2001/12/factbook/internationalOrganizations#Australia_Group'/>
    <NS0:participatesIn rdf:resource='http://www.daml.org/2001/12/factbook/internationalOrganizations#BIS'/>
    <NS0:participatesIn rdf:resource='http://www.daml.org/2001/12/factbook/internationalOrganizations#CCC'/>
    <NS0:participatesIn rdf:resource='http://www.daml.org/2001/12/factbook/internationalOrganizations#CE'/>
    <NS0:participatesIn rdf:resource='http://www.daml.org/2001/12/factbook/internationalOrganizations#CERN'/>
    <NS0:participatesIn rdf:resource='http://www.daml.org/2001/12/factbook/internationalOrganizations#EAPC'/>
    <NS0:participatesIn rdf:resource='http://www.daml.org/2001/12/factbook/internationalOrganizations#EBRD'/>
    <NS0:participatesIn rdf:resource='http://www.daml.org/2001/12/factbook/internationalOrganizations#ECE'/>
    <NS0:participatesIn rdf:resource='http://www.daml.org/2001/12/factbook/internationalOrganizations#ECLAC'/>
    <NS0:participatesIn rdf:resource='http://www.daml.org/2001/12/factbook/internationalOrganizations#EIB'/>
    <NS0:participatesIn rdf:resource='http://www.daml.org/2001/12/factbook/internationalOrganizations#EMU'/>
    <NS0:participatesIn rdf:resource='http://www.daml.org/2001/12/factbook/internationalOrganizations#ESA'/>
    <NS0:participatesIn rdf:resource='http://www.daml.org/2001/12/factbook/internationalOrganizations#EU'/>
    <NS0:participatesIn rdf:resource='http://www.daml.org/2001/12/factbook/internationalOrganizations#FAO'/>
    <NS0:participatesIn rdf:resource='http://www.daml.org/2001/12/factbook/internationalOrganizations#IADB'/>
    <NS0:participatesIn rdf:resource='http://www.daml.org/2001/12/factbook/internationalOrganizations#IAEA'/>
    <NS0:participatesIn rdf:resource='http://www.daml.org/2001/12/factbook/internationalOrganizations#IBRD'/>
    <NS0:participatesIn rdf:resource='http://www.daml.org/2001/12/factbook/internationalOrganizations#ICAO'/>
    <NS0:participatesIn rdf:resource='http://www.daml.org/2001/12/factbook/internationalOrganizations#ICC'/>
    <NS0:participatesIn rdf:resource='http://www.daml.org/2001/12/factbook/internationalOrganizations#ICFTU'/>
    <NS0:participatesIn rdf:resource='http://www.daml.org/2001/12/factbook/internationalOrganizations#ICRM'/>
    <NS0:participatesIn rdf:resource='http://www.daml.org/2001/12/factbook/internationalOrganizations#IDA'/>
    <NS0:participatesIn rdf:resource='http://www.daml.org/2001/12/factbook/internationalOrganizations#IEA'/>
    <NS0:participatesIn rdf:resource='http://www.daml.org/2001/12/factbook/internationalOrganizations#IFAD'/>
    <NS0:participatesIn rdf:resource='http://www.daml.org/2001/12/factbook/internationalOrganizations#IFC'/>
    <NS0:participatesIn rdf:resource='http://www.daml.org/2001/12/factbook/internationalOrganizations#IFRCS'/>
    <NS0:participatesIn rdf:resource='http://www.daml.org/2001/12/factbook/internationalOrganizations#IHO'/>
    <NS0:participatesIn rdf:resource='http://www.daml.org/2001/12/factbook/internationalOrganizations#ILO'/>
    <NS0:participatesIn rdf:resource='http://www.daml.org/2001/12/factbook/internationalOrganizations#IMF'/>
    <NS0:participatesIn rdf:resource='http://www.daml.org/2001/12/factbook/internationalOrganizations#IMO'/>
    <NS0:participatesIn rdf:resource='http://www.daml.org/2001/12/factbook/internationalOrganizations#Inmarsat'/>
    <NS0:participatesIn rdf:resource='http://www.daml.org/2001/12/factbook/internationalOrganizations#Intelsat'/>
    <NS0:participatesIn rdf:resource='http://www.daml.org/2001/12/factbook/internationalOrganizations#Interpol'/>
    <NS0:participatesIn rdf:resource='http://www.daml.org/2001/12/factbook/internationalOrganizations#IOC'/>
    <NS0:participatesIn rdf:resource='http://www.daml.org/2001/12/factbook/internationalOrganizations#IOM'/>
    <NS0:participatesIn rdf:resource='http://www.daml.org/2001/12/factbook/internationalOrganizations#ISO'/>
    <NS0:participatesIn rdf:resource='http://www.daml.org/2001/12/factbook/internationalOrganizations#ITU'/>
    <NS0:participatesIn rdf:resource='http://www.daml.org/2001/12/factbook/internationalOrganizations#LAIA'/>
    <NS0:participatesIn rdf:resource='http://www.daml.org/2001/12/factbook/internationalOrganizations#NATO'/>
    <NS0:participatesIn rdf:resource='http://www.daml.org/2001/12/factbook/internationalOrganizations#NEA'/>
    <NS0:participatesIn rdf:resource='http://www.daml.org/2001/12/factbook/internationalOrganizations#NSG'/>
    <NS0:participatesIn rdf:resource='http://www.daml.org/2001/12/factbook/internationalOrganizations#OAS'/>
    <NS0:participatesIn rdf:resource='http://www.daml.org/2001/12/factbook/internationalOrganizations#OECD'/>
    <NS0:participatesIn rdf:resource='http://www.daml.org/2001/12/factbook/internationalOrganizations#OPCW'/>
    <NS0:participatesIn rdf:resource='http://www.daml.org/2001/12/factbook/internationalOrganizations#OSCE'/>
    <NS0:participatesIn rdf:resource='http://www.daml.org/2001/12/factbook/internationalOrganizations#PCA'/>
    <NS0:participatesIn rdf:resource='http://www.daml.org/2001/12/factbook/internationalOrganizations#UN'/>
    <NS0:participatesIn rdf:resource='http://www.daml.org/2001/12/factbook/internationalOrganizations#UNCTAD'/>
    <NS0:participatesIn rdf:resource='http://www.daml.org/2001/12/factbook/internationalOrganizations#UNESCO'/>
    <NS0:participatesIn rdf:resource='http://www.daml.org/2001/12/factbook/internationalOrganizations#UNHCR'/>
    <NS0:participatesIn rdf:resource='http://www.daml.org/2001/12/factbook/internationalOrganizations#UNIDO'/>
    <NS0:participatesIn rdf:resource='http://www.daml.org/2001/12/factbook/internationalOrganizations#UNMEE'/>
    <NS0:participatesIn rdf:resource='http://www.daml.org/2001/12/factbook/internationalOrganizations#UNMIBH'/>
    <NS0:participatesIn rdf:resource='http://www.daml.org/2001/12/factbook/internationalOrganizations#UNMIK'/>
    <NS0:participatesIn rdf:resource='http://www.daml.org/2001/12/factbook/internationalOrganizations#UNTAET'/>
    <NS0:participatesIn rdf:resource='http://www.daml.org/2001/12/factbook/internationalOrganizations#UNU'/>
    <NS0:participatesIn rdf:resource='http://www.daml.org/2001/12/factbook/internationalOrganizations#UPU'/>
    <NS0:participatesIn rdf:resource='http://www.daml.org/2001/12/factbook/internationalOrganizations#WCL'/>
    <NS0:participatesIn rdf:resource='http://www.daml.org/2001/12/factbook/internationalOrganizations#WEU'/>
    <NS0:participatesIn rdf:resource='http://www.daml.org/2001/12/factbook/internationalOrganizations#WHO'/>
    <NS0:participatesIn rdf:resource='http://www.daml.org/2001/12/factbook/internationalOrganizations#WIPO'/>
    <NS0:participatesIn rdf:resource='http://www.daml.org/2001/12/factbook/internationalOrganizations#WMO'/>
    <NS0:participatesIn rdf:resource='http://www.daml.org/2001/12/factbook/internationalOrganizations#WToO'/>
    <NS0:participatesIn rdf:resource='http://www.daml.org/2001/12/factbook/internationalOrganizations#WTrO'/>
    <NS0:participatesIn rdf:resource='http://www.daml.org/2001/12/factbook/internationalOrganizations#ZC'/>
    <NS0:flagDescription>three horizontal bands of red (top), yellow (double width), and red with the national coat of arms on the hoist side of the yellow band; the coat of arms includes the royal seal framed by the Pillars of Hercules, which are the two promontories (Gibraltar and Ceuta) on either side of the eastern end of the Strait of Gibraltar</NS0:flagDescription>
    <NS0:economyOverview>Spain&apos;s mixed capitalist economy supports a GDP that on a per capita basis is 80% that of the four leading West European economies. Its center-right government successfully worked to gain admission to the first group of countries launching the European single currency on 1 January 1999. The AZNAR administration has continued to advocate liberalization, privatization, and deregulation of the economy and has introduced some tax reforms to that end. Unemployment has been steadily falling under the AZNAR administration but remains the highest in the EU at 14%. The government intends to make further progress in changing labor laws and reforming pension schemes, which are key to the sustainability of both Spain&apos;s internal economic advances and its competitiveness in a single currency area. Adjusting to the monetary and other economic policies of an integrated Europe - and further reducing unemployment - will pose challenges to Spain in the next few years.</NS0:economyOverview>
    <NS0:grossDomesticProduct rdf:ID='A96220'>720800000000</NS0:grossDomesticProduct>
    <NS0:grossDomesticProductRealGrowth rdf:ID='A96223'>4</NS0:grossDomesticProductRealGrowth>
    <NS0:grossDomesticProductPerCapita rdf:ID='A96226'>18000</NS0:grossDomesticProductPerCapita>
    <NS0:grossDomesticProductAgriculture>4</NS0:grossDomesticProductAgriculture>
    <NS0:grossDomesticProductIndustry>31</NS0:grossDomesticProductIndustry>
    <NS0:grossDomesticProductServices rdf:ID='A96231'>65</NS0:grossDomesticProductServices>
    <NS0:householdIncomeLowest10Percent>2.8</NS0:householdIncomeLowest10Percent>
    <NS0:householdIncomeHighest10Percent rdf:ID='A96234'>25.2</NS0:householdIncomeHighest10Percent>
    <NS0:inflationRate rdf:ID='A96236'>3.4</NS0:inflationRate>
    <NS0:laborForce rdf:ID='A96239'>17000000</NS0:laborForce>
    <NS0:occupation rdf:resource='#A96241'/>
    <NS0:occupation rdf:resource='#A96246'/>
    <NS0:occupation rdf:resource='#A96250'/>
    <NS0:occupation rdf:resource='#A96254'/>
    <NS0:occupation rdf:ID='A96263' rdf:resource='#A96259'/>
    <NS0:unemploymentRate rdf:ID='A96266'>14</NS0:unemploymentRate>
    <NS0:budgetRevenues>105000000000</NS0:budgetRevenues>
    <NS0:budgetExpenditures>109000000000</NS0:budgetExpenditures>
    <NS0:budgetCapitalExpenditures rdf:ID='A96271'>12800000000</NS0:budgetCapitalExpenditures>
    <NS0:industry rdf:resource='http://www.daml.org/2001/12/factbook/industries#textiles_and_apparel'/>
    <NS0:industry rdf:resource='http://www.daml.org/2001/12/factbook/industries#food_and_beverages'/>
    <NS0:industry rdf:resource='http://www.daml.org/2001/12/factbook/industries#metals_and_metal_manufactures'/>
    <NS0:industry rdf:resource='http://www.daml.org/2001/12/factbook/industries#chemicals'/>
    <NS0:industry rdf:resource='http://www.daml.org/2001/12/factbook/industries#shipbuilding'/>
    <NS0:industry rdf:resource='http://www.daml.org/2001/12/factbook/industries#automobiles'/>
    <NS0:industry rdf:resource='http://www.daml.org/2001/12/factbook/industries#machine_tools'/>
    <NS0:industry rdf:resource='http://www.daml.org/2001/12/factbook/industries#tourism'/>
    <NS0:industrialProductionGrowthRate rdf:ID='A96282'>4.5</NS0:industrialProductionGrowthRate>
    <NS0:electricityProduction rdf:ID='A96285'>197694000000</NS0:electricityProduction>
    <NS0:electricityProductionFossilFuel>57.71</NS0:electricityProductionFossilFuel>
    <NS0:electricityProductionHydro>12.1</NS0:electricityProductionHydro>
    <NS0:electricityProductionNuclear>28.28</NS0:electricityProductionNuclear>
    <NS0:electricityProductionOther rdf:ID='A96290'>1.91</NS0:electricityProductionOther>
    <NS0:electricityConsumption rdf:ID='A96292'>189570000000</NS0:electricityConsumption>
    <NS0:electricityExports rdf:ID='A96294'>6230000000</NS0:electricityExports>
    <NS0:electricityImports rdf:ID='A96296'>11945000000</NS0:electricityImports>
    <NS0:agricultureProduct rdf:resource='http://www.daml.org/2001/12/factbook/agricultureProducts#grain'/>
    <NS0:agricultureProduct rdf:resource='http://www.daml.org/2001/12/factbook/agricultureProducts#vegetables'/>
    <NS0:agricultureProduct rdf:resource='http://www.daml.org/2001/12/factbook/agricultureProducts#olives'/>
    <NS0:agricultureProduct rdf:resource='http://www.daml.org/2001/12/factbook/agricultureProducts#wine_grapes'/>
    <NS0:agricultureProduct rdf:resource='http://www.daml.org/2001/12/factbook/agricultureProducts#sugar_beets'/>
    <NS0:agricultureProduct rdf:resource='http://www.daml.org/2001/12/factbook/agricultureProducts#citrus'/>
    <NS0:agricultureProduct rdf:resource='http://www.daml.org/2001/12/factbook/agricultureProducts#beef'/>
    <NS0:agricultureProduct rdf:resource='http://www.daml.org/2001/12/factbook/agricultureProducts#pork'/>
    <NS0:agricultureProduct rdf:resource='http://www.daml.org/2001/12/factbook/agricultureProducts#poultry'/>
    <NS0:agricultureProduct rdf:resource='http://www.daml.org/2001/12/factbook/agricultureProducts#dairy_products'/>
    <NS0:agricultureProduct rdf:resource='http://www.daml.org/2001/12/factbook/agricultureProducts#fish'/>
    <NS0:exports rdf:ID='A96309'>120500000000</NS0:exports>
    <NS0:exportsCommodity rdf:resource='#A96312'/>
    <NS0:exportsCommodity rdf:resource='#A96316'/>
    <NS0:exportsCommodity rdf:resource='#A96320'/>
    <NS0:imports rdf:ID='A96324'>153900000000</NS0:imports>
    <NS0:importsCommodity rdf:resource='#A96327'/>
    <NS0:importsCommodity rdf:resource='#A96331'/>
    <NS0:importsCommodity rdf:resource='#A96335'/>
    <NS0:importsCommodity rdf:resource='#A96339'/>
    <NS0:importsCommodity rdf:ID='A96346' rdf:resource='#A96343'/>
    <NS0:externalDebt rdf:ID='A96348'>90000000000</NS0:externalDebt>
    <NS0:currency>Spanish peseta (ESP); euro (EUR)</NS0:currency>
    <NS0:currencyCode>ESP; EUR</NS0:currencyCode>
    <NS0:fiscalYear>calendar year</NS0:fiscalYear>
    <NS0:mainTelephoneLines rdf:ID='A96354'>17336000</NS0:mainTelephoneLines>
    <NS0:mobileTelephoneLines rdf:ID='A96356'>8394000</NS0:mobileTelephoneLines>
    <NS0:telephoneSystemGeneralAssessment>generally adequate, modern facilities; teledensity is 44 main lines for each 100 persons</NS0:telephoneSystemGeneralAssessment>
    <NS0:telephoneSystemDomestic>NA</NS0:telephoneSystemDomestic>
    <NS0:telephoneSystemInternational>22 coaxial submarine cables; satellite earth stations - 2 Intelsat (1 Atlantic Ocean and 1 Indian Ocean), NA Eutelsat; tropospheric scatter to adjacent countries</NS0:telephoneSystemInternational>
    <NS0:radios rdf:ID='A96361'>13100000</NS0:radios>
    <NS0:televisionBroadcastStations rdf:ID='A96363'>224</NS0:televisionBroadcastStations>
    <NS0:televisions rdf:ID='A96365'>16200000</NS0:televisions>
    <NS0:internetCountryCode>.es</NS0:internetCountryCode>
    <NS0:internetServiceProviders rdf:ID='A96368'>56</NS0:internetServiceProviders>
    <NS0:internetUsers rdf:ID='A96370'>4600000</NS0:internetUsers>
    <NS0:railwaysTotal>13950</NS0:railwaysTotal>
    <NS0:highwaysTotal>346858</NS0:highwaysTotal>
    <NS0:highwaysPaved rdf:ID='A96374'>343389</NS0:highwaysPaved>
    <NS0:highwaysUnpaved rdf:ID='A96376'>3469</NS0:highwaysUnpaved>
    <NS0:waterways rdf:ID='A96378'>1045</NS0:waterways>
    <NS0:port rdf:resource='#A96380'/>
    <NS0:port rdf:resource='#A96384'/>
    <NS0:port rdf:resource='#A96388'/>
    <NS0:port rdf:resource='#A96392'/>
    <NS0:port rdf:resource='#A96396'/>
    <NS0:port rdf:resource='#A96400'/>
    <NS0:port rdf:resource='#A96404'/>
    <NS0:port rdf:resource='#A96408'/>
    <NS0:port rdf:resource='#A96412'/>
    <NS0:port rdf:resource='#A96416'/>
    <NS0:port rdf:resource='#A96420'/>
    <NS0:port rdf:resource='#A96424'/>
    <NS0:port rdf:resource='#A96428'/>
    <NS0:port rdf:resource='#A96432'/>
    <NS0:port rdf:resource='#A96436'/>
    <NS0:port rdf:resource='#A96440'/>
    <NS0:port rdf:resource='#A96444'/>
    <NS0:port rdf:resource='#A96448'/>
    <NS0:port rdf:resource='#A96452'/>
    <NS0:airports rdf:ID='A96456'>110</NS0:airports>
    <NS0:airportBreakdown rdf:resource='#A96459'/>
    <NS0:airportBreakdown rdf:resource='#A96465'/>
    <NS0:airportBreakdown rdf:resource='#A96472'/>
    <NS0:airportBreakdown rdf:resource='#A96479'/>
    <NS0:airportBreakdown rdf:resource='#A96486'/>
    <NS0:airportBreakdown rdf:resource='#A96492'/>
    <NS0:airportBreakdown rdf:resource='#A96499'/>
    <NS0:airportBreakdown rdf:resource='#A96506'/>
    <NS0:heliports rdf:ID='A96512'>2</NS0:heliports>
    <NS0:militaryAge>20</NS0:militaryAge>
    <NS0:malesOfMilitaryAge rdf:ID='A96516'>10551945</NS0:malesOfMilitaryAge>
    <NS0:malesFitForMilitaryService rdf:ID='A96519'>8448150</NS0:malesFitForMilitaryService>
    <NS0:malesReachingMilitaryAgeAnnually rdf:ID='A96522'>281043</NS0:malesReachingMilitaryAgeAnnually>
    <NS0:militaryExpenditures rdf:ID='A96525'>6000000000</NS0:militaryExpenditures>
    <NS0:militaryExpendituresPercentGDP rdf:ID='A96527'>1.1</NS0:militaryExpendituresPercentGDP>
    <NS0:internationalDispute>Gibraltar issue with UK</NS0:internationalDispute>
    <NS0:internationalDispute>Spain controls five places of sovereignty on and off the coast of Morocco - the coastal enclaves of Ceuta and Melilla, which Morocco contests, as well as the islands of Penon de Alhucemas, Penon de Velez de la Gomera, and Islas Chafarinas</NS0:internationalDispute>
    <NS0:illicitDrugs>key European gateway country for Latin American cocaine and North African hashish entering the European market</NS0:illicitDrugs>
    <NS0:illicitDrugs>transshipment point for and consumer of Southwest Asian heroin</NS0:illicitDrugs>
    <NS0:smallFlag>http://www.cia.gov/cia/publications/factbook/flags/sp-flag.jpg</NS0:smallFlag>
    <NS0:largeFlag>http://www.cia.gov/cia/publications/factbook/flags/sp-lgflag.jpg</NS0:largeFlag>
    <NS0:map>http://www.cia.gov/cia/publications/factbook/maps/sp-map.jpg</NS0:map>
    <NS0:border rdf:resource='#A129590'/>
    <NS0:border rdf:resource='#A129595'/>
    <NS0:border rdf:resource='#A129600'/>
    <NS0:border rdf:resource='#A129605'/>
    <NS0:border rdf:ID='A129614' rdf:resource='#A129610'/>
    <NS0:border rdf:ID='A129620' rdf:resource='#A129616'/>
    <NS0:exportPartner rdf:ID='A129626' rdf:resource='#A129622'/>
    <NS0:importPartner rdf:resource='#A129628'/>
    <NS0:importPartner rdf:ID='A129637' rdf:resource='#A129633'/>
  </rdf:Description>
  <rdf:Description rdf:about='#A96516'>
    <rdf:type rdf:resource='http://www.daml.org/2001/12/factbook/factbook-ont#Estimate'/>
    <NS0:year>2001</NS0:year>
  </rdf:Description>
  <rdf:Description rdf:about='#A95979'>
    <rdf:type rdf:resource='http://www.daml.org/2001/12/factbook/factbook-ont#Estimate'/>
    <NS0:note>July 2001</NS0:note>
  </rdf:Description>
  <rdf:Description rdf:about='#A96327'>
    <rdf:type rdf:resource='http://www.daml.org/2001/12/factbook/factbook-ont#CommodityPercent'/>
    <NS0:importsCommodity rdf:resource='http://www.daml.org/2001/12/factbook/commodities#machinery_and_equipment'/>
  </rdf:Description>
  <rdf:Description rdf:about='#A96135'>
    <rdf:type rdf:resource='#AutonomousCommunity'/>
    <NS0:name>Murcia</NS0:name>
  </rdf:Description>
  <rdf:Description rdf:about='#A96131'>
    <rdf:type rdf:resource='#AutonomousCommunity'/>
    <NS0:name>Madrid</NS0:name>
  </rdf:Description>
  <rdf:Description rdf:about='#A96320'>
    <rdf:type rdf:resource='http://www.daml.org/2001/12/factbook/factbook-ont#CommodityPercent'/>
    <NS0:exportsCommodity rdf:resource='http://www.daml.org/2001/12/factbook/commodities#other_consumer_goods'/>
  </rdf:Description>
  <rdf:Description rdf:about='#A96370'>
    <NS0:year>2000</NS0:year>
  </rdf:Description>
  <rdf:Description rdf:about='#A96127'>
    <rdf:type rdf:resource='#AutonomousCommunity'/>
    <NS0:name>La Rioja</NS0:name>
  </rdf:Description>
  <rdf:Description rdf:about='#A96368'>
    <NS0:year>2000</NS0:year>
  </rdf:Description>
  <rdf:Description rdf:about='#A96316'>
    <rdf:type rdf:resource='http://www.daml.org/2001/12/factbook/factbook-ont#CommodityPercent'/>
    <NS0:exportsCommodity rdf:resource='http://www.daml.org/2001/12/factbook/commodities#motor_vehicles;_foodstuffs'/>
  </rdf:Description>
  <rdf:Description rdf:about='#A96506'>
    <rdf:type rdf:resource='http://www.daml.org/2001/12/factbook/factbook-ont#AirportBreakdown'/>
    <NS0:paved>false</NS0:paved>
    <NS0:maxRunway>913</NS0:maxRunway>
    <NS0:count>25 (2000 est.)</NS0:count>
  </rdf:Description>
  <rdf:Description rdf:about='#A96226'>
    <rdf:type rdf:resource='http://www.daml.org/2001/12/factbook/factbook-ont#Estimate'/>
    <NS0:year>2000</NS0:year>
  </rdf:Description>
  <rdf:Description rdf:about='#A96123'>
    <rdf:type rdf:resource='#AutonomousCommunity'/>
    <NS0:name>Galicia</NS0:name>
  </rdf:Description>
  <rdf:Description rdf:about='#A96312'>
    <rdf:type rdf:resource='http://www.daml.org/2001/12/factbook/factbook-ont#CommodityPercent'/>
    <NS0:exportsCommodity rdf:resource='http://www.daml.org/2001/12/factbook/commodities#machinery'/>
  </rdf:Description>
  <rdf:Description rdf:about='#A129637'>
    <NS0:note>1999</NS0:note>
  </rdf:Description>
  <rdf:Description rdf:about='#A96119'>
    <rdf:type rdf:resource='#AutonomousCommunity'/>
    <NS0:name>Extremadura</NS0:name>
  </rdf:Description>
  <rdf:Description rdf:about='#A96356'>
    <NS0:year>1999</NS0:year>
  </rdf:Description>
  <rdf:Description rdf:about='#A96220'>
    <rdf:type rdf:resource='http://www.daml.org/2001/12/factbook/factbook-ont#Estimate'/>
    <NS0:year>2000</NS0:year>
  </rdf:Description>
  <rdf:Description rdf:about='#A96499'>
    <rdf:type rdf:resource='http://www.daml.org/2001/12/factbook/factbook-ont#AirportBreakdown'/>
    <NS0:paved>false</NS0:paved>
    <NS0:minRunway>914</NS0:minRunway>
    <NS0:maxRunway>1523</NS0:maxRunway>
    <NS0:count>9</NS0:count>
  </rdf:Description>
  <rdf:Description rdf:about='#A96115'>
    <rdf:type rdf:resource='#AutonomousCommunity'/>
    <NS0:name>Communidad Valencian</NS0:name>
  </rdf:Description>
  <rdf:Description rdf:about='#A96111'>
    <rdf:type rdf:resource='#AutonomousCommunity'/>
    <NS0:name>Cataluna</NS0:name>
  </rdf:Description>
  <rdf:Description rdf:about='#A96492'>
    <rdf:type rdf:resource='http://www.daml.org/2001/12/factbook/factbook-ont#AirportBreakdown'/>
    <NS0:paved>false</NS0:paved>
    <NS0:minRunway>1524</NS0:minRunway>
    <NS0:maxRunway>2437</NS0:maxRunway>
    <NS0:count>1</NS0:count>
  </rdf:Description>
  <rdf:Description rdf:about='#A96236'>
    <rdf:type rdf:resource='http://www.daml.org/2001/12/factbook/factbook-ont#Estimate'/>
    <NS0:year>2000</NS0:year>
  </rdf:Description>
  <rdf:Description rdf:about='#A95917'>
    <rdf:type rdf:resource='http://www.daml.org/2001/12/factbook/factbook-ont#ElevationExtreme'/>
    <NS0:name>Pico de Teide (Tenerife) on Canary Islands</NS0:name>
    <NS0:elevation>3718</NS0:elevation>
  </rdf:Description>
  <rdf:Description rdf:about='#A96107'>
    <rdf:type rdf:resource='#AutonomousCommunity'/>
    <NS0:name>Castilla y Leon</NS0:name>
  </rdf:Description>
  <rdf:Description rdf:about='#A96049'>
    <NS0:note>official</NS0:note>
  </rdf:Description>
  <rdf:Description rdf:about='#A96290'>
    <NS0:year>1999</NS0:year>
  </rdf:Description>
  <rdf:Description rdf:about='#A96486'>
    <rdf:type rdf:resource='http://www.daml.org/2001/12/factbook/factbook-ont#AirportBreakdown'/>
    <NS0:paved>true</NS0:paved>
    <NS0:maxRunway>913</NS0:maxRunway>
    <NS0:count>13 (2000 est.)</NS0:count>
  </rdf:Description>
  <rdf:Description rdf:about='#A95912'>
    <rdf:type rdf:resource='http://www.daml.org/2001/12/factbook/factbook-ont#ElevationExtreme'/>
    <NS0:name>Atlantic Ocean</NS0:name>
    <NS0:elevation>0</NS0:elevation>
  </rdf:Description>
  <rdf:Description rdf:about='#A96103'>
    <rdf:type rdf:resource='#AutonomousCommunity'/>
    <NS0:name>Castilla-La Mancha</NS0:name>
  </rdf:Description>
  <rdf:Description rdf:about='#A96376'>
    <NS0:year>1997</NS0:year>
  </rdf:Description>
  <rdf:Description rdf:about='#A96099'>
    <rdf:type rdf:resource='#AutonomousCommunity'/>
    <NS0:name>Cantabria</NS0:name>
  </rdf:Description>
  <rdf:Description rdf:about='#A95988'>
    <rdf:type rdf:resource='http://www.daml.org/2001/12/factbook/factbook-ont#Estimate'/>
    <NS0:year>2001</NS0:year>
  </rdf:Description>
  <rdf:Description rdf:about='#A96479'>
    <rdf:type rdf:resource='http://www.daml.org/2001/12/factbook/factbook-ont#AirportBreakdown'/>
    <NS0:paved>true</NS0:paved>
    <NS0:minRunway>914</NS0:minRunway>
    <NS0:maxRunway>1523</NS0:maxRunway>
    <NS0:count>19</NS0:count>
  </rdf:Description>
  <rdf:Description rdf:about='#A96095'>
    <rdf:type rdf:resource='#AutonomousCommunity'/>
    <NS0:name>Canarias</NS0:name>
  </rdf:Description>
  <rdf:Description rdf:about='#A96271'>
    <rdf:type rdf:resource='http://www.daml.org/2001/12/factbook/factbook-ont#Estimate'/>
    <NS0:year>2000</NS0:year>
  </rdf:Description>
  <rdf:Description rdf:about='#A96091'>
    <rdf:type rdf:resource='#AutonomousCommunity'/>
    <NS0:name>Baleares</NS0:name>
  </rdf:Description>
  <rdf:Description rdf:about='#A96472'>
    <rdf:type rdf:resource='http://www.daml.org/2001/12/factbook/factbook-ont#AirportBreakdown'/>
    <NS0:paved>true</NS0:paved>
    <NS0:minRunway>1524</NS0:minRunway>
    <NS0:maxRunway>2437</NS0:maxRunway>
    <NS0:count>18</NS0:count>
  </rdf:Description>
  <rdf:Description rdf:about='#A129614'>
    <NS0:note>Ceuta</NS0:note>
  </rdf:Description>
  <rdf:Description rdf:about='#A96087'>
    <rdf:type rdf:resource='#AutonomousCommunity'/>
    <NS0:name>Asturias</NS0:name>
  </rdf:Description>
  <rdf:Description rdf:about='#A96026'>
    <rdf:type rdf:resource='http://www.daml.org/2001/12/factbook/factbook-ont#Estimate'/>
    <NS0:year>2001</NS0:year>
  </rdf:Description>
  <rdf:Description rdf:about='#A95894'>
    <rdf:type rdf:resource='http://www.daml.org/2001/12/factbook/factbook-ont#LatLon'/>
    <NS0:latitude>40.0</NS0:latitude>
    <NS0:longitude>-4.0</NS0:longitude>
  </rdf:Description>
  <rdf:Description rdf:about='#A96282'>
    <rdf:type rdf:resource='http://www.daml.org/2001/12/factbook/factbook-ont#Estimate'/>
    <NS0:year>2000</NS0:year>
  </rdf:Description>
  <rdf:Description rdf:about='#A129620'>
    <NS0:note>Melilla</NS0:note>
  </rdf:Description>
  <rdf:Description rdf:about='#A96519'>
    <rdf:type rdf:resource='http://www.daml.org/2001/12/factbook/factbook-ont#Estimate'/>
    <NS0:year>2001</NS0:year>
  </rdf:Description>
  <rdf:Description rdf:about='#A96083'>
    <rdf:type rdf:resource='#AutonomousCommunity'/>
    <NS0:name>Aragon</NS0:name>
  </rdf:Description>
  <rdf:Description rdf:about='#A96465'>
    <rdf:type rdf:resource='http://www.daml.org/2001/12/factbook/factbook-ont#AirportBreakdown'/>
    <NS0:paved>true</NS0:paved>
    <NS0:minRunway>2438</NS0:minRunway>
    <NS0:maxRunway>3047</NS0:maxRunway>
    <NS0:count>10</NS0:count>
  </rdf:Description>
  <rdf:Description rdf:about='#A96292'>
    <NS0:year>1999</NS0:year>
  </rdf:Description>
  <rdf:Description rdf:about='#A96079'>
    <rdf:type rdf:resource='#AutonomousCommunity'/>
    <NS0:name>Andalucia</NS0:name>
  </rdf:Description>
  <rdf:Description rdf:about='#A96459'>
    <rdf:type rdf:resource='http://www.daml.org/2001/12/factbook/factbook-ont#AirportBreakdown'/>
    <NS0:paved>true</NS0:paved>
    <NS0:minRunway>3048</NS0:minRunway>
    <NS0:count>15</NS0:count>
  </rdf:Description>
  <rdf:Description rdf:about='#A96266'>
    <rdf:type rdf:resource='http://www.daml.org/2001/12/factbook/factbook-ont#Estimate'/>
    <NS0:year>2000</NS0:year>
  </rdf:Description>
</rdf:RDF>
