<?xml version='1.0' encoding='ISO-8859-1'?>
<rdf:RDF
  xmlns:rdf='http://www.w3.org/1999/02/22-rdf-syntax-ns#'
  xmlns:NS0='http://www.daml.org/2001/12/factbook/factbook-ont#'
  xmlns:rdfs='http://www.w3.org/2000/01/rdf-schema#'
  xml:base="http://www.daml.org/2001/12/factbook/sr">
  <rdf:Description rdf:about='#A96894'>
    <NS0:year>1997</NS0:year>
  </rdf:Description>
  <rdf:Description rdf:about='#A96820'>
    <NS0:year>1999</NS0:year>
  </rdf:Description>
  <rdf:Description rdf:about='#A96831'>
    <NS0:year>1999</NS0:year>
  </rdf:Description>
  <rdf:Description rdf:about='#A96817'>
    <rdf:type rdf:resource='http://www.daml.org/2001/12/factbook/factbook-ont#Estimate'/>
    <NS0:year>1999</NS0:year>
  </rdf:Description>
  <rdf:Description rdf:about='#A96900'>
    <NS0:year>2000</NS0:year>
  </rdf:Description>
  <rdf:Description rdf:about='#A131781'>
    <rdf:type rdf:resource='http://www.daml.org/2001/12/factbook/factbook-ont#CountryPercent'/>
    <NS0:country rdf:resource='http://www.daml.org/2001/09/countries/fips#RS'/>
  </rdf:Description>
  <rdf:Description rdf:about='#A131777'>
    <rdf:type rdf:resource='http://www.daml.org/2001/12/factbook/factbook-ont#CountryPercent'/>
    <NS0:country rdf:resource='http://www.daml.org/2001/09/countries/fips#IT'/>
  </rdf:Description>
  <rdf:Description rdf:about='#A96633'>
    <rdf:type rdf:resource='http://www.daml.org/2001/12/factbook/factbook-ont#SexRatioBreakdown'/>
    <NS0:ratio>0.95</NS0:ratio>
  </rdf:Description>
  <rdf:Description rdf:about='#A131773'>
    <rdf:type rdf:resource='http://www.daml.org/2001/12/factbook/factbook-ont#CountryPercent'/>
    <NS0:country rdf:resource='http://www.daml.org/2001/09/countries/fips#GM'/>
  </rdf:Description>
  <rdf:Description rdf:about='#A96711'>
    <NS0:year>1991</NS0:year>
  </rdf:Description>
  <rdf:Description rdf:about='#A96628'>
    <rdf:type rdf:resource='http://www.daml.org/2001/12/factbook/factbook-ont#SexRatioBreakdown'/>
    <NS0:minAge>65</NS0:minAge>
    <NS0:ratio>0.75</NS0:ratio>
  </rdf:Description>
  <rdf:Description rdf:about='#A131768'>
    <rdf:type rdf:resource='http://www.daml.org/2001/12/factbook/factbook-ont#CountryPercent'/>
    <NS0:country rdf:resource='http://www.daml.org/2001/09/countries/fips#GM'/>
  </rdf:Description>
  <rdf:Description rdf:about='#A96622'>
    <rdf:type rdf:resource='http://www.daml.org/2001/12/factbook/factbook-ont#SexRatioBreakdown'/>
    <NS0:minAge>15</NS0:minAge>
    <NS0:maxAge>64</NS0:maxAge>
    <NS0:ratio>0.96</NS0:ratio>
  </rdf:Description>
  <rdf:Description rdf:about='#A131764'>
    <rdf:type rdf:resource='http://www.daml.org/2001/12/factbook/factbook-ont#CountryPercent'/>
    <NS0:country rdf:resource='http://www.daml.org/2001/09/countries/fips#IT'/>
  </rdf:Description>
  <rdf:Description rdf:about='#A96904'>
    <NS0:note>including 560 km of expressways</NS0:note>
  </rdf:Description>
  <rdf:Description rdf:about='#A96881'>
    <rdf:type rdf:resource='http://www.daml.org/2001/12/factbook/factbook-ont#Estimate'/>
    <NS0:year>1999</NS0:year>
  </rdf:Description>
  <rdf:Description rdf:about='#A96616'>
    <rdf:type rdf:resource='http://www.daml.org/2001/12/factbook/factbook-ont#SexRatioBreakdown'/>
    <NS0:minAge>0</NS0:minAge>
    <NS0:maxAge>14</NS0:maxAge>
    <NS0:ratio>1.08</NS0:ratio>
  </rdf:Description>
  <rdf:Description rdf:about='#A131760'>
    <rdf:type rdf:resource='http://www.daml.org/2001/12/factbook/factbook-ont#CountryPercent'/>
    <NS0:country rdf:resource='http://www.daml.org/2001/09/countries/fips#BK'/>
  </rdf:Description>
  <rdf:Description rdf:about='#A131755'>
    <rdf:type rdf:resource='http://www.daml.org/2001/12/factbook/factbook-ont#Border'/>
    <NS0:country rdf:resource='http://www.daml.org/2001/09/countries/fips#RO'/>
    <NS0:distance>476</NS0:distance>
  </rdf:Description>
  <rdf:Description rdf:about='#A96610'>
    <rdf:type rdf:resource='http://www.daml.org/2001/12/factbook/factbook-ont#SexRatioBreakdown'/>
    <NS0:minAge>0</NS0:minAge>
    <NS0:maxAge>0</NS0:maxAge>
    <NS0:ratio>1.08</NS0:ratio>
  </rdf:Description>
  <rdf:Description rdf:about='#A96801'>
    <rdf:type rdf:resource='http://www.daml.org/2001/12/factbook/factbook-ont#OccupationPercent'/>
    <NS0:occupation rdf:resource='http://www.daml.org/2001/12/factbook/occupations#services'/>
    <NS0:percent>NA</NS0:percent>
  </rdf:Description>
  <rdf:Description rdf:about='#A97007'>
    <NS0:note>FY00</NS0:note>
  </rdf:Description>
  <rdf:Description rdf:about='#A96988'>
    <rdf:type rdf:resource='http://www.daml.org/2001/12/factbook/factbook-ont#AirportBreakdown'/>
    <NS0:paved>false</NS0:paved>
    <NS0:maxRunway>913</NS0:maxRunway>
    <NS0:count>14 (2000 est.)</NS0:count>
  </rdf:Description>
  <rdf:Description rdf:about='#A131750'>
    <rdf:type rdf:resource='http://www.daml.org/2001/12/factbook/factbook-ont#Border'/>
    <NS0:country rdf:resource='http://www.daml.org/2001/09/countries/fips#HU'/>
    <NS0:distance>151</NS0:distance>
  </rdf:Description>
  <rdf:Description rdf:about='#A96796'>
    <rdf:type rdf:resource='http://www.daml.org/2001/12/factbook/factbook-ont#OccupationPercent'/>
    <NS0:occupation rdf:resource='http://www.daml.org/2001/12/factbook/occupations#industry'/>
    <NS0:percent>NA</NS0:percent>
  </rdf:Description>
  <rdf:Description rdf:about='#A131771'>
    <NS0:note>1998</NS0:note>
  </rdf:Description>
  <rdf:Description rdf:about='#A131744'>
    <rdf:type rdf:resource='http://www.daml.org/2001/12/factbook/factbook-ont#Border'/>
    <NS0:country rdf:resource='http://www.daml.org/2001/09/countries/fips#HR'/>
    <NS0:distance>25</NS0:distance>
  </rdf:Description>
  <rdf:Description rdf:about='#A96791'>
    <rdf:type rdf:resource='http://www.daml.org/2001/12/factbook/factbook-ont#OccupationPercent'/>
    <NS0:occupation rdf:resource='http://www.daml.org/2001/12/factbook/occupations#agriculture'/>
    <NS0:percent>NA</NS0:percent>
  </rdf:Description>
  <rdf:Description rdf:about='#A96829'>
    <NS0:year>1999</NS0:year>
  </rdf:Description>
  <rdf:Description rdf:about='#A96981'>
    <rdf:type rdf:resource='http://www.daml.org/2001/12/factbook/factbook-ont#AirportBreakdown'/>
    <NS0:paved>false</NS0:paved>
    <NS0:minRunway>914</NS0:minRunway>
    <NS0:maxRunway>1523</NS0:maxRunway>
    <NS0:count>12</NS0:count>
  </rdf:Description>
  <rdf:Description rdf:about='#A131738'>
    <rdf:type rdf:resource='http://www.daml.org/2001/12/factbook/factbook-ont#Border'/>
    <NS0:country rdf:resource='http://www.daml.org/2001/09/countries/fips#HR'/>
    <NS0:distance>241</NS0:distance>
  </rdf:Description>
  <rdf:Description rdf:about='#A96974'>
    <rdf:type rdf:resource='http://www.daml.org/2001/12/factbook/factbook-ont#AirportBreakdown'/>
    <NS0:paved>false</NS0:paved>
    <NS0:minRunway>1524</NS0:minRunway>
    <NS0:maxRunway>2437</NS0:maxRunway>
    <NS0:count>2</NS0:count>
  </rdf:Description>
  <rdf:Description rdf:about='#A131733'>
    <rdf:type rdf:resource='http://www.daml.org/2001/12/factbook/factbook-ont#Border'/>
    <NS0:country rdf:resource='http://www.daml.org/2001/09/countries/fips#BU'/>
    <NS0:distance>318</NS0:distance>
  </rdf:Description>
  <rdf:Description rdf:about='#A96968'>
    <rdf:type rdf:resource='http://www.daml.org/2001/12/factbook/factbook-ont#AirportBreakdown'/>
    <NS0:paved>true</NS0:paved>
    <NS0:maxRunway>913</NS0:maxRunway>
    <NS0:count>4 (2000 est.)</NS0:count>
  </rdf:Description>
  <rdf:Description rdf:about='#A131728'>
    <rdf:type rdf:resource='http://www.daml.org/2001/12/factbook/factbook-ont#Border'/>
    <NS0:country rdf:resource='http://www.daml.org/2001/09/countries/fips#BK'/>
    <NS0:distance>527</NS0:distance>
  </rdf:Description>
  <rdf:Description rdf:about='#A131723'>
    <rdf:type rdf:resource='http://www.daml.org/2001/12/factbook/factbook-ont#Border'/>
    <NS0:country rdf:resource='http://www.daml.org/2001/09/countries/fips#AL'/>
    <NS0:distance>287</NS0:distance>
  </rdf:Description>
  <rdf:Description rdf:about='#A96961'>
    <rdf:type rdf:resource='http://www.daml.org/2001/12/factbook/factbook-ont#AirportBreakdown'/>
    <NS0:paved>true</NS0:paved>
    <NS0:minRunway>914</NS0:minRunway>
    <NS0:maxRunway>1523</NS0:maxRunway>
    <NS0:count>3</NS0:count>
  </rdf:Description>
  <rdf:Description rdf:about='#A96855'>
    <NS0:year>1999</NS0:year>
  </rdf:Description>
  <rdf:Description rdf:about='#A96954'>
    <rdf:type rdf:resource='http://www.daml.org/2001/12/factbook/factbook-ont#AirportBreakdown'/>
    <NS0:paved>true</NS0:paved>
    <NS0:minRunway>1524</NS0:minRunway>
    <NS0:maxRunway>2437</NS0:maxRunway>
    <NS0:count>5</NS0:count>
  </rdf:Description>
  <rdf:Description rdf:about='#A96827'>
    <NS0:year>1999</NS0:year>
  </rdf:Description>
  <rdf:Description rdf:about='#A96825'>
    <NS0:year>1999</NS0:year>
  </rdf:Description>
  <rdf:Description rdf:about='#A96998'>
    <rdf:type rdf:resource='http://www.daml.org/2001/12/factbook/factbook-ont#Estimate'/>
    <NS0:year>2001</NS0:year>
  </rdf:Description>
  <rdf:Description rdf:about='#A96947'>
    <rdf:type rdf:resource='http://www.daml.org/2001/12/factbook/factbook-ont#AirportBreakdown'/>
    <NS0:paved>true</NS0:paved>
    <NS0:minRunway>2438</NS0:minRunway>
    <NS0:maxRunway>3047</NS0:maxRunway>
    <NS0:count>5</NS0:count>
  </rdf:Description>
  <rdf:Description rdf:about='#A96636'>
    <rdf:type rdf:resource='http://www.daml.org/2001/12/factbook/factbook-ont#Estimate'/>
    <NS0:year>2001</NS0:year>
  </rdf:Description>
  <rdf:Description rdf:about='#A96941'>
    <rdf:type rdf:resource='http://www.daml.org/2001/12/factbook/factbook-ont#AirportBreakdown'/>
    <NS0:paved>true</NS0:paved>
    <NS0:minRunway>3048</NS0:minRunway>
    <NS0:count>2</NS0:count>
  </rdf:Description>
  <rdf:Description rdf:about='#A96887'>
    <NS0:year>1995</NS0:year>
  </rdf:Description>
  <rdf:Description rdf:about='#A96557'>
    <rdf:type rdf:resource='http://www.daml.org/2001/12/factbook/factbook-ont#ElevationExtreme'/>
    <NS0:name>Daravica</NS0:name>
    <NS0:elevation>2656</NS0:elevation>
  </rdf:Description>
  <rdf:Description rdf:about='#A96642'>
    <rdf:type rdf:resource='http://www.daml.org/2001/12/factbook/factbook-ont#Estimate'/>
    <NS0:year>2001</NS0:year>
  </rdf:Description>
  <rdf:Description rdf:about='#A96896'>
    <NS0:year>1997</NS0:year>
  </rdf:Description>
  <rdf:Description rdf:about='#A96934'>
    <rdf:type rdf:resource='http://www.daml.org/2001/12/factbook/factbook-ont#Port'/>
    <NS0:name>Zelenika</NS0:name>
  </rdf:Description>
  <rdf:Description rdf:about='#A96552'>
    <rdf:type rdf:resource='http://www.daml.org/2001/12/factbook/factbook-ont#ElevationExtreme'/>
    <NS0:name>Adriatic Sea</NS0:name>
    <NS0:elevation>0</NS0:elevation>
  </rdf:Description>
  <rdf:Description rdf:about='#A96777'>
    <rdf:type rdf:resource='http://www.daml.org/2001/12/factbook/factbook-ont#Estimate'/>
    <NS0:year>2000</NS0:year>
  </rdf:Description>
  <rdf:Description rdf:about='#A96930'>
    <rdf:type rdf:resource='http://www.daml.org/2001/12/factbook/factbook-ont#Port'/>
    <NS0:name>Tivat</NS0:name>
  </rdf:Description>
  <rdf:Description rdf:about='#A96607'>
    <rdf:type rdf:resource='http://www.daml.org/2001/12/factbook/factbook-ont#Estimate'/>
    <NS0:year>2001</NS0:year>
  </rdf:Description>
  <rdf:Description rdf:about='#A96926'>
    <rdf:type rdf:resource='http://www.daml.org/2001/12/factbook/factbook-ont#Port'/>
    <NS0:name>Pancevo</NS0:name>
  </rdf:Description>
  <rdf:Description rdf:about='#A96898'>
    <NS0:year>2000</NS0:year>
  </rdf:Description>
  <rdf:Description rdf:about='#A96922'>
    <rdf:type rdf:resource='http://www.daml.org/2001/12/factbook/factbook-ont#Port'/>
    <NS0:name>Novi Sad</NS0:name>
  </rdf:Description>
  <rdf:Description rdf:about='#A96994'>
    <rdf:type rdf:resource='http://www.daml.org/2001/12/factbook/factbook-ont#Estimate'/>
    <NS0:year>2000</NS0:year>
  </rdf:Description>
  <rdf:Description rdf:about='#A96538'>
    <rdf:type rdf:resource='http://www.daml.org/2001/12/factbook/factbook-ont#LatLon'/>
    <NS0:latitude>44.0</NS0:latitude>
    <NS0:longitude>21.0</NS0:longitude>
  </rdf:Description>
  <rdf:Description rdf:about='#A96806'>
    <rdf:type rdf:resource='http://www.daml.org/2001/12/factbook/factbook-ont#Estimate'/>
    <NS0:year>2000</NS0:year>
  </rdf:Description>
  <rdf:Description rdf:about='#A96918'>
    <rdf:type rdf:resource='http://www.daml.org/2001/12/factbook/factbook-ont#Port'/>
    <NS0:name>Kotor</NS0:name>
  </rdf:Description>
  <rdf:Description rdf:about='#A96725'>
    <rdf:type rdf:resource='http://www.daml.org/2001/12/factbook/factbook-ont#AdministrativeDivision'/>
    <NS0:name>and 2 nominally autonomous provinces</NS0:name>
  </rdf:Description>
  <rdf:Description rdf:about='#A96889'>
    <NS0:year>1997</NS0:year>
  </rdf:Description>
  <rdf:Description rdf:about='#A96914'>
    <rdf:type rdf:resource='http://www.daml.org/2001/12/factbook/factbook-ont#Port'/>
    <NS0:name>Belgrade</NS0:name>
  </rdf:Description>
  <rdf:Description rdf:about='#A96910'>
    <rdf:type rdf:resource='http://www.daml.org/2001/12/factbook/factbook-ont#Port'/>
    <NS0:name>Bar</NS0:name>
  </rdf:Description>
  <rdf:Description rdf:about='#A96718'>
    <rdf:type rdf:resource='http://www.daml.org/2001/12/factbook/factbook-ont#CapitalCity'/>
    <NS0:name>Belgrade</NS0:name>
  </rdf:Description>
  <rdf:Description rdf:about='#A96788'>
    <rdf:type rdf:resource='http://www.daml.org/2001/12/factbook/factbook-ont#Estimate'/>
    <NS0:year>1999</NS0:year>
  </rdf:Description>
  <rdf:Description rdf:about='#A96782'>
    <rdf:type rdf:resource='http://www.daml.org/2001/12/factbook/factbook-ont#Estimate'/>
    <NS0:year>1998</NS0:year>
  </rdf:Description>
  <rdf:Description rdf:about='http://www.daml.org/2001/09/countries/fips#SR'>
    <NS0:background>The Kingdom of Serbs, Croats, and Slovenes was formed in 1918; its name was changed to Yugoslavia in 1929. Occupation by Nazi Germany in 1941 was resisted by various partisan bands that fought themselves as well as the invaders. The group headed by Marshal TITO took full control upon German expulsion in 1945. Although communist in name, his new government successfully steered its own path between the Warsaw Pact nations and the West for the next four and a half decades. In the early 1990s, post-TITO Yugoslavia began to unravel along ethnic lines: Slovenia, Croatia, and The Former Yugoslav Republic of Macedonia all declared their independence in 1991; Bosnia and Herzegovina in 1992. The remaining republics of Serbia and Montenegro declared a new &quot;Federal Republic of Yugoslavia&quot; in 1992 and, under President Slobodan MILOSEVIC, Serbia led various military intervention efforts to unite Serbs in neighboring republics into a &quot;Greater Serbia.&quot; All of these efforts were ultimately unsuccessful. In 1999, massive expulsions by Serbs of ethnic Albanians living in the autonomous republic of Kosovo provoked an international response, including the NATO bombing of Serbia and the stationing of NATO and Russian peacekeepers in Kosovo. Blatant attempts to manipulate presidential balloting in October of 2000 were followed by massive nationwide demonstrations and strikes that saw the election winner, Vojislav KOSTUNICA, replace MILOSEVIC.</NS0:background>
    <NS0:location>Southeastern Europe, bordering the Adriatic Sea, between Albania and Bosnia and Herzegovina</NS0:location>
    <NS0:geographicCoordinates rdf:resource='#A96538'/>
    <NS0:mapReferences>Europe</NS0:mapReferences>
    <NS0:totalArea>102350</NS0:totalArea>
    <NS0:landArea>102136</NS0:landArea>
    <NS0:waterArea>214</NS0:waterArea>
    <NS0:comparativeArea>slightly smaller than Kentucky</NS0:comparativeArea>
    <NS0:landBoundaries>2246</NS0:landBoundaries>
    <NS0:coastline>199</NS0:coastline>
    <NS0:climate>in the north, continental climate (cold winters and hot, humid summers with well distributed rainfall); central portion, continental and Mediterranean climate; to the south, Adriatic climate along the coast, hot, dry summers and autumns and relatively cold winters with heavy snowfall inland</NS0:climate>
    <NS0:terrain>extremely varied; to the north, rich fertile plains; to the east, limestone ranges and basins; to the southeast, ancient mountains and hills; to the southwest, extremely high shoreline with no islands off the coast</NS0:terrain>
    <NS0:lowestPoint rdf:resource='#A96552'/>
    <NS0:highestPoint rdf:resource='#A96557'/>
    <NS0:naturalResource rdf:resource='http://www.daml.org/2001/12/factbook/naturalResources#oil'/>
    <NS0:naturalResource rdf:resource='http://www.daml.org/2001/12/factbook/naturalResources#gas'/>
    <NS0:naturalResource rdf:resource='http://www.daml.org/2001/12/factbook/naturalResources#coal'/>
    <NS0:naturalResource rdf:resource='http://www.daml.org/2001/12/factbook/naturalResources#antimony'/>
    <NS0:naturalResource rdf:resource='http://www.daml.org/2001/12/factbook/naturalResources#copper'/>
    <NS0:naturalResource rdf:resource='http://www.daml.org/2001/12/factbook/naturalResources#lead'/>
    <NS0:naturalResource rdf:resource='http://www.daml.org/2001/12/factbook/naturalResources#zinc'/>
    <NS0:naturalResource rdf:resource='http://www.daml.org/2001/12/factbook/naturalResources#nickel'/>
    <NS0:naturalResource rdf:resource='http://www.daml.org/2001/12/factbook/naturalResources#gold'/>
    <NS0:naturalResource rdf:resource='http://www.daml.org/2001/12/factbook/naturalResources#pyrite'/>
    <NS0:naturalResource rdf:resource='http://www.daml.org/2001/12/factbook/naturalResources#chrome'/>
    <NS0:naturalResource rdf:resource='http://www.daml.org/2001/12/factbook/naturalResources#hydropower'/>
    <NS0:naturalResource rdf:resource='http://www.daml.org/2001/12/factbook/naturalResources#arable_land'/>
    <NS0:arableLand>40</NS0:arableLand>
    <NS0:permanentCrops>0</NS0:permanentCrops>
    <NS0:permanentPastures>20.7</NS0:permanentPastures>
    <NS0:forestsAndWoodland>17.3</NS0:forestsAndWoodland>
    <NS0:otherLandUse rdf:ID='A96579'>22</NS0:otherLandUse>
    <NS0:naturalHazard>destructive earthquakes</NS0:naturalHazard>
    <NS0:environmentalIssue>pollution of coastal waters from sewage outlets, especially in tourist-related areas such as Kotor</NS0:environmentalIssue>
    <NS0:environmentalIssue>air pollution around Belgrade and other industrial cities</NS0:environmentalIssue>
    <NS0:environmentalIssue>water pollution from industrial wastes dumped into the Sava which flows into the Danube</NS0:environmentalIssue>
    <NS0:environmentalAgreementPartyTo rdf:resource='http://www.daml.org/2001/12/factbook/environmentalAgreements#Air_Pollution'/>
    <NS0:environmentalAgreementPartyTo rdf:resource='http://www.daml.org/2001/12/factbook/environmentalAgreements#Climate_Change'/>
    <NS0:environmentalAgreementPartyTo rdf:resource='http://www.daml.org/2001/12/factbook/environmentalAgreements#Hazardous_Wastes'/>
    <NS0:environmentalAgreementPartyTo rdf:resource='http://www.daml.org/2001/12/factbook/environmentalAgreements#Law_of_the_Sea'/>
    <NS0:environmentalAgreementPartyTo rdf:resource='http://www.daml.org/2001/12/factbook/environmentalAgreements#Marine_Dumping'/>
    <NS0:environmentalAgreementPartyTo rdf:resource='http://www.daml.org/2001/12/factbook/environmentalAgreements#Marine_Life_Conservation'/>
    <NS0:environmentalAgreementPartyTo rdf:resource='http://www.daml.org/2001/12/factbook/environmentalAgreements#Nuclear_Test_Ban'/>
    <NS0:environmentalAgreementPartyTo rdf:resource='http://www.daml.org/2001/12/factbook/environmentalAgreements#Ozone_Layer_Protection'/>
    <NS0:environmentalAgreementPartyTo rdf:resource='http://www.daml.org/2001/12/factbook/environmentalAgreements#Ship_Pollution'/>
    <NS0:environmentalAgreementPartyTo rdf:resource='http://www.daml.org/2001/12/factbook/environmentalAgreements#Wetlands'/>
    <NS0:environmentalAgreementSigned rdf:resource='http://www.daml.org/2001/12/factbook/environmentalAgreements#Biodiversity'/>
    <NS0:population>10677290</NS0:population>
    <NS0:populationGrowthRate rdf:ID='A96598'>-0.27</NS0:populationGrowthRate>
    <NS0:birthRate rdf:ID='A96601'>12.61</NS0:birthRate>
    <NS0:deathRate rdf:ID='A96604'>10.54</NS0:deathRate>
    <NS0:netMigrationRate rdf:ID='A96607'>-4.71</NS0:netMigrationRate>
    <NS0:sexRatio rdf:resource='#A96610'/>
    <NS0:sexRatio rdf:resource='#A96616'/>
    <NS0:sexRatio rdf:resource='#A96622'/>
    <NS0:sexRatio rdf:resource='#A96628'/>
    <NS0:sexRatio rdf:ID='A96636' rdf:resource='#A96633'/>
    <NS0:infantMortalityRate rdf:ID='A96639'>17.42</NS0:infantMortalityRate>
    <NS0:totalFertilityRate rdf:ID='A96642'>1.75</NS0:totalFertilityRate>
    <NS0:nationalityNoun>Serb(s); Montenegrin(s)</NS0:nationalityNoun>
    <NS0:nationalityAdjective>Serbian; Montenegrin</NS0:nationalityAdjective>
    <NS0:ethnicGroup rdf:resource='#A96647'/>
    <NS0:ethnicGroup rdf:resource='#A96652'/>
    <NS0:ethnicGroup rdf:resource='#A96657'/>
    <NS0:ethnicGroup rdf:resource='#A96662'/>
    <NS0:ethnicGroup rdf:ID='A96671' rdf:resource='#A96667'/>
    <NS0:religion rdf:resource='#A96673'/>
    <NS0:religion rdf:resource='#A96678'/>
    <NS0:religion rdf:resource='#A96683'/>
    <NS0:religion rdf:resource='#A96688'/>
    <NS0:religion rdf:resource='#A96693'/>
    <NS0:language rdf:resource='#A96698'/>
    <NS0:language rdf:resource='#A96703'/>
    <NS0:literacyDefinition>age 15 and over can read and write</NS0:literacyDefinition>
    <NS0:literacyTotal>93</NS0:literacyTotal>
    <NS0:literacyMale>97.2</NS0:literacyMale>
    <NS0:literacyFemale rdf:ID='A96711'>88.9</NS0:literacyFemale>
    <NS0:conventionalLongCountryName>Federal Republic of Yugoslavia</NS0:conventionalLongCountryName>
    <NS0:conventionalShortCountryName>Yugoslavia</NS0:conventionalShortCountryName>
    <NS0:localLongCountryName>Savezna Republika Jugoslavija</NS0:localLongCountryName>
    <NS0:localShortCountryName>Jugoslavija</NS0:localShortCountryName>
    <NS0:governmentType rdf:resource='http://www.daml.org/2001/12/factbook/governmentTypes#republic'/>
    <NS0:capital rdf:resource='#A96718'/>
    <NS0:administrativeDivision rdf:resource='#A96725'/>
    <NS0:independence>27 April 1992 (Federal Republic of Yugoslavia or FRY formed as self-proclaimed successor to the Socialist Federal Republic of Yugoslavia or SFRY)</NS0:independence>
    <NS0:constitution>27 April 1992</NS0:constitution>
    <NS0:legalSystem>based on civil law system</NS0:legalSystem>
    <NS0:suffrage>16 years of age, if employed; 18 years of age, universal</NS0:suffrage>
    <NS0:participatesIn rdf:resource='http://www.daml.org/2001/12/factbook/internationalOrganizations#BIS'/>
    <NS0:participatesIn rdf:resource='http://www.daml.org/2001/12/factbook/internationalOrganizations#CE'/>
    <NS0:participatesIn rdf:resource='http://www.daml.org/2001/12/factbook/internationalOrganizations#FAO'/>
    <NS0:participatesIn rdf:resource='http://www.daml.org/2001/12/factbook/internationalOrganizations#G-_9'/>
    <NS0:participatesIn rdf:resource='http://www.daml.org/2001/12/factbook/internationalOrganizations#G-15'/>
    <NS0:participatesIn rdf:resource='http://www.daml.org/2001/12/factbook/internationalOrganizations#G-24'/>
    <NS0:participatesIn rdf:resource='http://www.daml.org/2001/12/factbook/internationalOrganizations#G-77'/>
    <NS0:participatesIn rdf:resource='http://www.daml.org/2001/12/factbook/internationalOrganizations#IAEA'/>
    <NS0:participatesIn rdf:resource='http://www.daml.org/2001/12/factbook/internationalOrganizations#ICAO'/>
    <NS0:participatesIn rdf:resource='http://www.daml.org/2001/12/factbook/internationalOrganizations#ICC'/>
    <NS0:participatesIn rdf:resource='http://www.daml.org/2001/12/factbook/internationalOrganizations#ICFTU'/>
    <NS0:participatesIn rdf:resource='http://www.daml.org/2001/12/factbook/internationalOrganizations#ICRM'/>
    <NS0:participatesIn rdf:resource='http://www.daml.org/2001/12/factbook/internationalOrganizations#IFAD'/>
    <NS0:participatesIn rdf:resource='http://www.daml.org/2001/12/factbook/internationalOrganizations#IFRCS'/>
    <NS0:participatesIn rdf:resource='http://www.daml.org/2001/12/factbook/internationalOrganizations#IHO'/>
    <NS0:participatesIn rdf:resource='http://www.daml.org/2001/12/factbook/internationalOrganizations#ILO'/>
    <NS0:participatesIn rdf:resource='http://www.daml.org/2001/12/factbook/internationalOrganizations#IMF'/>
    <NS0:participatesIn rdf:resource='http://www.daml.org/2001/12/factbook/internationalOrganizations#IMO'/>
    <NS0:participatesIn rdf:resource='http://www.daml.org/2001/12/factbook/internationalOrganizations#Inmarsat'/>
    <NS0:participatesIn rdf:resource='http://www.daml.org/2001/12/factbook/internationalOrganizations#Intelsat'/>
    <NS0:participatesIn rdf:resource='http://www.daml.org/2001/12/factbook/internationalOrganizations#IOC'/>
    <NS0:participatesIn rdf:resource='http://www.daml.org/2001/12/factbook/internationalOrganizations#IOM'/>
    <NS0:participatesIn rdf:resource='http://www.daml.org/2001/12/factbook/internationalOrganizations#ISO'/>
    <NS0:participatesIn rdf:resource='http://www.daml.org/2001/12/factbook/internationalOrganizations#ITU'/>
    <NS0:participatesIn rdf:resource='http://www.daml.org/2001/12/factbook/internationalOrganizations#NAM'/>
    <NS0:participatesIn rdf:resource='http://www.daml.org/2001/12/factbook/internationalOrganizations#OPCW'/>
    <NS0:participatesIn rdf:resource='http://www.daml.org/2001/12/factbook/internationalOrganizations#OSCE'/>
    <NS0:participatesIn rdf:resource='http://www.daml.org/2001/12/factbook/internationalOrganizations#UN'/>
    <NS0:participatesIn rdf:resource='http://www.daml.org/2001/12/factbook/internationalOrganizations#UNCTAD'/>
    <NS0:participatesIn rdf:resource='http://www.daml.org/2001/12/factbook/internationalOrganizations#UNESCO'/>
    <NS0:participatesIn rdf:resource='http://www.daml.org/2001/12/factbook/internationalOrganizations#UNIDO'/>
    <NS0:participatesIn rdf:resource='http://www.daml.org/2001/12/factbook/internationalOrganizations#UPU'/>
    <NS0:participatesIn rdf:resource='http://www.daml.org/2001/12/factbook/internationalOrganizations#WHO'/>
    <NS0:participatesIn rdf:resource='http://www.daml.org/2001/12/factbook/internationalOrganizations#WIPO'/>
    <NS0:participatesIn rdf:resource='http://www.daml.org/2001/12/factbook/internationalOrganizations#WMO'/>
    <NS0:participatesIn rdf:resource='http://www.daml.org/2001/12/factbook/internationalOrganizations#WTrO'/>
    <NS0:flagDescription>three equal horizontal bands of blue (top), white, and red</NS0:flagDescription>
    <NS0:economyOverview>The swift collapse of the Yugoslav federation in 1991 was followed by highly destructive warfare, the destabilization of republic boundaries, and the breakup of important interrepublic trade flows. Output in Yugoslavia dropped by half in 1992-93. Like the other former Yugoslav republics, it had depended on its sister republics for large amounts of energy and manufactures. Wide differences in climate, mineral resources, and levels of technology among the republics accentuated this interdependence, as did the communist practice of concentrating much industrial output in a small number of giant plants. The breakup of many of the trade links, the sharp drop in output as industrial plants lost suppliers and markets, and the destruction of physical assets in the fighting all have contributed to the economic difficulties of the republics. Hyperinflation ended with the establishment of a new currency unit in June 1993; prices were relatively stable from 1995 through 1997, but inflationary pressures resurged in 1998. Reliable statistics continue to be hard to come by, and the GDP estimate is extremely rough. The economic boom anticipated by the government after the suspension of UN sanctions in December 1995 has failed to materialize. Government mismanagement of the economy is largely to blame, but the damage to Yugoslavia&apos;s infrastructure and industry by the NATO bombing during the war in Kosovo have added to problems. All sanctions now have been lifted. Yugoslavia is in the first stage of economic reform. Severe electricity shortages are chronic, the result of lack of investment by former regimes, depleted hydropower reservoirs due to extended drought, and lack of funds. GDP growth in 2000 was perhaps 15%, which made up for a large part of the 20% decline of 1999.</NS0:economyOverview>
    <NS0:grossDomesticProduct rdf:ID='A96771'>24200000000</NS0:grossDomesticProduct>
    <NS0:grossDomesticProductRealGrowth rdf:ID='A96774'>15</NS0:grossDomesticProductRealGrowth>
    <NS0:grossDomesticProductPerCapita rdf:ID='A96777'>2300</NS0:grossDomesticProductPerCapita>
    <NS0:grossDomesticProductAgriculture>20</NS0:grossDomesticProductAgriculture>
    <NS0:grossDomesticProductIndustry>50</NS0:grossDomesticProductIndustry>
    <NS0:grossDomesticProductServices rdf:ID='A96782'>30</NS0:grossDomesticProductServices>
    <NS0:inflationRate rdf:ID='A96785'>42</NS0:inflationRate>
    <NS0:laborForce rdf:ID='A96788'>1600000</NS0:laborForce>
    <NS0:occupation rdf:resource='#A96791'/>
    <NS0:occupation rdf:resource='#A96796'/>
    <NS0:occupation rdf:resource='#A96801'/>
    <NS0:unemploymentRate rdf:ID='A96806'>30</NS0:unemploymentRate>
    <NS0:industry rdf:resource='http://www.daml.org/2001/12/factbook/industries#machine_building'/>
    <NS0:industry rdf:resource='http://www.daml.org/2001/12/factbook/industries#metallurgy'/>
    <NS0:industry rdf:resource='http://www.daml.org/2001/12/factbook/industries#mining'/>
    <NS0:industry rdf:resource='http://www.daml.org/2001/12/factbook/industries#consumer_goods'/>
    <NS0:industry rdf:resource='http://www.daml.org/2001/12/factbook/industries#electronics'/>
    <NS0:industry rdf:resource='http://www.daml.org/2001/12/factbook/industries#petroleum_products'/>
    <NS0:industry rdf:resource='http://www.daml.org/2001/12/factbook/industries#chemicals'/>
    <NS0:industry rdf:resource='http://www.daml.org/2001/12/factbook/industries#and_pharmaceuticals'/>
    <NS0:industrialProductionGrowthRate rdf:ID='A96817'>-22</NS0:industrialProductionGrowthRate>
    <NS0:electricityProduction rdf:ID='A96820'>34455000000</NS0:electricityProduction>
    <NS0:electricityProductionFossilFuel>70</NS0:electricityProductionFossilFuel>
    <NS0:electricityProductionHydro>30</NS0:electricityProductionHydro>
    <NS0:electricityProductionNuclear>0</NS0:electricityProductionNuclear>
    <NS0:electricityProductionOther rdf:ID='A96825'>0</NS0:electricityProductionOther>
    <NS0:electricityConsumption rdf:ID='A96827'>33006000000</NS0:electricityConsumption>
    <NS0:electricityExports rdf:ID='A96829'>960000000</NS0:electricityExports>
    <NS0:electricityImports rdf:ID='A96831'>1923000000</NS0:electricityImports>
    <NS0:agricultureProduct rdf:resource='http://www.daml.org/2001/12/factbook/agricultureProducts#cereals'/>
    <NS0:agricultureProduct rdf:resource='http://www.daml.org/2001/12/factbook/agricultureProducts#fruits'/>
    <NS0:agricultureProduct rdf:resource='http://www.daml.org/2001/12/factbook/agricultureProducts#vegetables'/>
    <NS0:agricultureProduct rdf:resource='http://www.daml.org/2001/12/factbook/agricultureProducts#tobacco'/>
    <NS0:agricultureProduct rdf:resource='http://www.daml.org/2001/12/factbook/agricultureProducts#olives'/>
    <NS0:agricultureProduct rdf:resource='http://www.daml.org/2001/12/factbook/agricultureProducts#cattle'/>
    <NS0:agricultureProduct rdf:resource='http://www.daml.org/2001/12/factbook/agricultureProducts#sheep'/>
    <NS0:agricultureProduct rdf:resource='http://www.daml.org/2001/12/factbook/agricultureProducts#goats'/>
    <NS0:exports rdf:ID='A96841'>1500000000</NS0:exports>
    <NS0:exportsCommodity rdf:resource='#A96843'/>
    <NS0:exportsCommodity rdf:resource='#A96847'/>
    <NS0:exportsCommodity rdf:resource='#A96851'/>
    <NS0:imports rdf:ID='A96855'>3300000000</NS0:imports>
    <NS0:importsCommodity rdf:resource='#A96857'/>
    <NS0:importsCommodity rdf:resource='#A96861'/>
    <NS0:importsCommodity rdf:resource='#A96865'/>
    <NS0:importsCommodity rdf:resource='#A96869'/>
    <NS0:importsCommodity rdf:resource='#A96873'/>
    <NS0:importsCommodity rdf:resource='#A96877'/>
    <NS0:externalDebt rdf:ID='A96881'>14100000000</NS0:externalDebt>
    <NS0:currency>new Yugoslav dinar (YUM); note - in Montenegro the German deutsche mark is legal tender (1999)</NS0:currency>
    <NS0:currencyCode>YUM</NS0:currencyCode>
    <NS0:fiscalYear>calendar year</NS0:fiscalYear>
    <NS0:mainTelephoneLines rdf:ID='A96887'>2017000</NS0:mainTelephoneLines>
    <NS0:mobileTelephoneLines rdf:ID='A96889'>87000</NS0:mobileTelephoneLines>
    <NS0:telephoneSystemGeneralAssessment>NA</NS0:telephoneSystemGeneralAssessment>
    <NS0:telephoneSystemDomestic>NA</NS0:telephoneSystemDomestic>
    <NS0:telephoneSystemInternational>satellite earth station - 1 Intelsat (Atlantic Ocean)</NS0:telephoneSystemInternational>
    <NS0:radios rdf:ID='A96894'>3150000</NS0:radios>
    <NS0:televisions rdf:ID='A96896'>2750000</NS0:televisions>
    <NS0:internetServiceProviders rdf:ID='A96898'>9</NS0:internetServiceProviders>
    <NS0:internetUsers rdf:ID='A96900'>80000</NS0:internetUsers>
    <NS0:railwaysTotal>4095</NS0:railwaysTotal>
    <NS0:highwaysTotal>48603</NS0:highwaysTotal>
    <NS0:highwaysPaved rdf:ID='A96904'>28822</NS0:highwaysPaved>
    <NS0:highwaysUnpaved rdf:ID='A96906'>19781</NS0:highwaysUnpaved>
    <NS0:waterways>587</NS0:waterways>
    <NS0:port rdf:resource='#A96910'/>
    <NS0:port rdf:resource='#A96914'/>
    <NS0:port rdf:resource='#A96918'/>
    <NS0:port rdf:resource='#A96922'/>
    <NS0:port rdf:resource='#A96926'/>
    <NS0:port rdf:resource='#A96930'/>
    <NS0:port rdf:resource='#A96934'/>
    <NS0:airports rdf:ID='A96938'>47</NS0:airports>
    <NS0:airportBreakdown rdf:resource='#A96941'/>
    <NS0:airportBreakdown rdf:resource='#A96947'/>
    <NS0:airportBreakdown rdf:resource='#A96954'/>
    <NS0:airportBreakdown rdf:resource='#A96961'/>
    <NS0:airportBreakdown rdf:resource='#A96968'/>
    <NS0:airportBreakdown rdf:resource='#A96974'/>
    <NS0:airportBreakdown rdf:resource='#A96981'/>
    <NS0:airportBreakdown rdf:resource='#A96988'/>
    <NS0:heliports rdf:ID='A96994'>2</NS0:heliports>
    <NS0:militaryAge>19</NS0:militaryAge>
    <NS0:malesOfMilitaryAge rdf:ID='A96998'>2600362</NS0:malesOfMilitaryAge>
    <NS0:malesFitForMilitaryService rdf:ID='A97001'>2088595</NS0:malesFitForMilitaryService>
    <NS0:malesReachingMilitaryAgeAnnually rdf:ID='A97004'>82542</NS0:malesReachingMilitaryAgeAnnually>
    <NS0:militaryExpenditures rdf:ID='A97007'>760000000</NS0:militaryExpenditures>
    <NS0:internationalDispute>Albanian majority in Kosovo seeks independence from Yugoslavia</NS0:internationalDispute>
    <NS0:internationalDispute>Croatia and Yugoslavia are negotiating the status of the strategically important Prevlaka Peninsula, which is currently under a UN military observer mission</NS0:internationalDispute>
    <NS0:internationalDispute>the February 2001 agreement with the Former Yugoslav Republic of Macedonia settled alignment of boundary, stipulating implementation within two years</NS0:internationalDispute>
    <NS0:illicitDrugs>transshipment point for Southwest Asian heroin moving to Western Europe on the Balkan route</NS0:illicitDrugs>
    <NS0:smallFlag>http://www.cia.gov/cia/publications/factbook/flags/sr-flag.jpg</NS0:smallFlag>
    <NS0:largeFlag>http://www.cia.gov/cia/publications/factbook/flags/sr-lgflag.jpg</NS0:largeFlag>
    <NS0:map>http://www.cia.gov/cia/publications/factbook/maps/sr-map.jpg</NS0:map>
    <NS0:border rdf:resource='#A131723'/>
    <NS0:border rdf:resource='#A131728'/>
    <NS0:border rdf:resource='#A131733'/>
    <NS0:border rdf:ID='A131742' rdf:resource='#A131738'/>
    <NS0:border rdf:ID='A131748' rdf:resource='#A131744'/>
    <NS0:border rdf:resource='#A131750'/>
    <NS0:border rdf:resource='#A131755'/>
    <NS0:exportPartner rdf:resource='#A131760'/>
    <NS0:exportPartner rdf:resource='#A131764'/>
    <NS0:exportPartner rdf:ID='A131771' rdf:resource='#A131768'/>
    <NS0:importPartner rdf:resource='#A131773'/>
    <NS0:importPartner rdf:resource='#A131777'/>
    <NS0:importPartner rdf:resource='#A131781'/>
  </rdf:Description>
  <rdf:Description rdf:about='#A96601'>
    <rdf:type rdf:resource='http://www.daml.org/2001/12/factbook/factbook-ont#Estimate'/>
    <NS0:year>2001</NS0:year>
  </rdf:Description>
  <rdf:Description rdf:about='#A96671'>
    <NS0:year>1991</NS0:year>
  </rdf:Description>
  <rdf:Description rdf:about='#Republic'>
    <rdf:type rdf:resource='http://www.w3.org/2000/01/rdf-schema#Class'/>
    <rdfs:subClassOf rdf:resource='http://www.daml.org/2001/12/factbook/factbook-ont#AdministrativeDivision'/>
    <rdfs:label>Republic</rdfs:label>
  </rdf:Description>
  <rdf:Description rdf:about='#A96703'>
    <rdf:type rdf:resource='http://www.daml.org/2001/12/factbook/factbook-ont#LanguagePercent'/>
    <NS0:language rdf:resource='http://www.daml.org/2001/12/factbook/languages#Albanian'/>
    <NS0:percent>5</NS0:percent>
  </rdf:Description>
  <rdf:Description rdf:about='#A96579'>
    <rdf:type rdf:resource='http://www.daml.org/2001/12/factbook/factbook-ont#Estimate'/>
    <NS0:year>1998</NS0:year>
  </rdf:Description>
  <rdf:Description rdf:about='#A96698'>
    <rdf:type rdf:resource='http://www.daml.org/2001/12/factbook/factbook-ont#LanguagePercent'/>
    <NS0:language rdf:resource='http://www.daml.org/2001/12/factbook/languages#Serbian'/>
    <NS0:percent>95</NS0:percent>
  </rdf:Description>
  <rdf:Description rdf:about='#A96598'>
    <rdf:type rdf:resource='http://www.daml.org/2001/12/factbook/factbook-ont#Estimate'/>
    <NS0:year>2001</NS0:year>
  </rdf:Description>
  <rdf:Description rdf:about='#A96693'>
    <rdf:type rdf:resource='http://www.daml.org/2001/12/factbook/factbook-ont#ReligionPercent'/>
    <NS0:religion rdf:resource='http://www.daml.org/2001/12/factbook/religions#other'/>
    <NS0:percent>11</NS0:percent>
  </rdf:Description>
  <rdf:Description rdf:about='#A96688'>
    <rdf:type rdf:resource='http://www.daml.org/2001/12/factbook/factbook-ont#ReligionPercent'/>
    <NS0:religion rdf:resource='http://www.daml.org/2001/12/factbook/religions#Protestant'/>
    <NS0:percent>1</NS0:percent>
  </rdf:Description>
  <rdf:Description rdf:about='#A96877'>
    <rdf:type rdf:resource='http://www.daml.org/2001/12/factbook/factbook-ont#CommodityPercent'/>
    <NS0:importsCommodity rdf:resource='http://www.daml.org/2001/12/factbook/commodities#raw_materials'/>
  </rdf:Description>
  <rdf:Description rdf:about='#A96683'>
    <rdf:type rdf:resource='http://www.daml.org/2001/12/factbook/factbook-ont#ReligionPercent'/>
    <NS0:religion rdf:resource='http://www.daml.org/2001/12/factbook/religions#Roman_Catholic'/>
    <NS0:percent>4</NS0:percent>
  </rdf:Description>
  <rdf:Description rdf:about='#A96873'>
    <rdf:type rdf:resource='http://www.daml.org/2001/12/factbook/factbook-ont#CommodityPercent'/>
    <NS0:importsCommodity rdf:resource='http://www.daml.org/2001/12/factbook/commodities#food_and_live_animals'/>
  </rdf:Description>
  <rdf:Description rdf:about='#A96841'>
    <NS0:year>1999</NS0:year>
  </rdf:Description>
  <rdf:Description rdf:about='#A96774'>
    <rdf:type rdf:resource='http://www.daml.org/2001/12/factbook/factbook-ont#Estimate'/>
    <NS0:year>2000</NS0:year>
  </rdf:Description>
  <rdf:Description rdf:about='#A96678'>
    <rdf:type rdf:resource='http://www.daml.org/2001/12/factbook/factbook-ont#ReligionPercent'/>
    <NS0:religion rdf:resource='http://www.daml.org/2001/12/factbook/religions#Muslim'/>
    <NS0:percent>19</NS0:percent>
  </rdf:Description>
  <rdf:Description rdf:about='#A96869'>
    <rdf:type rdf:resource='http://www.daml.org/2001/12/factbook/factbook-ont#CommodityPercent'/>
    <NS0:importsCommodity rdf:resource='http://www.daml.org/2001/12/factbook/commodities#chemicals'/>
  </rdf:Description>
  <rdf:Description rdf:about='#A96639'>
    <rdf:type rdf:resource='http://www.daml.org/2001/12/factbook/factbook-ont#Estimate'/>
    <NS0:year>2001</NS0:year>
  </rdf:Description>
  <rdf:Description rdf:about='#A96865'>
    <rdf:type rdf:resource='http://www.daml.org/2001/12/factbook/factbook-ont#CommodityPercent'/>
    <NS0:importsCommodity rdf:resource='http://www.daml.org/2001/12/factbook/commodities#manufactured_goods'/>
  </rdf:Description>
  <rdf:Description rdf:about='#A96673'>
    <rdf:type rdf:resource='http://www.daml.org/2001/12/factbook/factbook-ont#ReligionPercent'/>
    <NS0:religion rdf:resource='http://www.daml.org/2001/12/factbook/religions#Orthodox'/>
    <NS0:percent>65</NS0:percent>
  </rdf:Description>
  <rdf:Description rdf:about='#A96861'>
    <rdf:type rdf:resource='http://www.daml.org/2001/12/factbook/factbook-ont#CommodityPercent'/>
    <NS0:importsCommodity rdf:resource='http://www.daml.org/2001/12/factbook/commodities#fuels_and_lubricants'/>
  </rdf:Description>
  <rdf:Description rdf:about='#A96785'>
    <rdf:type rdf:resource='http://www.daml.org/2001/12/factbook/factbook-ont#Estimate'/>
    <NS0:year>1999</NS0:year>
  </rdf:Description>
  <rdf:Description rdf:about='#A97001'>
    <rdf:type rdf:resource='http://www.daml.org/2001/12/factbook/factbook-ont#Estimate'/>
    <NS0:year>2001</NS0:year>
  </rdf:Description>
  <rdf:Description rdf:about='#A96667'>
    <rdf:type rdf:resource='http://www.daml.org/2001/12/factbook/factbook-ont#EthnicGroupPercent'/>
    <NS0:ethnicGroup rdf:resource='http://www.daml.org/2001/12/factbook/ethnicGroups#other'/>
    <NS0:percent>12.6</NS0:percent>
  </rdf:Description>
  <rdf:Description rdf:about='#A96771'>
    <rdf:type rdf:resource='http://www.daml.org/2001/12/factbook/factbook-ont#Estimate'/>
    <NS0:year>2000</NS0:year>
  </rdf:Description>
  <rdf:Description rdf:about='#A96857'>
    <rdf:type rdf:resource='http://www.daml.org/2001/12/factbook/factbook-ont#CommodityPercent'/>
    <NS0:importsCommodity rdf:resource='http://www.daml.org/2001/12/factbook/commodities#machinery_and_transport_equipment'/>
  </rdf:Description>
  <rdf:Description rdf:about='#A131742'>
    <NS0:note>north</NS0:note>
  </rdf:Description>
  <rdf:Description rdf:about='#A96662'>
    <rdf:type rdf:resource='http://www.daml.org/2001/12/factbook/factbook-ont#EthnicGroupPercent'/>
    <NS0:ethnicGroup rdf:resource='http://www.daml.org/2001/12/factbook/ethnicGroups#Hungarian'/>
    <NS0:percent>3.3</NS0:percent>
  </rdf:Description>
  <rdf:Description rdf:about='#A96851'>
    <rdf:type rdf:resource='http://www.daml.org/2001/12/factbook/factbook-ont#CommodityPercent'/>
    <NS0:exportsCommodity rdf:resource='http://www.daml.org/2001/12/factbook/commodities#raw_materials'/>
  </rdf:Description>
  <rdf:Description rdf:about='#A96906'>
    <rdf:type rdf:resource='http://www.daml.org/2001/12/factbook/factbook-ont#Estimate'/>
    <NS0:year>1998</NS0:year>
  </rdf:Description>
  <rdf:Description rdf:about='#A97004'>
    <rdf:type rdf:resource='http://www.daml.org/2001/12/factbook/factbook-ont#Estimate'/>
    <NS0:year>2001</NS0:year>
  </rdf:Description>
  <rdf:Description rdf:about='#A96657'>
    <rdf:type rdf:resource='http://www.daml.org/2001/12/factbook/factbook-ont#EthnicGroupPercent'/>
    <NS0:ethnicGroup rdf:resource='http://www.daml.org/2001/12/factbook/ethnicGroups#Montenegrin'/>
    <NS0:percent>5</NS0:percent>
  </rdf:Description>
  <rdf:Description rdf:about='#A96847'>
    <rdf:type rdf:resource='http://www.daml.org/2001/12/factbook/factbook-ont#CommodityPercent'/>
    <NS0:exportsCommodity rdf:resource='http://www.daml.org/2001/12/factbook/commodities#food_and_live_animals'/>
  </rdf:Description>
  <rdf:Description rdf:about='#A96938'>
    <rdf:type rdf:resource='http://www.daml.org/2001/12/factbook/factbook-ont#Estimate'/>
    <NS0:year>2000</NS0:year>
  </rdf:Description>
  <rdf:Description rdf:about='#A131748'>
    <NS0:note>south</NS0:note>
  </rdf:Description>
  <rdf:Description rdf:about='#A96604'>
    <rdf:type rdf:resource='http://www.daml.org/2001/12/factbook/factbook-ont#Estimate'/>
    <NS0:year>2001</NS0:year>
  </rdf:Description>
  <rdf:Description rdf:about='#A96652'>
    <rdf:type rdf:resource='http://www.daml.org/2001/12/factbook/factbook-ont#EthnicGroupPercent'/>
    <NS0:ethnicGroup rdf:resource='http://www.daml.org/2001/12/factbook/ethnicGroups#Albanian'/>
    <NS0:percent>16.5</NS0:percent>
  </rdf:Description>
  <rdf:Description rdf:about='#A96843'>
    <rdf:type rdf:resource='http://www.daml.org/2001/12/factbook/factbook-ont#CommodityPercent'/>
    <NS0:exportsCommodity rdf:resource='http://www.daml.org/2001/12/factbook/commodities#manufactured_goods'/>
  </rdf:Description>
  <rdf:Description rdf:about='#A96647'>
    <rdf:type rdf:resource='http://www.daml.org/2001/12/factbook/factbook-ont#EthnicGroupPercent'/>
    <NS0:ethnicGroup rdf:resource='http://www.daml.org/2001/12/factbook/ethnicGroups#Serb'/>
    <NS0:percent>62.6</NS0:percent>
  </rdf:Description>
</rdf:RDF>
