<?xml version='1.0' encoding='ISO-8859-1'?>
<rdf:RDF
  xmlns:rdf='http://www.w3.org/1999/02/22-rdf-syntax-ns#'
  xmlns:NS0='http://www.daml.org/2001/12/factbook/factbook-ont#'
  xml:base="http://www.daml.org/2001/12/factbook/sv">
  <rdf:Description rdf:about='#A98182'>
    <rdf:type rdf:resource='http://www.daml.org/2001/12/factbook/factbook-ont#Port'/>
    <NS0:name>Barentsburg</NS0:name>
  </rdf:Description>
  <rdf:Description rdf:about='#A98151'>
    <NS0:year>1998</NS0:year>
  </rdf:Description>
  <rdf:Description rdf:about='#A98131'>
    <rdf:type rdf:resource='http://www.daml.org/2001/12/factbook/factbook-ont#Estimate'/>
    <NS0:note>July 2001</NS0:note>
  </rdf:Description>
  <rdf:Description rdf:about='#A98127'>
    <NS0:note>no trees, and the only bushes are crowberry and cloudberry</NS0:note>
  </rdf:Description>
  <rdf:Description rdf:about='#A98165'>
    <rdf:type rdf:resource='http://www.daml.org/2001/12/factbook/factbook-ont#CapitalCity'/>
    <NS0:name>Longyearbyen</NS0:name>
  </rdf:Description>
  <rdf:Description rdf:about='#A98208'>
    <rdf:type rdf:resource='http://www.daml.org/2001/12/factbook/factbook-ont#AirportBreakdown'/>
    <NS0:paved>false</NS0:paved>
    <NS0:maxRunway>913</NS0:maxRunway>
    <NS0:count>3 (2000 est.)</NS0:count>
  </rdf:Description>
  <rdf:Description rdf:about='http://www.daml.org/2001/09/countries/fips#SV'>
    <NS0:background>First discovered by the Norwegians in the 12th century, the islands served as an international whaling base during the 17th and 18th centuries. Norway&apos;s sovereignty was recognized in 1920; five years later it officially took over the territory.</NS0:background>
    <NS0:location>Northern Europe, islands between the Arctic Ocean, Barents Sea, Greenland Sea, and Norwegian Sea, north of Norway</NS0:location>
    <NS0:geographicCoordinates rdf:resource='#A98092'/>
    <NS0:mapReferences>Arctic Region</NS0:mapReferences>
    <NS0:totalArea>62049</NS0:totalArea>
    <NS0:landArea>62049</NS0:landArea>
    <NS0:waterArea>0</NS0:waterArea>
    <NS0:comparativeArea>slightly smaller than West Virginia</NS0:comparativeArea>
    <NS0:coastline>3587</NS0:coastline>
    <NS0:territorialSea>4</NS0:territorialSea>
    <NS0:climate>arctic, tempered by warm North Atlantic Current; cool summers, cold winters; North Atlantic Current flows along west and north coasts of Spitsbergen, keeping water open and navigable most of the year</NS0:climate>
    <NS0:terrain>wild, rugged mountains; much of high land ice covered; west coast clear of ice about one-half of the year; fjords along west and north coasts</NS0:terrain>
    <NS0:lowestPoint rdf:resource='#A98106'/>
    <NS0:highestPoint rdf:resource='#A98111'/>
    <NS0:naturalResource rdf:resource='http://www.daml.org/2001/12/factbook/naturalResources#coal'/>
    <NS0:naturalResource rdf:resource='http://www.daml.org/2001/12/factbook/naturalResources#copper'/>
    <NS0:naturalResource rdf:resource='http://www.daml.org/2001/12/factbook/naturalResources#iron_ore'/>
    <NS0:naturalResource rdf:resource='http://www.daml.org/2001/12/factbook/naturalResources#phosphate'/>
    <NS0:naturalResource rdf:resource='http://www.daml.org/2001/12/factbook/naturalResources#zinc'/>
    <NS0:naturalResource rdf:resource='http://www.daml.org/2001/12/factbook/naturalResources#wildlife'/>
    <NS0:naturalResource rdf:resource='http://www.daml.org/2001/12/factbook/naturalResources#fish'/>
    <NS0:arableLand>0</NS0:arableLand>
    <NS0:permanentCrops>0</NS0:permanentCrops>
    <NS0:permanentPastures>0</NS0:permanentPastures>
    <NS0:forestsAndWoodland>0</NS0:forestsAndWoodland>
    <NS0:otherLandUse rdf:ID='A98127'>100</NS0:otherLandUse>
    <NS0:naturalHazard>ice floes often block up the entrance to Bellsund on the west coast and occasionally make parts of the northeastern coast inaccessible to maritime traffic</NS0:naturalHazard>
    <NS0:environmentalIssue>NA</NS0:environmentalIssue>
    <NS0:population rdf:ID='A98131'>2332</NS0:population>
    <NS0:populationGrowthRate rdf:ID='A98134'>-3.55</NS0:populationGrowthRate>
    <NS0:ethnicGroup rdf:resource='#A98137'/>
    <NS0:ethnicGroup rdf:resource='#A98142'/>
    <NS0:ethnicGroup rdf:ID='A98151' rdf:resource='#A98147'/>
    <NS0:language rdf:resource='#A98153'/>
    <NS0:language rdf:resource='#A98157'/>
    <NS0:conventionalLongCountryName>none</NS0:conventionalLongCountryName>
    <NS0:conventionalShortCountryName>Svalbard (sometimes referred to as Spitzbergen)</NS0:conventionalShortCountryName>
    <NS0:dependencyStatus>territory of Norway; administered by the Ministry of Industry, Oslo, through a governor (sysselmann) residing in Longyearbyen, Spitsbergen; by treaty (9 February 1920) sovereignty was given to Norway</NS0:dependencyStatus>
    <NS0:governmentType rdf:resource='http://www.daml.org/2001/12/factbook/governmentTypes#NA'/>
    <NS0:capital rdf:resource='#A98165'/>
    <NS0:independence>none (territory of Norway)</NS0:independence>
    <NS0:legalSystem>NA</NS0:legalSystem>
    <NS0:participatesIn rdf:resource='http://www.daml.org/2001/12/factbook/internationalOrganizations#none'/>
    <NS0:flagDescription>the flag of Norway is used</NS0:flagDescription>
    <NS0:economyOverview>Coal mining is the major economic activity on Svalbard. The treaty of 9 February 1920 gives the 41 signatories equal rights to exploit mineral deposits, subject to Norwegian regulation. Although US, UK, Dutch, and Swedish coal companies have mined in the past, the only companies still mining are Norwegian and Russian. The settlements on Svalbard are essentially company towns. The Norwegian state-owned coal company employs nearly 60% of the Norwegian population on the island, runs many of the local services, and provides most of the local infrastructure. There is also some trapping of seal, polar bear, fox, and walrus.</NS0:economyOverview>
    <NS0:budgetRevenues>11500000</NS0:budgetRevenues>
    <NS0:budgetExpenditures>11500000</NS0:budgetExpenditures>
    <NS0:currency>Norwegian krone (NOK)</NS0:currency>
    <NS0:currencyCode>NOK</NS0:currencyCode>
    <NS0:telephoneSystemGeneralAssessment>probably adequate</NS0:telephoneSystemGeneralAssessment>
    <NS0:telephoneSystemDomestic>local telephone service</NS0:telephoneSystemDomestic>
    <NS0:telephoneSystemInternational>satellite earth station - 1 of unknown type (for communication with Norwegian mainland only)</NS0:telephoneSystemInternational>
    <NS0:internetCountryCode>.sj</NS0:internetCountryCode>
    <NS0:port rdf:resource='#A98182'/>
    <NS0:port rdf:resource='#A98186'/>
    <NS0:port rdf:resource='#A98190'/>
    <NS0:port rdf:resource='#A98194'/>
    <NS0:airports rdf:ID='A98198'>4</NS0:airports>
    <NS0:airportBreakdown rdf:resource='#A98201'/>
    <NS0:airportBreakdown rdf:resource='#A98208'/>
    <NS0:internationalDispute>focus of a maritime boundary dispute between Norway and Russia</NS0:internationalDispute>
    <NS0:smallFlag>http://www.cia.gov/cia/publications/factbook/flags/sv-flag.jpg</NS0:smallFlag>
    <NS0:largeFlag>http://www.cia.gov/cia/publications/factbook/flags/sv-lgflag.jpg</NS0:largeFlag>
    <NS0:map>http://www.cia.gov/cia/publications/factbook/maps/sv-map.jpg</NS0:map>
  </rdf:Description>
  <rdf:Description rdf:about='#A98111'>
    <rdf:type rdf:resource='http://www.daml.org/2001/12/factbook/factbook-ont#ElevationExtreme'/>
    <NS0:name>Newtontoppen</NS0:name>
    <NS0:elevation>1717</NS0:elevation>
  </rdf:Description>
  <rdf:Description rdf:about='#A98157'>
    <rdf:type rdf:resource='http://www.daml.org/2001/12/factbook/factbook-ont#LanguagePercent'/>
    <NS0:language rdf:resource='http://www.daml.org/2001/12/factbook/languages#Norwegian'/>
  </rdf:Description>
  <rdf:Description rdf:about='#A98201'>
    <rdf:type rdf:resource='http://www.daml.org/2001/12/factbook/factbook-ont#AirportBreakdown'/>
    <NS0:paved>true</NS0:paved>
    <NS0:minRunway>1524</NS0:minRunway>
    <NS0:maxRunway>2437</NS0:maxRunway>
    <NS0:count>1 (2000 est.)</NS0:count>
  </rdf:Description>
  <rdf:Description rdf:about='#A98106'>
    <rdf:type rdf:resource='http://www.daml.org/2001/12/factbook/factbook-ont#ElevationExtreme'/>
    <NS0:name>Arctic Ocean</NS0:name>
    <NS0:elevation>0</NS0:elevation>
  </rdf:Description>
  <rdf:Description rdf:about='#A98153'>
    <rdf:type rdf:resource='http://www.daml.org/2001/12/factbook/factbook-ont#LanguagePercent'/>
    <NS0:language rdf:resource='http://www.daml.org/2001/12/factbook/languages#Russian'/>
  </rdf:Description>
  <rdf:Description rdf:about='#A98147'>
    <rdf:type rdf:resource='http://www.daml.org/2001/12/factbook/factbook-ont#EthnicGroupPercent'/>
    <NS0:ethnicGroup rdf:resource='http://www.daml.org/2001/12/factbook/ethnicGroups#other'/>
    <NS0:percent>0.3</NS0:percent>
  </rdf:Description>
  <rdf:Description rdf:about='#A98194'>
    <rdf:type rdf:resource='http://www.daml.org/2001/12/factbook/factbook-ont#Port'/>
    <NS0:name>Pyramiden</NS0:name>
  </rdf:Description>
  <rdf:Description rdf:about='#A98134'>
    <rdf:type rdf:resource='http://www.daml.org/2001/12/factbook/factbook-ont#Estimate'/>
    <NS0:year>2001</NS0:year>
  </rdf:Description>
  <rdf:Description rdf:about='#A98190'>
    <rdf:type rdf:resource='http://www.daml.org/2001/12/factbook/factbook-ont#Port'/>
    <NS0:name>Ny-Alesund</NS0:name>
  </rdf:Description>
  <rdf:Description rdf:about='#A98142'>
    <rdf:type rdf:resource='http://www.daml.org/2001/12/factbook/factbook-ont#EthnicGroupPercent'/>
    <NS0:ethnicGroup rdf:resource='http://www.daml.org/2001/12/factbook/ethnicGroups#Russian_and_Ukrainian'/>
    <NS0:percent>44.3</NS0:percent>
  </rdf:Description>
  <rdf:Description rdf:about='#A98092'>
    <rdf:type rdf:resource='http://www.daml.org/2001/12/factbook/factbook-ont#LatLon'/>
    <NS0:latitude>78.0</NS0:latitude>
    <NS0:longitude>20.0</NS0:longitude>
  </rdf:Description>
  <rdf:Description rdf:about='#A98186'>
    <rdf:type rdf:resource='http://www.daml.org/2001/12/factbook/factbook-ont#Port'/>
    <NS0:name>Longyearbyen</NS0:name>
  </rdf:Description>
  <rdf:Description rdf:about='#A98198'>
    <rdf:type rdf:resource='http://www.daml.org/2001/12/factbook/factbook-ont#Estimate'/>
    <NS0:year>2000</NS0:year>
  </rdf:Description>
  <rdf:Description rdf:about='#A98137'>
    <rdf:type rdf:resource='http://www.daml.org/2001/12/factbook/factbook-ont#EthnicGroupPercent'/>
    <NS0:ethnicGroup rdf:resource='http://www.daml.org/2001/12/factbook/ethnicGroups#Norwegian'/>
    <NS0:percent>55.4</NS0:percent>
  </rdf:Description>
</rdf:RDF>
