<?xml version='1.0' encoding='ISO-8859-1'?>
<rdf:RDF
  xmlns:rdf='http://www.w3.org/1999/02/22-rdf-syntax-ns#'
  xmlns:NS0='http://www.daml.org/2001/12/factbook/factbook-ont#'
  xmlns:rdfs='http://www.w3.org/2000/01/rdf-schema#'
  xml:base="http://www.daml.org/2001/12/factbook/sw">
  <rdf:Description rdf:about='#A98364'>
    <rdf:type rdf:resource='http://www.daml.org/2001/12/factbook/factbook-ont#EthnicGroupPercent'/>
    <NS0:ethnicGroup rdf:resource='http://www.daml.org/2001/12/factbook/ethnicGroups#Turks'/>
  </rdf:Description>
  <rdf:Description rdf:about='#A98743'>
    <rdf:type rdf:resource='http://www.daml.org/2001/12/factbook/factbook-ont#Port'/>
    <NS0:name>Halmstad</NS0:name>
  </rdf:Description>
  <rdf:Description rdf:about='#A98360'>
    <rdf:type rdf:resource='http://www.daml.org/2001/12/factbook/factbook-ont#EthnicGroupPercent'/>
    <NS0:ethnicGroup rdf:resource='http://www.daml.org/2001/12/factbook/ethnicGroups#Greeks'/>
  </rdf:Description>
  <rdf:Description rdf:about='#A98739'>
    <rdf:type rdf:resource='http://www.daml.org/2001/12/factbook/factbook-ont#Port'/>
    <NS0:name>Goteborg</NS0:name>
  </rdf:Description>
  <rdf:Description rdf:about='#A98619'>
    <rdf:type rdf:resource='http://www.daml.org/2001/12/factbook/factbook-ont#Estimate'/>
    <NS0:year>2000</NS0:year>
  </rdf:Description>
  <rdf:Description rdf:about='#A98356'>
    <rdf:type rdf:resource='http://www.daml.org/2001/12/factbook/factbook-ont#EthnicGroupPercent'/>
    <NS0:ethnicGroup rdf:resource='http://www.daml.org/2001/12/factbook/ethnicGroups#Norwegians'/>
  </rdf:Description>
  <rdf:Description rdf:about='#A98832'>
    <rdf:type rdf:resource='http://www.daml.org/2001/12/factbook/factbook-ont#Estimate'/>
    <NS0:year>2001</NS0:year>
  </rdf:Description>
  <rdf:Description rdf:about='#A98735'>
    <rdf:type rdf:resource='http://www.daml.org/2001/12/factbook/factbook-ont#Port'/>
    <NS0:name>Gavle</NS0:name>
  </rdf:Description>
  <rdf:Description rdf:about='#A98352'>
    <rdf:type rdf:resource='http://www.daml.org/2001/12/factbook/factbook-ont#EthnicGroupPercent'/>
    <NS0:ethnicGroup rdf:resource='http://www.daml.org/2001/12/factbook/ethnicGroups#Danes'/>
  </rdf:Description>
  <rdf:Description rdf:about='#A98348'>
    <rdf:type rdf:resource='http://www.daml.org/2001/12/factbook/factbook-ont#EthnicGroupPercent'/>
    <NS0:ethnicGroup rdf:resource='http://www.daml.org/2001/12/factbook/ethnicGroups#Yugoslavs'/>
  </rdf:Description>
  <rdf:Description rdf:about='#A98711'>
    <NS0:note>December 1998</NS0:note>
  </rdf:Description>
  <rdf:Description rdf:about='#A98653'>
    <NS0:note>f.o.b., 2000</NS0:note>
  </rdf:Description>
  <rdf:Description rdf:about='#A98646'>
    <NS0:year>1999</NS0:year>
  </rdf:Description>
  <rdf:Description rdf:about='#A98344'>
    <rdf:type rdf:resource='http://www.daml.org/2001/12/factbook/factbook-ont#EthnicGroupPercent'/>
    <NS0:ethnicGroup rdf:resource='http://www.daml.org/2001/12/factbook/ethnicGroups#indigenous_population:_Swedes_and_Finnish_and_Sami_minorities;_foreign-born_or_first-generation_immigrants:_Finns'/>
  </rdf:Description>
  <rdf:Description rdf:about='#A98589'>
    <rdf:type rdf:resource='http://www.daml.org/2001/12/factbook/factbook-ont#Estimate'/>
    <NS0:year>2000</NS0:year>
  </rdf:Description>
  <rdf:Description rdf:about='#A98330'>
    <rdf:type rdf:resource='http://www.daml.org/2001/12/factbook/factbook-ont#SexRatioBreakdown'/>
    <NS0:ratio>0.98</NS0:ratio>
  </rdf:Description>
  <rdf:Description rdf:about='#A98325'>
    <rdf:type rdf:resource='http://www.daml.org/2001/12/factbook/factbook-ont#SexRatioBreakdown'/>
    <NS0:minAge>65</NS0:minAge>
    <NS0:ratio>0.73</NS0:ratio>
  </rdf:Description>
  <rdf:Description rdf:about='#A98301'>
    <rdf:type rdf:resource='http://www.daml.org/2001/12/factbook/factbook-ont#Estimate'/>
    <NS0:year>2001</NS0:year>
  </rdf:Description>
  <rdf:Description rdf:about='#A98602'>
    <rdf:type rdf:resource='http://www.daml.org/2001/12/factbook/factbook-ont#Estimate'/>
    <NS0:year>2000</NS0:year>
  </rdf:Description>
  <rdf:Description rdf:about='#A98702'>
    <rdf:type rdf:resource='http://www.daml.org/2001/12/factbook/factbook-ont#CommodityPercent'/>
    <NS0:importsCommodity rdf:resource='http://www.daml.org/2001/12/factbook/commodities#clothing'/>
  </rdf:Description>
  <rdf:Description rdf:about='#A98319'>
    <rdf:type rdf:resource='http://www.daml.org/2001/12/factbook/factbook-ont#SexRatioBreakdown'/>
    <NS0:minAge>15</NS0:minAge>
    <NS0:maxAge>64</NS0:maxAge>
    <NS0:ratio>1.03</NS0:ratio>
  </rdf:Description>
  <rdf:Description rdf:about='#A98261'>
    <rdf:type rdf:resource='http://www.daml.org/2001/12/factbook/factbook-ont#Estimate'/>
    <NS0:year>1993</NS0:year>
  </rdf:Description>
  <rdf:Description rdf:about='#A98698'>
    <rdf:type rdf:resource='http://www.daml.org/2001/12/factbook/factbook-ont#CommodityPercent'/>
    <NS0:importsCommodity rdf:resource='http://www.daml.org/2001/12/factbook/commodities#iron_and_steel;_foodstuffs'/>
  </rdf:Description>
  <rdf:Description rdf:about='#A98313'>
    <rdf:type rdf:resource='http://www.daml.org/2001/12/factbook/factbook-ont#SexRatioBreakdown'/>
    <NS0:minAge>0</NS0:minAge>
    <NS0:maxAge>14</NS0:maxAge>
    <NS0:ratio>1.05</NS0:ratio>
  </rdf:Description>
  <rdf:Description rdf:about='#A98292'>
    <rdf:type rdf:resource='http://www.daml.org/2001/12/factbook/factbook-ont#Estimate'/>
    <NS0:note>July 2001</NS0:note>
  </rdf:Description>
  <rdf:Description rdf:about='#A98718'>
    <NS0:year>1997</NS0:year>
  </rdf:Description>
  <rdf:Description rdf:about='#A98694'>
    <rdf:type rdf:resource='http://www.daml.org/2001/12/factbook/factbook-ont#CommodityPercent'/>
    <NS0:importsCommodity rdf:resource='http://www.daml.org/2001/12/factbook/commodities#motor_vehicles'/>
  </rdf:Description>
  <rdf:Description rdf:about='#A98295'>
    <rdf:type rdf:resource='http://www.daml.org/2001/12/factbook/factbook-ont#Estimate'/>
    <NS0:year>2001</NS0:year>
  </rdf:Description>
  <rdf:Description rdf:about='#A98843'>
    <NS0:note>FY98</NS0:note>
  </rdf:Description>
  <rdf:Description rdf:about='#A98304'>
    <rdf:type rdf:resource='http://www.daml.org/2001/12/factbook/factbook-ont#Estimate'/>
    <NS0:year>2001</NS0:year>
  </rdf:Description>
  <rdf:Description rdf:about='#A98713'>
    <NS0:note>October 1998</NS0:note>
  </rdf:Description>
  <rdf:Description rdf:about='#A98690'>
    <rdf:type rdf:resource='http://www.daml.org/2001/12/factbook/factbook-ont#CommodityPercent'/>
    <NS0:importsCommodity rdf:resource='http://www.daml.org/2001/12/factbook/commodities#chemicals'/>
  </rdf:Description>
  <rdf:Description rdf:about='#A98307'>
    <rdf:type rdf:resource='http://www.daml.org/2001/12/factbook/factbook-ont#SexRatioBreakdown'/>
    <NS0:minAge>0</NS0:minAge>
    <NS0:maxAge>0</NS0:maxAge>
    <NS0:ratio>1.06</NS0:ratio>
  </rdf:Description>
  <rdf:Description rdf:about='#A98594'>
    <NS0:year>1999</NS0:year>
  </rdf:Description>
  <rdf:Description rdf:about='#A98497'>
    <rdf:type rdf:resource='#County'/>
    <NS0:name>Vastra Gotalands</NS0:name>
  </rdf:Description>
  <rdf:Description rdf:about='#A98686'>
    <rdf:type rdf:resource='http://www.daml.org/2001/12/factbook/factbook-ont#CommodityPercent'/>
    <NS0:importsCommodity rdf:resource='http://www.daml.org/2001/12/factbook/commodities#petroleum_and_petroleum_products'/>
  </rdf:Description>
  <rdf:Description rdf:about='#A98493'>
    <rdf:type rdf:resource='#County'/>
    <NS0:name>Vastmanlands</NS0:name>
  </rdf:Description>
  <rdf:Description rdf:about='#A98838'>
    <rdf:type rdf:resource='http://www.daml.org/2001/12/factbook/factbook-ont#Estimate'/>
    <NS0:year>2001</NS0:year>
  </rdf:Description>
  <rdf:Description rdf:about='#A98682'>
    <rdf:type rdf:resource='http://www.daml.org/2001/12/factbook/factbook-ont#CommodityPercent'/>
    <NS0:importsCommodity rdf:resource='http://www.daml.org/2001/12/factbook/commodities#machinery'/>
  </rdf:Description>
  <rdf:Description rdf:about='#A98489'>
    <rdf:type rdf:resource='#County'/>
    <NS0:name>Vasternorrlands</NS0:name>
  </rdf:Description>
  <rdf:Description rdf:about='#A98841'>
    <NS0:note>FY98</NS0:note>
  </rdf:Description>
  <rdf:Description rdf:about='#A98706'>
    <NS0:year>1994</NS0:year>
  </rdf:Description>
  <rdf:Description rdf:about='#A98676'>
    <rdf:type rdf:resource='http://www.daml.org/2001/12/factbook/factbook-ont#CommodityPercent'/>
    <NS0:exportsCommodity rdf:resource='http://www.daml.org/2001/12/factbook/commodities#chemicals'/>
  </rdf:Description>
  <rdf:Description rdf:about='#A98485'>
    <rdf:type rdf:resource='#County'/>
    <NS0:name>Vasterbottens</NS0:name>
  </rdf:Description>
  <rdf:Description rdf:about='#A98481'>
    <rdf:type rdf:resource='#County'/>
    <NS0:name>Varmlands</NS0:name>
  </rdf:Description>
  <rdf:Description rdf:about='#A98672'>
    <rdf:type rdf:resource='http://www.daml.org/2001/12/factbook/factbook-ont#CommodityPercent'/>
    <NS0:exportsCommodity rdf:resource='http://www.daml.org/2001/12/factbook/commodities#iron_and_steel_products'/>
  </rdf:Description>
  <rdf:Description rdf:about='#A98599'>
    <rdf:type rdf:resource='http://www.daml.org/2001/12/factbook/factbook-ont#Estimate'/>
    <NS0:year>2000</NS0:year>
  </rdf:Description>
  <rdf:Description rdf:about='#A98477'>
    <rdf:type rdf:resource='#County'/>
    <NS0:name>Uppsala</NS0:name>
  </rdf:Description>
  <rdf:Description rdf:about='#A98668'>
    <rdf:type rdf:resource='http://www.daml.org/2001/12/factbook/factbook-ont#CommodityPercent'/>
    <NS0:exportsCommodity rdf:resource='http://www.daml.org/2001/12/factbook/commodities#pulp_and_wood'/>
  </rdf:Description>
  <rdf:Description rdf:about='#A98473'>
    <rdf:type rdf:resource='#County'/>
    <NS0:name>Stockholms</NS0:name>
  </rdf:Description>
  <rdf:Description rdf:about='#A98664'>
    <rdf:type rdf:resource='http://www.daml.org/2001/12/factbook/factbook-ont#CommodityPercent'/>
    <NS0:exportsCommodity rdf:resource='http://www.daml.org/2001/12/factbook/commodities#paper_products'/>
  </rdf:Description>
  <rdf:Description rdf:about='#County'>
    <rdf:type rdf:resource='http://www.w3.org/2000/01/rdf-schema#Class'/>
    <rdfs:subClassOf rdf:resource='http://www.daml.org/2001/12/factbook/factbook-ont#AdministrativeDivision'/>
    <rdfs:label>County</rdfs:label>
  </rdf:Description>
  <rdf:Description rdf:about='#A98469'>
    <rdf:type rdf:resource='#County'/>
    <NS0:name>Sodermanlands</NS0:name>
  </rdf:Description>
  <rdf:Description rdf:about='#A98660'>
    <rdf:type rdf:resource='http://www.daml.org/2001/12/factbook/factbook-ont#CommodityPercent'/>
    <NS0:exportsCommodity rdf:resource='http://www.daml.org/2001/12/factbook/commodities#motor_vehicles'/>
  </rdf:Description>
  <rdf:Description rdf:about='#A98835'>
    <rdf:type rdf:resource='http://www.daml.org/2001/12/factbook/factbook-ont#Estimate'/>
    <NS0:year>2001</NS0:year>
  </rdf:Description>
  <rdf:Description rdf:about='#A98465'>
    <rdf:type rdf:resource='#County'/>
    <NS0:name>Skane</NS0:name>
  </rdf:Description>
  <rdf:Description rdf:about='#A98655'>
    <rdf:type rdf:resource='http://www.daml.org/2001/12/factbook/factbook-ont#CommodityPercent'/>
    <NS0:exportsCommodity rdf:resource='http://www.daml.org/2001/12/factbook/commodities#machinery'/>
    <NS0:percent>35</NS0:percent>
  </rdf:Description>
  <rdf:Description rdf:about='#A129921'>
    <NS0:note>1999</NS0:note>
  </rdf:Description>
  <rdf:Description rdf:about='#A98461'>
    <rdf:type rdf:resource='#County'/>
    <NS0:name>Ostergotlands</NS0:name>
  </rdf:Description>
  <rdf:Description rdf:about='#A98339'>
    <rdf:type rdf:resource='http://www.daml.org/2001/12/factbook/factbook-ont#Estimate'/>
    <NS0:year>2001</NS0:year>
  </rdf:Description>
  <rdf:Description rdf:about='#A98457'>
    <rdf:type rdf:resource='#County'/>
    <NS0:name>Orebro</NS0:name>
  </rdf:Description>
  <rdf:Description rdf:about='#A98720'>
    <NS0:year>1997</NS0:year>
  </rdf:Description>
  <rdf:Description rdf:about='#A98453'>
    <rdf:type rdf:resource='#County'/>
    <NS0:name>Norrbottens</NS0:name>
  </rdf:Description>
  <rdf:Description rdf:about='#A98449'>
    <rdf:type rdf:resource='#County'/>
    <NS0:name>Kronobergs</NS0:name>
  </rdf:Description>
  <rdf:Description rdf:about='#A98445'>
    <rdf:type rdf:resource='#County'/>
    <NS0:name>Kalmar</NS0:name>
  </rdf:Description>
  <rdf:Description rdf:about='#A98333'>
    <rdf:type rdf:resource='http://www.daml.org/2001/12/factbook/factbook-ont#Estimate'/>
    <NS0:year>2001</NS0:year>
  </rdf:Description>
  <rdf:Description rdf:about='#A98642'>
    <NS0:year>1999</NS0:year>
  </rdf:Description>
  <rdf:Description rdf:about='#A98441'>
    <rdf:type rdf:resource='#County'/>
    <NS0:name>Jonkopings</NS0:name>
  </rdf:Description>
  <rdf:Description rdf:about='#A98828'>
    <rdf:type rdf:resource='http://www.daml.org/2001/12/factbook/factbook-ont#Estimate'/>
    <NS0:year>2000</NS0:year>
  </rdf:Description>
  <rdf:Description rdf:about='#A98822'>
    <rdf:type rdf:resource='http://www.daml.org/2001/12/factbook/factbook-ont#AirportBreakdown'/>
    <NS0:paved>false</NS0:paved>
    <NS0:maxRunway>913</NS0:maxRunway>
    <NS0:count>103 (2000 est.)</NS0:count>
  </rdf:Description>
  <rdf:Description rdf:about='#A98640'>
    <NS0:year>1999</NS0:year>
  </rdf:Description>
  <rdf:Description rdf:about='#A98437'>
    <rdf:type rdf:resource='#County'/>
    <NS0:name>Jamtlands</NS0:name>
  </rdf:Description>
  <rdf:Description rdf:about='http://www.daml.org/2001/09/countries/fips#SW'>
    <NS0:background>A military power during the 17th century, Sweden has not participated in any war in almost two centuries. An armed neutrality was preserved in both World Wars. Sweden&apos;s long-successful economic formula of a capitalist system interlarded with substantial welfare elements has recently been undermined by high unemployment, rising maintenance costs, and a declining position in world markets. Indecision over the country&apos;s role in the political and economic integration of Europe caused Sweden not to join the EU until 1995, and to forgo the introduction of the euro in 1999.</NS0:background>
    <NS0:location>Northern Europe, bordering the Baltic Sea, Gulf of Bothnia, Kattegat, and Skagerrak, between Finland and Norway</NS0:location>
    <NS0:geographicCoordinates rdf:resource='#A98220'/>
    <NS0:mapReferences>Europe</NS0:mapReferences>
    <NS0:totalArea>449964</NS0:totalArea>
    <NS0:landArea>410934</NS0:landArea>
    <NS0:waterArea>39030</NS0:waterArea>
    <NS0:comparativeArea>slightly larger than California</NS0:comparativeArea>
    <NS0:landBoundaries>2205</NS0:landBoundaries>
    <NS0:coastline>3218</NS0:coastline>
    <NS0:territorialSea rdf:ID='A98232'>12</NS0:territorialSea>
    <NS0:climate>temperate in south with cold, cloudy winters and cool, partly cloudy summers; subarctic in north</NS0:climate>
    <NS0:terrain>mostly flat or gently rolling lowlands; mountains in west</NS0:terrain>
    <NS0:lowestPoint rdf:resource='#A98236'/>
    <NS0:highestPoint rdf:resource='#A98241'/>
    <NS0:naturalResource rdf:resource='http://www.daml.org/2001/12/factbook/naturalResources#zinc'/>
    <NS0:naturalResource rdf:resource='http://www.daml.org/2001/12/factbook/naturalResources#iron_ore'/>
    <NS0:naturalResource rdf:resource='http://www.daml.org/2001/12/factbook/naturalResources#lead'/>
    <NS0:naturalResource rdf:resource='http://www.daml.org/2001/12/factbook/naturalResources#copper'/>
    <NS0:naturalResource rdf:resource='http://www.daml.org/2001/12/factbook/naturalResources#silver'/>
    <NS0:naturalResource rdf:resource='http://www.daml.org/2001/12/factbook/naturalResources#timber'/>
    <NS0:naturalResource rdf:resource='http://www.daml.org/2001/12/factbook/naturalResources#uranium'/>
    <NS0:naturalResource rdf:resource='http://www.daml.org/2001/12/factbook/naturalResources#hydropower'/>
    <NS0:arableLand>7</NS0:arableLand>
    <NS0:permanentCrops>0</NS0:permanentCrops>
    <NS0:permanentPastures>1</NS0:permanentPastures>
    <NS0:forestsAndWoodland>68</NS0:forestsAndWoodland>
    <NS0:otherLandUse rdf:ID='A98258'>24</NS0:otherLandUse>
    <NS0:irrigatedLand rdf:ID='A98261'>1150</NS0:irrigatedLand>
    <NS0:naturalHazard>ice floes in the surrounding waters, especially in the Gulf of Bothnia, can interfere with maritime traffic</NS0:naturalHazard>
    <NS0:environmentalIssue>acid rain damaging soils and lakes</NS0:environmentalIssue>
    <NS0:environmentalIssue>pollution of the North Sea and the Baltic Sea</NS0:environmentalIssue>
    <NS0:environmentalAgreementPartyTo rdf:resource='http://www.daml.org/2001/12/factbook/environmentalAgreements#Air_Pollution'/>
    <NS0:environmentalAgreementPartyTo rdf:resource='http://www.daml.org/2001/12/factbook/environmentalAgreements#Air_Pollution-Nitrogen_Oxides'/>
    <NS0:environmentalAgreementPartyTo rdf:resource='http://www.daml.org/2001/12/factbook/environmentalAgreements#Air_Pollution-Persistent_Organic_Pollutants'/>
    <NS0:environmentalAgreementPartyTo rdf:resource='http://www.daml.org/2001/12/factbook/environmentalAgreements#Air_Pollution-Sulphur_85'/>
    <NS0:environmentalAgreementPartyTo rdf:resource='http://www.daml.org/2001/12/factbook/environmentalAgreements#Air_Pollution-Sulphur_94'/>
    <NS0:environmentalAgreementPartyTo rdf:resource='http://www.daml.org/2001/12/factbook/environmentalAgreements#Air_Pollution-Volatile_Organic_Compounds'/>
    <NS0:environmentalAgreementPartyTo rdf:resource='http://www.daml.org/2001/12/factbook/environmentalAgreements#Antarctic-Environmental_Protocol'/>
    <NS0:environmentalAgreementPartyTo rdf:resource='http://www.daml.org/2001/12/factbook/environmentalAgreements#Antarctic-Marine_Living_Resources'/>
    <NS0:environmentalAgreementPartyTo rdf:resource='http://www.daml.org/2001/12/factbook/environmentalAgreements#Antarctic_Treaty'/>
    <NS0:environmentalAgreementPartyTo rdf:resource='http://www.daml.org/2001/12/factbook/environmentalAgreements#Biodiversity'/>
    <NS0:environmentalAgreementPartyTo rdf:resource='http://www.daml.org/2001/12/factbook/environmentalAgreements#Climate_Change'/>
    <NS0:environmentalAgreementPartyTo rdf:resource='http://www.daml.org/2001/12/factbook/environmentalAgreements#Desertification'/>
    <NS0:environmentalAgreementPartyTo rdf:resource='http://www.daml.org/2001/12/factbook/environmentalAgreements#Endangered_Species'/>
    <NS0:environmentalAgreementPartyTo rdf:resource='http://www.daml.org/2001/12/factbook/environmentalAgreements#Environmental_Modification'/>
    <NS0:environmentalAgreementPartyTo rdf:resource='http://www.daml.org/2001/12/factbook/environmentalAgreements#Hazardous_Wastes'/>
    <NS0:environmentalAgreementPartyTo rdf:resource='http://www.daml.org/2001/12/factbook/environmentalAgreements#Law_of_the_Sea'/>
    <NS0:environmentalAgreementPartyTo rdf:resource='http://www.daml.org/2001/12/factbook/environmentalAgreements#Marine_Dumping'/>
    <NS0:environmentalAgreementPartyTo rdf:resource='http://www.daml.org/2001/12/factbook/environmentalAgreements#Nuclear_Test_Ban'/>
    <NS0:environmentalAgreementPartyTo rdf:resource='http://www.daml.org/2001/12/factbook/environmentalAgreements#Ozone_Layer_Protection'/>
    <NS0:environmentalAgreementPartyTo rdf:resource='http://www.daml.org/2001/12/factbook/environmentalAgreements#Ship_Pollution'/>
    <NS0:environmentalAgreementPartyTo rdf:resource='http://www.daml.org/2001/12/factbook/environmentalAgreements#Tropical_Timber_83'/>
    <NS0:environmentalAgreementPartyTo rdf:resource='http://www.daml.org/2001/12/factbook/environmentalAgreements#Tropical_Timber_94'/>
    <NS0:environmentalAgreementPartyTo rdf:resource='http://www.daml.org/2001/12/factbook/environmentalAgreements#Wetlands'/>
    <NS0:environmentalAgreementPartyTo rdf:resource='http://www.daml.org/2001/12/factbook/environmentalAgreements#Whaling'/>
    <NS0:environmentalAgreementSigned rdf:resource='http://www.daml.org/2001/12/factbook/environmentalAgreements#Climate_Change-Kyoto_Protocol'/>
    <NS0:population rdf:ID='A98292'>8875053</NS0:population>
    <NS0:populationGrowthRate rdf:ID='A98295'>0.02</NS0:populationGrowthRate>
    <NS0:birthRate rdf:ID='A98298'>9.91</NS0:birthRate>
    <NS0:deathRate rdf:ID='A98301'>10.61</NS0:deathRate>
    <NS0:netMigrationRate rdf:ID='A98304'>0.91</NS0:netMigrationRate>
    <NS0:sexRatio rdf:resource='#A98307'/>
    <NS0:sexRatio rdf:resource='#A98313'/>
    <NS0:sexRatio rdf:resource='#A98319'/>
    <NS0:sexRatio rdf:resource='#A98325'/>
    <NS0:sexRatio rdf:ID='A98333' rdf:resource='#A98330'/>
    <NS0:infantMortalityRate rdf:ID='A98336'>3.47</NS0:infantMortalityRate>
    <NS0:totalFertilityRate rdf:ID='A98339'>1.53</NS0:totalFertilityRate>
    <NS0:nationalityNoun>Swede(s)</NS0:nationalityNoun>
    <NS0:nationalityAdjective>Swedish</NS0:nationalityAdjective>
    <NS0:ethnicGroup rdf:resource='#A98344'/>
    <NS0:ethnicGroup rdf:resource='#A98348'/>
    <NS0:ethnicGroup rdf:resource='#A98352'/>
    <NS0:ethnicGroup rdf:resource='#A98356'/>
    <NS0:ethnicGroup rdf:resource='#A98360'/>
    <NS0:ethnicGroup rdf:resource='#A98364'/>
    <NS0:religion rdf:resource='#A98368'/>
    <NS0:religion rdf:resource='#A98373'/>
    <NS0:religion rdf:resource='#A98377'/>
    <NS0:religion rdf:resource='#A98381'/>
    <NS0:religion rdf:resource='#A98385'/>
    <NS0:religion rdf:resource='#A98389'/>
    <NS0:religion rdf:resource='#A98393'/>
    <NS0:language rdf:resource='#A98397'/>
    <NS0:literacyDefinition>age 15 and over can read and write</NS0:literacyDefinition>
    <NS0:literacyTotal rdf:ID='A98402'>99</NS0:literacyTotal>
    <NS0:conventionalLongCountryName>Kingdom of Sweden</NS0:conventionalLongCountryName>
    <NS0:conventionalShortCountryName>Sweden</NS0:conventionalShortCountryName>
    <NS0:localLongCountryName>Konungariket Sverige</NS0:localLongCountryName>
    <NS0:localShortCountryName>Sverige</NS0:localShortCountryName>
    <NS0:governmentType rdf:resource='http://www.daml.org/2001/12/factbook/governmentTypes#constitutional_monarchy'/>
    <NS0:capital rdf:resource='#A98410'/>
    <NS0:administrativeDivision rdf:resource='#A98417'/>
    <NS0:administrativeDivision rdf:resource='#A98421'/>
    <NS0:administrativeDivision rdf:resource='#A98425'/>
    <NS0:administrativeDivision rdf:resource='#A98429'/>
    <NS0:administrativeDivision rdf:resource='#A98433'/>
    <NS0:administrativeDivision rdf:resource='#A98437'/>
    <NS0:administrativeDivision rdf:resource='#A98441'/>
    <NS0:administrativeDivision rdf:resource='#A98445'/>
    <NS0:administrativeDivision rdf:resource='#A98449'/>
    <NS0:administrativeDivision rdf:resource='#A98453'/>
    <NS0:administrativeDivision rdf:resource='#A98457'/>
    <NS0:administrativeDivision rdf:resource='#A98461'/>
    <NS0:administrativeDivision rdf:resource='#A98465'/>
    <NS0:administrativeDivision rdf:resource='#A98469'/>
    <NS0:administrativeDivision rdf:resource='#A98473'/>
    <NS0:administrativeDivision rdf:resource='#A98477'/>
    <NS0:administrativeDivision rdf:resource='#A98481'/>
    <NS0:administrativeDivision rdf:resource='#A98485'/>
    <NS0:administrativeDivision rdf:resource='#A98489'/>
    <NS0:administrativeDivision rdf:resource='#A98493'/>
    <NS0:administrativeDivision rdf:resource='#A98497'/>
    <NS0:independence>6 June 1523 (Gustav VASA elected king)</NS0:independence>
    <NS0:constitution>1 January 1975</NS0:constitution>
    <NS0:legalSystem>civil law system influenced by customary law; accepts compulsory ICJ jurisdiction, with reservations</NS0:legalSystem>
    <NS0:suffrage>18 years of age; universal</NS0:suffrage>
    <NS0:participatesIn rdf:resource='http://www.daml.org/2001/12/factbook/internationalOrganizations#AfDB'/>
    <NS0:participatesIn rdf:resource='http://www.daml.org/2001/12/factbook/internationalOrganizations#AsDB'/>
    <NS0:participatesIn rdf:resource='http://www.daml.org/2001/12/factbook/internationalOrganizations#Australia_Group'/>
    <NS0:participatesIn rdf:resource='http://www.daml.org/2001/12/factbook/internationalOrganizations#BIS'/>
    <NS0:participatesIn rdf:resource='http://www.daml.org/2001/12/factbook/internationalOrganizations#CBSS'/>
    <NS0:participatesIn rdf:resource='http://www.daml.org/2001/12/factbook/internationalOrganizations#CCC'/>
    <NS0:participatesIn rdf:resource='http://www.daml.org/2001/12/factbook/internationalOrganizations#CE'/>
    <NS0:participatesIn rdf:resource='http://www.daml.org/2001/12/factbook/internationalOrganizations#CERN'/>
    <NS0:participatesIn rdf:resource='http://www.daml.org/2001/12/factbook/internationalOrganizations#EAPC'/>
    <NS0:participatesIn rdf:resource='http://www.daml.org/2001/12/factbook/internationalOrganizations#EBRD'/>
    <NS0:participatesIn rdf:resource='http://www.daml.org/2001/12/factbook/internationalOrganizations#ECE'/>
    <NS0:participatesIn rdf:resource='http://www.daml.org/2001/12/factbook/internationalOrganizations#EIB'/>
    <NS0:participatesIn rdf:resource='http://www.daml.org/2001/12/factbook/internationalOrganizations#ESA'/>
    <NS0:participatesIn rdf:resource='http://www.daml.org/2001/12/factbook/internationalOrganizations#EU'/>
    <NS0:participatesIn rdf:resource='http://www.daml.org/2001/12/factbook/internationalOrganizations#FAO'/>
    <NS0:participatesIn rdf:resource='http://www.daml.org/2001/12/factbook/internationalOrganizations#G-_6'/>
    <NS0:participatesIn rdf:resource='http://www.daml.org/2001/12/factbook/internationalOrganizations#G-_9'/>
    <NS0:participatesIn rdf:resource='http://www.daml.org/2001/12/factbook/internationalOrganizations#G-10'/>
    <NS0:participatesIn rdf:resource='http://www.daml.org/2001/12/factbook/internationalOrganizations#IADB'/>
    <NS0:participatesIn rdf:resource='http://www.daml.org/2001/12/factbook/internationalOrganizations#IAEA'/>
    <NS0:participatesIn rdf:resource='http://www.daml.org/2001/12/factbook/internationalOrganizations#IBRD'/>
    <NS0:participatesIn rdf:resource='http://www.daml.org/2001/12/factbook/internationalOrganizations#ICAO'/>
    <NS0:participatesIn rdf:resource='http://www.daml.org/2001/12/factbook/internationalOrganizations#ICC'/>
    <NS0:participatesIn rdf:resource='http://www.daml.org/2001/12/factbook/internationalOrganizations#ICFTU'/>
    <NS0:participatesIn rdf:resource='http://www.daml.org/2001/12/factbook/internationalOrganizations#ICRM'/>
    <NS0:participatesIn rdf:resource='http://www.daml.org/2001/12/factbook/internationalOrganizations#IDA'/>
    <NS0:participatesIn rdf:resource='http://www.daml.org/2001/12/factbook/internationalOrganizations#IEA'/>
    <NS0:participatesIn rdf:resource='http://www.daml.org/2001/12/factbook/internationalOrganizations#IFAD'/>
    <NS0:participatesIn rdf:resource='http://www.daml.org/2001/12/factbook/internationalOrganizations#IFC'/>
    <NS0:participatesIn rdf:resource='http://www.daml.org/2001/12/factbook/internationalOrganizations#IFRCS'/>
    <NS0:participatesIn rdf:resource='http://www.daml.org/2001/12/factbook/internationalOrganizations#IHO'/>
    <NS0:participatesIn rdf:resource='http://www.daml.org/2001/12/factbook/internationalOrganizations#ILO'/>
    <NS0:participatesIn rdf:resource='http://www.daml.org/2001/12/factbook/internationalOrganizations#IMF'/>
    <NS0:participatesIn rdf:resource='http://www.daml.org/2001/12/factbook/internationalOrganizations#IMO'/>
    <NS0:participatesIn rdf:resource='http://www.daml.org/2001/12/factbook/internationalOrganizations#Inmarsat'/>
    <NS0:participatesIn rdf:resource='http://www.daml.org/2001/12/factbook/internationalOrganizations#Intelsat'/>
    <NS0:participatesIn rdf:resource='http://www.daml.org/2001/12/factbook/internationalOrganizations#Interpol'/>
    <NS0:participatesIn rdf:resource='http://www.daml.org/2001/12/factbook/internationalOrganizations#IOC'/>
    <NS0:participatesIn rdf:resource='http://www.daml.org/2001/12/factbook/internationalOrganizations#IOM'/>
    <NS0:participatesIn rdf:resource='http://www.daml.org/2001/12/factbook/internationalOrganizations#ISO'/>
    <NS0:participatesIn rdf:resource='http://www.daml.org/2001/12/factbook/internationalOrganizations#ITU'/>
    <NS0:participatesIn rdf:resource='http://www.daml.org/2001/12/factbook/internationalOrganizations#MINURSO'/>
    <NS0:participatesIn rdf:resource='http://www.daml.org/2001/12/factbook/internationalOrganizations#NAM'/>
    <NS0:participatesIn rdf:resource='http://www.daml.org/2001/12/factbook/internationalOrganizations#NC'/>
    <NS0:participatesIn rdf:resource='http://www.daml.org/2001/12/factbook/internationalOrganizations#NEA'/>
    <NS0:participatesIn rdf:resource='http://www.daml.org/2001/12/factbook/internationalOrganizations#NIB'/>
    <NS0:participatesIn rdf:resource='http://www.daml.org/2001/12/factbook/internationalOrganizations#NSG'/>
    <NS0:participatesIn rdf:resource='http://www.daml.org/2001/12/factbook/internationalOrganizations#OAS'/>
    <NS0:participatesIn rdf:resource='http://www.daml.org/2001/12/factbook/internationalOrganizations#OECD'/>
    <NS0:participatesIn rdf:resource='http://www.daml.org/2001/12/factbook/internationalOrganizations#OPCW'/>
    <NS0:participatesIn rdf:resource='http://www.daml.org/2001/12/factbook/internationalOrganizations#OSCE'/>
    <NS0:participatesIn rdf:resource='http://www.daml.org/2001/12/factbook/internationalOrganizations#PCA'/>
    <NS0:participatesIn rdf:resource='http://www.daml.org/2001/12/factbook/internationalOrganizations#PFP'/>
    <NS0:participatesIn rdf:resource='http://www.daml.org/2001/12/factbook/internationalOrganizations#UN'/>
    <NS0:participatesIn rdf:resource='http://www.daml.org/2001/12/factbook/internationalOrganizations#UNCTAD'/>
    <NS0:participatesIn rdf:resource='http://www.daml.org/2001/12/factbook/internationalOrganizations#UNESCO'/>
    <NS0:participatesIn rdf:resource='http://www.daml.org/2001/12/factbook/internationalOrganizations#UNHCR'/>
    <NS0:participatesIn rdf:resource='http://www.daml.org/2001/12/factbook/internationalOrganizations#UNIDO'/>
    <NS0:participatesIn rdf:resource='http://www.daml.org/2001/12/factbook/internationalOrganizations#UNIKOM'/>
    <NS0:participatesIn rdf:resource='http://www.daml.org/2001/12/factbook/internationalOrganizations#UNITAR'/>
    <NS0:participatesIn rdf:resource='http://www.daml.org/2001/12/factbook/internationalOrganizations#UNMEE'/>
    <NS0:participatesIn rdf:resource='http://www.daml.org/2001/12/factbook/internationalOrganizations#UNMIBH'/>
    <NS0:participatesIn rdf:resource='http://www.daml.org/2001/12/factbook/internationalOrganizations#UNMIK'/>
    <NS0:participatesIn rdf:resource='http://www.daml.org/2001/12/factbook/internationalOrganizations#UNMOGIP'/>
    <NS0:participatesIn rdf:resource='http://www.daml.org/2001/12/factbook/internationalOrganizations#UNMOP'/>
    <NS0:participatesIn rdf:resource='http://www.daml.org/2001/12/factbook/internationalOrganizations#UNOMIG'/>
    <NS0:participatesIn rdf:resource='http://www.daml.org/2001/12/factbook/internationalOrganizations#UNTAET'/>
    <NS0:participatesIn rdf:resource='http://www.daml.org/2001/12/factbook/internationalOrganizations#UNTSO'/>
    <NS0:participatesIn rdf:resource='http://www.daml.org/2001/12/factbook/internationalOrganizations#UPU'/>
    <NS0:participatesIn rdf:resource='http://www.daml.org/2001/12/factbook/internationalOrganizations#WEU'/>
    <NS0:participatesIn rdf:resource='http://www.daml.org/2001/12/factbook/internationalOrganizations#WFTU'/>
    <NS0:participatesIn rdf:resource='http://www.daml.org/2001/12/factbook/internationalOrganizations#WHO'/>
    <NS0:participatesIn rdf:resource='http://www.daml.org/2001/12/factbook/internationalOrganizations#WIPO'/>
    <NS0:participatesIn rdf:resource='http://www.daml.org/2001/12/factbook/internationalOrganizations#WMO'/>
    <NS0:participatesIn rdf:resource='http://www.daml.org/2001/12/factbook/internationalOrganizations#WTrO'/>
    <NS0:participatesIn rdf:resource='http://www.daml.org/2001/12/factbook/internationalOrganizations#ZC'/>
    <NS0:flagDescription>blue with a yellow cross that extends to the edges of the flag; the vertical part of the cross is shifted to the hoist side in the style of the Dannebrog (Danish flag)</NS0:flagDescription>
    <NS0:economyOverview>Aided by peace and neutrality for the whole twentieth century, Sweden has achieved an enviable standard of living under a mixed system of high-tech capitalism and extensive welfare benefits. It has a modern distribution system, excellent internal and external communications, and a skilled labor force. Timber, hydropower, and iron ore constitute the resource base of an economy heavily oriented toward foreign trade. Privately owned firms account for about 90% of industrial output, of which the engineering sector accounts for 50% of output and exports. Agriculture accounts for only 2% of GDP and 2% of the jobs. In recent years, however, this extraordinarily favorable picture has been somewhat clouded by budgetary difficulties, high unemployment, and a gradual loss of competitiveness in international markets. Sweden has harmonized its economic policies with those of the EU, which it joined at the start of 1995. GDP growth is forecast for 4% in 2001.</NS0:economyOverview>
    <NS0:grossDomesticProduct rdf:ID='A98583'>197000000000</NS0:grossDomesticProduct>
    <NS0:grossDomesticProductRealGrowth rdf:ID='A98586'>4.3</NS0:grossDomesticProductRealGrowth>
    <NS0:grossDomesticProductPerCapita rdf:ID='A98589'>22200</NS0:grossDomesticProductPerCapita>
    <NS0:grossDomesticProductAgriculture>2.2</NS0:grossDomesticProductAgriculture>
    <NS0:grossDomesticProductIndustry>27.9</NS0:grossDomesticProductIndustry>
    <NS0:grossDomesticProductServices rdf:ID='A98594'>69.9</NS0:grossDomesticProductServices>
    <NS0:householdIncomeLowest10Percent>3.7</NS0:householdIncomeLowest10Percent>
    <NS0:householdIncomeHighest10Percent rdf:ID='A98597'>20.1</NS0:householdIncomeHighest10Percent>
    <NS0:inflationRate rdf:ID='A98599'>1.2</NS0:inflationRate>
    <NS0:laborForce rdf:ID='A98602'>4400000</NS0:laborForce>
    <NS0:occupation rdf:resource='#A98605'/>
    <NS0:occupation rdf:resource='#A98610'/>
    <NS0:occupation rdf:ID='A98619' rdf:resource='#A98615'/>
    <NS0:unemploymentRate rdf:ID='A98622'>6</NS0:unemploymentRate>
    <NS0:budgetRevenues>133000000000</NS0:budgetRevenues>
    <NS0:budgetExpenditures>125200000000</NS0:budgetExpenditures>
    <NS0:industry rdf:resource='http://www.daml.org/2001/12/factbook/industries#iron_and_steel'/>
    <NS0:industry rdf:resource='http://www.daml.org/2001/12/factbook/industries#precision_equipment'/>
    <NS0:industry rdf:resource='http://www.daml.org/2001/12/factbook/industries#wood_pulp_and_paper_products'/>
    <NS0:industry rdf:resource='http://www.daml.org/2001/12/factbook/industries#processed_foods'/>
    <NS0:industry rdf:resource='http://www.daml.org/2001/12/factbook/industries#motor_vehicles'/>
    <NS0:industrialProductionGrowthRate rdf:ID='A98632'>7</NS0:industrialProductionGrowthRate>
    <NS0:electricityProduction rdf:ID='A98635'>146633000000</NS0:electricityProduction>
    <NS0:electricityProductionFossilFuel>5.53</NS0:electricityProductionFossilFuel>
    <NS0:electricityProductionHydro>47.24</NS0:electricityProductionHydro>
    <NS0:electricityProductionNuclear>45.42</NS0:electricityProductionNuclear>
    <NS0:electricityProductionOther rdf:ID='A98640'>1.81</NS0:electricityProductionOther>
    <NS0:electricityConsumption rdf:ID='A98642'>128818999999</NS0:electricityConsumption>
    <NS0:electricityExports rdf:ID='A98644'>15900000000</NS0:electricityExports>
    <NS0:electricityImports rdf:ID='A98646'>8350000000</NS0:electricityImports>
    <NS0:agricultureProduct rdf:resource='http://www.daml.org/2001/12/factbook/agricultureProducts#grains'/>
    <NS0:agricultureProduct rdf:resource='http://www.daml.org/2001/12/factbook/agricultureProducts#sugar_beets'/>
    <NS0:agricultureProduct rdf:resource='http://www.daml.org/2001/12/factbook/agricultureProducts#potatoes'/>
    <NS0:agricultureProduct rdf:resource='http://www.daml.org/2001/12/factbook/agricultureProducts#meat'/>
    <NS0:agricultureProduct rdf:resource='http://www.daml.org/2001/12/factbook/agricultureProducts#milk'/>
    <NS0:exports rdf:ID='A98653'>95500000000</NS0:exports>
    <NS0:exportsCommodity rdf:resource='#A98655'/>
    <NS0:exportsCommodity rdf:resource='#A98660'/>
    <NS0:exportsCommodity rdf:resource='#A98664'/>
    <NS0:exportsCommodity rdf:resource='#A98668'/>
    <NS0:exportsCommodity rdf:resource='#A98672'/>
    <NS0:exportsCommodity rdf:resource='#A98676'/>
    <NS0:imports rdf:ID='A98680'>80000000000</NS0:imports>
    <NS0:importsCommodity rdf:resource='#A98682'/>
    <NS0:importsCommodity rdf:resource='#A98686'/>
    <NS0:importsCommodity rdf:resource='#A98690'/>
    <NS0:importsCommodity rdf:resource='#A98694'/>
    <NS0:importsCommodity rdf:resource='#A98698'/>
    <NS0:importsCommodity rdf:resource='#A98702'/>
    <NS0:externalDebt rdf:ID='A98706'>66500000000</NS0:externalDebt>
    <NS0:currency>Swedish krona (SEK)</NS0:currency>
    <NS0:currencyCode>SEK</NS0:currencyCode>
    <NS0:fiscalYear>calendar year</NS0:fiscalYear>
    <NS0:mainTelephoneLines rdf:ID='A98711'>6017000</NS0:mainTelephoneLines>
    <NS0:mobileTelephoneLines rdf:ID='A98713'>3835000</NS0:mobileTelephoneLines>
    <NS0:telephoneSystemGeneralAssessment>excellent domestic and international facilities; automatic system</NS0:telephoneSystemGeneralAssessment>
    <NS0:telephoneSystemDomestic>coaxial and multiconductor cables carry most of the voice traffic; parallel microwave radio relay systems carry some additional telephone channels</NS0:telephoneSystemDomestic>
    <NS0:telephoneSystemInternational>5 submarine coaxial cables; satellite earth stations - 1 Intelsat (Atlantic Ocean), 1 Eutelsat, and 1 Inmarsat (Atlantic and Indian Ocean regions); note - Sweden shares the Inmarsat earth station with the other Nordic countries (Denmark, Finland, Iceland, and Norway)</NS0:telephoneSystemInternational>
    <NS0:radios rdf:ID='A98718'>8250000</NS0:radios>
    <NS0:televisions rdf:ID='A98720'>4600000</NS0:televisions>
    <NS0:internetCountryCode>.se</NS0:internetCountryCode>
    <NS0:internetServiceProviders rdf:ID='A98723'>29</NS0:internetServiceProviders>
    <NS0:internetUsers rdf:ID='A98725'>4500000</NS0:internetUsers>
    <NS0:railwaysTotal rdf:ID='A98727'>12821</NS0:railwaysTotal>
    <NS0:highwaysTotal>210760</NS0:highwaysTotal>
    <NS0:highwaysPaved rdf:ID='A98730'>162707</NS0:highwaysPaved>
    <NS0:highwaysUnpaved rdf:ID='A98732'>48053</NS0:highwaysUnpaved>
    <NS0:waterways>2052</NS0:waterways>
    <NS0:port rdf:resource='#A98735'/>
    <NS0:port rdf:resource='#A98739'/>
    <NS0:port rdf:resource='#A98743'/>
    <NS0:port rdf:resource='#A98747'/>
    <NS0:port rdf:resource='#A98751'/>
    <NS0:port rdf:resource='#A98755'/>
    <NS0:port rdf:resource='#A98759'/>
    <NS0:port rdf:resource='#A98763'/>
    <NS0:port rdf:resource='#A98767'/>
    <NS0:port rdf:resource='#A98771'/>
    <NS0:port rdf:resource='#A98775'/>
    <NS0:airports rdf:ID='A98779'>255</NS0:airports>
    <NS0:airportBreakdown rdf:resource='#A98782'/>
    <NS0:airportBreakdown rdf:resource='#A98788'/>
    <NS0:airportBreakdown rdf:resource='#A98795'/>
    <NS0:airportBreakdown rdf:resource='#A98802'/>
    <NS0:airportBreakdown rdf:resource='#A98809'/>
    <NS0:airportBreakdown rdf:resource='#A98815'/>
    <NS0:airportBreakdown rdf:resource='#A98822'/>
    <NS0:heliports rdf:ID='A98828'>1</NS0:heliports>
    <NS0:militaryAge>19</NS0:militaryAge>
    <NS0:malesOfMilitaryAge rdf:ID='A98832'>2062566</NS0:malesOfMilitaryAge>
    <NS0:malesFitForMilitaryService rdf:ID='A98835'>1803995</NS0:malesFitForMilitaryService>
    <NS0:malesReachingMilitaryAgeAnnually rdf:ID='A98838'>51506</NS0:malesReachingMilitaryAgeAnnually>
    <NS0:militaryExpenditures rdf:ID='A98841'>5000000000</NS0:militaryExpenditures>
    <NS0:militaryExpendituresPercentGDP rdf:ID='A98843'>2.1</NS0:militaryExpendituresPercentGDP>
    <NS0:internationalDispute>none</NS0:internationalDispute>
    <NS0:smallFlag>http://www.cia.gov/cia/publications/factbook/flags/sw-flag.jpg</NS0:smallFlag>
    <NS0:largeFlag>http://www.cia.gov/cia/publications/factbook/flags/sw-lgflag.jpg</NS0:largeFlag>
    <NS0:map>http://www.cia.gov/cia/publications/factbook/maps/sw-map.jpg</NS0:map>
    <NS0:border rdf:resource='#A129891'/>
    <NS0:border rdf:resource='#A129896'/>
    <NS0:exportPartner rdf:resource='#A129901'/>
    <NS0:exportPartner rdf:ID='A129910' rdf:resource='#A129906'/>
    <NS0:importPartner rdf:resource='#A129912'/>
    <NS0:importPartner rdf:ID='A129921' rdf:resource='#A129917'/>
  </rdf:Description>
  <rdf:Description rdf:about='#A98635'>
    <NS0:year>1999</NS0:year>
  </rdf:Description>
  <rdf:Description rdf:about='#A98433'>
    <rdf:type rdf:resource='#County'/>
    <NS0:name>Hallands</NS0:name>
  </rdf:Description>
  <rdf:Description rdf:about='#A98815'>
    <rdf:type rdf:resource='http://www.daml.org/2001/12/factbook/factbook-ont#AirportBreakdown'/>
    <NS0:paved>false</NS0:paved>
    <NS0:minRunway>914</NS0:minRunway>
    <NS0:maxRunway>1523</NS0:maxRunway>
    <NS0:count>5</NS0:count>
  </rdf:Description>
  <rdf:Description rdf:about='#A98241'>
    <rdf:type rdf:resource='http://www.daml.org/2001/12/factbook/factbook-ont#ElevationExtreme'/>
    <NS0:name>Kebnekaise</NS0:name>
    <NS0:elevation>2111</NS0:elevation>
  </rdf:Description>
  <rdf:Description rdf:about='#A98429'>
    <rdf:type rdf:resource='#County'/>
    <NS0:name>Gotlands</NS0:name>
  </rdf:Description>
  <rdf:Description rdf:about='#A98586'>
    <rdf:type rdf:resource='http://www.daml.org/2001/12/factbook/factbook-ont#Estimate'/>
    <NS0:year>2000</NS0:year>
  </rdf:Description>
  <rdf:Description rdf:about='#A98236'>
    <rdf:type rdf:resource='http://www.daml.org/2001/12/factbook/factbook-ont#ElevationExtreme'/>
    <NS0:name>Baltic Sea</NS0:name>
    <NS0:elevation>0</NS0:elevation>
  </rdf:Description>
  <rdf:Description rdf:about='#A98809'>
    <rdf:type rdf:resource='http://www.daml.org/2001/12/factbook/factbook-ont#AirportBreakdown'/>
    <NS0:paved>true</NS0:paved>
    <NS0:maxRunway>913</NS0:maxRunway>
    <NS0:count>25 (2000 est.)</NS0:count>
  </rdf:Description>
  <rdf:Description rdf:about='#A98425'>
    <rdf:type rdf:resource='#County'/>
    <NS0:name>Gavleborgs</NS0:name>
  </rdf:Description>
  <rdf:Description rdf:about='#A98615'>
    <rdf:type rdf:resource='http://www.daml.org/2001/12/factbook/factbook-ont#OccupationPercent'/>
    <NS0:occupation rdf:resource='http://www.daml.org/2001/12/factbook/occupations#services'/>
    <NS0:percent>74</NS0:percent>
  </rdf:Description>
  <rdf:Description rdf:about='#A98421'>
    <rdf:type rdf:resource='#County'/>
    <NS0:name>Dalarnas</NS0:name>
  </rdf:Description>
  <rdf:Description rdf:about='#A98802'>
    <rdf:type rdf:resource='http://www.daml.org/2001/12/factbook/factbook-ont#AirportBreakdown'/>
    <NS0:paved>true</NS0:paved>
    <NS0:minRunway>914</NS0:minRunway>
    <NS0:maxRunway>1523</NS0:maxRunway>
    <NS0:count>28</NS0:count>
  </rdf:Description>
  <rdf:Description rdf:about='#A98610'>
    <rdf:type rdf:resource='http://www.daml.org/2001/12/factbook/factbook-ont#OccupationPercent'/>
    <NS0:occupation rdf:resource='http://www.daml.org/2001/12/factbook/occupations#industry'/>
    <NS0:percent>24</NS0:percent>
  </rdf:Description>
  <rdf:Description rdf:about='#A98417'>
    <rdf:type rdf:resource='#County'/>
    <NS0:name>Blekinge</NS0:name>
  </rdf:Description>
  <rdf:Description rdf:about='#A98622'>
    <rdf:type rdf:resource='http://www.daml.org/2001/12/factbook/factbook-ont#Estimate'/>
    <NS0:year>2000</NS0:year>
  </rdf:Description>
  <rdf:Description rdf:about='#A98605'>
    <rdf:type rdf:resource='http://www.daml.org/2001/12/factbook/factbook-ont#OccupationPercent'/>
    <NS0:occupation rdf:resource='http://www.daml.org/2001/12/factbook/occupations#agriculture'/>
    <NS0:percent>2</NS0:percent>
  </rdf:Description>
  <rdf:Description rdf:about='#A98795'>
    <rdf:type rdf:resource='http://www.daml.org/2001/12/factbook/factbook-ont#AirportBreakdown'/>
    <NS0:paved>true</NS0:paved>
    <NS0:minRunway>1524</NS0:minRunway>
    <NS0:maxRunway>2437</NS0:maxRunway>
    <NS0:count>80</NS0:count>
  </rdf:Description>
  <rdf:Description rdf:about='#A98732'>
    <NS0:year>1999</NS0:year>
  </rdf:Description>
  <rdf:Description rdf:about='#A98220'>
    <rdf:type rdf:resource='http://www.daml.org/2001/12/factbook/factbook-ont#LatLon'/>
    <NS0:latitude>62.0</NS0:latitude>
    <NS0:longitude>15.0</NS0:longitude>
  </rdf:Description>
  <rdf:Description rdf:about='#A98410'>
    <rdf:type rdf:resource='http://www.daml.org/2001/12/factbook/factbook-ont#CapitalCity'/>
    <NS0:name>Stockholm</NS0:name>
  </rdf:Description>
  <rdf:Description rdf:about='#A98258'>
    <rdf:type rdf:resource='http://www.daml.org/2001/12/factbook/factbook-ont#Estimate'/>
    <NS0:year>1993</NS0:year>
  </rdf:Description>
  <rdf:Description rdf:about='#A98788'>
    <rdf:type rdf:resource='http://www.daml.org/2001/12/factbook/factbook-ont#AirportBreakdown'/>
    <NS0:paved>true</NS0:paved>
    <NS0:minRunway>2438</NS0:minRunway>
    <NS0:maxRunway>3047</NS0:maxRunway>
    <NS0:count>11</NS0:count>
  </rdf:Description>
  <rdf:Description rdf:about='#A98583'>
    <rdf:type rdf:resource='http://www.daml.org/2001/12/factbook/factbook-ont#Estimate'/>
    <NS0:year>2000</NS0:year>
  </rdf:Description>
  <rdf:Description rdf:about='#A129917'>
    <rdf:type rdf:resource='http://www.daml.org/2001/12/factbook/factbook-ont#CountryPercent'/>
    <NS0:country rdf:resource='http://www.daml.org/2001/09/countries/fips#US'/>
    <NS0:percent>6</NS0:percent>
  </rdf:Description>
  <rdf:Description rdf:about='#A98298'>
    <rdf:type rdf:resource='http://www.daml.org/2001/12/factbook/factbook-ont#Estimate'/>
    <NS0:year>2001</NS0:year>
  </rdf:Description>
  <rdf:Description rdf:about='#A98680'>
    <NS0:note>f.o.b., 2000</NS0:note>
  </rdf:Description>
  <rdf:Description rdf:about='#A98782'>
    <rdf:type rdf:resource='http://www.daml.org/2001/12/factbook/factbook-ont#AirportBreakdown'/>
    <NS0:paved>true</NS0:paved>
    <NS0:minRunway>3048</NS0:minRunway>
    <NS0:count>3</NS0:count>
  </rdf:Description>
  <rdf:Description rdf:about='#A129912'>
    <rdf:type rdf:resource='http://www.daml.org/2001/12/factbook/factbook-ont#CountryPercent'/>
    <NS0:country rdf:resource='http://www.daml.org/2001/09/countries/fips#NO'/>
    <NS0:percent>8</NS0:percent>
  </rdf:Description>
  <rdf:Description rdf:about='#A98727'>
    <NS0:note>includes 3,594 km of privately owned railways</NS0:note>
  </rdf:Description>
  <rdf:Description rdf:about='#A98397'>
    <rdf:type rdf:resource='http://www.daml.org/2001/12/factbook/factbook-ont#LanguagePercent'/>
    <NS0:language rdf:resource='http://www.daml.org/2001/12/factbook/languages#Swedish'/>
  </rdf:Description>
  <rdf:Description rdf:about='#A98393'>
    <rdf:type rdf:resource='http://www.daml.org/2001/12/factbook/factbook-ont#ReligionPercent'/>
    <NS0:religion rdf:resource='http://www.daml.org/2001/12/factbook/religions#Buddhist'/>
  </rdf:Description>
  <rdf:Description rdf:about='#A98775'>
    <rdf:type rdf:resource='http://www.daml.org/2001/12/factbook/factbook-ont#Port'/>
    <NS0:name>Sundsvall</NS0:name>
  </rdf:Description>
  <rdf:Description rdf:about='#A129906'>
    <rdf:type rdf:resource='http://www.daml.org/2001/12/factbook/factbook-ont#CountryPercent'/>
    <NS0:country rdf:resource='http://www.daml.org/2001/09/countries/fips#NO'/>
    <NS0:percent>8</NS0:percent>
  </rdf:Description>
  <rdf:Description rdf:about='#A98644'>
    <NS0:year>1999</NS0:year>
  </rdf:Description>
  <rdf:Description rdf:about='#A98389'>
    <rdf:type rdf:resource='http://www.daml.org/2001/12/factbook/factbook-ont#ReligionPercent'/>
    <NS0:religion rdf:resource='http://www.daml.org/2001/12/factbook/religions#Jewish'/>
  </rdf:Description>
  <rdf:Description rdf:about='#A98771'>
    <rdf:type rdf:resource='http://www.daml.org/2001/12/factbook/factbook-ont#Port'/>
    <NS0:name>Stockholm</NS0:name>
  </rdf:Description>
  <rdf:Description rdf:about='#A98597'>
    <NS0:year>1992</NS0:year>
  </rdf:Description>
  <rdf:Description rdf:about='#A98725'>
    <NS0:year>2000</NS0:year>
  </rdf:Description>
  <rdf:Description rdf:about='#A129901'>
    <rdf:type rdf:resource='http://www.daml.org/2001/12/factbook/factbook-ont#CountryPercent'/>
    <NS0:country rdf:resource='http://www.daml.org/2001/09/countries/fips#US'/>
    <NS0:percent>9</NS0:percent>
  </rdf:Description>
  <rdf:Description rdf:about='#A98767'>
    <rdf:type rdf:resource='http://www.daml.org/2001/12/factbook/factbook-ont#Port'/>
    <NS0:name>Solvesborg</NS0:name>
  </rdf:Description>
  <rdf:Description rdf:about='#A98385'>
    <rdf:type rdf:resource='http://www.daml.org/2001/12/factbook/factbook-ont#ReligionPercent'/>
    <NS0:religion rdf:resource='http://www.daml.org/2001/12/factbook/religions#Muslim'/>
  </rdf:Description>
  <rdf:Description rdf:about='#A98723'>
    <NS0:year>2000</NS0:year>
  </rdf:Description>
  <rdf:Description rdf:about='#A98763'>
    <rdf:type rdf:resource='http://www.daml.org/2001/12/factbook/factbook-ont#Port'/>
    <NS0:name>Malmo</NS0:name>
  </rdf:Description>
  <rdf:Description rdf:about='#A129896'>
    <rdf:type rdf:resource='http://www.daml.org/2001/12/factbook/factbook-ont#Border'/>
    <NS0:country rdf:resource='http://www.daml.org/2001/09/countries/fips#NO'/>
    <NS0:distance>1619</NS0:distance>
  </rdf:Description>
  <rdf:Description rdf:about='#A98381'>
    <rdf:type rdf:resource='http://www.daml.org/2001/12/factbook/factbook-ont#ReligionPercent'/>
    <NS0:religion rdf:resource='http://www.daml.org/2001/12/factbook/religions#Baptist'/>
  </rdf:Description>
  <rdf:Description rdf:about='#A98730'>
    <NS0:note>including 1,428 km of expressways</NS0:note>
  </rdf:Description>
  <rdf:Description rdf:about='#A98377'>
    <rdf:type rdf:resource='http://www.daml.org/2001/12/factbook/factbook-ont#ReligionPercent'/>
    <NS0:religion rdf:resource='http://www.daml.org/2001/12/factbook/religions#Orthodox'/>
  </rdf:Description>
  <rdf:Description rdf:about='#A98759'>
    <rdf:type rdf:resource='http://www.daml.org/2001/12/factbook/factbook-ont#Port'/>
    <NS0:name>Karlshamn</NS0:name>
  </rdf:Description>
  <rdf:Description rdf:about='#A98336'>
    <rdf:type rdf:resource='http://www.daml.org/2001/12/factbook/factbook-ont#Estimate'/>
    <NS0:year>2001</NS0:year>
  </rdf:Description>
  <rdf:Description rdf:about='#A129891'>
    <rdf:type rdf:resource='http://www.daml.org/2001/12/factbook/factbook-ont#Border'/>
    <NS0:country rdf:resource='http://www.daml.org/2001/09/countries/fips#FI'/>
    <NS0:distance>586</NS0:distance>
  </rdf:Description>
  <rdf:Description rdf:about='#A98755'>
    <rdf:type rdf:resource='http://www.daml.org/2001/12/factbook/factbook-ont#Port'/>
    <NS0:name>Kalmar</NS0:name>
  </rdf:Description>
  <rdf:Description rdf:about='#A98373'>
    <rdf:type rdf:resource='http://www.daml.org/2001/12/factbook/factbook-ont#ReligionPercent'/>
    <NS0:religion rdf:resource='http://www.daml.org/2001/12/factbook/religions#Roman_Catholic'/>
  </rdf:Description>
  <rdf:Description rdf:about='#A129910'>
    <NS0:note>1999</NS0:note>
  </rdf:Description>
  <rdf:Description rdf:about='#A98751'>
    <rdf:type rdf:resource='http://www.daml.org/2001/12/factbook/factbook-ont#Port'/>
    <NS0:name>Hudiksvall</NS0:name>
  </rdf:Description>
  <rdf:Description rdf:about='#A98779'>
    <rdf:type rdf:resource='http://www.daml.org/2001/12/factbook/factbook-ont#Estimate'/>
    <NS0:year>2000</NS0:year>
  </rdf:Description>
  <rdf:Description rdf:about='#A98232'>
    <NS0:note>adjustments made to return a portion of straits to high seas</NS0:note>
  </rdf:Description>
  <rdf:Description rdf:about='#A98368'>
    <rdf:type rdf:resource='http://www.daml.org/2001/12/factbook/factbook-ont#ReligionPercent'/>
    <NS0:religion rdf:resource='http://www.daml.org/2001/12/factbook/religions#Lutheran'/>
    <NS0:percent>87</NS0:percent>
  </rdf:Description>
  <rdf:Description rdf:about='#A98402'>
    <rdf:type rdf:resource='http://www.daml.org/2001/12/factbook/factbook-ont#Estimate'/>
    <NS0:year>1979</NS0:year>
  </rdf:Description>
  <rdf:Description rdf:about='#A98632'>
    <rdf:type rdf:resource='http://www.daml.org/2001/12/factbook/factbook-ont#Estimate'/>
    <NS0:year>2000</NS0:year>
  </rdf:Description>
  <rdf:Description rdf:about='#A98747'>
    <rdf:type rdf:resource='http://www.daml.org/2001/12/factbook/factbook-ont#Port'/>
    <NS0:name>Helsingborg</NS0:name>
  </rdf:Description>
</rdf:RDF>
