<?xml version='1.0' encoding='ISO-8859-1'?>
<rdf:RDF
  xmlns:rdf='http://www.w3.org/1999/02/22-rdf-syntax-ns#'
  xmlns:NS0='http://www.daml.org/2001/12/factbook/factbook-ont#'
  xml:base="http://www.daml.org/2001/12/factbook/sx">
  <rdf:Description rdf:about='#A98899'>
    <NS0:year>1997</NS0:year>
  </rdf:Description>
  <rdf:Description rdf:about='#A98865'>
    <rdf:type rdf:resource='http://www.daml.org/2001/12/factbook/factbook-ont#ElevationExtreme'/>
    <NS0:name>Atlantic Ocean</NS0:name>
    <NS0:elevation>0</NS0:elevation>
  </rdf:Description>
  <rdf:Description rdf:about='#A98851'>
    <rdf:type rdf:resource='http://www.daml.org/2001/12/factbook/factbook-ont#LatLon'/>
    <NS0:latitude>-54.5</NS0:latitude>
    <NS0:longitude>-37.0</NS0:longitude>
  </rdf:Description>
  <rdf:Description rdf:about='http://www.daml.org/2001/09/countries/fips#SX'>
    <NS0:background>The islands lie approximately 1,000 km east of the Falkland Islands. Grytviken, on South Georgia, was a 19th and early 20th century whaling station. The famed explorer Ernest SHACKLETON stopped there in 1914 en route to his ill-fated attempt to cross Antarctica on foot. He returned some 20 months later with a few companions in a small boat and arranged a successful rescue for the rest of his crew, stranded off the Antarctic Peninsula. He died in 1922 on a subsequent expedition and is buried in Grytviken. Today, the station houses a small military garrison. The islands have large bird and seal populations and, recognizing the importance of preserving the marine stocks in adjacent waters, the UK, in 1993, extended the exclusive fishing zone from 12 miles to 200 miles around each island.</NS0:background>
    <NS0:location>Southern South America, islands in the South Atlantic Ocean, east of the tip of South America</NS0:location>
    <NS0:geographicCoordinates rdf:resource='#A98851'/>
    <NS0:mapReferences>Antarctic Region</NS0:mapReferences>
    <NS0:totalArea>3903</NS0:totalArea>
    <NS0:landArea>3903</NS0:landArea>
    <NS0:waterArea>0</NS0:waterArea>
    <NS0:comparativeArea>slightly larger than Rhode Island</NS0:comparativeArea>
    <NS0:exclusiveFishingZone>200</NS0:exclusiveFishingZone>
    <NS0:territorialSea>12</NS0:territorialSea>
    <NS0:climate>variable, with mostly westerly winds throughout the year interspersed with periods of calm; nearly all precipitation falls as snow</NS0:climate>
    <NS0:terrain>most of the islands, rising steeply from the sea, are rugged and mountainous; South Georgia is largely barren and has steep, glacier-covered mountains; the South Sandwich Islands are of volcanic origin with some active volcanoes</NS0:terrain>
    <NS0:lowestPoint rdf:resource='#A98865'/>
    <NS0:highestPoint rdf:resource='#A98870'/>
    <NS0:naturalResource rdf:resource='http://www.daml.org/2001/12/factbook/naturalResources#fish'/>
    <NS0:arableLand>0</NS0:arableLand>
    <NS0:permanentCrops>0</NS0:permanentCrops>
    <NS0:permanentPastures>0</NS0:permanentPastures>
    <NS0:forestsAndWoodland>0</NS0:forestsAndWoodland>
    <NS0:otherLandUse rdf:ID='A98880'>100</NS0:otherLandUse>
    <NS0:irrigatedLand rdf:ID='A98882'>0</NS0:irrigatedLand>
    <NS0:naturalHazard>the South Sandwich Islands have prevailing weather conditions that generally make them difficult to approach by ship</NS0:naturalHazard>
    <NS0:naturalHazard>they are also subject to active volcanism</NS0:naturalHazard>
    <NS0:environmentalIssue>NA</NS0:environmentalIssue>
    <NS0:conventionalLongCountryName>South Georgia and the South Sandwich Islands</NS0:conventionalLongCountryName>
    <NS0:conventionalShortCountryName>none</NS0:conventionalShortCountryName>
    <NS0:dependencyStatus>overseas territory of the UK, also claimed by Argentina; administered from the Falkland Islands by UK civil commissioner Donald A. LAMONT, representing Queen ELIZABETH II; Grytviken, formerly a whaling station on South Georgia, is the garrison town</NS0:dependencyStatus>
    <NS0:constitution>adopted 3 October 1985</NS0:constitution>
    <NS0:legalSystem>the laws of the UK, where applicable, apply</NS0:legalSystem>
    <NS0:flagDescription>the flag of the UK is used</NS0:flagDescription>
    <NS0:economyOverview>Some fishing takes place in adjacent waters. There is a potential source of income from harvesting fin fish and krill. The islands receive income from postage stamps produced in the UK.</NS0:economyOverview>
    <NS0:budgetRevenues>291777</NS0:budgetRevenues>
    <NS0:budgetExpenditures>451000</NS0:budgetExpenditures>
    <NS0:telephoneSystemGeneralAssessment>NA</NS0:telephoneSystemGeneralAssessment>
    <NS0:telephoneSystemDomestic>NA</NS0:telephoneSystemDomestic>
    <NS0:telephoneSystemInternational>coastal radiotelephone station at Grytviken</NS0:telephoneSystemInternational>
    <NS0:televisionBroadcastStations rdf:ID='A98899'>0</NS0:televisionBroadcastStations>
    <NS0:internetCountryCode>.gs</NS0:internetCountryCode>
    <NS0:port rdf:resource='#A98902'/>
    <NS0:internationalDispute>claimed by Argentina</NS0:internationalDispute>
    <NS0:smallFlag>http://www.cia.gov/cia/publications/factbook/flags/sx-flag.jpg</NS0:smallFlag>
    <NS0:largeFlag>http://www.cia.gov/cia/publications/factbook/flags/sx-lgflag.jpg</NS0:largeFlag>
    <NS0:map>http://www.cia.gov/cia/publications/factbook/maps/sx-map.jpg</NS0:map>
  </rdf:Description>
  <rdf:Description rdf:about='#A98880'>
    <NS0:note>largely covered by permanent ice and snow with some sparse vegetation consisting of grass, moss, and lichen</NS0:note>
  </rdf:Description>
  <rdf:Description rdf:about='#A98870'>
    <rdf:type rdf:resource='http://www.daml.org/2001/12/factbook/factbook-ont#ElevationExtreme'/>
    <NS0:name>Mount Paget (South Georgia)</NS0:name>
    <NS0:elevation>2934</NS0:elevation>
  </rdf:Description>
  <rdf:Description rdf:about='#A98902'>
    <rdf:type rdf:resource='http://www.daml.org/2001/12/factbook/factbook-ont#Port'/>
    <NS0:name>Grytviken</NS0:name>
  </rdf:Description>
  <rdf:Description rdf:about='#A98882'>
    <NS0:year>1993</NS0:year>
  </rdf:Description>
</rdf:RDF>
