<?xml version='1.0' encoding='ISO-8859-1'?>
<rdf:RDF
  xmlns:rdf='http://www.w3.org/1999/02/22-rdf-syntax-ns#'
  xmlns:NS0='http://www.daml.org/2001/12/factbook/factbook-ont#'
  xmlns:rdfs='http://www.w3.org/2000/01/rdf-schema#'
  xml:base="http://www.daml.org/2001/12/factbook/tc">
  <rdf:Description rdf:about='#A131025'>
    <rdf:type rdf:resource='http://www.daml.org/2001/12/factbook/factbook-ont#Border'/>
    <NS0:country rdf:resource='http://www.daml.org/2001/09/countries/fips#MU'/>
    <NS0:distance>410</NS0:distance>
  </rdf:Description>
  <rdf:Description rdf:about='#A100274'>
    <rdf:type rdf:resource='#Emirate'/>
    <NS0:name>Ra&apos;s al Khaymah</NS0:name>
  </rdf:Description>
  <rdf:Description rdf:about='#A100270'>
    <rdf:type rdf:resource='#Emirate'/>
    <NS0:name>Dubayy</NS0:name>
  </rdf:Description>
  <rdf:Description rdf:about='#A100216'>
    <NS0:note>official</NS0:note>
  </rdf:Description>
  <rdf:Description rdf:about='#A100266'>
    <rdf:type rdf:resource='#Emirate'/>
    <NS0:name>Ash Shariqah</NS0:name>
  </rdf:Description>
  <rdf:Description rdf:about='#A100109'>
    <rdf:type rdf:resource='http://www.daml.org/2001/12/factbook/factbook-ont#Estimate'/>
    <NS0:year>1993</NS0:year>
  </rdf:Description>
  <rdf:Description rdf:about='#A100073'>
    <rdf:type rdf:resource='http://www.daml.org/2001/12/factbook/factbook-ont#LatLon'/>
    <NS0:latitude>24.0</NS0:latitude>
    <NS0:longitude>54.0</NS0:longitude>
  </rdf:Description>
  <rdf:Description rdf:about='#A100169'>
    <rdf:type rdf:resource='http://www.daml.org/2001/12/factbook/factbook-ont#Estimate'/>
    <NS0:year>2001</NS0:year>
  </rdf:Description>
  <rdf:Description rdf:about='#A100399'>
    <rdf:type rdf:resource='http://www.daml.org/2001/12/factbook/factbook-ont#Estimate'/>
    <NS0:note>f.o.b., 2000</NS0:note>
  </rdf:Description>
  <rdf:Description rdf:about='#A100262'>
    <rdf:type rdf:resource='#Emirate'/>
    <NS0:name>Al Fujayrah</NS0:name>
  </rdf:Description>
  <rdf:Description rdf:about='#A100460'>
    <NS0:year>2000</NS0:year>
  </rdf:Description>
  <rdf:Description rdf:about='#A100258'>
    <rdf:type rdf:resource='#Emirate'/>
    <NS0:name>&apos;Ajman</NS0:name>
  </rdf:Description>
  <rdf:Description rdf:about='#A100451'>
    <NS0:year>1997</NS0:year>
  </rdf:Description>
  <rdf:Description rdf:about='#A100254'>
    <rdf:type rdf:resource='#Emirate'/>
    <NS0:name>Abu Zaby</NS0:name>
  </rdf:Description>
  <rdf:Description rdf:about='#A100247'>
    <rdf:type rdf:resource='http://www.daml.org/2001/12/factbook/factbook-ont#CapitalCity'/>
    <NS0:name>Abu Dhabi</NS0:name>
  </rdf:Description>
  <rdf:Description rdf:about='#A100453'>
    <NS0:year>1997</NS0:year>
  </rdf:Description>
  <rdf:Description rdf:about='#A100434'>
    <rdf:type rdf:resource='http://www.daml.org/2001/12/factbook/factbook-ont#CommodityPercent'/>
    <NS0:importsCommodity rdf:resource='http://www.daml.org/2001/12/factbook/commodities#food'/>
  </rdf:Description>
  <rdf:Description rdf:about='#A130759'>
    <NS0:note>1999</NS0:note>
  </rdf:Description>
  <rdf:Description rdf:about='#A100237'>
    <rdf:type rdf:resource='http://www.daml.org/2001/12/factbook/factbook-ont#Estimate'/>
    <NS0:year>1995</NS0:year>
  </rdf:Description>
  <rdf:Description rdf:about='#A100430'>
    <rdf:type rdf:resource='http://www.daml.org/2001/12/factbook/factbook-ont#CommodityPercent'/>
    <NS0:importsCommodity rdf:resource='http://www.daml.org/2001/12/factbook/commodities#chemicals'/>
  </rdf:Description>
  <rdf:Description rdf:about='#A100426'>
    <rdf:type rdf:resource='http://www.daml.org/2001/12/factbook/factbook-ont#CommodityPercent'/>
    <NS0:importsCommodity rdf:resource='http://www.daml.org/2001/12/factbook/commodities#machinery_and_transport_equipment'/>
  </rdf:Description>
  <rdf:Description rdf:about='#A100134'>
    <rdf:type rdf:resource='http://www.daml.org/2001/12/factbook/factbook-ont#Estimate'/>
    <NS0:year>2001</NS0:year>
  </rdf:Description>
  <rdf:Description rdf:about='#A100507'>
    <rdf:type rdf:resource='http://www.daml.org/2001/12/factbook/factbook-ont#Estimate'/>
    <NS0:year>2000</NS0:year>
  </rdf:Description>
  <rdf:Description rdf:about='#A100230'>
    <rdf:type rdf:resource='http://www.daml.org/2001/12/factbook/factbook-ont#LanguagePercent'/>
    <NS0:language rdf:resource='http://www.daml.org/2001/12/factbook/languages#Urdu'/>
  </rdf:Description>
  <rdf:Description rdf:about='#A100419'>
    <rdf:type rdf:resource='http://www.daml.org/2001/12/factbook/factbook-ont#CommodityPercent'/>
    <NS0:exportsCommodity rdf:resource='http://www.daml.org/2001/12/factbook/commodities#dates'/>
  </rdf:Description>
  <rdf:Description rdf:about='#A100128'>
    <rdf:type rdf:resource='http://www.daml.org/2001/12/factbook/factbook-ont#Estimate'/>
    <NS0:year>2001</NS0:year>
  </rdf:Description>
  <rdf:Description rdf:about='#A100192'>
    <NS0:note>includes Westerners and East Asians</NS0:note>
  </rdf:Description>
  <rdf:Description rdf:about='#A100226'>
    <rdf:type rdf:resource='http://www.daml.org/2001/12/factbook/factbook-ont#LanguagePercent'/>
    <NS0:language rdf:resource='http://www.daml.org/2001/12/factbook/languages#Hindi'/>
  </rdf:Description>
  <rdf:Description rdf:about='#A100455'>
    <NS0:year>1997</NS0:year>
  </rdf:Description>
  <rdf:Description rdf:about='#A100415'>
    <rdf:type rdf:resource='http://www.daml.org/2001/12/factbook/factbook-ont#CommodityPercent'/>
    <NS0:exportsCommodity rdf:resource='http://www.daml.org/2001/12/factbook/commodities#dried_fish'/>
  </rdf:Description>
  <rdf:Description rdf:about='#A100222'>
    <rdf:type rdf:resource='http://www.daml.org/2001/12/factbook/factbook-ont#LanguagePercent'/>
    <NS0:language rdf:resource='http://www.daml.org/2001/12/factbook/languages#English'/>
  </rdf:Description>
  <rdf:Description rdf:about='#A100446'>
    <NS0:year>1999</NS0:year>
  </rdf:Description>
  <rdf:Description rdf:about='#A100411'>
    <rdf:type rdf:resource='http://www.daml.org/2001/12/factbook/factbook-ont#CommodityPercent'/>
    <NS0:exportsCommodity rdf:resource='http://www.daml.org/2001/12/factbook/commodities#reexports'/>
  </rdf:Description>
  <rdf:Description rdf:about='#A100106'>
    <rdf:type rdf:resource='http://www.daml.org/2001/12/factbook/factbook-ont#Estimate'/>
    <NS0:year>1993</NS0:year>
  </rdf:Description>
  <rdf:Description rdf:about='#A100365'>
    <rdf:type rdf:resource='http://www.daml.org/2001/12/factbook/factbook-ont#Estimate'/>
    <NS0:year>1996</NS0:year>
  </rdf:Description>
  <rdf:Description rdf:about='#A100218'>
    <rdf:type rdf:resource='http://www.daml.org/2001/12/factbook/factbook-ont#LanguagePercent'/>
    <NS0:language rdf:resource='http://www.daml.org/2001/12/factbook/languages#Persian'/>
  </rdf:Description>
  <rdf:Description rdf:about='#A100407'>
    <rdf:type rdf:resource='http://www.daml.org/2001/12/factbook/factbook-ont#CommodityPercent'/>
    <NS0:exportsCommodity rdf:resource='http://www.daml.org/2001/12/factbook/commodities#natural_gas'/>
  </rdf:Description>
  <rdf:Description rdf:about='#A100213'>
    <rdf:type rdf:resource='http://www.daml.org/2001/12/factbook/factbook-ont#LanguagePercent'/>
    <NS0:language rdf:resource='http://www.daml.org/2001/12/factbook/languages#Arabic'/>
  </rdf:Description>
  <rdf:Description rdf:about='#A100402'>
    <rdf:type rdf:resource='http://www.daml.org/2001/12/factbook/factbook-ont#CommodityPercent'/>
    <NS0:exportsCommodity rdf:resource='http://www.daml.org/2001/12/factbook/commodities#crude_oil'/>
    <NS0:percent>45</NS0:percent>
  </rdf:Description>
  <rdf:Description rdf:about='#A100423'>
    <rdf:type rdf:resource='http://www.daml.org/2001/12/factbook/factbook-ont#Estimate'/>
    <NS0:note>f.o.b., 2000</NS0:note>
  </rdf:Description>
  <rdf:Description rdf:about='#A100208'>
    <rdf:type rdf:resource='http://www.daml.org/2001/12/factbook/factbook-ont#ReligionPercent'/>
    <NS0:religion rdf:resource='http://www.daml.org/2001/12/factbook/religions#other'/>
    <NS0:percent>4</NS0:percent>
  </rdf:Description>
  <rdf:Description rdf:about='#A100204'>
    <rdf:type rdf:resource='http://www.daml.org/2001/12/factbook/factbook-ont#ReligionPercent'/>
    <NS0:religion rdf:resource='http://www.daml.org/2001/12/factbook/religions#Hindu'/>
  </rdf:Description>
  <rdf:Description rdf:about='#A100348'>
    <rdf:type rdf:resource='http://www.daml.org/2001/12/factbook/factbook-ont#Estimate'/>
    <NS0:year>1998</NS0:year>
  </rdf:Description>
  <rdf:Description rdf:about='#A100200'>
    <rdf:type rdf:resource='http://www.daml.org/2001/12/factbook/factbook-ont#ReligionPercent'/>
    <NS0:religion rdf:resource='http://www.daml.org/2001/12/factbook/religions#Christian'/>
  </rdf:Description>
  <rdf:Description rdf:about='#A100444'>
    <NS0:year>1998</NS0:year>
  </rdf:Description>
  <rdf:Description rdf:about='#A130756'>
    <rdf:type rdf:resource='http://www.daml.org/2001/12/factbook/factbook-ont#CountryPercent'/>
    <NS0:country rdf:resource='http://www.daml.org/2001/09/countries/fips#KS'/>
  </rdf:Description>
  <rdf:Description rdf:about='#A100194'>
    <rdf:type rdf:resource='http://www.daml.org/2001/12/factbook/factbook-ont#ReligionPercent'/>
    <NS0:religion rdf:resource='http://www.daml.org/2001/12/factbook/religions#Muslim'/>
    <NS0:percent>96</NS0:percent>
  </rdf:Description>
  <rdf:Description rdf:about='#A130752'>
    <rdf:type rdf:resource='http://www.daml.org/2001/12/factbook/factbook-ont#CountryPercent'/>
    <NS0:country rdf:resource='http://www.daml.org/2001/09/countries/fips#GM'/>
  </rdf:Description>
  <rdf:Description rdf:about='#A100125'>
    <rdf:type rdf:resource='http://www.daml.org/2001/12/factbook/factbook-ont#Estimate'/>
    <NS0:year>2001</NS0:year>
  </rdf:Description>
  <rdf:Description rdf:about='#A100189'>
    <rdf:type rdf:resource='http://www.daml.org/2001/12/factbook/factbook-ont#EthnicGroupPercent'/>
    <NS0:ethnicGroup rdf:resource='http://www.daml.org/2001/12/factbook/ethnicGroups#other_expatriates_8%_(1982)'/>
  </rdf:Description>
  <rdf:Description rdf:about='#A100570'>
    <rdf:type rdf:resource='http://www.daml.org/2001/12/factbook/factbook-ont#AirportBreakdown'/>
    <NS0:paved>false</NS0:paved>
    <NS0:maxRunway>913</NS0:maxRunway>
    <NS0:count>3 (2000 est.)</NS0:count>
  </rdf:Description>
  <rdf:Description rdf:about='#A130747'>
    <rdf:type rdf:resource='http://www.daml.org/2001/12/factbook/factbook-ont#CountryPercent'/>
    <NS0:country rdf:resource='http://www.daml.org/2001/09/countries/fips#IT'/>
    <NS0:percent>6</NS0:percent>
  </rdf:Description>
  <rdf:Description rdf:about='#A100576'>
    <rdf:type rdf:resource='http://www.daml.org/2001/12/factbook/factbook-ont#Estimate'/>
    <NS0:year>2000</NS0:year>
  </rdf:Description>
  <rdf:Description rdf:about='#A100587'>
    <NS0:note>FY00</NS0:note>
  </rdf:Description>
  <rdf:Description rdf:about='#A100184'>
    <rdf:type rdf:resource='http://www.daml.org/2001/12/factbook/factbook-ont#EthnicGroupPercent'/>
    <NS0:ethnicGroup rdf:resource='http://www.daml.org/2001/12/factbook/ethnicGroups#South_Asian'/>
    <NS0:percent>50</NS0:percent>
  </rdf:Description>
  <rdf:Description rdf:about='#A100384'>
    <NS0:year>1999</NS0:year>
  </rdf:Description>
  <rdf:Description rdf:about='#A130742'>
    <rdf:type rdf:resource='http://www.daml.org/2001/12/factbook/factbook-ont#CountryPercent'/>
    <NS0:country rdf:resource='http://www.daml.org/2001/09/countries/fips#UK'/>
    <NS0:percent>8</NS0:percent>
  </rdf:Description>
  <rdf:Description rdf:about='#A100166'>
    <rdf:type rdf:resource='http://www.daml.org/2001/12/factbook/factbook-ont#Estimate'/>
    <NS0:year>2001</NS0:year>
  </rdf:Description>
  <rdf:Description rdf:about='#A100390'>
    <NS0:year>1999</NS0:year>
  </rdf:Description>
  <rdf:Description rdf:about='#A100563'>
    <rdf:type rdf:resource='http://www.daml.org/2001/12/factbook/factbook-ont#AirportBreakdown'/>
    <NS0:paved>false</NS0:paved>
    <NS0:minRunway>914</NS0:minRunway>
    <NS0:maxRunway>1523</NS0:maxRunway>
    <NS0:count>9</NS0:count>
  </rdf:Description>
  <rdf:Description rdf:about='#A100179'>
    <rdf:type rdf:resource='http://www.daml.org/2001/12/factbook/factbook-ont#EthnicGroupPercent'/>
    <NS0:ethnicGroup rdf:resource='http://www.daml.org/2001/12/factbook/ethnicGroups#other_Arab_and_Iranian'/>
    <NS0:percent>23</NS0:percent>
  </rdf:Description>
  <rdf:Description rdf:about='#A131091'>
    <NS0:note>1999</NS0:note>
  </rdf:Description>
  <rdf:Description rdf:about='#A130737'>
    <rdf:type rdf:resource='http://www.daml.org/2001/12/factbook/factbook-ont#CountryPercent'/>
    <NS0:country rdf:resource='http://www.daml.org/2001/09/countries/fips#US'/>
    <NS0:percent>8</NS0:percent>
  </rdf:Description>
  <rdf:Description rdf:about='#A100174'>
    <rdf:type rdf:resource='http://www.daml.org/2001/12/factbook/factbook-ont#EthnicGroupPercent'/>
    <NS0:ethnicGroup rdf:resource='http://www.daml.org/2001/12/factbook/ethnicGroups#Emirati'/>
    <NS0:percent>19</NS0:percent>
  </rdf:Description>
  <rdf:Description rdf:about='#A100556'>
    <rdf:type rdf:resource='http://www.daml.org/2001/12/factbook/factbook-ont#AirportBreakdown'/>
    <NS0:paved>false</NS0:paved>
    <NS0:minRunway>1524</NS0:minRunway>
    <NS0:maxRunway>2437</NS0:maxRunway>
    <NS0:count>4</NS0:count>
  </rdf:Description>
  <rdf:Description rdf:about='#A130732'>
    <rdf:type rdf:resource='http://www.daml.org/2001/12/factbook/factbook-ont#CountryPercent'/>
    <NS0:country rdf:resource='http://www.daml.org/2001/09/countries/fips#JA'/>
    <NS0:percent>9</NS0:percent>
  </rdf:Description>
  <rdf:Description rdf:about='#A100386'>
    <NS0:year>1999</NS0:year>
  </rdf:Description>
  <rdf:Description rdf:about='#A100361'>
    <rdf:type rdf:resource='http://www.daml.org/2001/12/factbook/factbook-ont#OccupationPercent'/>
    <NS0:occupation rdf:resource='http://www.daml.org/2001/12/factbook/occupations#agriculture'/>
    <NS0:percent>8</NS0:percent>
  </rdf:Description>
  <rdf:Description rdf:about='#A100198'>
    <NS0:note>Shi&apos;a 16%</NS0:note>
  </rdf:Description>
  <rdf:Description rdf:about='#A130727'>
    <rdf:type rdf:resource='http://www.daml.org/2001/12/factbook/factbook-ont#CountryPercent'/>
    <NS0:country rdf:resource='http://www.daml.org/2001/09/countries/fips#IR'/>
  </rdf:Description>
  <rdf:Description rdf:about='#A100549'>
    <rdf:type rdf:resource='http://www.daml.org/2001/12/factbook/factbook-ont#AirportBreakdown'/>
    <NS0:paved>false</NS0:paved>
    <NS0:minRunway>2438</NS0:minRunway>
    <NS0:maxRunway>3047</NS0:maxRunway>
    <NS0:count>1</NS0:count>
  </rdf:Description>
  <rdf:Description rdf:about='#A131062'>
    <NS0:note>1999</NS0:note>
  </rdf:Description>
  <rdf:Description rdf:about='http://www.daml.org/2001/09/countries/fips#TC'>
    <NS0:background>The Trucial States of the Persian Gulf coast granted the UK control of their defense and foreign affairs in 19th century treaties. In 1971, six of these states - Abu Zaby, &apos;Ajman, Al Fujayrah, Ash Shariqah, Dubayy, and Umm al Qaywayn - merged to form the UAE. They were joined in 1972 by Ra&apos;s al Khaymah. The UAE&apos;s per capita GDP is not far below those of the leading West European nations. Its generosity with oil revenues and its moderate foreign policy stance have allowed it to play a vital role in the affairs of the region.</NS0:background>
    <NS0:location>Middle East, bordering the Gulf of Oman and the Persian Gulf, between Oman and Saudi Arabia</NS0:location>
    <NS0:geographicCoordinates rdf:resource='#A100073'/>
    <NS0:mapReferences>Middle East</NS0:mapReferences>
    <NS0:totalArea>82880</NS0:totalArea>
    <NS0:landArea>82880</NS0:landArea>
    <NS0:waterArea>0</NS0:waterArea>
    <NS0:comparativeArea>slightly smaller than Maine</NS0:comparativeArea>
    <NS0:landBoundaries>867</NS0:landBoundaries>
    <NS0:coastline>1318</NS0:coastline>
    <NS0:contiguousZone>24</NS0:contiguousZone>
    <NS0:exclusiveEconomicZone>200</NS0:exclusiveEconomicZone>
    <NS0:territorialSea>12</NS0:territorialSea>
    <NS0:climate>desert; cooler in eastern mountains</NS0:climate>
    <NS0:terrain>flat, barren coastal plain merging into rolling sand dunes of vast desert wasteland; mountains in east</NS0:terrain>
    <NS0:lowestPoint rdf:resource='#A100090'/>
    <NS0:highestPoint rdf:resource='#A100095'/>
    <NS0:naturalResource rdf:resource='http://www.daml.org/2001/12/factbook/naturalResources#petroleum'/>
    <NS0:naturalResource rdf:resource='http://www.daml.org/2001/12/factbook/naturalResources#natural_gas'/>
    <NS0:arableLand>0</NS0:arableLand>
    <NS0:permanentCrops>0</NS0:permanentCrops>
    <NS0:permanentPastures>2</NS0:permanentPastures>
    <NS0:forestsAndWoodland>0</NS0:forestsAndWoodland>
    <NS0:otherLandUse rdf:ID='A100106'>98</NS0:otherLandUse>
    <NS0:irrigatedLand rdf:ID='A100109'>50</NS0:irrigatedLand>
    <NS0:naturalHazard>frequent sand and dust storms</NS0:naturalHazard>
    <NS0:environmentalIssue>lack of natural freshwater resources being overcome by desalination plants</NS0:environmentalIssue>
    <NS0:environmentalIssue>desertification</NS0:environmentalIssue>
    <NS0:environmentalIssue>beach pollution from oil spills</NS0:environmentalIssue>
    <NS0:environmentalAgreementPartyTo rdf:resource='http://www.daml.org/2001/12/factbook/environmentalAgreements#Biodiversity'/>
    <NS0:environmentalAgreementPartyTo rdf:resource='http://www.daml.org/2001/12/factbook/environmentalAgreements#Climate_Change'/>
    <NS0:environmentalAgreementPartyTo rdf:resource='http://www.daml.org/2001/12/factbook/environmentalAgreements#Desertification'/>
    <NS0:environmentalAgreementPartyTo rdf:resource='http://www.daml.org/2001/12/factbook/environmentalAgreements#Endangered_Species'/>
    <NS0:environmentalAgreementPartyTo rdf:resource='http://www.daml.org/2001/12/factbook/environmentalAgreements#Hazardous_Wastes'/>
    <NS0:environmentalAgreementPartyTo rdf:resource='http://www.daml.org/2001/12/factbook/environmentalAgreements#Marine_Dumping'/>
    <NS0:environmentalAgreementPartyTo rdf:resource='http://www.daml.org/2001/12/factbook/environmentalAgreements#Ozone_Layer_Protection'/>
    <NS0:environmentalAgreementSigned rdf:resource='http://www.daml.org/2001/12/factbook/environmentalAgreements#Law_of_the_Sea'/>
    <NS0:population>2407460</NS0:population>
    <NS0:populationGrowthRate rdf:ID='A100125'>1.59</NS0:populationGrowthRate>
    <NS0:birthRate rdf:ID='A100128'>18.11</NS0:birthRate>
    <NS0:deathRate rdf:ID='A100131'>3.79</NS0:deathRate>
    <NS0:netMigrationRate rdf:ID='A100134'>1.61</NS0:netMigrationRate>
    <NS0:sexRatio rdf:resource='#A100137'/>
    <NS0:sexRatio rdf:resource='#A100143'/>
    <NS0:sexRatio rdf:resource='#A100149'/>
    <NS0:sexRatio rdf:resource='#A100155'/>
    <NS0:sexRatio rdf:ID='A100163' rdf:resource='#A100160'/>
    <NS0:infantMortalityRate rdf:ID='A100166'>16.68</NS0:infantMortalityRate>
    <NS0:totalFertilityRate rdf:ID='A100169'>3.23</NS0:totalFertilityRate>
    <NS0:nationalityNoun>Emirati(s)</NS0:nationalityNoun>
    <NS0:nationalityAdjective>Emirati</NS0:nationalityAdjective>
    <NS0:ethnicGroup rdf:resource='#A100174'/>
    <NS0:ethnicGroup rdf:resource='#A100179'/>
    <NS0:ethnicGroup rdf:resource='#A100184'/>
    <NS0:ethnicGroup rdf:ID='A100192' rdf:resource='#A100189'/>
    <NS0:religion rdf:ID='A100198' rdf:resource='#A100194'/>
    <NS0:religion rdf:resource='#A100200'/>
    <NS0:religion rdf:resource='#A100204'/>
    <NS0:religion rdf:resource='#A100208'/>
    <NS0:language rdf:ID='A100216' rdf:resource='#A100213'/>
    <NS0:language rdf:resource='#A100218'/>
    <NS0:language rdf:resource='#A100222'/>
    <NS0:language rdf:resource='#A100226'/>
    <NS0:language rdf:resource='#A100230'/>
    <NS0:literacyDefinition>age 15 and over can read and write</NS0:literacyDefinition>
    <NS0:literacyTotal>79.2</NS0:literacyTotal>
    <NS0:literacyMale>78.9</NS0:literacyMale>
    <NS0:literacyFemale rdf:ID='A100237'>79.8</NS0:literacyFemale>
    <NS0:conventionalLongCountryName>United Arab Emirates</NS0:conventionalLongCountryName>
    <NS0:conventionalShortCountryName>none</NS0:conventionalShortCountryName>
    <NS0:localLongCountryName>Al Imarat al Arabiyah al Muttahidah</NS0:localLongCountryName>
    <NS0:localShortCountryName>none</NS0:localShortCountryName>
    <NS0:formerCountryName>Trucial Oman, Trucial States</NS0:formerCountryName>
    <NS0:countryAbbreviation>UAE</NS0:countryAbbreviation>
    <NS0:governmentType rdf:resource='http://www.daml.org/2001/12/factbook/governmentTypes#federation_with_specified_powers_delegated_to_the_UAE_federal_government_and_other_powers_reserved_to_member_emirates'/>
    <NS0:capital rdf:resource='#A100247'/>
    <NS0:administrativeDivision rdf:resource='#A100254'/>
    <NS0:administrativeDivision rdf:resource='#A100258'/>
    <NS0:administrativeDivision rdf:resource='#A100262'/>
    <NS0:administrativeDivision rdf:resource='#A100266'/>
    <NS0:administrativeDivision rdf:resource='#A100270'/>
    <NS0:administrativeDivision rdf:resource='#A100274'/>
    <NS0:administrativeDivision rdf:resource='#A100278'/>
    <NS0:independence>2 December 1971 (from UK)</NS0:independence>
    <NS0:constitution>2 December 1971 (made permanent in 1996)</NS0:constitution>
    <NS0:legalSystem>federal court system introduced in 1971; all emirates except Dubayy (Dubai) and Ra&apos;s al Khaymah have joined the federal system; all emirates have secular and Islamic law for civil, criminal, and high courts</NS0:legalSystem>
    <NS0:suffrage>none</NS0:suffrage>
    <NS0:participatesIn rdf:resource='http://www.daml.org/2001/12/factbook/internationalOrganizations#ABEDA'/>
    <NS0:participatesIn rdf:resource='http://www.daml.org/2001/12/factbook/internationalOrganizations#AFESD'/>
    <NS0:participatesIn rdf:resource='http://www.daml.org/2001/12/factbook/internationalOrganizations#AL'/>
    <NS0:participatesIn rdf:resource='http://www.daml.org/2001/12/factbook/internationalOrganizations#AMF'/>
    <NS0:participatesIn rdf:resource='http://www.daml.org/2001/12/factbook/internationalOrganizations#CAEU'/>
    <NS0:participatesIn rdf:resource='http://www.daml.org/2001/12/factbook/internationalOrganizations#CCC'/>
    <NS0:participatesIn rdf:resource='http://www.daml.org/2001/12/factbook/internationalOrganizations#ESCWA'/>
    <NS0:participatesIn rdf:resource='http://www.daml.org/2001/12/factbook/internationalOrganizations#FAO'/>
    <NS0:participatesIn rdf:resource='http://www.daml.org/2001/12/factbook/internationalOrganizations#G-77'/>
    <NS0:participatesIn rdf:resource='http://www.daml.org/2001/12/factbook/internationalOrganizations#GCC'/>
    <NS0:participatesIn rdf:resource='http://www.daml.org/2001/12/factbook/internationalOrganizations#IAEA'/>
    <NS0:participatesIn rdf:resource='http://www.daml.org/2001/12/factbook/internationalOrganizations#IBRD'/>
    <NS0:participatesIn rdf:resource='http://www.daml.org/2001/12/factbook/internationalOrganizations#ICAO'/>
    <NS0:participatesIn rdf:resource='http://www.daml.org/2001/12/factbook/internationalOrganizations#ICRM'/>
    <NS0:participatesIn rdf:resource='http://www.daml.org/2001/12/factbook/internationalOrganizations#IDA'/>
    <NS0:participatesIn rdf:resource='http://www.daml.org/2001/12/factbook/internationalOrganizations#IDB'/>
    <NS0:participatesIn rdf:resource='http://www.daml.org/2001/12/factbook/internationalOrganizations#IFAD'/>
    <NS0:participatesIn rdf:resource='http://www.daml.org/2001/12/factbook/internationalOrganizations#IFC'/>
    <NS0:participatesIn rdf:resource='http://www.daml.org/2001/12/factbook/internationalOrganizations#IFRCS'/>
    <NS0:participatesIn rdf:resource='http://www.daml.org/2001/12/factbook/internationalOrganizations#IHO'/>
    <NS0:participatesIn rdf:resource='http://www.daml.org/2001/12/factbook/internationalOrganizations#ILO'/>
    <NS0:participatesIn rdf:resource='http://www.daml.org/2001/12/factbook/internationalOrganizations#IMF'/>
    <NS0:participatesIn rdf:resource='http://www.daml.org/2001/12/factbook/internationalOrganizations#IMO'/>
    <NS0:participatesIn rdf:resource='http://www.daml.org/2001/12/factbook/internationalOrganizations#Inmarsat'/>
    <NS0:participatesIn rdf:resource='http://www.daml.org/2001/12/factbook/internationalOrganizations#Intelsat'/>
    <NS0:participatesIn rdf:resource='http://www.daml.org/2001/12/factbook/internationalOrganizations#Interpol'/>
    <NS0:participatesIn rdf:resource='http://www.daml.org/2001/12/factbook/internationalOrganizations#IOC'/>
    <NS0:participatesIn rdf:resource='http://www.daml.org/2001/12/factbook/internationalOrganizations#ISO'/>
    <NS0:participatesIn rdf:resource='http://www.daml.org/2001/12/factbook/internationalOrganizations#ITU'/>
    <NS0:participatesIn rdf:resource='http://www.daml.org/2001/12/factbook/internationalOrganizations#NAM'/>
    <NS0:participatesIn rdf:resource='http://www.daml.org/2001/12/factbook/internationalOrganizations#OAPEC'/>
    <NS0:participatesIn rdf:resource='http://www.daml.org/2001/12/factbook/internationalOrganizations#OIC'/>
    <NS0:participatesIn rdf:resource='http://www.daml.org/2001/12/factbook/internationalOrganizations#OPCW'/>
    <NS0:participatesIn rdf:resource='http://www.daml.org/2001/12/factbook/internationalOrganizations#OPEC'/>
    <NS0:participatesIn rdf:resource='http://www.daml.org/2001/12/factbook/internationalOrganizations#UN'/>
    <NS0:participatesIn rdf:resource='http://www.daml.org/2001/12/factbook/internationalOrganizations#UNCTAD'/>
    <NS0:participatesIn rdf:resource='http://www.daml.org/2001/12/factbook/internationalOrganizations#UNESCO'/>
    <NS0:participatesIn rdf:resource='http://www.daml.org/2001/12/factbook/internationalOrganizations#UNIDO'/>
    <NS0:participatesIn rdf:resource='http://www.daml.org/2001/12/factbook/internationalOrganizations#UPU'/>
    <NS0:participatesIn rdf:resource='http://www.daml.org/2001/12/factbook/internationalOrganizations#WHO'/>
    <NS0:participatesIn rdf:resource='http://www.daml.org/2001/12/factbook/internationalOrganizations#WIPO'/>
    <NS0:participatesIn rdf:resource='http://www.daml.org/2001/12/factbook/internationalOrganizations#WMO'/>
    <NS0:participatesIn rdf:resource='http://www.daml.org/2001/12/factbook/internationalOrganizations#WTrO'/>
    <NS0:flagDescription>three equal horizontal bands of green (top), white, and black with a thicker vertical red band on the hoist side</NS0:flagDescription>
    <NS0:economyOverview>The UAE has an open economy with a high per capita income and a sizable annual trade surplus. Its wealth is based on oil and gas output (about 33% of GDP), and the fortunes of the economy fluctuate with the prices of those commodities. Since 1973, the UAE has undergone a profound transformation from an impoverished region of small desert principalities to a modern state with a high standard of living. At present levels of production, oil and gas reserves should last for more than 100 years. Despite higher oil revenues in 1999-2000, the government has not drawn back from the economic reforms implemented during the 1998 oil price depression. The government has increased spending on job creation and infrastructure expansion and is opening up its utilities to greater private-sector involvement.</NS0:economyOverview>
    <NS0:grossDomesticProduct rdf:ID='A100331'>54000000000</NS0:grossDomesticProduct>
    <NS0:grossDomesticProductRealGrowth rdf:ID='A100334'>4</NS0:grossDomesticProductRealGrowth>
    <NS0:grossDomesticProductPerCapita rdf:ID='A100337'>22800</NS0:grossDomesticProductPerCapita>
    <NS0:grossDomesticProductAgriculture>3</NS0:grossDomesticProductAgriculture>
    <NS0:grossDomesticProductIndustry>52</NS0:grossDomesticProductIndustry>
    <NS0:grossDomesticProductServices rdf:ID='A100342'>45</NS0:grossDomesticProductServices>
    <NS0:inflationRate rdf:ID='A100345'>4.5</NS0:inflationRate>
    <NS0:laborForce rdf:ID='A100348'>1400000</NS0:laborForce>
    <NS0:occupation rdf:resource='#A100351'/>
    <NS0:occupation rdf:resource='#A100356'/>
    <NS0:occupation rdf:ID='A100365' rdf:resource='#A100361'/>
    <NS0:budgetRevenues>6500000000</NS0:budgetRevenues>
    <NS0:budgetExpenditures>7300000000</NS0:budgetExpenditures>
    <NS0:industry rdf:resource='http://www.daml.org/2001/12/factbook/industries#petroleum'/>
    <NS0:industry rdf:resource='http://www.daml.org/2001/12/factbook/industries#fishing'/>
    <NS0:industry rdf:resource='http://www.daml.org/2001/12/factbook/industries#petrochemicals'/>
    <NS0:industry rdf:resource='http://www.daml.org/2001/12/factbook/industries#construction_materials'/>
    <NS0:industry rdf:resource='http://www.daml.org/2001/12/factbook/industries#some_boat_building'/>
    <NS0:industry rdf:resource='http://www.daml.org/2001/12/factbook/industries#handicrafts'/>
    <NS0:industry rdf:resource='http://www.daml.org/2001/12/factbook/industries#pearling'/>
    <NS0:industrialProductionGrowthRate rdf:ID='A100377'>4</NS0:industrialProductionGrowthRate>
    <NS0:electricityProduction rdf:ID='A100379'>36700000000</NS0:electricityProduction>
    <NS0:electricityProductionFossilFuel>100</NS0:electricityProductionFossilFuel>
    <NS0:electricityProductionHydro>0</NS0:electricityProductionHydro>
    <NS0:electricityProductionNuclear>0</NS0:electricityProductionNuclear>
    <NS0:electricityProductionOther rdf:ID='A100384'>0</NS0:electricityProductionOther>
    <NS0:electricityConsumption rdf:ID='A100386'>34131000000</NS0:electricityConsumption>
    <NS0:electricityExports rdf:ID='A100388'>0</NS0:electricityExports>
    <NS0:electricityImports rdf:ID='A100390'>0</NS0:electricityImports>
    <NS0:agricultureProduct rdf:resource='http://www.daml.org/2001/12/factbook/agricultureProducts#dates'/>
    <NS0:agricultureProduct rdf:resource='http://www.daml.org/2001/12/factbook/agricultureProducts#vegetables'/>
    <NS0:agricultureProduct rdf:resource='http://www.daml.org/2001/12/factbook/agricultureProducts#watermelons'/>
    <NS0:agricultureProduct rdf:resource='http://www.daml.org/2001/12/factbook/agricultureProducts#poultry'/>
    <NS0:agricultureProduct rdf:resource='http://www.daml.org/2001/12/factbook/agricultureProducts#eggs'/>
    <NS0:agricultureProduct rdf:resource='http://www.daml.org/2001/12/factbook/agricultureProducts#dairy_products'/>
    <NS0:agricultureProduct rdf:resource='http://www.daml.org/2001/12/factbook/agricultureProducts#fish'/>
    <NS0:exports rdf:ID='A100399'>46000000000</NS0:exports>
    <NS0:exportsCommodity rdf:resource='#A100402'/>
    <NS0:exportsCommodity rdf:resource='#A100407'/>
    <NS0:exportsCommodity rdf:resource='#A100411'/>
    <NS0:exportsCommodity rdf:resource='#A100415'/>
    <NS0:exportsCommodity rdf:resource='#A100419'/>
    <NS0:imports rdf:ID='A100423'>34000000000</NS0:imports>
    <NS0:importsCommodity rdf:resource='#A100426'/>
    <NS0:importsCommodity rdf:resource='#A100430'/>
    <NS0:importsCommodity rdf:resource='#A100434'/>
    <NS0:externalDebt rdf:ID='A100438'>12600000000</NS0:externalDebt>
    <NS0:currency>Emirati dirham (AED)</NS0:currency>
    <NS0:currencyCode>AED</NS0:currencyCode>
    <NS0:fiscalYear>calendar year</NS0:fiscalYear>
    <NS0:mainTelephoneLines rdf:ID='A100444'>915223</NS0:mainTelephoneLines>
    <NS0:mobileTelephoneLines rdf:ID='A100446'>1000000</NS0:mobileTelephoneLines>
    <NS0:telephoneSystemGeneralAssessment>modern system consisting of microwave radio relay and coaxial cable; key centers are Abu Dhabi and Dubai</NS0:telephoneSystemGeneralAssessment>
    <NS0:telephoneSystemDomestic>microwave radio relay and coaxial cable</NS0:telephoneSystemDomestic>
    <NS0:telephoneSystemInternational>satellite earth stations - 3 Intelsat (1 Atlantic Ocean and 2 Indian Ocean) and 1 Arabsat; submarine cables to Qatar, Bahrain, India, and Pakistan; tropospheric scatter to Bahrain; microwave radio relay to Saudi Arabia</NS0:telephoneSystemInternational>
    <NS0:radios rdf:ID='A100451'>820000</NS0:radios>
    <NS0:televisionBroadcastStations rdf:ID='A100453'>15</NS0:televisionBroadcastStations>
    <NS0:televisions rdf:ID='A100455'>310000</NS0:televisions>
    <NS0:internetCountryCode>.ae</NS0:internetCountryCode>
    <NS0:internetServiceProviders rdf:ID='A100458'>1</NS0:internetServiceProviders>
    <NS0:internetUsers rdf:ID='A100460'>400000</NS0:internetUsers>
    <NS0:highwaysTotal>4835</NS0:highwaysTotal>
    <NS0:highwaysPaved>4835</NS0:highwaysPaved>
    <NS0:highwaysUnpaved rdf:ID='A100464'>0</NS0:highwaysUnpaved>
    <NS0:port rdf:resource='#A100467'/>
    <NS0:port rdf:resource='#A100471'/>
    <NS0:port rdf:resource='#A100475'/>
    <NS0:port rdf:resource='#A100479'/>
    <NS0:port rdf:resource='#A100483'/>
    <NS0:port rdf:resource='#A100487'/>
    <NS0:port rdf:resource='#A100491'/>
    <NS0:port rdf:resource='#A100495'/>
    <NS0:port rdf:resource='#A100499'/>
    <NS0:port rdf:resource='#A100503'/>
    <NS0:airports rdf:ID='A100507'>40</NS0:airports>
    <NS0:airportBreakdown rdf:resource='#A100510'/>
    <NS0:airportBreakdown rdf:resource='#A100516'/>
    <NS0:airportBreakdown rdf:resource='#A100523'/>
    <NS0:airportBreakdown rdf:resource='#A100530'/>
    <NS0:airportBreakdown rdf:resource='#A100537'/>
    <NS0:airportBreakdown rdf:resource='#A100543'/>
    <NS0:airportBreakdown rdf:resource='#A100549'/>
    <NS0:airportBreakdown rdf:resource='#A100556'/>
    <NS0:airportBreakdown rdf:resource='#A100563'/>
    <NS0:airportBreakdown rdf:resource='#A100570'/>
    <NS0:heliports rdf:ID='A100576'>2</NS0:heliports>
    <NS0:militaryAge>18</NS0:militaryAge>
    <NS0:malesOfMilitaryAge>778842</NS0:malesOfMilitaryAge>
    <NS0:malesFitForMilitaryService rdf:ID='A100581'>420484</NS0:malesFitForMilitaryService>
    <NS0:malesReachingMilitaryAgeAnnually rdf:ID='A100584'>25482</NS0:malesReachingMilitaryAgeAnnually>
    <NS0:militaryExpenditures rdf:ID='A100587'>1600000000</NS0:militaryExpenditures>
    <NS0:militaryExpendituresPercentGDP rdf:ID='A100589'>3.1</NS0:militaryExpendituresPercentGDP>
    <NS0:internationalDispute>location and status of boundary with Saudi Arabia is not final, de facto boundary reflects 1974 agreement</NS0:internationalDispute>
    <NS0:internationalDispute>boundary with Oman has not been bilaterally defined</NS0:internationalDispute>
    <NS0:internationalDispute>northern section in the Musandam Peninsula is an administrative boundary</NS0:internationalDispute>
    <NS0:internationalDispute>claims two islands in the Persian Gulf occupied by Iran: Lesser Tunb and Greater Tunb (called Tunb al Kubra in Arabic by UAE and Jazireh-ye Tonb-e Bozorg in Persian by Iran)</NS0:internationalDispute>
    <NS0:internationalDispute>claims island in the Persian Gulf jointly administered with Iran - over which Iran has taken steps to exert unilateral control since 1992, including access restrictions and a military build-up on the island</NS0:internationalDispute>
    <NS0:internationalDispute>the UAE has garnered significant diplomatic support in the region in protesting these Iranian actions</NS0:internationalDispute>
    <NS0:illicitDrugs>growing role as heroin transshipment and money-laundering center due to its proximity to southwest Asian producing countries and the bustling free trade zone in Dubai</NS0:illicitDrugs>
    <NS0:smallFlag>http://www.cia.gov/cia/publications/factbook/flags/tc-flag.jpg</NS0:smallFlag>
    <NS0:largeFlag>http://www.cia.gov/cia/publications/factbook/flags/tc-lgflag.jpg</NS0:largeFlag>
    <NS0:map>http://www.cia.gov/cia/publications/factbook/maps/tc-map.jpg</NS0:map>
    <NS0:border rdf:resource='#A130693'/>
    <NS0:border rdf:resource='#A130698'/>
    <NS0:exportPartner rdf:resource='#A130703'/>
    <NS0:exportPartner rdf:resource='#A130708'/>
    <NS0:exportPartner rdf:resource='#A130713'/>
    <NS0:exportPartner rdf:resource='#A130718'/>
    <NS0:exportPartner rdf:resource='#A130723'/>
    <NS0:exportPartner rdf:ID='A130730' rdf:resource='#A130727'/>
    <NS0:importPartner rdf:resource='#A130732'/>
    <NS0:importPartner rdf:resource='#A130737'/>
    <NS0:importPartner rdf:resource='#A130742'/>
    <NS0:importPartner rdf:resource='#A130747'/>
    <NS0:importPartner rdf:resource='#A130752'/>
    <NS0:importPartner rdf:ID='A130759' rdf:resource='#A130756'/>
    <NS0:border rdf:resource='#A131025'/>
    <NS0:border rdf:resource='#A131030'/>
    <NS0:exportPartner rdf:resource='#A131035'/>
    <NS0:exportPartner rdf:resource='#A131040'/>
    <NS0:exportPartner rdf:resource='#A131045'/>
    <NS0:exportPartner rdf:resource='#A131050'/>
    <NS0:exportPartner rdf:resource='#A131055'/>
    <NS0:exportPartner rdf:ID='A131062' rdf:resource='#A131059'/>
    <NS0:importPartner rdf:resource='#A131064'/>
    <NS0:importPartner rdf:resource='#A131069'/>
    <NS0:importPartner rdf:resource='#A131074'/>
    <NS0:importPartner rdf:resource='#A131079'/>
    <NS0:importPartner rdf:resource='#A131084'/>
    <NS0:importPartner rdf:ID='A131091' rdf:resource='#A131088'/>
  </rdf:Description>
  <rdf:Description rdf:about='#A100356'>
    <rdf:type rdf:resource='http://www.daml.org/2001/12/factbook/factbook-ont#OccupationPercent'/>
    <NS0:occupation rdf:resource='http://www.daml.org/2001/12/factbook/occupations#industry'/>
    <NS0:percent>32</NS0:percent>
  </rdf:Description>
  <rdf:Description rdf:about='#A130723'>
    <rdf:type rdf:resource='http://www.daml.org/2001/12/factbook/factbook-ont#CountryPercent'/>
    <NS0:country rdf:resource='http://www.daml.org/2001/09/countries/fips#MU'/>
  </rdf:Description>
  <rdf:Description rdf:about='#A100543'>
    <rdf:type rdf:resource='http://www.daml.org/2001/12/factbook/factbook-ont#AirportBreakdown'/>
    <NS0:paved>false</NS0:paved>
    <NS0:minRunway>3048</NS0:minRunway>
    <NS0:count>1</NS0:count>
  </rdf:Description>
  <rdf:Description rdf:about='#A100160'>
    <rdf:type rdf:resource='http://www.daml.org/2001/12/factbook/factbook-ont#SexRatioBreakdown'/>
    <NS0:ratio>1.5</NS0:ratio>
  </rdf:Description>
  <rdf:Description rdf:about='#A100351'>
    <rdf:type rdf:resource='http://www.daml.org/2001/12/factbook/factbook-ont#OccupationPercent'/>
    <NS0:occupation rdf:resource='http://www.daml.org/2001/12/factbook/occupations#services'/>
    <NS0:percent>60</NS0:percent>
  </rdf:Description>
  <rdf:Description rdf:about='#A130718'>
    <rdf:type rdf:resource='http://www.daml.org/2001/12/factbook/factbook-ont#CountryPercent'/>
    <NS0:country rdf:resource='http://www.daml.org/2001/09/countries/fips#KS'/>
    <NS0:percent>4</NS0:percent>
  </rdf:Description>
  <rdf:Description rdf:about='#A100377'>
    <NS0:year>2000</NS0:year>
  </rdf:Description>
  <rdf:Description rdf:about='#A100155'>
    <rdf:type rdf:resource='http://www.daml.org/2001/12/factbook/factbook-ont#SexRatioBreakdown'/>
    <NS0:minAge>65</NS0:minAge>
    <NS0:ratio>2.36</NS0:ratio>
  </rdf:Description>
  <rdf:Description rdf:about='#A100537'>
    <rdf:type rdf:resource='http://www.daml.org/2001/12/factbook/factbook-ont#AirportBreakdown'/>
    <NS0:paved>true</NS0:paved>
    <NS0:maxRunway>913</NS0:maxRunway>
    <NS0:count>4 (2000 est.)</NS0:count>
  </rdf:Description>
  <rdf:Description rdf:about='#A130713'>
    <rdf:type rdf:resource='http://www.daml.org/2001/12/factbook/factbook-ont#CountryPercent'/>
    <NS0:country rdf:resource='http://www.daml.org/2001/09/countries/fips#SN'/>
    <NS0:percent>6</NS0:percent>
  </rdf:Description>
  <rdf:Description rdf:about='#A100334'>
    <rdf:type rdf:resource='http://www.daml.org/2001/12/factbook/factbook-ont#Estimate'/>
    <NS0:year>2000</NS0:year>
  </rdf:Description>
  <rdf:Description rdf:about='#A100581'>
    <rdf:type rdf:resource='http://www.daml.org/2001/12/factbook/factbook-ont#Estimate'/>
    <NS0:year>2001</NS0:year>
  </rdf:Description>
  <rdf:Description rdf:about='#A100584'>
    <rdf:type rdf:resource='http://www.daml.org/2001/12/factbook/factbook-ont#Estimate'/>
    <NS0:year>2001</NS0:year>
  </rdf:Description>
  <rdf:Description rdf:about='#A100149'>
    <rdf:type rdf:resource='http://www.daml.org/2001/12/factbook/factbook-ont#SexRatioBreakdown'/>
    <NS0:minAge>15</NS0:minAge>
    <NS0:maxAge>64</NS0:maxAge>
    <NS0:ratio>1.73</NS0:ratio>
  </rdf:Description>
  <rdf:Description rdf:about='#A100530'>
    <rdf:type rdf:resource='http://www.daml.org/2001/12/factbook/factbook-ont#AirportBreakdown'/>
    <NS0:paved>true</NS0:paved>
    <NS0:minRunway>914</NS0:minRunway>
    <NS0:maxRunway>1523</NS0:maxRunway>
    <NS0:count>3</NS0:count>
  </rdf:Description>
  <rdf:Description rdf:about='#A130708'>
    <rdf:type rdf:resource='http://www.daml.org/2001/12/factbook/factbook-ont#CountryPercent'/>
    <NS0:country rdf:resource='http://www.daml.org/2001/09/countries/fips#IN'/>
    <NS0:percent>7</NS0:percent>
  </rdf:Description>
  <rdf:Description rdf:about='#A131088'>
    <rdf:type rdf:resource='http://www.daml.org/2001/12/factbook/factbook-ont#CountryPercent'/>
    <NS0:country rdf:resource='http://www.daml.org/2001/09/countries/fips#KS'/>
  </rdf:Description>
  <rdf:Description rdf:about='#A100589'>
    <NS0:note>FY00</NS0:note>
  </rdf:Description>
  <rdf:Description rdf:about='#A100143'>
    <rdf:type rdf:resource='http://www.daml.org/2001/12/factbook/factbook-ont#SexRatioBreakdown'/>
    <NS0:minAge>0</NS0:minAge>
    <NS0:maxAge>14</NS0:maxAge>
    <NS0:ratio>1.04</NS0:ratio>
  </rdf:Description>
  <rdf:Description rdf:about='#A100131'>
    <rdf:type rdf:resource='http://www.daml.org/2001/12/factbook/factbook-ont#Estimate'/>
    <NS0:year>2001</NS0:year>
  </rdf:Description>
  <rdf:Description rdf:about='#A130703'>
    <rdf:type rdf:resource='http://www.daml.org/2001/12/factbook/factbook-ont#CountryPercent'/>
    <NS0:country rdf:resource='http://www.daml.org/2001/09/countries/fips#JA'/>
    <NS0:percent>30</NS0:percent>
  </rdf:Description>
  <rdf:Description rdf:about='#A131084'>
    <rdf:type rdf:resource='http://www.daml.org/2001/12/factbook/factbook-ont#CountryPercent'/>
    <NS0:country rdf:resource='http://www.daml.org/2001/09/countries/fips#GM'/>
  </rdf:Description>
  <rdf:Description rdf:about='#A100523'>
    <rdf:type rdf:resource='http://www.daml.org/2001/12/factbook/factbook-ont#AirportBreakdown'/>
    <NS0:paved>true</NS0:paved>
    <NS0:minRunway>1524</NS0:minRunway>
    <NS0:maxRunway>2437</NS0:maxRunway>
    <NS0:count>4</NS0:count>
  </rdf:Description>
  <rdf:Description rdf:about='#A100331'>
    <rdf:type rdf:resource='http://www.daml.org/2001/12/factbook/factbook-ont#Estimate'/>
    <NS0:year>2000</NS0:year>
  </rdf:Description>
  <rdf:Description rdf:about='#A130698'>
    <rdf:type rdf:resource='http://www.daml.org/2001/12/factbook/factbook-ont#Border'/>
    <NS0:country rdf:resource='http://www.daml.org/2001/09/countries/fips#SA'/>
    <NS0:distance>457</NS0:distance>
  </rdf:Description>
  <rdf:Description rdf:about='#A131079'>
    <rdf:type rdf:resource='http://www.daml.org/2001/12/factbook/factbook-ont#CountryPercent'/>
    <NS0:country rdf:resource='http://www.daml.org/2001/09/countries/fips#IT'/>
    <NS0:percent>6</NS0:percent>
  </rdf:Description>
  <rdf:Description rdf:about='#A100137'>
    <rdf:type rdf:resource='http://www.daml.org/2001/12/factbook/factbook-ont#SexRatioBreakdown'/>
    <NS0:minAge>0</NS0:minAge>
    <NS0:maxAge>0</NS0:maxAge>
    <NS0:ratio>1.05</NS0:ratio>
  </rdf:Description>
  <rdf:Description rdf:about='#A100516'>
    <rdf:type rdf:resource='http://www.daml.org/2001/12/factbook/factbook-ont#AirportBreakdown'/>
    <NS0:paved>true</NS0:paved>
    <NS0:minRunway>2438</NS0:minRunway>
    <NS0:maxRunway>3047</NS0:maxRunway>
    <NS0:count>3</NS0:count>
  </rdf:Description>
  <rdf:Description rdf:about='#A100342'>
    <rdf:type rdf:resource='http://www.daml.org/2001/12/factbook/factbook-ont#Estimate'/>
    <NS0:year>1996</NS0:year>
  </rdf:Description>
  <rdf:Description rdf:about='#A130693'>
    <rdf:type rdf:resource='http://www.daml.org/2001/12/factbook/factbook-ont#Border'/>
    <NS0:country rdf:resource='http://www.daml.org/2001/09/countries/fips#MU'/>
    <NS0:distance>410</NS0:distance>
  </rdf:Description>
  <rdf:Description rdf:about='#A100337'>
    <rdf:type rdf:resource='http://www.daml.org/2001/12/factbook/factbook-ont#Estimate'/>
    <NS0:year>2000</NS0:year>
  </rdf:Description>
  <rdf:Description rdf:about='#A100438'>
    <rdf:type rdf:resource='http://www.daml.org/2001/12/factbook/factbook-ont#Estimate'/>
    <NS0:year>2000</NS0:year>
  </rdf:Description>
  <rdf:Description rdf:about='#A131074'>
    <rdf:type rdf:resource='http://www.daml.org/2001/12/factbook/factbook-ont#CountryPercent'/>
    <NS0:country rdf:resource='http://www.daml.org/2001/09/countries/fips#UK'/>
    <NS0:percent>8</NS0:percent>
  </rdf:Description>
  <rdf:Description rdf:about='#A100510'>
    <rdf:type rdf:resource='http://www.daml.org/2001/12/factbook/factbook-ont#AirportBreakdown'/>
    <NS0:paved>true</NS0:paved>
    <NS0:minRunway>3048</NS0:minRunway>
    <NS0:count>8</NS0:count>
  </rdf:Description>
  <rdf:Description rdf:about='#A131069'>
    <rdf:type rdf:resource='http://www.daml.org/2001/12/factbook/factbook-ont#CountryPercent'/>
    <NS0:country rdf:resource='http://www.daml.org/2001/09/countries/fips#US'/>
    <NS0:percent>8</NS0:percent>
  </rdf:Description>
  <rdf:Description rdf:about='#A130730'>
    <NS0:note>1999</NS0:note>
  </rdf:Description>
  <rdf:Description rdf:about='#A100163'>
    <rdf:type rdf:resource='http://www.daml.org/2001/12/factbook/factbook-ont#Estimate'/>
    <NS0:year>2001</NS0:year>
  </rdf:Description>
  <rdf:Description rdf:about='#A131064'>
    <rdf:type rdf:resource='http://www.daml.org/2001/12/factbook/factbook-ont#CountryPercent'/>
    <NS0:country rdf:resource='http://www.daml.org/2001/09/countries/fips#JA'/>
    <NS0:percent>9</NS0:percent>
  </rdf:Description>
  <rdf:Description rdf:about='#A100503'>
    <rdf:type rdf:resource='http://www.daml.org/2001/12/factbook/factbook-ont#Port'/>
    <NS0:name>Umm al Qaywayn</NS0:name>
  </rdf:Description>
  <rdf:Description rdf:about='#Emirate'>
    <rdf:type rdf:resource='http://www.w3.org/2000/01/rdf-schema#Class'/>
    <rdfs:subClassOf rdf:resource='http://www.daml.org/2001/12/factbook/factbook-ont#AdministrativeDivision'/>
    <rdfs:label>Emirate</rdfs:label>
  </rdf:Description>
  <rdf:Description rdf:about='#A131059'>
    <rdf:type rdf:resource='http://www.daml.org/2001/12/factbook/factbook-ont#CountryPercent'/>
    <NS0:country rdf:resource='http://www.daml.org/2001/09/countries/fips#IR'/>
  </rdf:Description>
  <rdf:Description rdf:about='#A100499'>
    <rdf:type rdf:resource='http://www.daml.org/2001/12/factbook/factbook-ont#Port'/>
    <NS0:name>Mina&apos; Zayid</NS0:name>
  </rdf:Description>
  <rdf:Description rdf:about='#A131055'>
    <rdf:type rdf:resource='http://www.daml.org/2001/12/factbook/factbook-ont#CountryPercent'/>
    <NS0:country rdf:resource='http://www.daml.org/2001/09/countries/fips#MU'/>
  </rdf:Description>
  <rdf:Description rdf:about='#A100495'>
    <rdf:type rdf:resource='http://www.daml.org/2001/12/factbook/factbook-ont#Port'/>
    <NS0:name>Mina&apos; Saqr</NS0:name>
  </rdf:Description>
  <rdf:Description rdf:about='#A100491'>
    <rdf:type rdf:resource='http://www.daml.org/2001/12/factbook/factbook-ont#Port'/>
    <NS0:name>Mina&apos; Rashid</NS0:name>
  </rdf:Description>
  <rdf:Description rdf:about='#A131050'>
    <rdf:type rdf:resource='http://www.daml.org/2001/12/factbook/factbook-ont#CountryPercent'/>
    <NS0:country rdf:resource='http://www.daml.org/2001/09/countries/fips#KS'/>
    <NS0:percent>4</NS0:percent>
  </rdf:Description>
  <rdf:Description rdf:about='#A100487'>
    <rdf:type rdf:resource='http://www.daml.org/2001/12/factbook/factbook-ont#Port'/>
    <NS0:name>Mina&apos; Khalid</NS0:name>
  </rdf:Description>
  <rdf:Description rdf:about='#A131045'>
    <rdf:type rdf:resource='http://www.daml.org/2001/12/factbook/factbook-ont#CountryPercent'/>
    <NS0:country rdf:resource='http://www.daml.org/2001/09/countries/fips#SN'/>
    <NS0:percent>6</NS0:percent>
  </rdf:Description>
  <rdf:Description rdf:about='#A100483'>
    <rdf:type rdf:resource='http://www.daml.org/2001/12/factbook/factbook-ont#Port'/>
    <NS0:name>Mina&apos; Jabal &apos;Ali</NS0:name>
  </rdf:Description>
  <rdf:Description rdf:about='#A100345'>
    <rdf:type rdf:resource='http://www.daml.org/2001/12/factbook/factbook-ont#Estimate'/>
    <NS0:year>2000</NS0:year>
  </rdf:Description>
  <rdf:Description rdf:about='#A100464'>
    <rdf:type rdf:resource='http://www.daml.org/2001/12/factbook/factbook-ont#Estimate'/>
    <NS0:year>1998</NS0:year>
  </rdf:Description>
  <rdf:Description rdf:about='#A100458'>
    <NS0:year>2000</NS0:year>
  </rdf:Description>
  <rdf:Description rdf:about='#A131040'>
    <rdf:type rdf:resource='http://www.daml.org/2001/12/factbook/factbook-ont#CountryPercent'/>
    <NS0:country rdf:resource='http://www.daml.org/2001/09/countries/fips#IN'/>
    <NS0:percent>7</NS0:percent>
  </rdf:Description>
  <rdf:Description rdf:about='#A100479'>
    <rdf:type rdf:resource='http://www.daml.org/2001/12/factbook/factbook-ont#Port'/>
    <NS0:name>Khawr Fakkan</NS0:name>
  </rdf:Description>
  <rdf:Description rdf:about='#A100095'>
    <rdf:type rdf:resource='http://www.daml.org/2001/12/factbook/factbook-ont#ElevationExtreme'/>
    <NS0:name>Jabal Yibir</NS0:name>
    <NS0:elevation>1527</NS0:elevation>
  </rdf:Description>
  <rdf:Description rdf:about='#A100475'>
    <rdf:type rdf:resource='http://www.daml.org/2001/12/factbook/factbook-ont#Port'/>
    <NS0:name>Das Island</NS0:name>
  </rdf:Description>
  <rdf:Description rdf:about='#A131035'>
    <rdf:type rdf:resource='http://www.daml.org/2001/12/factbook/factbook-ont#CountryPercent'/>
    <NS0:country rdf:resource='http://www.daml.org/2001/09/countries/fips#JA'/>
    <NS0:percent>30</NS0:percent>
  </rdf:Description>
  <rdf:Description rdf:about='#A100090'>
    <rdf:type rdf:resource='http://www.daml.org/2001/12/factbook/factbook-ont#ElevationExtreme'/>
    <NS0:name>Persian Gulf</NS0:name>
    <NS0:elevation>0</NS0:elevation>
  </rdf:Description>
  <rdf:Description rdf:about='#A100379'>
    <NS0:year>1999</NS0:year>
  </rdf:Description>
  <rdf:Description rdf:about='#A100471'>
    <rdf:type rdf:resource='http://www.daml.org/2001/12/factbook/factbook-ont#Port'/>
    <NS0:name>Al Fujayrah</NS0:name>
  </rdf:Description>
  <rdf:Description rdf:about='#A131030'>
    <rdf:type rdf:resource='http://www.daml.org/2001/12/factbook/factbook-ont#Border'/>
    <NS0:country rdf:resource='http://www.daml.org/2001/09/countries/fips#SA'/>
    <NS0:distance>457</NS0:distance>
  </rdf:Description>
  <rdf:Description rdf:about='#A100388'>
    <NS0:year>1999</NS0:year>
  </rdf:Description>
  <rdf:Description rdf:about='#A100278'>
    <rdf:type rdf:resource='#Emirate'/>
    <NS0:name>Umm al Qaywayn</NS0:name>
  </rdf:Description>
  <rdf:Description rdf:about='#A100467'>
    <rdf:type rdf:resource='http://www.daml.org/2001/12/factbook/factbook-ont#Port'/>
    <NS0:name>&apos;Ajman</NS0:name>
  </rdf:Description>
</rdf:RDF>
