<?xml version='1.0' encoding='ISO-8859-1'?>
<rdf:RDF
  xmlns:rdf='http://www.w3.org/1999/02/22-rdf-syntax-ns#'
  xmlns:NS0='http://www.daml.org/2001/12/factbook/factbook-ont#'
  xmlns:rdfs='http://www.w3.org/2000/01/rdf-schema#'
  xml:base="http://www.daml.org/2001/12/factbook/th">
  <rdf:Description rdf:about='#A101800'>
    <rdf:type rdf:resource='http://www.daml.org/2001/12/factbook/factbook-ont#Estimate'/>
    <NS0:year>2000</NS0:year>
  </rdf:Description>
  <rdf:Description rdf:about='#A101876'>
    <rdf:type rdf:resource='http://www.daml.org/2001/12/factbook/factbook-ont#CommodityPercent'/>
    <NS0:exportsCommodity rdf:resource='http://www.daml.org/2001/12/factbook/commodities#integrated_circuits'/>
  </rdf:Description>
  <rdf:Description rdf:about='#A101337'>
    <rdf:type rdf:resource='http://www.daml.org/2001/12/factbook/factbook-ont#Estimate'/>
    <NS0:year>2001</NS0:year>
  </rdf:Description>
  <rdf:Description rdf:about='#A130217'>
    <rdf:type rdf:resource='http://www.daml.org/2001/12/factbook/factbook-ont#Border'/>
    <NS0:country rdf:resource='http://www.daml.org/2001/09/countries/fips#BM'/>
    <NS0:distance>1800</NS0:distance>
  </rdf:Description>
  <rdf:Description rdf:about='#A101492'>
    <rdf:type rdf:resource='#Province'/>
    <NS0:name>Loei</NS0:name>
  </rdf:Description>
  <rdf:Description rdf:about='#A101872'>
    <rdf:type rdf:resource='http://www.daml.org/2001/12/factbook/factbook-ont#CommodityPercent'/>
    <NS0:exportsCommodity rdf:resource='http://www.daml.org/2001/12/factbook/commodities#textiles'/>
  </rdf:Description>
  <rdf:Description rdf:about='#A101488'>
    <rdf:type rdf:resource='#Province'/>
    <NS0:name>Lamphun</NS0:name>
  </rdf:Description>
  <rdf:Description rdf:about='#A101299'>
    <rdf:type rdf:resource='http://www.daml.org/2001/12/factbook/factbook-ont#Estimate'/>
    <NS0:year>2001</NS0:year>
  </rdf:Description>
  <rdf:Description rdf:about='#A101868'>
    <rdf:type rdf:resource='http://www.daml.org/2001/12/factbook/factbook-ont#CommodityPercent'/>
    <NS0:exportsCommodity rdf:resource='http://www.daml.org/2001/12/factbook/commodities#computers_and_parts'/>
  </rdf:Description>
  <rdf:Description rdf:about='#A101484'>
    <rdf:type rdf:resource='#Province'/>
    <NS0:name>Lampang</NS0:name>
  </rdf:Description>
  <rdf:Description rdf:about='#A102022'>
    <rdf:type rdf:resource='http://www.daml.org/2001/12/factbook/factbook-ont#Estimate'/>
    <NS0:year>2001</NS0:year>
  </rdf:Description>
  <rdf:Description rdf:about='#A101924'>
    <NS0:year>2000</NS0:year>
  </rdf:Description>
  <rdf:Description rdf:about='#A101480'>
    <rdf:type rdf:resource='#Province'/>
    <NS0:name>Krung Thep Mahanakhon</NS0:name>
  </rdf:Description>
  <rdf:Description rdf:about='#A101820'>
    <rdf:type rdf:resource='http://www.daml.org/2001/12/factbook/factbook-ont#Estimate'/>
    <NS0:year>1996</NS0:year>
  </rdf:Description>
  <rdf:Description rdf:about='#A101302'>
    <rdf:type rdf:resource='http://www.daml.org/2001/12/factbook/factbook-ont#Estimate'/>
    <NS0:year>2001</NS0:year>
  </rdf:Description>
  <rdf:Description rdf:about='#A101476'>
    <rdf:type rdf:resource='#Province'/>
    <NS0:name>Krabi</NS0:name>
  </rdf:Description>
  <rdf:Description rdf:about='#A101296'>
    <rdf:type rdf:resource='http://www.daml.org/2001/12/factbook/factbook-ont#Estimate'/>
    <NS0:year>2001</NS0:year>
  </rdf:Description>
  <rdf:Description rdf:about='#A102025'>
    <rdf:type rdf:resource='http://www.daml.org/2001/12/factbook/factbook-ont#Estimate'/>
    <NS0:year>2001</NS0:year>
  </rdf:Description>
  <rdf:Description rdf:about='#A101472'>
    <rdf:type rdf:resource='#Province'/>
    <NS0:name>Khon Kaen</NS0:name>
  </rdf:Description>
  <rdf:Description rdf:about='#A101468'>
    <rdf:type rdf:resource='#Province'/>
    <NS0:name>Kanchanaburi</NS0:name>
  </rdf:Description>
  <rdf:Description rdf:about='#A101464'>
    <rdf:type rdf:resource='#Province'/>
    <NS0:name>Kamphaeng Phet</NS0:name>
  </rdf:Description>
  <rdf:Description rdf:about='#A101340'>
    <rdf:type rdf:resource='http://www.daml.org/2001/12/factbook/factbook-ont#Estimate'/>
    <NS0:year>2001</NS0:year>
  </rdf:Description>
  <rdf:Description rdf:about='#A101460'>
    <rdf:type rdf:resource='#Province'/>
    <NS0:name>Kalasin</NS0:name>
  </rdf:Description>
  <rdf:Description rdf:about='#A101456'>
    <rdf:type rdf:resource='#Province'/>
    <NS0:name>Chumphon</NS0:name>
  </rdf:Description>
  <rdf:Description rdf:about='#A101452'>
    <rdf:type rdf:resource='#Province'/>
    <NS0:name>Chon Buri</NS0:name>
  </rdf:Description>
  <rdf:Description rdf:about='#A101448'>
    <rdf:type rdf:resource='#Province'/>
    <NS0:name>Chiang Rai</NS0:name>
  </rdf:Description>
  <rdf:Description rdf:about='#A101784'>
    <rdf:type rdf:resource='http://www.daml.org/2001/12/factbook/factbook-ont#Estimate'/>
    <NS0:year>2000</NS0:year>
  </rdf:Description>
  <rdf:Description rdf:about='#A101444'>
    <rdf:type rdf:resource='#Province'/>
    <NS0:name>Chiang Mai</NS0:name>
  </rdf:Description>
  <rdf:Description rdf:about='#A101440'>
    <rdf:type rdf:resource='#Province'/>
    <NS0:name>Chanthaburi</NS0:name>
  </rdf:Description>
  <rdf:Description rdf:about='#A101436'>
    <rdf:type rdf:resource='#Province'/>
    <NS0:name>Chaiyaphum</NS0:name>
  </rdf:Description>
  <rdf:Description rdf:about='#A101856'>
    <NS0:year>1999</NS0:year>
  </rdf:Description>
  <rdf:Description rdf:about='#A101816'>
    <rdf:type rdf:resource='http://www.daml.org/2001/12/factbook/factbook-ont#OccupationPercent'/>
    <NS0:occupation rdf:resource='http://www.daml.org/2001/12/factbook/occupations#services'/>
    <NS0:percent>31</NS0:percent>
  </rdf:Description>
  <rdf:Description rdf:about='#A101432'>
    <rdf:type rdf:resource='#Province'/>
    <NS0:name>Chai Nat</NS0:name>
  </rdf:Description>
  <rdf:Description rdf:about='#A101919'>
    <NS0:year>1997</NS0:year>
  </rdf:Description>
  <rdf:Description rdf:about='#A101428'>
    <rdf:type rdf:resource='#Province'/>
    <NS0:name>Chachoengsao</NS0:name>
  </rdf:Description>
  <rdf:Description rdf:about='#A101811'>
    <rdf:type rdf:resource='http://www.daml.org/2001/12/factbook/factbook-ont#OccupationPercent'/>
    <NS0:occupation rdf:resource='http://www.daml.org/2001/12/factbook/occupations#industry'/>
    <NS0:percent>15</NS0:percent>
  </rdf:Description>
  <rdf:Description rdf:about='#A101424'>
    <rdf:type rdf:resource='#Province'/>
    <NS0:name>Buriram</NS0:name>
  </rdf:Description>
  <rdf:Description rdf:about='#A101806'>
    <rdf:type rdf:resource='http://www.daml.org/2001/12/factbook/factbook-ont#OccupationPercent'/>
    <NS0:occupation rdf:resource='http://www.daml.org/2001/12/factbook/occupations#agriculture'/>
    <NS0:percent>54</NS0:percent>
  </rdf:Description>
  <rdf:Description rdf:about='#A101420'>
    <rdf:type rdf:resource='#Province'/>
    <NS0:name>Ang Thong</NS0:name>
  </rdf:Description>
  <rdf:Description rdf:about='#A101416'>
    <rdf:type rdf:resource='#Province'/>
    <NS0:name>Amnat Charoen</NS0:name>
  </rdf:Description>
  <rdf:Description rdf:about='#A101850'>
    <NS0:year>1999</NS0:year>
  </rdf:Description>
  <rdf:Description rdf:about='#A101409'>
    <rdf:type rdf:resource='http://www.daml.org/2001/12/factbook/factbook-ont#CapitalCity'/>
    <NS0:name>Bangkok</NS0:name>
  </rdf:Description>
  <rdf:Description rdf:about='#A101931'>
    <NS0:year>1996</NS0:year>
  </rdf:Description>
  <rdf:Description rdf:about='#A101395'>
    <rdf:type rdf:resource='http://www.daml.org/2001/12/factbook/factbook-ont#LanguagePercent'/>
    <NS0:language rdf:resource='http://www.daml.org/2001/12/factbook/languages#ethnic_and_regional_dialects'/>
  </rdf:Description>
  <rdf:Description rdf:about='#A101390'>
    <rdf:type rdf:resource='http://www.daml.org/2001/12/factbook/factbook-ont#LanguagePercent'/>
    <NS0:language rdf:resource='http://www.daml.org/2001/12/factbook/languages#English'/>
  </rdf:Description>
  <rdf:Description rdf:about='#A101386'>
    <rdf:type rdf:resource='http://www.daml.org/2001/12/factbook/factbook-ont#LanguagePercent'/>
    <NS0:language rdf:resource='http://www.daml.org/2001/12/factbook/languages#Thai'/>
  </rdf:Description>
  <rdf:Description rdf:about='#A101845'>
    <NS0:year>1999</NS0:year>
  </rdf:Description>
  <rdf:Description rdf:about='#A101380'>
    <rdf:type rdf:resource='http://www.daml.org/2001/12/factbook/factbook-ont#ReligionPercent'/>
    <NS0:religion rdf:resource='http://www.daml.org/2001/12/factbook/religions#other'/>
    <NS0:percent>0.6</NS0:percent>
  </rdf:Description>
  <rdf:Description rdf:about='#A101375'>
    <rdf:type rdf:resource='http://www.daml.org/2001/12/factbook/factbook-ont#ReligionPercent'/>
    <NS0:religion rdf:resource='http://www.daml.org/2001/12/factbook/religions#Hinduism'/>
    <NS0:percent>0.1</NS0:percent>
  </rdf:Description>
  <rdf:Description rdf:about='#A101370'>
    <rdf:type rdf:resource='http://www.daml.org/2001/12/factbook/factbook-ont#ReligionPercent'/>
    <NS0:religion rdf:resource='http://www.daml.org/2001/12/factbook/religions#Christianity'/>
    <NS0:percent>0.5</NS0:percent>
  </rdf:Description>
  <rdf:Description rdf:about='#A101365'>
    <rdf:type rdf:resource='http://www.daml.org/2001/12/factbook/factbook-ont#ReligionPercent'/>
    <NS0:religion rdf:resource='http://www.daml.org/2001/12/factbook/religions#Muslim'/>
    <NS0:percent>3.8</NS0:percent>
  </rdf:Description>
  <rdf:Description rdf:about='#A101360'>
    <rdf:type rdf:resource='http://www.daml.org/2001/12/factbook/factbook-ont#ReligionPercent'/>
    <NS0:religion rdf:resource='http://www.daml.org/2001/12/factbook/religions#Buddhism'/>
    <NS0:percent>95</NS0:percent>
  </rdf:Description>
  <rdf:Description rdf:about='#A101865'>
    <rdf:type rdf:resource='http://www.daml.org/2001/12/factbook/factbook-ont#Estimate'/>
    <NS0:note>f.o.b., 2000</NS0:note>
  </rdf:Description>
  <rdf:Description rdf:about='#A102031'>
    <NS0:note>FY00</NS0:note>
  </rdf:Description>
  <rdf:Description rdf:about='#A101355'>
    <rdf:type rdf:resource='http://www.daml.org/2001/12/factbook/factbook-ont#EthnicGroupPercent'/>
    <NS0:ethnicGroup rdf:resource='http://www.daml.org/2001/12/factbook/ethnicGroups#other'/>
    <NS0:percent>11</NS0:percent>
  </rdf:Description>
  <rdf:Description rdf:about='#A101350'>
    <rdf:type rdf:resource='http://www.daml.org/2001/12/factbook/factbook-ont#EthnicGroupPercent'/>
    <NS0:ethnicGroup rdf:resource='http://www.daml.org/2001/12/factbook/ethnicGroups#Chinese'/>
    <NS0:percent>14</NS0:percent>
  </rdf:Description>
  <rdf:Description rdf:about='#A101393'>
    <NS0:note>secondary language of the elite</NS0:note>
  </rdf:Description>
  <rdf:Description rdf:about='#A101345'>
    <rdf:type rdf:resource='http://www.daml.org/2001/12/factbook/factbook-ont#EthnicGroupPercent'/>
    <NS0:ethnicGroup rdf:resource='http://www.daml.org/2001/12/factbook/ethnicGroups#Thai'/>
    <NS0:percent>75</NS0:percent>
  </rdf:Description>
  <rdf:Description rdf:about='#A101792'>
    <NS0:year>1999</NS0:year>
  </rdf:Description>
  <rdf:Description rdf:about='#A101854'>
    <NS0:year>1999</NS0:year>
  </rdf:Description>
  <rdf:Description rdf:about='#A101716'>
    <rdf:type rdf:resource='#Province'/>
    <NS0:name>Yasothon</NS0:name>
  </rdf:Description>
  <rdf:Description rdf:about='#A101305'>
    <rdf:type rdf:resource='http://www.daml.org/2001/12/factbook/factbook-ont#Estimate'/>
    <NS0:year>2001</NS0:year>
  </rdf:Description>
  <rdf:Description rdf:about='#A101331'>
    <rdf:type rdf:resource='http://www.daml.org/2001/12/factbook/factbook-ont#SexRatioBreakdown'/>
    <NS0:ratio>0.97</NS0:ratio>
  </rdf:Description>
  <rdf:Description rdf:about='#A101712'>
    <rdf:type rdf:resource='#Province'/>
    <NS0:name>Yala</NS0:name>
  </rdf:Description>
  <rdf:Description rdf:about='#A101852'>
    <NS0:year>1999</NS0:year>
  </rdf:Description>
  <rdf:Description rdf:about='#A101326'>
    <rdf:type rdf:resource='http://www.daml.org/2001/12/factbook/factbook-ont#SexRatioBreakdown'/>
    <NS0:minAge>65</NS0:minAge>
    <NS0:ratio>0.78</NS0:ratio>
  </rdf:Description>
  <rdf:Description rdf:about='#A101708'>
    <rdf:type rdf:resource='#Province'/>
    <NS0:name>Uttaradit</NS0:name>
  </rdf:Description>
  <rdf:Description rdf:about='#A101704'>
    <rdf:type rdf:resource='#Province'/>
    <NS0:name>Uthai Thani</NS0:name>
  </rdf:Description>
  <rdf:Description rdf:about='#A101903'>
    <rdf:type rdf:resource='http://www.daml.org/2001/12/factbook/factbook-ont#Estimate'/>
    <NS0:year>2000</NS0:year>
  </rdf:Description>
  <rdf:Description rdf:about='#A101320'>
    <rdf:type rdf:resource='http://www.daml.org/2001/12/factbook/factbook-ont#SexRatioBreakdown'/>
    <NS0:minAge>15</NS0:minAge>
    <NS0:maxAge>64</NS0:maxAge>
    <NS0:ratio>0.97</NS0:ratio>
  </rdf:Description>
  <rdf:Description rdf:about='#A101700'>
    <rdf:type rdf:resource='#Province'/>
    <NS0:name>Udon Thani</NS0:name>
  </rdf:Description>
  <rdf:Description rdf:about='#A101314'>
    <rdf:type rdf:resource='http://www.daml.org/2001/12/factbook/factbook-ont#SexRatioBreakdown'/>
    <NS0:minAge>0</NS0:minAge>
    <NS0:maxAge>14</NS0:maxAge>
    <NS0:ratio>1.04</NS0:ratio>
  </rdf:Description>
  <rdf:Description rdf:about='#A101696'>
    <rdf:type rdf:resource='#Province'/>
    <NS0:name>Ubon Ratchathani</NS0:name>
  </rdf:Description>
  <rdf:Description rdf:about='#A101692'>
    <rdf:type rdf:resource='#Province'/>
    <NS0:name>Trat</NS0:name>
  </rdf:Description>
  <rdf:Description rdf:about='#A101308'>
    <rdf:type rdf:resource='http://www.daml.org/2001/12/factbook/factbook-ont#SexRatioBreakdown'/>
    <NS0:minAge>0</NS0:minAge>
    <NS0:maxAge>0</NS0:maxAge>
    <NS0:ratio>1.05</NS0:ratio>
  </rdf:Description>
  <rdf:Description rdf:about='#A101688'>
    <rdf:type rdf:resource='#Province'/>
    <NS0:name>Trang</NS0:name>
  </rdf:Description>
  <rdf:Description rdf:about='#A101921'>
    <NS0:year>1997</NS0:year>
  </rdf:Description>
  <rdf:Description rdf:about='#A101684'>
    <rdf:type rdf:resource='#Province'/>
    <NS0:name>Tak</NS0:name>
  </rdf:Description>
  <rdf:Description rdf:about='#A101680'>
    <rdf:type rdf:resource='#Province'/>
    <NS0:name>Surin</NS0:name>
  </rdf:Description>
  <rdf:Description rdf:about='#A101676'>
    <rdf:type rdf:resource='#Province'/>
    <NS0:name>Surat Thani</NS0:name>
  </rdf:Description>
  <rdf:Description rdf:about='#A101912'>
    <NS0:year>1998</NS0:year>
  </rdf:Description>
  <rdf:Description rdf:about='#A101672'>
    <rdf:type rdf:resource='#Province'/>
    <NS0:name>Suphan Buri</NS0:name>
  </rdf:Description>
  <rdf:Description rdf:about='http://www.daml.org/2001/09/countries/fips#TH'>
    <NS0:background>A unified Thai kingdom was established in the mid-14th century; it was known as Siam until 1939. Thailand is the only southeast Asian country never to have been taken over by a European power. A bloodless revolution in 1932 led to a constitutional monarchy. In alliance with Japan during World War II, Thailand became a US ally following the conflict.</NS0:background>
    <NS0:location>Southeastern Asia, bordering the Andaman Sea and the Gulf of Thailand, southeast of Burma</NS0:location>
    <NS0:geographicCoordinates rdf:resource='#A101228'/>
    <NS0:mapReferences>Southeast Asia</NS0:mapReferences>
    <NS0:totalArea>514000</NS0:totalArea>
    <NS0:landArea>511770</NS0:landArea>
    <NS0:waterArea>2230</NS0:waterArea>
    <NS0:comparativeArea>slightly more than twice the size of Wyoming</NS0:comparativeArea>
    <NS0:landBoundaries>4863</NS0:landBoundaries>
    <NS0:coastline>3219</NS0:coastline>
    <NS0:exclusiveEconomicZone>200</NS0:exclusiveEconomicZone>
    <NS0:territorialSea>12</NS0:territorialSea>
    <NS0:climate>tropical; rainy, warm, cloudy southwest monsoon (mid-May to September); dry, cool northeast monsoon (November to mid-March); southern isthmus always hot and humid</NS0:climate>
    <NS0:terrain>central plain; Khorat Plateau in the east; mountains elsewhere</NS0:terrain>
    <NS0:lowestPoint rdf:resource='#A101244'/>
    <NS0:highestPoint rdf:resource='#A101249'/>
    <NS0:naturalResource rdf:resource='http://www.daml.org/2001/12/factbook/naturalResources#tin'/>
    <NS0:naturalResource rdf:resource='http://www.daml.org/2001/12/factbook/naturalResources#rubber'/>
    <NS0:naturalResource rdf:resource='http://www.daml.org/2001/12/factbook/naturalResources#natural_gas'/>
    <NS0:naturalResource rdf:resource='http://www.daml.org/2001/12/factbook/naturalResources#tungsten'/>
    <NS0:naturalResource rdf:resource='http://www.daml.org/2001/12/factbook/naturalResources#tantalum'/>
    <NS0:naturalResource rdf:resource='http://www.daml.org/2001/12/factbook/naturalResources#timber'/>
    <NS0:naturalResource rdf:resource='http://www.daml.org/2001/12/factbook/naturalResources#lead'/>
    <NS0:naturalResource rdf:resource='http://www.daml.org/2001/12/factbook/naturalResources#fish'/>
    <NS0:naturalResource rdf:resource='http://www.daml.org/2001/12/factbook/naturalResources#gypsum'/>
    <NS0:naturalResource rdf:resource='http://www.daml.org/2001/12/factbook/naturalResources#lignite'/>
    <NS0:naturalResource rdf:resource='http://www.daml.org/2001/12/factbook/naturalResources#fluorite'/>
    <NS0:naturalResource rdf:resource='http://www.daml.org/2001/12/factbook/naturalResources#arable_land'/>
    <NS0:arableLand>34</NS0:arableLand>
    <NS0:permanentCrops>6</NS0:permanentCrops>
    <NS0:permanentPastures>2</NS0:permanentPastures>
    <NS0:forestsAndWoodland>26</NS0:forestsAndWoodland>
    <NS0:otherLandUse rdf:ID='A101270'>32</NS0:otherLandUse>
    <NS0:irrigatedLand rdf:ID='A101273'>44000</NS0:irrigatedLand>
    <NS0:naturalHazard>land subsidence in Bangkok area resulting from the depletion of the water table</NS0:naturalHazard>
    <NS0:naturalHazard>droughts</NS0:naturalHazard>
    <NS0:environmentalIssue>air pollution from vehicle emissions</NS0:environmentalIssue>
    <NS0:environmentalIssue>water pollution from organic and factory wastes</NS0:environmentalIssue>
    <NS0:environmentalIssue>deforestation</NS0:environmentalIssue>
    <NS0:environmentalIssue>soil erosion</NS0:environmentalIssue>
    <NS0:environmentalIssue>wildlife populations threatened by illegal hunting</NS0:environmentalIssue>
    <NS0:environmentalAgreementPartyTo rdf:resource='http://www.daml.org/2001/12/factbook/environmentalAgreements#Climate_Change'/>
    <NS0:environmentalAgreementPartyTo rdf:resource='http://www.daml.org/2001/12/factbook/environmentalAgreements#Endangered_Species'/>
    <NS0:environmentalAgreementPartyTo rdf:resource='http://www.daml.org/2001/12/factbook/environmentalAgreements#Hazardous_Wastes'/>
    <NS0:environmentalAgreementPartyTo rdf:resource='http://www.daml.org/2001/12/factbook/environmentalAgreements#Marine_Life_Conservation'/>
    <NS0:environmentalAgreementPartyTo rdf:resource='http://www.daml.org/2001/12/factbook/environmentalAgreements#Nuclear_Test_Ban'/>
    <NS0:environmentalAgreementPartyTo rdf:resource='http://www.daml.org/2001/12/factbook/environmentalAgreements#Ozone_Layer_Protection'/>
    <NS0:environmentalAgreementPartyTo rdf:resource='http://www.daml.org/2001/12/factbook/environmentalAgreements#Tropical_Timber_83'/>
    <NS0:environmentalAgreementPartyTo rdf:resource='http://www.daml.org/2001/12/factbook/environmentalAgreements#Tropical_Timber_94'/>
    <NS0:environmentalAgreementPartyTo rdf:resource='http://www.daml.org/2001/12/factbook/environmentalAgreements#Wetlands'/>
    <NS0:environmentalAgreementSigned rdf:resource='http://www.daml.org/2001/12/factbook/environmentalAgreements#Biodiversity'/>
    <NS0:environmentalAgreementSigned rdf:resource='http://www.daml.org/2001/12/factbook/environmentalAgreements#Climate_Change-Kyoto_Protocol'/>
    <NS0:environmentalAgreementSigned rdf:resource='http://www.daml.org/2001/12/factbook/environmentalAgreements#Law_of_the_Sea'/>
    <NS0:population>61797751</NS0:population>
    <NS0:populationGrowthRate rdf:ID='A101296'>0.91</NS0:populationGrowthRate>
    <NS0:birthRate rdf:ID='A101299'>16.63</NS0:birthRate>
    <NS0:deathRate rdf:ID='A101302'>7.54</NS0:deathRate>
    <NS0:netMigrationRate rdf:ID='A101305'>0</NS0:netMigrationRate>
    <NS0:sexRatio rdf:resource='#A101308'/>
    <NS0:sexRatio rdf:resource='#A101314'/>
    <NS0:sexRatio rdf:resource='#A101320'/>
    <NS0:sexRatio rdf:resource='#A101326'/>
    <NS0:sexRatio rdf:ID='A101334' rdf:resource='#A101331'/>
    <NS0:infantMortalityRate rdf:ID='A101337'>30.49</NS0:infantMortalityRate>
    <NS0:totalFertilityRate rdf:ID='A101340'>1.87</NS0:totalFertilityRate>
    <NS0:nationalityNoun>Thai (singular and plural)</NS0:nationalityNoun>
    <NS0:nationalityAdjective>Thai</NS0:nationalityAdjective>
    <NS0:ethnicGroup rdf:resource='#A101345'/>
    <NS0:ethnicGroup rdf:resource='#A101350'/>
    <NS0:ethnicGroup rdf:resource='#A101355'/>
    <NS0:religion rdf:resource='#A101360'/>
    <NS0:religion rdf:resource='#A101365'/>
    <NS0:religion rdf:resource='#A101370'/>
    <NS0:religion rdf:resource='#A101375'/>
    <NS0:religion rdf:ID='A101384' rdf:resource='#A101380'/>
    <NS0:language rdf:resource='#A101386'/>
    <NS0:language rdf:ID='A101393' rdf:resource='#A101390'/>
    <NS0:language rdf:resource='#A101395'/>
    <NS0:literacyDefinition>age 15 and over can read and write</NS0:literacyDefinition>
    <NS0:literacyTotal>93.8</NS0:literacyTotal>
    <NS0:literacyMale>96</NS0:literacyMale>
    <NS0:literacyFemale rdf:ID='A101402'>91.6</NS0:literacyFemale>
    <NS0:conventionalLongCountryName>Kingdom of Thailand</NS0:conventionalLongCountryName>
    <NS0:conventionalShortCountryName>Thailand</NS0:conventionalShortCountryName>
    <NS0:formerCountryName>Siam</NS0:formerCountryName>
    <NS0:governmentType rdf:resource='http://www.daml.org/2001/12/factbook/governmentTypes#constitutional_monarchy'/>
    <NS0:capital rdf:resource='#A101409'/>
    <NS0:administrativeDivision rdf:resource='#A101416'/>
    <NS0:administrativeDivision rdf:resource='#A101420'/>
    <NS0:administrativeDivision rdf:resource='#A101424'/>
    <NS0:administrativeDivision rdf:resource='#A101428'/>
    <NS0:administrativeDivision rdf:resource='#A101432'/>
    <NS0:administrativeDivision rdf:resource='#A101436'/>
    <NS0:administrativeDivision rdf:resource='#A101440'/>
    <NS0:administrativeDivision rdf:resource='#A101444'/>
    <NS0:administrativeDivision rdf:resource='#A101448'/>
    <NS0:administrativeDivision rdf:resource='#A101452'/>
    <NS0:administrativeDivision rdf:resource='#A101456'/>
    <NS0:administrativeDivision rdf:resource='#A101460'/>
    <NS0:administrativeDivision rdf:resource='#A101464'/>
    <NS0:administrativeDivision rdf:resource='#A101468'/>
    <NS0:administrativeDivision rdf:resource='#A101472'/>
    <NS0:administrativeDivision rdf:resource='#A101476'/>
    <NS0:administrativeDivision rdf:resource='#A101480'/>
    <NS0:administrativeDivision rdf:resource='#A101484'/>
    <NS0:administrativeDivision rdf:resource='#A101488'/>
    <NS0:administrativeDivision rdf:resource='#A101492'/>
    <NS0:administrativeDivision rdf:resource='#A101496'/>
    <NS0:administrativeDivision rdf:resource='#A101500'/>
    <NS0:administrativeDivision rdf:resource='#A101504'/>
    <NS0:administrativeDivision rdf:resource='#A101508'/>
    <NS0:administrativeDivision rdf:resource='#A101512'/>
    <NS0:administrativeDivision rdf:resource='#A101516'/>
    <NS0:administrativeDivision rdf:resource='#A101520'/>
    <NS0:administrativeDivision rdf:resource='#A101524'/>
    <NS0:administrativeDivision rdf:resource='#A101528'/>
    <NS0:administrativeDivision rdf:resource='#A101532'/>
    <NS0:administrativeDivision rdf:resource='#A101536'/>
    <NS0:administrativeDivision rdf:resource='#A101540'/>
    <NS0:administrativeDivision rdf:resource='#A101544'/>
    <NS0:administrativeDivision rdf:resource='#A101548'/>
    <NS0:administrativeDivision rdf:resource='#A101552'/>
    <NS0:administrativeDivision rdf:resource='#A101556'/>
    <NS0:administrativeDivision rdf:resource='#A101560'/>
    <NS0:administrativeDivision rdf:resource='#A101564'/>
    <NS0:administrativeDivision rdf:resource='#A101568'/>
    <NS0:administrativeDivision rdf:resource='#A101572'/>
    <NS0:administrativeDivision rdf:resource='#A101576'/>
    <NS0:administrativeDivision rdf:resource='#A101580'/>
    <NS0:administrativeDivision rdf:resource='#A101584'/>
    <NS0:administrativeDivision rdf:resource='#A101588'/>
    <NS0:administrativeDivision rdf:resource='#A101592'/>
    <NS0:administrativeDivision rdf:resource='#A101596'/>
    <NS0:administrativeDivision rdf:resource='#A101600'/>
    <NS0:administrativeDivision rdf:resource='#A101604'/>
    <NS0:administrativeDivision rdf:resource='#A101608'/>
    <NS0:administrativeDivision rdf:resource='#A101612'/>
    <NS0:administrativeDivision rdf:resource='#A101616'/>
    <NS0:administrativeDivision rdf:resource='#A101620'/>
    <NS0:administrativeDivision rdf:resource='#A101624'/>
    <NS0:administrativeDivision rdf:resource='#A101628'/>
    <NS0:administrativeDivision rdf:resource='#A101632'/>
    <NS0:administrativeDivision rdf:resource='#A101636'/>
    <NS0:administrativeDivision rdf:resource='#A101640'/>
    <NS0:administrativeDivision rdf:resource='#A101644'/>
    <NS0:administrativeDivision rdf:resource='#A101648'/>
    <NS0:administrativeDivision rdf:resource='#A101652'/>
    <NS0:administrativeDivision rdf:resource='#A101656'/>
    <NS0:administrativeDivision rdf:resource='#A101660'/>
    <NS0:administrativeDivision rdf:resource='#A101664'/>
    <NS0:administrativeDivision rdf:resource='#A101668'/>
    <NS0:administrativeDivision rdf:resource='#A101672'/>
    <NS0:administrativeDivision rdf:resource='#A101676'/>
    <NS0:administrativeDivision rdf:resource='#A101680'/>
    <NS0:administrativeDivision rdf:resource='#A101684'/>
    <NS0:administrativeDivision rdf:resource='#A101688'/>
    <NS0:administrativeDivision rdf:resource='#A101692'/>
    <NS0:administrativeDivision rdf:resource='#A101696'/>
    <NS0:administrativeDivision rdf:resource='#A101700'/>
    <NS0:administrativeDivision rdf:resource='#A101704'/>
    <NS0:administrativeDivision rdf:resource='#A101708'/>
    <NS0:administrativeDivision rdf:resource='#A101712'/>
    <NS0:administrativeDivision rdf:resource='#A101716'/>
    <NS0:independence>1238 (traditional founding date; never colonized)</NS0:independence>
    <NS0:constitution>new constitution signed by King PHUMIPHON on 11 October 1997</NS0:constitution>
    <NS0:legalSystem>based on civil law system, with influences of common law; has not accepted compulsory ICJ jurisdiction</NS0:legalSystem>
    <NS0:suffrage>18 years of age; universal and compulsory</NS0:suffrage>
    <NS0:participatesIn rdf:resource='http://www.daml.org/2001/12/factbook/internationalOrganizations#APEC'/>
    <NS0:participatesIn rdf:resource='http://www.daml.org/2001/12/factbook/internationalOrganizations#ARF'/>
    <NS0:participatesIn rdf:resource='http://www.daml.org/2001/12/factbook/internationalOrganizations#AsDB'/>
    <NS0:participatesIn rdf:resource='http://www.daml.org/2001/12/factbook/internationalOrganizations#ASEAN'/>
    <NS0:participatesIn rdf:resource='http://www.daml.org/2001/12/factbook/internationalOrganizations#BIS'/>
    <NS0:participatesIn rdf:resource='http://www.daml.org/2001/12/factbook/internationalOrganizations#CCC'/>
    <NS0:participatesIn rdf:resource='http://www.daml.org/2001/12/factbook/internationalOrganizations#CP'/>
    <NS0:participatesIn rdf:resource='http://www.daml.org/2001/12/factbook/internationalOrganizations#ESCAP'/>
    <NS0:participatesIn rdf:resource='http://www.daml.org/2001/12/factbook/internationalOrganizations#FAO'/>
    <NS0:participatesIn rdf:resource='http://www.daml.org/2001/12/factbook/internationalOrganizations#G-77'/>
    <NS0:participatesIn rdf:resource='http://www.daml.org/2001/12/factbook/internationalOrganizations#IAEA'/>
    <NS0:participatesIn rdf:resource='http://www.daml.org/2001/12/factbook/internationalOrganizations#IBRD'/>
    <NS0:participatesIn rdf:resource='http://www.daml.org/2001/12/factbook/internationalOrganizations#ICAO'/>
    <NS0:participatesIn rdf:resource='http://www.daml.org/2001/12/factbook/internationalOrganizations#ICC'/>
    <NS0:participatesIn rdf:resource='http://www.daml.org/2001/12/factbook/internationalOrganizations#ICFTU'/>
    <NS0:participatesIn rdf:resource='http://www.daml.org/2001/12/factbook/internationalOrganizations#ICRM'/>
    <NS0:participatesIn rdf:resource='http://www.daml.org/2001/12/factbook/internationalOrganizations#IDA'/>
    <NS0:participatesIn rdf:resource='http://www.daml.org/2001/12/factbook/internationalOrganizations#IFAD'/>
    <NS0:participatesIn rdf:resource='http://www.daml.org/2001/12/factbook/internationalOrganizations#IFC'/>
    <NS0:participatesIn rdf:resource='http://www.daml.org/2001/12/factbook/internationalOrganizations#IFRCS'/>
    <NS0:participatesIn rdf:resource='http://www.daml.org/2001/12/factbook/internationalOrganizations#IHO'/>
    <NS0:participatesIn rdf:resource='http://www.daml.org/2001/12/factbook/internationalOrganizations#ILO'/>
    <NS0:participatesIn rdf:resource='http://www.daml.org/2001/12/factbook/internationalOrganizations#IMF'/>
    <NS0:participatesIn rdf:resource='http://www.daml.org/2001/12/factbook/internationalOrganizations#IMO'/>
    <NS0:participatesIn rdf:resource='http://www.daml.org/2001/12/factbook/internationalOrganizations#Inmarsat'/>
    <NS0:participatesIn rdf:resource='http://www.daml.org/2001/12/factbook/internationalOrganizations#Intelsat'/>
    <NS0:participatesIn rdf:resource='http://www.daml.org/2001/12/factbook/internationalOrganizations#Interpol'/>
    <NS0:participatesIn rdf:resource='http://www.daml.org/2001/12/factbook/internationalOrganizations#IOC'/>
    <NS0:participatesIn rdf:resource='http://www.daml.org/2001/12/factbook/internationalOrganizations#IOM'/>
    <NS0:participatesIn rdf:resource='http://www.daml.org/2001/12/factbook/internationalOrganizations#ISO'/>
    <NS0:participatesIn rdf:resource='http://www.daml.org/2001/12/factbook/internationalOrganizations#ITU'/>
    <NS0:participatesIn rdf:resource='http://www.daml.org/2001/12/factbook/internationalOrganizations#NAM'/>
    <NS0:participatesIn rdf:resource='http://www.daml.org/2001/12/factbook/internationalOrganizations#OAS'/>
    <NS0:participatesIn rdf:resource='http://www.daml.org/2001/12/factbook/internationalOrganizations#OIC'/>
    <NS0:participatesIn rdf:resource='http://www.daml.org/2001/12/factbook/internationalOrganizations#OPCW'/>
    <NS0:participatesIn rdf:resource='http://www.daml.org/2001/12/factbook/internationalOrganizations#OSCE'/>
    <NS0:participatesIn rdf:resource='http://www.daml.org/2001/12/factbook/internationalOrganizations#PCA'/>
    <NS0:participatesIn rdf:resource='http://www.daml.org/2001/12/factbook/internationalOrganizations#UN'/>
    <NS0:participatesIn rdf:resource='http://www.daml.org/2001/12/factbook/internationalOrganizations#UNCTAD'/>
    <NS0:participatesIn rdf:resource='http://www.daml.org/2001/12/factbook/internationalOrganizations#UNESCO'/>
    <NS0:participatesIn rdf:resource='http://www.daml.org/2001/12/factbook/internationalOrganizations#UNHCR'/>
    <NS0:participatesIn rdf:resource='http://www.daml.org/2001/12/factbook/internationalOrganizations#UNIDO'/>
    <NS0:participatesIn rdf:resource='http://www.daml.org/2001/12/factbook/internationalOrganizations#UNIKOM'/>
    <NS0:participatesIn rdf:resource='http://www.daml.org/2001/12/factbook/internationalOrganizations#UNITAR'/>
    <NS0:participatesIn rdf:resource='http://www.daml.org/2001/12/factbook/internationalOrganizations#UNMIBH'/>
    <NS0:participatesIn rdf:resource='http://www.daml.org/2001/12/factbook/internationalOrganizations#UNTAET'/>
    <NS0:participatesIn rdf:resource='http://www.daml.org/2001/12/factbook/internationalOrganizations#UNU'/>
    <NS0:participatesIn rdf:resource='http://www.daml.org/2001/12/factbook/internationalOrganizations#UPU'/>
    <NS0:participatesIn rdf:resource='http://www.daml.org/2001/12/factbook/internationalOrganizations#WCL'/>
    <NS0:participatesIn rdf:resource='http://www.daml.org/2001/12/factbook/internationalOrganizations#WFTU'/>
    <NS0:participatesIn rdf:resource='http://www.daml.org/2001/12/factbook/internationalOrganizations#WHO'/>
    <NS0:participatesIn rdf:resource='http://www.daml.org/2001/12/factbook/internationalOrganizations#WIPO'/>
    <NS0:participatesIn rdf:resource='http://www.daml.org/2001/12/factbook/internationalOrganizations#WMO'/>
    <NS0:participatesIn rdf:resource='http://www.daml.org/2001/12/factbook/internationalOrganizations#WToO'/>
    <NS0:participatesIn rdf:resource='http://www.daml.org/2001/12/factbook/internationalOrganizations#WTrO'/>
    <NS0:flagDescription>five horizontal bands of red (top), white, blue (double width), white, and red</NS0:flagDescription>
    <NS0:economyOverview>After enjoying the world&apos;s highest growth rate from 1985 to 1995 - averaging almost 9% annually - increased speculative pressure on Thailand&apos;s currency in 1997 led to a crisis that uncovered financial sector weaknesses and forced the government to float the baht. Long pegged at 25 to the dollar, the baht reached its lowest point of 56 to the dollar in January 1998 and the economy contracted by 10.2% that same year. Thailand entered a recovery stage in 1999, expanding 4.2% and grew about the same amount in 2000, largely due to strong exports - which increased about 20% in 2000. An ailing financial sector and the slow pace of corporate debt restructuring, combined with a softening of global demand, is likely to slow growth in 2001.</NS0:economyOverview>
    <NS0:grossDomesticProduct rdf:ID='A101781'>413000000000</NS0:grossDomesticProduct>
    <NS0:grossDomesticProductRealGrowth rdf:ID='A101784'>4.2</NS0:grossDomesticProductRealGrowth>
    <NS0:grossDomesticProductPerCapita rdf:ID='A101787'>6700</NS0:grossDomesticProductPerCapita>
    <NS0:grossDomesticProductAgriculture>13</NS0:grossDomesticProductAgriculture>
    <NS0:grossDomesticProductIndustry>40</NS0:grossDomesticProductIndustry>
    <NS0:grossDomesticProductServices rdf:ID='A101792'>47</NS0:grossDomesticProductServices>
    <NS0:populationBelowPovertyLine rdf:ID='A101794'>12.5</NS0:populationBelowPovertyLine>
    <NS0:householdIncomeLowest10Percent>2.5</NS0:householdIncomeLowest10Percent>
    <NS0:householdIncomeHighest10Percent rdf:ID='A101798'>37.1</NS0:householdIncomeHighest10Percent>
    <NS0:inflationRate rdf:ID='A101800'>2.1</NS0:inflationRate>
    <NS0:laborForce rdf:ID='A101803'>32600000</NS0:laborForce>
    <NS0:occupation rdf:resource='#A101806'/>
    <NS0:occupation rdf:resource='#A101811'/>
    <NS0:occupation rdf:ID='A101820' rdf:resource='#A101816'/>
    <NS0:unemploymentRate rdf:ID='A101823'>3.7</NS0:unemploymentRate>
    <NS0:budgetRevenues>19000000000</NS0:budgetRevenues>
    <NS0:budgetExpenditures>21000000000</NS0:budgetExpenditures>
    <NS0:industry rdf:resource='http://www.daml.org/2001/12/factbook/industries#tourism'/>
    <NS0:industry rdf:resource='http://www.daml.org/2001/12/factbook/industries#textiles_and_garments'/>
    <NS0:industry rdf:resource='http://www.daml.org/2001/12/factbook/industries#agricultural_processing'/>
    <NS0:industry rdf:resource='http://www.daml.org/2001/12/factbook/industries#beverages'/>
    <NS0:industry rdf:resource='http://www.daml.org/2001/12/factbook/industries#tobacco'/>
    <NS0:industry rdf:resource='http://www.daml.org/2001/12/factbook/industries#cement'/>
    <NS0:industry rdf:resource='http://www.daml.org/2001/12/factbook/industries#light_manufacturing'/>
    <NS0:industry rdf:resource='http://www.daml.org/2001/12/factbook/industries#such_as_jewelry'/>
    <NS0:industry rdf:resource='http://www.daml.org/2001/12/factbook/industries#electric_appliances_and_components'/>
    <NS0:industry rdf:resource='http://www.daml.org/2001/12/factbook/industries#computers_and_parts'/>
    <NS0:industry rdf:resource='http://www.daml.org/2001/12/factbook/industries#integrated_circuits'/>
    <NS0:industry rdf:resource='http://www.daml.org/2001/12/factbook/industries#furniture'/>
    <NS0:industry rdf:resource='http://www.daml.org/2001/12/factbook/industries#plastics'/>
    <NS0:industry rdf:resource='http://www.daml.org/2001/12/factbook/industries#world_s_second-largest_tungsten_producer_and_third-largest_tin_producer'/>
    <NS0:industrialProductionGrowthRate rdf:ID='A101842'>3</NS0:industrialProductionGrowthRate>
    <NS0:electricityProduction rdf:ID='A101845'>89431000000</NS0:electricityProduction>
    <NS0:electricityProductionFossilFuel>91.17</NS0:electricityProductionFossilFuel>
    <NS0:electricityProductionHydro>3.81</NS0:electricityProductionHydro>
    <NS0:electricityProductionNuclear>0</NS0:electricityProductionNuclear>
    <NS0:electricityProductionOther rdf:ID='A101850'>5.02</NS0:electricityProductionOther>
    <NS0:electricityConsumption rdf:ID='A101852'>83991000000</NS0:electricityConsumption>
    <NS0:electricityExports rdf:ID='A101854'>200000000</NS0:electricityExports>
    <NS0:electricityImports rdf:ID='A101856'>1020000000</NS0:electricityImports>
    <NS0:agricultureProduct rdf:resource='http://www.daml.org/2001/12/factbook/agricultureProducts#rice'/>
    <NS0:agricultureProduct rdf:resource='http://www.daml.org/2001/12/factbook/agricultureProducts#cassava'/>
    <NS0:agricultureProduct rdf:resource='http://www.daml.org/2001/12/factbook/agricultureProducts#rubber'/>
    <NS0:agricultureProduct rdf:resource='http://www.daml.org/2001/12/factbook/agricultureProducts#corn'/>
    <NS0:agricultureProduct rdf:resource='http://www.daml.org/2001/12/factbook/agricultureProducts#sugarcane'/>
    <NS0:agricultureProduct rdf:resource='http://www.daml.org/2001/12/factbook/agricultureProducts#coconuts'/>
    <NS0:agricultureProduct rdf:resource='http://www.daml.org/2001/12/factbook/agricultureProducts#soybeans'/>
    <NS0:exports rdf:ID='A101865'>68200000000</NS0:exports>
    <NS0:exportsCommodity rdf:resource='#A101868'/>
    <NS0:exportsCommodity rdf:resource='#A101872'/>
    <NS0:exportsCommodity rdf:resource='#A101876'/>
    <NS0:exportsCommodity rdf:resource='#A101880'/>
    <NS0:imports rdf:ID='A101884'>61800000000</NS0:imports>
    <NS0:importsCommodity rdf:resource='#A101887'/>
    <NS0:importsCommodity rdf:resource='#A101891'/>
    <NS0:importsCommodity rdf:resource='#A101895'/>
    <NS0:importsCommodity rdf:resource='#A101899'/>
    <NS0:externalDebt rdf:ID='A101903'>90000000000</NS0:externalDebt>
    <NS0:economicAidRecipient rdf:ID='A101906'>131500000</NS0:economicAidRecipient>
    <NS0:currency>baht (THB)</NS0:currency>
    <NS0:currencyCode>THB</NS0:currencyCode>
    <NS0:fiscalYear>1 October - 30 September</NS0:fiscalYear>
    <NS0:mainTelephoneLines rdf:ID='A101912'>5400000</NS0:mainTelephoneLines>
    <NS0:mobileTelephoneLines rdf:ID='A101914'>2300000</NS0:mobileTelephoneLines>
    <NS0:telephoneSystemGeneralAssessment>service to general public adequate, but investment in technological upgrades reduced by recession; bulk of service to government activities provided by multichannel cable and microwave radio relay network</NS0:telephoneSystemGeneralAssessment>
    <NS0:telephoneSystemDomestic>microwave radio relay and multichannel cable; domestic satellite system being developed</NS0:telephoneSystemDomestic>
    <NS0:telephoneSystemInternational>satellite earth stations - 2 Intelsat (1 Indian Ocean and 1 Pacific Ocean)</NS0:telephoneSystemInternational>
    <NS0:radios rdf:ID='A101919'>13960000</NS0:radios>
    <NS0:televisions rdf:ID='A101921'>15190000</NS0:televisions>
    <NS0:internetCountryCode>.th</NS0:internetCountryCode>
    <NS0:internetServiceProviders rdf:ID='A101924'>15</NS0:internetServiceProviders>
    <NS0:internetUsers rdf:ID='A101926'>1000000</NS0:internetUsers>
    <NS0:railwaysTotal>3940</NS0:railwaysTotal>
    <NS0:highwaysTotal>64600</NS0:highwaysTotal>
    <NS0:highwaysPaved>62985</NS0:highwaysPaved>
    <NS0:highwaysUnpaved rdf:ID='A101931'>1615</NS0:highwaysUnpaved>
    <NS0:waterways>4000</NS0:waterways>
    <NS0:port rdf:resource='#A101934'/>
    <NS0:port rdf:resource='#A101938'/>
    <NS0:port rdf:resource='#A101942'/>
    <NS0:port rdf:resource='#A101946'/>
    <NS0:port rdf:resource='#A101950'/>
    <NS0:port rdf:resource='#A101954'/>
    <NS0:port rdf:resource='#A101958'/>
    <NS0:airports rdf:ID='A101962'>110</NS0:airports>
    <NS0:airportBreakdown rdf:resource='#A101965'/>
    <NS0:airportBreakdown rdf:resource='#A101971'/>
    <NS0:airportBreakdown rdf:resource='#A101978'/>
    <NS0:airportBreakdown rdf:resource='#A101985'/>
    <NS0:airportBreakdown rdf:resource='#A101992'/>
    <NS0:airportBreakdown rdf:resource='#A101998'/>
    <NS0:airportBreakdown rdf:resource='#A102005'/>
    <NS0:airportBreakdown rdf:resource='#A102012'/>
    <NS0:heliports rdf:ID='A102018'>2</NS0:heliports>
    <NS0:militaryAge>18</NS0:militaryAge>
    <NS0:malesOfMilitaryAge rdf:ID='A102022'>17717268</NS0:malesOfMilitaryAge>
    <NS0:malesFitForMilitaryService rdf:ID='A102025'>10646818</NS0:malesFitForMilitaryService>
    <NS0:malesReachingMilitaryAgeAnnually rdf:ID='A102028'>567659</NS0:malesReachingMilitaryAgeAnnually>
    <NS0:militaryExpenditures rdf:ID='A102031'>1775000000</NS0:militaryExpenditures>
    <NS0:militaryExpendituresPercentGDP rdf:ID='A102033'>1.4</NS0:militaryExpendituresPercentGDP>
    <NS0:internationalDispute>parts of the border with Laos are indefinite</NS0:internationalDispute>
    <NS0:internationalDispute>parts of border with Cambodia are indefinite</NS0:internationalDispute>
    <NS0:internationalDispute>sporadic border hostilities with Burma over border alignment and ethnic Shan rebels operating in cross-border region</NS0:internationalDispute>
    <NS0:illicitDrugs>a minor producer of opium, heroin, and marijuana</NS0:illicitDrugs>
    <NS0:illicitDrugs>illicit transit point for heroin en route to the international drug market from Burma and Laos</NS0:illicitDrugs>
    <NS0:illicitDrugs>eradication efforts have reduced the area of cannabis cultivation and shifted some production to neighboring countries</NS0:illicitDrugs>
    <NS0:illicitDrugs>opium poppy cultivation has been reduced by eradication efforts</NS0:illicitDrugs>
    <NS0:illicitDrugs>also a drug money-laundering center</NS0:illicitDrugs>
    <NS0:illicitDrugs>minor role in amphetamine production for regional consumption</NS0:illicitDrugs>
    <NS0:illicitDrugs>increasing indigenous abuse of methamphetamine</NS0:illicitDrugs>
    <NS0:smallFlag>http://www.cia.gov/cia/publications/factbook/flags/th-flag.jpg</NS0:smallFlag>
    <NS0:largeFlag>http://www.cia.gov/cia/publications/factbook/flags/th-lgflag.jpg</NS0:largeFlag>
    <NS0:map>http://www.cia.gov/cia/publications/factbook/maps/th-map.jpg</NS0:map>
    <NS0:border rdf:resource='#A130217'/>
    <NS0:border rdf:resource='#A130222'/>
    <NS0:border rdf:resource='#A130227'/>
    <NS0:border rdf:resource='#A130232'/>
    <NS0:exportPartner rdf:resource='#A130237'/>
    <NS0:exportPartner rdf:resource='#A130242'/>
    <NS0:exportPartner rdf:resource='#A130247'/>
    <NS0:exportPartner rdf:resource='#A130252'/>
    <NS0:exportPartner rdf:resource='#A130257'/>
    <NS0:exportPartner rdf:resource='#A130262'/>
    <NS0:exportPartner rdf:ID='A130271' rdf:resource='#A130267'/>
    <NS0:importPartner rdf:resource='#A130273'/>
    <NS0:importPartner rdf:resource='#A130278'/>
    <NS0:importPartner rdf:resource='#A130283'/>
    <NS0:importPartner rdf:resource='#A130288'/>
    <NS0:importPartner rdf:resource='#A130293'/>
    <NS0:importPartner rdf:ID='A130302' rdf:resource='#A130298'/>
  </rdf:Description>
  <rdf:Description rdf:about='#A101668'>
    <rdf:type rdf:resource='#Province'/>
    <NS0:name>Sukhothai</NS0:name>
  </rdf:Description>
  <rdf:Description rdf:about='#A101664'>
    <rdf:type rdf:resource='#Province'/>
    <NS0:name>Songkhla</NS0:name>
  </rdf:Description>
  <rdf:Description rdf:about='#A101660'>
    <rdf:type rdf:resource='#Province'/>
    <NS0:name>Sisaket</NS0:name>
  </rdf:Description>
  <rdf:Description rdf:about='#A101334'>
    <rdf:type rdf:resource='http://www.daml.org/2001/12/factbook/factbook-ont#Estimate'/>
    <NS0:year>2001</NS0:year>
  </rdf:Description>
  <rdf:Description rdf:about='#A101656'>
    <rdf:type rdf:resource='#Province'/>
    <NS0:name>Sing Buri</NS0:name>
  </rdf:Description>
  <rdf:Description rdf:about='#A101270'>
    <rdf:type rdf:resource='http://www.daml.org/2001/12/factbook/factbook-ont#Estimate'/>
    <NS0:year>1993</NS0:year>
  </rdf:Description>
  <rdf:Description rdf:about='#A101652'>
    <rdf:type rdf:resource='#Province'/>
    <NS0:name>Satun</NS0:name>
  </rdf:Description>
  <rdf:Description rdf:about='#A101648'>
    <rdf:type rdf:resource='#Province'/>
    <NS0:name>Sara Buri</NS0:name>
  </rdf:Description>
  <rdf:Description rdf:about='#A130271'>
    <NS0:note>1999</NS0:note>
  </rdf:Description>
  <rdf:Description rdf:about='#A101644'>
    <rdf:type rdf:resource='#Province'/>
    <NS0:name>Samut Songkhram</NS0:name>
  </rdf:Description>
  <rdf:Description rdf:about='#A101787'>
    <rdf:type rdf:resource='http://www.daml.org/2001/12/factbook/factbook-ont#Estimate'/>
    <NS0:year>2000</NS0:year>
  </rdf:Description>
  <rdf:Description rdf:about='#A101640'>
    <rdf:type rdf:resource='#Province'/>
    <NS0:name>Samut Sakhon</NS0:name>
  </rdf:Description>
  <rdf:Description rdf:about='#A101636'>
    <rdf:type rdf:resource='#Province'/>
    <NS0:name>Samut Prakan</NS0:name>
  </rdf:Description>
  <rdf:Description rdf:about='#A101794'>
    <rdf:type rdf:resource='http://www.daml.org/2001/12/factbook/factbook-ont#Estimate'/>
    <NS0:year>1998</NS0:year>
  </rdf:Description>
  <rdf:Description rdf:about='#A101632'>
    <rdf:type rdf:resource='#Province'/>
    <NS0:name>Sakon Nakhon</NS0:name>
  </rdf:Description>
  <rdf:Description rdf:about='#A101249'>
    <rdf:type rdf:resource='http://www.daml.org/2001/12/factbook/factbook-ont#ElevationExtreme'/>
    <NS0:name>Doi Inthanon</NS0:name>
    <NS0:elevation>2576</NS0:elevation>
  </rdf:Description>
  <rdf:Description rdf:about='#A102012'>
    <rdf:type rdf:resource='http://www.daml.org/2001/12/factbook/factbook-ont#AirportBreakdown'/>
    <NS0:paved>false</NS0:paved>
    <NS0:maxRunway>913</NS0:maxRunway>
    <NS0:count>34 (2000 est.)</NS0:count>
  </rdf:Description>
  <rdf:Description rdf:about='#A101628'>
    <rdf:type rdf:resource='#Province'/>
    <NS0:name>Sa Kaeo</NS0:name>
  </rdf:Description>
  <rdf:Description rdf:about='#A101244'>
    <rdf:type rdf:resource='http://www.daml.org/2001/12/factbook/factbook-ont#ElevationExtreme'/>
    <NS0:name>Gulf of Thailand</NS0:name>
    <NS0:elevation>0</NS0:elevation>
  </rdf:Description>
  <rdf:Description rdf:about='#A101402'>
    <rdf:type rdf:resource='http://www.daml.org/2001/12/factbook/factbook-ont#Estimate'/>
    <NS0:year>1995</NS0:year>
  </rdf:Description>
  <rdf:Description rdf:about='#A101624'>
    <rdf:type rdf:resource='#Province'/>
    <NS0:name>Roi Et</NS0:name>
  </rdf:Description>
  <rdf:Description rdf:about='#Province'>
    <rdf:type rdf:resource='http://www.w3.org/2000/01/rdf-schema#Class'/>
    <rdfs:subClassOf rdf:resource='http://www.daml.org/2001/12/factbook/factbook-ont#AdministrativeDivision'/>
    <rdfs:label>Province</rdfs:label>
  </rdf:Description>
  <rdf:Description rdf:about='#A102005'>
    <rdf:type rdf:resource='http://www.daml.org/2001/12/factbook/factbook-ont#AirportBreakdown'/>
    <NS0:paved>false</NS0:paved>
    <NS0:minRunway>914</NS0:minRunway>
    <NS0:maxRunway>1523</NS0:maxRunway>
    <NS0:count>16</NS0:count>
  </rdf:Description>
  <rdf:Description rdf:about='#A101620'>
    <rdf:type rdf:resource='#Province'/>
    <NS0:name>Rayong</NS0:name>
  </rdf:Description>
  <rdf:Description rdf:about='#A102028'>
    <rdf:type rdf:resource='http://www.daml.org/2001/12/factbook/factbook-ont#Estimate'/>
    <NS0:year>2001</NS0:year>
  </rdf:Description>
  <rdf:Description rdf:about='#A101384'>
    <NS0:year>1991</NS0:year>
  </rdf:Description>
  <rdf:Description rdf:about='#A101616'>
    <rdf:type rdf:resource='#Province'/>
    <NS0:name>Ratchaburi</NS0:name>
  </rdf:Description>
  <rdf:Description rdf:about='#A101842'>
    <rdf:type rdf:resource='http://www.daml.org/2001/12/factbook/factbook-ont#Estimate'/>
    <NS0:year>2000</NS0:year>
  </rdf:Description>
  <rdf:Description rdf:about='#A101998'>
    <rdf:type rdf:resource='http://www.daml.org/2001/12/factbook/factbook-ont#AirportBreakdown'/>
    <NS0:paved>false</NS0:paved>
    <NS0:minRunway>1524</NS0:minRunway>
    <NS0:maxRunway>2437</NS0:maxRunway>
    <NS0:count>1</NS0:count>
  </rdf:Description>
  <rdf:Description rdf:about='#A101612'>
    <rdf:type rdf:resource='#Province'/>
    <NS0:name>Ranong</NS0:name>
  </rdf:Description>
  <rdf:Description rdf:about='#A101228'>
    <rdf:type rdf:resource='http://www.daml.org/2001/12/factbook/factbook-ont#LatLon'/>
    <NS0:latitude>15.0</NS0:latitude>
    <NS0:longitude>100.0</NS0:longitude>
  </rdf:Description>
  <rdf:Description rdf:about='#A101992'>
    <rdf:type rdf:resource='http://www.daml.org/2001/12/factbook/factbook-ont#AirportBreakdown'/>
    <NS0:paved>true</NS0:paved>
    <NS0:maxRunway>913</NS0:maxRunway>
    <NS0:count>4 (2000 est.)</NS0:count>
  </rdf:Description>
  <rdf:Description rdf:about='#A101608'>
    <rdf:type rdf:resource='#Province'/>
    <NS0:name>Prachuap Khiri Khan</NS0:name>
  </rdf:Description>
  <rdf:Description rdf:about='#A101803'>
    <rdf:type rdf:resource='http://www.daml.org/2001/12/factbook/factbook-ont#Estimate'/>
    <NS0:year>1997</NS0:year>
  </rdf:Description>
  <rdf:Description rdf:about='#A101604'>
    <rdf:type rdf:resource='#Province'/>
    <NS0:name>Prachin Buri</NS0:name>
  </rdf:Description>
  <rdf:Description rdf:about='#A101985'>
    <rdf:type rdf:resource='http://www.daml.org/2001/12/factbook/factbook-ont#AirportBreakdown'/>
    <NS0:paved>true</NS0:paved>
    <NS0:minRunway>914</NS0:minRunway>
    <NS0:maxRunway>1523</NS0:maxRunway>
    <NS0:count>17</NS0:count>
  </rdf:Description>
  <rdf:Description rdf:about='#A101600'>
    <rdf:type rdf:resource='#Province'/>
    <NS0:name>Phuket</NS0:name>
  </rdf:Description>
  <rdf:Description rdf:about='#A101823'>
    <rdf:type rdf:resource='http://www.daml.org/2001/12/factbook/factbook-ont#Estimate'/>
    <NS0:year>2000</NS0:year>
  </rdf:Description>
  <rdf:Description rdf:about='#A101596'>
    <rdf:type rdf:resource='#Province'/>
    <NS0:name>Phrae</NS0:name>
  </rdf:Description>
  <rdf:Description rdf:about='#A101978'>
    <rdf:type rdf:resource='http://www.daml.org/2001/12/factbook/factbook-ont#AirportBreakdown'/>
    <NS0:paved>true</NS0:paved>
    <NS0:minRunway>1524</NS0:minRunway>
    <NS0:maxRunway>2437</NS0:maxRunway>
    <NS0:count>21</NS0:count>
  </rdf:Description>
  <rdf:Description rdf:about='#A101592'>
    <rdf:type rdf:resource='#Province'/>
    <NS0:name>Phra Nakhon Si Ayutthaya</NS0:name>
  </rdf:Description>
  <rdf:Description rdf:about='#A101273'>
    <rdf:type rdf:resource='http://www.daml.org/2001/12/factbook/factbook-ont#Estimate'/>
    <NS0:year>1993</NS0:year>
  </rdf:Description>
  <rdf:Description rdf:about='#A101588'>
    <rdf:type rdf:resource='#Province'/>
    <NS0:name>Phitsanulok</NS0:name>
  </rdf:Description>
  <rdf:Description rdf:about='#A101971'>
    <rdf:type rdf:resource='http://www.daml.org/2001/12/factbook/factbook-ont#AirportBreakdown'/>
    <NS0:paved>true</NS0:paved>
    <NS0:minRunway>2438</NS0:minRunway>
    <NS0:maxRunway>3047</NS0:maxRunway>
    <NS0:count>11</NS0:count>
  </rdf:Description>
  <rdf:Description rdf:about='#A101584'>
    <rdf:type rdf:resource='#Province'/>
    <NS0:name>Phichit</NS0:name>
  </rdf:Description>
  <rdf:Description rdf:about='#A101965'>
    <rdf:type rdf:resource='http://www.daml.org/2001/12/factbook/factbook-ont#AirportBreakdown'/>
    <NS0:paved>true</NS0:paved>
    <NS0:minRunway>3048</NS0:minRunway>
    <NS0:count>6</NS0:count>
  </rdf:Description>
  <rdf:Description rdf:about='#A101580'>
    <rdf:type rdf:resource='#Province'/>
    <NS0:name>Phetchaburi</NS0:name>
  </rdf:Description>
  <rdf:Description rdf:about='#A101576'>
    <rdf:type rdf:resource='#Province'/>
    <NS0:name>Phetchabun</NS0:name>
  </rdf:Description>
  <rdf:Description rdf:about='#A101958'>
    <rdf:type rdf:resource='http://www.daml.org/2001/12/factbook/factbook-ont#Port'/>
    <NS0:name>Songkhla</NS0:name>
  </rdf:Description>
  <rdf:Description rdf:about='#A130298'>
    <rdf:type rdf:resource='http://www.daml.org/2001/12/factbook/factbook-ont#CountryPercent'/>
    <NS0:country rdf:resource='http://www.daml.org/2001/09/countries/fips#TW'/>
    <NS0:percent>5</NS0:percent>
  </rdf:Description>
  <rdf:Description rdf:about='#A101572'>
    <rdf:type rdf:resource='#Province'/>
    <NS0:name>Phayao</NS0:name>
  </rdf:Description>
  <rdf:Description rdf:about='#A101954'>
    <rdf:type rdf:resource='http://www.daml.org/2001/12/factbook/factbook-ont#Port'/>
    <NS0:name>Si Racha</NS0:name>
  </rdf:Description>
  <rdf:Description rdf:about='#A101906'>
    <rdf:type rdf:resource='http://www.daml.org/2001/12/factbook/factbook-ont#Estimate'/>
    <NS0:year>1998</NS0:year>
  </rdf:Description>
  <rdf:Description rdf:about='#A130293'>
    <rdf:type rdf:resource='http://www.daml.org/2001/12/factbook/factbook-ont#CountryPercent'/>
    <NS0:country rdf:resource='http://www.daml.org/2001/09/countries/fips#MY'/>
    <NS0:percent>5</NS0:percent>
  </rdf:Description>
  <rdf:Description rdf:about='#A101568'>
    <rdf:type rdf:resource='#Province'/>
    <NS0:name>Phatthalung</NS0:name>
  </rdf:Description>
  <rdf:Description rdf:about='#A101950'>
    <rdf:type rdf:resource='http://www.daml.org/2001/12/factbook/factbook-ont#Port'/>
    <NS0:name>Sattahip</NS0:name>
  </rdf:Description>
  <rdf:Description rdf:about='#A101564'>
    <rdf:type rdf:resource='#Province'/>
    <NS0:name>Phangnga</NS0:name>
  </rdf:Description>
  <rdf:Description rdf:about='#A130288'>
    <rdf:type rdf:resource='http://www.daml.org/2001/12/factbook/factbook-ont#CountryPercent'/>
    <NS0:country rdf:resource='http://www.daml.org/2001/09/countries/fips#CH'/>
    <NS0:percent>5</NS0:percent>
  </rdf:Description>
  <rdf:Description rdf:about='#A101946'>
    <rdf:type rdf:resource='http://www.daml.org/2001/12/factbook/factbook-ont#Port'/>
    <NS0:name>Phuket</NS0:name>
  </rdf:Description>
  <rdf:Description rdf:about='#A101560'>
    <rdf:type rdf:resource='#Province'/>
    <NS0:name>Pattani</NS0:name>
  </rdf:Description>
  <rdf:Description rdf:about='#A101942'>
    <rdf:type rdf:resource='http://www.daml.org/2001/12/factbook/factbook-ont#Port'/>
    <NS0:name>Pattani</NS0:name>
  </rdf:Description>
  <rdf:Description rdf:about='#A130283'>
    <rdf:type rdf:resource='http://www.daml.org/2001/12/factbook/factbook-ont#CountryPercent'/>
    <NS0:country rdf:resource='http://www.daml.org/2001/09/countries/fips#SN'/>
    <NS0:percent>6</NS0:percent>
  </rdf:Description>
  <rdf:Description rdf:about='#A101556'>
    <rdf:type rdf:resource='#Province'/>
    <NS0:name>Pathum Thani</NS0:name>
  </rdf:Description>
  <rdf:Description rdf:about='#A101938'>
    <rdf:type rdf:resource='http://www.daml.org/2001/12/factbook/factbook-ont#Port'/>
    <NS0:name>Laem Chabang</NS0:name>
  </rdf:Description>
  <rdf:Description rdf:about='#A130278'>
    <rdf:type rdf:resource='http://www.daml.org/2001/12/factbook/factbook-ont#CountryPercent'/>
    <NS0:country rdf:resource='http://www.daml.org/2001/09/countries/fips#US'/>
    <NS0:percent>14</NS0:percent>
  </rdf:Description>
  <rdf:Description rdf:about='#A101552'>
    <rdf:type rdf:resource='#Province'/>
    <NS0:name>Nonthaburi</NS0:name>
  </rdf:Description>
  <rdf:Description rdf:about='#A101934'>
    <rdf:type rdf:resource='http://www.daml.org/2001/12/factbook/factbook-ont#Port'/>
    <NS0:name>Bangkok</NS0:name>
  </rdf:Description>
  <rdf:Description rdf:about='#A130273'>
    <rdf:type rdf:resource='http://www.daml.org/2001/12/factbook/factbook-ont#CountryPercent'/>
    <NS0:country rdf:resource='http://www.daml.org/2001/09/countries/fips#JA'/>
    <NS0:percent>26</NS0:percent>
  </rdf:Description>
  <rdf:Description rdf:about='#A101548'>
    <rdf:type rdf:resource='#Province'/>
    <NS0:name>Nong Khai</NS0:name>
  </rdf:Description>
  <rdf:Description rdf:about='#A101544'>
    <rdf:type rdf:resource='#Province'/>
    <NS0:name>Nong Bua Lamphu</NS0:name>
  </rdf:Description>
  <rdf:Description rdf:about='#A130267'>
    <rdf:type rdf:resource='http://www.daml.org/2001/12/factbook/factbook-ont#CountryPercent'/>
    <NS0:country rdf:resource='http://www.daml.org/2001/09/countries/fips#UK'/>
    <NS0:percent>4</NS0:percent>
  </rdf:Description>
  <rdf:Description rdf:about='#A101540'>
    <rdf:type rdf:resource='#Province'/>
    <NS0:name>Narathiwat</NS0:name>
  </rdf:Description>
  <rdf:Description rdf:about='#A130262'>
    <rdf:type rdf:resource='http://www.daml.org/2001/12/factbook/factbook-ont#CountryPercent'/>
    <NS0:country rdf:resource='http://www.daml.org/2001/09/countries/fips#MY'/>
    <NS0:percent>4</NS0:percent>
  </rdf:Description>
  <rdf:Description rdf:about='#A101884'>
    <rdf:type rdf:resource='http://www.daml.org/2001/12/factbook/factbook-ont#Estimate'/>
    <NS0:note>f.o.b., 2000</NS0:note>
  </rdf:Description>
  <rdf:Description rdf:about='#A101536'>
    <rdf:type rdf:resource='#Province'/>
    <NS0:name>Nan</NS0:name>
  </rdf:Description>
  <rdf:Description rdf:about='#A101532'>
    <rdf:type rdf:resource='#Province'/>
    <NS0:name>Nakhon Si Thammarat</NS0:name>
  </rdf:Description>
  <rdf:Description rdf:about='#A130257'>
    <rdf:type rdf:resource='http://www.daml.org/2001/12/factbook/factbook-ont#CountryPercent'/>
    <NS0:country rdf:resource='http://www.daml.org/2001/09/countries/fips#NL'/>
    <NS0:percent>4</NS0:percent>
  </rdf:Description>
  <rdf:Description rdf:about='#A101798'>
    <NS0:year>1992</NS0:year>
  </rdf:Description>
  <rdf:Description rdf:about='#A101528'>
    <rdf:type rdf:resource='#Province'/>
    <NS0:name>Nakhon Sawan</NS0:name>
  </rdf:Description>
  <rdf:Description rdf:about='#A101962'>
    <rdf:type rdf:resource='http://www.daml.org/2001/12/factbook/factbook-ont#Estimate'/>
    <NS0:year>2000</NS0:year>
  </rdf:Description>
  <rdf:Description rdf:about='#A130252'>
    <rdf:type rdf:resource='http://www.daml.org/2001/12/factbook/factbook-ont#CountryPercent'/>
    <NS0:country rdf:resource='http://www.daml.org/2001/09/countries/fips#HK'/>
    <NS0:percent>5</NS0:percent>
  </rdf:Description>
  <rdf:Description rdf:about='#A101524'>
    <rdf:type rdf:resource='#Province'/>
    <NS0:name>Nakhon Ratchasima</NS0:name>
  </rdf:Description>
  <rdf:Description rdf:about='#A130247'>
    <rdf:type rdf:resource='http://www.daml.org/2001/12/factbook/factbook-ont#CountryPercent'/>
    <NS0:country rdf:resource='http://www.daml.org/2001/09/countries/fips#SN'/>
    <NS0:percent>9</NS0:percent>
  </rdf:Description>
  <rdf:Description rdf:about='#A101520'>
    <rdf:type rdf:resource='#Province'/>
    <NS0:name>Nakhon Phanom</NS0:name>
  </rdf:Description>
  <rdf:Description rdf:about='#A101781'>
    <rdf:type rdf:resource='http://www.daml.org/2001/12/factbook/factbook-ont#Estimate'/>
    <NS0:year>2000</NS0:year>
  </rdf:Description>
  <rdf:Description rdf:about='#A130242'>
    <rdf:type rdf:resource='http://www.daml.org/2001/12/factbook/factbook-ont#CountryPercent'/>
    <NS0:country rdf:resource='http://www.daml.org/2001/09/countries/fips#JA'/>
    <NS0:percent>14</NS0:percent>
  </rdf:Description>
  <rdf:Description rdf:about='#A101899'>
    <rdf:type rdf:resource='http://www.daml.org/2001/12/factbook/factbook-ont#CommodityPercent'/>
    <NS0:importsCommodity rdf:resource='http://www.daml.org/2001/12/factbook/commodities#fuels'/>
  </rdf:Description>
  <rdf:Description rdf:about='#A101516'>
    <rdf:type rdf:resource='#Province'/>
    <NS0:name>Nakhon Pathom</NS0:name>
  </rdf:Description>
  <rdf:Description rdf:about='#A101895'>
    <rdf:type rdf:resource='http://www.daml.org/2001/12/factbook/factbook-ont#CommodityPercent'/>
    <NS0:importsCommodity rdf:resource='http://www.daml.org/2001/12/factbook/commodities#consumer_goods'/>
  </rdf:Description>
  <rdf:Description rdf:about='#A101512'>
    <rdf:type rdf:resource='#Province'/>
    <NS0:name>Nakhon Nayok</NS0:name>
  </rdf:Description>
  <rdf:Description rdf:about='#A130237'>
    <rdf:type rdf:resource='http://www.daml.org/2001/12/factbook/factbook-ont#CountryPercent'/>
    <NS0:country rdf:resource='http://www.daml.org/2001/09/countries/fips#US'/>
    <NS0:percent>22</NS0:percent>
  </rdf:Description>
  <rdf:Description rdf:about='#A101926'>
    <NS0:year>2000</NS0:year>
  </rdf:Description>
  <rdf:Description rdf:about='#A101914'>
    <NS0:year>1998</NS0:year>
  </rdf:Description>
  <rdf:Description rdf:about='#A101508'>
    <rdf:type rdf:resource='#Province'/>
    <NS0:name>Mukdahan</NS0:name>
  </rdf:Description>
  <rdf:Description rdf:about='#A101891'>
    <rdf:type rdf:resource='http://www.daml.org/2001/12/factbook/factbook-ont#CommodityPercent'/>
    <NS0:importsCommodity rdf:resource='http://www.daml.org/2001/12/factbook/commodities#intermediate_goods_and_raw_materials'/>
  </rdf:Description>
  <rdf:Description rdf:about='#A130232'>
    <rdf:type rdf:resource='http://www.daml.org/2001/12/factbook/factbook-ont#Border'/>
    <NS0:country rdf:resource='http://www.daml.org/2001/09/countries/fips#MY'/>
    <NS0:distance>506</NS0:distance>
  </rdf:Description>
  <rdf:Description rdf:about='#A102033'>
    <NS0:note>FY00</NS0:note>
  </rdf:Description>
  <rdf:Description rdf:about='#A101504'>
    <rdf:type rdf:resource='#Province'/>
    <NS0:name>Maha Sarakham</NS0:name>
  </rdf:Description>
  <rdf:Description rdf:about='#A101887'>
    <rdf:type rdf:resource='http://www.daml.org/2001/12/factbook/factbook-ont#CommodityPercent'/>
    <NS0:importsCommodity rdf:resource='http://www.daml.org/2001/12/factbook/commodities#capital_goods'/>
  </rdf:Description>
  <rdf:Description rdf:about='#A102018'>
    <rdf:type rdf:resource='http://www.daml.org/2001/12/factbook/factbook-ont#Estimate'/>
    <NS0:year>2000</NS0:year>
  </rdf:Description>
  <rdf:Description rdf:about='#A130227'>
    <rdf:type rdf:resource='http://www.daml.org/2001/12/factbook/factbook-ont#Border'/>
    <NS0:country rdf:resource='http://www.daml.org/2001/09/countries/fips#LA'/>
    <NS0:distance>1754</NS0:distance>
  </rdf:Description>
  <rdf:Description rdf:about='#A130302'>
    <NS0:note>1999</NS0:note>
  </rdf:Description>
  <rdf:Description rdf:about='#A101500'>
    <rdf:type rdf:resource='#Province'/>
    <NS0:name>Mae Hong Son</NS0:name>
  </rdf:Description>
  <rdf:Description rdf:about='#A101880'>
    <rdf:type rdf:resource='http://www.daml.org/2001/12/factbook/factbook-ont#CommodityPercent'/>
    <NS0:exportsCommodity rdf:resource='http://www.daml.org/2001/12/factbook/commodities#rice'/>
  </rdf:Description>
  <rdf:Description rdf:about='#A130222'>
    <rdf:type rdf:resource='http://www.daml.org/2001/12/factbook/factbook-ont#Border'/>
    <NS0:country rdf:resource='http://www.daml.org/2001/09/countries/fips#CB'/>
    <NS0:distance>803</NS0:distance>
  </rdf:Description>
  <rdf:Description rdf:about='#A101496'>
    <rdf:type rdf:resource='#Province'/>
    <NS0:name>Lop Buri</NS0:name>
  </rdf:Description>
</rdf:RDF>
