<?xml version='1.0' encoding='ISO-8859-1'?>
<rdf:RDF
  xmlns:rdf='http://www.w3.org/1999/02/22-rdf-syntax-ns#'
  xmlns:NS0='http://www.daml.org/2001/12/factbook/factbook-ont#'
  xmlns:rdfs='http://www.w3.org/2000/01/rdf-schema#'
  xml:base="http://www.daml.org/2001/12/factbook/ti">
  <rdf:Description rdf:about='#A102375'>
    <rdf:type rdf:resource='http://www.daml.org/2001/12/factbook/factbook-ont#CommodityPercent'/>
    <NS0:importsCommodity rdf:resource='http://www.daml.org/2001/12/factbook/commodities#electricity'/>
  </rdf:Description>
  <rdf:Description rdf:about='#A102181'>
    <rdf:type rdf:resource='http://www.daml.org/2001/12/factbook/factbook-ont#ReligionPercent'/>
    <NS0:religion rdf:resource='http://www.daml.org/2001/12/factbook/religions#Sunni_Muslim'/>
    <NS0:percent>80</NS0:percent>
  </rdf:Description>
  <rdf:Description rdf:about='#A102368'>
    <rdf:type rdf:resource='http://www.daml.org/2001/12/factbook/factbook-ont#CommodityPercent'/>
    <NS0:exportsCommodity rdf:resource='http://www.daml.org/2001/12/factbook/commodities#textiles'/>
  </rdf:Description>
  <rdf:Description rdf:about='#A102176'>
    <rdf:type rdf:resource='http://www.daml.org/2001/12/factbook/factbook-ont#EthnicGroupPercent'/>
    <NS0:ethnicGroup rdf:resource='http://www.daml.org/2001/12/factbook/ethnicGroups#other'/>
    <NS0:percent>6.6</NS0:percent>
  </rdf:Description>
  <rdf:Description rdf:about='#A102364'>
    <rdf:type rdf:resource='http://www.daml.org/2001/12/factbook/factbook-ont#CommodityPercent'/>
    <NS0:exportsCommodity rdf:resource='http://www.daml.org/2001/12/factbook/commodities#vegetable_oil'/>
  </rdf:Description>
  <rdf:Description rdf:about='#A102273'>
    <rdf:type rdf:resource='http://www.daml.org/2001/12/factbook/factbook-ont#Estimate'/>
    <NS0:year>2000</NS0:year>
  </rdf:Description>
  <rdf:Description rdf:about='#A102398'>
    <NS0:year>1995</NS0:year>
  </rdf:Description>
  <rdf:Description rdf:about='#A102170'>
    <rdf:type rdf:resource='http://www.daml.org/2001/12/factbook/factbook-ont#EthnicGroupPercent'/>
    <NS0:ethnicGroup rdf:resource='http://www.daml.org/2001/12/factbook/ethnicGroups#Russian'/>
    <NS0:percent>3.5</NS0:percent>
  </rdf:Description>
  <rdf:Description rdf:about='#A102360'>
    <rdf:type rdf:resource='http://www.daml.org/2001/12/factbook/factbook-ont#CommodityPercent'/>
    <NS0:exportsCommodity rdf:resource='http://www.daml.org/2001/12/factbook/commodities#fruits'/>
  </rdf:Description>
  <rdf:Description rdf:about='#A102090'>
    <rdf:type rdf:resource='http://www.daml.org/2001/12/factbook/factbook-ont#Estimate'/>
    <NS0:year>1993</NS0:year>
  </rdf:Description>
  <rdf:Description rdf:about='#A102152'>
    <rdf:type rdf:resource='http://www.daml.org/2001/12/factbook/factbook-ont#Estimate'/>
    <NS0:year>2001</NS0:year>
  </rdf:Description>
  <rdf:Description rdf:about='#A102308'>
    <rdf:type rdf:resource='http://www.daml.org/2001/12/factbook/factbook-ont#Estimate'/>
    <NS0:year>1997</NS0:year>
  </rdf:Description>
  <rdf:Description rdf:about='#A102165'>
    <rdf:type rdf:resource='http://www.daml.org/2001/12/factbook/factbook-ont#EthnicGroupPercent'/>
    <NS0:ethnicGroup rdf:resource='http://www.daml.org/2001/12/factbook/ethnicGroups#Uzbek'/>
    <NS0:percent>25</NS0:percent>
  </rdf:Description>
  <rdf:Description rdf:about='#A102356'>
    <rdf:type rdf:resource='http://www.daml.org/2001/12/factbook/factbook-ont#CommodityPercent'/>
    <NS0:exportsCommodity rdf:resource='http://www.daml.org/2001/12/factbook/commodities#cotton'/>
  </rdf:Description>
  <rdf:Description rdf:about='#A102473'>
    <rdf:type rdf:resource='http://www.daml.org/2001/12/factbook/factbook-ont#Estimate'/>
    <NS0:year>2001</NS0:year>
  </rdf:Description>
  <rdf:Description rdf:about='#A102352'>
    <rdf:type rdf:resource='http://www.daml.org/2001/12/factbook/factbook-ont#CommodityPercent'/>
    <NS0:exportsCommodity rdf:resource='http://www.daml.org/2001/12/factbook/commodities#electricity'/>
  </rdf:Description>
  <rdf:Description rdf:about='#A102160'>
    <rdf:type rdf:resource='http://www.daml.org/2001/12/factbook/factbook-ont#EthnicGroupPercent'/>
    <NS0:ethnicGroup rdf:resource='http://www.daml.org/2001/12/factbook/ethnicGroups#Tajik'/>
    <NS0:percent>64.9</NS0:percent>
  </rdf:Description>
  <rdf:Description rdf:about='#A102348'>
    <rdf:type rdf:resource='http://www.daml.org/2001/12/factbook/factbook-ont#CommodityPercent'/>
    <NS0:exportsCommodity rdf:resource='http://www.daml.org/2001/12/factbook/commodities#aluminum'/>
  </rdf:Description>
  <rdf:Description rdf:about='#A102279'>
    <rdf:type rdf:resource='http://www.daml.org/2001/12/factbook/factbook-ont#Estimate'/>
    <NS0:year>2000</NS0:year>
  </rdf:Description>
  <rdf:Description rdf:about='#A130118'>
    <NS0:note>1998</NS0:note>
  </rdf:Description>
  <rdf:Description rdf:about='#A102146'>
    <rdf:type rdf:resource='http://www.daml.org/2001/12/factbook/factbook-ont#SexRatioBreakdown'/>
    <NS0:ratio>0.99</NS0:ratio>
  </rdf:Description>
  <rdf:Description rdf:about='#A102141'>
    <rdf:type rdf:resource='http://www.daml.org/2001/12/factbook/factbook-ont#SexRatioBreakdown'/>
    <NS0:minAge>65</NS0:minAge>
    <NS0:ratio>0.76</NS0:ratio>
  </rdf:Description>
  <rdf:Description rdf:about='#A102418'>
    <NS0:note>these roads are said to be hard-surfaced, and include, in addition to conventionally paved roads, some that are surfaced with gravel or other coarse aggregate, making them trafficable in all weather</NS0:note>
  </rdf:Description>
  <rdf:Description rdf:about='#A102135'>
    <rdf:type rdf:resource='http://www.daml.org/2001/12/factbook/factbook-ont#SexRatioBreakdown'/>
    <NS0:minAge>15</NS0:minAge>
    <NS0:maxAge>64</NS0:maxAge>
    <NS0:ratio>0.99</NS0:ratio>
  </rdf:Description>
  <rdf:Description rdf:about='#A102117'>
    <rdf:type rdf:resource='http://www.daml.org/2001/12/factbook/factbook-ont#Estimate'/>
    <NS0:year>2001</NS0:year>
  </rdf:Description>
  <rdf:Description rdf:about='#A102203'>
    <rdf:type rdf:resource='http://www.daml.org/2001/12/factbook/factbook-ont#Estimate'/>
    <NS0:year>1989</NS0:year>
  </rdf:Description>
  <rdf:Description rdf:about='#A102129'>
    <rdf:type rdf:resource='http://www.daml.org/2001/12/factbook/factbook-ont#SexRatioBreakdown'/>
    <NS0:minAge>0</NS0:minAge>
    <NS0:maxAge>14</NS0:maxAge>
    <NS0:ratio>1.02</NS0:ratio>
  </rdf:Description>
  <rdf:Description rdf:about='#A102403'>
    <NS0:year>1997</NS0:year>
  </rdf:Description>
  <rdf:Description rdf:about='#A102470'>
    <rdf:type rdf:resource='http://www.daml.org/2001/12/factbook/factbook-ont#Estimate'/>
    <NS0:year>2001</NS0:year>
  </rdf:Description>
  <rdf:Description rdf:about='#A102415'>
    <NS0:year>2000</NS0:year>
  </rdf:Description>
  <rdf:Description rdf:about='#A102123'>
    <rdf:type rdf:resource='http://www.daml.org/2001/12/factbook/factbook-ont#SexRatioBreakdown'/>
    <NS0:minAge>0</NS0:minAge>
    <NS0:maxAge>0</NS0:maxAge>
    <NS0:ratio>1.05</NS0:ratio>
  </rdf:Description>
  <rdf:Description rdf:about='#A102149'>
    <rdf:type rdf:resource='http://www.daml.org/2001/12/factbook/factbook-ont#Estimate'/>
    <NS0:year>2001</NS0:year>
  </rdf:Description>
  <rdf:Description rdf:about='#A102304'>
    <rdf:type rdf:resource='http://www.daml.org/2001/12/factbook/factbook-ont#OccupationPercent'/>
    <NS0:occupation rdf:resource='http://www.daml.org/2001/12/factbook/occupations#services'/>
    <NS0:percent>30</NS0:percent>
  </rdf:Description>
  <rdf:Description rdf:about='#A102108'>
    <rdf:type rdf:resource='http://www.daml.org/2001/12/factbook/factbook-ont#Estimate'/>
    <NS0:note>July 2001</NS0:note>
  </rdf:Description>
  <rdf:Description rdf:about='#A102289'>
    <rdf:type rdf:resource='http://www.daml.org/2001/12/factbook/factbook-ont#Estimate'/>
    <NS0:year>2000</NS0:year>
  </rdf:Description>
  <rdf:Description rdf:about='#A102299'>
    <rdf:type rdf:resource='http://www.daml.org/2001/12/factbook/factbook-ont#OccupationPercent'/>
    <NS0:occupation rdf:resource='http://www.daml.org/2001/12/factbook/occupations#industry'/>
    <NS0:percent>20</NS0:percent>
  </rdf:Description>
  <rdf:Description rdf:about='#A102294'>
    <rdf:type rdf:resource='http://www.daml.org/2001/12/factbook/factbook-ont#OccupationPercent'/>
    <NS0:occupation rdf:resource='http://www.daml.org/2001/12/factbook/occupations#agriculture'/>
    <NS0:percent>50</NS0:percent>
  </rdf:Description>
  <rdf:Description rdf:about='#A102424'>
    <rdf:type rdf:resource='http://www.daml.org/2001/12/factbook/factbook-ont#Estimate'/>
    <NS0:year>2000</NS0:year>
  </rdf:Description>
  <rdf:Description rdf:about='#A102286'>
    <rdf:type rdf:resource='http://www.daml.org/2001/12/factbook/factbook-ont#Estimate'/>
    <NS0:year>2000</NS0:year>
  </rdf:Description>
  <rdf:Description rdf:about='#A102329'>
    <NS0:year>1999</NS0:year>
  </rdf:Description>
  <rdf:Description rdf:about='#A102321'>
    <rdf:type rdf:resource='http://www.daml.org/2001/12/factbook/factbook-ont#Estimate'/>
    <NS0:year>2000</NS0:year>
  </rdf:Description>
  <rdf:Description rdf:about='#A102405'>
    <NS0:year>1997</NS0:year>
  </rdf:Description>
  <rdf:Description rdf:about='#A102476'>
    <NS0:note>FY97</NS0:note>
  </rdf:Description>
  <rdf:Description rdf:about='#A130107'>
    <NS0:note>1998</NS0:note>
  </rdf:Description>
  <rdf:Description rdf:about='http://www.daml.org/2001/09/countries/fips#TI'>
    <NS0:background>Tajikistan has experienced three changes in government and a five-year civil war since it gained independence in 1991 from the USSR. A peace agreement among rival factions was signed in 1997, and implementation reportedly completed by late 1999. Part of the agreement required the legalization of opposition political parties prior to the 1999 elections, which occurred, but such parties have made little progress in successful participation in government. Random criminal and political violence in the country remains a complication impairing Tajikistan&apos;s ability to engage internationally.</NS0:background>
    <NS0:location>Central Asia, west of China</NS0:location>
    <NS0:geographicCoordinates rdf:resource='#A102050'/>
    <NS0:mapReferences>Commonwealth of Independent States</NS0:mapReferences>
    <NS0:totalArea>143100</NS0:totalArea>
    <NS0:landArea>142700</NS0:landArea>
    <NS0:waterArea>400</NS0:waterArea>
    <NS0:comparativeArea>slightly smaller than Wisconsin</NS0:comparativeArea>
    <NS0:landBoundaries>3651</NS0:landBoundaries>
    <NS0:coastline rdf:ID='A102061'>0</NS0:coastline>
    <NS0:climate>midlatitude continental, hot summers, mild winters; semiarid to polar in Pamir Mountains</NS0:climate>
    <NS0:terrain>Pamir and Alay mountains dominate landscape; western Fergana Valley in north, Kofarnihon and Vakhsh Valleys in southwest</NS0:terrain>
    <NS0:lowestPoint rdf:resource='#A102065'/>
    <NS0:highestPoint rdf:resource='#A102070'/>
    <NS0:naturalResource rdf:resource='http://www.daml.org/2001/12/factbook/naturalResources#hydropower'/>
    <NS0:naturalResource rdf:resource='http://www.daml.org/2001/12/factbook/naturalResources#some_petroleum'/>
    <NS0:naturalResource rdf:resource='http://www.daml.org/2001/12/factbook/naturalResources#uranium'/>
    <NS0:naturalResource rdf:resource='http://www.daml.org/2001/12/factbook/naturalResources#mercury'/>
    <NS0:naturalResource rdf:resource='http://www.daml.org/2001/12/factbook/naturalResources#brown_coal'/>
    <NS0:naturalResource rdf:resource='http://www.daml.org/2001/12/factbook/naturalResources#lead'/>
    <NS0:naturalResource rdf:resource='http://www.daml.org/2001/12/factbook/naturalResources#zinc'/>
    <NS0:naturalResource rdf:resource='http://www.daml.org/2001/12/factbook/naturalResources#antimony'/>
    <NS0:naturalResource rdf:resource='http://www.daml.org/2001/12/factbook/naturalResources#tungsten'/>
    <NS0:naturalResource rdf:resource='http://www.daml.org/2001/12/factbook/naturalResources#silver'/>
    <NS0:naturalResource rdf:resource='http://www.daml.org/2001/12/factbook/naturalResources#gold'/>
    <NS0:arableLand>6</NS0:arableLand>
    <NS0:permanentCrops>0</NS0:permanentCrops>
    <NS0:permanentPastures>25</NS0:permanentPastures>
    <NS0:forestsAndWoodland>4</NS0:forestsAndWoodland>
    <NS0:otherLandUse rdf:ID='A102090'>65</NS0:otherLandUse>
    <NS0:irrigatedLand rdf:ID='A102093'>6390</NS0:irrigatedLand>
    <NS0:naturalHazard>NA</NS0:naturalHazard>
    <NS0:environmentalIssue>inadequate sanitation facilities</NS0:environmentalIssue>
    <NS0:environmentalIssue>increasing levels of soil salinity</NS0:environmentalIssue>
    <NS0:environmentalIssue>industrial pollution</NS0:environmentalIssue>
    <NS0:environmentalIssue>excessive pesticides</NS0:environmentalIssue>
    <NS0:environmentalIssue>part of the basin of the shrinking Aral Sea suffers from severe overutilization of available water for irrigation and associated pollution</NS0:environmentalIssue>
    <NS0:environmentalAgreementPartyTo rdf:resource='http://www.daml.org/2001/12/factbook/environmentalAgreements#Biodiversity'/>
    <NS0:environmentalAgreementPartyTo rdf:resource='http://www.daml.org/2001/12/factbook/environmentalAgreements#Climate_Change'/>
    <NS0:environmentalAgreementPartyTo rdf:resource='http://www.daml.org/2001/12/factbook/environmentalAgreements#Desertification'/>
    <NS0:environmentalAgreementPartyTo rdf:resource='http://www.daml.org/2001/12/factbook/environmentalAgreements#Environmental_Modification'/>
    <NS0:environmentalAgreementPartyTo rdf:resource='http://www.daml.org/2001/12/factbook/environmentalAgreements#Ozone_Layer_Protection'/>
    <NS0:environmentalAgreementSigned rdf:resource='http://www.daml.org/2001/12/factbook/environmentalAgreements#none_of_the_selected_agreements'/>
    <NS0:population rdf:ID='A102108'>6578681</NS0:population>
    <NS0:populationGrowthRate rdf:ID='A102111'>2.12</NS0:populationGrowthRate>
    <NS0:birthRate rdf:ID='A102114'>33.23</NS0:birthRate>
    <NS0:deathRate rdf:ID='A102117'>8.57</NS0:deathRate>
    <NS0:netMigrationRate rdf:ID='A102120'>-3.49</NS0:netMigrationRate>
    <NS0:sexRatio rdf:resource='#A102123'/>
    <NS0:sexRatio rdf:resource='#A102129'/>
    <NS0:sexRatio rdf:resource='#A102135'/>
    <NS0:sexRatio rdf:resource='#A102141'/>
    <NS0:sexRatio rdf:ID='A102149' rdf:resource='#A102146'/>
    <NS0:infantMortalityRate rdf:ID='A102152'>116.09</NS0:infantMortalityRate>
    <NS0:totalFertilityRate rdf:ID='A102155'>4.29</NS0:totalFertilityRate>
    <NS0:nationalityNoun>Tajikistani(s)</NS0:nationalityNoun>
    <NS0:nationalityAdjective>Tajikistani</NS0:nationalityAdjective>
    <NS0:ethnicGroup rdf:resource='#A102160'/>
    <NS0:ethnicGroup rdf:resource='#A102165'/>
    <NS0:ethnicGroup rdf:ID='A102174' rdf:resource='#A102170'/>
    <NS0:ethnicGroup rdf:resource='#A102176'/>
    <NS0:religion rdf:resource='#A102181'/>
    <NS0:religion rdf:resource='#A102186'/>
    <NS0:language rdf:ID='A102194' rdf:resource='#A102191'/>
    <NS0:language rdf:resource='#A102196'/>
    <NS0:literacyDefinition>age 15 and over can read and write</NS0:literacyDefinition>
    <NS0:literacyTotal>98</NS0:literacyTotal>
    <NS0:literacyMale>99</NS0:literacyMale>
    <NS0:literacyFemale rdf:ID='A102203'>97</NS0:literacyFemale>
    <NS0:conventionalLongCountryName>Republic of Tajikistan</NS0:conventionalLongCountryName>
    <NS0:conventionalShortCountryName>Tajikistan</NS0:conventionalShortCountryName>
    <NS0:localLongCountryName>Jumhurii Tojikiston</NS0:localLongCountryName>
    <NS0:localShortCountryName>none</NS0:localShortCountryName>
    <NS0:formerCountryName>Tajik Soviet Socialist Republic</NS0:formerCountryName>
    <NS0:governmentType rdf:resource='http://www.daml.org/2001/12/factbook/governmentTypes#republic'/>
    <NS0:capital rdf:resource='#A102212'/>
    <NS0:administrativeDivision rdf:resource='#A102219'/>
    <NS0:administrativeDivision rdf:resource='#A102223'/>
    <NS0:administrativeDivision rdf:resource='#A102227'/>
    <NS0:independence>9 September 1991 (from Soviet Union)</NS0:independence>
    <NS0:constitution>6 November 1994</NS0:constitution>
    <NS0:legalSystem>based on civil law system; no judicial review of legislative acts</NS0:legalSystem>
    <NS0:suffrage>18 years of age; universal</NS0:suffrage>
    <NS0:participatesIn rdf:resource='http://www.daml.org/2001/12/factbook/internationalOrganizations#AsDB'/>
    <NS0:participatesIn rdf:resource='http://www.daml.org/2001/12/factbook/internationalOrganizations#CCC'/>
    <NS0:participatesIn rdf:resource='http://www.daml.org/2001/12/factbook/internationalOrganizations#CIS'/>
    <NS0:participatesIn rdf:resource='http://www.daml.org/2001/12/factbook/internationalOrganizations#EAPC'/>
    <NS0:participatesIn rdf:resource='http://www.daml.org/2001/12/factbook/internationalOrganizations#EBRD'/>
    <NS0:participatesIn rdf:resource='http://www.daml.org/2001/12/factbook/internationalOrganizations#ECE'/>
    <NS0:participatesIn rdf:resource='http://www.daml.org/2001/12/factbook/internationalOrganizations#ECO'/>
    <NS0:participatesIn rdf:resource='http://www.daml.org/2001/12/factbook/internationalOrganizations#ESCAP'/>
    <NS0:participatesIn rdf:resource='http://www.daml.org/2001/12/factbook/internationalOrganizations#FAO'/>
    <NS0:participatesIn rdf:resource='http://www.daml.org/2001/12/factbook/internationalOrganizations#IBRD'/>
    <NS0:participatesIn rdf:resource='http://www.daml.org/2001/12/factbook/internationalOrganizations#ICAO'/>
    <NS0:participatesIn rdf:resource='http://www.daml.org/2001/12/factbook/internationalOrganizations#ICRM'/>
    <NS0:participatesIn rdf:resource='http://www.daml.org/2001/12/factbook/internationalOrganizations#IDA'/>
    <NS0:participatesIn rdf:resource='http://www.daml.org/2001/12/factbook/internationalOrganizations#IDB'/>
    <NS0:participatesIn rdf:resource='http://www.daml.org/2001/12/factbook/internationalOrganizations#IFAD'/>
    <NS0:participatesIn rdf:resource='http://www.daml.org/2001/12/factbook/internationalOrganizations#IFC'/>
    <NS0:participatesIn rdf:resource='http://www.daml.org/2001/12/factbook/internationalOrganizations#IFRCS'/>
    <NS0:participatesIn rdf:resource='http://www.daml.org/2001/12/factbook/internationalOrganizations#ILO'/>
    <NS0:participatesIn rdf:resource='http://www.daml.org/2001/12/factbook/internationalOrganizations#IMF'/>
    <NS0:participatesIn rdf:resource='http://www.daml.org/2001/12/factbook/internationalOrganizations#Intelsat'/>
    <NS0:participatesIn rdf:resource='http://www.daml.org/2001/12/factbook/internationalOrganizations#IOC'/>
    <NS0:participatesIn rdf:resource='http://www.daml.org/2001/12/factbook/internationalOrganizations#IOM'/>
    <NS0:participatesIn rdf:resource='http://www.daml.org/2001/12/factbook/internationalOrganizations#ITU'/>
    <NS0:participatesIn rdf:resource='http://www.daml.org/2001/12/factbook/internationalOrganizations#OIC'/>
    <NS0:participatesIn rdf:resource='http://www.daml.org/2001/12/factbook/internationalOrganizations#OPCW'/>
    <NS0:participatesIn rdf:resource='http://www.daml.org/2001/12/factbook/internationalOrganizations#OSCE'/>
    <NS0:participatesIn rdf:resource='http://www.daml.org/2001/12/factbook/internationalOrganizations#UN'/>
    <NS0:participatesIn rdf:resource='http://www.daml.org/2001/12/factbook/internationalOrganizations#UNCTAD'/>
    <NS0:participatesIn rdf:resource='http://www.daml.org/2001/12/factbook/internationalOrganizations#UNESCO'/>
    <NS0:participatesIn rdf:resource='http://www.daml.org/2001/12/factbook/internationalOrganizations#UNIDO'/>
    <NS0:participatesIn rdf:resource='http://www.daml.org/2001/12/factbook/internationalOrganizations#UPU'/>
    <NS0:participatesIn rdf:resource='http://www.daml.org/2001/12/factbook/internationalOrganizations#WFTU'/>
    <NS0:participatesIn rdf:resource='http://www.daml.org/2001/12/factbook/internationalOrganizations#WHO'/>
    <NS0:participatesIn rdf:resource='http://www.daml.org/2001/12/factbook/internationalOrganizations#WIPO'/>
    <NS0:participatesIn rdf:resource='http://www.daml.org/2001/12/factbook/internationalOrganizations#WMO'/>
    <NS0:participatesIn rdf:resource='http://www.daml.org/2001/12/factbook/internationalOrganizations#WTrO'/>
    <NS0:flagDescription>three horizontal stripes of red (top), a wider stripe of white, and green; a gold crown surmounted by seven gold, five-pointed stars is located in the center of the white stripe</NS0:flagDescription>
    <NS0:economyOverview>Tajikistan has the lowest per capita GDP among the 15 former Soviet republics. Cotton is the most important crop. Mineral resources, varied but limited in amount, include silver, gold, uranium, and tungsten. Industry consists only of a large aluminum plant, hydropower facilities, and small obsolete factories mostly in light industry and food processing. The Tajikistani economy has been gravely weakened by six years of civil conflict and by the loss of subsidies from Moscow and of markets for its products. Most of its people live in abject poverty. Tajikistan depends on aid from Russia and Uzbekistan and on international humanitarian assistance for much of its basic subsistence needs. The future of Tajikistan&apos;s economy and the potential for attracting foreign investment depend upon stability and continued progress in the peace process.</NS0:economyOverview>
    <NS0:grossDomesticProduct rdf:ID='A102273'>7300000000</NS0:grossDomesticProduct>
    <NS0:grossDomesticProductRealGrowth rdf:ID='A102276'>5.1</NS0:grossDomesticProductRealGrowth>
    <NS0:grossDomesticProductPerCapita rdf:ID='A102279'>1140</NS0:grossDomesticProductPerCapita>
    <NS0:grossDomesticProductAgriculture>19.8</NS0:grossDomesticProductAgriculture>
    <NS0:grossDomesticProductIndustry>18.1</NS0:grossDomesticProductIndustry>
    <NS0:grossDomesticProductServices rdf:ID='A102284'>62.1</NS0:grossDomesticProductServices>
    <NS0:populationBelowPovertyLine rdf:ID='A102286'>80</NS0:populationBelowPovertyLine>
    <NS0:inflationRate rdf:ID='A102289'>33</NS0:inflationRate>
    <NS0:laborForce rdf:ID='A102292'>1900000</NS0:laborForce>
    <NS0:occupation rdf:resource='#A102294'/>
    <NS0:occupation rdf:resource='#A102299'/>
    <NS0:occupation rdf:ID='A102308' rdf:resource='#A102304'/>
    <NS0:budgetRevenues>146000000</NS0:budgetRevenues>
    <NS0:budgetExpenditures>196000000</NS0:budgetExpenditures>
    <NS0:industry rdf:resource='http://www.daml.org/2001/12/factbook/industries#aluminum'/>
    <NS0:industry rdf:resource='http://www.daml.org/2001/12/factbook/industries#zinc'/>
    <NS0:industry rdf:resource='http://www.daml.org/2001/12/factbook/industries#lead'/>
    <NS0:industry rdf:resource='http://www.daml.org/2001/12/factbook/industries#chemicals_and_fertilizers'/>
    <NS0:industry rdf:resource='http://www.daml.org/2001/12/factbook/industries#cement'/>
    <NS0:industry rdf:resource='http://www.daml.org/2001/12/factbook/industries#vegetable_oil'/>
    <NS0:industry rdf:resource='http://www.daml.org/2001/12/factbook/industries#metal-cutting_machine_tools'/>
    <NS0:industry rdf:resource='http://www.daml.org/2001/12/factbook/industries#refrigerators_and_freezers'/>
    <NS0:industrialProductionGrowthRate rdf:ID='A102321'>10</NS0:industrialProductionGrowthRate>
    <NS0:electricityProduction rdf:ID='A102324'>15623000000</NS0:electricityProduction>
    <NS0:electricityProductionFossilFuel>1.9</NS0:electricityProductionFossilFuel>
    <NS0:electricityProductionHydro>98.1</NS0:electricityProductionHydro>
    <NS0:electricityProductionNuclear>0</NS0:electricityProductionNuclear>
    <NS0:electricityProductionOther rdf:ID='A102329'>0</NS0:electricityProductionOther>
    <NS0:electricityConsumption rdf:ID='A102331'>14729000000</NS0:electricityConsumption>
    <NS0:electricityExports rdf:ID='A102333'>3900000000</NS0:electricityExports>
    <NS0:electricityImports rdf:ID='A102335'>4099999999</NS0:electricityImports>
    <NS0:agricultureProduct rdf:resource='http://www.daml.org/2001/12/factbook/agricultureProducts#cotton'/>
    <NS0:agricultureProduct rdf:resource='http://www.daml.org/2001/12/factbook/agricultureProducts#grain'/>
    <NS0:agricultureProduct rdf:resource='http://www.daml.org/2001/12/factbook/agricultureProducts#fruits'/>
    <NS0:agricultureProduct rdf:resource='http://www.daml.org/2001/12/factbook/agricultureProducts#grapes'/>
    <NS0:agricultureProduct rdf:resource='http://www.daml.org/2001/12/factbook/agricultureProducts#vegetables'/>
    <NS0:agricultureProduct rdf:resource='http://www.daml.org/2001/12/factbook/agricultureProducts#cattle'/>
    <NS0:agricultureProduct rdf:resource='http://www.daml.org/2001/12/factbook/agricultureProducts#sheep'/>
    <NS0:agricultureProduct rdf:resource='http://www.daml.org/2001/12/factbook/agricultureProducts#goats'/>
    <NS0:exports rdf:ID='A102345'>761000000</NS0:exports>
    <NS0:exportsCommodity rdf:resource='#A102348'/>
    <NS0:exportsCommodity rdf:resource='#A102352'/>
    <NS0:exportsCommodity rdf:resource='#A102356'/>
    <NS0:exportsCommodity rdf:resource='#A102360'/>
    <NS0:exportsCommodity rdf:resource='#A102364'/>
    <NS0:exportsCommodity rdf:resource='#A102368'/>
    <NS0:imports rdf:ID='A102372'>782000000</NS0:imports>
    <NS0:importsCommodity rdf:resource='#A102375'/>
    <NS0:importsCommodity rdf:resource='#A102379'/>
    <NS0:importsCommodity rdf:resource='#A102383'/>
    <NS0:importsCommodity rdf:resource='#A102387'/>
    <NS0:importsCommodity rdf:resource='#A102391'/>
    <NS0:externalDebt rdf:ID='A102395'>1300000000</NS0:externalDebt>
    <NS0:economicAidRecipient rdf:ID='A102398'>64700000</NS0:economicAidRecipient>
    <NS0:currency>somoni</NS0:currency>
    <NS0:currencyCode>SM</NS0:currencyCode>
    <NS0:fiscalYear>calendar year</NS0:fiscalYear>
    <NS0:mainTelephoneLines rdf:ID='A102403'>363000</NS0:mainTelephoneLines>
    <NS0:mobileTelephoneLines rdf:ID='A102405'>2500</NS0:mobileTelephoneLines>
    <NS0:telephoneSystemGeneralAssessment>poorly developed and not well maintained; many towns are not reached by the national network</NS0:telephoneSystemGeneralAssessment>
    <NS0:telephoneSystemDomestic>cable and microwave radio relay</NS0:telephoneSystemDomestic>
    <NS0:telephoneSystemInternational>linked by cable and microwave radio relay to other CIS republics and by leased connections to the Moscow international gateway switch; Dushanbe linked by Intelsat to international gateway switch in Ankara (Turkey); satellite earth stations - 1 Orbita and 2 Intelsat</NS0:telephoneSystemInternational>
    <NS0:radios rdf:ID='A102410'>1291000</NS0:radios>
    <NS0:televisions rdf:ID='A102412'>860000</NS0:televisions>
    <NS0:internetCountryCode>.tj</NS0:internetCountryCode>
    <NS0:internetUsers rdf:ID='A102415'>2000</NS0:internetUsers>
    <NS0:highwaysTotal>29900</NS0:highwaysTotal>
    <NS0:highwaysPaved rdf:ID='A102418'>21400</NS0:highwaysPaved>
    <NS0:port rdf:resource='#A102420'/>
    <NS0:airports rdf:ID='A102424'>53</NS0:airports>
    <NS0:airportBreakdown rdf:resource='#A102427'/>
    <NS0:airportBreakdown rdf:resource='#A102434'/>
    <NS0:airportBreakdown rdf:resource='#A102440'/>
    <NS0:airportBreakdown rdf:resource='#A102446'/>
    <NS0:airportBreakdown rdf:resource='#A102453'/>
    <NS0:airportBreakdown rdf:resource='#A102460'/>
    <NS0:militaryAge>18</NS0:militaryAge>
    <NS0:malesOfMilitaryAge rdf:ID='A102467'>1586700</NS0:malesOfMilitaryAge>
    <NS0:malesFitForMilitaryService rdf:ID='A102470'>1300252</NS0:malesFitForMilitaryService>
    <NS0:malesReachingMilitaryAgeAnnually rdf:ID='A102473'>72056</NS0:malesReachingMilitaryAgeAnnually>
    <NS0:militaryExpenditures rdf:ID='A102476'>17000000</NS0:militaryExpenditures>
    <NS0:militaryExpendituresPercentGDP rdf:ID='A102478'>1.8</NS0:militaryExpendituresPercentGDP>
    <NS0:internationalDispute>portions of Tajikistan&apos;s northern and western border with Uzbekistan and its eastern border with China have not been officially demarcated</NS0:internationalDispute>
    <NS0:internationalDispute>territorial dispute with Kyrgyzstan on northern boundary in Isfara Valley area</NS0:internationalDispute>
    <NS0:illicitDrugs>major transshipment zone for heroin and opiates from Afghanistan going to Russia and Western Europe</NS0:illicitDrugs>
    <NS0:illicitDrugs>limited illicit cultivation of cannabis, mostly for domestic consumption</NS0:illicitDrugs>
    <NS0:smallFlag>http://www.cia.gov/cia/publications/factbook/flags/ti-flag.jpg</NS0:smallFlag>
    <NS0:largeFlag>http://www.cia.gov/cia/publications/factbook/flags/ti-lgflag.jpg</NS0:largeFlag>
    <NS0:map>http://www.cia.gov/cia/publications/factbook/maps/ti-map.jpg</NS0:map>
    <NS0:border rdf:resource='#A130073'/>
    <NS0:border rdf:resource='#A130078'/>
    <NS0:border rdf:resource='#A130083'/>
    <NS0:border rdf:resource='#A130088'/>
    <NS0:exportPartner rdf:resource='#A130093'/>
    <NS0:exportPartner rdf:resource='#A130098'/>
    <NS0:exportPartner rdf:ID='A130107' rdf:resource='#A130103'/>
    <NS0:importPartner rdf:resource='#A130109'/>
    <NS0:importPartner rdf:ID='A130118' rdf:resource='#A130114'/>
  </rdf:Description>
  <rdf:Description rdf:about='#A102460'>
    <rdf:type rdf:resource='http://www.daml.org/2001/12/factbook/factbook-ont#AirportBreakdown'/>
    <NS0:paved>false</NS0:paved>
    <NS0:maxRunway>913</NS0:maxRunway>
    <NS0:count>36 (2000 est.)</NS0:count>
  </rdf:Description>
  <rdf:Description rdf:about='#A102120'>
    <rdf:type rdf:resource='http://www.daml.org/2001/12/factbook/factbook-ont#Estimate'/>
    <NS0:year>2001</NS0:year>
  </rdf:Description>
  <rdf:Description rdf:about='#A102345'>
    <rdf:type rdf:resource='http://www.daml.org/2001/12/factbook/factbook-ont#Estimate'/>
    <NS0:note>f.o.b., 2000</NS0:note>
  </rdf:Description>
  <rdf:Description rdf:about='#A102194'>
    <NS0:note>official</NS0:note>
  </rdf:Description>
  <rdf:Description rdf:about='#A102331'>
    <NS0:year>1999</NS0:year>
  </rdf:Description>
  <rdf:Description rdf:about='#A102410'>
    <NS0:year>1991</NS0:year>
  </rdf:Description>
  <rdf:Description rdf:about='#A102453'>
    <rdf:type rdf:resource='http://www.daml.org/2001/12/factbook/factbook-ont#AirportBreakdown'/>
    <NS0:paved>false</NS0:paved>
    <NS0:minRunway>914</NS0:minRunway>
    <NS0:maxRunway>1523</NS0:maxRunway>
    <NS0:count>12</NS0:count>
  </rdf:Description>
  <rdf:Description rdf:about='#A102070'>
    <rdf:type rdf:resource='http://www.daml.org/2001/12/factbook/factbook-ont#ElevationExtreme'/>
    <NS0:name>Pik Imeni Ismail Samani</NS0:name>
    <NS0:elevation>7495</NS0:elevation>
  </rdf:Description>
  <rdf:Description rdf:about='#OblastsAndOneAutonomousOblast'>
    <rdf:type rdf:resource='http://www.w3.org/2000/01/rdf-schema#Class'/>
    <rdfs:subClassOf rdf:resource='http://www.daml.org/2001/12/factbook/factbook-ont#AdministrativeDivision'/>
    <rdfs:label>OblastsAndOneAutonomousOblast</rdfs:label>
  </rdf:Description>
  <rdf:Description rdf:about='#A102065'>
    <rdf:type rdf:resource='http://www.daml.org/2001/12/factbook/factbook-ont#ElevationExtreme'/>
    <NS0:name>Syrdariya</NS0:name>
    <NS0:elevation>300</NS0:elevation>
  </rdf:Description>
  <rdf:Description rdf:about='#A102446'>
    <rdf:type rdf:resource='http://www.daml.org/2001/12/factbook/factbook-ont#AirportBreakdown'/>
    <NS0:paved>false</NS0:paved>
    <NS0:minRunway>1524</NS0:minRunway>
    <NS0:maxRunway>2437</NS0:maxRunway>
    <NS0:count>2</NS0:count>
  </rdf:Description>
  <rdf:Description rdf:about='#A102174'>
    <NS0:note>declining because of emigration</NS0:note>
  </rdf:Description>
  <rdf:Description rdf:about='#A102395'>
    <rdf:type rdf:resource='http://www.daml.org/2001/12/factbook/factbook-ont#Estimate'/>
    <NS0:year>1999</NS0:year>
  </rdf:Description>
  <rdf:Description rdf:about='#A102440'>
    <rdf:type rdf:resource='http://www.daml.org/2001/12/factbook/factbook-ont#AirportBreakdown'/>
    <NS0:paved>false</NS0:paved>
    <NS0:minRunway>3048</NS0:minRunway>
    <NS0:count>1</NS0:count>
  </rdf:Description>
  <rdf:Description rdf:about='#A102412'>
    <NS0:year>1991</NS0:year>
  </rdf:Description>
  <rdf:Description rdf:about='#A102434'>
    <rdf:type rdf:resource='http://www.daml.org/2001/12/factbook/factbook-ont#AirportBreakdown'/>
    <NS0:paved>true</NS0:paved>
    <NS0:maxRunway>913</NS0:maxRunway>
    <NS0:count>1 (2000 est.)</NS0:count>
  </rdf:Description>
  <rdf:Description rdf:about='#A102050'>
    <rdf:type rdf:resource='http://www.daml.org/2001/12/factbook/factbook-ont#LatLon'/>
    <NS0:latitude>39.0</NS0:latitude>
    <NS0:longitude>71.0</NS0:longitude>
  </rdf:Description>
  <rdf:Description rdf:about='#A102324'>
    <NS0:year>1999</NS0:year>
  </rdf:Description>
  <rdf:Description rdf:about='#A102427'>
    <rdf:type rdf:resource='http://www.daml.org/2001/12/factbook/factbook-ont#AirportBreakdown'/>
    <NS0:paved>true</NS0:paved>
    <NS0:minRunway>1524</NS0:minRunway>
    <NS0:maxRunway>2437</NS0:maxRunway>
    <NS0:count>1</NS0:count>
  </rdf:Description>
  <rdf:Description rdf:about='#A102093'>
    <rdf:type rdf:resource='http://www.daml.org/2001/12/factbook/factbook-ont#Estimate'/>
    <NS0:year>1993</NS0:year>
  </rdf:Description>
  <rdf:Description rdf:about='#A102420'>
    <rdf:type rdf:resource='http://www.daml.org/2001/12/factbook/factbook-ont#Port'/>
    <NS0:name>none</NS0:name>
  </rdf:Description>
  <rdf:Description rdf:about='#A130114'>
    <rdf:type rdf:resource='http://www.daml.org/2001/12/factbook/factbook-ont#CountryPercent'/>
    <NS0:country rdf:resource='http://www.daml.org/2001/09/countries/fips#RS'/>
    <NS0:percent>13.6</NS0:percent>
  </rdf:Description>
  <rdf:Description rdf:about='#A102227'>
    <rdf:type rdf:resource='#OblastsAndOneAutonomousOblast'/>
    <NS0:name>Viloyati Leninobod</NS0:name>
  </rdf:Description>
  <rdf:Description rdf:about='#A102467'>
    <rdf:type rdf:resource='http://www.daml.org/2001/12/factbook/factbook-ont#Estimate'/>
    <NS0:year>2001</NS0:year>
  </rdf:Description>
  <rdf:Description rdf:about='#A102223'>
    <rdf:type rdf:resource='#OblastsAndOneAutonomousOblast'/>
    <NS0:name>Viloyati Khatlon</NS0:name>
  </rdf:Description>
  <rdf:Description rdf:about='#A102284'>
    <NS0:year>1998</NS0:year>
  </rdf:Description>
  <rdf:Description rdf:about='#A130109'>
    <rdf:type rdf:resource='http://www.daml.org/2001/12/factbook/factbook-ont#CountryPercent'/>
    <NS0:country rdf:resource='http://www.daml.org/2001/09/countries/fips#UZ'/>
    <NS0:percent>29</NS0:percent>
  </rdf:Description>
  <rdf:Description rdf:about='#A102333'>
    <NS0:year>1999</NS0:year>
  </rdf:Description>
  <rdf:Description rdf:about='#A102219'>
    <rdf:type rdf:resource='http://www.daml.org/2001/12/factbook/factbook-ont#AdministrativeDivision'/>
    <NS0:name>Viloyati Mukhtori Kuhistoni Badakhshon</NS0:name>
  </rdf:Description>
  <rdf:Description rdf:about='#A130103'>
    <rdf:type rdf:resource='http://www.daml.org/2001/12/factbook/factbook-ont#CountryPercent'/>
    <NS0:country rdf:resource='http://www.daml.org/2001/09/countries/fips#RS'/>
    <NS0:percent>8</NS0:percent>
  </rdf:Description>
  <rdf:Description rdf:about='#A102478'>
    <NS0:note>FY97</NS0:note>
  </rdf:Description>
  <rdf:Description rdf:about='#A130098'>
    <rdf:type rdf:resource='http://www.daml.org/2001/12/factbook/factbook-ont#CountryPercent'/>
    <NS0:country rdf:resource='http://www.daml.org/2001/09/countries/fips#UZ'/>
    <NS0:percent>20</NS0:percent>
  </rdf:Description>
  <rdf:Description rdf:about='#A102212'>
    <rdf:type rdf:resource='http://www.daml.org/2001/12/factbook/factbook-ont#CapitalCity'/>
    <NS0:name>Dushanbe</NS0:name>
  </rdf:Description>
  <rdf:Description rdf:about='#A102114'>
    <rdf:type rdf:resource='http://www.daml.org/2001/12/factbook/factbook-ont#Estimate'/>
    <NS0:year>2001</NS0:year>
  </rdf:Description>
  <rdf:Description rdf:about='#A102155'>
    <rdf:type rdf:resource='http://www.daml.org/2001/12/factbook/factbook-ont#Estimate'/>
    <NS0:year>2001</NS0:year>
  </rdf:Description>
  <rdf:Description rdf:about='#A130093'>
    <rdf:type rdf:resource='http://www.daml.org/2001/12/factbook/factbook-ont#CountryPercent'/>
    <NS0:country rdf:resource='http://www.daml.org/2001/09/countries/fips#LS'/>
    <NS0:percent>26</NS0:percent>
  </rdf:Description>
  <rdf:Description rdf:about='#A102061'>
    <NS0:note>landlocked</NS0:note>
  </rdf:Description>
  <rdf:Description rdf:about='#A130088'>
    <rdf:type rdf:resource='http://www.daml.org/2001/12/factbook/factbook-ont#Border'/>
    <NS0:country rdf:resource='http://www.daml.org/2001/09/countries/fips#UZ'/>
    <NS0:distance>1161</NS0:distance>
  </rdf:Description>
  <rdf:Description rdf:about='#A102111'>
    <rdf:type rdf:resource='http://www.daml.org/2001/12/factbook/factbook-ont#Estimate'/>
    <NS0:year>2001</NS0:year>
  </rdf:Description>
  <rdf:Description rdf:about='#A102391'>
    <rdf:type rdf:resource='http://www.daml.org/2001/12/factbook/factbook-ont#CommodityPercent'/>
    <NS0:importsCommodity rdf:resource='http://www.daml.org/2001/12/factbook/commodities#foodstuffs'/>
  </rdf:Description>
  <rdf:Description rdf:about='#A130083'>
    <rdf:type rdf:resource='http://www.daml.org/2001/12/factbook/factbook-ont#Border'/>
    <NS0:country rdf:resource='http://www.daml.org/2001/09/countries/fips#KG'/>
    <NS0:distance>870</NS0:distance>
  </rdf:Description>
  <rdf:Description rdf:about='#A102196'>
    <rdf:type rdf:resource='http://www.daml.org/2001/12/factbook/factbook-ont#LanguagePercent'/>
    <NS0:language rdf:resource='http://www.daml.org/2001/12/factbook/languages#Russian_widely_used_in_government_and_business'/>
  </rdf:Description>
  <rdf:Description rdf:about='#A102335'>
    <NS0:year>1999</NS0:year>
  </rdf:Description>
  <rdf:Description rdf:about='#A102387'>
    <rdf:type rdf:resource='http://www.daml.org/2001/12/factbook/factbook-ont#CommodityPercent'/>
    <NS0:importsCommodity rdf:resource='http://www.daml.org/2001/12/factbook/commodities#machinery_and_equipment'/>
  </rdf:Description>
  <rdf:Description rdf:about='#A102276'>
    <rdf:type rdf:resource='http://www.daml.org/2001/12/factbook/factbook-ont#Estimate'/>
    <NS0:year>2000</NS0:year>
  </rdf:Description>
  <rdf:Description rdf:about='#A102372'>
    <rdf:type rdf:resource='http://www.daml.org/2001/12/factbook/factbook-ont#Estimate'/>
    <NS0:note>f.o.b., 2000</NS0:note>
  </rdf:Description>
  <rdf:Description rdf:about='#A130078'>
    <rdf:type rdf:resource='http://www.daml.org/2001/12/factbook/factbook-ont#Border'/>
    <NS0:country rdf:resource='http://www.daml.org/2001/09/countries/fips#CH'/>
    <NS0:distance>414</NS0:distance>
  </rdf:Description>
  <rdf:Description rdf:about='#A102383'>
    <rdf:type rdf:resource='http://www.daml.org/2001/12/factbook/factbook-ont#CommodityPercent'/>
    <NS0:importsCommodity rdf:resource='http://www.daml.org/2001/12/factbook/commodities#aluminum_oxide'/>
  </rdf:Description>
  <rdf:Description rdf:about='#A102191'>
    <rdf:type rdf:resource='http://www.daml.org/2001/12/factbook/factbook-ont#LanguagePercent'/>
    <NS0:language rdf:resource='http://www.daml.org/2001/12/factbook/languages#Tajik'/>
  </rdf:Description>
  <rdf:Description rdf:about='#A102379'>
    <rdf:type rdf:resource='http://www.daml.org/2001/12/factbook/factbook-ont#CommodityPercent'/>
    <NS0:importsCommodity rdf:resource='http://www.daml.org/2001/12/factbook/commodities#petroleum_products'/>
  </rdf:Description>
  <rdf:Description rdf:about='#A130073'>
    <rdf:type rdf:resource='http://www.daml.org/2001/12/factbook/factbook-ont#Border'/>
    <NS0:country rdf:resource='http://www.daml.org/2001/09/countries/fips#AF'/>
    <NS0:distance>1206</NS0:distance>
  </rdf:Description>
  <rdf:Description rdf:about='#A102186'>
    <rdf:type rdf:resource='http://www.daml.org/2001/12/factbook/factbook-ont#ReligionPercent'/>
    <NS0:religion rdf:resource='http://www.daml.org/2001/12/factbook/religions#Shi_a_Muslim'/>
    <NS0:percent>5</NS0:percent>
  </rdf:Description>
  <rdf:Description rdf:about='#A102292'>
    <NS0:year>1996</NS0:year>
  </rdf:Description>
</rdf:RDF>
