<?xml version='1.0' encoding='ISO-8859-1'?>
<rdf:RDF
  xmlns:rdf='http://www.w3.org/1999/02/22-rdf-syntax-ns#'
  xmlns:NS0='http://www.daml.org/2001/12/factbook/factbook-ont#'
  xmlns:rdfs='http://www.w3.org/2000/01/rdf-schema#'
  xml:base="http://www.daml.org/2001/12/factbook/to">
  <rdf:Description rdf:about='#A103712'>
    <rdf:type rdf:resource='http://www.daml.org/2001/12/factbook/factbook-ont#AirportBreakdown'/>
    <NS0:paved>false</NS0:paved>
    <NS0:maxRunway>913</NS0:maxRunway>
    <NS0:count>2 (2000 est.)</NS0:count>
  </rdf:Description>
  <rdf:Description rdf:about='#A103677'>
    <NS0:year>2000</NS0:year>
  </rdf:Description>
  <rdf:Description rdf:about='#A103705'>
    <rdf:type rdf:resource='http://www.daml.org/2001/12/factbook/factbook-ont#AirportBreakdown'/>
    <NS0:paved>false</NS0:paved>
    <NS0:minRunway>914</NS0:minRunway>
    <NS0:maxRunway>1523</NS0:maxRunway>
    <NS0:count>5</NS0:count>
  </rdf:Description>
  <rdf:Description rdf:about='#A103609'>
    <NS0:year>1999</NS0:year>
  </rdf:Description>
  <rdf:Description rdf:about='#A103698'>
    <rdf:type rdf:resource='http://www.daml.org/2001/12/factbook/factbook-ont#AirportBreakdown'/>
    <NS0:paved>true</NS0:paved>
    <NS0:minRunway>2438</NS0:minRunway>
    <NS0:maxRunway>3047</NS0:maxRunway>
    <NS0:count>2 (2000 est.)</NS0:count>
  </rdf:Description>
  <rdf:Description rdf:about='#A103315'>
    <rdf:type rdf:resource='http://www.daml.org/2001/12/factbook/factbook-ont#LatLon'/>
    <NS0:latitude>8.0</NS0:latitude>
    <NS0:longitude>1.1666666666666667</NS0:longitude>
  </rdf:Description>
  <rdf:Description rdf:about='#A103349'>
    <rdf:type rdf:resource='http://www.daml.org/2001/12/factbook/factbook-ont#Estimate'/>
    <NS0:year>1993</NS0:year>
  </rdf:Description>
  <rdf:Description rdf:about='#A103691'>
    <rdf:type rdf:resource='http://www.daml.org/2001/12/factbook/factbook-ont#Port'/>
    <NS0:name>Lome</NS0:name>
  </rdf:Description>
  <rdf:Description rdf:about='#A103498'>
    <rdf:type rdf:resource='#Region'/>
    <NS0:name>Maritime</NS0:name>
  </rdf:Description>
  <rdf:Description rdf:about='#A103687'>
    <rdf:type rdf:resource='http://www.daml.org/2001/12/factbook/factbook-ont#Port'/>
    <NS0:name>Kpeme</NS0:name>
  </rdf:Description>
  <rdf:Description rdf:about='#A103665'>
    <NS0:year>1997</NS0:year>
  </rdf:Description>
  <rdf:Description rdf:about='#A103494'>
    <rdf:type rdf:resource='#Region'/>
    <NS0:name>Du Centre</NS0:name>
  </rdf:Description>
  <rdf:Description rdf:about='#A103376'>
    <rdf:type rdf:resource='http://www.daml.org/2001/12/factbook/factbook-ont#Estimate'/>
    <NS0:year>2001</NS0:year>
  </rdf:Description>
  <rdf:Description rdf:about='#A103382'>
    <rdf:type rdf:resource='http://www.daml.org/2001/12/factbook/factbook-ont#Estimate'/>
    <NS0:year>2001</NS0:year>
  </rdf:Description>
  <rdf:Description rdf:about='#A103490'>
    <rdf:type rdf:resource='#Region'/>
    <NS0:name>Des Savanes</NS0:name>
  </rdf:Description>
  <rdf:Description rdf:about='#A103554'>
    <rdf:type rdf:resource='http://www.daml.org/2001/12/factbook/factbook-ont#Estimate'/>
    <NS0:year>2000</NS0:year>
  </rdf:Description>
  <rdf:Description rdf:about='#A103560'>
    <rdf:type rdf:resource='http://www.daml.org/2001/12/factbook/factbook-ont#Estimate'/>
    <NS0:year>2000</NS0:year>
  </rdf:Description>
  <rdf:Description rdf:about='#A103486'>
    <rdf:type rdf:resource='#Region'/>
    <NS0:name>Des Plateaux</NS0:name>
  </rdf:Description>
  <rdf:Description rdf:about='#A103482'>
    <rdf:type rdf:resource='#Region'/>
    <NS0:name>De La Kara</NS0:name>
  </rdf:Description>
  <rdf:Description rdf:about='#A130351'>
    <NS0:note>1999</NS0:note>
  </rdf:Description>
  <rdf:Description rdf:about='#A103475'>
    <rdf:type rdf:resource='http://www.daml.org/2001/12/factbook/factbook-ont#CapitalCity'/>
    <NS0:name>Lome</NS0:name>
  </rdf:Description>
  <rdf:Description rdf:about='#A103679'>
    <NS0:year>1995</NS0:year>
  </rdf:Description>
  <rdf:Description rdf:about='#A103570'>
    <rdf:type rdf:resource='http://www.daml.org/2001/12/factbook/factbook-ont#Estimate'/>
    <NS0:year>2000</NS0:year>
  </rdf:Description>
  <rdf:Description rdf:about='#A103642'>
    <NS0:note>f.o.b., 2000</NS0:note>
  </rdf:Description>
  <rdf:Description rdf:about='#A103695'>
    <rdf:type rdf:resource='http://www.daml.org/2001/12/factbook/factbook-ont#Estimate'/>
    <NS0:year>2000</NS0:year>
  </rdf:Description>
  <rdf:Description rdf:about='#A103652'>
    <rdf:type rdf:resource='http://www.daml.org/2001/12/factbook/factbook-ont#CommodityPercent'/>
    <NS0:importsCommodity rdf:resource='http://www.daml.org/2001/12/factbook/commodities#petroleum_products'/>
  </rdf:Description>
  <rdf:Description rdf:about='#A103600'>
    <NS0:year>1999</NS0:year>
  </rdf:Description>
  <rdf:Description rdf:about='#A103672'>
    <NS0:year>1997</NS0:year>
  </rdf:Description>
  <rdf:Description rdf:about='#A103458'>
    <rdf:type rdf:resource='http://www.daml.org/2001/12/factbook/factbook-ont#LanguagePercent'/>
    <NS0:language rdf:resource='http://www.daml.org/2001/12/factbook/languages#Kabye_and_Dagomba_(the_two_major_African_languages_in_the_north)'/>
  </rdf:Description>
  <rdf:Description rdf:about='#A103648'>
    <rdf:type rdf:resource='http://www.daml.org/2001/12/factbook/factbook-ont#CommodityPercent'/>
    <NS0:importsCommodity rdf:resource='http://www.daml.org/2001/12/factbook/commodities#foodstuffs'/>
  </rdf:Description>
  <rdf:Description rdf:about='#Region'>
    <rdf:type rdf:resource='http://www.w3.org/2000/01/rdf-schema#Class'/>
    <rdfs:subClassOf rdf:resource='http://www.daml.org/2001/12/factbook/factbook-ont#AdministrativeDivision'/>
    <rdfs:label>Region</rdfs:label>
  </rdf:Description>
  <rdf:Description rdf:about='#A103724'>
    <NS0:note>FY96</NS0:note>
  </rdf:Description>
  <rdf:Description rdf:about='#A103573'>
    <NS0:year>1996</NS0:year>
  </rdf:Description>
  <rdf:Description rdf:about='#A103453'>
    <rdf:type rdf:resource='http://www.daml.org/2001/12/factbook/factbook-ont#LanguagePercent'/>
    <NS0:language rdf:resource='http://www.daml.org/2001/12/factbook/languages#Ewe_and_Mina'/>
  </rdf:Description>
  <rdf:Description rdf:about='#A103644'>
    <rdf:type rdf:resource='http://www.daml.org/2001/12/factbook/factbook-ont#CommodityPercent'/>
    <NS0:importsCommodity rdf:resource='http://www.daml.org/2001/12/factbook/commodities#machinery_and_equipment'/>
  </rdf:Description>
  <rdf:Description rdf:about='#A103448'>
    <rdf:type rdf:resource='http://www.daml.org/2001/12/factbook/factbook-ont#LanguagePercent'/>
    <NS0:language rdf:resource='http://www.daml.org/2001/12/factbook/languages#French'/>
  </rdf:Description>
  <rdf:Description rdf:about='#A103638'>
    <rdf:type rdf:resource='http://www.daml.org/2001/12/factbook/factbook-ont#CommodityPercent'/>
    <NS0:exportsCommodity rdf:resource='http://www.daml.org/2001/12/factbook/commodities#cocoa'/>
  </rdf:Description>
  <rdf:Description rdf:about='#A103417'>
    <rdf:type rdf:resource='http://www.daml.org/2001/12/factbook/factbook-ont#Estimate'/>
    <NS0:year>2001</NS0:year>
  </rdf:Description>
  <rdf:Description rdf:about='#A103443'>
    <rdf:type rdf:resource='http://www.daml.org/2001/12/factbook/factbook-ont#ReligionPercent'/>
    <NS0:religion rdf:resource='http://www.daml.org/2001/12/factbook/religions#Muslim'/>
    <NS0:percent>12</NS0:percent>
  </rdf:Description>
  <rdf:Description rdf:about='#A103634'>
    <rdf:type rdf:resource='http://www.daml.org/2001/12/factbook/factbook-ont#CommodityPercent'/>
    <NS0:exportsCommodity rdf:resource='http://www.daml.org/2001/12/factbook/commodities#coffee'/>
  </rdf:Description>
  <rdf:Description rdf:about='#A103630'>
    <rdf:type rdf:resource='http://www.daml.org/2001/12/factbook/factbook-ont#CommodityPercent'/>
    <NS0:exportsCommodity rdf:resource='http://www.daml.org/2001/12/factbook/commodities#phosphates'/>
  </rdf:Description>
  <rdf:Description rdf:about='#A103438'>
    <rdf:type rdf:resource='http://www.daml.org/2001/12/factbook/factbook-ont#ReligionPercent'/>
    <NS0:religion rdf:resource='http://www.daml.org/2001/12/factbook/religions#Christian'/>
    <NS0:percent>29</NS0:percent>
  </rdf:Description>
  <rdf:Description rdf:about='#A103626'>
    <rdf:type rdf:resource='http://www.daml.org/2001/12/factbook/factbook-ont#CommodityPercent'/>
    <NS0:exportsCommodity rdf:resource='http://www.daml.org/2001/12/factbook/commodities#cotton'/>
  </rdf:Description>
  <rdf:Description rdf:about='#A103466'>
    <rdf:type rdf:resource='http://www.daml.org/2001/12/factbook/factbook-ont#Estimate'/>
    <NS0:year>1995</NS0:year>
  </rdf:Description>
  <rdf:Description rdf:about='#A103352'>
    <rdf:type rdf:resource='http://www.daml.org/2001/12/factbook/factbook-ont#Estimate'/>
    <NS0:year>1993</NS0:year>
  </rdf:Description>
  <rdf:Description rdf:about='#A103433'>
    <rdf:type rdf:resource='http://www.daml.org/2001/12/factbook/factbook-ont#ReligionPercent'/>
    <NS0:religion rdf:resource='http://www.daml.org/2001/12/factbook/religions#indigenous_beliefs'/>
    <NS0:percent>59</NS0:percent>
  </rdf:Description>
  <rdf:Description rdf:about='#A103379'>
    <rdf:type rdf:resource='http://www.daml.org/2001/12/factbook/factbook-ont#Estimate'/>
    <NS0:year>2001</NS0:year>
  </rdf:Description>
  <rdf:Description rdf:about='#A103607'>
    <NS0:year>1999</NS0:year>
  </rdf:Description>
  <rdf:Description rdf:about='#A103567'>
    <rdf:type rdf:resource='http://www.daml.org/2001/12/factbook/factbook-ont#Estimate'/>
    <NS0:year>1989</NS0:year>
  </rdf:Description>
  <rdf:Description rdf:about='#A103428'>
    <rdf:type rdf:resource='http://www.daml.org/2001/12/factbook/factbook-ont#EthnicGroupPercent'/>
    <NS0:ethnicGroup rdf:resource='http://www.daml.org/2001/12/factbook/ethnicGroups#European_and_Syrian-Lebanese_less_than'/>
    <NS0:percent>1</NS0:percent>
  </rdf:Description>
  <rdf:Description rdf:about='http://www.daml.org/2001/09/countries/fips#TO'>
    <NS0:background>French Togoland became Togo in 1960. General Gnassingbe EYADEMA, installed as military ruler in 1967, is Africa&apos;s longest-serving head of state. Despite the facade of multiparty elections that resulted in EYADEMA&apos;s victory in 1993, the government continues to be dominated by the military. In addition, Togo has come under fire from international organizations for human rights abuses and is plagued by political unrest. Most bilateral and multilateral aid to Togo remains frozen.</NS0:background>
    <NS0:location>Western Africa, bordering the Bight of Benin, between Benin and Ghana</NS0:location>
    <NS0:geographicCoordinates rdf:resource='#A103315'/>
    <NS0:mapReferences>Africa</NS0:mapReferences>
    <NS0:totalArea>56785</NS0:totalArea>
    <NS0:landArea>54385</NS0:landArea>
    <NS0:waterArea>2400</NS0:waterArea>
    <NS0:comparativeArea>slightly smaller than West Virginia</NS0:comparativeArea>
    <NS0:landBoundaries>1647</NS0:landBoundaries>
    <NS0:coastline>56</NS0:coastline>
    <NS0:exclusiveEconomicZone>200</NS0:exclusiveEconomicZone>
    <NS0:territorialSea>30</NS0:territorialSea>
    <NS0:climate>tropical; hot, humid in south; semiarid in north</NS0:climate>
    <NS0:terrain>gently rolling savanna in north; central hills; southern plateau; low coastal plain with extensive lagoons and marshes</NS0:terrain>
    <NS0:lowestPoint rdf:resource='#A103331'/>
    <NS0:highestPoint rdf:resource='#A103336'/>
    <NS0:naturalResource rdf:resource='http://www.daml.org/2001/12/factbook/naturalResources#phosphates'/>
    <NS0:naturalResource rdf:resource='http://www.daml.org/2001/12/factbook/naturalResources#limestone'/>
    <NS0:naturalResource rdf:resource='http://www.daml.org/2001/12/factbook/naturalResources#marble'/>
    <NS0:naturalResource rdf:resource='http://www.daml.org/2001/12/factbook/naturalResources#arable_land'/>
    <NS0:arableLand>38</NS0:arableLand>
    <NS0:permanentCrops>7</NS0:permanentCrops>
    <NS0:permanentPastures>4</NS0:permanentPastures>
    <NS0:forestsAndWoodland>17</NS0:forestsAndWoodland>
    <NS0:otherLandUse rdf:ID='A103349'>34</NS0:otherLandUse>
    <NS0:irrigatedLand rdf:ID='A103352'>70</NS0:irrigatedLand>
    <NS0:naturalHazard>hot, dry harmattan wind can reduce visibility in north during winter</NS0:naturalHazard>
    <NS0:naturalHazard>periodic droughts</NS0:naturalHazard>
    <NS0:environmentalIssue>deforestation attributable to slash-and-burn agriculture and the use of wood for fuel</NS0:environmentalIssue>
    <NS0:environmentalIssue>water pollution presents health hazards and hinders the fishing industry</NS0:environmentalIssue>
    <NS0:environmentalIssue>air pollution increasing in urban areas</NS0:environmentalIssue>
    <NS0:environmentalAgreementPartyTo rdf:resource='http://www.daml.org/2001/12/factbook/environmentalAgreements#Biodiversity'/>
    <NS0:environmentalAgreementPartyTo rdf:resource='http://www.daml.org/2001/12/factbook/environmentalAgreements#Climate_Change'/>
    <NS0:environmentalAgreementPartyTo rdf:resource='http://www.daml.org/2001/12/factbook/environmentalAgreements#Desertification'/>
    <NS0:environmentalAgreementPartyTo rdf:resource='http://www.daml.org/2001/12/factbook/environmentalAgreements#Endangered_Species'/>
    <NS0:environmentalAgreementPartyTo rdf:resource='http://www.daml.org/2001/12/factbook/environmentalAgreements#Law_of_the_Sea'/>
    <NS0:environmentalAgreementPartyTo rdf:resource='http://www.daml.org/2001/12/factbook/environmentalAgreements#Nuclear_Test_Ban'/>
    <NS0:environmentalAgreementPartyTo rdf:resource='http://www.daml.org/2001/12/factbook/environmentalAgreements#Ozone_Layer_Protection'/>
    <NS0:environmentalAgreementPartyTo rdf:resource='http://www.daml.org/2001/12/factbook/environmentalAgreements#Ship_Pollution'/>
    <NS0:environmentalAgreementPartyTo rdf:resource='http://www.daml.org/2001/12/factbook/environmentalAgreements#Tropical_Timber_83'/>
    <NS0:environmentalAgreementPartyTo rdf:resource='http://www.daml.org/2001/12/factbook/environmentalAgreements#Tropical_Timber_94'/>
    <NS0:environmentalAgreementPartyTo rdf:resource='http://www.daml.org/2001/12/factbook/environmentalAgreements#Wetlands'/>
    <NS0:environmentalAgreementSigned rdf:resource='http://www.daml.org/2001/12/factbook/environmentalAgreements#none_of_the_selected_agreements'/>
    <NS0:population>5153088</NS0:population>
    <NS0:populationGrowthRate rdf:ID='A103373'>2.6</NS0:populationGrowthRate>
    <NS0:birthRate rdf:ID='A103376'>37.04</NS0:birthRate>
    <NS0:deathRate rdf:ID='A103379'>11.24</NS0:deathRate>
    <NS0:netMigrationRate rdf:ID='A103382'>0.15</NS0:netMigrationRate>
    <NS0:sexRatio rdf:resource='#A103385'/>
    <NS0:sexRatio rdf:resource='#A103391'/>
    <NS0:sexRatio rdf:resource='#A103397'/>
    <NS0:sexRatio rdf:resource='#A103403'/>
    <NS0:sexRatio rdf:ID='A103411' rdf:resource='#A103408'/>
    <NS0:infantMortalityRate rdf:ID='A103414'>70.43</NS0:infantMortalityRate>
    <NS0:totalFertilityRate rdf:ID='A103417'>5.32</NS0:totalFertilityRate>
    <NS0:nationalityNoun>Togolese (singular and plural)</NS0:nationalityNoun>
    <NS0:nationalityAdjective>Togolese</NS0:nationalityAdjective>
    <NS0:ethnicGroup rdf:ID='A103426' rdf:resource='#A103422'/>
    <NS0:ethnicGroup rdf:resource='#A103428'/>
    <NS0:religion rdf:resource='#A103433'/>
    <NS0:religion rdf:resource='#A103438'/>
    <NS0:religion rdf:resource='#A103443'/>
    <NS0:language rdf:ID='A103451' rdf:resource='#A103448'/>
    <NS0:language rdf:ID='A103456' rdf:resource='#A103453'/>
    <NS0:language rdf:ID='A103461' rdf:resource='#A103458'/>
    <NS0:literacyDefinition>age 15 and over can read and write</NS0:literacyDefinition>
    <NS0:literacyTotal>51.7</NS0:literacyTotal>
    <NS0:literacyMale>67</NS0:literacyMale>
    <NS0:literacyFemale rdf:ID='A103466'>37</NS0:literacyFemale>
    <NS0:conventionalLongCountryName>Togolese Republic</NS0:conventionalLongCountryName>
    <NS0:conventionalShortCountryName>Togo</NS0:conventionalShortCountryName>
    <NS0:localLongCountryName>Republique Togolaise</NS0:localLongCountryName>
    <NS0:localShortCountryName>none</NS0:localShortCountryName>
    <NS0:formerCountryName>French Togoland</NS0:formerCountryName>
    <NS0:governmentType rdf:resource='http://www.daml.org/2001/12/factbook/governmentTypes#republic_under_transition_to_multiparty_democratic_rule'/>
    <NS0:capital rdf:resource='#A103475'/>
    <NS0:administrativeDivision rdf:resource='#A103482'/>
    <NS0:administrativeDivision rdf:resource='#A103486'/>
    <NS0:administrativeDivision rdf:resource='#A103490'/>
    <NS0:administrativeDivision rdf:resource='#A103494'/>
    <NS0:administrativeDivision rdf:resource='#A103498'/>
    <NS0:independence>27 April 1960 (from French-administered UN trusteeship)</NS0:independence>
    <NS0:constitution>multiparty draft constitution approved by High Council of the Republic 1 July 1992; adopted by public referendum 27 September 1992</NS0:constitution>
    <NS0:legalSystem>French-based court system</NS0:legalSystem>
    <NS0:suffrage>NA years of age; universal adult</NS0:suffrage>
    <NS0:participatesIn rdf:resource='http://www.daml.org/2001/12/factbook/internationalOrganizations#ACCT'/>
    <NS0:participatesIn rdf:resource='http://www.daml.org/2001/12/factbook/internationalOrganizations#ACP'/>
    <NS0:participatesIn rdf:resource='http://www.daml.org/2001/12/factbook/internationalOrganizations#AfDB'/>
    <NS0:participatesIn rdf:resource='http://www.daml.org/2001/12/factbook/internationalOrganizations#CCC'/>
    <NS0:participatesIn rdf:resource='http://www.daml.org/2001/12/factbook/internationalOrganizations#ECA'/>
    <NS0:participatesIn rdf:resource='http://www.daml.org/2001/12/factbook/internationalOrganizations#ECOWAS'/>
    <NS0:participatesIn rdf:resource='http://www.daml.org/2001/12/factbook/internationalOrganizations#Entente'/>
    <NS0:participatesIn rdf:resource='http://www.daml.org/2001/12/factbook/internationalOrganizations#FAO'/>
    <NS0:participatesIn rdf:resource='http://www.daml.org/2001/12/factbook/internationalOrganizations#FZ'/>
    <NS0:participatesIn rdf:resource='http://www.daml.org/2001/12/factbook/internationalOrganizations#G-77'/>
    <NS0:participatesIn rdf:resource='http://www.daml.org/2001/12/factbook/internationalOrganizations#IBRD'/>
    <NS0:participatesIn rdf:resource='http://www.daml.org/2001/12/factbook/internationalOrganizations#ICAO'/>
    <NS0:participatesIn rdf:resource='http://www.daml.org/2001/12/factbook/internationalOrganizations#ICC'/>
    <NS0:participatesIn rdf:resource='http://www.daml.org/2001/12/factbook/internationalOrganizations#ICFTU'/>
    <NS0:participatesIn rdf:resource='http://www.daml.org/2001/12/factbook/internationalOrganizations#ICRM'/>
    <NS0:participatesIn rdf:resource='http://www.daml.org/2001/12/factbook/internationalOrganizations#IDA'/>
    <NS0:participatesIn rdf:resource='http://www.daml.org/2001/12/factbook/internationalOrganizations#IDB'/>
    <NS0:participatesIn rdf:resource='http://www.daml.org/2001/12/factbook/internationalOrganizations#IFAD'/>
    <NS0:participatesIn rdf:resource='http://www.daml.org/2001/12/factbook/internationalOrganizations#IFC'/>
    <NS0:participatesIn rdf:resource='http://www.daml.org/2001/12/factbook/internationalOrganizations#IFRCS'/>
    <NS0:participatesIn rdf:resource='http://www.daml.org/2001/12/factbook/internationalOrganizations#ILO'/>
    <NS0:participatesIn rdf:resource='http://www.daml.org/2001/12/factbook/internationalOrganizations#IMF'/>
    <NS0:participatesIn rdf:resource='http://www.daml.org/2001/12/factbook/internationalOrganizations#IMO'/>
    <NS0:participatesIn rdf:resource='http://www.daml.org/2001/12/factbook/internationalOrganizations#Intelsat'/>
    <NS0:participatesIn rdf:resource='http://www.daml.org/2001/12/factbook/internationalOrganizations#Interpol'/>
    <NS0:participatesIn rdf:resource='http://www.daml.org/2001/12/factbook/internationalOrganizations#IOC'/>
    <NS0:participatesIn rdf:resource='http://www.daml.org/2001/12/factbook/internationalOrganizations#ITU'/>
    <NS0:participatesIn rdf:resource='http://www.daml.org/2001/12/factbook/internationalOrganizations#MIPONUH'/>
    <NS0:participatesIn rdf:resource='http://www.daml.org/2001/12/factbook/internationalOrganizations#NAM'/>
    <NS0:participatesIn rdf:resource='http://www.daml.org/2001/12/factbook/internationalOrganizations#OAU'/>
    <NS0:participatesIn rdf:resource='http://www.daml.org/2001/12/factbook/internationalOrganizations#OIC'/>
    <NS0:participatesIn rdf:resource='http://www.daml.org/2001/12/factbook/internationalOrganizations#OPCW'/>
    <NS0:participatesIn rdf:resource='http://www.daml.org/2001/12/factbook/internationalOrganizations#UN'/>
    <NS0:participatesIn rdf:resource='http://www.daml.org/2001/12/factbook/internationalOrganizations#UNCTAD'/>
    <NS0:participatesIn rdf:resource='http://www.daml.org/2001/12/factbook/internationalOrganizations#UNESCO'/>
    <NS0:participatesIn rdf:resource='http://www.daml.org/2001/12/factbook/internationalOrganizations#UNIDO'/>
    <NS0:participatesIn rdf:resource='http://www.daml.org/2001/12/factbook/internationalOrganizations#UPU'/>
    <NS0:participatesIn rdf:resource='http://www.daml.org/2001/12/factbook/internationalOrganizations#WADB'/>
    <NS0:participatesIn rdf:resource='http://www.daml.org/2001/12/factbook/internationalOrganizations#WAEMU'/>
    <NS0:participatesIn rdf:resource='http://www.daml.org/2001/12/factbook/internationalOrganizations#WCL'/>
    <NS0:participatesIn rdf:resource='http://www.daml.org/2001/12/factbook/internationalOrganizations#WFTU'/>
    <NS0:participatesIn rdf:resource='http://www.daml.org/2001/12/factbook/internationalOrganizations#WHO'/>
    <NS0:participatesIn rdf:resource='http://www.daml.org/2001/12/factbook/internationalOrganizations#WIPO'/>
    <NS0:participatesIn rdf:resource='http://www.daml.org/2001/12/factbook/internationalOrganizations#WMO'/>
    <NS0:participatesIn rdf:resource='http://www.daml.org/2001/12/factbook/internationalOrganizations#WToO'/>
    <NS0:participatesIn rdf:resource='http://www.daml.org/2001/12/factbook/internationalOrganizations#WTrO'/>
    <NS0:flagDescription>five equal horizontal bands of green (top and bottom) alternating with yellow; there is a white five-pointed star on a red square in the upper hoist-side corner; uses the popular pan-African colors of Ethiopia</NS0:flagDescription>
    <NS0:economyOverview>This small sub-Saharan economy is heavily dependent on both commercial and subsistence agriculture, which provides employment for 65% of the labor force. Some basic foodstuffs must still be imported. Together, cocoa, coffee, and cotton generate some 40% of export earnings, with cotton being the most significant cash crop despite falling prices on the world market. In the industrial sector, phosphate mining is by far the most important activity. Togo is the world&apos;s fourth largest producer, and geological advantages keep production costs low. The recently privatized mining operation, Office Togolais des Phosphates (OTP), is slowly recovering from a steep fall in prices in the early 1990&apos;s, but continues to face the challenge of tough foreign competition, exacerbated by weakening demand. Togo serves as a regional commercial and trade center. It continues to expand its duty-free export-processing zone (EPZ), launched in 1989, which has attracted enterprises from France, Italy, Scandinavia, the US, India, and China and created jobs for Togolese nationals. The government&apos;s decade-long effort, supported by the World Bank and the IMF, to implement economic reform measures, encourage foreign investment, and bring revenues in line with expenditures has stalled. Progress depends on following through on privatization, increased openness in government financial operations, progress towards legislative elections, and possible downsizing of the military, on which the regime has depended to stay in place. Lack of foreign aid, deterioration of the financial sector, energy shortages, and depressed commodity prices continue to constrain economic growth; however, Togo did realize a 3% gain in GDP in 1999. The takeover of the national power company by a Franco-Canadian consortium in 2000 should ease the energy crisis and if successful legislative elections pave the way for increased aid, growth should rise to 5% a year in 2001-02.</NS0:economyOverview>
    <NS0:grossDomesticProduct rdf:ID='A103554'>7300000000</NS0:grossDomesticProduct>
    <NS0:grossDomesticProductRealGrowth rdf:ID='A103557'>3.4</NS0:grossDomesticProductRealGrowth>
    <NS0:grossDomesticProductPerCapita rdf:ID='A103560'>1500</NS0:grossDomesticProductPerCapita>
    <NS0:grossDomesticProductAgriculture>42</NS0:grossDomesticProductAgriculture>
    <NS0:grossDomesticProductIndustry>21</NS0:grossDomesticProductIndustry>
    <NS0:grossDomesticProductServices rdf:ID='A103565'>37</NS0:grossDomesticProductServices>
    <NS0:populationBelowPovertyLine rdf:ID='A103567'>32</NS0:populationBelowPovertyLine>
    <NS0:inflationRate rdf:ID='A103570'>2.5</NS0:inflationRate>
    <NS0:laborForce rdf:ID='A103573'>1740000</NS0:laborForce>
    <NS0:occupation rdf:resource='#A103575'/>
    <NS0:occupation rdf:resource='#A103580'/>
    <NS0:occupation rdf:ID='A103589' rdf:resource='#A103585'/>
    <NS0:budgetRevenues>232000000</NS0:budgetRevenues>
    <NS0:budgetExpenditures>252000000</NS0:budgetExpenditures>
    <NS0:industry rdf:resource='http://www.daml.org/2001/12/factbook/industries#phosphate_mining'/>
    <NS0:industry rdf:resource='http://www.daml.org/2001/12/factbook/industries#agricultural_processing'/>
    <NS0:industry rdf:resource='http://www.daml.org/2001/12/factbook/industries#cement'/>
    <NS0:industry rdf:resource='http://www.daml.org/2001/12/factbook/industries#handicrafts'/>
    <NS0:industry rdf:resource='http://www.daml.org/2001/12/factbook/industries#textiles'/>
    <NS0:industry rdf:resource='http://www.daml.org/2001/12/factbook/industries#beverages'/>
    <NS0:electricityProduction rdf:ID='A103600'>92000000</NS0:electricityProduction>
    <NS0:electricityProductionFossilFuel>97.83</NS0:electricityProductionFossilFuel>
    <NS0:electricityProductionHydro>2.17</NS0:electricityProductionHydro>
    <NS0:electricityProductionNuclear>0</NS0:electricityProductionNuclear>
    <NS0:electricityProductionOther rdf:ID='A103605'>0</NS0:electricityProductionOther>
    <NS0:electricityConsumption rdf:ID='A103607'>511600000</NS0:electricityConsumption>
    <NS0:electricityExports rdf:ID='A103609'>0</NS0:electricityExports>
    <NS0:electricityImports>426000000</NS0:electricityImports>
    <NS0:agricultureProduct rdf:resource='http://www.daml.org/2001/12/factbook/agricultureProducts#coffee'/>
    <NS0:agricultureProduct rdf:resource='http://www.daml.org/2001/12/factbook/agricultureProducts#cocoa'/>
    <NS0:agricultureProduct rdf:resource='http://www.daml.org/2001/12/factbook/agricultureProducts#cotton'/>
    <NS0:agricultureProduct rdf:resource='http://www.daml.org/2001/12/factbook/agricultureProducts#yams'/>
    <NS0:agricultureProduct rdf:resource='http://www.daml.org/2001/12/factbook/agricultureProducts#cassava'/>
    <NS0:agricultureProduct rdf:resource='http://www.daml.org/2001/12/factbook/agricultureProducts#corn'/>
    <NS0:agricultureProduct rdf:resource='http://www.daml.org/2001/12/factbook/agricultureProducts#beans'/>
    <NS0:agricultureProduct rdf:resource='http://www.daml.org/2001/12/factbook/agricultureProducts#rice'/>
    <NS0:agricultureProduct rdf:resource='http://www.daml.org/2001/12/factbook/agricultureProducts#millet'/>
    <NS0:agricultureProduct rdf:resource='http://www.daml.org/2001/12/factbook/agricultureProducts#sorghum'/>
    <NS0:agricultureProduct rdf:resource='http://www.daml.org/2001/12/factbook/agricultureProducts#livestock'/>
    <NS0:agricultureProduct rdf:resource='http://www.daml.org/2001/12/factbook/agricultureProducts#fish'/>
    <NS0:exports rdf:ID='A103624'>336000000</NS0:exports>
    <NS0:exportsCommodity rdf:resource='#A103626'/>
    <NS0:exportsCommodity rdf:resource='#A103630'/>
    <NS0:exportsCommodity rdf:resource='#A103634'/>
    <NS0:exportsCommodity rdf:resource='#A103638'/>
    <NS0:imports rdf:ID='A103642'>452000000</NS0:imports>
    <NS0:importsCommodity rdf:resource='#A103644'/>
    <NS0:importsCommodity rdf:resource='#A103648'/>
    <NS0:importsCommodity rdf:resource='#A103652'/>
    <NS0:externalDebt rdf:ID='A103656'>1500000000</NS0:externalDebt>
    <NS0:economicAidRecipient rdf:ID='A103658'>201100000</NS0:economicAidRecipient>
    <NS0:currency>Communaute Financiere Africaine franc (XOF); note - responsible authority is the Central Bank of the West African States</NS0:currency>
    <NS0:currencyCode>XOF</NS0:currencyCode>
    <NS0:fiscalYear>calendar year</NS0:fiscalYear>
    <NS0:mainTelephoneLines rdf:ID='A103663'>25000</NS0:mainTelephoneLines>
    <NS0:mobileTelephoneLines rdf:ID='A103665'>2995</NS0:mobileTelephoneLines>
    <NS0:telephoneSystemGeneralAssessment>fair system based on a network of microwave radio relay routes supplemented by open-wire lines and a mobile cellular system</NS0:telephoneSystemGeneralAssessment>
    <NS0:telephoneSystemDomestic>microwave radio relay and open-wire lines for conventional system; cellular system has capacity of 10,000 telephones</NS0:telephoneSystemDomestic>
    <NS0:telephoneSystemInternational>satellite earth stations - 1 Intelsat (Atlantic Ocean) and 1 Symphonie</NS0:telephoneSystemInternational>
    <NS0:radios rdf:ID='A103670'>940000</NS0:radios>
    <NS0:televisions rdf:ID='A103672'>73000</NS0:televisions>
    <NS0:internetCountryCode>.tg</NS0:internetCountryCode>
    <NS0:internetServiceProviders rdf:ID='A103675'>3</NS0:internetServiceProviders>
    <NS0:internetUsers rdf:ID='A103677'>10000</NS0:internetUsers>
    <NS0:railwaysTotal rdf:ID='A103679'>525</NS0:railwaysTotal>
    <NS0:highwaysTotal>7520</NS0:highwaysTotal>
    <NS0:highwaysPaved>2376</NS0:highwaysPaved>
    <NS0:highwaysUnpaved rdf:ID='A103683'>5144</NS0:highwaysUnpaved>
    <NS0:waterways rdf:ID='A103685'>50</NS0:waterways>
    <NS0:port rdf:resource='#A103687'/>
    <NS0:port rdf:resource='#A103691'/>
    <NS0:airports rdf:ID='A103695'>9</NS0:airports>
    <NS0:airportBreakdown rdf:resource='#A103698'/>
    <NS0:airportBreakdown rdf:resource='#A103705'/>
    <NS0:airportBreakdown rdf:resource='#A103712'/>
    <NS0:malesOfMilitaryAge rdf:ID='A103718'>1175528</NS0:malesOfMilitaryAge>
    <NS0:malesFitForMilitaryService rdf:ID='A103721'>616622</NS0:malesFitForMilitaryService>
    <NS0:militaryExpenditures rdf:ID='A103724'>27000000</NS0:militaryExpenditures>
    <NS0:militaryExpendituresPercentGDP rdf:ID='A103726'>2</NS0:militaryExpendituresPercentGDP>
    <NS0:internationalDispute>none</NS0:internationalDispute>
    <NS0:illicitDrugs>transit hub for Nigerian heroin and cocaine traffickers</NS0:illicitDrugs>
    <NS0:smallFlag>http://www.cia.gov/cia/publications/factbook/flags/to-flag.jpg</NS0:smallFlag>
    <NS0:largeFlag>http://www.cia.gov/cia/publications/factbook/flags/to-lgflag.jpg</NS0:largeFlag>
    <NS0:map>http://www.cia.gov/cia/publications/factbook/maps/to-map.jpg</NS0:map>
    <NS0:border rdf:resource='#A130304'/>
    <NS0:border rdf:resource='#A130309'/>
    <NS0:border rdf:resource='#A130314'/>
    <NS0:exportPartner rdf:resource='#A130319'/>
    <NS0:exportPartner rdf:resource='#A130323'/>
    <NS0:exportPartner rdf:resource='#A130327'/>
    <NS0:exportPartner rdf:ID='A130334' rdf:resource='#A130331'/>
    <NS0:importPartner rdf:resource='#A130336'/>
    <NS0:importPartner rdf:resource='#A130340'/>
    <NS0:importPartner rdf:resource='#A130344'/>
    <NS0:importPartner rdf:ID='A130351' rdf:resource='#A130348'/>
  </rdf:Description>
  <rdf:Description rdf:about='#A103670'>
    <NS0:year>1997</NS0:year>
  </rdf:Description>
  <rdf:Description rdf:about='#A103422'>
    <rdf:type rdf:resource='http://www.daml.org/2001/12/factbook/factbook-ont#EthnicGroupPercent'/>
    <NS0:ethnicGroup rdf:resource='http://www.daml.org/2001/12/factbook/ethnicGroups#native_African'/>
    <NS0:percent>99</NS0:percent>
  </rdf:Description>
  <rdf:Description rdf:about='#A103605'>
    <NS0:year>1999</NS0:year>
  </rdf:Description>
  <rdf:Description rdf:about='#A130348'>
    <rdf:type rdf:resource='http://www.daml.org/2001/12/factbook/factbook-ont#CountryPercent'/>
    <NS0:country rdf:resource='http://www.daml.org/2001/09/countries/fips#IV'/>
  </rdf:Description>
  <rdf:Description rdf:about='#A103557'>
    <rdf:type rdf:resource='http://www.daml.org/2001/12/factbook/factbook-ont#Estimate'/>
    <NS0:year>2000</NS0:year>
  </rdf:Description>
  <rdf:Description rdf:about='#A130344'>
    <rdf:type rdf:resource='http://www.daml.org/2001/12/factbook/factbook-ont#CountryPercent'/>
    <NS0:country rdf:resource='http://www.daml.org/2001/09/countries/fips#FR'/>
  </rdf:Description>
  <rdf:Description rdf:about='#A103663'>
    <NS0:year>1997</NS0:year>
  </rdf:Description>
  <rdf:Description rdf:about='#A103721'>
    <rdf:type rdf:resource='http://www.daml.org/2001/12/factbook/factbook-ont#Estimate'/>
    <NS0:year>2001</NS0:year>
  </rdf:Description>
  <rdf:Description rdf:about='#A103656'>
    <NS0:year>1999</NS0:year>
  </rdf:Description>
  <rdf:Description rdf:about='#A130340'>
    <rdf:type rdf:resource='http://www.daml.org/2001/12/factbook/factbook-ont#CountryPercent'/>
    <NS0:country rdf:resource='http://www.daml.org/2001/09/countries/fips#CH'/>
  </rdf:Description>
  <rdf:Description rdf:about='#A103408'>
    <rdf:type rdf:resource='http://www.daml.org/2001/12/factbook/factbook-ont#SexRatioBreakdown'/>
    <NS0:ratio>0.97</NS0:ratio>
  </rdf:Description>
  <rdf:Description rdf:about='#A103589'>
    <rdf:type rdf:resource='http://www.daml.org/2001/12/factbook/factbook-ont#Estimate'/>
    <NS0:year>1998</NS0:year>
  </rdf:Description>
  <rdf:Description rdf:about='#A103451'>
    <NS0:note>official and the language of commerce</NS0:note>
  </rdf:Description>
  <rdf:Description rdf:about='#A130336'>
    <rdf:type rdf:resource='http://www.daml.org/2001/12/factbook/factbook-ont#CountryPercent'/>
    <NS0:country rdf:resource='http://www.daml.org/2001/09/countries/fips#GH'/>
  </rdf:Description>
  <rdf:Description rdf:about='#A103403'>
    <rdf:type rdf:resource='http://www.daml.org/2001/12/factbook/factbook-ont#SexRatioBreakdown'/>
    <NS0:minAge>65</NS0:minAge>
    <NS0:ratio>0.76</NS0:ratio>
  </rdf:Description>
  <rdf:Description rdf:about='#A130331'>
    <rdf:type rdf:resource='http://www.daml.org/2001/12/factbook/factbook-ont#CountryPercent'/>
    <NS0:country rdf:resource='http://www.daml.org/2001/09/countries/fips#RP'/>
  </rdf:Description>
  <rdf:Description rdf:about='#A103456'>
    <NS0:note>the two major African languages in the south</NS0:note>
  </rdf:Description>
  <rdf:Description rdf:about='#A103397'>
    <rdf:type rdf:resource='http://www.daml.org/2001/12/factbook/factbook-ont#SexRatioBreakdown'/>
    <NS0:minAge>15</NS0:minAge>
    <NS0:maxAge>64</NS0:maxAge>
    <NS0:ratio>0.95</NS0:ratio>
  </rdf:Description>
  <rdf:Description rdf:about='#A130327'>
    <rdf:type rdf:resource='http://www.daml.org/2001/12/factbook/factbook-ont#CountryPercent'/>
    <NS0:country rdf:resource='http://www.daml.org/2001/09/countries/fips#CA'/>
  </rdf:Description>
  <rdf:Description rdf:about='#A103624'>
    <NS0:note>f.o.b., 2000</NS0:note>
  </rdf:Description>
  <rdf:Description rdf:about='#A103585'>
    <rdf:type rdf:resource='http://www.daml.org/2001/12/factbook/factbook-ont#OccupationPercent'/>
    <NS0:occupation rdf:resource='http://www.daml.org/2001/12/factbook/occupations#services'/>
    <NS0:percent>30</NS0:percent>
  </rdf:Description>
  <rdf:Description rdf:about='#A103414'>
    <rdf:type rdf:resource='http://www.daml.org/2001/12/factbook/factbook-ont#Estimate'/>
    <NS0:year>2001</NS0:year>
  </rdf:Description>
  <rdf:Description rdf:about='#A130323'>
    <rdf:type rdf:resource='http://www.daml.org/2001/12/factbook/factbook-ont#CountryPercent'/>
    <NS0:country rdf:resource='http://www.daml.org/2001/09/countries/fips#BR'/>
  </rdf:Description>
  <rdf:Description rdf:about='#A103718'>
    <rdf:type rdf:resource='http://www.daml.org/2001/12/factbook/factbook-ont#Estimate'/>
    <NS0:year>2001</NS0:year>
  </rdf:Description>
  <rdf:Description rdf:about='#A103391'>
    <rdf:type rdf:resource='http://www.daml.org/2001/12/factbook/factbook-ont#SexRatioBreakdown'/>
    <NS0:minAge>0</NS0:minAge>
    <NS0:maxAge>14</NS0:maxAge>
    <NS0:ratio>1.01</NS0:ratio>
  </rdf:Description>
  <rdf:Description rdf:about='#A103580'>
    <rdf:type rdf:resource='http://www.daml.org/2001/12/factbook/factbook-ont#OccupationPercent'/>
    <NS0:occupation rdf:resource='http://www.daml.org/2001/12/factbook/occupations#industry'/>
    <NS0:percent>5</NS0:percent>
  </rdf:Description>
  <rdf:Description rdf:about='#A130319'>
    <rdf:type rdf:resource='http://www.daml.org/2001/12/factbook/factbook-ont#CountryPercent'/>
    <NS0:country rdf:resource='http://www.daml.org/2001/09/countries/fips#NI'/>
  </rdf:Description>
  <rdf:Description rdf:about='#A103385'>
    <rdf:type rdf:resource='http://www.daml.org/2001/12/factbook/factbook-ont#SexRatioBreakdown'/>
    <NS0:minAge>0</NS0:minAge>
    <NS0:maxAge>0</NS0:maxAge>
    <NS0:ratio>1.03</NS0:ratio>
  </rdf:Description>
  <rdf:Description rdf:about='#A103426'>
    <NS0:note>37 tribes; largest and most important are Ewe, Mina, and Kabre</NS0:note>
  </rdf:Description>
  <rdf:Description rdf:about='#A103575'>
    <rdf:type rdf:resource='http://www.daml.org/2001/12/factbook/factbook-ont#OccupationPercent'/>
    <NS0:occupation rdf:resource='http://www.daml.org/2001/12/factbook/occupations#agriculture'/>
    <NS0:percent>65</NS0:percent>
  </rdf:Description>
  <rdf:Description rdf:about='#A130314'>
    <rdf:type rdf:resource='http://www.daml.org/2001/12/factbook/factbook-ont#Border'/>
    <NS0:country rdf:resource='http://www.daml.org/2001/09/countries/fips#GH'/>
    <NS0:distance>877</NS0:distance>
  </rdf:Description>
  <rdf:Description rdf:about='#A130309'>
    <rdf:type rdf:resource='http://www.daml.org/2001/12/factbook/factbook-ont#Border'/>
    <NS0:country rdf:resource='http://www.daml.org/2001/09/countries/fips#UV'/>
    <NS0:distance>126</NS0:distance>
  </rdf:Description>
  <rdf:Description rdf:about='#A130304'>
    <rdf:type rdf:resource='http://www.daml.org/2001/12/factbook/factbook-ont#Border'/>
    <NS0:country rdf:resource='http://www.daml.org/2001/09/countries/fips#BN'/>
    <NS0:distance>644</NS0:distance>
  </rdf:Description>
  <rdf:Description rdf:about='#A103658'>
    <NS0:year>1995</NS0:year>
  </rdf:Description>
  <rdf:Description rdf:about='#A103565'>
    <NS0:year>1997</NS0:year>
  </rdf:Description>
  <rdf:Description rdf:about='#A103726'>
    <NS0:note>FY96</NS0:note>
  </rdf:Description>
  <rdf:Description rdf:about='#A103685'>
    <NS0:note>Mono river</NS0:note>
  </rdf:Description>
  <rdf:Description rdf:about='#A103411'>
    <rdf:type rdf:resource='http://www.daml.org/2001/12/factbook/factbook-ont#Estimate'/>
    <NS0:year>2001</NS0:year>
  </rdf:Description>
  <rdf:Description rdf:about='#A103373'>
    <rdf:type rdf:resource='http://www.daml.org/2001/12/factbook/factbook-ont#Estimate'/>
    <NS0:year>2001</NS0:year>
  </rdf:Description>
  <rdf:Description rdf:about='#A103461'>
    <NS0:note>sometimes spelled Kabiye</NS0:note>
  </rdf:Description>
  <rdf:Description rdf:about='#A130334'>
    <NS0:note>1999</NS0:note>
  </rdf:Description>
  <rdf:Description rdf:about='#A103683'>
    <NS0:year>1996</NS0:year>
  </rdf:Description>
  <rdf:Description rdf:about='#A103336'>
    <rdf:type rdf:resource='http://www.daml.org/2001/12/factbook/factbook-ont#ElevationExtreme'/>
    <NS0:name>Mont Agou</NS0:name>
    <NS0:elevation>986</NS0:elevation>
  </rdf:Description>
  <rdf:Description rdf:about='#A103331'>
    <rdf:type rdf:resource='http://www.daml.org/2001/12/factbook/factbook-ont#ElevationExtreme'/>
    <NS0:name>Atlantic Ocean</NS0:name>
    <NS0:elevation>0</NS0:elevation>
  </rdf:Description>
  <rdf:Description rdf:about='#A103675'>
    <NS0:year>2000</NS0:year>
  </rdf:Description>
</rdf:RDF>
