<?xml version='1.0' encoding='ISO-8859-1'?>
<rdf:RDF
  xmlns:rdf='http://www.w3.org/1999/02/22-rdf-syntax-ns#'
  xmlns:NS0='http://www.daml.org/2001/12/factbook/factbook-ont#'
  xmlns:rdfs='http://www.w3.org/2000/01/rdf-schema#'
  xml:base="http://www.daml.org/2001/12/factbook/tp">
  <rdf:Description rdf:about='#A104051'>
    <NS0:year>2000</NS0:year>
  </rdf:Description>
  <rdf:Description rdf:about='#A103963'>
    <rdf:type rdf:resource='http://www.daml.org/2001/12/factbook/factbook-ont#Estimate'/>
    <NS0:year>1993</NS0:year>
  </rdf:Description>
  <rdf:Description rdf:about='#A103896'>
    <rdf:type rdf:resource='#Province'/>
    <NS0:name>Sao Tome</NS0:name>
  </rdf:Description>
  <rdf:Description rdf:about='#A103892'>
    <rdf:type rdf:resource='#Province'/>
    <NS0:name>Principe</NS0:name>
  </rdf:Description>
  <rdf:Description rdf:about='#A104057'>
    <NS0:year>1996</NS0:year>
  </rdf:Description>
  <rdf:Description rdf:about='#A103769'>
    <rdf:type rdf:resource='http://www.daml.org/2001/12/factbook/factbook-ont#Estimate'/>
    <NS0:year>1993</NS0:year>
  </rdf:Description>
  <rdf:Description rdf:about='#A103981'>
    <NS0:year>1999</NS0:year>
  </rdf:Description>
  <rdf:Description rdf:about='#A104046'>
    <NS0:year>1997</NS0:year>
  </rdf:Description>
  <rdf:Description rdf:about='#A104077'>
    <rdf:type rdf:resource='http://www.daml.org/2001/12/factbook/factbook-ont#AirportBreakdown'/>
    <NS0:paved>true</NS0:paved>
    <NS0:minRunway>914</NS0:minRunway>
    <NS0:maxRunway>1523</NS0:maxRunway>
    <NS0:count>1 (2000 est.)</NS0:count>
  </rdf:Description>
  <rdf:Description rdf:about='#A103885'>
    <rdf:type rdf:resource='http://www.daml.org/2001/12/factbook/factbook-ont#CapitalCity'/>
    <NS0:name>Sao Tome</NS0:name>
  </rdf:Description>
  <rdf:Description rdf:about='#Province'>
    <rdf:type rdf:resource='http://www.w3.org/2000/01/rdf-schema#Class'/>
    <rdfs:subClassOf rdf:resource='http://www.daml.org/2001/12/factbook/factbook-ont#AdministrativeDivision'/>
    <rdfs:label>Province</rdfs:label>
  </rdf:Description>
  <rdf:Description rdf:about='#A103861'>
    <NS0:note>primarily Portuguese</NS0:note>
  </rdf:Description>
  <rdf:Description rdf:about='#A104070'>
    <rdf:type rdf:resource='http://www.daml.org/2001/12/factbook/factbook-ont#AirportBreakdown'/>
    <NS0:paved>true</NS0:paved>
    <NS0:minRunway>1524</NS0:minRunway>
    <NS0:maxRunway>2437</NS0:maxRunway>
    <NS0:count>1</NS0:count>
  </rdf:Description>
  <rdf:Description rdf:about='#A103851'>
    <NS0:note>contract laborers from Angola, Mozambique, and Cape Verde</NS0:note>
  </rdf:Description>
  <rdf:Description rdf:about='#A104063'>
    <rdf:type rdf:resource='http://www.daml.org/2001/12/factbook/factbook-ont#Port'/>
    <NS0:name>Sao Tome</NS0:name>
  </rdf:Description>
  <rdf:Description rdf:about='#A103856'>
    <NS0:note>children of servicais born on the islands</NS0:note>
  </rdf:Description>
  <rdf:Description rdf:about='#A103766'>
    <rdf:type rdf:resource='http://www.daml.org/2001/12/factbook/factbook-ont#Estimate'/>
    <NS0:year>1993</NS0:year>
  </rdf:Description>
  <rdf:Description rdf:about='#A103869'>
    <rdf:type rdf:resource='http://www.daml.org/2001/12/factbook/factbook-ont#LanguagePercent'/>
    <NS0:language rdf:resource='http://www.daml.org/2001/12/factbook/languages#Portuguese'/>
  </rdf:Description>
  <rdf:Description rdf:about='#A104059'>
    <rdf:type rdf:resource='http://www.daml.org/2001/12/factbook/factbook-ont#Port'/>
    <NS0:name>Santo Antonio</NS0:name>
  </rdf:Description>
  <rdf:Description rdf:about='#A103846'>
    <NS0:note>descendants of freed slaves</NS0:note>
  </rdf:Description>
  <rdf:Description rdf:about='#A104090'>
    <NS0:note>FY94</NS0:note>
  </rdf:Description>
  <rdf:Description rdf:about='#A103863'>
    <rdf:type rdf:resource='http://www.daml.org/2001/12/factbook/factbook-ont#ReligionPercent'/>
    <NS0:religion rdf:resource='http://www.daml.org/2001/12/factbook/religions#Christian'/>
    <NS0:percent>80</NS0:percent>
  </rdf:Description>
  <rdf:Description rdf:about='#A104032'>
    <NS0:year>2000</NS0:year>
  </rdf:Description>
  <rdf:Description rdf:about='#A103858'>
    <rdf:type rdf:resource='http://www.daml.org/2001/12/factbook/factbook-ont#EthnicGroupPercent'/>
    <NS0:ethnicGroup rdf:resource='http://www.daml.org/2001/12/factbook/ethnicGroups#Europeans'/>
  </rdf:Description>
  <rdf:Description rdf:about='#A104039'>
    <NS0:year>1997</NS0:year>
  </rdf:Description>
  <rdf:Description rdf:about='#A104017'>
    <rdf:type rdf:resource='http://www.daml.org/2001/12/factbook/factbook-ont#Estimate'/>
    <NS0:note>f.o.b., 2000</NS0:note>
  </rdf:Description>
  <rdf:Description rdf:about='#A103853'>
    <rdf:type rdf:resource='http://www.daml.org/2001/12/factbook/factbook-ont#EthnicGroupPercent'/>
    <NS0:ethnicGroup rdf:resource='http://www.daml.org/2001/12/factbook/ethnicGroups#tongas'/>
  </rdf:Description>
  <rdf:Description rdf:about='#A103841'>
    <NS0:note>descendants of Angolan slaves</NS0:note>
  </rdf:Description>
  <rdf:Description rdf:about='#A103782'>
    <rdf:type rdf:resource='http://www.daml.org/2001/12/factbook/factbook-ont#Estimate'/>
    <NS0:note>July 2001</NS0:note>
  </rdf:Description>
  <rdf:Description rdf:about='#A128871'>
    <rdf:type rdf:resource='http://www.daml.org/2001/12/factbook/factbook-ont#CountryPercent'/>
    <NS0:country rdf:resource='http://www.daml.org/2001/09/countries/fips#SF'/>
    <NS0:percent>6</NS0:percent>
  </rdf:Description>
  <rdf:Description rdf:about='#A104037'>
    <NS0:year>1997</NS0:year>
  </rdf:Description>
  <rdf:Description rdf:about='#A103848'>
    <rdf:type rdf:resource='http://www.daml.org/2001/12/factbook/factbook-ont#EthnicGroupPercent'/>
    <NS0:ethnicGroup rdf:resource='http://www.daml.org/2001/12/factbook/ethnicGroups#servicais'/>
  </rdf:Description>
  <rdf:Description rdf:about='#A103940'>
    <rdf:type rdf:resource='http://www.daml.org/2001/12/factbook/factbook-ont#Estimate'/>
    <NS0:year>2000</NS0:year>
  </rdf:Description>
  <rdf:Description rdf:about='#A128866'>
    <rdf:type rdf:resource='http://www.daml.org/2001/12/factbook/factbook-ont#CountryPercent'/>
    <NS0:country rdf:resource='http://www.daml.org/2001/09/countries/fips#US'/>
    <NS0:percent>20</NS0:percent>
  </rdf:Description>
  <rdf:Description rdf:about='#A103843'>
    <rdf:type rdf:resource='http://www.daml.org/2001/12/factbook/factbook-ont#EthnicGroupPercent'/>
    <NS0:ethnicGroup rdf:resource='http://www.daml.org/2001/12/factbook/ethnicGroups#forros'/>
  </rdf:Description>
  <rdf:Description rdf:about='#A128861'>
    <rdf:type rdf:resource='http://www.daml.org/2001/12/factbook/factbook-ont#CountryPercent'/>
    <NS0:country rdf:resource='http://www.daml.org/2001/09/countries/fips#PO'/>
    <NS0:percent>42</NS0:percent>
  </rdf:Description>
  <rdf:Description rdf:about='#A103838'>
    <rdf:type rdf:resource='http://www.daml.org/2001/12/factbook/factbook-ont#EthnicGroupPercent'/>
    <NS0:ethnicGroup rdf:resource='http://www.daml.org/2001/12/factbook/ethnicGroups#angolares'/>
  </rdf:Description>
  <rdf:Description rdf:about='#A104028'>
    <rdf:type rdf:resource='http://www.daml.org/2001/12/factbook/factbook-ont#CommodityPercent'/>
    <NS0:importsCommodity rdf:resource='http://www.daml.org/2001/12/factbook/commodities#petroleum_products'/>
  </rdf:Description>
  <rdf:Description rdf:about='#A103946'>
    <rdf:type rdf:resource='http://www.daml.org/2001/12/factbook/factbook-ont#Estimate'/>
    <NS0:year>2000</NS0:year>
  </rdf:Description>
  <rdf:Description rdf:about='#A104067'>
    <rdf:type rdf:resource='http://www.daml.org/2001/12/factbook/factbook-ont#Estimate'/>
    <NS0:year>2000</NS0:year>
  </rdf:Description>
  <rdf:Description rdf:about='#A128855'>
    <rdf:type rdf:resource='http://www.daml.org/2001/12/factbook/factbook-ont#CountryPercent'/>
    <NS0:country rdf:resource='http://www.daml.org/2001/09/countries/fips#PO'/>
    <NS0:percent>9</NS0:percent>
  </rdf:Description>
  <rdf:Description rdf:about='#A103834'>
    <rdf:type rdf:resource='http://www.daml.org/2001/12/factbook/factbook-ont#EthnicGroupPercent'/>
    <NS0:ethnicGroup rdf:resource='http://www.daml.org/2001/12/factbook/ethnicGroups#mestico'/>
  </rdf:Description>
  <rdf:Description rdf:about='#A104024'>
    <rdf:type rdf:resource='http://www.daml.org/2001/12/factbook/factbook-ont#CommodityPercent'/>
    <NS0:importsCommodity rdf:resource='http://www.daml.org/2001/12/factbook/commodities#food_products'/>
  </rdf:Description>
  <rdf:Description rdf:about='#A128850'>
    <rdf:type rdf:resource='http://www.daml.org/2001/12/factbook/factbook-ont#CountryPercent'/>
    <NS0:country rdf:resource='http://www.daml.org/2001/09/countries/fips#GM'/>
    <NS0:percent>9</NS0:percent>
  </rdf:Description>
  <rdf:Description rdf:about='#A103983'>
    <NS0:year>1999</NS0:year>
  </rdf:Description>
  <rdf:Description rdf:about='#A104020'>
    <rdf:type rdf:resource='http://www.daml.org/2001/12/factbook/factbook-ont#CommodityPercent'/>
    <NS0:importsCommodity rdf:resource='http://www.daml.org/2001/12/factbook/commodities#machinery_and_electrical_equipment'/>
  </rdf:Description>
  <rdf:Description rdf:about='#A103979'>
    <NS0:year>1999</NS0:year>
  </rdf:Description>
  <rdf:Description rdf:about='#A103877'>
    <rdf:type rdf:resource='http://www.daml.org/2001/12/factbook/factbook-ont#Estimate'/>
    <NS0:year>1991</NS0:year>
  </rdf:Description>
  <rdf:Description rdf:about='#A128845'>
    <rdf:type rdf:resource='http://www.daml.org/2001/12/factbook/factbook-ont#CountryPercent'/>
    <NS0:country rdf:resource='http://www.daml.org/2001/09/countries/fips#NL'/>
    <NS0:percent>18</NS0:percent>
  </rdf:Description>
  <rdf:Description rdf:about='#A103826'>
    <rdf:type rdf:resource='http://www.daml.org/2001/12/factbook/factbook-ont#Estimate'/>
    <NS0:year>2001</NS0:year>
  </rdf:Description>
  <rdf:Description rdf:about='#A104013'>
    <rdf:type rdf:resource='http://www.daml.org/2001/12/factbook/factbook-ont#CommodityPercent'/>
    <NS0:exportsCommodity rdf:resource='http://www.daml.org/2001/12/factbook/commodities#palm_oil'/>
  </rdf:Description>
  <rdf:Description rdf:about='#A103820'>
    <rdf:type rdf:resource='http://www.daml.org/2001/12/factbook/factbook-ont#SexRatioBreakdown'/>
    <NS0:ratio>0.97</NS0:ratio>
  </rdf:Description>
  <rdf:Description rdf:about='#A104009'>
    <rdf:type rdf:resource='http://www.daml.org/2001/12/factbook/factbook-ont#CommodityPercent'/>
    <NS0:exportsCommodity rdf:resource='http://www.daml.org/2001/12/factbook/commodities#coffee'/>
  </rdf:Description>
  <rdf:Description rdf:about='#A103815'>
    <rdf:type rdf:resource='http://www.daml.org/2001/12/factbook/factbook-ont#SexRatioBreakdown'/>
    <NS0:minAge>65</NS0:minAge>
    <NS0:ratio>0.84</NS0:ratio>
  </rdf:Description>
  <rdf:Description rdf:about='#A104005'>
    <rdf:type rdf:resource='http://www.daml.org/2001/12/factbook/factbook-ont#CommodityPercent'/>
    <NS0:exportsCommodity rdf:resource='http://www.daml.org/2001/12/factbook/commodities#copra'/>
  </rdf:Description>
  <rdf:Description rdf:about='#A104048'>
    <NS0:year>1997</NS0:year>
  </rdf:Description>
  <rdf:Description rdf:about='http://www.daml.org/2001/09/countries/fips#TP'>
    <NS0:background>Discovered and claimed by Portugal in the late 15th century, the islands&apos; sugar-based economy gave way to coffee and cocoa in the 19th century - all grown with plantation slave labor, a form of which lingered into the 20th century. Although independence was achieved in 1975, democratic reforms were not instituted until the late 1980s. The first free elections were held in 1991.</NS0:background>
    <NS0:location>Western Africa, islands in the Gulf of Guinea, straddling the Equator, west of Gabon</NS0:location>
    <NS0:geographicCoordinates rdf:resource='#A103735'/>
    <NS0:mapReferences>Africa</NS0:mapReferences>
    <NS0:totalArea>1001</NS0:totalArea>
    <NS0:landArea>1001</NS0:landArea>
    <NS0:waterArea>0</NS0:waterArea>
    <NS0:comparativeArea>more than five times the size of Washington, DC</NS0:comparativeArea>
    <NS0:coastline>209</NS0:coastline>
    <NS0:exclusiveEconomicZone>200</NS0:exclusiveEconomicZone>
    <NS0:territorialSea>12</NS0:territorialSea>
    <NS0:climate>tropical; hot, humid; one rainy season (October to May)</NS0:climate>
    <NS0:terrain>volcanic, mountainous</NS0:terrain>
    <NS0:lowestPoint rdf:resource='#A103750'/>
    <NS0:highestPoint rdf:resource='#A103755'/>
    <NS0:naturalResource rdf:resource='http://www.daml.org/2001/12/factbook/naturalResources#fish'/>
    <NS0:naturalResource rdf:resource='http://www.daml.org/2001/12/factbook/naturalResources#hydropower'/>
    <NS0:arableLand>2</NS0:arableLand>
    <NS0:permanentCrops>36</NS0:permanentCrops>
    <NS0:permanentPastures>1</NS0:permanentPastures>
    <NS0:forestsAndWoodland>0</NS0:forestsAndWoodland>
    <NS0:otherLandUse rdf:ID='A103766'>61</NS0:otherLandUse>
    <NS0:irrigatedLand rdf:ID='A103769'>100</NS0:irrigatedLand>
    <NS0:naturalHazard>NA</NS0:naturalHazard>
    <NS0:environmentalIssue>deforestation</NS0:environmentalIssue>
    <NS0:environmentalIssue>soil erosion and exhaustion</NS0:environmentalIssue>
    <NS0:environmentalAgreementPartyTo rdf:resource='http://www.daml.org/2001/12/factbook/environmentalAgreements#Biodiversity'/>
    <NS0:environmentalAgreementPartyTo rdf:resource='http://www.daml.org/2001/12/factbook/environmentalAgreements#Climate_Change'/>
    <NS0:environmentalAgreementPartyTo rdf:resource='http://www.daml.org/2001/12/factbook/environmentalAgreements#Desertification'/>
    <NS0:environmentalAgreementPartyTo rdf:resource='http://www.daml.org/2001/12/factbook/environmentalAgreements#Environmental_Modification'/>
    <NS0:environmentalAgreementPartyTo rdf:resource='http://www.daml.org/2001/12/factbook/environmentalAgreements#Law_of_the_Sea'/>
    <NS0:environmentalAgreementPartyTo rdf:resource='http://www.daml.org/2001/12/factbook/environmentalAgreements#Ship_Pollution'/>
    <NS0:environmentalAgreementSigned rdf:resource='http://www.daml.org/2001/12/factbook/environmentalAgreements#none_of_the_selected_agreements'/>
    <NS0:population rdf:ID='A103782'>165034</NS0:population>
    <NS0:populationGrowthRate rdf:ID='A103785'>3.18</NS0:populationGrowthRate>
    <NS0:birthRate rdf:ID='A103788'>42.74</NS0:birthRate>
    <NS0:deathRate rdf:ID='A103791'>7.54</NS0:deathRate>
    <NS0:netMigrationRate rdf:ID='A103794'>-3.38</NS0:netMigrationRate>
    <NS0:sexRatio rdf:resource='#A103797'/>
    <NS0:sexRatio rdf:resource='#A103803'/>
    <NS0:sexRatio rdf:resource='#A103809'/>
    <NS0:sexRatio rdf:resource='#A103815'/>
    <NS0:sexRatio rdf:ID='A103823' rdf:resource='#A103820'/>
    <NS0:infantMortalityRate rdf:ID='A103826'>48.96</NS0:infantMortalityRate>
    <NS0:totalFertilityRate rdf:ID='A103829'>6.02</NS0:totalFertilityRate>
    <NS0:nationalityNoun>Sao Tomean(s)</NS0:nationalityNoun>
    <NS0:nationalityAdjective>Sao Tomean</NS0:nationalityAdjective>
    <NS0:ethnicGroup rdf:resource='#A103834'/>
    <NS0:ethnicGroup rdf:ID='A103841' rdf:resource='#A103838'/>
    <NS0:ethnicGroup rdf:ID='A103846' rdf:resource='#A103843'/>
    <NS0:ethnicGroup rdf:ID='A103851' rdf:resource='#A103848'/>
    <NS0:ethnicGroup rdf:ID='A103856' rdf:resource='#A103853'/>
    <NS0:ethnicGroup rdf:ID='A103861' rdf:resource='#A103858'/>
    <NS0:religion rdf:ID='A103867' rdf:resource='#A103863'/>
    <NS0:language rdf:ID='A103872' rdf:resource='#A103869'/>
    <NS0:literacyDefinition>age 15 and over can read and write</NS0:literacyDefinition>
    <NS0:literacyTotal>73</NS0:literacyTotal>
    <NS0:literacyMale>85</NS0:literacyMale>
    <NS0:literacyFemale rdf:ID='A103877'>62</NS0:literacyFemale>
    <NS0:conventionalLongCountryName>Democratic Republic of Sao Tome and Principe</NS0:conventionalLongCountryName>
    <NS0:conventionalShortCountryName>Sao Tome and Principe</NS0:conventionalShortCountryName>
    <NS0:localLongCountryName>Republica Democratica de Sao Tome e Principe</NS0:localLongCountryName>
    <NS0:localShortCountryName>Sao Tome e Principe</NS0:localShortCountryName>
    <NS0:governmentType rdf:resource='http://www.daml.org/2001/12/factbook/governmentTypes#republic'/>
    <NS0:capital rdf:resource='#A103885'/>
    <NS0:administrativeDivision rdf:resource='#A103892'/>
    <NS0:administrativeDivision rdf:resource='#A103896'/>
    <NS0:independence>12 July 1975 (from Portugal)</NS0:independence>
    <NS0:constitution>approved March 1990; effective 10 September 1990</NS0:constitution>
    <NS0:legalSystem>based on Portuguese legal system and customary law; has not accepted compulsory ICJ jurisdiction</NS0:legalSystem>
    <NS0:suffrage>18 years of age; universal</NS0:suffrage>
    <NS0:participatesIn rdf:resource='http://www.daml.org/2001/12/factbook/internationalOrganizations#ACCT'/>
    <NS0:participatesIn rdf:resource='http://www.daml.org/2001/12/factbook/internationalOrganizations#ACP'/>
    <NS0:participatesIn rdf:resource='http://www.daml.org/2001/12/factbook/internationalOrganizations#AfDB'/>
    <NS0:participatesIn rdf:resource='http://www.daml.org/2001/12/factbook/internationalOrganizations#CEEAC'/>
    <NS0:participatesIn rdf:resource='http://www.daml.org/2001/12/factbook/internationalOrganizations#ECA'/>
    <NS0:participatesIn rdf:resource='http://www.daml.org/2001/12/factbook/internationalOrganizations#FAO'/>
    <NS0:participatesIn rdf:resource='http://www.daml.org/2001/12/factbook/internationalOrganizations#G-77'/>
    <NS0:participatesIn rdf:resource='http://www.daml.org/2001/12/factbook/internationalOrganizations#IBRD'/>
    <NS0:participatesIn rdf:resource='http://www.daml.org/2001/12/factbook/internationalOrganizations#ICAO'/>
    <NS0:participatesIn rdf:resource='http://www.daml.org/2001/12/factbook/internationalOrganizations#ICRM'/>
    <NS0:participatesIn rdf:resource='http://www.daml.org/2001/12/factbook/internationalOrganizations#IDA'/>
    <NS0:participatesIn rdf:resource='http://www.daml.org/2001/12/factbook/internationalOrganizations#IFAD'/>
    <NS0:participatesIn rdf:resource='http://www.daml.org/2001/12/factbook/internationalOrganizations#IFRCS'/>
    <NS0:participatesIn rdf:resource='http://www.daml.org/2001/12/factbook/internationalOrganizations#ILO'/>
    <NS0:participatesIn rdf:resource='http://www.daml.org/2001/12/factbook/internationalOrganizations#IMF'/>
    <NS0:participatesIn rdf:resource='http://www.daml.org/2001/12/factbook/internationalOrganizations#IMO'/>
    <NS0:participatesIn rdf:resource='http://www.daml.org/2001/12/factbook/internationalOrganizations#Intelsat'/>
    <NS0:participatesIn rdf:resource='http://www.daml.org/2001/12/factbook/internationalOrganizations#Interpol'/>
    <NS0:participatesIn rdf:resource='http://www.daml.org/2001/12/factbook/internationalOrganizations#IOC'/>
    <NS0:participatesIn rdf:resource='http://www.daml.org/2001/12/factbook/internationalOrganizations#IOM'/>
    <NS0:participatesIn rdf:resource='http://www.daml.org/2001/12/factbook/internationalOrganizations#ITU'/>
    <NS0:participatesIn rdf:resource='http://www.daml.org/2001/12/factbook/internationalOrganizations#NAM'/>
    <NS0:participatesIn rdf:resource='http://www.daml.org/2001/12/factbook/internationalOrganizations#OAU'/>
    <NS0:participatesIn rdf:resource='http://www.daml.org/2001/12/factbook/internationalOrganizations#UN'/>
    <NS0:participatesIn rdf:resource='http://www.daml.org/2001/12/factbook/internationalOrganizations#UNCTAD'/>
    <NS0:participatesIn rdf:resource='http://www.daml.org/2001/12/factbook/internationalOrganizations#UNESCO'/>
    <NS0:participatesIn rdf:resource='http://www.daml.org/2001/12/factbook/internationalOrganizations#UNIDO'/>
    <NS0:participatesIn rdf:resource='http://www.daml.org/2001/12/factbook/internationalOrganizations#UPU'/>
    <NS0:participatesIn rdf:resource='http://www.daml.org/2001/12/factbook/internationalOrganizations#WCL'/>
    <NS0:participatesIn rdf:resource='http://www.daml.org/2001/12/factbook/internationalOrganizations#WHO'/>
    <NS0:participatesIn rdf:resource='http://www.daml.org/2001/12/factbook/internationalOrganizations#WIPO'/>
    <NS0:participatesIn rdf:resource='http://www.daml.org/2001/12/factbook/internationalOrganizations#WMO'/>
    <NS0:participatesIn rdf:resource='http://www.daml.org/2001/12/factbook/internationalOrganizations#WToO'/>
    <NS0:participatesIn rdf:resource='http://www.daml.org/2001/12/factbook/internationalOrganizations#WTrO'/>
    <NS0:flagDescription>three horizontal bands of green (top), yellow (double width), and green with two black five-pointed stars placed side by side in the center of the yellow band and a red isosceles triangle based on the hoist side; uses the popular pan-African colors of Ethiopia</NS0:flagDescription>
    <NS0:economyOverview>This small poor island economy has become increasingly dependent on cocoa since independence 25 years ago. However, cocoa production has substantially declined because of drought and mismanagement. The resulting shortage of cocoa for export has created a persistent balance-of-payments problem. Sao Tome has to import all fuels, most manufactured goods, consumer goods, and a significant amount of food. Over the years, it has been unable to service its external debt and has had to depend on concessional aid and debt rescheduling. Sao Tome benefited from $200 million in debt relief in December 2000 under the Highly Indebted Poor Countries (HIPC) program. Considerable potential exists for development of a tourist industry, and the government has taken steps to expand facilities in recent years. The government also has attempted to reduce price controls and subsidies, but economic growth has remained sluggish. Sao Tome is also optimistic that significant petroleum discoveries are forthcoming in its territorial waters in the oil-rich waters of the Gulf of Guinea. Corruption scandals continue to weaken the economy. At the same time, progress in the economic reform program has attracted international financial institutions&apos; support, and GDP growth will likely rise to at least 4% in 2001-02.</NS0:economyOverview>
    <NS0:grossDomesticProduct rdf:ID='A103940'>178000000</NS0:grossDomesticProduct>
    <NS0:grossDomesticProductRealGrowth rdf:ID='A103943'>3</NS0:grossDomesticProductRealGrowth>
    <NS0:grossDomesticProductPerCapita rdf:ID='A103946'>1100</NS0:grossDomesticProductPerCapita>
    <NS0:grossDomesticProductAgriculture>23</NS0:grossDomesticProductAgriculture>
    <NS0:grossDomesticProductIndustry>19</NS0:grossDomesticProductIndustry>
    <NS0:grossDomesticProductServices rdf:ID='A103951'>58</NS0:grossDomesticProductServices>
    <NS0:inflationRate rdf:ID='A103954'>5</NS0:inflationRate>
    <NS0:occupation rdf:resource='#A103957'/>
    <NS0:budgetRevenues>58000000</NS0:budgetRevenues>
    <NS0:budgetExpenditures>114000000</NS0:budgetExpenditures>
    <NS0:budgetCapitalExpenditures rdf:ID='A103963'>54000000</NS0:budgetCapitalExpenditures>
    <NS0:industry rdf:resource='http://www.daml.org/2001/12/factbook/industries#light_construction'/>
    <NS0:industry rdf:resource='http://www.daml.org/2001/12/factbook/industries#textiles'/>
    <NS0:industry rdf:resource='http://www.daml.org/2001/12/factbook/industries#soap'/>
    <NS0:industry rdf:resource='http://www.daml.org/2001/12/factbook/industries#beer'/>
    <NS0:industry rdf:resource='http://www.daml.org/2001/12/factbook/industries#fish_processing'/>
    <NS0:industry rdf:resource='http://www.daml.org/2001/12/factbook/industries#timber'/>
    <NS0:electricityProduction rdf:ID='A103972'>17000000</NS0:electricityProduction>
    <NS0:electricityProductionFossilFuel>41.18</NS0:electricityProductionFossilFuel>
    <NS0:electricityProductionHydro>58.82</NS0:electricityProductionHydro>
    <NS0:electricityProductionNuclear>0</NS0:electricityProductionNuclear>
    <NS0:electricityProductionOther rdf:ID='A103977'>0</NS0:electricityProductionOther>
    <NS0:electricityConsumption rdf:ID='A103979'>15800000</NS0:electricityConsumption>
    <NS0:electricityExports rdf:ID='A103981'>0</NS0:electricityExports>
    <NS0:electricityImports rdf:ID='A103983'>0</NS0:electricityImports>
    <NS0:agricultureProduct rdf:resource='http://www.daml.org/2001/12/factbook/agricultureProducts#cocoa'/>
    <NS0:agricultureProduct rdf:resource='http://www.daml.org/2001/12/factbook/agricultureProducts#coconuts'/>
    <NS0:agricultureProduct rdf:resource='http://www.daml.org/2001/12/factbook/agricultureProducts#palm_kernels'/>
    <NS0:agricultureProduct rdf:resource='http://www.daml.org/2001/12/factbook/agricultureProducts#copra'/>
    <NS0:agricultureProduct rdf:resource='http://www.daml.org/2001/12/factbook/agricultureProducts#cinnamon'/>
    <NS0:agricultureProduct rdf:resource='http://www.daml.org/2001/12/factbook/agricultureProducts#pepper'/>
    <NS0:agricultureProduct rdf:resource='http://www.daml.org/2001/12/factbook/agricultureProducts#coffee'/>
    <NS0:agricultureProduct rdf:resource='http://www.daml.org/2001/12/factbook/agricultureProducts#bananas'/>
    <NS0:agricultureProduct rdf:resource='http://www.daml.org/2001/12/factbook/agricultureProducts#papayas'/>
    <NS0:agricultureProduct rdf:resource='http://www.daml.org/2001/12/factbook/agricultureProducts#beans'/>
    <NS0:agricultureProduct rdf:resource='http://www.daml.org/2001/12/factbook/agricultureProducts#poultry'/>
    <NS0:agricultureProduct rdf:resource='http://www.daml.org/2001/12/factbook/agricultureProducts#fish'/>
    <NS0:exports rdf:ID='A103997'>3200000</NS0:exports>
    <NS0:exportsCommodity rdf:resource='#A104000'/>
    <NS0:exportsCommodity rdf:resource='#A104005'/>
    <NS0:exportsCommodity rdf:resource='#A104009'/>
    <NS0:exportsCommodity rdf:resource='#A104013'/>
    <NS0:imports rdf:ID='A104017'>40000000</NS0:imports>
    <NS0:importsCommodity rdf:resource='#A104020'/>
    <NS0:importsCommodity rdf:resource='#A104024'/>
    <NS0:importsCommodity rdf:resource='#A104028'/>
    <NS0:externalDebt rdf:ID='A104032'>268000000</NS0:externalDebt>
    <NS0:currency>dobra (STD)</NS0:currency>
    <NS0:currencyCode>STD</NS0:currencyCode>
    <NS0:fiscalYear>calendar year</NS0:fiscalYear>
    <NS0:mainTelephoneLines rdf:ID='A104037'>3000</NS0:mainTelephoneLines>
    <NS0:mobileTelephoneLines rdf:ID='A104039'>6942</NS0:mobileTelephoneLines>
    <NS0:telephoneSystemGeneralAssessment>adequate facilities</NS0:telephoneSystemGeneralAssessment>
    <NS0:telephoneSystemDomestic>minimal system</NS0:telephoneSystemDomestic>
    <NS0:telephoneSystemInternational>satellite earth station - 1 Intelsat (Atlantic Ocean)</NS0:telephoneSystemInternational>
    <NS0:radios rdf:ID='A104044'>38000</NS0:radios>
    <NS0:televisionBroadcastStations rdf:ID='A104046'>2</NS0:televisionBroadcastStations>
    <NS0:televisions rdf:ID='A104048'>23000</NS0:televisions>
    <NS0:internetCountryCode>.st</NS0:internetCountryCode>
    <NS0:internetServiceProviders rdf:ID='A104051'>2</NS0:internetServiceProviders>
    <NS0:internetUsers rdf:ID='A104053'>500</NS0:internetUsers>
    <NS0:highwaysTotal>320</NS0:highwaysTotal>
    <NS0:highwaysPaved>218</NS0:highwaysPaved>
    <NS0:highwaysUnpaved rdf:ID='A104057'>102</NS0:highwaysUnpaved>
    <NS0:port rdf:resource='#A104059'/>
    <NS0:port rdf:resource='#A104063'/>
    <NS0:airports rdf:ID='A104067'>2</NS0:airports>
    <NS0:airportBreakdown rdf:resource='#A104070'/>
    <NS0:airportBreakdown rdf:resource='#A104077'/>
    <NS0:malesOfMilitaryAge rdf:ID='A104084'>34205</NS0:malesOfMilitaryAge>
    <NS0:malesFitForMilitaryService rdf:ID='A104087'>18043</NS0:malesFitForMilitaryService>
    <NS0:militaryExpenditures rdf:ID='A104090'>1000000</NS0:militaryExpenditures>
    <NS0:militaryExpendituresPercentGDP rdf:ID='A104092'>1.5</NS0:militaryExpendituresPercentGDP>
    <NS0:internationalDispute>none</NS0:internationalDispute>
    <NS0:smallFlag>http://www.cia.gov/cia/publications/factbook/flags/tp-flag.jpg</NS0:smallFlag>
    <NS0:largeFlag>http://www.cia.gov/cia/publications/factbook/flags/tp-lgflag.jpg</NS0:largeFlag>
    <NS0:map>http://www.cia.gov/cia/publications/factbook/maps/tp-map.jpg</NS0:map>
    <NS0:exportPartner rdf:resource='#A128845'/>
    <NS0:exportPartner rdf:resource='#A128850'/>
    <NS0:exportPartner rdf:ID='A128859' rdf:resource='#A128855'/>
    <NS0:importPartner rdf:resource='#A128861'/>
    <NS0:importPartner rdf:resource='#A128866'/>
    <NS0:importPartner rdf:ID='A128875' rdf:resource='#A128871'/>
  </rdf:Description>
  <rdf:Description rdf:about='#A103809'>
    <rdf:type rdf:resource='http://www.daml.org/2001/12/factbook/factbook-ont#SexRatioBreakdown'/>
    <NS0:minAge>15</NS0:minAge>
    <NS0:maxAge>64</NS0:maxAge>
    <NS0:ratio>0.93</NS0:ratio>
  </rdf:Description>
  <rdf:Description rdf:about='#A104000'>
    <rdf:type rdf:resource='http://www.daml.org/2001/12/factbook/factbook-ont#CommodityPercent'/>
    <NS0:exportsCommodity rdf:resource='http://www.daml.org/2001/12/factbook/commodities#cocoa'/>
    <NS0:percent>90</NS0:percent>
  </rdf:Description>
  <rdf:Description rdf:about='#A104084'>
    <rdf:type rdf:resource='http://www.daml.org/2001/12/factbook/factbook-ont#Estimate'/>
    <NS0:year>2001</NS0:year>
  </rdf:Description>
  <rdf:Description rdf:about='#A103803'>
    <rdf:type rdf:resource='http://www.daml.org/2001/12/factbook/factbook-ont#SexRatioBreakdown'/>
    <NS0:minAge>0</NS0:minAge>
    <NS0:maxAge>14</NS0:maxAge>
    <NS0:ratio>1.03</NS0:ratio>
  </rdf:Description>
  <rdf:Description rdf:about='#A103943'>
    <rdf:type rdf:resource='http://www.daml.org/2001/12/factbook/factbook-ont#Estimate'/>
    <NS0:year>2000</NS0:year>
  </rdf:Description>
  <rdf:Description rdf:about='#A103797'>
    <rdf:type rdf:resource='http://www.daml.org/2001/12/factbook/factbook-ont#SexRatioBreakdown'/>
    <NS0:minAge>0</NS0:minAge>
    <NS0:maxAge>0</NS0:maxAge>
    <NS0:ratio>1.03</NS0:ratio>
  </rdf:Description>
  <rdf:Description rdf:about='#A103823'>
    <rdf:type rdf:resource='http://www.daml.org/2001/12/factbook/factbook-ont#Estimate'/>
    <NS0:year>2001</NS0:year>
  </rdf:Description>
  <rdf:Description rdf:about='#A104044'>
    <NS0:year>1997</NS0:year>
  </rdf:Description>
  <rdf:Description rdf:about='#A103977'>
    <NS0:year>1999</NS0:year>
  </rdf:Description>
  <rdf:Description rdf:about='#A103829'>
    <rdf:type rdf:resource='http://www.daml.org/2001/12/factbook/factbook-ont#Estimate'/>
    <NS0:year>2001</NS0:year>
  </rdf:Description>
  <rdf:Description rdf:about='#A128875'>
    <NS0:note>1998</NS0:note>
  </rdf:Description>
  <rdf:Description rdf:about='#A104087'>
    <rdf:type rdf:resource='http://www.daml.org/2001/12/factbook/factbook-ont#Estimate'/>
    <NS0:year>2001</NS0:year>
  </rdf:Description>
  <rdf:Description rdf:about='#A103791'>
    <rdf:type rdf:resource='http://www.daml.org/2001/12/factbook/factbook-ont#Estimate'/>
    <NS0:year>2001</NS0:year>
  </rdf:Description>
  <rdf:Description rdf:about='#A103867'>
    <NS0:note>Roman Catholic, Evangelical Protestant, Seventh-Day Adventist</NS0:note>
  </rdf:Description>
  <rdf:Description rdf:about='#A128859'>
    <NS0:note>1998</NS0:note>
  </rdf:Description>
  <rdf:Description rdf:about='#A103794'>
    <rdf:type rdf:resource='http://www.daml.org/2001/12/factbook/factbook-ont#Estimate'/>
    <NS0:year>2001</NS0:year>
  </rdf:Description>
  <rdf:Description rdf:about='#A103785'>
    <rdf:type rdf:resource='http://www.daml.org/2001/12/factbook/factbook-ont#Estimate'/>
    <NS0:year>2001</NS0:year>
  </rdf:Description>
  <rdf:Description rdf:about='#A103957'>
    <rdf:type rdf:resource='http://www.daml.org/2001/12/factbook/factbook-ont#OccupationPercent'/>
    <NS0:occupation rdf:resource='http://www.daml.org/2001/12/factbook/occupations#population_mainly_engaged_in_subsistence_agriculture_and_fishing'/>
  </rdf:Description>
  <rdf:Description rdf:about='#A103788'>
    <rdf:type rdf:resource='http://www.daml.org/2001/12/factbook/factbook-ont#Estimate'/>
    <NS0:year>2001</NS0:year>
  </rdf:Description>
  <rdf:Description rdf:about='#A103755'>
    <rdf:type rdf:resource='http://www.daml.org/2001/12/factbook/factbook-ont#ElevationExtreme'/>
    <NS0:name>Pico de Sao Tome</NS0:name>
    <NS0:elevation>2024</NS0:elevation>
  </rdf:Description>
  <rdf:Description rdf:about='#A103872'>
    <NS0:note>official</NS0:note>
  </rdf:Description>
  <rdf:Description rdf:about='#A103972'>
    <NS0:year>1999</NS0:year>
  </rdf:Description>
  <rdf:Description rdf:about='#A103750'>
    <rdf:type rdf:resource='http://www.daml.org/2001/12/factbook/factbook-ont#ElevationExtreme'/>
    <NS0:name>Atlantic Ocean</NS0:name>
    <NS0:elevation>0</NS0:elevation>
  </rdf:Description>
  <rdf:Description rdf:about='#A103951'>
    <rdf:type rdf:resource='http://www.daml.org/2001/12/factbook/factbook-ont#Estimate'/>
    <NS0:year>1997</NS0:year>
  </rdf:Description>
  <rdf:Description rdf:about='#A104053'>
    <NS0:year>2000</NS0:year>
  </rdf:Description>
  <rdf:Description rdf:about='#A103735'>
    <rdf:type rdf:resource='http://www.daml.org/2001/12/factbook/factbook-ont#LatLon'/>
    <NS0:latitude>1.0</NS0:latitude>
    <NS0:longitude>7.0</NS0:longitude>
  </rdf:Description>
  <rdf:Description rdf:about='#A103997'>
    <rdf:type rdf:resource='http://www.daml.org/2001/12/factbook/factbook-ont#Estimate'/>
    <NS0:note>f.o.b., 2000</NS0:note>
  </rdf:Description>
  <rdf:Description rdf:about='#A104092'>
    <NS0:note>FY94</NS0:note>
  </rdf:Description>
  <rdf:Description rdf:about='#A103954'>
    <rdf:type rdf:resource='http://www.daml.org/2001/12/factbook/factbook-ont#Estimate'/>
    <NS0:year>2000</NS0:year>
  </rdf:Description>
</rdf:RDF>
