<?xml version='1.0' encoding='ISO-8859-1'?>
<rdf:RDF
  xmlns:rdf='http://www.w3.org/1999/02/22-rdf-syntax-ns#'
  xmlns:NS0='http://www.daml.org/2001/12/factbook/factbook-ont#'
  xml:base="http://www.daml.org/2001/12/factbook/tw">
  <rdf:Description rdf:about='#A106038'>
    <rdf:type rdf:resource='http://www.daml.org/2001/12/factbook/factbook-ont#Estimate'/>
    <NS0:year>1999</NS0:year>
  </rdf:Description>
  <rdf:Description rdf:about='#A105855'>
    <rdf:type rdf:resource='http://www.daml.org/2001/12/factbook/factbook-ont#Estimate'/>
    <NS0:year>2001</NS0:year>
  </rdf:Description>
  <rdf:Description rdf:about='#A130068'>
    <rdf:type rdf:resource='http://www.daml.org/2001/12/factbook/factbook-ont#CountryPercent'/>
    <NS0:country rdf:resource='http://www.daml.org/2001/09/countries/fips#US'/>
    <NS0:percent>17.9</NS0:percent>
  </rdf:Description>
  <rdf:Description rdf:about='#A106190'>
    <rdf:type rdf:resource='http://www.daml.org/2001/12/factbook/factbook-ont#AirportBreakdown'/>
    <NS0:paved>true</NS0:paved>
    <NS0:minRunway>914</NS0:minRunway>
    <NS0:maxRunway>1523</NS0:maxRunway>
    <NS0:count>7</NS0:count>
  </rdf:Description>
  <rdf:Description rdf:about='#A130063'>
    <rdf:type rdf:resource='http://www.daml.org/2001/12/factbook/factbook-ont#CountryPercent'/>
    <NS0:country rdf:resource='http://www.daml.org/2001/09/countries/fips#JA'/>
    <NS0:percent>27.5</NS0:percent>
  </rdf:Description>
  <rdf:Description rdf:about='#A106144'>
    <rdf:type rdf:resource='http://www.daml.org/2001/12/factbook/factbook-ont#Estimate'/>
    <NS0:year>1998</NS0:year>
  </rdf:Description>
  <rdf:Description rdf:about='#A105803'>
    <rdf:type rdf:resource='http://www.daml.org/2001/12/factbook/factbook-ont#LatLon'/>
    <NS0:latitude>23.5</NS0:latitude>
    <NS0:longitude>121.0</NS0:longitude>
  </rdf:Description>
  <rdf:Description rdf:about='#A106183'>
    <rdf:type rdf:resource='http://www.daml.org/2001/12/factbook/factbook-ont#AirportBreakdown'/>
    <NS0:paved>true</NS0:paved>
    <NS0:minRunway>1524</NS0:minRunway>
    <NS0:maxRunway>2437</NS0:maxRunway>
    <NS0:count>8</NS0:count>
  </rdf:Description>
  <rdf:Description rdf:about='#A130057'>
    <rdf:type rdf:resource='http://www.daml.org/2001/12/factbook/factbook-ont#CountryPercent'/>
    <NS0:country rdf:resource='http://www.daml.org/2001/09/countries/fips#JA'/>
    <NS0:percent>11.2</NS0:percent>
  </rdf:Description>
  <rdf:Description rdf:about='#A105858'>
    <rdf:type rdf:resource='http://www.daml.org/2001/12/factbook/factbook-ont#Estimate'/>
    <NS0:year>2001</NS0:year>
  </rdf:Description>
  <rdf:Description rdf:about='#A106066'>
    <NS0:year>1999</NS0:year>
  </rdf:Description>
  <rdf:Description rdf:about='#A130052'>
    <rdf:type rdf:resource='http://www.daml.org/2001/12/factbook/factbook-ont#CountryPercent'/>
    <NS0:country rdf:resource='http://www.daml.org/2001/09/countries/fips#HK'/>
    <NS0:percent>21.1</NS0:percent>
  </rdf:Description>
  <rdf:Description rdf:about='#A106223'>
    <rdf:type rdf:resource='http://www.daml.org/2001/12/factbook/factbook-ont#Estimate'/>
    <NS0:year>2001</NS0:year>
  </rdf:Description>
  <rdf:Description rdf:about='#A106176'>
    <rdf:type rdf:resource='http://www.daml.org/2001/12/factbook/factbook-ont#AirportBreakdown'/>
    <NS0:paved>true</NS0:paved>
    <NS0:minRunway>2438</NS0:minRunway>
    <NS0:maxRunway>3047</NS0:maxRunway>
    <NS0:count>9</NS0:count>
  </rdf:Description>
  <rdf:Description rdf:about='#A105983'>
    <rdf:type rdf:resource='http://www.daml.org/2001/12/factbook/factbook-ont#AdministrativeDivision'/>
    <NS0:name>the provincial capital is at Chung-hsing-hsin-ts&apos;un</NS0:name>
  </rdf:Description>
  <rdf:Description rdf:about='#A130047'>
    <rdf:type rdf:resource='http://www.daml.org/2001/12/factbook/factbook-ont#CountryPercent'/>
    <NS0:country rdf:resource='http://www.daml.org/2001/09/countries/fips#US'/>
    <NS0:percent>23.5</NS0:percent>
  </rdf:Description>
  <rdf:Description rdf:about='#A105979'>
    <rdf:type rdf:resource='http://www.daml.org/2001/12/factbook/factbook-ont#AdministrativeDivision'/>
    <NS0:name>and 2 special municipalities</NS0:name>
  </rdf:Description>
  <rdf:Description rdf:about='#A106170'>
    <rdf:type rdf:resource='http://www.daml.org/2001/12/factbook/factbook-ont#AirportBreakdown'/>
    <NS0:paved>true</NS0:paved>
    <NS0:minRunway>3048</NS0:minRunway>
    <NS0:count>8</NS0:count>
  </rdf:Description>
  <rdf:Description rdf:about='#A106130'>
    <NS0:year>1994</NS0:year>
  </rdf:Description>
  <rdf:Description rdf:about='#A105975'>
    <rdf:type rdf:resource='http://www.daml.org/2001/12/factbook/factbook-ont#AdministrativeDivision'/>
    <NS0:name>5 municipalities</NS0:name>
  </rdf:Description>
  <rdf:Description rdf:about='#A105958'>
    <rdf:type rdf:resource='http://www.daml.org/2001/12/factbook/factbook-ont#Estimate'/>
    <NS0:year>1980</NS0:year>
  </rdf:Description>
  <rdf:Description rdf:about='#A106125'>
    <NS0:note>September 2000</NS0:note>
  </rdf:Description>
  <rdf:Description rdf:about='#A106163'>
    <rdf:type rdf:resource='http://www.daml.org/2001/12/factbook/factbook-ont#Port'/>
    <NS0:name>T&apos;ai-chung</NS0:name>
  </rdf:Description>
  <rdf:Description rdf:about='#A105971'>
    <rdf:type rdf:resource='http://www.daml.org/2001/12/factbook/factbook-ont#AdministrativeDivision'/>
    <NS0:name>note - the more commonly referenced administrative divisions are those of Taiwan Province - 16 counties</NS0:name>
  </rdf:Description>
  <rdf:Description rdf:about='#A106159'>
    <rdf:type rdf:resource='http://www.daml.org/2001/12/factbook/factbook-ont#Port'/>
    <NS0:name>Su-ao</NS0:name>
  </rdf:Description>
  <rdf:Description rdf:about='#A105967'>
    <rdf:type rdf:resource='http://www.daml.org/2001/12/factbook/factbook-ont#CapitalCity'/>
    <NS0:name>Taipei</NS0:name>
  </rdf:Description>
  <rdf:Description rdf:about='#A105849'>
    <rdf:type rdf:resource='http://www.daml.org/2001/12/factbook/factbook-ont#Estimate'/>
    <NS0:year>2001</NS0:year>
  </rdf:Description>
  <rdf:Description rdf:about='#A106155'>
    <rdf:type rdf:resource='http://www.daml.org/2001/12/factbook/factbook-ont#Port'/>
    <NS0:name>Kao-hsiung</NS0:name>
  </rdf:Description>
  <rdf:Description rdf:about='#A106220'>
    <rdf:type rdf:resource='http://www.daml.org/2001/12/factbook/factbook-ont#Estimate'/>
    <NS0:year>2001</NS0:year>
  </rdf:Description>
  <rdf:Description rdf:about='#A106151'>
    <rdf:type rdf:resource='http://www.daml.org/2001/12/factbook/factbook-ont#Port'/>
    <NS0:name>Hua-lien</NS0:name>
  </rdf:Description>
  <rdf:Description rdf:about='#A106041'>
    <rdf:type rdf:resource='http://www.daml.org/2001/12/factbook/factbook-ont#Estimate'/>
    <NS0:year>2000</NS0:year>
  </rdf:Description>
  <rdf:Description rdf:about='#A106167'>
    <rdf:type rdf:resource='http://www.daml.org/2001/12/factbook/factbook-ont#Estimate'/>
    <NS0:year>2000</NS0:year>
  </rdf:Description>
  <rdf:Description rdf:about='#A106147'>
    <rdf:type rdf:resource='http://www.daml.org/2001/12/factbook/factbook-ont#Port'/>
    <NS0:name>Chi-lung</NS0:name>
  </rdf:Description>
  <rdf:Description rdf:about='#A106021'>
    <rdf:type rdf:resource='http://www.daml.org/2001/12/factbook/factbook-ont#Estimate'/>
    <NS0:year>2000</NS0:year>
  </rdf:Description>
  <rdf:Description rdf:about='#A105890'>
    <rdf:type rdf:resource='http://www.daml.org/2001/12/factbook/factbook-ont#Estimate'/>
    <NS0:year>2001</NS0:year>
  </rdf:Description>
  <rdf:Description rdf:about='#A106001'>
    <rdf:type rdf:resource='http://www.daml.org/2001/12/factbook/factbook-ont#Estimate'/>
    <NS0:year>2000</NS0:year>
  </rdf:Description>
  <rdf:Description rdf:about='#A105947'>
    <rdf:type rdf:resource='http://www.daml.org/2001/12/factbook/factbook-ont#LanguagePercent'/>
    <NS0:language rdf:resource='http://www.daml.org/2001/12/factbook/languages#Hakka_dialects'/>
  </rdf:Description>
  <rdf:Description rdf:about='#A105846'>
    <rdf:type rdf:resource='http://www.daml.org/2001/12/factbook/factbook-ont#Estimate'/>
    <NS0:note>July 2001</NS0:note>
  </rdf:Description>
  <rdf:Description rdf:about='#A105942'>
    <rdf:type rdf:resource='http://www.daml.org/2001/12/factbook/factbook-ont#LanguagePercent'/>
    <NS0:language rdf:resource='http://www.daml.org/2001/12/factbook/languages#Taiwanese'/>
  </rdf:Description>
  <rdf:Description rdf:about='#A105937'>
    <rdf:type rdf:resource='http://www.daml.org/2001/12/factbook/factbook-ont#LanguagePercent'/>
    <NS0:language rdf:resource='http://www.daml.org/2001/12/factbook/languages#Mandarin_Chinese'/>
  </rdf:Description>
  <rdf:Description rdf:about='#A105932'>
    <rdf:type rdf:resource='http://www.daml.org/2001/12/factbook/factbook-ont#ReligionPercent'/>
    <NS0:religion rdf:resource='http://www.daml.org/2001/12/factbook/religions#other'/>
    <NS0:percent>2.5</NS0:percent>
  </rdf:Description>
  <rdf:Description rdf:about='#A105927'>
    <rdf:type rdf:resource='http://www.daml.org/2001/12/factbook/factbook-ont#ReligionPercent'/>
    <NS0:religion rdf:resource='http://www.daml.org/2001/12/factbook/religions#Christian'/>
    <NS0:percent>4.5</NS0:percent>
  </rdf:Description>
  <rdf:Description rdf:about='#A106226'>
    <rdf:type rdf:resource='http://www.daml.org/2001/12/factbook/factbook-ont#Estimate'/>
    <NS0:year>2001</NS0:year>
  </rdf:Description>
  <rdf:Description rdf:about='#A106114'>
    <rdf:type rdf:resource='http://www.daml.org/2001/12/factbook/factbook-ont#CommodityPercent'/>
    <NS0:importsCommodity rdf:resource='http://www.daml.org/2001/12/factbook/commodities#precision_instruments'/>
  </rdf:Description>
  <rdf:Description rdf:about='#A105922'>
    <rdf:type rdf:resource='http://www.daml.org/2001/12/factbook/factbook-ont#ReligionPercent'/>
    <NS0:religion rdf:resource='http://www.daml.org/2001/12/factbook/religions#Taoist'/>
    <NS0:percent>93</NS0:percent>
  </rdf:Description>
  <rdf:Description rdf:about='#A106123'>
    <NS0:note>September 2000</NS0:note>
  </rdf:Description>
  <rdf:Description rdf:about='#A106110'>
    <rdf:type rdf:resource='http://www.daml.org/2001/12/factbook/factbook-ont#CommodityPercent'/>
    <NS0:importsCommodity rdf:resource='http://www.daml.org/2001/12/factbook/commodities#minerals'/>
  </rdf:Description>
  <rdf:Description rdf:about='#A105918'>
    <rdf:type rdf:resource='http://www.daml.org/2001/12/factbook/factbook-ont#ReligionPercent'/>
    <NS0:religion rdf:resource='http://www.daml.org/2001/12/factbook/religions#Confucian'/>
  </rdf:Description>
  <rdf:Description rdf:about='http://www.daml.org/2001/09/countries/fips#TW'>
    <NS0:background>In 1895, military defeat forced China to cede Taiwan to Japan, however it reverted to Chinese control after World War II. Following the communist victory on the mainland in 1949, 2 million Nationalists fled to Taiwan and established a government using the 1947 constitution drawn up for all of China. Over the next five decades, the ruling authorities gradually democratized and incorporated the native population within its governing structure. Throughout this period, the island has prospered to become one of East Asia&apos;s economic &quot;Tigers.&quot; The dominant political issue continues to be the relationship between Taiwan and China and the question of eventual reunification.</NS0:background>
    <NS0:location>Eastern Asia, islands bordering the East China Sea, Philippine Sea, South China Sea, and Taiwan Strait, north of the Philippines, off the southeastern coast of China</NS0:location>
    <NS0:geographicCoordinates rdf:resource='#A105803'/>
    <NS0:mapReferences>Southeast Asia</NS0:mapReferences>
    <NS0:totalArea>35980</NS0:totalArea>
    <NS0:landArea>32260</NS0:landArea>
    <NS0:waterArea>3720</NS0:waterArea>
    <NS0:comparativeArea>slightly smaller than Maryland and Delaware combined</NS0:comparativeArea>
    <NS0:coastline>1566.3</NS0:coastline>
    <NS0:exclusiveEconomicZone>200</NS0:exclusiveEconomicZone>
    <NS0:territorialSea>12</NS0:territorialSea>
    <NS0:climate>tropical; marine; rainy season during southwest monsoon (June to August); cloudiness is persistent and extensive all year</NS0:climate>
    <NS0:terrain>eastern two-thirds mostly rugged mountains; flat to gently rolling plains in west</NS0:terrain>
    <NS0:lowestPoint rdf:resource='#A105818'/>
    <NS0:highestPoint rdf:resource='#A105823'/>
    <NS0:naturalResource rdf:resource='http://www.daml.org/2001/12/factbook/naturalResources#small_deposits_of_coal'/>
    <NS0:naturalResource rdf:resource='http://www.daml.org/2001/12/factbook/naturalResources#natural_gas'/>
    <NS0:naturalResource rdf:resource='http://www.daml.org/2001/12/factbook/naturalResources#limestone'/>
    <NS0:naturalResource rdf:resource='http://www.daml.org/2001/12/factbook/naturalResources#marble'/>
    <NS0:naturalResource rdf:resource='http://www.daml.org/2001/12/factbook/naturalResources#and_asbestos'/>
    <NS0:arableLand>24</NS0:arableLand>
    <NS0:permanentCrops>1</NS0:permanentCrops>
    <NS0:permanentPastures>5</NS0:permanentPastures>
    <NS0:forestsAndWoodland>55</NS0:forestsAndWoodland>
    <NS0:otherLandUse>15</NS0:otherLandUse>
    <NS0:naturalHazard>earthquakes and typhoons</NS0:naturalHazard>
    <NS0:environmentalIssue>air pollution</NS0:environmentalIssue>
    <NS0:environmentalIssue>water pollution from industrial emissions, raw sewage</NS0:environmentalIssue>
    <NS0:environmentalIssue>contamination of drinking water supplies</NS0:environmentalIssue>
    <NS0:environmentalIssue>trade in endangered species</NS0:environmentalIssue>
    <NS0:environmentalIssue>low-level radioactive waste disposal</NS0:environmentalIssue>
    <NS0:environmentalAgreementPartyTo rdf:resource='http://www.daml.org/2001/12/factbook/environmentalAgreements#none_of_the_selected_agreements'/>
    <NS0:environmentalAgreementSigned rdf:resource='http://www.daml.org/2001/12/factbook/environmentalAgreements#none_of_the_selected_agreements'/>
    <NS0:population rdf:ID='A105846'>22370461</NS0:population>
    <NS0:populationGrowthRate rdf:ID='A105849'>0.8</NS0:populationGrowthRate>
    <NS0:birthRate rdf:ID='A105852'>14.31</NS0:birthRate>
    <NS0:deathRate rdf:ID='A105855'>6</NS0:deathRate>
    <NS0:netMigrationRate rdf:ID='A105858'>-0.34</NS0:netMigrationRate>
    <NS0:sexRatio rdf:resource='#A105861'/>
    <NS0:sexRatio rdf:resource='#A105867'/>
    <NS0:sexRatio rdf:resource='#A105873'/>
    <NS0:sexRatio rdf:resource='#A105879'/>
    <NS0:sexRatio rdf:ID='A105887' rdf:resource='#A105884'/>
    <NS0:infantMortalityRate rdf:ID='A105890'>6.93</NS0:infantMortalityRate>
    <NS0:totalFertilityRate rdf:ID='A105893'>1.76</NS0:totalFertilityRate>
    <NS0:nationalityNoun>Chinese (singular and plural)</NS0:nationalityNoun>
    <NS0:nationalityAdjective>Chinese</NS0:nationalityAdjective>
    <NS0:ethnicGroup rdf:ID='A105902' rdf:resource='#A105898'/>
    <NS0:ethnicGroup rdf:resource='#A105904'/>
    <NS0:ethnicGroup rdf:resource='#A105909'/>
    <NS0:religion rdf:resource='#A105914'/>
    <NS0:religion rdf:resource='#A105918'/>
    <NS0:religion rdf:resource='#A105922'/>
    <NS0:religion rdf:resource='#A105927'/>
    <NS0:religion rdf:resource='#A105932'/>
    <NS0:language rdf:ID='A105940' rdf:resource='#A105937'/>
    <NS0:language rdf:ID='A105945' rdf:resource='#A105942'/>
    <NS0:language rdf:resource='#A105947'/>
    <NS0:literacyDefinition>age 15 and over can read and write</NS0:literacyDefinition>
    <NS0:literacyTotal rdf:ID='A105952'>86% (1980 est.); note - literacy for the total population has reportedly increased to 94</NS0:literacyTotal>
    <NS0:literacyMale rdf:ID='A105955'>93</NS0:literacyMale>
    <NS0:literacyFemale rdf:ID='A105958'>79</NS0:literacyFemale>
    <NS0:conventionalLongCountryName>none</NS0:conventionalLongCountryName>
    <NS0:conventionalShortCountryName>Taiwan</NS0:conventionalShortCountryName>
    <NS0:localLongCountryName>none</NS0:localLongCountryName>
    <NS0:localShortCountryName>T&apos;ai-wan</NS0:localShortCountryName>
    <NS0:formerCountryName>Formosa</NS0:formerCountryName>
    <NS0:governmentType rdf:resource='http://www.daml.org/2001/12/factbook/governmentTypes#multiparty_democratic_regime_headed_by_popularly_elected_president'/>
    <NS0:capital rdf:resource='#A105967'/>
    <NS0:administrativeDivision rdf:resource='#A105971'/>
    <NS0:administrativeDivision rdf:resource='#A105975'/>
    <NS0:administrativeDivision rdf:resource='#A105979'/>
    <NS0:administrativeDivision rdf:resource='#A105983'/>
    <NS0:constitution>1 January 1947, amended in 1992, 1994, 1997, and 1999</NS0:constitution>
    <NS0:legalSystem>based on civil law system; accepts compulsory ICJ jurisdiction, with reservations</NS0:legalSystem>
    <NS0:suffrage>20 years of age; universal</NS0:suffrage>
    <NS0:participatesIn rdf:resource='http://www.daml.org/2001/12/factbook/internationalOrganizations#APEC'/>
    <NS0:participatesIn rdf:resource='http://www.daml.org/2001/12/factbook/internationalOrganizations#AsDB'/>
    <NS0:participatesIn rdf:resource='http://www.daml.org/2001/12/factbook/internationalOrganizations#BCIE'/>
    <NS0:participatesIn rdf:resource='http://www.daml.org/2001/12/factbook/internationalOrganizations#ICC'/>
    <NS0:participatesIn rdf:resource='http://www.daml.org/2001/12/factbook/internationalOrganizations#ICFTU'/>
    <NS0:participatesIn rdf:resource='http://www.daml.org/2001/12/factbook/internationalOrganizations#IFRCS'/>
    <NS0:participatesIn rdf:resource='http://www.daml.org/2001/12/factbook/internationalOrganizations#IOC'/>
    <NS0:participatesIn rdf:resource='http://www.daml.org/2001/12/factbook/internationalOrganizations#WCL'/>
    <NS0:participatesIn rdf:resource='http://www.daml.org/2001/12/factbook/internationalOrganizations#WTrO'/>
    <NS0:flagDescription>red with a dark blue rectangle in the upper hoist-side corner bearing a white sun with 12 triangular rays</NS0:flagDescription>
    <NS0:economyOverview>Taiwan has a dynamic capitalist economy with gradually decreasing guidance of investment and foreign trade by government authorities. In keeping with this trend, some large government-owned banks and industrial firms are being privatized. Real growth in GDP has averaged about 8% during the past three decades. Exports have grown even faster and have provided the primary impetus for industrialization. Inflation and unemployment are low; the trade surplus is substantial; and foreign reserves are the world&apos;s fourth largest. Agriculture contributes 3% to GDP, down from 35% in 1952. Traditional labor-intensive industries are steadily being moved offshore and replaced with more capital- and technology-intensive industries. Taiwan has become a major investor in China, Thailand, Indonesia, the Philippines, Malaysia, and Vietnam. The tightening of labor markets has led to an influx of foreign workers, both legal and illegal. Because of its conservative financial approach and its entrepreneurial strengths, Taiwan suffered little compared with many of its neighbors from the Asian financial crisis in 1998-99. Growth in 2001 will depend largely on conditions in Taiwan&apos;s export markets and may be about 5%.</NS0:economyOverview>
    <NS0:grossDomesticProduct rdf:ID='A106001'>386000000000</NS0:grossDomesticProduct>
    <NS0:grossDomesticProductRealGrowth rdf:ID='A106004'>6.3</NS0:grossDomesticProductRealGrowth>
    <NS0:grossDomesticProductPerCapita rdf:ID='A106007'>17400</NS0:grossDomesticProductPerCapita>
    <NS0:grossDomesticProductAgriculture>3</NS0:grossDomesticProductAgriculture>
    <NS0:grossDomesticProductIndustry>33</NS0:grossDomesticProductIndustry>
    <NS0:grossDomesticProductServices rdf:ID='A106012'>64</NS0:grossDomesticProductServices>
    <NS0:populationBelowPovertyLine rdf:ID='A106015'>1</NS0:populationBelowPovertyLine>
    <NS0:inflationRate rdf:ID='A106018'>1.3</NS0:inflationRate>
    <NS0:laborForce rdf:ID='A106021'>9800000</NS0:laborForce>
    <NS0:occupation rdf:resource='#A106024'/>
    <NS0:occupation rdf:resource='#A106029'/>
    <NS0:occupation rdf:ID='A106038' rdf:resource='#A106034'/>
    <NS0:unemploymentRate rdf:ID='A106041'>3</NS0:unemploymentRate>
    <NS0:budgetRevenues>42740000000</NS0:budgetRevenues>
    <NS0:budgetExpenditures>48800000000</NS0:budgetExpenditures>
    <NS0:industry rdf:resource='http://www.daml.org/2001/12/factbook/industries#electronics'/>
    <NS0:industry rdf:resource='http://www.daml.org/2001/12/factbook/industries#petroleum_refining'/>
    <NS0:industry rdf:resource='http://www.daml.org/2001/12/factbook/industries#chemicals'/>
    <NS0:industry rdf:resource='http://www.daml.org/2001/12/factbook/industries#textiles'/>
    <NS0:industry rdf:resource='http://www.daml.org/2001/12/factbook/industries#iron_and_steel'/>
    <NS0:industry rdf:resource='http://www.daml.org/2001/12/factbook/industries#machinery'/>
    <NS0:industry rdf:resource='http://www.daml.org/2001/12/factbook/industries#cement'/>
    <NS0:industry rdf:resource='http://www.daml.org/2001/12/factbook/industries#food_processing'/>
    <NS0:industrialProductionGrowthRate rdf:ID='A106054'>8</NS0:industrialProductionGrowthRate>
    <NS0:electricityProduction rdf:ID='A106057'>139676000000</NS0:electricityProduction>
    <NS0:electricityProductionFossilFuel>67.26</NS0:electricityProductionFossilFuel>
    <NS0:electricityProductionHydro>6.32</NS0:electricityProductionHydro>
    <NS0:electricityProductionNuclear>26.42</NS0:electricityProductionNuclear>
    <NS0:electricityProductionOther rdf:ID='A106062'>0</NS0:electricityProductionOther>
    <NS0:electricityConsumption rdf:ID='A106064'>129899000000</NS0:electricityConsumption>
    <NS0:electricityExports rdf:ID='A106066'>0</NS0:electricityExports>
    <NS0:electricityImports rdf:ID='A106068'>0</NS0:electricityImports>
    <NS0:agricultureProduct rdf:resource='http://www.daml.org/2001/12/factbook/agricultureProducts#rice'/>
    <NS0:agricultureProduct rdf:resource='http://www.daml.org/2001/12/factbook/agricultureProducts#corn'/>
    <NS0:agricultureProduct rdf:resource='http://www.daml.org/2001/12/factbook/agricultureProducts#vegetables'/>
    <NS0:agricultureProduct rdf:resource='http://www.daml.org/2001/12/factbook/agricultureProducts#fruit'/>
    <NS0:agricultureProduct rdf:resource='http://www.daml.org/2001/12/factbook/agricultureProducts#tea'/>
    <NS0:agricultureProduct rdf:resource='http://www.daml.org/2001/12/factbook/agricultureProducts#pigs'/>
    <NS0:agricultureProduct rdf:resource='http://www.daml.org/2001/12/factbook/agricultureProducts#poultry'/>
    <NS0:agricultureProduct rdf:resource='http://www.daml.org/2001/12/factbook/agricultureProducts#beef'/>
    <NS0:agricultureProduct rdf:resource='http://www.daml.org/2001/12/factbook/agricultureProducts#milk'/>
    <NS0:agricultureProduct rdf:resource='http://www.daml.org/2001/12/factbook/agricultureProducts#fish'/>
    <NS0:exports rdf:ID='A106080'>148380000000</NS0:exports>
    <NS0:exportsCommodity rdf:resource='#A106082'/>
    <NS0:exportsCommodity rdf:resource='#A106087'/>
    <NS0:exportsCommodity rdf:resource='#A106091'/>
    <NS0:exportsCommodity rdf:resource='#A106095'/>
    <NS0:exportsCommodity rdf:resource='#A106099'/>
    <NS0:imports rdf:ID='A106103'>140010000000</NS0:imports>
    <NS0:importsCommodity rdf:resource='#A106105'/>
    <NS0:importsCommodity rdf:resource='#A106110'/>
    <NS0:importsCommodity rdf:resource='#A106114'/>
    <NS0:externalDebt rdf:ID='A106118'>40000000000</NS0:externalDebt>
    <NS0:currency>new Taiwan dollar (TWD)</NS0:currency>
    <NS0:currencyCode>TWD</NS0:currencyCode>
    <NS0:fiscalYear>1 July - 30 June (up to FY98/99); 1 July 1999 - 31 December 2000 for FY00; calendar year (after FY00)</NS0:fiscalYear>
    <NS0:mainTelephoneLines rdf:ID='A106123'>12490000</NS0:mainTelephoneLines>
    <NS0:mobileTelephoneLines rdf:ID='A106125'>16000000</NS0:mobileTelephoneLines>
    <NS0:telephoneSystemGeneralAssessment>provides telecommunications service for every business and private need</NS0:telephoneSystemGeneralAssessment>
    <NS0:telephoneSystemDomestic>thoroughly modern; completely digitalized</NS0:telephoneSystemDomestic>
    <NS0:telephoneSystemInternational>satellite earth stations - 2 Intelsat (1 Pacific Ocean and 1 Indian Ocean); submarine cables to Japan (Okinawa), Philippines, Guam, Singapore, Hong Kong, Indonesia, Australia, Middle East, and Western Europe (1999)</NS0:telephoneSystemInternational>
    <NS0:radios rdf:ID='A106130'>16000000</NS0:radios>
    <NS0:televisions rdf:ID='A106132'>8800000</NS0:televisions>
    <NS0:internetCountryCode>.tw</NS0:internetCountryCode>
    <NS0:internetServiceProviders rdf:ID='A106135'>8</NS0:internetServiceProviders>
    <NS0:internetUsers rdf:ID='A106137'>6400000</NS0:internetUsers>
    <NS0:railwaysTotal rdf:ID='A106139'>4600</NS0:railwaysTotal>
    <NS0:highwaysTotal>34901</NS0:highwaysTotal>
    <NS0:highwaysPaved rdf:ID='A106142'>31271</NS0:highwaysPaved>
    <NS0:highwaysUnpaved rdf:ID='A106144'>3630</NS0:highwaysUnpaved>
    <NS0:port rdf:resource='#A106147'/>
    <NS0:port rdf:resource='#A106151'/>
    <NS0:port rdf:resource='#A106155'/>
    <NS0:port rdf:resource='#A106159'/>
    <NS0:port rdf:resource='#A106163'/>
    <NS0:airports rdf:ID='A106167'>39</NS0:airports>
    <NS0:airportBreakdown rdf:resource='#A106170'/>
    <NS0:airportBreakdown rdf:resource='#A106176'/>
    <NS0:airportBreakdown rdf:resource='#A106183'/>
    <NS0:airportBreakdown rdf:resource='#A106190'/>
    <NS0:airportBreakdown rdf:resource='#A106197'/>
    <NS0:airportBreakdown rdf:resource='#A106203'/>
    <NS0:airportBreakdown rdf:resource='#A106210'/>
    <NS0:heliports rdf:ID='A106216'>3</NS0:heliports>
    <NS0:militaryAge>19</NS0:militaryAge>
    <NS0:malesOfMilitaryAge rdf:ID='A106220'>6575689</NS0:malesOfMilitaryAge>
    <NS0:malesFitForMilitaryService rdf:ID='A106223'>5025856</NS0:malesFitForMilitaryService>
    <NS0:malesReachingMilitaryAgeAnnually rdf:ID='A106226'>198766</NS0:malesReachingMilitaryAgeAnnually>
    <NS0:militaryExpenditures rdf:ID='A106229'>8042000000</NS0:militaryExpenditures>
    <NS0:militaryExpendituresPercentGDP rdf:ID='A106231'>2.8</NS0:militaryExpendituresPercentGDP>
    <NS0:internationalDispute>involved in complex dispute over the Spratly Islands with China, Malaysia, Philippines, Vietnam, and possibly Brunei</NS0:internationalDispute>
    <NS0:internationalDispute>Paracel Islands occupied by China, but claimed by Vietnam and Taiwan</NS0:internationalDispute>
    <NS0:internationalDispute>claims Japanese-administered Senkaku-shoto , as does China</NS0:internationalDispute>
    <NS0:illicitDrugs>transit point for heroin and methamphetamine</NS0:illicitDrugs>
    <NS0:illicitDrugs>major problem with domestic consumption of methamphetamine and heroin</NS0:illicitDrugs>
    <NS0:smallFlag>http://www.cia.gov/cia/publications/factbook/flags/tw-flag.jpg</NS0:smallFlag>
    <NS0:largeFlag>http://www.cia.gov/cia/publications/factbook/flags/tw-lgflag.jpg</NS0:largeFlag>
    <NS0:map>http://www.cia.gov/cia/publications/factbook/maps/tw-map.jpg</NS0:map>
    <NS0:exportPartner rdf:resource='#A130047'/>
    <NS0:exportPartner rdf:resource='#A130052'/>
    <NS0:exportPartner rdf:ID='A130061' rdf:resource='#A130057'/>
    <NS0:importPartner rdf:resource='#A130063'/>
    <NS0:importPartner rdf:resource='#A130068'/>
  </rdf:Description>
  <rdf:Description rdf:about='#A106216'>
    <rdf:type rdf:resource='http://www.daml.org/2001/12/factbook/factbook-ont#Estimate'/>
    <NS0:year>2000</NS0:year>
  </rdf:Description>
  <rdf:Description rdf:about='#A106068'>
    <NS0:year>1999</NS0:year>
  </rdf:Description>
  <rdf:Description rdf:about='#A105914'>
    <rdf:type rdf:resource='http://www.daml.org/2001/12/factbook/factbook-ont#ReligionPercent'/>
    <NS0:religion rdf:resource='http://www.daml.org/2001/12/factbook/religions#mixture_of_Buddhist'/>
  </rdf:Description>
  <rdf:Description rdf:about='#A106105'>
    <rdf:type rdf:resource='http://www.daml.org/2001/12/factbook/factbook-ont#CommodityPercent'/>
    <NS0:importsCommodity rdf:resource='http://www.daml.org/2001/12/factbook/commodities#machinery_and_electrical_equipment'/>
    <NS0:percent>51</NS0:percent>
  </rdf:Description>
  <rdf:Description rdf:about='#A106062'>
    <NS0:year>1999</NS0:year>
  </rdf:Description>
  <rdf:Description rdf:about='#A105909'>
    <rdf:type rdf:resource='http://www.daml.org/2001/12/factbook/factbook-ont#EthnicGroupPercent'/>
    <NS0:ethnicGroup rdf:resource='http://www.daml.org/2001/12/factbook/ethnicGroups#aborigine'/>
    <NS0:percent>2</NS0:percent>
  </rdf:Description>
  <rdf:Description rdf:about='#A106099'>
    <rdf:type rdf:resource='http://www.daml.org/2001/12/factbook/factbook-ont#CommodityPercent'/>
    <NS0:exportsCommodity rdf:resource='http://www.daml.org/2001/12/factbook/commodities#chemicals'/>
  </rdf:Description>
  <rdf:Description rdf:about='#A106057'>
    <NS0:year>1999</NS0:year>
  </rdf:Description>
  <rdf:Description rdf:about='#A105904'>
    <rdf:type rdf:resource='http://www.daml.org/2001/12/factbook/factbook-ont#EthnicGroupPercent'/>
    <NS0:ethnicGroup rdf:resource='http://www.daml.org/2001/12/factbook/ethnicGroups#mainland_Chinese'/>
    <NS0:percent>14</NS0:percent>
  </rdf:Description>
  <rdf:Description rdf:about='#A106095'>
    <rdf:type rdf:resource='http://www.daml.org/2001/12/factbook/factbook-ont#CommodityPercent'/>
    <NS0:exportsCommodity rdf:resource='http://www.daml.org/2001/12/factbook/commodities#plastics'/>
  </rdf:Description>
  <rdf:Description rdf:about='#A106054'>
    <rdf:type rdf:resource='http://www.daml.org/2001/12/factbook/factbook-ont#Estimate'/>
    <NS0:year>2000</NS0:year>
  </rdf:Description>
  <rdf:Description rdf:about='#A106091'>
    <rdf:type rdf:resource='http://www.daml.org/2001/12/factbook/factbook-ont#CommodityPercent'/>
    <NS0:exportsCommodity rdf:resource='http://www.daml.org/2001/12/factbook/commodities#textiles'/>
  </rdf:Description>
  <rdf:Description rdf:about='#A105898'>
    <rdf:type rdf:resource='http://www.daml.org/2001/12/factbook/factbook-ont#EthnicGroupPercent'/>
    <NS0:ethnicGroup rdf:resource='http://www.daml.org/2001/12/factbook/ethnicGroups#Taiwanese'/>
    <NS0:percent>84</NS0:percent>
  </rdf:Description>
  <rdf:Description rdf:about='#A105940'>
    <NS0:note>official</NS0:note>
  </rdf:Description>
  <rdf:Description rdf:about='#A106087'>
    <rdf:type rdf:resource='http://www.daml.org/2001/12/factbook/factbook-ont#CommodityPercent'/>
    <NS0:exportsCommodity rdf:resource='http://www.daml.org/2001/12/factbook/commodities#metals'/>
  </rdf:Description>
  <rdf:Description rdf:about='#A105945'>
    <NS0:note>Min</NS0:note>
  </rdf:Description>
  <rdf:Description rdf:about='#A106018'>
    <rdf:type rdf:resource='http://www.daml.org/2001/12/factbook/factbook-ont#Estimate'/>
    <NS0:year>2000</NS0:year>
  </rdf:Description>
  <rdf:Description rdf:about='#A106082'>
    <rdf:type rdf:resource='http://www.daml.org/2001/12/factbook/factbook-ont#CommodityPercent'/>
    <NS0:exportsCommodity rdf:resource='http://www.daml.org/2001/12/factbook/commodities#machinery_and_electrical_equipment'/>
    <NS0:percent>51</NS0:percent>
  </rdf:Description>
  <rdf:Description rdf:about='#A105884'>
    <rdf:type rdf:resource='http://www.daml.org/2001/12/factbook/factbook-ont#SexRatioBreakdown'/>
    <NS0:ratio>1.05</NS0:ratio>
  </rdf:Description>
  <rdf:Description rdf:about='#A106015'>
    <rdf:type rdf:resource='http://www.daml.org/2001/12/factbook/factbook-ont#Estimate'/>
    <NS0:year>1999</NS0:year>
  </rdf:Description>
  <rdf:Description rdf:about='#A105879'>
    <rdf:type rdf:resource='http://www.daml.org/2001/12/factbook/factbook-ont#SexRatioBreakdown'/>
    <NS0:minAge>65</NS0:minAge>
    <NS0:ratio>1.1</NS0:ratio>
  </rdf:Description>
  <rdf:Description rdf:about='#A105893'>
    <rdf:type rdf:resource='http://www.daml.org/2001/12/factbook/factbook-ont#Estimate'/>
    <NS0:year>2001</NS0:year>
  </rdf:Description>
  <rdf:Description rdf:about='#A105852'>
    <rdf:type rdf:resource='http://www.daml.org/2001/12/factbook/factbook-ont#Estimate'/>
    <NS0:year>2001</NS0:year>
  </rdf:Description>
  <rdf:Description rdf:about='#A105873'>
    <rdf:type rdf:resource='http://www.daml.org/2001/12/factbook/factbook-ont#SexRatioBreakdown'/>
    <NS0:minAge>15</NS0:minAge>
    <NS0:maxAge>64</NS0:maxAge>
    <NS0:ratio>1.03</NS0:ratio>
  </rdf:Description>
  <rdf:Description rdf:about='#A130061'>
    <NS0:note>2000</NS0:note>
  </rdf:Description>
  <rdf:Description rdf:about='#A106118'>
    <NS0:year>2000</NS0:year>
  </rdf:Description>
  <rdf:Description rdf:about='#A106229'>
    <NS0:note>FY98/99</NS0:note>
  </rdf:Description>
  <rdf:Description rdf:about='#A105867'>
    <rdf:type rdf:resource='http://www.daml.org/2001/12/factbook/factbook-ont#SexRatioBreakdown'/>
    <NS0:minAge>0</NS0:minAge>
    <NS0:maxAge>14</NS0:maxAge>
    <NS0:ratio>1.09</NS0:ratio>
  </rdf:Description>
  <rdf:Description rdf:about='#A106142'>
    <NS0:note>including 538 km of expressways</NS0:note>
  </rdf:Description>
  <rdf:Description rdf:about='#A106137'>
    <NS0:year>2000</NS0:year>
  </rdf:Description>
  <rdf:Description rdf:about='#A105952'>
    <rdf:type rdf:resource='http://www.daml.org/2001/12/factbook/factbook-ont#Estimate'/>
    <NS0:year>1998</NS0:year>
  </rdf:Description>
  <rdf:Description rdf:about='#A106231'>
    <NS0:note>FY98/99</NS0:note>
  </rdf:Description>
  <rdf:Description rdf:about='#A105861'>
    <rdf:type rdf:resource='http://www.daml.org/2001/12/factbook/factbook-ont#SexRatioBreakdown'/>
    <NS0:minAge>0</NS0:minAge>
    <NS0:maxAge>0</NS0:maxAge>
    <NS0:ratio>1.09</NS0:ratio>
  </rdf:Description>
  <rdf:Description rdf:about='#A106007'>
    <rdf:type rdf:resource='http://www.daml.org/2001/12/factbook/factbook-ont#Estimate'/>
    <NS0:year>2000</NS0:year>
  </rdf:Description>
  <rdf:Description rdf:about='#A106132'>
    <NS0:year>1998</NS0:year>
  </rdf:Description>
  <rdf:Description rdf:about='#A106004'>
    <rdf:type rdf:resource='http://www.daml.org/2001/12/factbook/factbook-ont#Estimate'/>
    <NS0:year>2000</NS0:year>
  </rdf:Description>
  <rdf:Description rdf:about='#A105955'>
    <rdf:type rdf:resource='http://www.daml.org/2001/12/factbook/factbook-ont#Estimate'/>
    <NS0:year>1980</NS0:year>
  </rdf:Description>
  <rdf:Description rdf:about='#A106034'>
    <rdf:type rdf:resource='http://www.daml.org/2001/12/factbook/factbook-ont#OccupationPercent'/>
    <NS0:occupation rdf:resource='http://www.daml.org/2001/12/factbook/occupations#agriculture'/>
    <NS0:percent>8</NS0:percent>
  </rdf:Description>
  <rdf:Description rdf:about='#A106029'>
    <rdf:type rdf:resource='http://www.daml.org/2001/12/factbook/factbook-ont#OccupationPercent'/>
    <NS0:occupation rdf:resource='http://www.daml.org/2001/12/factbook/occupations#industry'/>
    <NS0:percent>37</NS0:percent>
  </rdf:Description>
  <rdf:Description rdf:about='#A106064'>
    <NS0:year>1999</NS0:year>
  </rdf:Description>
  <rdf:Description rdf:about='#A106024'>
    <rdf:type rdf:resource='http://www.daml.org/2001/12/factbook/factbook-ont#OccupationPercent'/>
    <NS0:occupation rdf:resource='http://www.daml.org/2001/12/factbook/occupations#services'/>
    <NS0:percent>55</NS0:percent>
  </rdf:Description>
  <rdf:Description rdf:about='#A106210'>
    <rdf:type rdf:resource='http://www.daml.org/2001/12/factbook/factbook-ont#AirportBreakdown'/>
    <NS0:paved>false</NS0:paved>
    <NS0:maxRunway>913</NS0:maxRunway>
    <NS0:count>3 (2000 est.)</NS0:count>
  </rdf:Description>
  <rdf:Description rdf:about='#A106012'>
    <rdf:type rdf:resource='http://www.daml.org/2001/12/factbook/factbook-ont#Estimate'/>
    <NS0:year>1999</NS0:year>
  </rdf:Description>
  <rdf:Description rdf:about='#A106139'>
    <NS0:note>519 km electrified</NS0:note>
  </rdf:Description>
  <rdf:Description rdf:about='#A105902'>
    <NS0:note>including Hakka</NS0:note>
  </rdf:Description>
  <rdf:Description rdf:about='#A106080'>
    <NS0:note>f.o.b., 2000</NS0:note>
  </rdf:Description>
  <rdf:Description rdf:about='#A106103'>
    <NS0:note>c.i.f., 2000</NS0:note>
  </rdf:Description>
  <rdf:Description rdf:about='#A105823'>
    <rdf:type rdf:resource='http://www.daml.org/2001/12/factbook/factbook-ont#ElevationExtreme'/>
    <NS0:name>Yu Shan</NS0:name>
    <NS0:elevation>3997</NS0:elevation>
  </rdf:Description>
  <rdf:Description rdf:about='#A105887'>
    <rdf:type rdf:resource='http://www.daml.org/2001/12/factbook/factbook-ont#Estimate'/>
    <NS0:year>2001</NS0:year>
  </rdf:Description>
  <rdf:Description rdf:about='#A106203'>
    <rdf:type rdf:resource='http://www.daml.org/2001/12/factbook/factbook-ont#AirportBreakdown'/>
    <NS0:paved>false</NS0:paved>
    <NS0:minRunway>1524</NS0:minRunway>
    <NS0:maxRunway>2437</NS0:maxRunway>
    <NS0:count>1</NS0:count>
  </rdf:Description>
  <rdf:Description rdf:about='#A105818'>
    <rdf:type rdf:resource='http://www.daml.org/2001/12/factbook/factbook-ont#ElevationExtreme'/>
    <NS0:name>South China Sea</NS0:name>
    <NS0:elevation>0</NS0:elevation>
  </rdf:Description>
  <rdf:Description rdf:about='#A106135'>
    <NS0:year>2000</NS0:year>
  </rdf:Description>
  <rdf:Description rdf:about='#A106197'>
    <rdf:type rdf:resource='http://www.daml.org/2001/12/factbook/factbook-ont#AirportBreakdown'/>
    <NS0:paved>true</NS0:paved>
    <NS0:maxRunway>913</NS0:maxRunway>
    <NS0:count>3 (2000 est.)</NS0:count>
  </rdf:Description>
</rdf:RDF>
