<?xml version='1.0' encoding='ISO-8859-1'?>
<rdf:RDF
  xmlns:rdf='http://www.w3.org/1999/02/22-rdf-syntax-ns#'
  xmlns:NS0='http://www.daml.org/2001/12/factbook/factbook-ont#'
  xml:base="http://www.daml.org/2001/12/factbook/tx">
  <rdf:Description rdf:about='#A130641'>
    <rdf:type rdf:resource='http://www.daml.org/2001/12/factbook/factbook-ont#CountryPercent'/>
    <NS0:country rdf:resource='http://www.daml.org/2001/09/countries/fips#US'/>
  </rdf:Description>
  <rdf:Description rdf:about='#A106382'>
    <rdf:type rdf:resource='http://www.daml.org/2001/12/factbook/factbook-ont#LanguagePercent'/>
    <NS0:language rdf:resource='http://www.daml.org/2001/12/factbook/languages#Turkmen'/>
    <NS0:percent>72</NS0:percent>
  </rdf:Description>
  <rdf:Description rdf:about='#A130637'>
    <rdf:type rdf:resource='http://www.daml.org/2001/12/factbook/factbook-ont#CountryPercent'/>
    <NS0:country rdf:resource='http://www.daml.org/2001/09/countries/fips#GM'/>
  </rdf:Description>
  <rdf:Description rdf:about='#A106502'>
    <NS0:year>1996</NS0:year>
  </rdf:Description>
  <rdf:Description rdf:about='#A106377'>
    <rdf:type rdf:resource='http://www.daml.org/2001/12/factbook/factbook-ont#ReligionPercent'/>
    <NS0:religion rdf:resource='http://www.daml.org/2001/12/factbook/religions#unknown'/>
    <NS0:percent>2</NS0:percent>
  </rdf:Description>
  <rdf:Description rdf:about='#A130633'>
    <rdf:type rdf:resource='http://www.daml.org/2001/12/factbook/factbook-ont#CountryPercent'/>
    <NS0:country rdf:resource='http://www.daml.org/2001/09/countries/fips#RS'/>
  </rdf:Description>
  <rdf:Description rdf:about='#A106273'>
    <rdf:type rdf:resource='http://www.daml.org/2001/12/factbook/factbook-ont#Estimate'/>
    <NS0:year>1993</NS0:year>
  </rdf:Description>
  <rdf:Description rdf:about='#A130629'>
    <rdf:type rdf:resource='http://www.daml.org/2001/12/factbook/factbook-ont#CountryPercent'/>
    <NS0:country rdf:resource='http://www.daml.org/2001/09/countries/fips#TU'/>
  </rdf:Description>
  <rdf:Description rdf:about='#A106372'>
    <rdf:type rdf:resource='http://www.daml.org/2001/12/factbook/factbook-ont#ReligionPercent'/>
    <NS0:religion rdf:resource='http://www.daml.org/2001/12/factbook/religions#Eastern_Orthodox'/>
    <NS0:percent>9</NS0:percent>
  </rdf:Description>
  <rdf:Description rdf:about='#A106562'>
    <rdf:type rdf:resource='http://www.daml.org/2001/12/factbook/factbook-ont#CommodityPercent'/>
    <NS0:importsCommodity rdf:resource='http://www.daml.org/2001/12/factbook/commodities#foodstuffs'/>
    <NS0:percent>15</NS0:percent>
  </rdf:Description>
  <rdf:Description rdf:about='#A130625'>
    <rdf:type rdf:resource='http://www.daml.org/2001/12/factbook/factbook-ont#CountryPercent'/>
    <NS0:country rdf:resource='http://www.daml.org/2001/09/countries/fips#UP'/>
  </rdf:Description>
  <rdf:Description rdf:about='#A106367'>
    <rdf:type rdf:resource='http://www.daml.org/2001/12/factbook/factbook-ont#ReligionPercent'/>
    <NS0:religion rdf:resource='http://www.daml.org/2001/12/factbook/religions#Muslim'/>
    <NS0:percent>89</NS0:percent>
  </rdf:Description>
  <rdf:Description rdf:about='#A106557'>
    <rdf:type rdf:resource='http://www.daml.org/2001/12/factbook/factbook-ont#CommodityPercent'/>
    <NS0:importsCommodity rdf:resource='http://www.daml.org/2001/12/factbook/commodities#machinery_and_equipment'/>
    <NS0:percent>60</NS0:percent>
  </rdf:Description>
  <rdf:Description rdf:about='#A106481'>
    <NS0:year>1998</NS0:year>
  </rdf:Description>
  <rdf:Description rdf:about='#A130621'>
    <rdf:type rdf:resource='http://www.daml.org/2001/12/factbook/factbook-ont#CountryPercent'/>
    <NS0:country rdf:resource='http://www.daml.org/2001/09/countries/fips#AJ'/>
  </rdf:Description>
  <rdf:Description rdf:about='#A106361'>
    <rdf:type rdf:resource='http://www.daml.org/2001/12/factbook/factbook-ont#EthnicGroupPercent'/>
    <NS0:ethnicGroup rdf:resource='http://www.daml.org/2001/12/factbook/ethnicGroups#other'/>
    <NS0:percent>5.1</NS0:percent>
  </rdf:Description>
  <rdf:Description rdf:about='#A130617'>
    <rdf:type rdf:resource='http://www.daml.org/2001/12/factbook/factbook-ont#CountryPercent'/>
    <NS0:country rdf:resource='http://www.daml.org/2001/09/countries/fips#TI'/>
  </rdf:Description>
  <rdf:Description rdf:about='#A106548'>
    <rdf:type rdf:resource='http://www.daml.org/2001/12/factbook/factbook-ont#CommodityPercent'/>
    <NS0:exportsCommodity rdf:resource='http://www.daml.org/2001/12/factbook/commodities#textiles'/>
    <NS0:percent>8</NS0:percent>
  </rdf:Description>
  <rdf:Description rdf:about='#A106356'>
    <rdf:type rdf:resource='http://www.daml.org/2001/12/factbook/factbook-ont#EthnicGroupPercent'/>
    <NS0:ethnicGroup rdf:resource='http://www.daml.org/2001/12/factbook/ethnicGroups#Kazakh'/>
    <NS0:percent>2</NS0:percent>
  </rdf:Description>
  <rdf:Description rdf:about='#A130613'>
    <rdf:type rdf:resource='http://www.daml.org/2001/12/factbook/factbook-ont#CountryPercent'/>
    <NS0:country rdf:resource='http://www.daml.org/2001/09/countries/fips#KZ'/>
  </rdf:Description>
  <rdf:Description rdf:about='#A106365'>
    <NS0:year>1995</NS0:year>
  </rdf:Description>
  <rdf:Description rdf:about='#A130609'>
    <rdf:type rdf:resource='http://www.daml.org/2001/12/factbook/factbook-ont#CountryPercent'/>
    <NS0:country rdf:resource='http://www.daml.org/2001/09/countries/fips#RS'/>
  </rdf:Description>
  <rdf:Description rdf:about='#A106543'>
    <rdf:type rdf:resource='http://www.daml.org/2001/12/factbook/factbook-ont#CommodityPercent'/>
    <NS0:exportsCommodity rdf:resource='http://www.daml.org/2001/12/factbook/commodities#cotton_fiber'/>
    <NS0:percent>18</NS0:percent>
  </rdf:Description>
  <rdf:Description rdf:about='#A106351'>
    <rdf:type rdf:resource='http://www.daml.org/2001/12/factbook/factbook-ont#EthnicGroupPercent'/>
    <NS0:ethnicGroup rdf:resource='http://www.daml.org/2001/12/factbook/ethnicGroups#Russian'/>
    <NS0:percent>6.7</NS0:percent>
  </rdf:Description>
  <rdf:Description rdf:about='#A106405'>
    <rdf:type rdf:resource='http://www.daml.org/2001/12/factbook/factbook-ont#Estimate'/>
    <NS0:year>1989</NS0:year>
  </rdf:Description>
  <rdf:Description rdf:about='#A130605'>
    <rdf:type rdf:resource='http://www.daml.org/2001/12/factbook/factbook-ont#CountryPercent'/>
    <NS0:country rdf:resource='http://www.daml.org/2001/09/countries/fips#TU'/>
  </rdf:Description>
  <rdf:Description rdf:about='#A106538'>
    <rdf:type rdf:resource='http://www.daml.org/2001/12/factbook/factbook-ont#CommodityPercent'/>
    <NS0:exportsCommodity rdf:resource='http://www.daml.org/2001/12/factbook/commodities#oil'/>
    <NS0:percent>30</NS0:percent>
  </rdf:Description>
  <rdf:Description rdf:about='#A106346'>
    <rdf:type rdf:resource='http://www.daml.org/2001/12/factbook/factbook-ont#EthnicGroupPercent'/>
    <NS0:ethnicGroup rdf:resource='http://www.daml.org/2001/12/factbook/ethnicGroups#Uzbek'/>
    <NS0:percent>9.2</NS0:percent>
  </rdf:Description>
  <rdf:Description rdf:about='#A130601'>
    <rdf:type rdf:resource='http://www.daml.org/2001/12/factbook/factbook-ont#CountryPercent'/>
    <NS0:country rdf:resource='http://www.daml.org/2001/09/countries/fips#IR'/>
  </rdf:Description>
  <rdf:Description rdf:about='#A106514'>
    <NS0:year>1999</NS0:year>
  </rdf:Description>
  <rdf:Description rdf:about='#A106533'>
    <rdf:type rdf:resource='http://www.daml.org/2001/12/factbook/factbook-ont#CommodityPercent'/>
    <NS0:exportsCommodity rdf:resource='http://www.daml.org/2001/12/factbook/commodities#gas'/>
    <NS0:percent>33</NS0:percent>
  </rdf:Description>
  <rdf:Description rdf:about='#A106341'>
    <rdf:type rdf:resource='http://www.daml.org/2001/12/factbook/factbook-ont#EthnicGroupPercent'/>
    <NS0:ethnicGroup rdf:resource='http://www.daml.org/2001/12/factbook/ethnicGroups#Turkmen'/>
    <NS0:percent>77</NS0:percent>
  </rdf:Description>
  <rdf:Description rdf:about='#A130597'>
    <rdf:type rdf:resource='http://www.daml.org/2001/12/factbook/factbook-ont#CountryPercent'/>
    <NS0:country rdf:resource='http://www.daml.org/2001/09/countries/fips#UP'/>
  </rdf:Description>
  <rdf:Description rdf:about='#A106511'>
    <rdf:type rdf:resource='http://www.daml.org/2001/12/factbook/factbook-ont#Estimate'/>
    <NS0:year>2000</NS0:year>
  </rdf:Description>
  <rdf:Description rdf:about='#A130592'>
    <rdf:type rdf:resource='http://www.daml.org/2001/12/factbook/factbook-ont#Border'/>
    <NS0:country rdf:resource='http://www.daml.org/2001/09/countries/fips#UZ'/>
    <NS0:distance>1621</NS0:distance>
  </rdf:Description>
  <rdf:Description rdf:about='#A106270'>
    <rdf:type rdf:resource='http://www.daml.org/2001/12/factbook/factbook-ont#Estimate'/>
    <NS0:year>1993</NS0:year>
  </rdf:Description>
  <rdf:Description rdf:about='#A106301'>
    <rdf:type rdf:resource='http://www.daml.org/2001/12/factbook/factbook-ont#Estimate'/>
    <NS0:year>2001</NS0:year>
  </rdf:Description>
  <rdf:Description rdf:about='#A106466'>
    <rdf:type rdf:resource='http://www.daml.org/2001/12/factbook/factbook-ont#Estimate'/>
    <NS0:year>2000</NS0:year>
  </rdf:Description>
  <rdf:Description rdf:about='#A130587'>
    <rdf:type rdf:resource='http://www.daml.org/2001/12/factbook/factbook-ont#Border'/>
    <NS0:country rdf:resource='http://www.daml.org/2001/09/countries/fips#KZ'/>
    <NS0:distance>379</NS0:distance>
  </rdf:Description>
  <rdf:Description rdf:about='#A106327'>
    <rdf:type rdf:resource='http://www.daml.org/2001/12/factbook/factbook-ont#SexRatioBreakdown'/>
    <NS0:ratio>0.98</NS0:ratio>
  </rdf:Description>
  <rdf:Description rdf:about='#A130582'>
    <rdf:type rdf:resource='http://www.daml.org/2001/12/factbook/factbook-ont#Border'/>
    <NS0:country rdf:resource='http://www.daml.org/2001/09/countries/fips#IR'/>
    <NS0:distance>992</NS0:distance>
  </rdf:Description>
  <rdf:Description rdf:about='#A106583'>
    <NS0:year>1997</NS0:year>
  </rdf:Description>
  <rdf:Description rdf:about='#A106322'>
    <rdf:type rdf:resource='http://www.daml.org/2001/12/factbook/factbook-ont#SexRatioBreakdown'/>
    <NS0:minAge>65</NS0:minAge>
    <NS0:ratio>0.62</NS0:ratio>
  </rdf:Description>
  <rdf:Description rdf:about='#A106554'>
    <rdf:type rdf:resource='http://www.daml.org/2001/12/factbook/factbook-ont#Estimate'/>
    <NS0:note>c.i.f., 2000</NS0:note>
  </rdf:Description>
  <rdf:Description rdf:about='#A130577'>
    <rdf:type rdf:resource='http://www.daml.org/2001/12/factbook/factbook-ont#Border'/>
    <NS0:country rdf:resource='http://www.daml.org/2001/09/countries/fips#AF'/>
    <NS0:distance>744</NS0:distance>
  </rdf:Description>
  <rdf:Description rdf:about='#A106585'>
    <NS0:year>1997</NS0:year>
  </rdf:Description>
  <rdf:Description rdf:about='#A106316'>
    <rdf:type rdf:resource='http://www.daml.org/2001/12/factbook/factbook-ont#SexRatioBreakdown'/>
    <NS0:minAge>15</NS0:minAge>
    <NS0:maxAge>64</NS0:maxAge>
    <NS0:ratio>0.97</NS0:ratio>
  </rdf:Description>
  <rdf:Description rdf:about='#A106336'>
    <rdf:type rdf:resource='http://www.daml.org/2001/12/factbook/factbook-ont#Estimate'/>
    <NS0:year>2001</NS0:year>
  </rdf:Description>
  <rdf:Description rdf:about='#A106576'>
    <NS0:year>1997</NS0:year>
  </rdf:Description>
  <rdf:Description rdf:about='#A106588'>
    <NS0:year>2000</NS0:year>
  </rdf:Description>
  <rdf:Description rdf:about='#A106310'>
    <rdf:type rdf:resource='http://www.daml.org/2001/12/factbook/factbook-ont#SexRatioBreakdown'/>
    <NS0:minAge>0</NS0:minAge>
    <NS0:maxAge>14</NS0:maxAge>
    <NS0:ratio>1.05</NS0:ratio>
  </rdf:Description>
  <rdf:Description rdf:about='#A106463'>
    <rdf:type rdf:resource='http://www.daml.org/2001/12/factbook/factbook-ont#Estimate'/>
    <NS0:year>2000</NS0:year>
  </rdf:Description>
  <rdf:Description rdf:about='#A106498'>
    <rdf:type rdf:resource='http://www.daml.org/2001/12/factbook/factbook-ont#OccupationPercent'/>
    <NS0:occupation rdf:resource='http://www.daml.org/2001/12/factbook/occupations#services'/>
    <NS0:percent>37</NS0:percent>
  </rdf:Description>
  <rdf:Description rdf:about='#A106568'>
    <rdf:type rdf:resource='http://www.daml.org/2001/12/factbook/factbook-ont#Estimate'/>
    <NS0:year>2000</NS0:year>
  </rdf:Description>
  <rdf:Description rdf:about='#A106304'>
    <rdf:type rdf:resource='http://www.daml.org/2001/12/factbook/factbook-ont#SexRatioBreakdown'/>
    <NS0:minAge>0</NS0:minAge>
    <NS0:maxAge>0</NS0:maxAge>
    <NS0:ratio>1.05</NS0:ratio>
  </rdf:Description>
  <rdf:Description rdf:about='#A106493'>
    <rdf:type rdf:resource='http://www.daml.org/2001/12/factbook/factbook-ont#OccupationPercent'/>
    <NS0:occupation rdf:resource='http://www.daml.org/2001/12/factbook/occupations#industry'/>
    <NS0:percent>19</NS0:percent>
  </rdf:Description>
  <rdf:Description rdf:about='http://www.daml.org/2001/09/countries/fips#TX'>
    <NS0:background>Annexed by Russia between 1865 and 1885, Turkmenistan became a Soviet republic in 1925. It achieved its independence upon the dissolution of the USSR in 1991. President NIYAZOV retains absolute control over the country and opposition is not tolerated. Extensive hydrocarbon/natural gas reserves could prove a boon to this underdeveloped country if extraction and delivery projects can be worked out.</NS0:background>
    <NS0:location>Central Asia, bordering the Caspian Sea, between Iran and Kazakhstan</NS0:location>
    <NS0:geographicCoordinates rdf:resource='#A106243'/>
    <NS0:mapReferences>Commonwealth of Independent States</NS0:mapReferences>
    <NS0:totalArea>488100</NS0:totalArea>
    <NS0:landArea>488100</NS0:landArea>
    <NS0:waterArea>0</NS0:waterArea>
    <NS0:comparativeArea>slightly larger than California</NS0:comparativeArea>
    <NS0:landBoundaries>3736</NS0:landBoundaries>
    <NS0:climate>subtropical desert</NS0:climate>
    <NS0:terrain>flat-to-rolling sandy desert with dunes rising to mountains in the south; low mountains along border with Iran; borders Caspian Sea in west</NS0:terrain>
    <NS0:highestPoint rdf:resource='#A106256'/>
    <NS0:naturalResource rdf:resource='http://www.daml.org/2001/12/factbook/naturalResources#petroleum'/>
    <NS0:naturalResource rdf:resource='http://www.daml.org/2001/12/factbook/naturalResources#natural_gas'/>
    <NS0:naturalResource rdf:resource='http://www.daml.org/2001/12/factbook/naturalResources#coal'/>
    <NS0:naturalResource rdf:resource='http://www.daml.org/2001/12/factbook/naturalResources#sulfur'/>
    <NS0:naturalResource rdf:resource='http://www.daml.org/2001/12/factbook/naturalResources#salt'/>
    <NS0:arableLand>3</NS0:arableLand>
    <NS0:permanentCrops>0</NS0:permanentCrops>
    <NS0:permanentPastures>63</NS0:permanentPastures>
    <NS0:forestsAndWoodland>8</NS0:forestsAndWoodland>
    <NS0:otherLandUse rdf:ID='A106270'>26</NS0:otherLandUse>
    <NS0:irrigatedLand rdf:ID='A106273'>13000</NS0:irrigatedLand>
    <NS0:naturalHazard>NA</NS0:naturalHazard>
    <NS0:environmentalIssue>contamination of soil and groundwater with agricultural chemicals, pesticides</NS0:environmentalIssue>
    <NS0:environmentalIssue>salination, water-logging of soil due to poor irrigation methods</NS0:environmentalIssue>
    <NS0:environmentalIssue>Caspian Sea pollution</NS0:environmentalIssue>
    <NS0:environmentalIssue>diversion of a large share of the flow of the Amu Darya into irrigation contributes to that river&apos;s inability to replenish the Aral Sea</NS0:environmentalIssue>
    <NS0:environmentalIssue>desertification</NS0:environmentalIssue>
    <NS0:environmentalAgreementPartyTo rdf:resource='http://www.daml.org/2001/12/factbook/environmentalAgreements#Biodiversity'/>
    <NS0:environmentalAgreementPartyTo rdf:resource='http://www.daml.org/2001/12/factbook/environmentalAgreements#Climate_Change'/>
    <NS0:environmentalAgreementPartyTo rdf:resource='http://www.daml.org/2001/12/factbook/environmentalAgreements#Climate_Change-Kyoto_Protocol'/>
    <NS0:environmentalAgreementPartyTo rdf:resource='http://www.daml.org/2001/12/factbook/environmentalAgreements#Desertification'/>
    <NS0:environmentalAgreementPartyTo rdf:resource='http://www.daml.org/2001/12/factbook/environmentalAgreements#Hazardous_Wastes'/>
    <NS0:environmentalAgreementPartyTo rdf:resource='http://www.daml.org/2001/12/factbook/environmentalAgreements#Ozone_Layer_Protection'/>
    <NS0:environmentalAgreementSigned rdf:resource='http://www.daml.org/2001/12/factbook/environmentalAgreements#none_of_the_selected_agreements'/>
    <NS0:population rdf:ID='A106289'>4603244</NS0:population>
    <NS0:populationGrowthRate rdf:ID='A106292'>1.85</NS0:populationGrowthRate>
    <NS0:birthRate rdf:ID='A106295'>28.55</NS0:birthRate>
    <NS0:deathRate rdf:ID='A106298'>8.98</NS0:deathRate>
    <NS0:netMigrationRate rdf:ID='A106301'>-1.04</NS0:netMigrationRate>
    <NS0:sexRatio rdf:resource='#A106304'/>
    <NS0:sexRatio rdf:resource='#A106310'/>
    <NS0:sexRatio rdf:resource='#A106316'/>
    <NS0:sexRatio rdf:resource='#A106322'/>
    <NS0:sexRatio rdf:ID='A106330' rdf:resource='#A106327'/>
    <NS0:infantMortalityRate rdf:ID='A106333'>73.25</NS0:infantMortalityRate>
    <NS0:totalFertilityRate rdf:ID='A106336'>3.58</NS0:totalFertilityRate>
    <NS0:nationalityNoun>Turkmen(s)</NS0:nationalityNoun>
    <NS0:nationalityAdjective>Turkmen</NS0:nationalityAdjective>
    <NS0:ethnicGroup rdf:resource='#A106341'/>
    <NS0:ethnicGroup rdf:resource='#A106346'/>
    <NS0:ethnicGroup rdf:resource='#A106351'/>
    <NS0:ethnicGroup rdf:resource='#A106356'/>
    <NS0:ethnicGroup rdf:ID='A106365' rdf:resource='#A106361'/>
    <NS0:religion rdf:resource='#A106367'/>
    <NS0:religion rdf:resource='#A106372'/>
    <NS0:religion rdf:resource='#A106377'/>
    <NS0:language rdf:resource='#A106382'/>
    <NS0:language rdf:resource='#A106387'/>
    <NS0:language rdf:resource='#A106392'/>
    <NS0:language rdf:resource='#A106397'/>
    <NS0:literacyDefinition>age 15 and over can read and write</NS0:literacyDefinition>
    <NS0:literacyTotal>98</NS0:literacyTotal>
    <NS0:literacyMale>99</NS0:literacyMale>
    <NS0:literacyFemale rdf:ID='A106405'>97</NS0:literacyFemale>
    <NS0:conventionalLongCountryName>none</NS0:conventionalLongCountryName>
    <NS0:conventionalShortCountryName>Turkmenistan</NS0:conventionalShortCountryName>
    <NS0:localLongCountryName>none</NS0:localLongCountryName>
    <NS0:localShortCountryName>Turkmenistan</NS0:localShortCountryName>
    <NS0:formerCountryName>Turkmen Soviet Socialist Republic</NS0:formerCountryName>
    <NS0:governmentType rdf:resource='http://www.daml.org/2001/12/factbook/governmentTypes#republic'/>
    <NS0:capital rdf:resource='#A106414'/>
    <NS0:independence>27 October 1991 (from the Soviet Union)</NS0:independence>
    <NS0:constitution>adopted 18 May 1992</NS0:constitution>
    <NS0:legalSystem>based on civil law system</NS0:legalSystem>
    <NS0:suffrage>18 years of age; universal</NS0:suffrage>
    <NS0:participatesIn rdf:resource='http://www.daml.org/2001/12/factbook/internationalOrganizations#AsDB'/>
    <NS0:participatesIn rdf:resource='http://www.daml.org/2001/12/factbook/internationalOrganizations#CCC'/>
    <NS0:participatesIn rdf:resource='http://www.daml.org/2001/12/factbook/internationalOrganizations#CIS'/>
    <NS0:participatesIn rdf:resource='http://www.daml.org/2001/12/factbook/internationalOrganizations#EAPC'/>
    <NS0:participatesIn rdf:resource='http://www.daml.org/2001/12/factbook/internationalOrganizations#EBRD'/>
    <NS0:participatesIn rdf:resource='http://www.daml.org/2001/12/factbook/internationalOrganizations#ECE'/>
    <NS0:participatesIn rdf:resource='http://www.daml.org/2001/12/factbook/internationalOrganizations#ECO'/>
    <NS0:participatesIn rdf:resource='http://www.daml.org/2001/12/factbook/internationalOrganizations#ESCAP'/>
    <NS0:participatesIn rdf:resource='http://www.daml.org/2001/12/factbook/internationalOrganizations#FAO'/>
    <NS0:participatesIn rdf:resource='http://www.daml.org/2001/12/factbook/internationalOrganizations#IBRD'/>
    <NS0:participatesIn rdf:resource='http://www.daml.org/2001/12/factbook/internationalOrganizations#ICAO'/>
    <NS0:participatesIn rdf:resource='http://www.daml.org/2001/12/factbook/internationalOrganizations#ICRM'/>
    <NS0:participatesIn rdf:resource='http://www.daml.org/2001/12/factbook/internationalOrganizations#IDB'/>
    <NS0:participatesIn rdf:resource='http://www.daml.org/2001/12/factbook/internationalOrganizations#IFC'/>
    <NS0:participatesIn rdf:resource='http://www.daml.org/2001/12/factbook/internationalOrganizations#IFRCS'/>
    <NS0:participatesIn rdf:resource='http://www.daml.org/2001/12/factbook/internationalOrganizations#ILO'/>
    <NS0:participatesIn rdf:resource='http://www.daml.org/2001/12/factbook/internationalOrganizations#IMF'/>
    <NS0:participatesIn rdf:resource='http://www.daml.org/2001/12/factbook/internationalOrganizations#IMO'/>
    <NS0:participatesIn rdf:resource='http://www.daml.org/2001/12/factbook/internationalOrganizations#Intelsat'/>
    <NS0:participatesIn rdf:resource='http://www.daml.org/2001/12/factbook/internationalOrganizations#IOC'/>
    <NS0:participatesIn rdf:resource='http://www.daml.org/2001/12/factbook/internationalOrganizations#IOM'/>
    <NS0:participatesIn rdf:resource='http://www.daml.org/2001/12/factbook/internationalOrganizations#ISO'/>
    <NS0:participatesIn rdf:resource='http://www.daml.org/2001/12/factbook/internationalOrganizations#ITU'/>
    <NS0:participatesIn rdf:resource='http://www.daml.org/2001/12/factbook/internationalOrganizations#NAM'/>
    <NS0:participatesIn rdf:resource='http://www.daml.org/2001/12/factbook/internationalOrganizations#OIC'/>
    <NS0:participatesIn rdf:resource='http://www.daml.org/2001/12/factbook/internationalOrganizations#OPCW'/>
    <NS0:participatesIn rdf:resource='http://www.daml.org/2001/12/factbook/internationalOrganizations#OSCE'/>
    <NS0:participatesIn rdf:resource='http://www.daml.org/2001/12/factbook/internationalOrganizations#PFP'/>
    <NS0:participatesIn rdf:resource='http://www.daml.org/2001/12/factbook/internationalOrganizations#UN'/>
    <NS0:participatesIn rdf:resource='http://www.daml.org/2001/12/factbook/internationalOrganizations#UNCTAD'/>
    <NS0:participatesIn rdf:resource='http://www.daml.org/2001/12/factbook/internationalOrganizations#UNESCO'/>
    <NS0:participatesIn rdf:resource='http://www.daml.org/2001/12/factbook/internationalOrganizations#UNIDO'/>
    <NS0:participatesIn rdf:resource='http://www.daml.org/2001/12/factbook/internationalOrganizations#UPU'/>
    <NS0:participatesIn rdf:resource='http://www.daml.org/2001/12/factbook/internationalOrganizations#WFTU'/>
    <NS0:participatesIn rdf:resource='http://www.daml.org/2001/12/factbook/internationalOrganizations#WHO'/>
    <NS0:participatesIn rdf:resource='http://www.daml.org/2001/12/factbook/internationalOrganizations#WIPO'/>
    <NS0:participatesIn rdf:resource='http://www.daml.org/2001/12/factbook/internationalOrganizations#WMO'/>
    <NS0:participatesIn rdf:resource='http://www.daml.org/2001/12/factbook/internationalOrganizations#WToO'/>
    <NS0:participatesIn rdf:resource='http://www.daml.org/2001/12/factbook/internationalOrganizations#WTrO'/>
    <NS0:flagDescription>green field with a vertical red stripe near the hoist side, containing five carpet guls (designs used in producing rugs) stacked above two crossed olive branches similar to the olive branches on the UN flag; a white crescent moon and five white stars appear in the upper corner of the field just to the fly side of the red stripe</NS0:flagDescription>
    <NS0:economyOverview>Turkmenistan is largely desert country with intensive agriculture in irrigated oases and huge gas (fifth largest reserves in the world) and oil resources. One-half of its irrigated land is planted in cotton, making it the world&apos;s tenth largest producer. Until the end of 1993, Turkmenistan had experienced less economic disruption than other former Soviet states because its economy received a boost from higher prices for oil and gas and a sharp increase in hard currency earnings. In 1994, Russia&apos;s refusal to export Turkmen gas to hard currency markets and mounting debts of its major customers in the former USSR for gas deliveries contributed to a sharp fall in industrial production and caused the budget to shift from a surplus to a slight deficit. With an authoritarian ex-communist regime in power and a tribally based social structure, Turkmenistan has taken a cautious approach to economic reform, hoping to use gas and cotton sales to sustain its inefficient economy. Privatization goals remain limited. In 1998-2000, Turkmenistan suffered from the continued lack of adequate export routes for natural gas and from obligations on extensive short-term external debt. At the same time, however, total exports rose sharply because of higher international oil and gas prices. Prospects in the near future are discouraging because of widespread internal poverty and the burden of foreign debt. IMF assistance would seem to be necessary, yet the government is not as yet ready to accept IMF requirements. Turkmenistan&apos;s 1999 deal to ship 20 billion cubic meters (bcm) of natural gas through Russia&apos;s Gazprom pipeline helped alleviate the 2000 fiscal shortfall. Inadequate fiscal restraint and the tenuous nature of Turkmenistan&apos;s 2001 gas deals, combined with a lack of economic reform, will limit progress in the near term.</NS0:economyOverview>
    <NS0:grossDomesticProduct rdf:ID='A106463'>19600000000</NS0:grossDomesticProduct>
    <NS0:grossDomesticProductRealGrowth rdf:ID='A106466'>16</NS0:grossDomesticProductRealGrowth>
    <NS0:grossDomesticProductPerCapita rdf:ID='A106469'>4300</NS0:grossDomesticProductPerCapita>
    <NS0:grossDomesticProductAgriculture>25</NS0:grossDomesticProductAgriculture>
    <NS0:grossDomesticProductIndustry>43</NS0:grossDomesticProductIndustry>
    <NS0:grossDomesticProductServices rdf:ID='A106474'>32</NS0:grossDomesticProductServices>
    <NS0:populationBelowPovertyLine rdf:ID='A106477'>58</NS0:populationBelowPovertyLine>
    <NS0:householdIncomeLowest10Percent>2.6</NS0:householdIncomeLowest10Percent>
    <NS0:householdIncomeHighest10Percent rdf:ID='A106481'>31.7</NS0:householdIncomeHighest10Percent>
    <NS0:inflationRate rdf:ID='A106483'>14</NS0:inflationRate>
    <NS0:laborForce rdf:ID='A106486'>2340000</NS0:laborForce>
    <NS0:occupation rdf:resource='#A106488'/>
    <NS0:occupation rdf:resource='#A106493'/>
    <NS0:occupation rdf:ID='A106502' rdf:resource='#A106498'/>
    <NS0:budgetRevenues>588600000</NS0:budgetRevenues>
    <NS0:budgetExpenditures>658200000</NS0:budgetExpenditures>
    <NS0:industry rdf:resource='http://www.daml.org/2001/12/factbook/industries#natural_gas'/>
    <NS0:industry rdf:resource='http://www.daml.org/2001/12/factbook/industries#oil'/>
    <NS0:industry rdf:resource='http://www.daml.org/2001/12/factbook/industries#petroleum_products'/>
    <NS0:industry rdf:resource='http://www.daml.org/2001/12/factbook/industries#textiles'/>
    <NS0:industry rdf:resource='http://www.daml.org/2001/12/factbook/industries#food_processing'/>
    <NS0:industrialProductionGrowthRate rdf:ID='A106511'>18</NS0:industrialProductionGrowthRate>
    <NS0:electricityProduction rdf:ID='A106514'>8371000000</NS0:electricityProduction>
    <NS0:electricityProductionFossilFuel>99.94</NS0:electricityProductionFossilFuel>
    <NS0:electricityProductionHydro>0.06</NS0:electricityProductionHydro>
    <NS0:electricityProductionNuclear>0</NS0:electricityProductionNuclear>
    <NS0:electricityProductionOther rdf:ID='A106519'>0</NS0:electricityProductionOther>
    <NS0:electricityConsumption rdf:ID='A106521'>4785000000</NS0:electricityConsumption>
    <NS0:electricityExports rdf:ID='A106523'>4099999999</NS0:electricityExports>
    <NS0:electricityImports rdf:ID='A106525'>1100000000</NS0:electricityImports>
    <NS0:agricultureProduct rdf:resource='http://www.daml.org/2001/12/factbook/agricultureProducts#cotton'/>
    <NS0:agricultureProduct rdf:resource='http://www.daml.org/2001/12/factbook/agricultureProducts#grain'/>
    <NS0:agricultureProduct rdf:resource='http://www.daml.org/2001/12/factbook/agricultureProducts#livestock'/>
    <NS0:exports rdf:ID='A106530'>2400000000</NS0:exports>
    <NS0:exportsCommodity rdf:resource='#A106533'/>
    <NS0:exportsCommodity rdf:resource='#A106538'/>
    <NS0:exportsCommodity rdf:resource='#A106543'/>
    <NS0:exportsCommodity rdf:ID='A106552' rdf:resource='#A106548'/>
    <NS0:imports rdf:ID='A106554'>1650000000</NS0:imports>
    <NS0:importsCommodity rdf:resource='#A106557'/>
    <NS0:importsCommodity rdf:ID='A106566' rdf:resource='#A106562'/>
    <NS0:externalDebt rdf:ID='A106568'>2500000000</NS0:externalDebt>
    <NS0:economicAidRecipient rdf:ID='A106571'>27200000</NS0:economicAidRecipient>
    <NS0:currency>Turkmen manat (TMM)</NS0:currency>
    <NS0:currencyCode>TMM</NS0:currencyCode>
    <NS0:fiscalYear>calendar year</NS0:fiscalYear>
    <NS0:mainTelephoneLines rdf:ID='A106576'>363000</NS0:mainTelephoneLines>
    <NS0:mobileTelephoneLines rdf:ID='A106578'>4300</NS0:mobileTelephoneLines>
    <NS0:telephoneSystemGeneralAssessment>poorly developed</NS0:telephoneSystemGeneralAssessment>
    <NS0:telephoneSystemDomestic>NA</NS0:telephoneSystemDomestic>
    <NS0:telephoneSystemInternational>linked by cable and microwave radio relay to other CIS republics and to other countries by leased connections to the Moscow international gateway switch; a new telephone link from Ashgabat to Iran has been established; a new exchange in Ashgabat switches international traffic through Turkey via Intelsat; satellite earth stations - 1 Orbita and 1 Intelsat</NS0:telephoneSystemInternational>
    <NS0:radios rdf:ID='A106583'>1225000</NS0:radios>
    <NS0:televisions rdf:ID='A106585'>820000</NS0:televisions>
    <NS0:internetCountryCode>.tm</NS0:internetCountryCode>
    <NS0:internetUsers rdf:ID='A106588'>2000</NS0:internetUsers>
    <NS0:railwaysTotal>2187</NS0:railwaysTotal>
    <NS0:highwaysTotal>22000</NS0:highwaysTotal>
    <NS0:highwaysPaved rdf:ID='A106592'>18000</NS0:highwaysPaved>
    <NS0:port rdf:resource='#A106594'/>
    <NS0:airports rdf:ID='A106598'>76</NS0:airports>
    <NS0:airportBreakdown rdf:resource='#A106601'/>
    <NS0:airportBreakdown rdf:resource='#A106608'/>
    <NS0:airportBreakdown rdf:resource='#A106615'/>
    <NS0:airportBreakdown rdf:resource='#A106622'/>
    <NS0:airportBreakdown rdf:resource='#A106629'/>
    <NS0:airportBreakdown rdf:resource='#A106636'/>
    <NS0:militaryAge>18</NS0:militaryAge>
    <NS0:malesOfMilitaryAge rdf:ID='A106643'>1173500</NS0:malesOfMilitaryAge>
    <NS0:malesFitForMilitaryService rdf:ID='A106646'>952218</NS0:malesFitForMilitaryService>
    <NS0:malesReachingMilitaryAgeAnnually rdf:ID='A106649'>48292</NS0:malesReachingMilitaryAgeAnnually>
    <NS0:militaryExpenditures rdf:ID='A106652'>90000000</NS0:militaryExpenditures>
    <NS0:militaryExpendituresPercentGDP rdf:ID='A106654'>3.4</NS0:militaryExpendituresPercentGDP>
    <NS0:internationalDispute>Caspian Sea boundaries are not yet determined among Azerbaijan, Iran, Kazakhstan, Russia, and Turkmenistan</NS0:internationalDispute>
    <NS0:illicitDrugs>limited illicit cultivator of opium poppy, mostly for domestic consumption</NS0:illicitDrugs>
    <NS0:illicitDrugs>limited government eradication program</NS0:illicitDrugs>
    <NS0:illicitDrugs>increasingly used as transshipment point for illicit drugs from Southwest Asia to Russia and Western Europe</NS0:illicitDrugs>
    <NS0:illicitDrugs>also a transshipment point for acetic anhydride destined for Afghanistan</NS0:illicitDrugs>
    <NS0:smallFlag>http://www.cia.gov/cia/publications/factbook/flags/tx-flag.jpg</NS0:smallFlag>
    <NS0:largeFlag>http://www.cia.gov/cia/publications/factbook/flags/tx-lgflag.jpg</NS0:largeFlag>
    <NS0:map>http://www.cia.gov/cia/publications/factbook/maps/tx-map.jpg</NS0:map>
    <NS0:border rdf:resource='#A130577'/>
    <NS0:border rdf:resource='#A130582'/>
    <NS0:border rdf:resource='#A130587'/>
    <NS0:border rdf:resource='#A130592'/>
    <NS0:exportPartner rdf:resource='#A130597'/>
    <NS0:exportPartner rdf:resource='#A130601'/>
    <NS0:exportPartner rdf:resource='#A130605'/>
    <NS0:exportPartner rdf:resource='#A130609'/>
    <NS0:exportPartner rdf:resource='#A130613'/>
    <NS0:exportPartner rdf:resource='#A130617'/>
    <NS0:exportPartner rdf:resource='#A130621'/>
    <NS0:importPartner rdf:resource='#A130625'/>
    <NS0:importPartner rdf:resource='#A130629'/>
    <NS0:importPartner rdf:resource='#A130633'/>
    <NS0:importPartner rdf:resource='#A130637'/>
    <NS0:importPartner rdf:resource='#A130641'/>
    <NS0:importPartner rdf:resource='#A130645'/>
    <NS0:importPartner rdf:resource='#A130649'/>
  </rdf:Description>
  <rdf:Description rdf:about='#A106469'>
    <rdf:type rdf:resource='http://www.daml.org/2001/12/factbook/factbook-ont#Estimate'/>
    <NS0:year>2000</NS0:year>
  </rdf:Description>
  <rdf:Description rdf:about='#A106333'>
    <rdf:type rdf:resource='http://www.daml.org/2001/12/factbook/factbook-ont#Estimate'/>
    <NS0:year>2001</NS0:year>
  </rdf:Description>
  <rdf:Description rdf:about='#A106488'>
    <rdf:type rdf:resource='http://www.daml.org/2001/12/factbook/factbook-ont#OccupationPercent'/>
    <NS0:occupation rdf:resource='http://www.daml.org/2001/12/factbook/occupations#agriculture'/>
    <NS0:percent>44</NS0:percent>
  </rdf:Description>
  <rdf:Description rdf:about='#A106525'>
    <NS0:year>1999</NS0:year>
  </rdf:Description>
  <rdf:Description rdf:about='#A106578'>
    <NS0:year>1998</NS0:year>
  </rdf:Description>
  <rdf:Description rdf:about='#A106566'>
    <NS0:year>1999</NS0:year>
  </rdf:Description>
  <rdf:Description rdf:about='#A106552'>
    <NS0:year>1999</NS0:year>
  </rdf:Description>
  <rdf:Description rdf:about='#A106521'>
    <NS0:year>1999</NS0:year>
  </rdf:Description>
  <rdf:Description rdf:about='#A106519'>
    <NS0:year>1999</NS0:year>
  </rdf:Description>
  <rdf:Description rdf:about='#A106295'>
    <rdf:type rdf:resource='http://www.daml.org/2001/12/factbook/factbook-ont#Estimate'/>
    <NS0:year>2001</NS0:year>
  </rdf:Description>
  <rdf:Description rdf:about='#A106571'>
    <NS0:year>1995</NS0:year>
  </rdf:Description>
  <rdf:Description rdf:about='#A106643'>
    <rdf:type rdf:resource='http://www.daml.org/2001/12/factbook/factbook-ont#Estimate'/>
    <NS0:year>2001</NS0:year>
  </rdf:Description>
  <rdf:Description rdf:about='#A106330'>
    <rdf:type rdf:resource='http://www.daml.org/2001/12/factbook/factbook-ont#Estimate'/>
    <NS0:year>2001</NS0:year>
  </rdf:Description>
  <rdf:Description rdf:about='#A106289'>
    <rdf:type rdf:resource='http://www.daml.org/2001/12/factbook/factbook-ont#Estimate'/>
    <NS0:note>July 2001</NS0:note>
  </rdf:Description>
  <rdf:Description rdf:about='#A106483'>
    <rdf:type rdf:resource='http://www.daml.org/2001/12/factbook/factbook-ont#Estimate'/>
    <NS0:year>2000</NS0:year>
  </rdf:Description>
  <rdf:Description rdf:about='#A106530'>
    <rdf:type rdf:resource='http://www.daml.org/2001/12/factbook/factbook-ont#Estimate'/>
    <NS0:note>f.o.b., 2000</NS0:note>
  </rdf:Description>
  <rdf:Description rdf:about='#A106256'>
    <rdf:type rdf:resource='http://www.daml.org/2001/12/factbook/factbook-ont#ElevationExtreme'/>
    <NS0:name>Gora Ayribaba</NS0:name>
    <NS0:elevation>3139</NS0:elevation>
  </rdf:Description>
  <rdf:Description rdf:about='#A106636'>
    <rdf:type rdf:resource='http://www.daml.org/2001/12/factbook/factbook-ont#AirportBreakdown'/>
    <NS0:paved>false</NS0:paved>
    <NS0:maxRunway>913</NS0:maxRunway>
    <NS0:count>41 (2000 est.)</NS0:count>
  </rdf:Description>
  <rdf:Description rdf:about='#A106486'>
    <NS0:year>1996</NS0:year>
  </rdf:Description>
  <rdf:Description rdf:about='#A106629'>
    <rdf:type rdf:resource='http://www.daml.org/2001/12/factbook/factbook-ont#AirportBreakdown'/>
    <NS0:paved>false</NS0:paved>
    <NS0:minRunway>914</NS0:minRunway>
    <NS0:maxRunway>1523</NS0:maxRunway>
    <NS0:count>10</NS0:count>
  </rdf:Description>
  <rdf:Description rdf:about='#A106477'>
    <rdf:type rdf:resource='http://www.daml.org/2001/12/factbook/factbook-ont#Estimate'/>
    <NS0:year>1999</NS0:year>
  </rdf:Description>
  <rdf:Description rdf:about='#A106243'>
    <rdf:type rdf:resource='http://www.daml.org/2001/12/factbook/factbook-ont#LatLon'/>
    <NS0:latitude>40.0</NS0:latitude>
    <NS0:longitude>60.0</NS0:longitude>
  </rdf:Description>
  <rdf:Description rdf:about='#A106622'>
    <rdf:type rdf:resource='http://www.daml.org/2001/12/factbook/factbook-ont#AirportBreakdown'/>
    <NS0:paved>false</NS0:paved>
    <NS0:minRunway>1524</NS0:minRunway>
    <NS0:maxRunway>2437</NS0:maxRunway>
    <NS0:count>5</NS0:count>
  </rdf:Description>
  <rdf:Description rdf:about='#A106474'>
    <rdf:type rdf:resource='http://www.daml.org/2001/12/factbook/factbook-ont#Estimate'/>
    <NS0:year>1999</NS0:year>
  </rdf:Description>
  <rdf:Description rdf:about='#A106292'>
    <rdf:type rdf:resource='http://www.daml.org/2001/12/factbook/factbook-ont#Estimate'/>
    <NS0:year>2001</NS0:year>
  </rdf:Description>
  <rdf:Description rdf:about='#A106654'>
    <NS0:note>FY99</NS0:note>
  </rdf:Description>
  <rdf:Description rdf:about='#A106298'>
    <rdf:type rdf:resource='http://www.daml.org/2001/12/factbook/factbook-ont#Estimate'/>
    <NS0:year>2001</NS0:year>
  </rdf:Description>
  <rdf:Description rdf:about='#A106615'>
    <rdf:type rdf:resource='http://www.daml.org/2001/12/factbook/factbook-ont#AirportBreakdown'/>
    <NS0:paved>false</NS0:paved>
    <NS0:minRunway>2438</NS0:minRunway>
    <NS0:maxRunway>3047</NS0:maxRunway>
    <NS0:count>7</NS0:count>
  </rdf:Description>
  <rdf:Description rdf:about='#A106646'>
    <rdf:type rdf:resource='http://www.daml.org/2001/12/factbook/factbook-ont#Estimate'/>
    <NS0:year>2001</NS0:year>
  </rdf:Description>
  <rdf:Description rdf:about='#A106523'>
    <NS0:year>1999</NS0:year>
  </rdf:Description>
  <rdf:Description rdf:about='#A106649'>
    <rdf:type rdf:resource='http://www.daml.org/2001/12/factbook/factbook-ont#Estimate'/>
    <NS0:year>2001</NS0:year>
  </rdf:Description>
  <rdf:Description rdf:about='#A106608'>
    <rdf:type rdf:resource='http://www.daml.org/2001/12/factbook/factbook-ont#AirportBreakdown'/>
    <NS0:paved>true</NS0:paved>
    <NS0:minRunway>1524</NS0:minRunway>
    <NS0:maxRunway>2437</NS0:maxRunway>
    <NS0:count>4 (2000 est.)</NS0:count>
  </rdf:Description>
  <rdf:Description rdf:about='#A106598'>
    <rdf:type rdf:resource='http://www.daml.org/2001/12/factbook/factbook-ont#Estimate'/>
    <NS0:year>2000</NS0:year>
  </rdf:Description>
  <rdf:Description rdf:about='#A106414'>
    <rdf:type rdf:resource='http://www.daml.org/2001/12/factbook/factbook-ont#CapitalCity'/>
    <NS0:name>Ashgabat</NS0:name>
  </rdf:Description>
  <rdf:Description rdf:about='#A106601'>
    <rdf:type rdf:resource='http://www.daml.org/2001/12/factbook/factbook-ont#AirportBreakdown'/>
    <NS0:paved>true</NS0:paved>
    <NS0:minRunway>2438</NS0:minRunway>
    <NS0:maxRunway>3047</NS0:maxRunway>
    <NS0:count>9</NS0:count>
  </rdf:Description>
  <rdf:Description rdf:about='#A106652'>
    <NS0:note>FY99</NS0:note>
  </rdf:Description>
  <rdf:Description rdf:about='#A106592'>
    <NS0:note>these roads are said to be hard-surfaced, and include, in addition to conventionally paved roads, some that are surfaced with gravel or other coarse aggregate, making them trafficable in all weather</NS0:note>
  </rdf:Description>
  <rdf:Description rdf:about='#A106594'>
    <rdf:type rdf:resource='http://www.daml.org/2001/12/factbook/factbook-ont#Port'/>
    <NS0:name>Turkmenbashi</NS0:name>
  </rdf:Description>
  <rdf:Description rdf:about='#A106397'>
    <rdf:type rdf:resource='http://www.daml.org/2001/12/factbook/factbook-ont#LanguagePercent'/>
    <NS0:language rdf:resource='http://www.daml.org/2001/12/factbook/languages#other'/>
    <NS0:percent>7</NS0:percent>
  </rdf:Description>
  <rdf:Description rdf:about='#A130649'>
    <rdf:type rdf:resource='http://www.daml.org/2001/12/factbook/factbook-ont#CountryPercent'/>
    <NS0:country rdf:resource='http://www.daml.org/2001/09/countries/fips#UZ'/>
  </rdf:Description>
  <rdf:Description rdf:about='#A106392'>
    <rdf:type rdf:resource='http://www.daml.org/2001/12/factbook/factbook-ont#LanguagePercent'/>
    <NS0:language rdf:resource='http://www.daml.org/2001/12/factbook/languages#Uzbek'/>
    <NS0:percent>9</NS0:percent>
  </rdf:Description>
  <rdf:Description rdf:about='#A130645'>
    <rdf:type rdf:resource='http://www.daml.org/2001/12/factbook/factbook-ont#CountryPercent'/>
    <NS0:country rdf:resource='http://www.daml.org/2001/09/countries/fips#KZ'/>
  </rdf:Description>
  <rdf:Description rdf:about='#A106387'>
    <rdf:type rdf:resource='http://www.daml.org/2001/12/factbook/factbook-ont#LanguagePercent'/>
    <NS0:language rdf:resource='http://www.daml.org/2001/12/factbook/languages#Russian'/>
    <NS0:percent>12</NS0:percent>
  </rdf:Description>
</rdf:RDF>
