<?xml version='1.0' encoding='ISO-8859-1'?>
<rdf:RDF
  xmlns:rdf='http://www.w3.org/1999/02/22-rdf-syntax-ns#'
  xmlns:NS0='http://www.daml.org/2001/12/factbook/factbook-ont#'
  xmlns:rdfs='http://www.w3.org/2000/01/rdf-schema#'
 >
  <rdf:Description rdf:about='#A111067'>
    <rdf:type rdf:resource='http://www.daml.org/2001/12/factbook/factbook-ont#AirportBreakdown'/>
    <NS0:paved>false</NS0:paved>
    <NS0:maxRunway>913</NS0:maxRunway>
    <NS0:count>7,698 (2000 est.)</NS0:count>
  </rdf:Description>
  <rdf:Description rdf:about='#A110721'>
    <rdf:type rdf:resource='http://www.daml.org/2001/12/factbook/factbook-ont#Estimate'/>
    <NS0:year>2000</NS0:year>
  </rdf:Description>
  <rdf:Description rdf:about='#A111060'>
    <rdf:type rdf:resource='http://www.daml.org/2001/12/factbook/factbook-ont#AirportBreakdown'/>
    <NS0:paved>false</NS0:paved>
    <NS0:minRunway>914</NS0:minRunway>
    <NS0:maxRunway>1523</NS0:maxRunway>
    <NS0:count>1,675</NS0:count>
  </rdf:Description>
  <rdf:Description rdf:about='#A110308'>
    <rdf:type rdf:resource='http://www.daml.org/2001/12/factbook/factbook-ont#Estimate'/>
    <NS0:note>July 2001</NS0:note>
  </rdf:Description>
  <rdf:Description rdf:about='#A110908'>
    <NS0:year>2000</NS0:year>
  </rdf:Description>
  <rdf:Description rdf:about='#A111053'>
    <rdf:type rdf:resource='http://www.daml.org/2001/12/factbook/factbook-ont#AirportBreakdown'/>
    <NS0:paved>false</NS0:paved>
    <NS0:minRunway>1524</NS0:minRunway>
    <NS0:maxRunway>2437</NS0:maxRunway>
    <NS0:count>164</NS0:count>
  </rdf:Description>
  <rdf:Description rdf:about='#A111046'>
    <rdf:type rdf:resource='http://www.daml.org/2001/12/factbook/factbook-ont#AirportBreakdown'/>
    <NS0:paved>false</NS0:paved>
    <NS0:minRunway>2438</NS0:minRunway>
    <NS0:maxRunway>3047</NS0:maxRunway>
    <NS0:count>6</NS0:count>
  </rdf:Description>
  <rdf:Description rdf:about='#A131132'>
    <NS0:note>including 2,477 km with Alaska</NS0:note>
  </rdf:Description>
  <rdf:Description rdf:about='#A111040'>
    <rdf:type rdf:resource='http://www.daml.org/2001/12/factbook/factbook-ont#AirportBreakdown'/>
    <NS0:paved>false</NS0:paved>
    <NS0:minRunway>3048</NS0:minRunway>
    <NS0:count>3</NS0:count>
  </rdf:Description>
  <rdf:Description rdf:about='#A131138'>
    <NS0:note>US Naval Base at Guantanamo Bay</NS0:note>
  </rdf:Description>
  <rdf:Description rdf:about='#A111034'>
    <rdf:type rdf:resource='http://www.daml.org/2001/12/factbook/factbook-ont#AirportBreakdown'/>
    <NS0:paved>true</NS0:paved>
    <NS0:maxRunway>913</NS0:maxRunway>
    <NS0:count>1,001 (2000 est.)</NS0:count>
  </rdf:Description>
  <rdf:Description rdf:about='#A111027'>
    <rdf:type rdf:resource='http://www.daml.org/2001/12/factbook/factbook-ont#AirportBreakdown'/>
    <NS0:paved>true</NS0:paved>
    <NS0:minRunway>914</NS0:minRunway>
    <NS0:maxRunway>1523</NS0:maxRunway>
    <NS0:count>2,440</NS0:count>
  </rdf:Description>
  <rdf:Description rdf:about='#A111020'>
    <rdf:type rdf:resource='http://www.daml.org/2001/12/factbook/factbook-ont#AirportBreakdown'/>
    <NS0:paved>true</NS0:paved>
    <NS0:minRunway>1524</NS0:minRunway>
    <NS0:maxRunway>2437</NS0:maxRunway>
    <NS0:count>1,331</NS0:count>
  </rdf:Description>
  <rdf:Description rdf:about='#A110636'>
    <rdf:type rdf:resource='#State'/>
    <NS0:name>Wyoming</NS0:name>
  </rdf:Description>
  <rdf:Description rdf:about='#A110860'>
    <rdf:type rdf:resource='http://www.daml.org/2001/12/factbook/factbook-ont#Estimate'/>
    <NS0:note>f.o.b., 2000</NS0:note>
  </rdf:Description>
  <rdf:Description rdf:about='#A110790'>
    <NS0:year>2000</NS0:year>
  </rdf:Description>
  <rdf:Description rdf:about='#A110632'>
    <rdf:type rdf:resource='#State'/>
    <NS0:name>Wisconsin</NS0:name>
  </rdf:Description>
  <rdf:Description rdf:about='#A111013'>
    <rdf:type rdf:resource='http://www.daml.org/2001/12/factbook/factbook-ont#AirportBreakdown'/>
    <NS0:paved>true</NS0:paved>
    <NS0:minRunway>2438</NS0:minRunway>
    <NS0:maxRunway>3047</NS0:maxRunway>
    <NS0:count>220</NS0:count>
  </rdf:Description>
  <rdf:Description rdf:about='#A110628'>
    <rdf:type rdf:resource='#State'/>
    <NS0:name>West Virginia</NS0:name>
  </rdf:Description>
  <rdf:Description rdf:about='#A110624'>
    <rdf:type rdf:resource='#State'/>
    <NS0:name>Washington</NS0:name>
  </rdf:Description>
  <rdf:Description rdf:about='#A111007'>
    <rdf:type rdf:resource='http://www.daml.org/2001/12/factbook/factbook-ont#AirportBreakdown'/>
    <NS0:paved>true</NS0:paved>
    <NS0:minRunway>3048</NS0:minRunway>
    <NS0:count>182</NS0:count>
  </rdf:Description>
  <rdf:Description rdf:about='#A110239'>
    <rdf:type rdf:resource='http://www.daml.org/2001/12/factbook/factbook-ont#ElevationExtreme'/>
    <NS0:name>Mount McKinley</NS0:name>
    <NS0:elevation>6194</NS0:elevation>
  </rdf:Description>
  <rdf:Description rdf:about='#A110620'>
    <rdf:type rdf:resource='#State'/>
    <NS0:name>Virginia</NS0:name>
  </rdf:Description>
  <rdf:Description rdf:about='#A110234'>
    <rdf:type rdf:resource='http://www.daml.org/2001/12/factbook/factbook-ont#ElevationExtreme'/>
    <NS0:name>Death Valley</NS0:name>
    <NS0:elevation>-86</NS0:elevation>
  </rdf:Description>
  <rdf:Description rdf:about='#A111000'>
    <rdf:type rdf:resource='http://www.daml.org/2001/12/factbook/factbook-ont#Port'/>
    <NS0:name>Toledo</NS0:name>
  </rdf:Description>
  <rdf:Description rdf:about='#A110616'>
    <rdf:type rdf:resource='#State'/>
    <NS0:name>Vermont</NS0:name>
  </rdf:Description>
  <rdf:Description rdf:about='#A110996'>
    <rdf:type rdf:resource='http://www.daml.org/2001/12/factbook/factbook-ont#Port'/>
    <NS0:name>Tampa</NS0:name>
  </rdf:Description>
  <rdf:Description rdf:about='#A110612'>
    <rdf:type rdf:resource='#State'/>
    <NS0:name>Utah</NS0:name>
  </rdf:Description>
  <rdf:Description rdf:about='#A110419'>
    <rdf:type rdf:resource='http://www.daml.org/2001/12/factbook/factbook-ont#Estimate'/>
    <NS0:year>1979</NS0:year>
  </rdf:Description>
  <rdf:Description rdf:about='#A110992'>
    <rdf:type rdf:resource='http://www.daml.org/2001/12/factbook/factbook-ont#Port'/>
    <NS0:name>Seattle</NS0:name>
  </rdf:Description>
  <rdf:Description rdf:about='#A110608'>
    <rdf:type rdf:resource='#State'/>
    <NS0:name>Texas</NS0:name>
  </rdf:Description>
  <rdf:Description rdf:about='#A110988'>
    <rdf:type rdf:resource='http://www.daml.org/2001/12/factbook/factbook-ont#Port'/>
    <NS0:name>Savannah</NS0:name>
  </rdf:Description>
  <rdf:Description rdf:about='#A110604'>
    <rdf:type rdf:resource='#State'/>
    <NS0:name>Tennessee</NS0:name>
  </rdf:Description>
  <rdf:Description rdf:about='#A110984'>
    <rdf:type rdf:resource='http://www.daml.org/2001/12/factbook/factbook-ont#Port'/>
    <NS0:name>San Francisco</NS0:name>
  </rdf:Description>
  <rdf:Description rdf:about='#A110320'>
    <rdf:type rdf:resource='http://www.daml.org/2001/12/factbook/factbook-ont#Estimate'/>
    <NS0:year>2001</NS0:year>
  </rdf:Description>
  <rdf:Description rdf:about='#A110600'>
    <rdf:type rdf:resource='#State'/>
    <NS0:name>South Dakota</NS0:name>
  </rdf:Description>
  <rdf:Description rdf:about='#A110217'>
    <rdf:type rdf:resource='http://www.daml.org/2001/12/factbook/factbook-ont#LatLon'/>
    <NS0:latitude>38.0</NS0:latitude>
    <NS0:longitude>-97.0</NS0:longitude>
  </rdf:Description>
  <rdf:Description rdf:about='#A110980'>
    <rdf:type rdf:resource='http://www.daml.org/2001/12/factbook/factbook-ont#Port'/>
    <NS0:name>Prudhoe Bay</NS0:name>
  </rdf:Description>
  <rdf:Description rdf:about='#A110596'>
    <rdf:type rdf:resource='#State'/>
    <NS0:name>South Carolina</NS0:name>
  </rdf:Description>
  <rdf:Description rdf:about='#A110976'>
    <rdf:type rdf:resource='http://www.daml.org/2001/12/factbook/factbook-ont#Port'/>
    <NS0:name>Portland</NS0:name>
  </rdf:Description>
  <rdf:Description rdf:about='#A110592'>
    <rdf:type rdf:resource='#State'/>
    <NS0:name>Rhode Island</NS0:name>
  </rdf:Description>
  <rdf:Description rdf:about='#A110972'>
    <rdf:type rdf:resource='http://www.daml.org/2001/12/factbook/factbook-ont#Port'/>
    <NS0:name>Port Canaveral</NS0:name>
  </rdf:Description>
  <rdf:Description rdf:about='#A110379'>
    <NS0:year>1992</NS0:year>
  </rdf:Description>
  <rdf:Description rdf:about='#A110588'>
    <rdf:type rdf:resource='#State'/>
    <NS0:name>Pennsylvania</NS0:name>
  </rdf:Description>
  <rdf:Description rdf:about='#A110968'>
    <rdf:type rdf:resource='http://www.daml.org/2001/12/factbook/factbook-ont#Port'/>
    <NS0:name>Philadelphia</NS0:name>
  </rdf:Description>
  <rdf:Description rdf:about='#A110584'>
    <rdf:type rdf:resource='#State'/>
    <NS0:name>Oregon</NS0:name>
  </rdf:Description>
  <rdf:Description rdf:about='#A110964'>
    <rdf:type rdf:resource='http://www.daml.org/2001/12/factbook/factbook-ont#Port'/>
    <NS0:name>New York</NS0:name>
  </rdf:Description>
  <rdf:Description rdf:about='#A110900'>
    <NS0:year>1997</NS0:year>
  </rdf:Description>
  <rdf:Description rdf:about='#A110580'>
    <rdf:type rdf:resource='#State'/>
    <NS0:name>Oklahoma</NS0:name>
  </rdf:Description>
  <rdf:Description rdf:about='#A110960'>
    <rdf:type rdf:resource='http://www.daml.org/2001/12/factbook/factbook-ont#Port'/>
    <NS0:name>New Orleans</NS0:name>
  </rdf:Description>
  <rdf:Description rdf:about='#A130876'>
    <rdf:type rdf:resource='http://www.daml.org/2001/12/factbook/factbook-ont#CountryPercent'/>
    <NS0:country rdf:resource='http://www.daml.org/2001/09/countries/fips#TW'/>
  </rdf:Description>
  <rdf:Description rdf:about='#A110576'>
    <rdf:type rdf:resource='#State'/>
    <NS0:name>Ohio</NS0:name>
  </rdf:Description>
  <rdf:Description rdf:about='#A111086'>
    <rdf:type rdf:resource='http://www.daml.org/2001/12/factbook/factbook-ont#Estimate'/>
    <NS0:note>FY99</NS0:note>
  </rdf:Description>
  <rdf:Description rdf:about='#A110956'>
    <rdf:type rdf:resource='http://www.daml.org/2001/12/factbook/factbook-ont#Port'/>
    <NS0:name>Los Angeles</NS0:name>
  </rdf:Description>
  <rdf:Description rdf:about='#A130872'>
    <rdf:type rdf:resource='http://www.daml.org/2001/12/factbook/factbook-ont#CountryPercent'/>
    <NS0:country rdf:resource='http://www.daml.org/2001/09/countries/fips#UK'/>
  </rdf:Description>
  <rdf:Description rdf:about='#A110572'>
    <rdf:type rdf:resource='#State'/>
    <NS0:name>North Dakota</NS0:name>
  </rdf:Description>
  <rdf:Description rdf:about='#A110952'>
    <rdf:type rdf:resource='http://www.daml.org/2001/12/factbook/factbook-ont#Port'/>
    <NS0:name>Jacksonville</NS0:name>
  </rdf:Description>
  <rdf:Description rdf:about='#A110727'>
    <rdf:type rdf:resource='http://www.daml.org/2001/12/factbook/factbook-ont#Estimate'/>
    <NS0:year>2000</NS0:year>
  </rdf:Description>
  <rdf:Description rdf:about='#A130867'>
    <rdf:type rdf:resource='http://www.daml.org/2001/12/factbook/factbook-ont#CountryPercent'/>
    <NS0:country rdf:resource='http://www.daml.org/2001/09/countries/fips#GM'/>
    <NS0:percent>5</NS0:percent>
  </rdf:Description>
  <rdf:Description rdf:about='#A110568'>
    <rdf:type rdf:resource='#State'/>
    <NS0:name>North Carolina</NS0:name>
  </rdf:Description>
  <rdf:Description rdf:about='#A110948'>
    <rdf:type rdf:resource='http://www.daml.org/2001/12/factbook/factbook-ont#Port'/>
    <NS0:name>Houston</NS0:name>
  </rdf:Description>
  <rdf:Description rdf:about='#A110564'>
    <rdf:type rdf:resource='#State'/>
    <NS0:name>New York</NS0:name>
  </rdf:Description>
  <rdf:Description rdf:about='#A130862'>
    <rdf:type rdf:resource='http://www.daml.org/2001/12/factbook/factbook-ont#CountryPercent'/>
    <NS0:country rdf:resource='http://www.daml.org/2001/09/countries/fips#CH'/>
    <NS0:percent>8</NS0:percent>
  </rdf:Description>
  <rdf:Description rdf:about='#A110405'>
    <NS0:year>1989</NS0:year>
  </rdf:Description>
  <rdf:Description rdf:about='#A110944'>
    <rdf:type rdf:resource='http://www.daml.org/2001/12/factbook/factbook-ont#Port'/>
    <NS0:name>Honolulu</NS0:name>
  </rdf:Description>
  <rdf:Description rdf:about='#A110560'>
    <rdf:type rdf:resource='#State'/>
    <NS0:name>New Mexico</NS0:name>
  </rdf:Description>
  <rdf:Description rdf:about='#A130857'>
    <rdf:type rdf:resource='http://www.daml.org/2001/12/factbook/factbook-ont#CountryPercent'/>
    <NS0:country rdf:resource='http://www.daml.org/2001/09/countries/fips#MX'/>
    <NS0:percent>11</NS0:percent>
  </rdf:Description>
  <rdf:Description rdf:about='#A111083'>
    <rdf:type rdf:resource='http://www.daml.org/2001/12/factbook/factbook-ont#Estimate'/>
    <NS0:note>FY99</NS0:note>
  </rdf:Description>
  <rdf:Description rdf:about='#A110940'>
    <rdf:type rdf:resource='http://www.daml.org/2001/12/factbook/factbook-ont#Port'/>
    <NS0:name>Hampton Roads</NS0:name>
  </rdf:Description>
  <rdf:Description rdf:about='#A110556'>
    <rdf:type rdf:resource='#State'/>
    <NS0:name>New Jersey</NS0:name>
  </rdf:Description>
  <rdf:Description rdf:about='#A110936'>
    <rdf:type rdf:resource='http://www.daml.org/2001/12/factbook/factbook-ont#Port'/>
    <NS0:name>Duluth</NS0:name>
  </rdf:Description>
  <rdf:Description rdf:about='#A130852'>
    <rdf:type rdf:resource='http://www.daml.org/2001/12/factbook/factbook-ont#CountryPercent'/>
    <NS0:country rdf:resource='http://www.daml.org/2001/09/countries/fips#JA'/>
    <NS0:percent>11</NS0:percent>
  </rdf:Description>
  <rdf:Description rdf:about='#A110552'>
    <rdf:type rdf:resource='#State'/>
    <NS0:name>New Hampshire</NS0:name>
  </rdf:Description>
  <rdf:Description rdf:about='#A110724'>
    <rdf:type rdf:resource='http://www.daml.org/2001/12/factbook/factbook-ont#Estimate'/>
    <NS0:year>2000</NS0:year>
  </rdf:Description>
  <rdf:Description rdf:about='#A110932'>
    <rdf:type rdf:resource='http://www.daml.org/2001/12/factbook/factbook-ont#Port'/>
    <NS0:name>Chicago</NS0:name>
  </rdf:Description>
  <rdf:Description rdf:about='#District'>
    <rdf:type rdf:resource='http://www.w3.org/2000/01/rdf-schema#Class'/>
    <rdfs:subClassOf rdf:resource='http://www.daml.org/2001/12/factbook/factbook-ont#AdministrativeDivision'/>
    <rdfs:label>District</rdfs:label>
  </rdf:Description>
  <rdf:Description rdf:about='#A130847'>
    <rdf:type rdf:resource='http://www.daml.org/2001/12/factbook/factbook-ont#CountryPercent'/>
    <NS0:country rdf:resource='http://www.daml.org/2001/09/countries/fips#CA'/>
    <NS0:percent>19</NS0:percent>
  </rdf:Description>
  <rdf:Description rdf:about='#A110548'>
    <rdf:type rdf:resource='#State'/>
    <NS0:name>Nevada</NS0:name>
  </rdf:Description>
  <rdf:Description rdf:about='#A110895'>
    <NS0:year>1998</NS0:year>
  </rdf:Description>
  <rdf:Description rdf:about='#A110911'>
    <NS0:note>including 74,091 km of expressways</NS0:note>
  </rdf:Description>
  <rdf:Description rdf:about='#A110928'>
    <rdf:type rdf:resource='http://www.daml.org/2001/12/factbook/factbook-ont#Port'/>
    <NS0:name>Charleston</NS0:name>
  </rdf:Description>
  <rdf:Description rdf:about='#A110809'>
    <rdf:type rdf:resource='http://www.daml.org/2001/12/factbook/factbook-ont#Estimate'/>
    <NS0:year>2000</NS0:year>
  </rdf:Description>
  <rdf:Description rdf:about='#A110544'>
    <rdf:type rdf:resource='#State'/>
    <NS0:name>Nebraska</NS0:name>
  </rdf:Description>
  <rdf:Description rdf:about='#A130842'>
    <rdf:type rdf:resource='http://www.daml.org/2001/12/factbook/factbook-ont#CountryPercent'/>
    <NS0:country rdf:resource='http://www.daml.org/2001/09/countries/fips#NL'/>
  </rdf:Description>
  <rdf:Description rdf:about='#A110924'>
    <rdf:type rdf:resource='http://www.daml.org/2001/12/factbook/factbook-ont#Port'/>
    <NS0:name>Boston</NS0:name>
  </rdf:Description>
  <rdf:Description rdf:about='#A110540'>
    <rdf:type rdf:resource='#State'/>
    <NS0:name>Montana</NS0:name>
  </rdf:Description>
  <rdf:Description rdf:about='#A130838'>
    <rdf:type rdf:resource='http://www.daml.org/2001/12/factbook/factbook-ont#CountryPercent'/>
    <NS0:country rdf:resource='http://www.daml.org/2001/09/countries/fips#FR'/>
  </rdf:Description>
  <rdf:Description rdf:about='#A110920'>
    <rdf:type rdf:resource='http://www.daml.org/2001/12/factbook/factbook-ont#Port'/>
    <NS0:name>Baltimore</NS0:name>
  </rdf:Description>
  <rdf:Description rdf:about='#A110536'>
    <rdf:type rdf:resource='#State'/>
    <NS0:name>Missouri</NS0:name>
  </rdf:Description>
  <rdf:Description rdf:about='#A130833'>
    <rdf:type rdf:resource='http://www.daml.org/2001/12/factbook/factbook-ont#CountryPercent'/>
    <NS0:country rdf:resource='http://www.daml.org/2001/09/countries/fips#GM'/>
    <NS0:percent>4</NS0:percent>
  </rdf:Description>
  <rdf:Description rdf:about='#A110916'>
    <rdf:type rdf:resource='http://www.daml.org/2001/12/factbook/factbook-ont#Port'/>
    <NS0:name>Anchorage</NS0:name>
  </rdf:Description>
  <rdf:Description rdf:about='#A110311'>
    <rdf:type rdf:resource='http://www.daml.org/2001/12/factbook/factbook-ont#Estimate'/>
    <NS0:year>2001</NS0:year>
  </rdf:Description>
  <rdf:Description rdf:about='#A110532'>
    <rdf:type rdf:resource='#State'/>
    <NS0:name>Mississippi</NS0:name>
  </rdf:Description>
  <rdf:Description rdf:about='#A130828'>
    <rdf:type rdf:resource='http://www.daml.org/2001/12/factbook/factbook-ont#CountryPercent'/>
    <NS0:country rdf:resource='http://www.daml.org/2001/09/countries/fips#UK'/>
    <NS0:percent>5</NS0:percent>
  </rdf:Description>
  <rdf:Description rdf:about='#A110528'>
    <rdf:type rdf:resource='#State'/>
    <NS0:name>Minnesota</NS0:name>
  </rdf:Description>
  <rdf:Description rdf:about='#A131208'>
    <rdf:type rdf:resource='http://www.daml.org/2001/12/factbook/factbook-ont#CountryPercent'/>
    <NS0:country rdf:resource='http://www.daml.org/2001/09/countries/fips#TW'/>
  </rdf:Description>
  <rdf:Description rdf:about='#A110355'>
    <rdf:type rdf:resource='http://www.daml.org/2001/12/factbook/factbook-ont#Estimate'/>
    <NS0:year>2001</NS0:year>
  </rdf:Description>
  <rdf:Description rdf:about='#A110524'>
    <rdf:type rdf:resource='#State'/>
    <NS0:name>Michigan</NS0:name>
  </rdf:Description>
  <rdf:Description rdf:about='#A130823'>
    <rdf:type rdf:resource='http://www.daml.org/2001/12/factbook/factbook-ont#CountryPercent'/>
    <NS0:country rdf:resource='http://www.daml.org/2001/09/countries/fips#JA'/>
    <NS0:percent>8</NS0:percent>
  </rdf:Description>
  <rdf:Description rdf:about='http://www.daml.org/2001/09/countries/fips#US'>
    <NS0:background>The United States became the world&apos;s first modern democracy after its break with Great Britain (1776) and the adoption of a constitution (1789). During the 19th century, many new states were added to the original 13 as the nation expanded across the North American continent and acquired a number of overseas possessions. The two most traumatic experiences in the nation&apos;s history were the Civil War (1861-65) and the Great Depression of the 1930s. Buoyed by victories in World Wars I and II and the end of the Cold War in 1991, the US remains the world&apos;s most powerful nation-state. The economy is marked by steady growth, low unemployment and inflation, and rapid advances in technology.</NS0:background>
    <NS0:location>North America, bordering both the North Atlantic Ocean and the North Pacific Ocean, between Canada and Mexico</NS0:location>
    <NS0:geographicCoordinates rdf:resource='#A110217'/>
    <NS0:mapReferences>North America</NS0:mapReferences>
    <NS0:totalArea>9629091</NS0:totalArea>
    <NS0:landArea>9158960</NS0:landArea>
    <NS0:waterArea>470131</NS0:waterArea>
    <NS0:comparativeArea>about one-half the size of Russia; about three-tenths the size of Africa; about one-half the size of South America (or slightly larger than Brazil); slightly larger than China; about two and one-half times the size of Western Europe</NS0:comparativeArea>
    <NS0:landBoundaries>12248</NS0:landBoundaries>
    <NS0:coastline>19924</NS0:coastline>
    <NS0:contiguousZone>24</NS0:contiguousZone>
    <NS0:exclusiveEconomicZone>200</NS0:exclusiveEconomicZone>
    <NS0:territorialSea>12</NS0:territorialSea>
    <NS0:climate>mostly temperate, but tropical in Hawaii and Florida, arctic in Alaska, semiarid in the great plains west of the Mississippi River, and arid in the Great Basin of the southwest; low winter temperatures in the northwest are ameliorated occasionally in January and February by warm chinook winds from the eastern slopes of the Rocky Mountains</NS0:climate>
    <NS0:terrain>vast central plain, mountains in west, hills and low mountains in east; rugged mountains and broad river valleys in Alaska; rugged, volcanic topography in Hawaii</NS0:terrain>
    <NS0:lowestPoint rdf:resource='#A110234'/>
    <NS0:highestPoint rdf:resource='#A110239'/>
    <NS0:naturalResource rdf:resource='http://www.daml.org/2001/12/factbook/naturalResources#coal'/>
    <NS0:naturalResource rdf:resource='http://www.daml.org/2001/12/factbook/naturalResources#copper'/>
    <NS0:naturalResource rdf:resource='http://www.daml.org/2001/12/factbook/naturalResources#lead'/>
    <NS0:naturalResource rdf:resource='http://www.daml.org/2001/12/factbook/naturalResources#molybdenum'/>
    <NS0:naturalResource rdf:resource='http://www.daml.org/2001/12/factbook/naturalResources#phosphates'/>
    <NS0:naturalResource rdf:resource='http://www.daml.org/2001/12/factbook/naturalResources#uranium'/>
    <NS0:naturalResource rdf:resource='http://www.daml.org/2001/12/factbook/naturalResources#bauxite'/>
    <NS0:naturalResource rdf:resource='http://www.daml.org/2001/12/factbook/naturalResources#gold'/>
    <NS0:naturalResource rdf:resource='http://www.daml.org/2001/12/factbook/naturalResources#iron'/>
    <NS0:naturalResource rdf:resource='http://www.daml.org/2001/12/factbook/naturalResources#mercury'/>
    <NS0:naturalResource rdf:resource='http://www.daml.org/2001/12/factbook/naturalResources#nickel'/>
    <NS0:naturalResource rdf:resource='http://www.daml.org/2001/12/factbook/naturalResources#potash'/>
    <NS0:naturalResource rdf:resource='http://www.daml.org/2001/12/factbook/naturalResources#silver'/>
    <NS0:naturalResource rdf:resource='http://www.daml.org/2001/12/factbook/naturalResources#tungsten'/>
    <NS0:naturalResource rdf:resource='http://www.daml.org/2001/12/factbook/naturalResources#zinc'/>
    <NS0:naturalResource rdf:resource='http://www.daml.org/2001/12/factbook/naturalResources#petroleum'/>
    <NS0:naturalResource rdf:resource='http://www.daml.org/2001/12/factbook/naturalResources#natural_gas'/>
    <NS0:naturalResource rdf:resource='http://www.daml.org/2001/12/factbook/naturalResources#timber'/>
    <NS0:arableLand>19</NS0:arableLand>
    <NS0:permanentCrops>0</NS0:permanentCrops>
    <NS0:permanentPastures>25</NS0:permanentPastures>
    <NS0:forestsAndWoodland>30</NS0:forestsAndWoodland>
    <NS0:otherLandUse rdf:ID='A110266'>26</NS0:otherLandUse>
    <NS0:irrigatedLand rdf:ID='A110269'>207000</NS0:irrigatedLand>
    <NS0:naturalHazard>tsunamis, volcanoes, and earthquake activity around Pacific Basin</NS0:naturalHazard>
    <NS0:naturalHazard>hurricanes along the Atlantic and Gulf of Mexico coasts</NS0:naturalHazard>
    <NS0:naturalHazard>tornadoes in the midwest and southeast</NS0:naturalHazard>
    <NS0:naturalHazard>mud slides in California</NS0:naturalHazard>
    <NS0:naturalHazard>forest fires in the west</NS0:naturalHazard>
    <NS0:naturalHazard>flooding</NS0:naturalHazard>
    <NS0:naturalHazard>permafrost in northern Alaska, a major impediment to development</NS0:naturalHazard>
    <NS0:environmentalIssue>air pollution resulting in acid rain in both the US and Canada</NS0:environmentalIssue>
    <NS0:environmentalIssue>the US is the largest single emitter of carbon dioxide from the burning of fossil fuels</NS0:environmentalIssue>
    <NS0:environmentalIssue>water pollution from runoff of pesticides and fertilizers</NS0:environmentalIssue>
    <NS0:environmentalIssue>very limited natural fresh water resources in much of the western part of the country require careful management</NS0:environmentalIssue>
    <NS0:environmentalIssue>desertification</NS0:environmentalIssue>
    <NS0:environmentalAgreementPartyTo rdf:resource='http://www.daml.org/2001/12/factbook/environmentalAgreements#Air_Pollution'/>
    <NS0:environmentalAgreementPartyTo rdf:resource='http://www.daml.org/2001/12/factbook/environmentalAgreements#Air_Pollution-Nitrogen_Oxides'/>
    <NS0:environmentalAgreementPartyTo rdf:resource='http://www.daml.org/2001/12/factbook/environmentalAgreements#Antarctic-Environmental_Protocol'/>
    <NS0:environmentalAgreementPartyTo rdf:resource='http://www.daml.org/2001/12/factbook/environmentalAgreements#Antarctic-Marine_Living_Resources'/>
    <NS0:environmentalAgreementPartyTo rdf:resource='http://www.daml.org/2001/12/factbook/environmentalAgreements#Antarctic_Seals'/>
    <NS0:environmentalAgreementPartyTo rdf:resource='http://www.daml.org/2001/12/factbook/environmentalAgreements#Antarctic_Treaty'/>
    <NS0:environmentalAgreementPartyTo rdf:resource='http://www.daml.org/2001/12/factbook/environmentalAgreements#Climate_Change'/>
    <NS0:environmentalAgreementPartyTo rdf:resource='http://www.daml.org/2001/12/factbook/environmentalAgreements#Desertification'/>
    <NS0:environmentalAgreementPartyTo rdf:resource='http://www.daml.org/2001/12/factbook/environmentalAgreements#Endangered_Species'/>
    <NS0:environmentalAgreementPartyTo rdf:resource='http://www.daml.org/2001/12/factbook/environmentalAgreements#Environmental_Modification'/>
    <NS0:environmentalAgreementPartyTo rdf:resource='http://www.daml.org/2001/12/factbook/environmentalAgreements#Marine_Dumping'/>
    <NS0:environmentalAgreementPartyTo rdf:resource='http://www.daml.org/2001/12/factbook/environmentalAgreements#Marine_Life_Conservation'/>
    <NS0:environmentalAgreementPartyTo rdf:resource='http://www.daml.org/2001/12/factbook/environmentalAgreements#Nuclear_Test_Ban'/>
    <NS0:environmentalAgreementPartyTo rdf:resource='http://www.daml.org/2001/12/factbook/environmentalAgreements#Ozone_Layer_Protection'/>
    <NS0:environmentalAgreementPartyTo rdf:resource='http://www.daml.org/2001/12/factbook/environmentalAgreements#Ship_Pollution'/>
    <NS0:environmentalAgreementPartyTo rdf:resource='http://www.daml.org/2001/12/factbook/environmentalAgreements#Tropical_Timber_83'/>
    <NS0:environmentalAgreementPartyTo rdf:resource='http://www.daml.org/2001/12/factbook/environmentalAgreements#Tropical_Timber_94'/>
    <NS0:environmentalAgreementPartyTo rdf:resource='http://www.daml.org/2001/12/factbook/environmentalAgreements#Wetlands'/>
    <NS0:environmentalAgreementPartyTo rdf:resource='http://www.daml.org/2001/12/factbook/environmentalAgreements#Whaling'/>
    <NS0:environmentalAgreementSigned rdf:resource='http://www.daml.org/2001/12/factbook/environmentalAgreements#Air_Pollution-Persistent_Organic_Pollutants'/>
    <NS0:environmentalAgreementSigned rdf:resource='http://www.daml.org/2001/12/factbook/environmentalAgreements#Air_Pollution-Volatile_Organic_Compounds'/>
    <NS0:environmentalAgreementSigned rdf:resource='http://www.daml.org/2001/12/factbook/environmentalAgreements#Biodiversity'/>
    <NS0:environmentalAgreementSigned rdf:resource='http://www.daml.org/2001/12/factbook/environmentalAgreements#Climate_Change-Kyoto_Protocol'/>
    <NS0:environmentalAgreementSigned rdf:resource='http://www.daml.org/2001/12/factbook/environmentalAgreements#Hazardous_Wastes'/>
    <NS0:population rdf:ID='A110308'>278058881</NS0:population>
    <NS0:populationGrowthRate rdf:ID='A110311'>0.9</NS0:populationGrowthRate>
    <NS0:birthRate rdf:ID='A110314'>14.2</NS0:birthRate>
    <NS0:deathRate rdf:ID='A110317'>8.7</NS0:deathRate>
    <NS0:netMigrationRate rdf:ID='A110320'>3.5</NS0:netMigrationRate>
    <NS0:sexRatio rdf:resource='#A110323'/>
    <NS0:sexRatio rdf:resource='#A110329'/>
    <NS0:sexRatio rdf:resource='#A110335'/>
    <NS0:sexRatio rdf:resource='#A110341'/>
    <NS0:sexRatio rdf:ID='A110349' rdf:resource='#A110346'/>
    <NS0:infantMortalityRate rdf:ID='A110352'>6.76</NS0:infantMortalityRate>
    <NS0:totalFertilityRate rdf:ID='A110355'>2.06</NS0:totalFertilityRate>
    <NS0:nationalityNoun>American(s)</NS0:nationalityNoun>
    <NS0:nationalityAdjective>American</NS0:nationalityAdjective>
    <NS0:ethnicGroup rdf:resource='#A110360'/>
    <NS0:ethnicGroup rdf:resource='#A110365'/>
    <NS0:ethnicGroup rdf:resource='#A110370'/>
    <NS0:ethnicGroup rdf:ID='A110379' rdf:resource='#A110375'/>
    <NS0:religion rdf:resource='#A110381'/>
    <NS0:religion rdf:resource='#A110386'/>
    <NS0:religion rdf:resource='#A110391'/>
    <NS0:religion rdf:resource='#A110396'/>
    <NS0:religion rdf:ID='A110405' rdf:resource='#A110401'/>
    <NS0:language rdf:resource='#A110407'/>
    <NS0:language rdf:ID='A110414' rdf:resource='#A110411'/>
    <NS0:literacyDefinition>age 15 and over can read and write</NS0:literacyDefinition>
    <NS0:literacyTotal>97</NS0:literacyTotal>
    <NS0:literacyMale>97</NS0:literacyMale>
    <NS0:literacyFemale rdf:ID='A110419'>97</NS0:literacyFemale>
    <NS0:conventionalLongCountryName>United States of America</NS0:conventionalLongCountryName>
    <NS0:conventionalShortCountryName>United States</NS0:conventionalShortCountryName>
    <NS0:countryAbbreviation>US or USA</NS0:countryAbbreviation>
    <NS0:governmentType rdf:resource='http://www.daml.org/2001/12/factbook/governmentTypes#federal_republic;_strong_democratic_tradition'/>
    <NS0:capital rdf:resource='#A110426'/>
    <NS0:administrativeDivision rdf:resource='#A110436'/>
    <NS0:administrativeDivision rdf:resource='#A110440'/>
    <NS0:administrativeDivision rdf:resource='#A110444'/>
    <NS0:administrativeDivision rdf:resource='#A110448'/>
    <NS0:administrativeDivision rdf:resource='#A110452'/>
    <NS0:administrativeDivision rdf:resource='#A110456'/>
    <NS0:administrativeDivision rdf:resource='#A110460'/>
    <NS0:administrativeDivision rdf:resource='#A110464'/>
    <NS0:administrativeDivision rdf:resource='#A110468'/>
    <NS0:administrativeDivision rdf:resource='#A110472'/>
    <NS0:administrativeDivision rdf:resource='#A110476'/>
    <NS0:administrativeDivision rdf:resource='#A110480'/>
    <NS0:administrativeDivision rdf:resource='#A110484'/>
    <NS0:administrativeDivision rdf:resource='#A110488'/>
    <NS0:administrativeDivision rdf:resource='#A110492'/>
    <NS0:administrativeDivision rdf:resource='#A110496'/>
    <NS0:administrativeDivision rdf:resource='#A110500'/>
    <NS0:administrativeDivision rdf:resource='#A110504'/>
    <NS0:administrativeDivision rdf:resource='#A110508'/>
    <NS0:administrativeDivision rdf:resource='#A110512'/>
    <NS0:administrativeDivision rdf:resource='#A110516'/>
    <NS0:administrativeDivision rdf:resource='#A110520'/>
    <NS0:administrativeDivision rdf:resource='#A110524'/>
    <NS0:administrativeDivision rdf:resource='#A110528'/>
    <NS0:administrativeDivision rdf:resource='#A110532'/>
    <NS0:administrativeDivision rdf:resource='#A110536'/>
    <NS0:administrativeDivision rdf:resource='#A110540'/>
    <NS0:administrativeDivision rdf:resource='#A110544'/>
    <NS0:administrativeDivision rdf:resource='#A110548'/>
    <NS0:administrativeDivision rdf:resource='#A110552'/>
    <NS0:administrativeDivision rdf:resource='#A110556'/>
    <NS0:administrativeDivision rdf:resource='#A110560'/>
    <NS0:administrativeDivision rdf:resource='#A110564'/>
    <NS0:administrativeDivision rdf:resource='#A110568'/>
    <NS0:administrativeDivision rdf:resource='#A110572'/>
    <NS0:administrativeDivision rdf:resource='#A110576'/>
    <NS0:administrativeDivision rdf:resource='#A110580'/>
    <NS0:administrativeDivision rdf:resource='#A110584'/>
    <NS0:administrativeDivision rdf:resource='#A110588'/>
    <NS0:administrativeDivision rdf:resource='#A110592'/>
    <NS0:administrativeDivision rdf:resource='#A110596'/>
    <NS0:administrativeDivision rdf:resource='#A110600'/>
    <NS0:administrativeDivision rdf:resource='#A110604'/>
    <NS0:administrativeDivision rdf:resource='#A110608'/>
    <NS0:administrativeDivision rdf:resource='#A110612'/>
    <NS0:administrativeDivision rdf:resource='#A110616'/>
    <NS0:administrativeDivision rdf:resource='#A110620'/>
    <NS0:administrativeDivision rdf:resource='#A110624'/>
    <NS0:administrativeDivision rdf:resource='#A110628'/>
    <NS0:administrativeDivision rdf:resource='#A110632'/>
    <NS0:administrativeDivision rdf:resource='#A110636'/>
    <NS0:independence>4 July 1776 (from Great Britain)</NS0:independence>
    <NS0:constitution>17 September 1787, effective 4 March 1789</NS0:constitution>
    <NS0:legalSystem>based on English common law; judicial review of legislative acts; accepts compulsory ICJ jurisdiction, with reservations</NS0:legalSystem>
    <NS0:suffrage>18 years of age; universal</NS0:suffrage>
    <NS0:participatesIn rdf:resource='http://www.daml.org/2001/12/factbook/internationalOrganizations#APEC'/>
    <NS0:participatesIn rdf:resource='http://www.daml.org/2001/12/factbook/internationalOrganizations#ARF'/>
    <NS0:participatesIn rdf:resource='http://www.daml.org/2001/12/factbook/internationalOrganizations#AsDB'/>
    <NS0:participatesIn rdf:resource='http://www.daml.org/2001/12/factbook/internationalOrganizations#ASEAN'/>
    <NS0:participatesIn rdf:resource='http://www.daml.org/2001/12/factbook/internationalOrganizations#Australia_Group'/>
    <NS0:participatesIn rdf:resource='http://www.daml.org/2001/12/factbook/internationalOrganizations#BIS'/>
    <NS0:participatesIn rdf:resource='http://www.daml.org/2001/12/factbook/internationalOrganizations#CCC'/>
    <NS0:participatesIn rdf:resource='http://www.daml.org/2001/12/factbook/internationalOrganizations#CE'/>
    <NS0:participatesIn rdf:resource='http://www.daml.org/2001/12/factbook/internationalOrganizations#CERN'/>
    <NS0:participatesIn rdf:resource='http://www.daml.org/2001/12/factbook/internationalOrganizations#CP'/>
    <NS0:participatesIn rdf:resource='http://www.daml.org/2001/12/factbook/internationalOrganizations#EAPC'/>
    <NS0:participatesIn rdf:resource='http://www.daml.org/2001/12/factbook/internationalOrganizations#EBRD'/>
    <NS0:participatesIn rdf:resource='http://www.daml.org/2001/12/factbook/internationalOrganizations#ECE'/>
    <NS0:participatesIn rdf:resource='http://www.daml.org/2001/12/factbook/internationalOrganizations#ECLAC'/>
    <NS0:participatesIn rdf:resource='http://www.daml.org/2001/12/factbook/internationalOrganizations#ESCAP'/>
    <NS0:participatesIn rdf:resource='http://www.daml.org/2001/12/factbook/internationalOrganizations#FAO'/>
    <NS0:participatesIn rdf:resource='http://www.daml.org/2001/12/factbook/internationalOrganizations#G-5'/>
    <NS0:participatesIn rdf:resource='http://www.daml.org/2001/12/factbook/internationalOrganizations#G-7'/>
    <NS0:participatesIn rdf:resource='http://www.daml.org/2001/12/factbook/internationalOrganizations#G-10'/>
    <NS0:participatesIn rdf:resource='http://www.daml.org/2001/12/factbook/internationalOrganizations#IADB'/>
    <NS0:participatesIn rdf:resource='http://www.daml.org/2001/12/factbook/internationalOrganizations#IAEA'/>
    <NS0:participatesIn rdf:resource='http://www.daml.org/2001/12/factbook/internationalOrganizations#IBRD'/>
    <NS0:participatesIn rdf:resource='http://www.daml.org/2001/12/factbook/internationalOrganizations#ICAO'/>
    <NS0:participatesIn rdf:resource='http://www.daml.org/2001/12/factbook/internationalOrganizations#ICC'/>
    <NS0:participatesIn rdf:resource='http://www.daml.org/2001/12/factbook/internationalOrganizations#ICFTU'/>
    <NS0:participatesIn rdf:resource='http://www.daml.org/2001/12/factbook/internationalOrganizations#ICRM'/>
    <NS0:participatesIn rdf:resource='http://www.daml.org/2001/12/factbook/internationalOrganizations#IDA'/>
    <NS0:participatesIn rdf:resource='http://www.daml.org/2001/12/factbook/internationalOrganizations#IEA'/>
    <NS0:participatesIn rdf:resource='http://www.daml.org/2001/12/factbook/internationalOrganizations#IFAD'/>
    <NS0:participatesIn rdf:resource='http://www.daml.org/2001/12/factbook/internationalOrganizations#IFC'/>
    <NS0:participatesIn rdf:resource='http://www.daml.org/2001/12/factbook/internationalOrganizations#IFRCS'/>
    <NS0:participatesIn rdf:resource='http://www.daml.org/2001/12/factbook/internationalOrganizations#IHO'/>
    <NS0:participatesIn rdf:resource='http://www.daml.org/2001/12/factbook/internationalOrganizations#ILO'/>
    <NS0:participatesIn rdf:resource='http://www.daml.org/2001/12/factbook/internationalOrganizations#IMF'/>
    <NS0:participatesIn rdf:resource='http://www.daml.org/2001/12/factbook/internationalOrganizations#IMO'/>
    <NS0:participatesIn rdf:resource='http://www.daml.org/2001/12/factbook/internationalOrganizations#Inmarsat'/>
    <NS0:participatesIn rdf:resource='http://www.daml.org/2001/12/factbook/internationalOrganizations#Intelsat'/>
    <NS0:participatesIn rdf:resource='http://www.daml.org/2001/12/factbook/internationalOrganizations#Interpol'/>
    <NS0:participatesIn rdf:resource='http://www.daml.org/2001/12/factbook/internationalOrganizations#IOC'/>
    <NS0:participatesIn rdf:resource='http://www.daml.org/2001/12/factbook/internationalOrganizations#IOM'/>
    <NS0:participatesIn rdf:resource='http://www.daml.org/2001/12/factbook/internationalOrganizations#ISO'/>
    <NS0:participatesIn rdf:resource='http://www.daml.org/2001/12/factbook/internationalOrganizations#ITU'/>
    <NS0:participatesIn rdf:resource='http://www.daml.org/2001/12/factbook/internationalOrganizations#MINURSO'/>
    <NS0:participatesIn rdf:resource='http://www.daml.org/2001/12/factbook/internationalOrganizations#MIPONUH'/>
    <NS0:participatesIn rdf:resource='http://www.daml.org/2001/12/factbook/internationalOrganizations#NAM'/>
    <NS0:participatesIn rdf:resource='http://www.daml.org/2001/12/factbook/internationalOrganizations#NATO'/>
    <NS0:participatesIn rdf:resource='http://www.daml.org/2001/12/factbook/internationalOrganizations#NEA'/>
    <NS0:participatesIn rdf:resource='http://www.daml.org/2001/12/factbook/internationalOrganizations#NSG'/>
    <NS0:participatesIn rdf:resource='http://www.daml.org/2001/12/factbook/internationalOrganizations#OAS'/>
    <NS0:participatesIn rdf:resource='http://www.daml.org/2001/12/factbook/internationalOrganizations#OECD'/>
    <NS0:participatesIn rdf:resource='http://www.daml.org/2001/12/factbook/internationalOrganizations#OPCW'/>
    <NS0:participatesIn rdf:resource='http://www.daml.org/2001/12/factbook/internationalOrganizations#OSCE'/>
    <NS0:participatesIn rdf:resource='http://www.daml.org/2001/12/factbook/internationalOrganizations#PCA'/>
    <NS0:participatesIn rdf:resource='http://www.daml.org/2001/12/factbook/internationalOrganizations#SPC'/>
    <NS0:participatesIn rdf:resource='http://www.daml.org/2001/12/factbook/internationalOrganizations#UN'/>
    <NS0:participatesIn rdf:resource='http://www.daml.org/2001/12/factbook/internationalOrganizations#UN_Security_Council'/>
    <NS0:participatesIn rdf:resource='http://www.daml.org/2001/12/factbook/internationalOrganizations#UNCTAD'/>
    <NS0:participatesIn rdf:resource='http://www.daml.org/2001/12/factbook/internationalOrganizations#UNHCR'/>
    <NS0:participatesIn rdf:resource='http://www.daml.org/2001/12/factbook/internationalOrganizations#UNIKOM'/>
    <NS0:participatesIn rdf:resource='http://www.daml.org/2001/12/factbook/internationalOrganizations#UNITAR'/>
    <NS0:participatesIn rdf:resource='http://www.daml.org/2001/12/factbook/internationalOrganizations#UNMEE'/>
    <NS0:participatesIn rdf:resource='http://www.daml.org/2001/12/factbook/internationalOrganizations#UNMIBH'/>
    <NS0:participatesIn rdf:resource='http://www.daml.org/2001/12/factbook/internationalOrganizations#UNMIK'/>
    <NS0:participatesIn rdf:resource='http://www.daml.org/2001/12/factbook/internationalOrganizations#UNOMIG'/>
    <NS0:participatesIn rdf:resource='http://www.daml.org/2001/12/factbook/internationalOrganizations#UNRWA'/>
    <NS0:participatesIn rdf:resource='http://www.daml.org/2001/12/factbook/internationalOrganizations#UNTAET'/>
    <NS0:participatesIn rdf:resource='http://www.daml.org/2001/12/factbook/internationalOrganizations#UNTSO'/>
    <NS0:participatesIn rdf:resource='http://www.daml.org/2001/12/factbook/internationalOrganizations#UNU'/>
    <NS0:participatesIn rdf:resource='http://www.daml.org/2001/12/factbook/internationalOrganizations#UPU'/>
    <NS0:participatesIn rdf:resource='http://www.daml.org/2001/12/factbook/internationalOrganizations#WCL'/>
    <NS0:participatesIn rdf:resource='http://www.daml.org/2001/12/factbook/internationalOrganizations#WHO'/>
    <NS0:participatesIn rdf:resource='http://www.daml.org/2001/12/factbook/internationalOrganizations#WIPO'/>
    <NS0:participatesIn rdf:resource='http://www.daml.org/2001/12/factbook/internationalOrganizations#WMO'/>
    <NS0:participatesIn rdf:resource='http://www.daml.org/2001/12/factbook/internationalOrganizations#WTrO'/>
    <NS0:participatesIn rdf:resource='http://www.daml.org/2001/12/factbook/internationalOrganizations#ZC'/>
    <NS0:flagDescription>thirteen equal horizontal stripes of red (top and bottom) alternating with white; there is a blue rectangle in the upper hoist-side corner bearing 50 small, white, five-pointed stars arranged in nine offset horizontal rows of six stars (top and bottom) alternating with rows of five stars; the 50 stars represent the 50 states, the 13 stripes represent the 13 original colonies; known as Old Glory; the design and colors have been the basis for a number of other flags, including Chile, Liberia, Malaysia, and Puerto Rico</NS0:flagDescription>
    <NS0:economyOverview>The US has the largest and most technologically powerful economy in the world, with a per capita GDP of $36,200. In this market-oriented economy, private individuals and business firms make most of the decisions, and government buys needed goods and services predominantly in the private marketplace. US business firms enjoy considerably greater flexibility than their counterparts in Western Europe and Japan in decisions to expand capital plant, lay off surplus workers, and develop new products. At the same time, they face higher barriers to entry in their rivals&apos; home markets than the barriers to entry of foreign firms in US markets. US firms are at or near the forefront in technological advances, especially in computers and in medical, aerospace, and military equipment, although their advantage has narrowed since the end of World War II. The onrush of technology largely explains the gradual development of a &quot;two-tier labor market&quot; in which those at the bottom lack the education and the professional/technical skills of those at the top and, more and more, fail to get comparable pay raises, health insurance coverage, and other benefits. Since 1975, practically all the gains in household income have gone to the top 20% of households. The years 1994-2000 witnessed solid increases in real output, low inflation rates, and a drop in unemployment to below 5%. Long-term problems include inadequate investment in economic infrastructure, rapidly rising medical costs of an aging population, sizable trade deficits, and stagnation of family income in the lower economic groups. Growth weakened in the fourth quarter of 2000; growth for the year 2001 almost certainly will be substantially lower than the strong 5% of 2000. The outlook for 2001 is further clouded by the continued economic problems of Japan, Russia, Indonesia, Brazil, and many other countries.</NS0:economyOverview>
    <NS0:grossDomesticProduct rdf:ID='A110721'>9963000000000</NS0:grossDomesticProduct>
    <NS0:grossDomesticProductRealGrowth rdf:ID='A110724'>5</NS0:grossDomesticProductRealGrowth>
    <NS0:grossDomesticProductPerCapita rdf:ID='A110727'>36200</NS0:grossDomesticProductPerCapita>
    <NS0:grossDomesticProductAgriculture>2</NS0:grossDomesticProductAgriculture>
    <NS0:grossDomesticProductIndustry>18</NS0:grossDomesticProductIndustry>
    <NS0:grossDomesticProductServices rdf:ID='A110732'>80</NS0:grossDomesticProductServices>
    <NS0:populationBelowPovertyLine rdf:ID='A110734'>12.7</NS0:populationBelowPovertyLine>
    <NS0:householdIncomeLowest10Percent>1.8</NS0:householdIncomeLowest10Percent>
    <NS0:householdIncomeHighest10Percent rdf:ID='A110738'>30.5</NS0:householdIncomeHighest10Percent>
    <NS0:inflationRate rdf:ID='A110740'>3.4</NS0:inflationRate>
    <NS0:occupation rdf:resource='#A110742'/>
    <NS0:occupation rdf:resource='#A110747'/>
    <NS0:occupation rdf:resource='#A110751'/>
    <NS0:occupation rdf:resource='#A110756'/>
    <NS0:occupation rdf:resource='#A110761'/>
    <NS0:occupation rdf:resource='#A110765'/>
    <NS0:occupation rdf:resource='#A110769'/>
    <NS0:occupation rdf:resource='#A110773'/>
    <NS0:occupation rdf:resource='#A110778'/>
    <NS0:occupation rdf:resource='#A110782'/>
    <NS0:occupation rdf:ID='A110790' rdf:resource='#A110786'/>
    <NS0:unemploymentRate rdf:ID='A110792'>4</NS0:unemploymentRate>
    <NS0:budgetRevenues>1828000000000</NS0:budgetRevenues>
    <NS0:budgetExpenditures>1703000000000</NS0:budgetExpenditures>
    <NS0:industry rdf:resource='http://www.daml.org/2001/12/factbook/industries#leading_industrial_power_in_the_world'/>
    <NS0:industry rdf:resource='http://www.daml.org/2001/12/factbook/industries#highly_diversified_and_technologically_advanced'/>
    <NS0:industry rdf:resource='http://www.daml.org/2001/12/factbook/industries#petroleum'/>
    <NS0:industry rdf:resource='http://www.daml.org/2001/12/factbook/industries#steel'/>
    <NS0:industry rdf:resource='http://www.daml.org/2001/12/factbook/industries#motor_vehicles'/>
    <NS0:industry rdf:resource='http://www.daml.org/2001/12/factbook/industries#aerospace'/>
    <NS0:industry rdf:resource='http://www.daml.org/2001/12/factbook/industries#telecommunications'/>
    <NS0:industry rdf:resource='http://www.daml.org/2001/12/factbook/industries#chemicals'/>
    <NS0:industry rdf:resource='http://www.daml.org/2001/12/factbook/industries#electronics'/>
    <NS0:industry rdf:resource='http://www.daml.org/2001/12/factbook/industries#food_processing'/>
    <NS0:industry rdf:resource='http://www.daml.org/2001/12/factbook/industries#consumer_goods'/>
    <NS0:industry rdf:resource='http://www.daml.org/2001/12/factbook/industries#lumber'/>
    <NS0:industry rdf:resource='http://www.daml.org/2001/12/factbook/industries#mining'/>
    <NS0:industrialProductionGrowthRate rdf:ID='A110809'>5.6</NS0:industrialProductionGrowthRate>
    <NS0:electricityProduction rdf:ID='A110812'>3678000000000</NS0:electricityProduction>
    <NS0:electricityProductionFossilFuel>69.64</NS0:electricityProductionFossilFuel>
    <NS0:electricityProductionHydro>8.31</NS0:electricityProductionHydro>
    <NS0:electricityProductionNuclear>19.8</NS0:electricityProductionNuclear>
    <NS0:electricityProductionOther rdf:ID='A110817'>2.25</NS0:electricityProductionOther>
    <NS0:electricityConsumption rdf:ID='A110819'>3450000000000</NS0:electricityConsumption>
    <NS0:electricityExports rdf:ID='A110821'>14000000000</NS0:electricityExports>
    <NS0:electricityImports rdf:ID='A110823'>43000000000</NS0:electricityImports>
    <NS0:agricultureProduct rdf:resource='http://www.daml.org/2001/12/factbook/agricultureProducts#wheat'/>
    <NS0:agricultureProduct rdf:resource='http://www.daml.org/2001/12/factbook/agricultureProducts#other_grains'/>
    <NS0:agricultureProduct rdf:resource='http://www.daml.org/2001/12/factbook/agricultureProducts#corn'/>
    <NS0:agricultureProduct rdf:resource='http://www.daml.org/2001/12/factbook/agricultureProducts#fruits'/>
    <NS0:agricultureProduct rdf:resource='http://www.daml.org/2001/12/factbook/agricultureProducts#vegetables'/>
    <NS0:agricultureProduct rdf:resource='http://www.daml.org/2001/12/factbook/agricultureProducts#cotton'/>
    <NS0:agricultureProduct rdf:resource='http://www.daml.org/2001/12/factbook/agricultureProducts#beef'/>
    <NS0:agricultureProduct rdf:resource='http://www.daml.org/2001/12/factbook/agricultureProducts#pork'/>
    <NS0:agricultureProduct rdf:resource='http://www.daml.org/2001/12/factbook/agricultureProducts#poultry'/>
    <NS0:agricultureProduct rdf:resource='http://www.daml.org/2001/12/factbook/agricultureProducts#dairy_products'/>
    <NS0:agricultureProduct rdf:resource='http://www.daml.org/2001/12/factbook/agricultureProducts#forest_products'/>
    <NS0:agricultureProduct rdf:resource='http://www.daml.org/2001/12/factbook/agricultureProducts#fish'/>
    <NS0:exports rdf:ID='A110837'>776000000000</NS0:exports>
    <NS0:exportsCommodity rdf:resource='#A110840'/>
    <NS0:exportsCommodity rdf:resource='#A110844'/>
    <NS0:exportsCommodity rdf:resource='#A110848'/>
    <NS0:exportsCommodity rdf:resource='#A110852'/>
    <NS0:exportsCommodity rdf:resource='#A110856'/>
    <NS0:imports rdf:ID='A110860'>1223000000000</NS0:imports>
    <NS0:importsCommodity rdf:resource='#A110863'/>
    <NS0:importsCommodity rdf:resource='#A110867'/>
    <NS0:importsCommodity rdf:resource='#A110871'/>
    <NS0:importsCommodity rdf:resource='#A110875'/>
    <NS0:importsCommodity rdf:resource='#A110879'/>
    <NS0:importsCommodity rdf:resource='#A110883'/>
    <NS0:externalDebt rdf:ID='A110887'>862000000000</NS0:externalDebt>
    <NS0:currency>US dollar (USD)</NS0:currency>
    <NS0:currencyCode>USD</NS0:currencyCode>
    <NS0:fiscalYear>1 October - 30 September</NS0:fiscalYear>
    <NS0:mainTelephoneLines rdf:ID='A110893'>194000000</NS0:mainTelephoneLines>
    <NS0:mobileTelephoneLines rdf:ID='A110895'>69209000</NS0:mobileTelephoneLines>
    <NS0:telephoneSystemGeneralAssessment>a very large, technologically advanced, multipurpose communications system</NS0:telephoneSystemGeneralAssessment>
    <NS0:telephoneSystemDomestic>a large system of fiber-optic cable, microwave radio relay, coaxial cable, and domestic satellites carries every form of telephone traffic; a rapidly growing cellular system carries mobile telephone traffic throughout the country</NS0:telephoneSystemDomestic>
    <NS0:telephoneSystemInternational>24 ocean cable systems in use; satellite earth stations - 61 Intelsat (45 Atlantic Ocean and 16 Pacific Ocean), 5 Intersputnik (Atlantic Ocean region), and 4 Inmarsat (Pacific and Atlantic Ocean regions) (2000)</NS0:telephoneSystemInternational>
    <NS0:radios rdf:ID='A110900'>575000000</NS0:radios>
    <NS0:televisions rdf:ID='A110902'>219000000</NS0:televisions>
    <NS0:internetCountryCode>.us</NS0:internetCountryCode>
    <NS0:internetServiceProviders rdf:ID='A110905'>7800</NS0:internetServiceProviders>
    <NS0:internetUsers rdf:ID='A110908'>148000000</NS0:internetUsers>
    <NS0:highwaysTotal>6370031</NS0:highwaysTotal>
    <NS0:highwaysPaved rdf:ID='A110911'>5733028</NS0:highwaysPaved>
    <NS0:highwaysUnpaved rdf:ID='A110913'>637003</NS0:highwaysUnpaved>
    <NS0:waterways>41009</NS0:waterways>
    <NS0:port rdf:resource='#A110916'/>
    <NS0:port rdf:resource='#A110920'/>
    <NS0:port rdf:resource='#A110924'/>
    <NS0:port rdf:resource='#A110928'/>
    <NS0:port rdf:resource='#A110932'/>
    <NS0:port rdf:resource='#A110936'/>
    <NS0:port rdf:resource='#A110940'/>
    <NS0:port rdf:resource='#A110944'/>
    <NS0:port rdf:resource='#A110948'/>
    <NS0:port rdf:resource='#A110952'/>
    <NS0:port rdf:resource='#A110956'/>
    <NS0:port rdf:resource='#A110960'/>
    <NS0:port rdf:resource='#A110964'/>
    <NS0:port rdf:resource='#A110968'/>
    <NS0:port rdf:resource='#A110972'/>
    <NS0:port rdf:resource='#A110976'/>
    <NS0:port rdf:resource='#A110980'/>
    <NS0:port rdf:resource='#A110984'/>
    <NS0:port rdf:resource='#A110988'/>
    <NS0:port rdf:resource='#A110992'/>
    <NS0:port rdf:resource='#A110996'/>
    <NS0:port rdf:resource='#A111000'/>
    <NS0:airports rdf:ID='A111004'>14720</NS0:airports>
    <NS0:airportBreakdown rdf:resource='#A111007'/>
    <NS0:airportBreakdown rdf:resource='#A111013'/>
    <NS0:airportBreakdown rdf:resource='#A111020'/>
    <NS0:airportBreakdown rdf:resource='#A111027'/>
    <NS0:airportBreakdown rdf:resource='#A111034'/>
    <NS0:airportBreakdown rdf:resource='#A111040'/>
    <NS0:airportBreakdown rdf:resource='#A111046'/>
    <NS0:airportBreakdown rdf:resource='#A111053'/>
    <NS0:airportBreakdown rdf:resource='#A111060'/>
    <NS0:airportBreakdown rdf:resource='#A111067'/>
    <NS0:heliports rdf:ID='A111073'>131</NS0:heliports>
    <NS0:militaryAge>18</NS0:militaryAge>
    <NS0:malesOfMilitaryAge rdf:ID='A111077'>70819436</NS0:malesOfMilitaryAge>
    <NS0:malesReachingMilitaryAgeAnnually rdf:ID='A111080'>2039414</NS0:malesReachingMilitaryAgeAnnually>
    <NS0:militaryExpenditures rdf:ID='A111083'>276700000000</NS0:militaryExpenditures>
    <NS0:militaryExpendituresPercentGDP rdf:ID='A111086'>3.2</NS0:militaryExpendituresPercentGDP>
    <NS0:internationalDispute>maritime boundary disputes with Canada</NS0:internationalDispute>
    <NS0:internationalDispute>US Naval Base at Guantanamo Bay is leased from Cuba and only mutual agreement or US abandonment of the area can terminate the lease</NS0:internationalDispute>
    <NS0:internationalDispute>Haiti claims Navassa Island</NS0:internationalDispute>
    <NS0:internationalDispute>US has made no territorial claim in Antarctica and does not recognize the claims of any other nation</NS0:internationalDispute>
    <NS0:internationalDispute>Marshall Islands claims Wake Island</NS0:internationalDispute>
    <NS0:illicitDrugs>consumer of cocaine shipped from Colombia through Mexico and the Caribbean</NS0:illicitDrugs>
    <NS0:illicitDrugs>consumer of heroin, marijuana, and increasingly methamphetamine from Mexico</NS0:illicitDrugs>
    <NS0:illicitDrugs>consumer of high-quality Southeast Asian heroin</NS0:illicitDrugs>
    <NS0:illicitDrugs>illicit producer of cannabis, marijuana, depressants, stimulants, hallucinogens, and methamphetamine</NS0:illicitDrugs>
    <NS0:illicitDrugs>money-laundering center</NS0:illicitDrugs>
    <NS0:smallFlag>http://www.cia.gov/cia/publications/factbook/flags/us-flag.jpg</NS0:smallFlag>
    <NS0:largeFlag>http://www.cia.gov/cia/publications/factbook/flags/us-lgflag.jpg</NS0:largeFlag>
    <NS0:map>http://www.cia.gov/cia/publications/factbook/maps/us-map.jpg</NS0:map>
    <NS0:border rdf:ID='A130800' rdf:resource='#A130796'/>
    <NS0:border rdf:ID='A130806' rdf:resource='#A130802'/>
    <NS0:border rdf:resource='#A130808'/>
    <NS0:exportPartner rdf:resource='#A130813'/>
    <NS0:exportPartner rdf:resource='#A130818'/>
    <NS0:exportPartner rdf:resource='#A130823'/>
    <NS0:exportPartner rdf:resource='#A130828'/>
    <NS0:exportPartner rdf:resource='#A130833'/>
    <NS0:exportPartner rdf:resource='#A130838'/>
    <NS0:exportPartner rdf:ID='A130845' rdf:resource='#A130842'/>
    <NS0:importPartner rdf:resource='#A130847'/>
    <NS0:importPartner rdf:resource='#A130852'/>
    <NS0:importPartner rdf:resource='#A130857'/>
    <NS0:importPartner rdf:resource='#A130862'/>
    <NS0:importPartner rdf:resource='#A130867'/>
    <NS0:importPartner rdf:resource='#A130872'/>
    <NS0:importPartner rdf:ID='A130879' rdf:resource='#A130876'/>
    <NS0:dependentArea rdf:resource='http://www.daml.org/2001/09/countries/fips#AQ'/>
    <NS0:dependentArea rdf:resource='http://www.daml.org/2001/09/countries/fips#FQ'/>
    <NS0:dependentArea rdf:resource='http://www.daml.org/2001/09/countries/fips#GQ'/>
    <NS0:dependentArea rdf:resource='http://www.daml.org/2001/09/countries/fips#HQ'/>
    <NS0:dependentArea rdf:resource='http://www.daml.org/2001/09/countries/fips#DQ'/>
    <NS0:dependentArea rdf:resource='http://www.daml.org/2001/09/countries/fips#JQ'/>
    <NS0:dependentArea rdf:resource='http://www.daml.org/2001/09/countries/fips#KQ'/>
    <NS0:dependentArea rdf:resource='http://www.daml.org/2001/09/countries/fips#MQ'/>
    <NS0:dependentArea rdf:resource='http://www.daml.org/2001/09/countries/fips#BQ'/>
    <NS0:dependentArea rdf:resource='http://www.daml.org/2001/09/countries/fips#CQ'/>
    <NS0:dependentArea rdf:resource='http://www.daml.org/2001/09/countries/fips#LQ'/>
    <NS0:dependentArea rdf:resource='http://www.daml.org/2001/09/countries/fips#RQ'/>
    <NS0:dependentArea rdf:resource='http://www.daml.org/2001/09/countries/fips#VQ'/>
    <NS0:dependentArea rdf:resource='http://www.daml.org/2001/09/countries/fips#WQ'/>
    <NS0:border rdf:ID='A131132' rdf:resource='#A131128'/>
    <NS0:border rdf:ID='A131138' rdf:resource='#A131134'/>
    <NS0:border rdf:resource='#A131140'/>
    <NS0:exportPartner rdf:resource='#A131145'/>
    <NS0:exportPartner rdf:resource='#A131150'/>
    <NS0:exportPartner rdf:resource='#A131155'/>
    <NS0:exportPartner rdf:resource='#A131160'/>
    <NS0:exportPartner rdf:resource='#A131165'/>
    <NS0:exportPartner rdf:resource='#A131170'/>
    <NS0:exportPartner rdf:ID='A131177' rdf:resource='#A131174'/>
    <NS0:importPartner rdf:resource='#A131179'/>
    <NS0:importPartner rdf:resource='#A131184'/>
    <NS0:importPartner rdf:resource='#A131189'/>
    <NS0:importPartner rdf:resource='#A131194'/>
    <NS0:importPartner rdf:resource='#A131199'/>
    <NS0:importPartner rdf:resource='#A131204'/>
    <NS0:importPartner rdf:ID='A131211' rdf:resource='#A131208'/>
  </rdf:Description>
  <rdf:Description rdf:about='#A131204'>
    <rdf:type rdf:resource='http://www.daml.org/2001/12/factbook/factbook-ont#CountryPercent'/>
    <NS0:country rdf:resource='http://www.daml.org/2001/09/countries/fips#UK'/>
  </rdf:Description>
  <rdf:Description rdf:about='#A110520'>
    <rdf:type rdf:resource='#State'/>
    <NS0:name>Massachusetts</NS0:name>
  </rdf:Description>
  <rdf:Description rdf:about='#A130818'>
    <rdf:type rdf:resource='http://www.daml.org/2001/12/factbook/factbook-ont#CountryPercent'/>
    <NS0:country rdf:resource='http://www.daml.org/2001/09/countries/fips#MX'/>
    <NS0:percent>14</NS0:percent>
  </rdf:Description>
  <rdf:Description rdf:about='#A131199'>
    <rdf:type rdf:resource='http://www.daml.org/2001/12/factbook/factbook-ont#CountryPercent'/>
    <NS0:country rdf:resource='http://www.daml.org/2001/09/countries/fips#GM'/>
    <NS0:percent>5</NS0:percent>
  </rdf:Description>
  <rdf:Description rdf:about='#A110516'>
    <rdf:type rdf:resource='#State'/>
    <NS0:name>Maryland</NS0:name>
  </rdf:Description>
  <rdf:Description rdf:about='#A130813'>
    <rdf:type rdf:resource='http://www.daml.org/2001/12/factbook/factbook-ont#CountryPercent'/>
    <NS0:country rdf:resource='http://www.daml.org/2001/09/countries/fips#CA'/>
    <NS0:percent>23</NS0:percent>
  </rdf:Description>
  <rdf:Description rdf:about='#A131194'>
    <rdf:type rdf:resource='http://www.daml.org/2001/12/factbook/factbook-ont#CountryPercent'/>
    <NS0:country rdf:resource='http://www.daml.org/2001/09/countries/fips#CH'/>
    <NS0:percent>8</NS0:percent>
  </rdf:Description>
  <rdf:Description rdf:about='#A110512'>
    <rdf:type rdf:resource='#State'/>
    <NS0:name>Maine</NS0:name>
  </rdf:Description>
  <rdf:Description rdf:about='#A110738'>
    <NS0:year>1997</NS0:year>
  </rdf:Description>
  <rdf:Description rdf:about='#A130808'>
    <rdf:type rdf:resource='http://www.daml.org/2001/12/factbook/factbook-ont#Border'/>
    <NS0:country rdf:resource='http://www.daml.org/2001/09/countries/fips#MX'/>
    <NS0:distance>3326</NS0:distance>
  </rdf:Description>
  <rdf:Description rdf:about='#A110508'>
    <rdf:type rdf:resource='#State'/>
    <NS0:name>Louisiana</NS0:name>
  </rdf:Description>
  <rdf:Description rdf:about='#A131189'>
    <rdf:type rdf:resource='http://www.daml.org/2001/12/factbook/factbook-ont#CountryPercent'/>
    <NS0:country rdf:resource='http://www.daml.org/2001/09/countries/fips#MX'/>
    <NS0:percent>11</NS0:percent>
  </rdf:Description>
  <rdf:Description rdf:about='#A110504'>
    <rdf:type rdf:resource='#State'/>
    <NS0:name>Kentucky</NS0:name>
  </rdf:Description>
  <rdf:Description rdf:about='#A130802'>
    <rdf:type rdf:resource='http://www.daml.org/2001/12/factbook/factbook-ont#Border'/>
    <NS0:country rdf:resource='http://www.daml.org/2001/09/countries/fips#CU'/>
    <NS0:distance>29</NS0:distance>
  </rdf:Description>
  <rdf:Description rdf:about='#A110792'>
    <NS0:year>2000</NS0:year>
  </rdf:Description>
  <rdf:Description rdf:about='#A131184'>
    <rdf:type rdf:resource='http://www.daml.org/2001/12/factbook/factbook-ont#CountryPercent'/>
    <NS0:country rdf:resource='http://www.daml.org/2001/09/countries/fips#JA'/>
    <NS0:percent>11</NS0:percent>
  </rdf:Description>
  <rdf:Description rdf:about='#A110883'>
    <rdf:type rdf:resource='http://www.daml.org/2001/12/factbook/factbook-ont#CommodityPercent'/>
    <NS0:importsCommodity rdf:resource='http://www.daml.org/2001/12/factbook/commodities#food_and_beverages'/>
  </rdf:Description>
  <rdf:Description rdf:about='#A110500'>
    <rdf:type rdf:resource='#State'/>
    <NS0:name>Kansas</NS0:name>
  </rdf:Description>
  <rdf:Description rdf:about='#A130796'>
    <rdf:type rdf:resource='http://www.daml.org/2001/12/factbook/factbook-ont#Border'/>
    <NS0:country rdf:resource='http://www.daml.org/2001/09/countries/fips#CA'/>
    <NS0:distance>8893</NS0:distance>
  </rdf:Description>
  <rdf:Description rdf:about='#A131179'>
    <rdf:type rdf:resource='http://www.daml.org/2001/12/factbook/factbook-ont#CountryPercent'/>
    <NS0:country rdf:resource='http://www.daml.org/2001/09/countries/fips#CA'/>
    <NS0:percent>19</NS0:percent>
  </rdf:Description>
  <rdf:Description rdf:about='#A110266'>
    <rdf:type rdf:resource='http://www.daml.org/2001/12/factbook/factbook-ont#Estimate'/>
    <NS0:year>1993</NS0:year>
  </rdf:Description>
  <rdf:Description rdf:about='#A110879'>
    <rdf:type rdf:resource='http://www.daml.org/2001/12/factbook/factbook-ont#CommodityPercent'/>
    <NS0:importsCommodity rdf:resource='http://www.daml.org/2001/12/factbook/commodities#industrial_raw_materials'/>
  </rdf:Description>
  <rdf:Description rdf:about='#A110496'>
    <rdf:type rdf:resource='#State'/>
    <NS0:name>Iowa</NS0:name>
  </rdf:Description>
  <rdf:Description rdf:about='#A110314'>
    <rdf:type rdf:resource='http://www.daml.org/2001/12/factbook/factbook-ont#Estimate'/>
    <NS0:year>2001</NS0:year>
  </rdf:Description>
  <rdf:Description rdf:about='#A110492'>
    <rdf:type rdf:resource='#State'/>
    <NS0:name>Indiana</NS0:name>
  </rdf:Description>
  <rdf:Description rdf:about='#A110875'>
    <rdf:type rdf:resource='http://www.daml.org/2001/12/factbook/factbook-ont#CommodityPercent'/>
    <NS0:importsCommodity rdf:resource='http://www.daml.org/2001/12/factbook/commodities#consumer_goods'/>
  </rdf:Description>
  <rdf:Description rdf:about='#A131174'>
    <rdf:type rdf:resource='http://www.daml.org/2001/12/factbook/factbook-ont#CountryPercent'/>
    <NS0:country rdf:resource='http://www.daml.org/2001/09/countries/fips#NL'/>
  </rdf:Description>
  <rdf:Description rdf:about='#A110269'>
    <rdf:type rdf:resource='http://www.daml.org/2001/12/factbook/factbook-ont#Estimate'/>
    <NS0:year>1993</NS0:year>
  </rdf:Description>
  <rdf:Description rdf:about='#A110488'>
    <rdf:type rdf:resource='#State'/>
    <NS0:name>Illinois</NS0:name>
  </rdf:Description>
  <rdf:Description rdf:about='#A110871'>
    <rdf:type rdf:resource='http://www.daml.org/2001/12/factbook/factbook-ont#CommodityPercent'/>
    <NS0:importsCommodity rdf:resource='http://www.daml.org/2001/12/factbook/commodities#automobiles'/>
  </rdf:Description>
  <rdf:Description rdf:about='#A131170'>
    <rdf:type rdf:resource='http://www.daml.org/2001/12/factbook/factbook-ont#CountryPercent'/>
    <NS0:country rdf:resource='http://www.daml.org/2001/09/countries/fips#FR'/>
  </rdf:Description>
  <rdf:Description rdf:about='#A110867'>
    <rdf:type rdf:resource='http://www.daml.org/2001/12/factbook/factbook-ont#CommodityPercent'/>
    <NS0:importsCommodity rdf:resource='http://www.daml.org/2001/12/factbook/commodities#machinery'/>
  </rdf:Description>
  <rdf:Description rdf:about='#A110484'>
    <rdf:type rdf:resource='#State'/>
    <NS0:name>Idaho</NS0:name>
  </rdf:Description>
  <rdf:Description rdf:about='#A131165'>
    <rdf:type rdf:resource='http://www.daml.org/2001/12/factbook/factbook-ont#CountryPercent'/>
    <NS0:country rdf:resource='http://www.daml.org/2001/09/countries/fips#GM'/>
    <NS0:percent>4</NS0:percent>
  </rdf:Description>
  <rdf:Description rdf:about='#A110863'>
    <rdf:type rdf:resource='http://www.daml.org/2001/12/factbook/factbook-ont#CommodityPercent'/>
    <NS0:importsCommodity rdf:resource='http://www.daml.org/2001/12/factbook/commodities#crude_oil_and_refined_petroleum_products'/>
  </rdf:Description>
  <rdf:Description rdf:about='#A110480'>
    <rdf:type rdf:resource='#State'/>
    <NS0:name>Hawaii</NS0:name>
  </rdf:Description>
  <rdf:Description rdf:about='#A131160'>
    <rdf:type rdf:resource='http://www.daml.org/2001/12/factbook/factbook-ont#CountryPercent'/>
    <NS0:country rdf:resource='http://www.daml.org/2001/09/countries/fips#UK'/>
    <NS0:percent>5</NS0:percent>
  </rdf:Description>
  <rdf:Description rdf:about='#A110349'>
    <rdf:type rdf:resource='http://www.daml.org/2001/12/factbook/factbook-ont#Estimate'/>
    <NS0:year>2001</NS0:year>
  </rdf:Description>
  <rdf:Description rdf:about='#A110476'>
    <rdf:type rdf:resource='#State'/>
    <NS0:name>Georgia</NS0:name>
  </rdf:Description>
  <rdf:Description rdf:about='#A111077'>
    <rdf:type rdf:resource='http://www.daml.org/2001/12/factbook/factbook-ont#Estimate'/>
    <NS0:year>2001</NS0:year>
  </rdf:Description>
  <rdf:Description rdf:about='#A110856'>
    <rdf:type rdf:resource='http://www.daml.org/2001/12/factbook/factbook-ont#CommodityPercent'/>
    <NS0:exportsCommodity rdf:resource='http://www.daml.org/2001/12/factbook/commodities#agricultural_products'/>
  </rdf:Description>
  <rdf:Description rdf:about='#A131211'>
    <NS0:note>2000</NS0:note>
  </rdf:Description>
  <rdf:Description rdf:about='#A131155'>
    <rdf:type rdf:resource='http://www.daml.org/2001/12/factbook/factbook-ont#CountryPercent'/>
    <NS0:country rdf:resource='http://www.daml.org/2001/09/countries/fips#JA'/>
    <NS0:percent>8</NS0:percent>
  </rdf:Description>
  <rdf:Description rdf:about='#A110472'>
    <rdf:type rdf:resource='#State'/>
    <NS0:name>Florida</NS0:name>
  </rdf:Description>
  <rdf:Description rdf:about='#A110317'>
    <rdf:type rdf:resource='http://www.daml.org/2001/12/factbook/factbook-ont#Estimate'/>
    <NS0:year>2001</NS0:year>
  </rdf:Description>
  <rdf:Description rdf:about='#A110852'>
    <rdf:type rdf:resource='http://www.daml.org/2001/12/factbook/factbook-ont#CommodityPercent'/>
    <NS0:exportsCommodity rdf:resource='http://www.daml.org/2001/12/factbook/commodities#consumer_goods'/>
  </rdf:Description>
  <rdf:Description rdf:about='#A110468'>
    <rdf:type rdf:resource='#District'/>
    <NS0:name>District of Columbia</NS0:name>
  </rdf:Description>
  <rdf:Description rdf:about='#A131150'>
    <rdf:type rdf:resource='http://www.daml.org/2001/12/factbook/factbook-ont#CountryPercent'/>
    <NS0:country rdf:resource='http://www.daml.org/2001/09/countries/fips#MX'/>
    <NS0:percent>14</NS0:percent>
  </rdf:Description>
  <rdf:Description rdf:about='#A110732'>
    <NS0:year>1999</NS0:year>
  </rdf:Description>
  <rdf:Description rdf:about='#A130879'>
    <NS0:note>2000</NS0:note>
  </rdf:Description>
  <rdf:Description rdf:about='#A110734'>
    <rdf:type rdf:resource='http://www.daml.org/2001/12/factbook/factbook-ont#Estimate'/>
    <NS0:year>1999</NS0:year>
  </rdf:Description>
  <rdf:Description rdf:about='#A110819'>
    <NS0:year>1999</NS0:year>
  </rdf:Description>
  <rdf:Description rdf:about='#A110848'>
    <rdf:type rdf:resource='http://www.daml.org/2001/12/factbook/factbook-ont#CommodityPercent'/>
    <NS0:exportsCommodity rdf:resource='http://www.daml.org/2001/12/factbook/commodities#industrial_supplies_and_raw_materials'/>
  </rdf:Description>
  <rdf:Description rdf:about='#A110464'>
    <rdf:type rdf:resource='#State'/>
    <NS0:name>Delaware</NS0:name>
  </rdf:Description>
  <rdf:Description rdf:about='#A131145'>
    <rdf:type rdf:resource='http://www.daml.org/2001/12/factbook/factbook-ont#CountryPercent'/>
    <NS0:country rdf:resource='http://www.daml.org/2001/09/countries/fips#CA'/>
    <NS0:percent>23</NS0:percent>
  </rdf:Description>
  <rdf:Description rdf:about='#A110844'>
    <rdf:type rdf:resource='http://www.daml.org/2001/12/factbook/factbook-ont#CommodityPercent'/>
    <NS0:exportsCommodity rdf:resource='http://www.daml.org/2001/12/factbook/commodities#automobiles'/>
  </rdf:Description>
  <rdf:Description rdf:about='#A110460'>
    <rdf:type rdf:resource='#State'/>
    <NS0:name>Connecticut</NS0:name>
  </rdf:Description>
  <rdf:Description rdf:about='#A131140'>
    <rdf:type rdf:resource='http://www.daml.org/2001/12/factbook/factbook-ont#Border'/>
    <NS0:country rdf:resource='http://www.daml.org/2001/09/countries/fips#MX'/>
    <NS0:distance>3326</NS0:distance>
  </rdf:Description>
  <rdf:Description rdf:about='#A110840'>
    <rdf:type rdf:resource='http://www.daml.org/2001/12/factbook/factbook-ont#CommodityPercent'/>
    <NS0:exportsCommodity rdf:resource='http://www.daml.org/2001/12/factbook/commodities#capital_goods'/>
  </rdf:Description>
  <rdf:Description rdf:about='#A110456'>
    <rdf:type rdf:resource='#State'/>
    <NS0:name>Colorado</NS0:name>
  </rdf:Description>
  <rdf:Description rdf:about='#A111004'>
    <rdf:type rdf:resource='http://www.daml.org/2001/12/factbook/factbook-ont#Estimate'/>
    <NS0:year>2000</NS0:year>
  </rdf:Description>
  <rdf:Description rdf:about='#A110452'>
    <rdf:type rdf:resource='#State'/>
    <NS0:name>California</NS0:name>
  </rdf:Description>
  <rdf:Description rdf:about='#A131134'>
    <rdf:type rdf:resource='http://www.daml.org/2001/12/factbook/factbook-ont#Border'/>
    <NS0:country rdf:resource='http://www.daml.org/2001/09/countries/fips#CU'/>
    <NS0:distance>29</NS0:distance>
  </rdf:Description>
  <rdf:Description rdf:about='#A110448'>
    <rdf:type rdf:resource='#State'/>
    <NS0:name>Arkansas</NS0:name>
  </rdf:Description>
  <rdf:Description rdf:about='#A110887'>
    <rdf:type rdf:resource='http://www.daml.org/2001/12/factbook/factbook-ont#Estimate'/>
    <NS0:year>1995</NS0:year>
  </rdf:Description>
  <rdf:Description rdf:about='#A131128'>
    <rdf:type rdf:resource='http://www.daml.org/2001/12/factbook/factbook-ont#Border'/>
    <NS0:country rdf:resource='http://www.daml.org/2001/09/countries/fips#CA'/>
    <NS0:distance>8893</NS0:distance>
  </rdf:Description>
  <rdf:Description rdf:about='#A110444'>
    <rdf:type rdf:resource='#State'/>
    <NS0:name>Arizona</NS0:name>
  </rdf:Description>
  <rdf:Description rdf:about='#A110440'>
    <rdf:type rdf:resource='#State'/>
    <NS0:name>Alaska</NS0:name>
  </rdf:Description>
  <rdf:Description rdf:about='#A110436'>
    <rdf:type rdf:resource='#State'/>
    <NS0:name>Alabama</NS0:name>
  </rdf:Description>
  <rdf:Description rdf:about='#A110905'>
    <rdf:type rdf:resource='http://www.daml.org/2001/12/factbook/factbook-ont#Estimate'/>
    <NS0:year>2000</NS0:year>
  </rdf:Description>
  <rdf:Description rdf:about='#A110426'>
    <rdf:type rdf:resource='http://www.daml.org/2001/12/factbook/factbook-ont#CapitalCity'/>
    <NS0:name>Washington, DC</NS0:name>
  </rdf:Description>
  <rdf:Description rdf:about='#A110823'>
    <NS0:year>1999</NS0:year>
  </rdf:Description>
  <rdf:Description rdf:about='#A110411'>
    <rdf:type rdf:resource='http://www.daml.org/2001/12/factbook/factbook-ont#LanguagePercent'/>
    <NS0:language rdf:resource='http://www.daml.org/2001/12/factbook/languages#Spanish'/>
  </rdf:Description>
  <rdf:Description rdf:about='#A110407'>
    <rdf:type rdf:resource='http://www.daml.org/2001/12/factbook/factbook-ont#LanguagePercent'/>
    <NS0:language rdf:resource='http://www.daml.org/2001/12/factbook/languages#English'/>
  </rdf:Description>
  <rdf:Description rdf:about='#A130800'>
    <NS0:note>including 2,477 km with Alaska</NS0:note>
  </rdf:Description>
  <rdf:Description rdf:about='#A130806'>
    <NS0:note>US Naval Base at Guantanamo Bay</NS0:note>
  </rdf:Description>
  <rdf:Description rdf:about='#A110786'>
    <rdf:type rdf:resource='http://www.daml.org/2001/12/factbook/factbook-ont#OccupationPercent'/>
    <NS0:occupation rdf:resource='http://www.daml.org/2001/12/factbook/occupations#fishing'/>
    <NS0:percent>2.5</NS0:percent>
  </rdf:Description>
  <rdf:Description rdf:about='#State'>
    <rdf:type rdf:resource='http://www.w3.org/2000/01/rdf-schema#Class'/>
    <rdfs:subClassOf rdf:resource='http://www.daml.org/2001/12/factbook/factbook-ont#AdministrativeDivision'/>
    <rdfs:label>State</rdfs:label>
  </rdf:Description>
  <rdf:Description rdf:about='#A110401'>
    <rdf:type rdf:resource='http://www.daml.org/2001/12/factbook/factbook-ont#ReligionPercent'/>
    <NS0:religion rdf:resource='http://www.daml.org/2001/12/factbook/religions#none'/>
    <NS0:percent>10</NS0:percent>
  </rdf:Description>
  <rdf:Description rdf:about='#A110902'>
    <NS0:year>1997</NS0:year>
  </rdf:Description>
  <rdf:Description rdf:about='#A110782'>
    <rdf:type rdf:resource='http://www.daml.org/2001/12/factbook/factbook-ont#OccupationPercent'/>
    <NS0:occupation rdf:resource='http://www.daml.org/2001/12/factbook/occupations#forestry'/>
  </rdf:Description>
  <rdf:Description rdf:about='#A110396'>
    <rdf:type rdf:resource='http://www.daml.org/2001/12/factbook/factbook-ont#ReligionPercent'/>
    <NS0:religion rdf:resource='http://www.daml.org/2001/12/factbook/religions#other'/>
    <NS0:percent>4</NS0:percent>
  </rdf:Description>
  <rdf:Description rdf:about='#A111080'>
    <rdf:type rdf:resource='http://www.daml.org/2001/12/factbook/factbook-ont#Estimate'/>
    <NS0:year>2001</NS0:year>
  </rdf:Description>
  <rdf:Description rdf:about='#A110778'>
    <rdf:type rdf:resource='http://www.daml.org/2001/12/factbook/factbook-ont#OccupationPercent'/>
    <NS0:occupation rdf:resource='http://www.daml.org/2001/12/factbook/occupations#farming'/>
  </rdf:Description>
  <rdf:Description rdf:about='#A110913'>
    <NS0:year>1997</NS0:year>
  </rdf:Description>
  <rdf:Description rdf:about='#A110391'>
    <rdf:type rdf:resource='http://www.daml.org/2001/12/factbook/factbook-ont#ReligionPercent'/>
    <NS0:religion rdf:resource='http://www.daml.org/2001/12/factbook/religions#Jewish'/>
    <NS0:percent>2</NS0:percent>
  </rdf:Description>
  <rdf:Description rdf:about='#A110773'>
    <rdf:type rdf:resource='http://www.daml.org/2001/12/factbook/factbook-ont#OccupationPercent'/>
    <NS0:occupation rdf:resource='http://www.daml.org/2001/12/factbook/occupations#crafts'/>
    <NS0:percent>24.6</NS0:percent>
  </rdf:Description>
  <rdf:Description rdf:about='#A110386'>
    <rdf:type rdf:resource='http://www.daml.org/2001/12/factbook/factbook-ont#ReligionPercent'/>
    <NS0:religion rdf:resource='http://www.daml.org/2001/12/factbook/religions#Roman_Catholic'/>
    <NS0:percent>28</NS0:percent>
  </rdf:Description>
  <rdf:Description rdf:about='#A110769'>
    <rdf:type rdf:resource='http://www.daml.org/2001/12/factbook/factbook-ont#OccupationPercent'/>
    <NS0:occupation rdf:resource='http://www.daml.org/2001/12/factbook/occupations#transportation'/>
  </rdf:Description>
  <rdf:Description rdf:about='#A110765'>
    <rdf:type rdf:resource='http://www.daml.org/2001/12/factbook/factbook-ont#OccupationPercent'/>
    <NS0:occupation rdf:resource='http://www.daml.org/2001/12/factbook/occupations#mining'/>
  </rdf:Description>
  <rdf:Description rdf:about='#A110381'>
    <rdf:type rdf:resource='http://www.daml.org/2001/12/factbook/factbook-ont#ReligionPercent'/>
    <NS0:religion rdf:resource='http://www.daml.org/2001/12/factbook/religions#Protestant'/>
    <NS0:percent>56</NS0:percent>
  </rdf:Description>
  <rdf:Description rdf:about='#A110893'>
    <NS0:year>1997</NS0:year>
  </rdf:Description>
  <rdf:Description rdf:about='#A110761'>
    <rdf:type rdf:resource='http://www.daml.org/2001/12/factbook/factbook-ont#OccupationPercent'/>
    <NS0:occupation rdf:resource='http://www.daml.org/2001/12/factbook/occupations#manufacturing'/>
  </rdf:Description>
  <rdf:Description rdf:about='#A110375'>
    <rdf:type rdf:resource='http://www.daml.org/2001/12/factbook/factbook-ont#EthnicGroupPercent'/>
    <NS0:ethnicGroup rdf:resource='http://www.daml.org/2001/12/factbook/ethnicGroups#Amerindian'/>
    <NS0:percent>0.8</NS0:percent>
  </rdf:Description>
  <rdf:Description rdf:about='#A110756'>
    <rdf:type rdf:resource='http://www.daml.org/2001/12/factbook/factbook-ont#OccupationPercent'/>
    <NS0:occupation rdf:resource='http://www.daml.org/2001/12/factbook/occupations#services'/>
    <NS0:percent>13.5</NS0:percent>
  </rdf:Description>
  <rdf:Description rdf:about='#A110370'>
    <rdf:type rdf:resource='http://www.daml.org/2001/12/factbook/factbook-ont#EthnicGroupPercent'/>
    <NS0:ethnicGroup rdf:resource='http://www.daml.org/2001/12/factbook/ethnicGroups#Asian'/>
    <NS0:percent>3.3</NS0:percent>
  </rdf:Description>
  <rdf:Description rdf:about='#A110751'>
    <rdf:type rdf:resource='http://www.daml.org/2001/12/factbook/factbook-ont#OccupationPercent'/>
    <NS0:occupation rdf:resource='http://www.daml.org/2001/12/factbook/occupations#sales_and_administrative_support'/>
    <NS0:percent>29.2</NS0:percent>
  </rdf:Description>
  <rdf:Description rdf:about='#A110365'>
    <rdf:type rdf:resource='http://www.daml.org/2001/12/factbook/factbook-ont#EthnicGroupPercent'/>
    <NS0:ethnicGroup rdf:resource='http://www.daml.org/2001/12/factbook/ethnicGroups#black'/>
    <NS0:percent>12.4</NS0:percent>
  </rdf:Description>
  <rdf:Description rdf:about='#A110747'>
    <rdf:type rdf:resource='http://www.daml.org/2001/12/factbook/factbook-ont#OccupationPercent'/>
    <NS0:occupation rdf:resource='http://www.daml.org/2001/12/factbook/occupations#technical'/>
  </rdf:Description>
  <rdf:Description rdf:about='#A110360'>
    <rdf:type rdf:resource='http://www.daml.org/2001/12/factbook/factbook-ont#EthnicGroupPercent'/>
    <NS0:ethnicGroup rdf:resource='http://www.daml.org/2001/12/factbook/ethnicGroups#white'/>
    <NS0:percent>83.5</NS0:percent>
  </rdf:Description>
  <rdf:Description rdf:about='#A110742'>
    <rdf:type rdf:resource='http://www.daml.org/2001/12/factbook/factbook-ont#OccupationPercent'/>
    <NS0:occupation rdf:resource='http://www.daml.org/2001/12/factbook/occupations#managerial_and_professional'/>
    <NS0:percent>30.2</NS0:percent>
  </rdf:Description>
  <rdf:Description rdf:about='#A110812'>
    <NS0:year>1999</NS0:year>
  </rdf:Description>
  <rdf:Description rdf:about='#A111073'>
    <rdf:type rdf:resource='http://www.daml.org/2001/12/factbook/factbook-ont#Estimate'/>
    <NS0:year>2000</NS0:year>
  </rdf:Description>
  <rdf:Description rdf:about='#A110346'>
    <rdf:type rdf:resource='http://www.daml.org/2001/12/factbook/factbook-ont#SexRatioBreakdown'/>
    <NS0:ratio>0.96</NS0:ratio>
  </rdf:Description>
  <rdf:Description rdf:about='#A110341'>
    <rdf:type rdf:resource='http://www.daml.org/2001/12/factbook/factbook-ont#SexRatioBreakdown'/>
    <NS0:minAge>65</NS0:minAge>
    <NS0:ratio>0.71</NS0:ratio>
  </rdf:Description>
  <rdf:Description rdf:about='#A131177'>
    <NS0:note>2000</NS0:note>
  </rdf:Description>
  <rdf:Description rdf:about='#A110335'>
    <rdf:type rdf:resource='http://www.daml.org/2001/12/factbook/factbook-ont#SexRatioBreakdown'/>
    <NS0:minAge>15</NS0:minAge>
    <NS0:maxAge>64</NS0:maxAge>
    <NS0:ratio>0.98</NS0:ratio>
  </rdf:Description>
  <rdf:Description rdf:about='#A110329'>
    <rdf:type rdf:resource='http://www.daml.org/2001/12/factbook/factbook-ont#SexRatioBreakdown'/>
    <NS0:minAge>0</NS0:minAge>
    <NS0:maxAge>14</NS0:maxAge>
    <NS0:ratio>1.05</NS0:ratio>
  </rdf:Description>
  <rdf:Description rdf:about='#A110414'>
    <NS0:note>spoken by a sizable minority</NS0:note>
  </rdf:Description>
  <rdf:Description rdf:about='#A110323'>
    <rdf:type rdf:resource='http://www.daml.org/2001/12/factbook/factbook-ont#SexRatioBreakdown'/>
    <NS0:minAge>0</NS0:minAge>
    <NS0:maxAge>0</NS0:maxAge>
    <NS0:ratio>1.05</NS0:ratio>
  </rdf:Description>
  <rdf:Description rdf:about='#A110817'>
    <NS0:year>1999</NS0:year>
  </rdf:Description>
  <rdf:Description rdf:about='#A130845'>
    <NS0:note>2000</NS0:note>
  </rdf:Description>
  <rdf:Description rdf:about='#A110352'>
    <rdf:type rdf:resource='http://www.daml.org/2001/12/factbook/factbook-ont#Estimate'/>
    <NS0:year>2001</NS0:year>
  </rdf:Description>
  <rdf:Description rdf:about='#A110740'>
    <NS0:year>2000</NS0:year>
  </rdf:Description>
  <rdf:Description rdf:about='#A110821'>
    <NS0:year>1999</NS0:year>
  </rdf:Description>
  <rdf:Description rdf:about='#A110837'>
    <rdf:type rdf:resource='http://www.daml.org/2001/12/factbook/factbook-ont#Estimate'/>
    <NS0:note>f.o.b., 2000</NS0:note>
  </rdf:Description>
</rdf:RDF>
