<?xml version='1.0' encoding='ISO-8859-1'?>
<rdf:RDF
  xmlns:rdf='http://www.w3.org/1999/02/22-rdf-syntax-ns#'
  xmlns:NS0='http://www.daml.org/2001/12/factbook/factbook-ont#'
  xmlns:rdfs='http://www.w3.org/2000/01/rdf-schema#'
  xml:base="http://www.daml.org/2001/12/factbook/uv">
  <rdf:Description rdf:about='#A111542'>
    <rdf:type rdf:resource='http://www.daml.org/2001/12/factbook/factbook-ont#CommodityPercent'/>
    <NS0:importsCommodity rdf:resource='http://www.daml.org/2001/12/factbook/commodities#machinery'/>
  </rdf:Description>
  <rdf:Description rdf:about='#A111350'>
    <rdf:type rdf:resource='#Province'/>
    <NS0:name>Naouri</NS0:name>
  </rdf:Description>
  <rdf:Description rdf:about='#A111346'>
    <rdf:type rdf:resource='#Province'/>
    <NS0:name>Namentenga</NS0:name>
  </rdf:Description>
  <rdf:Description rdf:about='#A111460'>
    <rdf:type rdf:resource='http://www.daml.org/2001/12/factbook/factbook-ont#Estimate'/>
    <NS0:year>2000</NS0:year>
  </rdf:Description>
  <rdf:Description rdf:about='#A111535'>
    <rdf:type rdf:resource='http://www.daml.org/2001/12/factbook/factbook-ont#CommodityPercent'/>
    <NS0:exportsCommodity rdf:resource='http://www.daml.org/2001/12/factbook/commodities#gold'/>
  </rdf:Description>
  <rdf:Description rdf:about='#A111589'>
    <rdf:type rdf:resource='http://www.daml.org/2001/12/factbook/factbook-ont#Estimate'/>
    <NS0:year>2000</NS0:year>
  </rdf:Description>
  <rdf:Description rdf:about='#A111342'>
    <rdf:type rdf:resource='#Province'/>
    <NS0:name>Mouhoun</NS0:name>
  </rdf:Description>
  <rdf:Description rdf:about='#A111531'>
    <rdf:type rdf:resource='http://www.daml.org/2001/12/factbook/factbook-ont#CommodityPercent'/>
    <NS0:exportsCommodity rdf:resource='http://www.daml.org/2001/12/factbook/commodities#animal_products'/>
  </rdf:Description>
  <rdf:Description rdf:about='#A111524'>
    <rdf:type rdf:resource='http://www.daml.org/2001/12/factbook/factbook-ont#Estimate'/>
    <NS0:note>f.o.b., 2000</NS0:note>
  </rdf:Description>
  <rdf:Description rdf:about='#A111338'>
    <rdf:type rdf:resource='#Province'/>
    <NS0:name>Kouritenga</NS0:name>
  </rdf:Description>
  <rdf:Description rdf:about='#A111527'>
    <rdf:type rdf:resource='http://www.daml.org/2001/12/factbook/factbook-ont#CommodityPercent'/>
    <NS0:exportsCommodity rdf:resource='http://www.daml.org/2001/12/factbook/commodities#cotton'/>
  </rdf:Description>
  <rdf:Description rdf:about='#A111334'>
    <rdf:type rdf:resource='#Province'/>
    <NS0:name>Kossi</NS0:name>
  </rdf:Description>
  <rdf:Description rdf:about='#A111330'>
    <rdf:type rdf:resource='#Province'/>
    <NS0:name>Komoe</NS0:name>
  </rdf:Description>
  <rdf:Description rdf:about='#Province'>
    <rdf:type rdf:resource='http://www.w3.org/2000/01/rdf-schema#Class'/>
    <rdfs:subClassOf rdf:resource='http://www.daml.org/2001/12/factbook/factbook-ont#AdministrativeDivision'/>
    <rdfs:label>Province</rdfs:label>
  </rdf:Description>
  <rdf:Description rdf:about='#A111502'>
    <NS0:year>1999</NS0:year>
  </rdf:Description>
  <rdf:Description rdf:about='#A111474'>
    <NS0:year>1994</NS0:year>
  </rdf:Description>
  <rdf:Description rdf:about='#A111326'>
    <rdf:type rdf:resource='#Province'/>
    <NS0:name>Kenedougou</NS0:name>
  </rdf:Description>
  <rdf:Description rdf:about='#A111166'>
    <rdf:type rdf:resource='http://www.daml.org/2001/12/factbook/factbook-ont#Estimate'/>
    <NS0:year>2001</NS0:year>
  </rdf:Description>
  <rdf:Description rdf:about='#A111322'>
    <rdf:type rdf:resource='#Province'/>
    <NS0:name>Kadiogo</NS0:name>
  </rdf:Description>
  <rdf:Description rdf:about='#A111318'>
    <rdf:type rdf:resource='#Province'/>
    <NS0:name>Houe</NS0:name>
  </rdf:Description>
  <rdf:Description rdf:about='#A111124'>
    <rdf:type rdf:resource='http://www.daml.org/2001/12/factbook/factbook-ont#ElevationExtreme'/>
    <NS0:name>Tena Kourou</NS0:name>
    <NS0:elevation>749</NS0:elevation>
  </rdf:Description>
  <rdf:Description rdf:about='#A111314'>
    <rdf:type rdf:resource='#Province'/>
    <NS0:name>Gourma</NS0:name>
  </rdf:Description>
  <rdf:Description rdf:about='#A111175'>
    <rdf:type rdf:resource='http://www.daml.org/2001/12/factbook/factbook-ont#Estimate'/>
    <NS0:year>2001</NS0:year>
  </rdf:Description>
  <rdf:Description rdf:about='#A111119'>
    <rdf:type rdf:resource='http://www.daml.org/2001/12/factbook/factbook-ont#ElevationExtreme'/>
    <NS0:name>Mouhoun (Black Volta) River</NS0:name>
    <NS0:elevation>200</NS0:elevation>
  </rdf:Description>
  <rdf:Description rdf:about='#A111310'>
    <rdf:type rdf:resource='#Province'/>
    <NS0:name>Gnagna</NS0:name>
  </rdf:Description>
  <rdf:Description rdf:about='#A121048'>
    <rdf:type rdf:resource='http://www.daml.org/2001/12/factbook/factbook-ont#CountryPercent'/>
    <NS0:country rdf:resource='http://www.daml.org/2001/09/countries/fips#SP'/>
    <NS0:percent>3</NS0:percent>
  </rdf:Description>
  <rdf:Description rdf:about='#A111306'>
    <rdf:type rdf:resource='#Province'/>
    <NS0:name>Ganzourgou</NS0:name>
  </rdf:Description>
  <rdf:Description rdf:about='#A111570'>
    <NS0:year>1997</NS0:year>
  </rdf:Description>
  <rdf:Description rdf:about='#A121043'>
    <rdf:type rdf:resource='http://www.daml.org/2001/12/factbook/factbook-ont#CountryPercent'/>
    <NS0:country rdf:resource='http://www.daml.org/2001/09/countries/fips#FR'/>
    <NS0:percent>28</NS0:percent>
  </rdf:Description>
  <rdf:Description rdf:about='#A111302'>
    <rdf:type rdf:resource='#Province'/>
    <NS0:name>Boulkiemde</NS0:name>
  </rdf:Description>
  <rdf:Description rdf:about='#A111583'>
    <NS0:year>1996</NS0:year>
  </rdf:Description>
  <rdf:Description rdf:about='#A111298'>
    <rdf:type rdf:resource='#Province'/>
    <NS0:name>Boulgou</NS0:name>
  </rdf:Description>
  <rdf:Description rdf:about='#A111500'>
    <NS0:year>1995</NS0:year>
  </rdf:Description>
  <rdf:Description rdf:about='#A121038'>
    <rdf:type rdf:resource='http://www.daml.org/2001/12/factbook/factbook-ont#CountryPercent'/>
    <NS0:country rdf:resource='http://www.daml.org/2001/09/countries/fips#IV'/>
    <NS0:percent>30</NS0:percent>
  </rdf:Description>
  <rdf:Description rdf:about='#A111104'>
    <rdf:type rdf:resource='http://www.daml.org/2001/12/factbook/factbook-ont#LatLon'/>
    <NS0:latitude>13.0</NS0:latitude>
    <NS0:longitude>-2.0</NS0:longitude>
  </rdf:Description>
  <rdf:Description rdf:about='http://www.daml.org/2001/09/countries/fips#UV'>
    <NS0:background>Independence from France came to Burkina Faso (formerly Upper Volta) in 1960. Governmental instability during the 1970s and 1980s was followed by multiparty elections in the early 1990s. Several hundred thousand farm workers migrate south every year to Cote d&apos;Ivoire and Ghana.</NS0:background>
    <NS0:location>Western Africa, north of Ghana</NS0:location>
    <NS0:geographicCoordinates rdf:resource='#A111104'/>
    <NS0:mapReferences>Africa</NS0:mapReferences>
    <NS0:totalArea>274200</NS0:totalArea>
    <NS0:landArea>273800</NS0:landArea>
    <NS0:waterArea>400</NS0:waterArea>
    <NS0:comparativeArea>slightly larger than Colorado</NS0:comparativeArea>
    <NS0:landBoundaries>3192</NS0:landBoundaries>
    <NS0:coastline rdf:ID='A111115'>0</NS0:coastline>
    <NS0:climate>tropical; warm, dry winters; hot, wet summers</NS0:climate>
    <NS0:terrain>mostly flat to dissected, undulating plains; hills in west and southeast</NS0:terrain>
    <NS0:lowestPoint rdf:resource='#A111119'/>
    <NS0:highestPoint rdf:resource='#A111124'/>
    <NS0:naturalResource rdf:resource='http://www.daml.org/2001/12/factbook/naturalResources#manganese'/>
    <NS0:naturalResource rdf:resource='http://www.daml.org/2001/12/factbook/naturalResources#limestone'/>
    <NS0:naturalResource rdf:resource='http://www.daml.org/2001/12/factbook/naturalResources#marble;_small_deposits_of_gold'/>
    <NS0:naturalResource rdf:resource='http://www.daml.org/2001/12/factbook/naturalResources#antimony'/>
    <NS0:naturalResource rdf:resource='http://www.daml.org/2001/12/factbook/naturalResources#copper'/>
    <NS0:naturalResource rdf:resource='http://www.daml.org/2001/12/factbook/naturalResources#nickel'/>
    <NS0:naturalResource rdf:resource='http://www.daml.org/2001/12/factbook/naturalResources#bauxite'/>
    <NS0:naturalResource rdf:resource='http://www.daml.org/2001/12/factbook/naturalResources#lead'/>
    <NS0:naturalResource rdf:resource='http://www.daml.org/2001/12/factbook/naturalResources#phosphates'/>
    <NS0:naturalResource rdf:resource='http://www.daml.org/2001/12/factbook/naturalResources#zinc'/>
    <NS0:naturalResource rdf:resource='http://www.daml.org/2001/12/factbook/naturalResources#silver'/>
    <NS0:arableLand>13</NS0:arableLand>
    <NS0:permanentCrops>0</NS0:permanentCrops>
    <NS0:permanentPastures>22</NS0:permanentPastures>
    <NS0:forestsAndWoodland>50</NS0:forestsAndWoodland>
    <NS0:otherLandUse rdf:ID='A111144'>15</NS0:otherLandUse>
    <NS0:irrigatedLand rdf:ID='A111147'>200</NS0:irrigatedLand>
    <NS0:naturalHazard>recurring droughts</NS0:naturalHazard>
    <NS0:environmentalIssue>recent droughts and desertification severely affecting agricultural activities, population distribution, and the economy</NS0:environmentalIssue>
    <NS0:environmentalIssue>overgrazing</NS0:environmentalIssue>
    <NS0:environmentalIssue>soil degradation</NS0:environmentalIssue>
    <NS0:environmentalIssue>deforestation</NS0:environmentalIssue>
    <NS0:environmentalAgreementPartyTo rdf:resource='http://www.daml.org/2001/12/factbook/environmentalAgreements#Biodiversity'/>
    <NS0:environmentalAgreementPartyTo rdf:resource='http://www.daml.org/2001/12/factbook/environmentalAgreements#Climate_Change'/>
    <NS0:environmentalAgreementPartyTo rdf:resource='http://www.daml.org/2001/12/factbook/environmentalAgreements#Desertification'/>
    <NS0:environmentalAgreementPartyTo rdf:resource='http://www.daml.org/2001/12/factbook/environmentalAgreements#Endangered_Species'/>
    <NS0:environmentalAgreementPartyTo rdf:resource='http://www.daml.org/2001/12/factbook/environmentalAgreements#Hazardous_Wastes'/>
    <NS0:environmentalAgreementPartyTo rdf:resource='http://www.daml.org/2001/12/factbook/environmentalAgreements#Marine_Life_Conservation'/>
    <NS0:environmentalAgreementPartyTo rdf:resource='http://www.daml.org/2001/12/factbook/environmentalAgreements#Ozone_Layer_Protection'/>
    <NS0:environmentalAgreementPartyTo rdf:resource='http://www.daml.org/2001/12/factbook/environmentalAgreements#Wetlands'/>
    <NS0:environmentalAgreementSigned rdf:resource='http://www.daml.org/2001/12/factbook/environmentalAgreements#Law_of_the_Sea'/>
    <NS0:environmentalAgreementSigned rdf:resource='http://www.daml.org/2001/12/factbook/environmentalAgreements#Nuclear_Test_Ban'/>
    <NS0:population>12272289</NS0:population>
    <NS0:populationGrowthRate rdf:ID='A111166'>2.68</NS0:populationGrowthRate>
    <NS0:birthRate rdf:ID='A111169'>44.79</NS0:birthRate>
    <NS0:deathRate rdf:ID='A111172'>17.05</NS0:deathRate>
    <NS0:netMigrationRate rdf:ID='A111175'>-0.97</NS0:netMigrationRate>
    <NS0:sexRatio rdf:resource='#A111178'/>
    <NS0:sexRatio rdf:resource='#A111184'/>
    <NS0:sexRatio rdf:resource='#A111190'/>
    <NS0:sexRatio rdf:resource='#A111196'/>
    <NS0:sexRatio rdf:ID='A111204' rdf:resource='#A111201'/>
    <NS0:infantMortalityRate rdf:ID='A111207'>106.92</NS0:infantMortalityRate>
    <NS0:totalFertilityRate rdf:ID='A111210'>6.35</NS0:totalFertilityRate>
    <NS0:nationalityNoun>Burkinabe (singular and plural)</NS0:nationalityNoun>
    <NS0:nationalityAdjective>Burkinabe</NS0:nationalityAdjective>
    <NS0:ethnicGroup rdf:resource='#A111215'/>
    <NS0:ethnicGroup rdf:resource='#A111220'/>
    <NS0:ethnicGroup rdf:resource='#A111224'/>
    <NS0:ethnicGroup rdf:resource='#A111228'/>
    <NS0:ethnicGroup rdf:resource='#A111232'/>
    <NS0:ethnicGroup rdf:resource='#A111236'/>
    <NS0:ethnicGroup rdf:resource='#A111240'/>
    <NS0:religion rdf:resource='#A111244'/>
    <NS0:religion rdf:resource='#A111249'/>
    <NS0:religion rdf:ID='A111258' rdf:resource='#A111254'/>
    <NS0:language rdf:ID='A111263' rdf:resource='#A111260'/>
    <NS0:language rdf:resource='#A111265'/>
    <NS0:literacyDefinition>age 15 and over can read and write</NS0:literacyDefinition>
    <NS0:literacyTotal>19.2</NS0:literacyTotal>
    <NS0:literacyMale>29.5</NS0:literacyMale>
    <NS0:literacyFemale rdf:ID='A111272'>9.2</NS0:literacyFemale>
    <NS0:conventionalLongCountryName>none</NS0:conventionalLongCountryName>
    <NS0:conventionalShortCountryName>Burkina Faso</NS0:conventionalShortCountryName>
    <NS0:formerCountryName>Upper Volta, Republic of Upper Volta</NS0:formerCountryName>
    <NS0:governmentType rdf:resource='http://www.daml.org/2001/12/factbook/governmentTypes#parliamentary'/>
    <NS0:capital rdf:resource='#A111279'/>
    <NS0:administrativeDivision rdf:resource='#A111286'/>
    <NS0:administrativeDivision rdf:resource='#A111290'/>
    <NS0:administrativeDivision rdf:resource='#A111294'/>
    <NS0:administrativeDivision rdf:resource='#A111298'/>
    <NS0:administrativeDivision rdf:resource='#A111302'/>
    <NS0:administrativeDivision rdf:resource='#A111306'/>
    <NS0:administrativeDivision rdf:resource='#A111310'/>
    <NS0:administrativeDivision rdf:resource='#A111314'/>
    <NS0:administrativeDivision rdf:resource='#A111318'/>
    <NS0:administrativeDivision rdf:resource='#A111322'/>
    <NS0:administrativeDivision rdf:resource='#A111326'/>
    <NS0:administrativeDivision rdf:resource='#A111330'/>
    <NS0:administrativeDivision rdf:resource='#A111334'/>
    <NS0:administrativeDivision rdf:resource='#A111338'/>
    <NS0:administrativeDivision rdf:resource='#A111342'/>
    <NS0:administrativeDivision rdf:resource='#A111346'/>
    <NS0:administrativeDivision rdf:resource='#A111350'/>
    <NS0:administrativeDivision rdf:resource='#A111354'/>
    <NS0:administrativeDivision rdf:resource='#A111358'/>
    <NS0:administrativeDivision rdf:resource='#A111362'/>
    <NS0:administrativeDivision rdf:resource='#A111366'/>
    <NS0:administrativeDivision rdf:resource='#A111370'/>
    <NS0:administrativeDivision rdf:resource='#A111374'/>
    <NS0:administrativeDivision rdf:resource='#A111378'/>
    <NS0:administrativeDivision rdf:resource='#A111382'/>
    <NS0:administrativeDivision rdf:resource='#A111386'/>
    <NS0:administrativeDivision rdf:resource='#A111390'/>
    <NS0:administrativeDivision rdf:resource='#A111394'/>
    <NS0:administrativeDivision rdf:resource='#A111398'/>
    <NS0:administrativeDivision rdf:resource='#A111402'/>
    <NS0:independence>5 August 1960 (from France)</NS0:independence>
    <NS0:constitution>2 June 1991 approved by referendum; 11 June 1991 formally adopted</NS0:constitution>
    <NS0:legalSystem>based on French civil law system and customary law</NS0:legalSystem>
    <NS0:suffrage>universal</NS0:suffrage>
    <NS0:participatesIn rdf:resource='http://www.daml.org/2001/12/factbook/internationalOrganizations#ACCT'/>
    <NS0:participatesIn rdf:resource='http://www.daml.org/2001/12/factbook/internationalOrganizations#ACP'/>
    <NS0:participatesIn rdf:resource='http://www.daml.org/2001/12/factbook/internationalOrganizations#AfDB'/>
    <NS0:participatesIn rdf:resource='http://www.daml.org/2001/12/factbook/internationalOrganizations#CCC'/>
    <NS0:participatesIn rdf:resource='http://www.daml.org/2001/12/factbook/internationalOrganizations#ECA'/>
    <NS0:participatesIn rdf:resource='http://www.daml.org/2001/12/factbook/internationalOrganizations#ECOWAS'/>
    <NS0:participatesIn rdf:resource='http://www.daml.org/2001/12/factbook/internationalOrganizations#Entente'/>
    <NS0:participatesIn rdf:resource='http://www.daml.org/2001/12/factbook/internationalOrganizations#FAO'/>
    <NS0:participatesIn rdf:resource='http://www.daml.org/2001/12/factbook/internationalOrganizations#FZ'/>
    <NS0:participatesIn rdf:resource='http://www.daml.org/2001/12/factbook/internationalOrganizations#G-77'/>
    <NS0:participatesIn rdf:resource='http://www.daml.org/2001/12/factbook/internationalOrganizations#IAEA'/>
    <NS0:participatesIn rdf:resource='http://www.daml.org/2001/12/factbook/internationalOrganizations#IBRD'/>
    <NS0:participatesIn rdf:resource='http://www.daml.org/2001/12/factbook/internationalOrganizations#ICAO'/>
    <NS0:participatesIn rdf:resource='http://www.daml.org/2001/12/factbook/internationalOrganizations#ICC'/>
    <NS0:participatesIn rdf:resource='http://www.daml.org/2001/12/factbook/internationalOrganizations#ICFTU'/>
    <NS0:participatesIn rdf:resource='http://www.daml.org/2001/12/factbook/internationalOrganizations#ICRM'/>
    <NS0:participatesIn rdf:resource='http://www.daml.org/2001/12/factbook/internationalOrganizations#IDA'/>
    <NS0:participatesIn rdf:resource='http://www.daml.org/2001/12/factbook/internationalOrganizations#IDB'/>
    <NS0:participatesIn rdf:resource='http://www.daml.org/2001/12/factbook/internationalOrganizations#IFAD'/>
    <NS0:participatesIn rdf:resource='http://www.daml.org/2001/12/factbook/internationalOrganizations#IFC'/>
    <NS0:participatesIn rdf:resource='http://www.daml.org/2001/12/factbook/internationalOrganizations#IFRCS'/>
    <NS0:participatesIn rdf:resource='http://www.daml.org/2001/12/factbook/internationalOrganizations#ILO'/>
    <NS0:participatesIn rdf:resource='http://www.daml.org/2001/12/factbook/internationalOrganizations#IMF'/>
    <NS0:participatesIn rdf:resource='http://www.daml.org/2001/12/factbook/internationalOrganizations#Intelsat'/>
    <NS0:participatesIn rdf:resource='http://www.daml.org/2001/12/factbook/internationalOrganizations#Interpol'/>
    <NS0:participatesIn rdf:resource='http://www.daml.org/2001/12/factbook/internationalOrganizations#IOC'/>
    <NS0:participatesIn rdf:resource='http://www.daml.org/2001/12/factbook/internationalOrganizations#IOM'/>
    <NS0:participatesIn rdf:resource='http://www.daml.org/2001/12/factbook/internationalOrganizations#ISO'/>
    <NS0:participatesIn rdf:resource='http://www.daml.org/2001/12/factbook/internationalOrganizations#ITU'/>
    <NS0:participatesIn rdf:resource='http://www.daml.org/2001/12/factbook/internationalOrganizations#MONUC'/>
    <NS0:participatesIn rdf:resource='http://www.daml.org/2001/12/factbook/internationalOrganizations#NAM'/>
    <NS0:participatesIn rdf:resource='http://www.daml.org/2001/12/factbook/internationalOrganizations#OAU'/>
    <NS0:participatesIn rdf:resource='http://www.daml.org/2001/12/factbook/internationalOrganizations#OIC'/>
    <NS0:participatesIn rdf:resource='http://www.daml.org/2001/12/factbook/internationalOrganizations#OPCW'/>
    <NS0:participatesIn rdf:resource='http://www.daml.org/2001/12/factbook/internationalOrganizations#UN'/>
    <NS0:participatesIn rdf:resource='http://www.daml.org/2001/12/factbook/internationalOrganizations#UNCTAD'/>
    <NS0:participatesIn rdf:resource='http://www.daml.org/2001/12/factbook/internationalOrganizations#UNESCO'/>
    <NS0:participatesIn rdf:resource='http://www.daml.org/2001/12/factbook/internationalOrganizations#UNIDO'/>
    <NS0:participatesIn rdf:resource='http://www.daml.org/2001/12/factbook/internationalOrganizations#UPU'/>
    <NS0:participatesIn rdf:resource='http://www.daml.org/2001/12/factbook/internationalOrganizations#WADB'/>
    <NS0:participatesIn rdf:resource='http://www.daml.org/2001/12/factbook/internationalOrganizations#WAEMU'/>
    <NS0:participatesIn rdf:resource='http://www.daml.org/2001/12/factbook/internationalOrganizations#WCL'/>
    <NS0:participatesIn rdf:resource='http://www.daml.org/2001/12/factbook/internationalOrganizations#WFTU'/>
    <NS0:participatesIn rdf:resource='http://www.daml.org/2001/12/factbook/internationalOrganizations#WHO'/>
    <NS0:participatesIn rdf:resource='http://www.daml.org/2001/12/factbook/internationalOrganizations#WIPO'/>
    <NS0:participatesIn rdf:resource='http://www.daml.org/2001/12/factbook/internationalOrganizations#WMO'/>
    <NS0:participatesIn rdf:resource='http://www.daml.org/2001/12/factbook/internationalOrganizations#WToO'/>
    <NS0:participatesIn rdf:resource='http://www.daml.org/2001/12/factbook/internationalOrganizations#WTrO'/>
    <NS0:flagDescription>two equal horizontal bands of red (top) and green with a yellow five-pointed star in the center; uses the popular pan-African colors of Ethiopia</NS0:flagDescription>
    <NS0:economyOverview>One of the poorest countries in the world, landlocked Burkina Faso has a high population density, few natural resources, and a fragile soil. About 90% of the population is engaged in (mainly subsistence) agriculture which is highly vulnerable to variations in rainfall. Industry remains dominated by unprofitable government-controlled corporations. Following the African franc currency devaluation in January 1994 the government updated its development program in conjunction with international agencies, and exports and economic growth have increased. Maintenance of its macroeconomic progress in 2001-02 depends on continued low inflation, reduction in the trade deficit, and reforms designed to encourage private investment.</NS0:economyOverview>
    <NS0:grossDomesticProduct rdf:ID='A111460'>12000000000</NS0:grossDomesticProduct>
    <NS0:grossDomesticProductRealGrowth rdf:ID='A111463'>5</NS0:grossDomesticProductRealGrowth>
    <NS0:grossDomesticProductPerCapita rdf:ID='A111466'>1000</NS0:grossDomesticProductPerCapita>
    <NS0:grossDomesticProductAgriculture>26</NS0:grossDomesticProductAgriculture>
    <NS0:grossDomesticProductIndustry>27</NS0:grossDomesticProductIndustry>
    <NS0:grossDomesticProductServices rdf:ID='A111471'>47</NS0:grossDomesticProductServices>
    <NS0:householdIncomeLowest10Percent>2.2</NS0:householdIncomeLowest10Percent>
    <NS0:householdIncomeHighest10Percent rdf:ID='A111474'>39.5</NS0:householdIncomeHighest10Percent>
    <NS0:inflationRate rdf:ID='A111476'>1.5</NS0:inflationRate>
    <NS0:laborForce rdf:ID='A111479'>5000000</NS0:laborForce>
    <NS0:occupation rdf:ID='A111485' rdf:resource='#A111481'/>
    <NS0:budgetRevenues>277000000</NS0:budgetRevenues>
    <NS0:budgetExpenditures>492000000</NS0:budgetExpenditures>
    <NS0:budgetCapitalExpenditures rdf:ID='A111490'>233000000</NS0:budgetCapitalExpenditures>
    <NS0:industry rdf:resource='http://www.daml.org/2001/12/factbook/industries#cotton_lint'/>
    <NS0:industry rdf:resource='http://www.daml.org/2001/12/factbook/industries#beverages'/>
    <NS0:industry rdf:resource='http://www.daml.org/2001/12/factbook/industries#agricultural_processing'/>
    <NS0:industry rdf:resource='http://www.daml.org/2001/12/factbook/industries#soap'/>
    <NS0:industry rdf:resource='http://www.daml.org/2001/12/factbook/industries#cigarettes'/>
    <NS0:industry rdf:resource='http://www.daml.org/2001/12/factbook/industries#textiles'/>
    <NS0:industry rdf:resource='http://www.daml.org/2001/12/factbook/industries#gold'/>
    <NS0:industrialProductionGrowthRate rdf:ID='A111500'>4.2</NS0:industrialProductionGrowthRate>
    <NS0:electricityProduction rdf:ID='A111502'>285000000</NS0:electricityProduction>
    <NS0:electricityProductionFossilFuel>71.93</NS0:electricityProductionFossilFuel>
    <NS0:electricityProductionHydro>28.07</NS0:electricityProductionHydro>
    <NS0:electricityProductionNuclear>0</NS0:electricityProductionNuclear>
    <NS0:electricityProductionOther rdf:ID='A111507'>0</NS0:electricityProductionOther>
    <NS0:electricityConsumption rdf:ID='A111509'>265100000</NS0:electricityConsumption>
    <NS0:electricityExports rdf:ID='A111511'>0</NS0:electricityExports>
    <NS0:electricityImports rdf:ID='A111513'>0</NS0:electricityImports>
    <NS0:agricultureProduct rdf:resource='http://www.daml.org/2001/12/factbook/agricultureProducts#peanuts'/>
    <NS0:agricultureProduct rdf:resource='http://www.daml.org/2001/12/factbook/agricultureProducts#shea_nuts'/>
    <NS0:agricultureProduct rdf:resource='http://www.daml.org/2001/12/factbook/agricultureProducts#sesame'/>
    <NS0:agricultureProduct rdf:resource='http://www.daml.org/2001/12/factbook/agricultureProducts#cotton'/>
    <NS0:agricultureProduct rdf:resource='http://www.daml.org/2001/12/factbook/agricultureProducts#sorghum'/>
    <NS0:agricultureProduct rdf:resource='http://www.daml.org/2001/12/factbook/agricultureProducts#millet'/>
    <NS0:agricultureProduct rdf:resource='http://www.daml.org/2001/12/factbook/agricultureProducts#corn'/>
    <NS0:agricultureProduct rdf:resource='http://www.daml.org/2001/12/factbook/agricultureProducts#rice'/>
    <NS0:agricultureProduct rdf:resource='http://www.daml.org/2001/12/factbook/agricultureProducts#livestock'/>
    <NS0:exports rdf:ID='A111524'>220000000</NS0:exports>
    <NS0:exportsCommodity rdf:resource='#A111527'/>
    <NS0:exportsCommodity rdf:resource='#A111531'/>
    <NS0:exportsCommodity rdf:resource='#A111535'/>
    <NS0:imports rdf:ID='A111539'>610000000</NS0:imports>
    <NS0:importsCommodity rdf:resource='#A111542'/>
    <NS0:importsCommodity rdf:resource='#A111546'/>
    <NS0:importsCommodity rdf:resource='#A111550'/>
    <NS0:externalDebt rdf:ID='A111554'>1300000000</NS0:externalDebt>
    <NS0:economicAidRecipient rdf:ID='A111556'>484100000</NS0:economicAidRecipient>
    <NS0:currency>Communaute Financiere Africaine franc (XOF); note - responsible authority is the Central Bank of the West African States</NS0:currency>
    <NS0:currencyCode>XOF</NS0:currencyCode>
    <NS0:fiscalYear>calendar year</NS0:fiscalYear>
    <NS0:mainTelephoneLines rdf:ID='A111561'>36000</NS0:mainTelephoneLines>
    <NS0:mobileTelephoneLines rdf:ID='A111563'>1503</NS0:mobileTelephoneLines>
    <NS0:telephoneSystemGeneralAssessment>all services only fair</NS0:telephoneSystemGeneralAssessment>
    <NS0:telephoneSystemDomestic>microwave radio relay, open wire, and radiotelephone communication stations</NS0:telephoneSystemDomestic>
    <NS0:telephoneSystemInternational>satellite earth station - 1 Intelsat (Atlantic Ocean)</NS0:telephoneSystemInternational>
    <NS0:radios rdf:ID='A111568'>370000</NS0:radios>
    <NS0:televisionBroadcastStations rdf:ID='A111570'>1</NS0:televisionBroadcastStations>
    <NS0:televisions rdf:ID='A111572'>100000</NS0:televisions>
    <NS0:internetCountryCode>.bf</NS0:internetCountryCode>
    <NS0:internetServiceProviders rdf:ID='A111575'>1</NS0:internetServiceProviders>
    <NS0:internetUsers rdf:ID='A111577'>4000</NS0:internetUsers>
    <NS0:railwaysTotal rdf:ID='A111579'>622</NS0:railwaysTotal>
    <NS0:highwaysTotal>12506</NS0:highwaysTotal>
    <NS0:highwaysPaved>2001</NS0:highwaysPaved>
    <NS0:highwaysUnpaved rdf:ID='A111583'>10505</NS0:highwaysUnpaved>
    <NS0:port rdf:resource='#A111585'/>
    <NS0:airports rdf:ID='A111589'>33</NS0:airports>
    <NS0:airportBreakdown rdf:resource='#A111592'/>
    <NS0:airportBreakdown rdf:resource='#A111598'/>
    <NS0:airportBreakdown rdf:resource='#A111605'/>
    <NS0:airportBreakdown rdf:resource='#A111612'/>
    <NS0:airportBreakdown rdf:resource='#A111619'/>
    <NS0:malesOfMilitaryAge rdf:ID='A111625'>2592974</NS0:malesOfMilitaryAge>
    <NS0:malesFitForMilitaryService rdf:ID='A111628'>1329995</NS0:malesFitForMilitaryService>
    <NS0:militaryExpenditures rdf:ID='A111631'>66000000</NS0:militaryExpenditures>
    <NS0:militaryExpendituresPercentGDP rdf:ID='A111633'>2</NS0:militaryExpendituresPercentGDP>
    <NS0:internationalDispute>none</NS0:internationalDispute>
    <NS0:smallFlag>http://www.cia.gov/cia/publications/factbook/flags/uv-flag.jpg</NS0:smallFlag>
    <NS0:largeFlag>http://www.cia.gov/cia/publications/factbook/flags/uv-lgflag.jpg</NS0:largeFlag>
    <NS0:map>http://www.cia.gov/cia/publications/factbook/maps/uv-map.jpg</NS0:map>
    <NS0:border rdf:resource='#A120987'/>
    <NS0:border rdf:resource='#A120992'/>
    <NS0:border rdf:resource='#A120997'/>
    <NS0:border rdf:resource='#A121002'/>
    <NS0:border rdf:resource='#A121007'/>
    <NS0:border rdf:resource='#A121012'/>
    <NS0:exportPartner rdf:resource='#A121017'/>
    <NS0:exportPartner rdf:resource='#A121022'/>
    <NS0:exportPartner rdf:resource='#A121027'/>
    <NS0:exportPartner rdf:ID='A121036' rdf:resource='#A121032'/>
    <NS0:importPartner rdf:resource='#A121038'/>
    <NS0:importPartner rdf:resource='#A121043'/>
    <NS0:importPartner rdf:resource='#A121048'/>
  </rdf:Description>
  <rdf:Description rdf:about='#A111294'>
    <rdf:type rdf:resource='#Province'/>
    <NS0:name>Bougouriba</NS0:name>
  </rdf:Description>
  <rdf:Description rdf:about='#A121032'>
    <rdf:type rdf:resource='http://www.daml.org/2001/12/factbook/factbook-ont#CountryPercent'/>
    <NS0:country rdf:resource='http://www.daml.org/2001/09/countries/fips#TH'/>
    <NS0:percent>7</NS0:percent>
  </rdf:Description>
  <rdf:Description rdf:about='#A111481'>
    <rdf:type rdf:resource='http://www.daml.org/2001/12/factbook/factbook-ont#OccupationPercent'/>
    <NS0:occupation rdf:resource='http://www.daml.org/2001/12/factbook/occupations#agriculture'/>
    <NS0:percent>90</NS0:percent>
  </rdf:Description>
  <rdf:Description rdf:about='#A111290'>
    <rdf:type rdf:resource='#Province'/>
    <NS0:name>Bazega</NS0:name>
  </rdf:Description>
  <rdf:Description rdf:about='#A111286'>
    <rdf:type rdf:resource='#Province'/>
    <NS0:name>Bam</NS0:name>
  </rdf:Description>
  <rdf:Description rdf:about='#A121027'>
    <rdf:type rdf:resource='http://www.daml.org/2001/12/factbook/factbook-ont#CountryPercent'/>
    <NS0:country rdf:resource='http://www.daml.org/2001/09/countries/fips#ID'/>
    <NS0:percent>8</NS0:percent>
  </rdf:Description>
  <rdf:Description rdf:about='#A111579'>
    <NS0:note>517 km from Ouagadougou to the Cote d&apos;Ivoire border and 105 km from Ouagadougou to Kaya</NS0:note>
  </rdf:Description>
  <rdf:Description rdf:about='#A111631'>
    <NS0:note>FY96</NS0:note>
  </rdf:Description>
  <rdf:Description rdf:about='#A121022'>
    <rdf:type rdf:resource='http://www.daml.org/2001/12/factbook/factbook-ont#CountryPercent'/>
    <NS0:country rdf:resource='http://www.daml.org/2001/09/countries/fips#FR'/>
    <NS0:percent>10</NS0:percent>
  </rdf:Description>
  <rdf:Description rdf:about='#A111279'>
    <rdf:type rdf:resource='http://www.daml.org/2001/12/factbook/factbook-ont#CapitalCity'/>
    <NS0:name>Ouagadougou</NS0:name>
  </rdf:Description>
  <rdf:Description rdf:about='#A121017'>
    <rdf:type rdf:resource='http://www.daml.org/2001/12/factbook/factbook-ont#CountryPercent'/>
    <NS0:country rdf:resource='http://www.daml.org/2001/09/countries/fips#IT'/>
    <NS0:percent>13</NS0:percent>
  </rdf:Description>
  <rdf:Description rdf:about='#A111204'>
    <rdf:type rdf:resource='http://www.daml.org/2001/12/factbook/factbook-ont#Estimate'/>
    <NS0:year>2001</NS0:year>
  </rdf:Description>
  <rdf:Description rdf:about='#A111172'>
    <rdf:type rdf:resource='http://www.daml.org/2001/12/factbook/factbook-ont#Estimate'/>
    <NS0:year>2001</NS0:year>
  </rdf:Description>
  <rdf:Description rdf:about='#A121012'>
    <rdf:type rdf:resource='http://www.daml.org/2001/12/factbook/factbook-ont#Border'/>
    <NS0:country rdf:resource='http://www.daml.org/2001/09/countries/fips#TO'/>
    <NS0:distance>126</NS0:distance>
  </rdf:Description>
  <rdf:Description rdf:about='#A111568'>
    <NS0:year>1997</NS0:year>
  </rdf:Description>
  <rdf:Description rdf:about='#A111147'>
    <rdf:type rdf:resource='http://www.daml.org/2001/12/factbook/factbook-ont#Estimate'/>
    <NS0:year>1993</NS0:year>
  </rdf:Description>
  <rdf:Description rdf:about='#A121007'>
    <rdf:type rdf:resource='http://www.daml.org/2001/12/factbook/factbook-ont#Border'/>
    <NS0:country rdf:resource='http://www.daml.org/2001/09/countries/fips#NG'/>
    <NS0:distance>628</NS0:distance>
  </rdf:Description>
  <rdf:Description rdf:about='#A111265'>
    <rdf:type rdf:resource='http://www.daml.org/2001/12/factbook/factbook-ont#LanguagePercent'/>
    <NS0:language rdf:resource='http://www.daml.org/2001/12/factbook/languages#native_African_languages_belonging_to_Sudanic_family_spoken_by_90%_of_the_population'/>
  </rdf:Description>
  <rdf:Description rdf:about='#A111258'>
    <NS0:note>mainly Roman Catholic</NS0:note>
  </rdf:Description>
  <rdf:Description rdf:about='#A111563'>
    <NS0:year>1997</NS0:year>
  </rdf:Description>
  <rdf:Description rdf:about='#A121002'>
    <rdf:type rdf:resource='http://www.daml.org/2001/12/factbook/factbook-ont#Border'/>
    <NS0:country rdf:resource='http://www.daml.org/2001/09/countries/fips#ML'/>
    <NS0:distance>1000</NS0:distance>
  </rdf:Description>
  <rdf:Description rdf:about='#A111625'>
    <rdf:type rdf:resource='http://www.daml.org/2001/12/factbook/factbook-ont#Estimate'/>
    <NS0:year>2001</NS0:year>
  </rdf:Description>
  <rdf:Description rdf:about='#A111260'>
    <rdf:type rdf:resource='http://www.daml.org/2001/12/factbook/factbook-ont#LanguagePercent'/>
    <NS0:language rdf:resource='http://www.daml.org/2001/12/factbook/languages#French'/>
  </rdf:Description>
  <rdf:Description rdf:about='#A111572'>
    <NS0:year>1997</NS0:year>
  </rdf:Description>
  <rdf:Description rdf:about='#A120997'>
    <rdf:type rdf:resource='http://www.daml.org/2001/12/factbook/factbook-ont#Border'/>
    <NS0:country rdf:resource='http://www.daml.org/2001/09/countries/fips#GH'/>
    <NS0:distance>548</NS0:distance>
  </rdf:Description>
  <rdf:Description rdf:about='#A111254'>
    <rdf:type rdf:resource='http://www.daml.org/2001/12/factbook/factbook-ont#ReligionPercent'/>
    <NS0:religion rdf:resource='http://www.daml.org/2001/12/factbook/religions#Christian'/>
    <NS0:percent>10</NS0:percent>
  </rdf:Description>
  <rdf:Description rdf:about='#A120992'>
    <rdf:type rdf:resource='http://www.daml.org/2001/12/factbook/factbook-ont#Border'/>
    <NS0:country rdf:resource='http://www.daml.org/2001/09/countries/fips#IV'/>
    <NS0:distance>584</NS0:distance>
  </rdf:Description>
  <rdf:Description rdf:about='#A111249'>
    <rdf:type rdf:resource='http://www.daml.org/2001/12/factbook/factbook-ont#ReligionPercent'/>
    <NS0:religion rdf:resource='http://www.daml.org/2001/12/factbook/religions#Muslim'/>
    <NS0:percent>50</NS0:percent>
  </rdf:Description>
  <rdf:Description rdf:about='#A120987'>
    <rdf:type rdf:resource='http://www.daml.org/2001/12/factbook/factbook-ont#Border'/>
    <NS0:country rdf:resource='http://www.daml.org/2001/09/countries/fips#BN'/>
    <NS0:distance>306</NS0:distance>
  </rdf:Description>
  <rdf:Description rdf:about='#A111244'>
    <rdf:type rdf:resource='http://www.daml.org/2001/12/factbook/factbook-ont#ReligionPercent'/>
    <NS0:religion rdf:resource='http://www.daml.org/2001/12/factbook/religions#indigenous_beliefs'/>
    <NS0:percent>40</NS0:percent>
  </rdf:Description>
  <rdf:Description rdf:about='#A111272'>
    <rdf:type rdf:resource='http://www.daml.org/2001/12/factbook/factbook-ont#Estimate'/>
    <NS0:year>1995</NS0:year>
  </rdf:Description>
  <rdf:Description rdf:about='#A111240'>
    <rdf:type rdf:resource='http://www.daml.org/2001/12/factbook/factbook-ont#EthnicGroupPercent'/>
    <NS0:ethnicGroup rdf:resource='http://www.daml.org/2001/12/factbook/ethnicGroups#Fulani'/>
  </rdf:Description>
  <rdf:Description rdf:about='#A111619'>
    <rdf:type rdf:resource='http://www.daml.org/2001/12/factbook/factbook-ont#AirportBreakdown'/>
    <NS0:paved>false</NS0:paved>
    <NS0:maxRunway>913</NS0:maxRunway>
    <NS0:count>16 (2000 est.)</NS0:count>
  </rdf:Description>
  <rdf:Description rdf:about='#A111236'>
    <rdf:type rdf:resource='http://www.daml.org/2001/12/factbook/factbook-ont#EthnicGroupPercent'/>
    <NS0:ethnicGroup rdf:resource='http://www.daml.org/2001/12/factbook/ethnicGroups#Mande'/>
  </rdf:Description>
  <rdf:Description rdf:about='#A111513'>
    <NS0:year>1999</NS0:year>
  </rdf:Description>
  <rdf:Description rdf:about='#A111539'>
    <rdf:type rdf:resource='http://www.daml.org/2001/12/factbook/factbook-ont#Estimate'/>
    <NS0:note>f.o.b., 2000</NS0:note>
  </rdf:Description>
  <rdf:Description rdf:about='#A111232'>
    <rdf:type rdf:resource='http://www.daml.org/2001/12/factbook/factbook-ont#EthnicGroupPercent'/>
    <NS0:ethnicGroup rdf:resource='http://www.daml.org/2001/12/factbook/ethnicGroups#Bobo'/>
  </rdf:Description>
  <rdf:Description rdf:about='#A111509'>
    <NS0:year>1999</NS0:year>
  </rdf:Description>
  <rdf:Description rdf:about='#A111612'>
    <rdf:type rdf:resource='http://www.daml.org/2001/12/factbook/factbook-ont#AirportBreakdown'/>
    <NS0:paved>false</NS0:paved>
    <NS0:minRunway>914</NS0:minRunway>
    <NS0:maxRunway>1523</NS0:maxRunway>
    <NS0:count>12</NS0:count>
  </rdf:Description>
  <rdf:Description rdf:about='#A111228'>
    <rdf:type rdf:resource='http://www.daml.org/2001/12/factbook/factbook-ont#EthnicGroupPercent'/>
    <NS0:ethnicGroup rdf:resource='http://www.daml.org/2001/12/factbook/ethnicGroups#Lobi'/>
  </rdf:Description>
  <rdf:Description rdf:about='#A111210'>
    <rdf:type rdf:resource='http://www.daml.org/2001/12/factbook/factbook-ont#Estimate'/>
    <NS0:year>2001</NS0:year>
  </rdf:Description>
  <rdf:Description rdf:about='#A111224'>
    <rdf:type rdf:resource='http://www.daml.org/2001/12/factbook/factbook-ont#EthnicGroupPercent'/>
    <NS0:ethnicGroup rdf:resource='http://www.daml.org/2001/12/factbook/ethnicGroups#Senufo'/>
  </rdf:Description>
  <rdf:Description rdf:about='#A111507'>
    <NS0:year>1999</NS0:year>
  </rdf:Description>
  <rdf:Description rdf:about='#A111463'>
    <rdf:type rdf:resource='http://www.daml.org/2001/12/factbook/factbook-ont#Estimate'/>
    <NS0:year>2000</NS0:year>
  </rdf:Description>
  <rdf:Description rdf:about='#A111605'>
    <rdf:type rdf:resource='http://www.daml.org/2001/12/factbook/factbook-ont#AirportBreakdown'/>
    <NS0:paved>false</NS0:paved>
    <NS0:minRunway>1524</NS0:minRunway>
    <NS0:maxRunway>2437</NS0:maxRunway>
    <NS0:count>3</NS0:count>
  </rdf:Description>
  <rdf:Description rdf:about='#A111476'>
    <rdf:type rdf:resource='http://www.daml.org/2001/12/factbook/factbook-ont#Estimate'/>
    <NS0:year>2000</NS0:year>
  </rdf:Description>
  <rdf:Description rdf:about='#A111220'>
    <rdf:type rdf:resource='http://www.daml.org/2001/12/factbook/factbook-ont#EthnicGroupPercent'/>
    <NS0:ethnicGroup rdf:resource='http://www.daml.org/2001/12/factbook/ethnicGroups#Gurunsi'/>
  </rdf:Description>
  <rdf:Description rdf:about='#A111207'>
    <rdf:type rdf:resource='http://www.daml.org/2001/12/factbook/factbook-ont#Estimate'/>
    <NS0:year>2001</NS0:year>
  </rdf:Description>
  <rdf:Description rdf:about='#A111633'>
    <NS0:note>FY96</NS0:note>
  </rdf:Description>
  <rdf:Description rdf:about='#A111598'>
    <rdf:type rdf:resource='http://www.daml.org/2001/12/factbook/factbook-ont#AirportBreakdown'/>
    <NS0:paved>true</NS0:paved>
    <NS0:minRunway>2438</NS0:minRunway>
    <NS0:maxRunway>3047</NS0:maxRunway>
    <NS0:count>1 (2000 est.)</NS0:count>
  </rdf:Description>
  <rdf:Description rdf:about='#A111215'>
    <rdf:type rdf:resource='http://www.daml.org/2001/12/factbook/factbook-ont#EthnicGroupPercent'/>
    <NS0:ethnicGroup rdf:resource='http://www.daml.org/2001/12/factbook/ethnicGroups#Mossi_over'/>
    <NS0:percent>40</NS0:percent>
  </rdf:Description>
  <rdf:Description rdf:about='#A111402'>
    <rdf:type rdf:resource='#Province'/>
    <NS0:name>Zoundweogo</NS0:name>
  </rdf:Description>
  <rdf:Description rdf:about='#A111592'>
    <rdf:type rdf:resource='http://www.daml.org/2001/12/factbook/factbook-ont#AirportBreakdown'/>
    <NS0:paved>true</NS0:paved>
    <NS0:minRunway>3048</NS0:minRunway>
    <NS0:count>1</NS0:count>
  </rdf:Description>
  <rdf:Description rdf:about='#A111398'>
    <rdf:type rdf:resource='#Province'/>
    <NS0:name>Yatenga</NS0:name>
  </rdf:Description>
  <rdf:Description rdf:about='#A121036'>
    <NS0:note>1999</NS0:note>
  </rdf:Description>
  <rdf:Description rdf:about='#A111490'>
    <rdf:type rdf:resource='http://www.daml.org/2001/12/factbook/factbook-ont#Estimate'/>
    <NS0:year>1995</NS0:year>
  </rdf:Description>
  <rdf:Description rdf:about='#A111394'>
    <rdf:type rdf:resource='#Province'/>
    <NS0:name>Tapoa</NS0:name>
  </rdf:Description>
  <rdf:Description rdf:about='#A111585'>
    <rdf:type rdf:resource='http://www.daml.org/2001/12/factbook/factbook-ont#Port'/>
    <NS0:name>none</NS0:name>
  </rdf:Description>
  <rdf:Description rdf:about='#A111201'>
    <rdf:type rdf:resource='http://www.daml.org/2001/12/factbook/factbook-ont#SexRatioBreakdown'/>
    <NS0:ratio>0.95</NS0:ratio>
  </rdf:Description>
  <rdf:Description rdf:about='#A111115'>
    <NS0:note>landlocked</NS0:note>
  </rdf:Description>
  <rdf:Description rdf:about='#A111390'>
    <rdf:type rdf:resource='#Province'/>
    <NS0:name>Sourou</NS0:name>
  </rdf:Description>
  <rdf:Description rdf:about='#A111196'>
    <rdf:type rdf:resource='http://www.daml.org/2001/12/factbook/factbook-ont#SexRatioBreakdown'/>
    <NS0:minAge>65</NS0:minAge>
    <NS0:ratio>0.73</NS0:ratio>
  </rdf:Description>
  <rdf:Description rdf:about='#A111386'>
    <rdf:type rdf:resource='#Province'/>
    <NS0:name>Soum</NS0:name>
  </rdf:Description>
  <rdf:Description rdf:about='#A111628'>
    <rdf:type rdf:resource='http://www.daml.org/2001/12/factbook/factbook-ont#Estimate'/>
    <NS0:year>2001</NS0:year>
  </rdf:Description>
  <rdf:Description rdf:about='#A111382'>
    <rdf:type rdf:resource='#Province'/>
    <NS0:name>Sissili</NS0:name>
  </rdf:Description>
  <rdf:Description rdf:about='#A111190'>
    <rdf:type rdf:resource='http://www.daml.org/2001/12/factbook/factbook-ont#SexRatioBreakdown'/>
    <NS0:minAge>15</NS0:minAge>
    <NS0:maxAge>64</NS0:maxAge>
    <NS0:ratio>0.91</NS0:ratio>
  </rdf:Description>
  <rdf:Description rdf:about='#A111378'>
    <rdf:type rdf:resource='#Province'/>
    <NS0:name>Seno</NS0:name>
  </rdf:Description>
  <rdf:Description rdf:about='#A111575'>
    <NS0:year>2000</NS0:year>
  </rdf:Description>
  <rdf:Description rdf:about='#A111577'>
    <NS0:year>2000</NS0:year>
  </rdf:Description>
  <rdf:Description rdf:about='#A111184'>
    <rdf:type rdf:resource='http://www.daml.org/2001/12/factbook/factbook-ont#SexRatioBreakdown'/>
    <NS0:minAge>0</NS0:minAge>
    <NS0:maxAge>14</NS0:maxAge>
    <NS0:ratio>1.02</NS0:ratio>
  </rdf:Description>
  <rdf:Description rdf:about='#A111374'>
    <rdf:type rdf:resource='#Province'/>
    <NS0:name>Sanmatenga</NS0:name>
  </rdf:Description>
  <rdf:Description rdf:about='#A111554'>
    <NS0:year>1997</NS0:year>
  </rdf:Description>
  <rdf:Description rdf:about='#A111471'>
    <NS0:year>1998</NS0:year>
  </rdf:Description>
  <rdf:Description rdf:about='#A111556'>
    <NS0:year>1995</NS0:year>
  </rdf:Description>
  <rdf:Description rdf:about='#A111370'>
    <rdf:type rdf:resource='#Province'/>
    <NS0:name>Sanguie</NS0:name>
  </rdf:Description>
  <rdf:Description rdf:about='#A111178'>
    <rdf:type rdf:resource='http://www.daml.org/2001/12/factbook/factbook-ont#SexRatioBreakdown'/>
    <NS0:minAge>0</NS0:minAge>
    <NS0:maxAge>0</NS0:maxAge>
    <NS0:ratio>1.03</NS0:ratio>
  </rdf:Description>
  <rdf:Description rdf:about='#A111144'>
    <rdf:type rdf:resource='http://www.daml.org/2001/12/factbook/factbook-ont#Estimate'/>
    <NS0:year>1993</NS0:year>
  </rdf:Description>
  <rdf:Description rdf:about='#A111511'>
    <NS0:year>1999</NS0:year>
  </rdf:Description>
  <rdf:Description rdf:about='#A111366'>
    <rdf:type rdf:resource='#Province'/>
    <NS0:name>Poni</NS0:name>
  </rdf:Description>
  <rdf:Description rdf:about='#A111263'>
    <NS0:note>official</NS0:note>
  </rdf:Description>
  <rdf:Description rdf:about='#A111169'>
    <rdf:type rdf:resource='http://www.daml.org/2001/12/factbook/factbook-ont#Estimate'/>
    <NS0:year>2001</NS0:year>
  </rdf:Description>
  <rdf:Description rdf:about='#A111362'>
    <rdf:type rdf:resource='#Province'/>
    <NS0:name>Passore</NS0:name>
  </rdf:Description>
  <rdf:Description rdf:about='#A111550'>
    <rdf:type rdf:resource='http://www.daml.org/2001/12/factbook/factbook-ont#CommodityPercent'/>
    <NS0:importsCommodity rdf:resource='http://www.daml.org/2001/12/factbook/commodities#petroleum'/>
  </rdf:Description>
  <rdf:Description rdf:about='#A111466'>
    <rdf:type rdf:resource='http://www.daml.org/2001/12/factbook/factbook-ont#Estimate'/>
    <NS0:year>2000</NS0:year>
  </rdf:Description>
  <rdf:Description rdf:about='#A111358'>
    <rdf:type rdf:resource='#Province'/>
    <NS0:name>Oudalan</NS0:name>
  </rdf:Description>
  <rdf:Description rdf:about='#A111479'>
    <NS0:year>1999</NS0:year>
  </rdf:Description>
  <rdf:Description rdf:about='#A111561'>
    <NS0:year>1997</NS0:year>
  </rdf:Description>
  <rdf:Description rdf:about='#A111546'>
    <rdf:type rdf:resource='http://www.daml.org/2001/12/factbook/factbook-ont#CommodityPercent'/>
    <NS0:importsCommodity rdf:resource='http://www.daml.org/2001/12/factbook/commodities#food_products'/>
  </rdf:Description>
  <rdf:Description rdf:about='#A111485'>
    <rdf:type rdf:resource='http://www.daml.org/2001/12/factbook/factbook-ont#Estimate'/>
    <NS0:year>2000</NS0:year>
  </rdf:Description>
  <rdf:Description rdf:about='#A111354'>
    <rdf:type rdf:resource='#Province'/>
    <NS0:name>Oubritenga</NS0:name>
  </rdf:Description>
</rdf:RDF>
