<?xml version='1.0' encoding='ISO-8859-1'?>
<rdf:RDF
  xmlns:rdf='http://www.w3.org/1999/02/22-rdf-syntax-ns#'
  xmlns:NS0='http://www.daml.org/2001/12/factbook/factbook-ont#'
  xmlns:rdfs='http://www.w3.org/2000/01/rdf-schema#'
  xml:base="http://www.daml.org/2001/12/factbook/uy">
  <rdf:Description rdf:about='#A111967'>
    <rdf:type rdf:resource='http://www.daml.org/2001/12/factbook/factbook-ont#Estimate'/>
    <NS0:year>2000</NS0:year>
  </rdf:Description>
  <rdf:Description rdf:about='#A111731'>
    <rdf:type rdf:resource='http://www.daml.org/2001/12/factbook/factbook-ont#SexRatioBreakdown'/>
    <NS0:minAge>15</NS0:minAge>
    <NS0:maxAge>64</NS0:maxAge>
    <NS0:ratio>0.98</NS0:ratio>
  </rdf:Description>
  <rdf:Description rdf:about='#A111713'>
    <rdf:type rdf:resource='http://www.daml.org/2001/12/factbook/factbook-ont#Estimate'/>
    <NS0:year>2001</NS0:year>
  </rdf:Description>
  <rdf:Description rdf:about='#A111725'>
    <rdf:type rdf:resource='http://www.daml.org/2001/12/factbook/factbook-ont#SexRatioBreakdown'/>
    <NS0:minAge>0</NS0:minAge>
    <NS0:maxAge>14</NS0:maxAge>
    <NS0:ratio>1.05</NS0:ratio>
  </rdf:Description>
  <rdf:Description rdf:about='#A112206'>
    <NS0:note>FY98</NS0:note>
  </rdf:Description>
  <rdf:Description rdf:about='#A111719'>
    <rdf:type rdf:resource='http://www.daml.org/2001/12/factbook/factbook-ont#SexRatioBreakdown'/>
    <NS0:minAge>0</NS0:minAge>
    <NS0:maxAge>0</NS0:maxAge>
    <NS0:ratio>1.06</NS0:ratio>
  </rdf:Description>
  <rdf:Description rdf:about='#A112118'>
    <NS0:year>1999</NS0:year>
  </rdf:Description>
  <rdf:Description rdf:about='#A111980'>
    <rdf:type rdf:resource='http://www.daml.org/2001/12/factbook/factbook-ont#Estimate'/>
    <NS0:year>2000</NS0:year>
  </rdf:Description>
  <rdf:Description rdf:about='#A111904'>
    <rdf:type rdf:resource='#Department'/>
    <NS0:name>Treinta y Tres</NS0:name>
  </rdf:Description>
  <rdf:Description rdf:about='#A111900'>
    <rdf:type rdf:resource='#Department'/>
    <NS0:name>Tacuarembo</NS0:name>
  </rdf:Description>
  <rdf:Description rdf:about='#A112089'>
    <rdf:type rdf:resource='http://www.daml.org/2001/12/factbook/factbook-ont#CommodityPercent'/>
    <NS0:importsCommodity rdf:resource='http://www.daml.org/2001/12/factbook/commodities#crude_petroleum'/>
  </rdf:Description>
  <rdf:Description rdf:about='#A111896'>
    <rdf:type rdf:resource='#Department'/>
    <NS0:name>Soriano</NS0:name>
  </rdf:Description>
  <rdf:Description rdf:about='#Department'>
    <rdf:type rdf:resource='http://www.w3.org/2000/01/rdf-schema#Class'/>
    <rdfs:subClassOf rdf:resource='http://www.daml.org/2001/12/factbook/factbook-ont#AdministrativeDivision'/>
    <rdfs:label>Department</rdfs:label>
  </rdf:Description>
  <rdf:Description rdf:about='#A112085'>
    <rdf:type rdf:resource='http://www.daml.org/2001/12/factbook/factbook-ont#CommodityPercent'/>
    <NS0:importsCommodity rdf:resource='http://www.daml.org/2001/12/factbook/commodities#heavy_industrial_machinery'/>
  </rdf:Description>
  <rdf:Description rdf:about='#A111892'>
    <rdf:type rdf:resource='#Department'/>
    <NS0:name>San Jose</NS0:name>
  </rdf:Description>
  <rdf:Description rdf:about='#A131247'>
    <NS0:note>1999 est.</NS0:note>
  </rdf:Description>
  <rdf:Description rdf:about='#A112081'>
    <rdf:type rdf:resource='http://www.daml.org/2001/12/factbook/factbook-ont#CommodityPercent'/>
    <NS0:importsCommodity rdf:resource='http://www.daml.org/2001/12/factbook/commodities#metal_manufactures'/>
  </rdf:Description>
  <rdf:Description rdf:about='#A112026'>
    <NS0:year>1999</NS0:year>
  </rdf:Description>
  <rdf:Description rdf:about='#A111888'>
    <rdf:type rdf:resource='#Department'/>
    <NS0:name>Salto</NS0:name>
  </rdf:Description>
  <rdf:Description rdf:about='#A112077'>
    <rdf:type rdf:resource='http://www.daml.org/2001/12/factbook/factbook-ont#CommodityPercent'/>
    <NS0:importsCommodity rdf:resource='http://www.daml.org/2001/12/factbook/commodities#electrical_machinery'/>
  </rdf:Description>
  <rdf:Description rdf:about='#A111884'>
    <rdf:type rdf:resource='#Department'/>
    <NS0:name>Rocha</NS0:name>
  </rdf:Description>
  <rdf:Description rdf:about='#A112073'>
    <rdf:type rdf:resource='http://www.daml.org/2001/12/factbook/factbook-ont#CommodityPercent'/>
    <NS0:importsCommodity rdf:resource='http://www.daml.org/2001/12/factbook/commodities#road_vehicles'/>
  </rdf:Description>
  <rdf:Description rdf:about='#A111880'>
    <rdf:type rdf:resource='#Department'/>
    <NS0:name>Rivera</NS0:name>
  </rdf:Description>
  <rdf:Description rdf:about='#A111745'>
    <rdf:type rdf:resource='http://www.daml.org/2001/12/factbook/factbook-ont#Estimate'/>
    <NS0:year>2001</NS0:year>
  </rdf:Description>
  <rdf:Description rdf:about='#A111876'>
    <rdf:type rdf:resource='#Department'/>
    <NS0:name>Rio Negro</NS0:name>
  </rdf:Description>
  <rdf:Description rdf:about='#A111973'>
    <rdf:type rdf:resource='http://www.daml.org/2001/12/factbook/factbook-ont#Estimate'/>
    <NS0:year>2000</NS0:year>
  </rdf:Description>
  <rdf:Description rdf:about='#A112066'>
    <rdf:type rdf:resource='http://www.daml.org/2001/12/factbook/factbook-ont#CommodityPercent'/>
    <NS0:exportsCommodity rdf:resource='http://www.daml.org/2001/12/factbook/commodities#electricity'/>
  </rdf:Description>
  <rdf:Description rdf:about='#A131241'>
    <NS0:note>1999 est.</NS0:note>
  </rdf:Description>
  <rdf:Description rdf:about='#A111707'>
    <rdf:type rdf:resource='http://www.daml.org/2001/12/factbook/factbook-ont#Estimate'/>
    <NS0:year>2001</NS0:year>
  </rdf:Description>
  <rdf:Description rdf:about='#A111751'>
    <rdf:type rdf:resource='http://www.daml.org/2001/12/factbook/factbook-ont#Estimate'/>
    <NS0:year>2001</NS0:year>
  </rdf:Description>
  <rdf:Description rdf:about='#A111872'>
    <rdf:type rdf:resource='#Department'/>
    <NS0:name>Paysandu</NS0:name>
  </rdf:Description>
  <rdf:Description rdf:about='http://www.daml.org/2001/09/countries/fips#UY'>
    <NS0:background>A violent Marxist urban guerrilla movement, the Tupamaros, launched in the late 1960s, led Uruguay&apos;s president to agree to military control of his administration in 1973. By the end of the year the rebels had been crushed, but the military continued to expand its hold throughout the government. Civilian rule was not restored until 1985. Uruguay&apos;s political and labor conditions are among the freest on the continent.</NS0:background>
    <NS0:location>Southern South America, bordering the South Atlantic Ocean, between Argentina and Brazil</NS0:location>
    <NS0:geographicCoordinates rdf:resource='#A111641'/>
    <NS0:mapReferences>South America</NS0:mapReferences>
    <NS0:totalArea>176220</NS0:totalArea>
    <NS0:landArea>173620</NS0:landArea>
    <NS0:waterArea>2600</NS0:waterArea>
    <NS0:comparativeArea>slightly smaller than the state of Washington</NS0:comparativeArea>
    <NS0:landBoundaries>1564</NS0:landBoundaries>
    <NS0:coastline>660</NS0:coastline>
    <NS0:contiguousZone>24</NS0:contiguousZone>
    <NS0:exclusiveEconomicZone>200</NS0:exclusiveEconomicZone>
    <NS0:territorialSea>12</NS0:territorialSea>
    <NS0:climate>warm temperate; freezing temperatures almost unknown</NS0:climate>
    <NS0:terrain>mostly rolling plains and low hills; fertile coastal lowland</NS0:terrain>
    <NS0:lowestPoint rdf:resource='#A111658'/>
    <NS0:highestPoint rdf:resource='#A111663'/>
    <NS0:naturalResource rdf:resource='http://www.daml.org/2001/12/factbook/naturalResources#arable_land'/>
    <NS0:naturalResource rdf:resource='http://www.daml.org/2001/12/factbook/naturalResources#hydropower'/>
    <NS0:naturalResource rdf:resource='http://www.daml.org/2001/12/factbook/naturalResources#minor_minerals'/>
    <NS0:naturalResource rdf:resource='http://www.daml.org/2001/12/factbook/naturalResources#fisheries'/>
    <NS0:arableLand>7</NS0:arableLand>
    <NS0:permanentCrops>0</NS0:permanentCrops>
    <NS0:permanentPastures>77</NS0:permanentPastures>
    <NS0:forestsAndWoodland>6</NS0:forestsAndWoodland>
    <NS0:otherLandUse rdf:ID='A111676'>10</NS0:otherLandUse>
    <NS0:irrigatedLand rdf:ID='A111679'>7700</NS0:irrigatedLand>
    <NS0:naturalHazard>seasonally high winds , droughts, floods</NS0:naturalHazard>
    <NS0:naturalHazard>because of the absence of mountains, which act as weather barriers, all locations are particularly vulnerable to rapid changes in weather fronts</NS0:naturalHazard>
    <NS0:environmentalIssue>water pollution from meat packing/tannery industry</NS0:environmentalIssue>
    <NS0:environmentalIssue>inadequate solid/hazardous waste disposal</NS0:environmentalIssue>
    <NS0:environmentalAgreementPartyTo rdf:resource='http://www.daml.org/2001/12/factbook/environmentalAgreements#Antarctic-Environmental_Protocol'/>
    <NS0:environmentalAgreementPartyTo rdf:resource='http://www.daml.org/2001/12/factbook/environmentalAgreements#Antarctic-Marine_Living_Resources'/>
    <NS0:environmentalAgreementPartyTo rdf:resource='http://www.daml.org/2001/12/factbook/environmentalAgreements#Antarctic_Treaty'/>
    <NS0:environmentalAgreementPartyTo rdf:resource='http://www.daml.org/2001/12/factbook/environmentalAgreements#Biodiversity'/>
    <NS0:environmentalAgreementPartyTo rdf:resource='http://www.daml.org/2001/12/factbook/environmentalAgreements#Climate_Change'/>
    <NS0:environmentalAgreementPartyTo rdf:resource='http://www.daml.org/2001/12/factbook/environmentalAgreements#Climate_Change-Kyoto_Protocol'/>
    <NS0:environmentalAgreementPartyTo rdf:resource='http://www.daml.org/2001/12/factbook/environmentalAgreements#Desertification'/>
    <NS0:environmentalAgreementPartyTo rdf:resource='http://www.daml.org/2001/12/factbook/environmentalAgreements#Endangered_Species'/>
    <NS0:environmentalAgreementPartyTo rdf:resource='http://www.daml.org/2001/12/factbook/environmentalAgreements#Environmental_Modification'/>
    <NS0:environmentalAgreementPartyTo rdf:resource='http://www.daml.org/2001/12/factbook/environmentalAgreements#Hazardous_Wastes'/>
    <NS0:environmentalAgreementPartyTo rdf:resource='http://www.daml.org/2001/12/factbook/environmentalAgreements#Law_of_the_Sea'/>
    <NS0:environmentalAgreementPartyTo rdf:resource='http://www.daml.org/2001/12/factbook/environmentalAgreements#Marine_Life_Conservation'/>
    <NS0:environmentalAgreementPartyTo rdf:resource='http://www.daml.org/2001/12/factbook/environmentalAgreements#Ozone_Layer_Protection'/>
    <NS0:environmentalAgreementPartyTo rdf:resource='http://www.daml.org/2001/12/factbook/environmentalAgreements#Ship_Pollution'/>
    <NS0:environmentalAgreementPartyTo rdf:resource='http://www.daml.org/2001/12/factbook/environmentalAgreements#Tropical_Timber_94'/>
    <NS0:environmentalAgreementPartyTo rdf:resource='http://www.daml.org/2001/12/factbook/environmentalAgreements#Wetlands'/>
    <NS0:environmentalAgreementSigned rdf:resource='http://www.daml.org/2001/12/factbook/environmentalAgreements#Marine_Dumping'/>
    <NS0:environmentalAgreementSigned rdf:resource='http://www.daml.org/2001/12/factbook/environmentalAgreements#Nuclear_Test_Ban'/>
    <NS0:population rdf:ID='A111704'>3360105</NS0:population>
    <NS0:populationGrowthRate rdf:ID='A111707'>0.78</NS0:populationGrowthRate>
    <NS0:birthRate rdf:ID='A111710'>17.36</NS0:birthRate>
    <NS0:deathRate rdf:ID='A111713'>9.03</NS0:deathRate>
    <NS0:netMigrationRate rdf:ID='A111716'>-0.51</NS0:netMigrationRate>
    <NS0:sexRatio rdf:resource='#A111719'/>
    <NS0:sexRatio rdf:resource='#A111725'/>
    <NS0:sexRatio rdf:resource='#A111731'/>
    <NS0:sexRatio rdf:resource='#A111737'/>
    <NS0:sexRatio rdf:ID='A111745' rdf:resource='#A111742'/>
    <NS0:infantMortalityRate rdf:ID='A111748'>14.7</NS0:infantMortalityRate>
    <NS0:totalFertilityRate rdf:ID='A111751'>2.36</NS0:totalFertilityRate>
    <NS0:nationalityNoun>Uruguayan(s)</NS0:nationalityNoun>
    <NS0:nationalityAdjective>Uruguayan</NS0:nationalityAdjective>
    <NS0:ethnicGroup rdf:resource='#A111756'/>
    <NS0:ethnicGroup rdf:resource='#A111761'/>
    <NS0:ethnicGroup rdf:resource='#A111766'/>
    <NS0:ethnicGroup rdf:resource='#A111771'/>
    <NS0:ethnicGroup rdf:resource='#A111775'/>
    <NS0:religion rdf:ID='A111783' rdf:resource='#A111779'/>
    <NS0:religion rdf:resource='#A111785'/>
    <NS0:religion rdf:resource='#A111790'/>
    <NS0:religion rdf:resource='#A111795'/>
    <NS0:language rdf:resource='#A111800'/>
    <NS0:language rdf:resource='#A111804'/>
    <NS0:language rdf:ID='A111811' rdf:resource='#A111808'/>
    <NS0:literacyDefinition>age 15 and over can read and write</NS0:literacyDefinition>
    <NS0:literacyTotal>97.3</NS0:literacyTotal>
    <NS0:literacyMale>96.9</NS0:literacyMale>
    <NS0:literacyFemale rdf:ID='A111816'>97.7</NS0:literacyFemale>
    <NS0:conventionalLongCountryName>Oriental Republic of Uruguay</NS0:conventionalLongCountryName>
    <NS0:conventionalShortCountryName>Uruguay</NS0:conventionalShortCountryName>
    <NS0:localLongCountryName>Republica Oriental del Uruguay</NS0:localLongCountryName>
    <NS0:localShortCountryName>Uruguay</NS0:localShortCountryName>
    <NS0:formerCountryName>Banda Oriental, Cisplatine Province</NS0:formerCountryName>
    <NS0:governmentType rdf:resource='http://www.daml.org/2001/12/factbook/governmentTypes#constitutional_republic'/>
    <NS0:capital rdf:resource='#A111825'/>
    <NS0:administrativeDivision rdf:resource='#A111832'/>
    <NS0:administrativeDivision rdf:resource='#A111836'/>
    <NS0:administrativeDivision rdf:resource='#A111840'/>
    <NS0:administrativeDivision rdf:resource='#A111844'/>
    <NS0:administrativeDivision rdf:resource='#A111848'/>
    <NS0:administrativeDivision rdf:resource='#A111852'/>
    <NS0:administrativeDivision rdf:resource='#A111856'/>
    <NS0:administrativeDivision rdf:resource='#A111860'/>
    <NS0:administrativeDivision rdf:resource='#A111864'/>
    <NS0:administrativeDivision rdf:resource='#A111868'/>
    <NS0:administrativeDivision rdf:resource='#A111872'/>
    <NS0:administrativeDivision rdf:resource='#A111876'/>
    <NS0:administrativeDivision rdf:resource='#A111880'/>
    <NS0:administrativeDivision rdf:resource='#A111884'/>
    <NS0:administrativeDivision rdf:resource='#A111888'/>
    <NS0:administrativeDivision rdf:resource='#A111892'/>
    <NS0:administrativeDivision rdf:resource='#A111896'/>
    <NS0:administrativeDivision rdf:resource='#A111900'/>
    <NS0:administrativeDivision rdf:resource='#A111904'/>
    <NS0:independence>25 August 1825 (from Brazil)</NS0:independence>
    <NS0:constitution>27 November 1966, effective February 1967, suspended 27 June 1973, new constitution rejected by referendum 30 November 1980; two constitutional reforms approved by plebiscite 26 November 1989 and 7 January 1997</NS0:constitution>
    <NS0:legalSystem>based on Spanish civil law system; accepts compulsory ICJ jurisdiction</NS0:legalSystem>
    <NS0:suffrage>18 years of age; universal and compulsory</NS0:suffrage>
    <NS0:participatesIn rdf:resource='http://www.daml.org/2001/12/factbook/internationalOrganizations#CCC'/>
    <NS0:participatesIn rdf:resource='http://www.daml.org/2001/12/factbook/internationalOrganizations#ECLAC'/>
    <NS0:participatesIn rdf:resource='http://www.daml.org/2001/12/factbook/internationalOrganizations#FAO'/>
    <NS0:participatesIn rdf:resource='http://www.daml.org/2001/12/factbook/internationalOrganizations#G-11'/>
    <NS0:participatesIn rdf:resource='http://www.daml.org/2001/12/factbook/internationalOrganizations#G-77'/>
    <NS0:participatesIn rdf:resource='http://www.daml.org/2001/12/factbook/internationalOrganizations#IADB'/>
    <NS0:participatesIn rdf:resource='http://www.daml.org/2001/12/factbook/internationalOrganizations#IAEA'/>
    <NS0:participatesIn rdf:resource='http://www.daml.org/2001/12/factbook/internationalOrganizations#IBRD'/>
    <NS0:participatesIn rdf:resource='http://www.daml.org/2001/12/factbook/internationalOrganizations#ICAO'/>
    <NS0:participatesIn rdf:resource='http://www.daml.org/2001/12/factbook/internationalOrganizations#ICC'/>
    <NS0:participatesIn rdf:resource='http://www.daml.org/2001/12/factbook/internationalOrganizations#ICRM'/>
    <NS0:participatesIn rdf:resource='http://www.daml.org/2001/12/factbook/internationalOrganizations#IFAD'/>
    <NS0:participatesIn rdf:resource='http://www.daml.org/2001/12/factbook/internationalOrganizations#IFC'/>
    <NS0:participatesIn rdf:resource='http://www.daml.org/2001/12/factbook/internationalOrganizations#IFRCS'/>
    <NS0:participatesIn rdf:resource='http://www.daml.org/2001/12/factbook/internationalOrganizations#IHO'/>
    <NS0:participatesIn rdf:resource='http://www.daml.org/2001/12/factbook/internationalOrganizations#ILO'/>
    <NS0:participatesIn rdf:resource='http://www.daml.org/2001/12/factbook/internationalOrganizations#IMF'/>
    <NS0:participatesIn rdf:resource='http://www.daml.org/2001/12/factbook/internationalOrganizations#IMO'/>
    <NS0:participatesIn rdf:resource='http://www.daml.org/2001/12/factbook/internationalOrganizations#Intelsat'/>
    <NS0:participatesIn rdf:resource='http://www.daml.org/2001/12/factbook/internationalOrganizations#Interpol'/>
    <NS0:participatesIn rdf:resource='http://www.daml.org/2001/12/factbook/internationalOrganizations#IOC'/>
    <NS0:participatesIn rdf:resource='http://www.daml.org/2001/12/factbook/internationalOrganizations#IOM'/>
    <NS0:participatesIn rdf:resource='http://www.daml.org/2001/12/factbook/internationalOrganizations#ISO'/>
    <NS0:participatesIn rdf:resource='http://www.daml.org/2001/12/factbook/internationalOrganizations#ITU'/>
    <NS0:participatesIn rdf:resource='http://www.daml.org/2001/12/factbook/internationalOrganizations#LAES'/>
    <NS0:participatesIn rdf:resource='http://www.daml.org/2001/12/factbook/internationalOrganizations#LAIA'/>
    <NS0:participatesIn rdf:resource='http://www.daml.org/2001/12/factbook/internationalOrganizations#Mercosur'/>
    <NS0:participatesIn rdf:resource='http://www.daml.org/2001/12/factbook/internationalOrganizations#MINURSO'/>
    <NS0:participatesIn rdf:resource='http://www.daml.org/2001/12/factbook/internationalOrganizations#MONUC'/>
    <NS0:participatesIn rdf:resource='http://www.daml.org/2001/12/factbook/internationalOrganizations#NAM'/>
    <NS0:participatesIn rdf:resource='http://www.daml.org/2001/12/factbook/internationalOrganizations#OAS'/>
    <NS0:participatesIn rdf:resource='http://www.daml.org/2001/12/factbook/internationalOrganizations#OPANAL'/>
    <NS0:participatesIn rdf:resource='http://www.daml.org/2001/12/factbook/internationalOrganizations#OPCW'/>
    <NS0:participatesIn rdf:resource='http://www.daml.org/2001/12/factbook/internationalOrganizations#PCA'/>
    <NS0:participatesIn rdf:resource='http://www.daml.org/2001/12/factbook/internationalOrganizations#RG'/>
    <NS0:participatesIn rdf:resource='http://www.daml.org/2001/12/factbook/internationalOrganizations#UN'/>
    <NS0:participatesIn rdf:resource='http://www.daml.org/2001/12/factbook/internationalOrganizations#UNCTAD'/>
    <NS0:participatesIn rdf:resource='http://www.daml.org/2001/12/factbook/internationalOrganizations#UNESCO'/>
    <NS0:participatesIn rdf:resource='http://www.daml.org/2001/12/factbook/internationalOrganizations#UNIDO'/>
    <NS0:participatesIn rdf:resource='http://www.daml.org/2001/12/factbook/internationalOrganizations#UNIKOM'/>
    <NS0:participatesIn rdf:resource='http://www.daml.org/2001/12/factbook/internationalOrganizations#UNMEE'/>
    <NS0:participatesIn rdf:resource='http://www.daml.org/2001/12/factbook/internationalOrganizations#UNMOGIP'/>
    <NS0:participatesIn rdf:resource='http://www.daml.org/2001/12/factbook/internationalOrganizations#UNMOT'/>
    <NS0:participatesIn rdf:resource='http://www.daml.org/2001/12/factbook/internationalOrganizations#UNOMIG'/>
    <NS0:participatesIn rdf:resource='http://www.daml.org/2001/12/factbook/internationalOrganizations#UNTAET'/>
    <NS0:participatesIn rdf:resource='http://www.daml.org/2001/12/factbook/internationalOrganizations#UPU'/>
    <NS0:participatesIn rdf:resource='http://www.daml.org/2001/12/factbook/internationalOrganizations#WCL'/>
    <NS0:participatesIn rdf:resource='http://www.daml.org/2001/12/factbook/internationalOrganizations#WFTU'/>
    <NS0:participatesIn rdf:resource='http://www.daml.org/2001/12/factbook/internationalOrganizations#WHO'/>
    <NS0:participatesIn rdf:resource='http://www.daml.org/2001/12/factbook/internationalOrganizations#WIPO'/>
    <NS0:participatesIn rdf:resource='http://www.daml.org/2001/12/factbook/internationalOrganizations#WMO'/>
    <NS0:participatesIn rdf:resource='http://www.daml.org/2001/12/factbook/internationalOrganizations#WToO'/>
    <NS0:participatesIn rdf:resource='http://www.daml.org/2001/12/factbook/internationalOrganizations#WTrO'/>
    <NS0:flagDescription>nine equal horizontal stripes of white (top and bottom) alternating with blue; there is a white square in the upper hoist-side corner with a yellow sun bearing a human face known as the Sun of May and 16 rays alternately triangular and wavy</NS0:flagDescription>
    <NS0:economyOverview>Uruguay&apos;s economy is characterized by an export-oriented agricultural sector, a well-educated workforce, relatively even income distribution, and high levels of social spending. After averaging growth of 5% annually in 1996-98, in 1999-2000 the economy suffered from lower demand in Argentina and Brazil, which together account for about half of Uruguay&apos;s exports. Despite the severity of the trade shocks, Uruguay&apos;s financial indicators remained more stable than those of its neighbors, a reflection of its solid reputation among investors and its investment-grade sovereign bond rating - one of only two in Latin America. Challenges for the government of President Jorge BATLLE include expanding Uruguay&apos;s trade ties beyond its MERCOSUR trade partners and reducing the costs of public services. GDP fell by 1.1% in 2000 and will grow by perhaps 1.5% in 2001.</NS0:economyOverview>
    <NS0:grossDomesticProduct rdf:ID='A111967'>31000000000</NS0:grossDomesticProduct>
    <NS0:grossDomesticProductRealGrowth rdf:ID='A111970'>-1.1</NS0:grossDomesticProductRealGrowth>
    <NS0:grossDomesticProductPerCapita rdf:ID='A111973'>9300</NS0:grossDomesticProductPerCapita>
    <NS0:grossDomesticProductAgriculture>10</NS0:grossDomesticProductAgriculture>
    <NS0:grossDomesticProductIndustry>28</NS0:grossDomesticProductIndustry>
    <NS0:grossDomesticProductServices rdf:ID='A111978'>62</NS0:grossDomesticProductServices>
    <NS0:inflationRate rdf:ID='A111980'>4.8</NS0:inflationRate>
    <NS0:laborForce rdf:ID='A111983'>1500000</NS0:laborForce>
    <NS0:occupation rdf:resource='#A111986'/>
    <NS0:occupation rdf:resource='#A111991'/>
    <NS0:occupation rdf:resource='#A111996'/>
    <NS0:unemploymentRate rdf:ID='A112001'>14</NS0:unemploymentRate>
    <NS0:budgetRevenues>4000000000</NS0:budgetRevenues>
    <NS0:budgetExpenditures>4600000000</NS0:budgetExpenditures>
    <NS0:budgetCapitalExpenditures rdf:ID='A112006'>500000000</NS0:budgetCapitalExpenditures>
    <NS0:industry rdf:resource='http://www.daml.org/2001/12/factbook/industries#food_processing'/>
    <NS0:industry rdf:resource='http://www.daml.org/2001/12/factbook/industries#electrical_machinery'/>
    <NS0:industry rdf:resource='http://www.daml.org/2001/12/factbook/industries#transportation_equipment'/>
    <NS0:industry rdf:resource='http://www.daml.org/2001/12/factbook/industries#petroleum_products'/>
    <NS0:industry rdf:resource='http://www.daml.org/2001/12/factbook/industries#textiles'/>
    <NS0:industry rdf:resource='http://www.daml.org/2001/12/factbook/industries#chemicals'/>
    <NS0:industry rdf:resource='http://www.daml.org/2001/12/factbook/industries#beverages'/>
    <NS0:industrialProductionGrowthRate rdf:ID='A112016'>-2.1</NS0:industrialProductionGrowthRate>
    <NS0:electricityProduction rdf:ID='A112019'>5704000000</NS0:electricityProduction>
    <NS0:electricityProductionFossilFuel>3.86</NS0:electricityProductionFossilFuel>
    <NS0:electricityProductionHydro>95.44</NS0:electricityProductionHydro>
    <NS0:electricityProductionNuclear>0</NS0:electricityProductionNuclear>
    <NS0:electricityProductionOther rdf:ID='A112024'>0.7</NS0:electricityProductionOther>
    <NS0:electricityConsumption rdf:ID='A112026'>5890000000</NS0:electricityConsumption>
    <NS0:electricityExports rdf:ID='A112028'>215000000</NS0:electricityExports>
    <NS0:electricityImports rdf:ID='A112030'>800000000</NS0:electricityImports>
    <NS0:agricultureProduct rdf:resource='http://www.daml.org/2001/12/factbook/agricultureProducts#wheat'/>
    <NS0:agricultureProduct rdf:resource='http://www.daml.org/2001/12/factbook/agricultureProducts#rice'/>
    <NS0:agricultureProduct rdf:resource='http://www.daml.org/2001/12/factbook/agricultureProducts#barley'/>
    <NS0:agricultureProduct rdf:resource='http://www.daml.org/2001/12/factbook/agricultureProducts#corn'/>
    <NS0:agricultureProduct rdf:resource='http://www.daml.org/2001/12/factbook/agricultureProducts#sorghum'/>
    <NS0:agricultureProduct rdf:resource='http://www.daml.org/2001/12/factbook/agricultureProducts#livestock'/>
    <NS0:agricultureProduct rdf:resource='http://www.daml.org/2001/12/factbook/agricultureProducts#fish'/>
    <NS0:exports rdf:ID='A112039'>2600000000</NS0:exports>
    <NS0:exportsCommodity rdf:resource='#A112042'/>
    <NS0:exportsCommodity rdf:resource='#A112046'/>
    <NS0:exportsCommodity rdf:resource='#A112050'/>
    <NS0:exportsCommodity rdf:resource='#A112054'/>
    <NS0:exportsCommodity rdf:resource='#A112058'/>
    <NS0:exportsCommodity rdf:resource='#A112062'/>
    <NS0:exportsCommodity rdf:resource='#A112066'/>
    <NS0:imports rdf:ID='A112070'>3400000000</NS0:imports>
    <NS0:importsCommodity rdf:resource='#A112073'/>
    <NS0:importsCommodity rdf:resource='#A112077'/>
    <NS0:importsCommodity rdf:resource='#A112081'/>
    <NS0:importsCommodity rdf:resource='#A112085'/>
    <NS0:importsCommodity rdf:resource='#A112089'/>
    <NS0:externalDebt rdf:ID='A112093'>8000000000</NS0:externalDebt>
    <NS0:currency>Uruguayan peso (UYU)</NS0:currency>
    <NS0:currencyCode>UYU</NS0:currencyCode>
    <NS0:fiscalYear>calendar year</NS0:fiscalYear>
    <NS0:mainTelephoneLines rdf:ID='A112099'>850000</NS0:mainTelephoneLines>
    <NS0:mobileTelephoneLines rdf:ID='A112101'>300000</NS0:mobileTelephoneLines>
    <NS0:telephoneSystemGeneralAssessment>some modern facilities</NS0:telephoneSystemGeneralAssessment>
    <NS0:telephoneSystemDomestic>most modern facilities concentrated in Montevideo; new nationwide microwave radio relay network</NS0:telephoneSystemDomestic>
    <NS0:telephoneSystemInternational>satellite earth stations - 2 Intelsat (Atlantic Ocean)</NS0:telephoneSystemInternational>
    <NS0:radios rdf:ID='A112106'>1970000</NS0:radios>
    <NS0:televisions rdf:ID='A112108'>782000</NS0:televisions>
    <NS0:internetCountryCode>.uy</NS0:internetCountryCode>
    <NS0:internetServiceProviders rdf:ID='A112111'>7</NS0:internetServiceProviders>
    <NS0:internetUsers rdf:ID='A112113'>300000</NS0:internetUsers>
    <NS0:railwaysTotal>2073</NS0:railwaysTotal>
    <NS0:highwaysTotal>8983</NS0:highwaysTotal>
    <NS0:highwaysPaved>8085</NS0:highwaysPaved>
    <NS0:highwaysUnpaved rdf:ID='A112118'>898</NS0:highwaysUnpaved>
    <NS0:waterways rdf:ID='A112120'>1600</NS0:waterways>
    <NS0:port rdf:resource='#A112122'/>
    <NS0:port rdf:resource='#A112126'/>
    <NS0:port rdf:resource='#A112130'/>
    <NS0:port rdf:resource='#A112134'/>
    <NS0:port rdf:resource='#A112138'/>
    <NS0:port rdf:resource='#A112142'/>
    <NS0:port rdf:resource='#A112146'/>
    <NS0:airports rdf:ID='A112150'>64</NS0:airports>
    <NS0:airportBreakdown rdf:resource='#A112153'/>
    <NS0:airportBreakdown rdf:resource='#A112160'/>
    <NS0:airportBreakdown rdf:resource='#A112167'/>
    <NS0:airportBreakdown rdf:resource='#A112174'/>
    <NS0:airportBreakdown rdf:resource='#A112180'/>
    <NS0:airportBreakdown rdf:resource='#A112187'/>
    <NS0:airportBreakdown rdf:resource='#A112194'/>
    <NS0:malesOfMilitaryAge rdf:ID='A112200'>817535</NS0:malesOfMilitaryAge>
    <NS0:malesFitForMilitaryService rdf:ID='A112203'>661777</NS0:malesFitForMilitaryService>
    <NS0:militaryExpenditures rdf:ID='A112206'>172000000</NS0:militaryExpenditures>
    <NS0:militaryExpendituresPercentGDP rdf:ID='A112208'>0.9</NS0:militaryExpendituresPercentGDP>
    <NS0:internationalDispute>none</NS0:internationalDispute>
    <NS0:smallFlag>http://www.cia.gov/cia/publications/factbook/flags/uy-flag.jpg</NS0:smallFlag>
    <NS0:largeFlag>http://www.cia.gov/cia/publications/factbook/flags/uy-lgflag.jpg</NS0:largeFlag>
    <NS0:map>http://www.cia.gov/cia/publications/factbook/maps/uy-map.jpg</NS0:map>
    <NS0:border rdf:resource='#A131227'/>
    <NS0:border rdf:resource='#A131232'/>
    <NS0:exportPartner rdf:ID='A131241' rdf:resource='#A131237'/>
    <NS0:importPartner rdf:ID='A131247' rdf:resource='#A131243'/>
  </rdf:Description>
  <rdf:Description rdf:about='#A112062'>
    <rdf:type rdf:resource='http://www.daml.org/2001/12/factbook/factbook-ont#CommodityPercent'/>
    <NS0:exportsCommodity rdf:resource='http://www.daml.org/2001/12/factbook/commodities#wool'/>
  </rdf:Description>
  <rdf:Description rdf:about='#A111983'>
    <rdf:type rdf:resource='http://www.daml.org/2001/12/factbook/factbook-ont#Estimate'/>
    <NS0:year>1999</NS0:year>
  </rdf:Description>
  <rdf:Description rdf:about='#A112001'>
    <rdf:type rdf:resource='http://www.daml.org/2001/12/factbook/factbook-ont#Estimate'/>
    <NS0:year>2000</NS0:year>
  </rdf:Description>
  <rdf:Description rdf:about='#A111868'>
    <rdf:type rdf:resource='#Department'/>
    <NS0:name>Montevideo</NS0:name>
  </rdf:Description>
  <rdf:Description rdf:about='#A112058'>
    <rdf:type rdf:resource='http://www.daml.org/2001/12/factbook/factbook-ont#CommodityPercent'/>
    <NS0:exportsCommodity rdf:resource='http://www.daml.org/2001/12/factbook/commodities#dairy_products'/>
  </rdf:Description>
  <rdf:Description rdf:about='#A111864'>
    <rdf:type rdf:resource='#Department'/>
    <NS0:name>Maldonado</NS0:name>
  </rdf:Description>
  <rdf:Description rdf:about='#A111811'>
    <NS0:note>Portuguese-Spanish mix on the Brazilian frontier</NS0:note>
  </rdf:Description>
  <rdf:Description rdf:about='#A112054'>
    <rdf:type rdf:resource='http://www.daml.org/2001/12/factbook/factbook-ont#CommodityPercent'/>
    <NS0:exportsCommodity rdf:resource='http://www.daml.org/2001/12/factbook/commodities#vehicles'/>
  </rdf:Description>
  <rdf:Description rdf:about='#A111860'>
    <rdf:type rdf:resource='#Department'/>
    <NS0:name>Lavalleja</NS0:name>
  </rdf:Description>
  <rdf:Description rdf:about='#A112050'>
    <rdf:type rdf:resource='http://www.daml.org/2001/12/factbook/factbook-ont#CommodityPercent'/>
    <NS0:exportsCommodity rdf:resource='http://www.daml.org/2001/12/factbook/commodities#leather_products'/>
  </rdf:Description>
  <rdf:Description rdf:about='#A111856'>
    <rdf:type rdf:resource='#Department'/>
    <NS0:name>Florida</NS0:name>
  </rdf:Description>
  <rdf:Description rdf:about='#A112046'>
    <rdf:type rdf:resource='http://www.daml.org/2001/12/factbook/factbook-ont#CommodityPercent'/>
    <NS0:exportsCommodity rdf:resource='http://www.daml.org/2001/12/factbook/commodities#rice'/>
  </rdf:Description>
  <rdf:Description rdf:about='#A111663'>
    <rdf:type rdf:resource='http://www.daml.org/2001/12/factbook/factbook-ont#ElevationExtreme'/>
    <NS0:name>Cerro Catedral</NS0:name>
    <NS0:elevation>514</NS0:elevation>
  </rdf:Description>
  <rdf:Description rdf:about='#A111852'>
    <rdf:type rdf:resource='#Department'/>
    <NS0:name>Flores</NS0:name>
  </rdf:Description>
  <rdf:Description rdf:about='#A112042'>
    <rdf:type rdf:resource='http://www.daml.org/2001/12/factbook/factbook-ont#CommodityPercent'/>
    <NS0:exportsCommodity rdf:resource='http://www.daml.org/2001/12/factbook/commodities#meat'/>
  </rdf:Description>
  <rdf:Description rdf:about='#A111658'>
    <rdf:type rdf:resource='http://www.daml.org/2001/12/factbook/factbook-ont#ElevationExtreme'/>
    <NS0:name>Atlantic Ocean</NS0:name>
    <NS0:elevation>0</NS0:elevation>
  </rdf:Description>
  <rdf:Description rdf:about='#A111848'>
    <rdf:type rdf:resource='#Department'/>
    <NS0:name>Durazno</NS0:name>
  </rdf:Description>
  <rdf:Description rdf:about='#A111844'>
    <rdf:type rdf:resource='#Department'/>
    <NS0:name>Colonia</NS0:name>
  </rdf:Description>
  <rdf:Description rdf:about='#A111840'>
    <rdf:type rdf:resource='#Department'/>
    <NS0:name>Cerro Largo</NS0:name>
  </rdf:Description>
  <rdf:Description rdf:about='#A112024'>
    <NS0:year>1999</NS0:year>
  </rdf:Description>
  <rdf:Description rdf:about='#A111704'>
    <rdf:type rdf:resource='http://www.daml.org/2001/12/factbook/factbook-ont#Estimate'/>
    <NS0:note>July 2001</NS0:note>
  </rdf:Description>
  <rdf:Description rdf:about='#A111836'>
    <rdf:type rdf:resource='#Department'/>
    <NS0:name>Canelones</NS0:name>
  </rdf:Description>
  <rdf:Description rdf:about='#A111641'>
    <rdf:type rdf:resource='http://www.daml.org/2001/12/factbook/factbook-ont#LatLon'/>
    <NS0:latitude>-33.0</NS0:latitude>
    <NS0:longitude>-56.0</NS0:longitude>
  </rdf:Description>
  <rdf:Description rdf:about='#A111832'>
    <rdf:type rdf:resource='#Department'/>
    <NS0:name>Artigas</NS0:name>
  </rdf:Description>
  <rdf:Description rdf:about='#A112016'>
    <rdf:type rdf:resource='http://www.daml.org/2001/12/factbook/factbook-ont#Estimate'/>
    <NS0:year>2000</NS0:year>
  </rdf:Description>
  <rdf:Description rdf:about='#A112150'>
    <rdf:type rdf:resource='http://www.daml.org/2001/12/factbook/factbook-ont#Estimate'/>
    <NS0:year>2000</NS0:year>
  </rdf:Description>
  <rdf:Description rdf:about='#A111825'>
    <rdf:type rdf:resource='http://www.daml.org/2001/12/factbook/factbook-ont#CapitalCity'/>
    <NS0:name>Montevideo</NS0:name>
  </rdf:Description>
  <rdf:Description rdf:about='#A112093'>
    <rdf:type rdf:resource='http://www.daml.org/2001/12/factbook/factbook-ont#Estimate'/>
    <NS0:year>2000</NS0:year>
  </rdf:Description>
  <rdf:Description rdf:about='#A111748'>
    <rdf:type rdf:resource='http://www.daml.org/2001/12/factbook/factbook-ont#Estimate'/>
    <NS0:year>2001</NS0:year>
  </rdf:Description>
  <rdf:Description rdf:about='#A112028'>
    <NS0:year>1999</NS0:year>
  </rdf:Description>
  <rdf:Description rdf:about='#A112030'>
    <NS0:year>1999</NS0:year>
  </rdf:Description>
  <rdf:Description rdf:about='#A111783'>
    <NS0:note>less than one-half of the adult population attends church regularly</NS0:note>
  </rdf:Description>
  <rdf:Description rdf:about='#A112194'>
    <rdf:type rdf:resource='http://www.daml.org/2001/12/factbook/factbook-ont#AirportBreakdown'/>
    <NS0:paved>false</NS0:paved>
    <NS0:maxRunway>913</NS0:maxRunway>
    <NS0:count>31 (2000 est.)</NS0:count>
  </rdf:Description>
  <rdf:Description rdf:about='#A111716'>
    <rdf:type rdf:resource='http://www.daml.org/2001/12/factbook/factbook-ont#Estimate'/>
    <NS0:year>2001</NS0:year>
  </rdf:Description>
  <rdf:Description rdf:about='#A111808'>
    <rdf:type rdf:resource='http://www.daml.org/2001/12/factbook/factbook-ont#LanguagePercent'/>
    <NS0:language rdf:resource='http://www.daml.org/2001/12/factbook/languages#or_Brazilero'/>
  </rdf:Description>
  <rdf:Description rdf:about='#A111996'>
    <rdf:type rdf:resource='http://www.daml.org/2001/12/factbook/factbook-ont#OccupationPercent'/>
    <NS0:occupation rdf:resource='http://www.daml.org/2001/12/factbook/occupations#services'/>
    <NS0:percent>NA</NS0:percent>
  </rdf:Description>
  <rdf:Description rdf:about='#A112187'>
    <rdf:type rdf:resource='http://www.daml.org/2001/12/factbook/factbook-ont#AirportBreakdown'/>
    <NS0:paved>false</NS0:paved>
    <NS0:minRunway>914</NS0:minRunway>
    <NS0:maxRunway>1523</NS0:maxRunway>
    <NS0:count>16</NS0:count>
  </rdf:Description>
  <rdf:Description rdf:about='#A111804'>
    <rdf:type rdf:resource='http://www.daml.org/2001/12/factbook/factbook-ont#LanguagePercent'/>
    <NS0:language rdf:resource='http://www.daml.org/2001/12/factbook/languages#Portunol'/>
  </rdf:Description>
  <rdf:Description rdf:about='#A112113'>
    <NS0:year>2000</NS0:year>
  </rdf:Description>
  <rdf:Description rdf:about='#A111970'>
    <rdf:type rdf:resource='http://www.daml.org/2001/12/factbook/factbook-ont#Estimate'/>
    <NS0:year>2000</NS0:year>
  </rdf:Description>
  <rdf:Description rdf:about='#A111800'>
    <rdf:type rdf:resource='http://www.daml.org/2001/12/factbook/factbook-ont#LanguagePercent'/>
    <NS0:language rdf:resource='http://www.daml.org/2001/12/factbook/languages#Spanish'/>
  </rdf:Description>
  <rdf:Description rdf:about='#A111991'>
    <rdf:type rdf:resource='http://www.daml.org/2001/12/factbook/factbook-ont#OccupationPercent'/>
    <NS0:occupation rdf:resource='http://www.daml.org/2001/12/factbook/occupations#industry'/>
    <NS0:percent>NA</NS0:percent>
  </rdf:Description>
  <rdf:Description rdf:about='#A111816'>
    <rdf:type rdf:resource='http://www.daml.org/2001/12/factbook/factbook-ont#Estimate'/>
    <NS0:year>1995</NS0:year>
  </rdf:Description>
  <rdf:Description rdf:about='#A112180'>
    <rdf:type rdf:resource='http://www.daml.org/2001/12/factbook/factbook-ont#AirportBreakdown'/>
    <NS0:paved>false</NS0:paved>
    <NS0:minRunway>1524</NS0:minRunway>
    <NS0:maxRunway>2437</NS0:maxRunway>
    <NS0:count>2</NS0:count>
  </rdf:Description>
  <rdf:Description rdf:about='#A112203'>
    <rdf:type rdf:resource='http://www.daml.org/2001/12/factbook/factbook-ont#Estimate'/>
    <NS0:year>2001</NS0:year>
  </rdf:Description>
  <rdf:Description rdf:about='#A112101'>
    <NS0:year>2000</NS0:year>
  </rdf:Description>
  <rdf:Description rdf:about='#A111986'>
    <rdf:type rdf:resource='http://www.daml.org/2001/12/factbook/factbook-ont#OccupationPercent'/>
    <NS0:occupation rdf:resource='http://www.daml.org/2001/12/factbook/occupations#agriculture'/>
    <NS0:percent>NA</NS0:percent>
  </rdf:Description>
  <rdf:Description rdf:about='#A111795'>
    <rdf:type rdf:resource='http://www.daml.org/2001/12/factbook/factbook-ont#ReligionPercent'/>
    <NS0:religion rdf:resource='http://www.daml.org/2001/12/factbook/religions#nonprofessing_or_other'/>
    <NS0:percent>31</NS0:percent>
  </rdf:Description>
  <rdf:Description rdf:about='#A111679'>
    <rdf:type rdf:resource='http://www.daml.org/2001/12/factbook/factbook-ont#Estimate'/>
    <NS0:year>1997</NS0:year>
  </rdf:Description>
  <rdf:Description rdf:about='#A112019'>
    <NS0:year>1999</NS0:year>
  </rdf:Description>
  <rdf:Description rdf:about='#A112174'>
    <rdf:type rdf:resource='http://www.daml.org/2001/12/factbook/factbook-ont#AirportBreakdown'/>
    <NS0:paved>true</NS0:paved>
    <NS0:maxRunway>913</NS0:maxRunway>
    <NS0:count>1 (2000 est.)</NS0:count>
  </rdf:Description>
  <rdf:Description rdf:about='#A112099'>
    <NS0:year>2000</NS0:year>
  </rdf:Description>
  <rdf:Description rdf:about='#A111790'>
    <rdf:type rdf:resource='http://www.daml.org/2001/12/factbook/factbook-ont#ReligionPercent'/>
    <NS0:religion rdf:resource='http://www.daml.org/2001/12/factbook/religions#Jewish'/>
    <NS0:percent>1</NS0:percent>
  </rdf:Description>
  <rdf:Description rdf:about='#A112200'>
    <rdf:type rdf:resource='http://www.daml.org/2001/12/factbook/factbook-ont#Estimate'/>
    <NS0:year>2001</NS0:year>
  </rdf:Description>
  <rdf:Description rdf:about='#A111710'>
    <rdf:type rdf:resource='http://www.daml.org/2001/12/factbook/factbook-ont#Estimate'/>
    <NS0:year>2001</NS0:year>
  </rdf:Description>
  <rdf:Description rdf:about='#A111785'>
    <rdf:type rdf:resource='http://www.daml.org/2001/12/factbook/factbook-ont#ReligionPercent'/>
    <NS0:religion rdf:resource='http://www.daml.org/2001/12/factbook/religions#Protestant'/>
    <NS0:percent>2</NS0:percent>
  </rdf:Description>
  <rdf:Description rdf:about='#A112167'>
    <rdf:type rdf:resource='http://www.daml.org/2001/12/factbook/factbook-ont#AirportBreakdown'/>
    <NS0:paved>true</NS0:paved>
    <NS0:minRunway>914</NS0:minRunway>
    <NS0:maxRunway>1523</NS0:maxRunway>
    <NS0:count>8</NS0:count>
  </rdf:Description>
  <rdf:Description rdf:about='#A112208'>
    <NS0:note>FY98</NS0:note>
  </rdf:Description>
  <rdf:Description rdf:about='#A112108'>
    <NS0:year>1997</NS0:year>
  </rdf:Description>
  <rdf:Description rdf:about='#A111779'>
    <rdf:type rdf:resource='http://www.daml.org/2001/12/factbook/factbook-ont#ReligionPercent'/>
    <NS0:religion rdf:resource='http://www.daml.org/2001/12/factbook/religions#Roman_Catholic'/>
    <NS0:percent>66</NS0:percent>
  </rdf:Description>
  <rdf:Description rdf:about='#A111978'>
    <NS0:year>1999</NS0:year>
  </rdf:Description>
  <rdf:Description rdf:about='#A112160'>
    <rdf:type rdf:resource='http://www.daml.org/2001/12/factbook/factbook-ont#AirportBreakdown'/>
    <NS0:paved>true</NS0:paved>
    <NS0:minRunway>1524</NS0:minRunway>
    <NS0:maxRunway>2437</NS0:maxRunway>
    <NS0:count>5</NS0:count>
  </rdf:Description>
  <rdf:Description rdf:about='#A111775'>
    <rdf:type rdf:resource='http://www.daml.org/2001/12/factbook/factbook-ont#EthnicGroupPercent'/>
    <NS0:ethnicGroup rdf:resource='http://www.daml.org/2001/12/factbook/ethnicGroups#practically_nonexistent'/>
  </rdf:Description>
  <rdf:Description rdf:about='#A111771'>
    <rdf:type rdf:resource='http://www.daml.org/2001/12/factbook/factbook-ont#EthnicGroupPercent'/>
    <NS0:ethnicGroup rdf:resource='http://www.daml.org/2001/12/factbook/ethnicGroups#Amerindian'/>
  </rdf:Description>
  <rdf:Description rdf:about='#A112153'>
    <rdf:type rdf:resource='http://www.daml.org/2001/12/factbook/factbook-ont#AirportBreakdown'/>
    <NS0:paved>true</NS0:paved>
    <NS0:minRunway>2438</NS0:minRunway>
    <NS0:maxRunway>3047</NS0:maxRunway>
    <NS0:count>1</NS0:count>
  </rdf:Description>
  <rdf:Description rdf:about='#A112006'>
    <rdf:type rdf:resource='http://www.daml.org/2001/12/factbook/factbook-ont#Estimate'/>
    <NS0:year>2000</NS0:year>
  </rdf:Description>
  <rdf:Description rdf:about='#A111676'>
    <rdf:type rdf:resource='http://www.daml.org/2001/12/factbook/factbook-ont#Estimate'/>
    <NS0:year>1997</NS0:year>
  </rdf:Description>
  <rdf:Description rdf:about='#A111766'>
    <rdf:type rdf:resource='http://www.daml.org/2001/12/factbook/factbook-ont#EthnicGroupPercent'/>
    <NS0:ethnicGroup rdf:resource='http://www.daml.org/2001/12/factbook/ethnicGroups#black'/>
    <NS0:percent>4</NS0:percent>
  </rdf:Description>
  <rdf:Description rdf:about='#A112146'>
    <rdf:type rdf:resource='http://www.daml.org/2001/12/factbook/factbook-ont#Port'/>
    <NS0:name>Piriapolis</NS0:name>
  </rdf:Description>
  <rdf:Description rdf:about='#A112111'>
    <NS0:year>2000</NS0:year>
  </rdf:Description>
  <rdf:Description rdf:about='#A112039'>
    <rdf:type rdf:resource='http://www.daml.org/2001/12/factbook/factbook-ont#Estimate'/>
    <NS0:note>f.o.b., 2000</NS0:note>
  </rdf:Description>
  <rdf:Description rdf:about='#A111761'>
    <rdf:type rdf:resource='http://www.daml.org/2001/12/factbook/factbook-ont#EthnicGroupPercent'/>
    <NS0:ethnicGroup rdf:resource='http://www.daml.org/2001/12/factbook/ethnicGroups#mestizo'/>
    <NS0:percent>8</NS0:percent>
  </rdf:Description>
  <rdf:Description rdf:about='#A131243'>
    <rdf:type rdf:resource='http://www.daml.org/2001/12/factbook/factbook-ont#CountryPercent'/>
    <NS0:country rdf:resource='http://www.daml.org/2001/09/countries/fips#US'/>
    <NS0:percent>11</NS0:percent>
  </rdf:Description>
  <rdf:Description rdf:about='#A112142'>
    <rdf:type rdf:resource='http://www.daml.org/2001/12/factbook/factbook-ont#Port'/>
    <NS0:name>Colonia</NS0:name>
  </rdf:Description>
  <rdf:Description rdf:about='#A112070'>
    <rdf:type rdf:resource='http://www.daml.org/2001/12/factbook/factbook-ont#Estimate'/>
    <NS0:note>f.o.b., 2000</NS0:note>
  </rdf:Description>
  <rdf:Description rdf:about='#A112120'>
    <NS0:note>used by coastal and shallow-draft river craft</NS0:note>
  </rdf:Description>
  <rdf:Description rdf:about='#A111756'>
    <rdf:type rdf:resource='http://www.daml.org/2001/12/factbook/factbook-ont#EthnicGroupPercent'/>
    <NS0:ethnicGroup rdf:resource='http://www.daml.org/2001/12/factbook/ethnicGroups#white'/>
    <NS0:percent>88</NS0:percent>
  </rdf:Description>
  <rdf:Description rdf:about='#A112138'>
    <rdf:type rdf:resource='http://www.daml.org/2001/12/factbook/factbook-ont#Port'/>
    <NS0:name>Punta del Este</NS0:name>
  </rdf:Description>
  <rdf:Description rdf:about='#A131237'>
    <rdf:type rdf:resource='http://www.daml.org/2001/12/factbook/factbook-ont#CountryPercent'/>
    <NS0:country rdf:resource='http://www.daml.org/2001/09/countries/fips#US'/>
    <NS0:percent>7</NS0:percent>
  </rdf:Description>
  <rdf:Description rdf:about='#A112134'>
    <rdf:type rdf:resource='http://www.daml.org/2001/12/factbook/factbook-ont#Port'/>
    <NS0:name>Paysandu</NS0:name>
  </rdf:Description>
  <rdf:Description rdf:about='#A112106'>
    <NS0:year>1997</NS0:year>
  </rdf:Description>
  <rdf:Description rdf:about='#A131232'>
    <rdf:type rdf:resource='http://www.daml.org/2001/12/factbook/factbook-ont#Border'/>
    <NS0:country rdf:resource='http://www.daml.org/2001/09/countries/fips#BR'/>
    <NS0:distance>985</NS0:distance>
  </rdf:Description>
  <rdf:Description rdf:about='#A112130'>
    <rdf:type rdf:resource='http://www.daml.org/2001/12/factbook/factbook-ont#Port'/>
    <NS0:name>Nueva Palmira</NS0:name>
  </rdf:Description>
  <rdf:Description rdf:about='#A131227'>
    <rdf:type rdf:resource='http://www.daml.org/2001/12/factbook/factbook-ont#Border'/>
    <NS0:country rdf:resource='http://www.daml.org/2001/09/countries/fips#AR'/>
    <NS0:distance>579</NS0:distance>
  </rdf:Description>
  <rdf:Description rdf:about='#A112126'>
    <rdf:type rdf:resource='http://www.daml.org/2001/12/factbook/factbook-ont#Port'/>
    <NS0:name>Montevideo</NS0:name>
  </rdf:Description>
  <rdf:Description rdf:about='#A111742'>
    <rdf:type rdf:resource='http://www.daml.org/2001/12/factbook/factbook-ont#SexRatioBreakdown'/>
    <NS0:ratio>0.95</NS0:ratio>
  </rdf:Description>
  <rdf:Description rdf:about='#A112122'>
    <rdf:type rdf:resource='http://www.daml.org/2001/12/factbook/factbook-ont#Port'/>
    <NS0:name>Fray Bentos</NS0:name>
  </rdf:Description>
  <rdf:Description rdf:about='#A111737'>
    <rdf:type rdf:resource='http://www.daml.org/2001/12/factbook/factbook-ont#SexRatioBreakdown'/>
    <NS0:minAge>65</NS0:minAge>
    <NS0:ratio>0.7</NS0:ratio>
  </rdf:Description>
</rdf:RDF>
