<?xml version='1.0' encoding='ISO-8859-1'?>
<rdf:RDF
  xmlns:rdf='http://www.w3.org/1999/02/22-rdf-syntax-ns#'
  xmlns:NS0='http://www.daml.org/2001/12/factbook/factbook-ont#'
  xmlns:rdfs='http://www.w3.org/2000/01/rdf-schema#'
  xml:base="http://www.daml.org/2001/12/factbook/vc">
  <rdf:Description rdf:about='#A113137'>
    <rdf:type rdf:resource='http://www.daml.org/2001/12/factbook/factbook-ont#Estimate'/>
    <NS0:year>2000</NS0:year>
  </rdf:Description>
  <rdf:Description rdf:about='#A112879'>
    <rdf:type rdf:resource='http://www.daml.org/2001/12/factbook/factbook-ont#ReligionPercent'/>
    <NS0:religion rdf:resource='http://www.daml.org/2001/12/factbook/religions#Anglican'/>
    <NS0:percent>47</NS0:percent>
  </rdf:Description>
  <rdf:Description rdf:about='#A113006'>
    <rdf:type rdf:resource='http://www.daml.org/2001/12/factbook/factbook-ont#Estimate'/>
    <NS0:year>1996</NS0:year>
  </rdf:Description>
  <rdf:Description rdf:about='#A112874'>
    <rdf:type rdf:resource='http://www.daml.org/2001/12/factbook/factbook-ont#EthnicGroupPercent'/>
    <NS0:ethnicGroup rdf:resource='http://www.daml.org/2001/12/factbook/ethnicGroups#Carib_Amerindian'/>
    <NS0:percent>2</NS0:percent>
  </rdf:Description>
  <rdf:Description rdf:about='#A112869'>
    <rdf:type rdf:resource='http://www.daml.org/2001/12/factbook/factbook-ont#EthnicGroupPercent'/>
    <NS0:ethnicGroup rdf:resource='http://www.daml.org/2001/12/factbook/ethnicGroups#East_Indian'/>
    <NS0:percent>6</NS0:percent>
  </rdf:Description>
  <rdf:Description rdf:about='#A113059'>
    <NS0:year>1999</NS0:year>
  </rdf:Description>
  <rdf:Description rdf:about='#A112816'>
    <rdf:type rdf:resource='http://www.daml.org/2001/12/factbook/factbook-ont#Estimate'/>
    <NS0:year>2001</NS0:year>
  </rdf:Description>
  <rdf:Description rdf:about='#A113045'>
    <rdf:type rdf:resource='http://www.daml.org/2001/12/factbook/factbook-ont#Estimate'/>
    <NS0:year>1997</NS0:year>
  </rdf:Description>
  <rdf:Description rdf:about='#A112864'>
    <rdf:type rdf:resource='http://www.daml.org/2001/12/factbook/factbook-ont#EthnicGroupPercent'/>
    <NS0:ethnicGroup rdf:resource='http://www.daml.org/2001/12/factbook/ethnicGroups#mixed'/>
    <NS0:percent>19</NS0:percent>
  </rdf:Description>
  <rdf:Description rdf:about='#A112859'>
    <rdf:type rdf:resource='http://www.daml.org/2001/12/factbook/factbook-ont#EthnicGroupPercent'/>
    <NS0:ethnicGroup rdf:resource='http://www.daml.org/2001/12/factbook/ethnicGroups#black'/>
    <NS0:percent>66</NS0:percent>
  </rdf:Description>
  <rdf:Description rdf:about='#A113053'>
    <NS0:year>1999</NS0:year>
  </rdf:Description>
  <rdf:Description rdf:about='#A112995'>
    <rdf:type rdf:resource='http://www.daml.org/2001/12/factbook/factbook-ont#Estimate'/>
    <NS0:year>2000</NS0:year>
  </rdf:Description>
  <rdf:Description rdf:about='#A112845'>
    <rdf:type rdf:resource='http://www.daml.org/2001/12/factbook/factbook-ont#SexRatioBreakdown'/>
    <NS0:ratio>1.03</NS0:ratio>
  </rdf:Description>
  <rdf:Description rdf:about='#A112807'>
    <rdf:type rdf:resource='http://www.daml.org/2001/12/factbook/factbook-ont#Estimate'/>
    <NS0:note>July 2001</NS0:note>
  </rdf:Description>
  <rdf:Description rdf:about='#A112851'>
    <rdf:type rdf:resource='http://www.daml.org/2001/12/factbook/factbook-ont#Estimate'/>
    <NS0:year>2001</NS0:year>
  </rdf:Description>
  <rdf:Description rdf:about='#A112840'>
    <rdf:type rdf:resource='http://www.daml.org/2001/12/factbook/factbook-ont#SexRatioBreakdown'/>
    <NS0:minAge>65</NS0:minAge>
    <NS0:ratio>0.75</NS0:ratio>
  </rdf:Description>
  <rdf:Description rdf:about='http://www.daml.org/2001/09/countries/fips#VC'>
    <NS0:background>Disputed between France and Great Britain in the 18th century, Saint Vincent was ceded to the latter in 1783. Autonomy was granted in 1969, and independence in 1979.</NS0:background>
    <NS0:location>Caribbean, islands in the Caribbean Sea, north of Trinidad and Tobago</NS0:location>
    <NS0:geographicCoordinates rdf:resource='#A112752'/>
    <NS0:mapReferences>Central America and the Caribbean</NS0:mapReferences>
    <NS0:totalArea rdf:ID='A112758'>389</NS0:totalArea>
    <NS0:landArea>389</NS0:landArea>
    <NS0:waterArea>0</NS0:waterArea>
    <NS0:comparativeArea>twice the size of Washington, DC</NS0:comparativeArea>
    <NS0:coastline>84</NS0:coastline>
    <NS0:contiguousZone>24</NS0:contiguousZone>
    <NS0:continentalShelf>200</NS0:continentalShelf>
    <NS0:exclusiveEconomicZone>200</NS0:exclusiveEconomicZone>
    <NS0:territorialSea>12</NS0:territorialSea>
    <NS0:climate>tropical; little seasonal temperature variation; rainy season (May to November)</NS0:climate>
    <NS0:terrain>volcanic, mountainous</NS0:terrain>
    <NS0:lowestPoint rdf:resource='#A112770'/>
    <NS0:highestPoint rdf:resource='#A112775'/>
    <NS0:naturalResource rdf:resource='http://www.daml.org/2001/12/factbook/naturalResources#hydropower'/>
    <NS0:naturalResource rdf:resource='http://www.daml.org/2001/12/factbook/naturalResources#cropland'/>
    <NS0:arableLand>10</NS0:arableLand>
    <NS0:permanentCrops>18</NS0:permanentCrops>
    <NS0:permanentPastures>5</NS0:permanentPastures>
    <NS0:forestsAndWoodland>36</NS0:forestsAndWoodland>
    <NS0:otherLandUse rdf:ID='A112786'>31</NS0:otherLandUse>
    <NS0:irrigatedLand rdf:ID='A112789'>10</NS0:irrigatedLand>
    <NS0:naturalHazard>hurricanes</NS0:naturalHazard>
    <NS0:naturalHazard>Soufriere volcano on the island of Saint Vincent is a constant threat</NS0:naturalHazard>
    <NS0:environmentalIssue>pollution of coastal waters and shorelines from discharges by pleasure yachts and other effluents</NS0:environmentalIssue>
    <NS0:environmentalIssue>in some areas, pollution is severe enough to make swimming prohibitive</NS0:environmentalIssue>
    <NS0:environmentalAgreementPartyTo rdf:resource='http://www.daml.org/2001/12/factbook/environmentalAgreements#Biodiversity'/>
    <NS0:environmentalAgreementPartyTo rdf:resource='http://www.daml.org/2001/12/factbook/environmentalAgreements#Climate_Change'/>
    <NS0:environmentalAgreementPartyTo rdf:resource='http://www.daml.org/2001/12/factbook/environmentalAgreements#Desertification'/>
    <NS0:environmentalAgreementPartyTo rdf:resource='http://www.daml.org/2001/12/factbook/environmentalAgreements#Endangered_Species'/>
    <NS0:environmentalAgreementPartyTo rdf:resource='http://www.daml.org/2001/12/factbook/environmentalAgreements#Environmental_Modification'/>
    <NS0:environmentalAgreementPartyTo rdf:resource='http://www.daml.org/2001/12/factbook/environmentalAgreements#Hazardous_Wastes'/>
    <NS0:environmentalAgreementPartyTo rdf:resource='http://www.daml.org/2001/12/factbook/environmentalAgreements#Law_of_the_Sea'/>
    <NS0:environmentalAgreementPartyTo rdf:resource='http://www.daml.org/2001/12/factbook/environmentalAgreements#Ozone_Layer_Protection'/>
    <NS0:environmentalAgreementPartyTo rdf:resource='http://www.daml.org/2001/12/factbook/environmentalAgreements#Ship_Pollution'/>
    <NS0:environmentalAgreementPartyTo rdf:resource='http://www.daml.org/2001/12/factbook/environmentalAgreements#Whaling'/>
    <NS0:environmentalAgreementSigned rdf:resource='http://www.daml.org/2001/12/factbook/environmentalAgreements#Climate_Change-Kyoto_Protocol'/>
    <NS0:population rdf:ID='A112807'>115942</NS0:population>
    <NS0:populationGrowthRate rdf:ID='A112810'>0.4</NS0:populationGrowthRate>
    <NS0:birthRate rdf:ID='A112813'>17.91</NS0:birthRate>
    <NS0:deathRate rdf:ID='A112816'>6.16</NS0:deathRate>
    <NS0:netMigrationRate rdf:ID='A112819'>-7.72</NS0:netMigrationRate>
    <NS0:sexRatio rdf:resource='#A112822'/>
    <NS0:sexRatio rdf:resource='#A112828'/>
    <NS0:sexRatio rdf:resource='#A112834'/>
    <NS0:sexRatio rdf:resource='#A112840'/>
    <NS0:sexRatio rdf:ID='A112848' rdf:resource='#A112845'/>
    <NS0:infantMortalityRate rdf:ID='A112851'>16.61</NS0:infantMortalityRate>
    <NS0:totalFertilityRate rdf:ID='A112854'>2.06</NS0:totalFertilityRate>
    <NS0:nationalityNoun>Saint Vincentian(s) or Vincentian(s)</NS0:nationalityNoun>
    <NS0:nationalityAdjective>Saint Vincentian or Vincentian</NS0:nationalityAdjective>
    <NS0:ethnicGroup rdf:resource='#A112859'/>
    <NS0:ethnicGroup rdf:resource='#A112864'/>
    <NS0:ethnicGroup rdf:resource='#A112869'/>
    <NS0:ethnicGroup rdf:resource='#A112874'/>
    <NS0:religion rdf:resource='#A112879'/>
    <NS0:religion rdf:resource='#A112884'/>
    <NS0:religion rdf:resource='#A112889'/>
    <NS0:religion rdf:resource='#A112894'/>
    <NS0:religion rdf:resource='#A112898'/>
    <NS0:religion rdf:resource='#A112902'/>
    <NS0:language rdf:resource='#A112906'/>
    <NS0:language rdf:resource='#A112910'/>
    <NS0:literacyDefinition>age 15 and over has ever attended school</NS0:literacyDefinition>
    <NS0:literacyTotal>96</NS0:literacyTotal>
    <NS0:literacyMale>96</NS0:literacyMale>
    <NS0:literacyFemale rdf:ID='A112917'>96</NS0:literacyFemale>
    <NS0:conventionalLongCountryName>none</NS0:conventionalLongCountryName>
    <NS0:conventionalShortCountryName>Saint Vincent and the Grenadines</NS0:conventionalShortCountryName>
    <NS0:governmentType rdf:resource='http://www.daml.org/2001/12/factbook/governmentTypes#parliamentary_democracy;_independent_sovereign_state_within_the_Commonwealth'/>
    <NS0:capital rdf:resource='#A112923'/>
    <NS0:administrativeDivision rdf:resource='#A112930'/>
    <NS0:administrativeDivision rdf:resource='#A112934'/>
    <NS0:administrativeDivision rdf:resource='#A112938'/>
    <NS0:administrativeDivision rdf:resource='#A112942'/>
    <NS0:administrativeDivision rdf:resource='#A112946'/>
    <NS0:administrativeDivision rdf:resource='#A112950'/>
    <NS0:independence>27 October 1979 (from UK)</NS0:independence>
    <NS0:constitution>27 October 1979</NS0:constitution>
    <NS0:legalSystem>based on English common law</NS0:legalSystem>
    <NS0:suffrage>18 years of age; universal</NS0:suffrage>
    <NS0:participatesIn rdf:resource='http://www.daml.org/2001/12/factbook/internationalOrganizations#ACP'/>
    <NS0:participatesIn rdf:resource='http://www.daml.org/2001/12/factbook/internationalOrganizations#C'/>
    <NS0:participatesIn rdf:resource='http://www.daml.org/2001/12/factbook/internationalOrganizations#Caricom'/>
    <NS0:participatesIn rdf:resource='http://www.daml.org/2001/12/factbook/internationalOrganizations#CDB'/>
    <NS0:participatesIn rdf:resource='http://www.daml.org/2001/12/factbook/internationalOrganizations#ECLAC'/>
    <NS0:participatesIn rdf:resource='http://www.daml.org/2001/12/factbook/internationalOrganizations#FAO'/>
    <NS0:participatesIn rdf:resource='http://www.daml.org/2001/12/factbook/internationalOrganizations#G-77'/>
    <NS0:participatesIn rdf:resource='http://www.daml.org/2001/12/factbook/internationalOrganizations#IBRD'/>
    <NS0:participatesIn rdf:resource='http://www.daml.org/2001/12/factbook/internationalOrganizations#ICAO'/>
    <NS0:participatesIn rdf:resource='http://www.daml.org/2001/12/factbook/internationalOrganizations#ICFTU'/>
    <NS0:participatesIn rdf:resource='http://www.daml.org/2001/12/factbook/internationalOrganizations#ICRM'/>
    <NS0:participatesIn rdf:resource='http://www.daml.org/2001/12/factbook/internationalOrganizations#IDA'/>
    <NS0:participatesIn rdf:resource='http://www.daml.org/2001/12/factbook/internationalOrganizations#IFAD'/>
    <NS0:participatesIn rdf:resource='http://www.daml.org/2001/12/factbook/internationalOrganizations#IFRCS'/>
    <NS0:participatesIn rdf:resource='http://www.daml.org/2001/12/factbook/internationalOrganizations#ILO'/>
    <NS0:participatesIn rdf:resource='http://www.daml.org/2001/12/factbook/internationalOrganizations#IMF'/>
    <NS0:participatesIn rdf:resource='http://www.daml.org/2001/12/factbook/internationalOrganizations#IMO'/>
    <NS0:participatesIn rdf:resource='http://www.daml.org/2001/12/factbook/internationalOrganizations#Intelsat'/>
    <NS0:participatesIn rdf:resource='http://www.daml.org/2001/12/factbook/internationalOrganizations#Interpol'/>
    <NS0:participatesIn rdf:resource='http://www.daml.org/2001/12/factbook/internationalOrganizations#IOC'/>
    <NS0:participatesIn rdf:resource='http://www.daml.org/2001/12/factbook/internationalOrganizations#ITU'/>
    <NS0:participatesIn rdf:resource='http://www.daml.org/2001/12/factbook/internationalOrganizations#OAS'/>
    <NS0:participatesIn rdf:resource='http://www.daml.org/2001/12/factbook/internationalOrganizations#OECS'/>
    <NS0:participatesIn rdf:resource='http://www.daml.org/2001/12/factbook/internationalOrganizations#OPANAL'/>
    <NS0:participatesIn rdf:resource='http://www.daml.org/2001/12/factbook/internationalOrganizations#OPCW'/>
    <NS0:participatesIn rdf:resource='http://www.daml.org/2001/12/factbook/internationalOrganizations#UN'/>
    <NS0:participatesIn rdf:resource='http://www.daml.org/2001/12/factbook/internationalOrganizations#UNCTAD'/>
    <NS0:participatesIn rdf:resource='http://www.daml.org/2001/12/factbook/internationalOrganizations#UNESCO'/>
    <NS0:participatesIn rdf:resource='http://www.daml.org/2001/12/factbook/internationalOrganizations#UNIDO'/>
    <NS0:participatesIn rdf:resource='http://www.daml.org/2001/12/factbook/internationalOrganizations#UPU'/>
    <NS0:participatesIn rdf:resource='http://www.daml.org/2001/12/factbook/internationalOrganizations#WCL'/>
    <NS0:participatesIn rdf:resource='http://www.daml.org/2001/12/factbook/internationalOrganizations#WFTU'/>
    <NS0:participatesIn rdf:resource='http://www.daml.org/2001/12/factbook/internationalOrganizations#WHO'/>
    <NS0:participatesIn rdf:resource='http://www.daml.org/2001/12/factbook/internationalOrganizations#WIPO'/>
    <NS0:participatesIn rdf:resource='http://www.daml.org/2001/12/factbook/internationalOrganizations#WTrO'/>
    <NS0:flagDescription>three vertical bands of blue (hoist side), gold (double width), and green; the gold band bears three green diamonds arranged in a V pattern</NS0:flagDescription>
    <NS0:economyOverview>Agriculture, dominated by banana production, is the most important sector of this lower-middle-income economy. The services sector, based mostly on a growing tourist industry, is also important. The government has been relatively unsuccessful at introducing new industries, and a high unemployment rate persists. The continuing dependence on a single crop represents the biggest obstacle to the islands&apos; development; tropical storms wiped out substantial portions of crops in both 1994 and 1995. The tourism sector has considerable potential for development over the next decade. Recent growth has been stimulated by strong activity in the construction sector and an improvement in tourism. There is a small manufacturing sector and a small offshore financial sector whose particularly restrictive secrecy laws have caused some international concern.</NS0:economyOverview>
    <NS0:grossDomesticProduct rdf:ID='A112995'>322000000</NS0:grossDomesticProduct>
    <NS0:grossDomesticProductRealGrowth rdf:ID='A112998'>2</NS0:grossDomesticProductRealGrowth>
    <NS0:grossDomesticProductPerCapita rdf:ID='A113001'>2800</NS0:grossDomesticProductPerCapita>
    <NS0:grossDomesticProductAgriculture>10.6</NS0:grossDomesticProductAgriculture>
    <NS0:grossDomesticProductIndustry>17.5</NS0:grossDomesticProductIndustry>
    <NS0:grossDomesticProductServices rdf:ID='A113006'>71.9</NS0:grossDomesticProductServices>
    <NS0:inflationRate rdf:ID='A113009'>2</NS0:inflationRate>
    <NS0:laborForce rdf:ID='A113012'>67000</NS0:laborForce>
    <NS0:occupation rdf:resource='#A113015'/>
    <NS0:occupation rdf:resource='#A113020'/>
    <NS0:occupation rdf:ID='A113029' rdf:resource='#A113025'/>
    <NS0:unemploymentRate rdf:ID='A113032'>22</NS0:unemploymentRate>
    <NS0:budgetRevenues>85700000</NS0:budgetRevenues>
    <NS0:budgetExpenditures>98600000</NS0:budgetExpenditures>
    <NS0:budgetCapitalExpenditures rdf:ID='A113037'>25700000</NS0:budgetCapitalExpenditures>
    <NS0:industry rdf:resource='http://www.daml.org/2001/12/factbook/industries#food_processing'/>
    <NS0:industry rdf:resource='http://www.daml.org/2001/12/factbook/industries#cement'/>
    <NS0:industry rdf:resource='http://www.daml.org/2001/12/factbook/industries#furniture'/>
    <NS0:industry rdf:resource='http://www.daml.org/2001/12/factbook/industries#clothing'/>
    <NS0:industry rdf:resource='http://www.daml.org/2001/12/factbook/industries#starch'/>
    <NS0:industrialProductionGrowthRate rdf:ID='A113045'>-0.9</NS0:industrialProductionGrowthRate>
    <NS0:electricityProduction rdf:ID='A113048'>82000000</NS0:electricityProduction>
    <NS0:electricityProductionFossilFuel>73.17</NS0:electricityProductionFossilFuel>
    <NS0:electricityProductionHydro>26.83</NS0:electricityProductionHydro>
    <NS0:electricityProductionNuclear>0</NS0:electricityProductionNuclear>
    <NS0:electricityProductionOther rdf:ID='A113053'>0</NS0:electricityProductionOther>
    <NS0:electricityConsumption rdf:ID='A113055'>76300000</NS0:electricityConsumption>
    <NS0:electricityExports rdf:ID='A113057'>0</NS0:electricityExports>
    <NS0:electricityImports rdf:ID='A113059'>0</NS0:electricityImports>
    <NS0:agricultureProduct rdf:resource='http://www.daml.org/2001/12/factbook/agricultureProducts#bananas'/>
    <NS0:agricultureProduct rdf:resource='http://www.daml.org/2001/12/factbook/agricultureProducts#coconuts'/>
    <NS0:agricultureProduct rdf:resource='http://www.daml.org/2001/12/factbook/agricultureProducts#sweet_potatoes'/>
    <NS0:agricultureProduct rdf:resource='http://www.daml.org/2001/12/factbook/agricultureProducts#spices'/>
    <NS0:agricultureProduct rdf:resource='http://www.daml.org/2001/12/factbook/agricultureProducts#small_numbers_of_cattle'/>
    <NS0:agricultureProduct rdf:resource='http://www.daml.org/2001/12/factbook/agricultureProducts#sheep'/>
    <NS0:agricultureProduct rdf:resource='http://www.daml.org/2001/12/factbook/agricultureProducts#pigs'/>
    <NS0:agricultureProduct rdf:resource='http://www.daml.org/2001/12/factbook/agricultureProducts#goats'/>
    <NS0:agricultureProduct rdf:resource='http://www.daml.org/2001/12/factbook/agricultureProducts#fish'/>
    <NS0:exports rdf:ID='A113070'>53700000</NS0:exports>
    <NS0:exportsCommodity rdf:resource='#A113073'/>
    <NS0:exportsCommodity rdf:ID='A113081' rdf:resource='#A113078'/>
    <NS0:exportsCommodity rdf:resource='#A113083'/>
    <NS0:exportsCommodity rdf:resource='#A113087'/>
    <NS0:imports rdf:ID='A113091'>185600000</NS0:imports>
    <NS0:importsCommodity rdf:resource='#A113094'/>
    <NS0:importsCommodity rdf:resource='#A113098'/>
    <NS0:importsCommodity rdf:resource='#A113102'/>
    <NS0:importsCommodity rdf:resource='#A113106'/>
    <NS0:externalDebt rdf:ID='A113110'>99300000</NS0:externalDebt>
    <NS0:currency>East Caribbean dollar (XCD)</NS0:currency>
    <NS0:currencyCode>XCD</NS0:currencyCode>
    <NS0:fiscalYear>calendar year</NS0:fiscalYear>
    <NS0:mainTelephoneLines rdf:ID='A113115'>20500</NS0:mainTelephoneLines>
    <NS0:telephoneSystemGeneralAssessment>adequate system</NS0:telephoneSystemGeneralAssessment>
    <NS0:telephoneSystemDomestic>islandwide, fully automatic telephone system; VHF/UHF radiotelephone from Saint Vincent to the other islands of the Grenadines</NS0:telephoneSystemDomestic>
    <NS0:telephoneSystemInternational>VHF/UHF radiotelephone from Saint Vincent to Barbados; new SHF radiotelephone to Grenada and to Saint Lucia; access to Intelsat earth station in Martinique through Saint Lucia</NS0:telephoneSystemInternational>
    <NS0:radios rdf:ID='A113120'>77000</NS0:radios>
    <NS0:televisions rdf:ID='A113122'>18000</NS0:televisions>
    <NS0:internetCountryCode>.vc</NS0:internetCountryCode>
    <NS0:internetServiceProviders rdf:ID='A113125'>15</NS0:internetServiceProviders>
    <NS0:internetUsers rdf:ID='A113127'>2000</NS0:internetUsers>
    <NS0:highwaysTotal>1040</NS0:highwaysTotal>
    <NS0:highwaysPaved>320</NS0:highwaysPaved>
    <NS0:highwaysUnpaved rdf:ID='A113131'>720</NS0:highwaysUnpaved>
    <NS0:port rdf:resource='#A113133'/>
    <NS0:airports rdf:ID='A113137'>6</NS0:airports>
    <NS0:airportBreakdown rdf:resource='#A113140'/>
    <NS0:airportBreakdown rdf:resource='#A113147'/>
    <NS0:airportBreakdown rdf:resource='#A113153'/>
    <NS0:internationalDispute>none</NS0:internationalDispute>
    <NS0:illicitDrugs>transshipment point for South American drugs destined for the US and Europe</NS0:illicitDrugs>
    <NS0:smallFlag>http://www.cia.gov/cia/publications/factbook/flags/vc-flag.jpg</NS0:smallFlag>
    <NS0:largeFlag>http://www.cia.gov/cia/publications/factbook/flags/vc-lgflag.jpg</NS0:largeFlag>
    <NS0:map>http://www.cia.gov/cia/publications/factbook/maps/vc-map.jpg</NS0:map>
    <NS0:exportPartner rdf:resource='#A128776'/>
    <NS0:exportPartner rdf:ID='A128785' rdf:resource='#A128781'/>
    <NS0:importPartner rdf:resource='#A128787'/>
    <NS0:importPartner rdf:ID='A128796' rdf:resource='#A128792'/>
  </rdf:Description>
  <rdf:Description rdf:about='#A112834'>
    <rdf:type rdf:resource='http://www.daml.org/2001/12/factbook/factbook-ont#SexRatioBreakdown'/>
    <NS0:minAge>15</NS0:minAge>
    <NS0:maxAge>64</NS0:maxAge>
    <NS0:ratio>1.05</NS0:ratio>
  </rdf:Description>
  <rdf:Description rdf:about='#A113025'>
    <rdf:type rdf:resource='http://www.daml.org/2001/12/factbook/factbook-ont#OccupationPercent'/>
    <NS0:occupation rdf:resource='http://www.daml.org/2001/12/factbook/occupations#services'/>
    <NS0:percent>57</NS0:percent>
  </rdf:Description>
  <rdf:Description rdf:about='#A112810'>
    <rdf:type rdf:resource='http://www.daml.org/2001/12/factbook/factbook-ont#Estimate'/>
    <NS0:year>2001</NS0:year>
  </rdf:Description>
  <rdf:Description rdf:about='#A113091'>
    <rdf:type rdf:resource='http://www.daml.org/2001/12/factbook/factbook-ont#Estimate'/>
    <NS0:year>2000</NS0:year>
  </rdf:Description>
  <rdf:Description rdf:about='#A113029'>
    <rdf:type rdf:resource='http://www.daml.org/2001/12/factbook/factbook-ont#Estimate'/>
    <NS0:year>1980</NS0:year>
  </rdf:Description>
  <rdf:Description rdf:about='#A113020'>
    <rdf:type rdf:resource='http://www.daml.org/2001/12/factbook/factbook-ont#OccupationPercent'/>
    <NS0:occupation rdf:resource='http://www.daml.org/2001/12/factbook/occupations#industry'/>
    <NS0:percent>17</NS0:percent>
  </rdf:Description>
  <rdf:Description rdf:about='#A112828'>
    <rdf:type rdf:resource='http://www.daml.org/2001/12/factbook/factbook-ont#SexRatioBreakdown'/>
    <NS0:minAge>0</NS0:minAge>
    <NS0:maxAge>14</NS0:maxAge>
    <NS0:ratio>1.04</NS0:ratio>
  </rdf:Description>
  <rdf:Description rdf:about='#A113015'>
    <rdf:type rdf:resource='http://www.daml.org/2001/12/factbook/factbook-ont#OccupationPercent'/>
    <NS0:occupation rdf:resource='http://www.daml.org/2001/12/factbook/occupations#agriculture'/>
    <NS0:percent>26</NS0:percent>
  </rdf:Description>
  <rdf:Description rdf:about='#A112822'>
    <rdf:type rdf:resource='http://www.daml.org/2001/12/factbook/factbook-ont#SexRatioBreakdown'/>
    <NS0:minAge>0</NS0:minAge>
    <NS0:maxAge>0</NS0:maxAge>
    <NS0:ratio>1.03</NS0:ratio>
  </rdf:Description>
  <rdf:Description rdf:about='#A113131'>
    <NS0:year>1996</NS0:year>
  </rdf:Description>
  <rdf:Description rdf:about='#A113001'>
    <rdf:type rdf:resource='http://www.daml.org/2001/12/factbook/factbook-ont#Estimate'/>
    <NS0:year>2000</NS0:year>
  </rdf:Description>
  <rdf:Description rdf:about='#A128796'>
    <NS0:note>1995</NS0:note>
  </rdf:Description>
  <rdf:Description rdf:about='#A113110'>
    <NS0:year>1998</NS0:year>
  </rdf:Description>
  <rdf:Description rdf:about='#A113122'>
    <NS0:year>1997</NS0:year>
  </rdf:Description>
  <rdf:Description rdf:about='#Parish'>
    <rdf:type rdf:resource='http://www.w3.org/2000/01/rdf-schema#Class'/>
    <rdfs:subClassOf rdf:resource='http://www.daml.org/2001/12/factbook/factbook-ont#AdministrativeDivision'/>
    <rdfs:label>Parish</rdfs:label>
  </rdf:Description>
  <rdf:Description rdf:about='#A112854'>
    <rdf:type rdf:resource='http://www.daml.org/2001/12/factbook/factbook-ont#Estimate'/>
    <NS0:year>2001</NS0:year>
  </rdf:Description>
  <rdf:Description rdf:about='#A113032'>
    <rdf:type rdf:resource='http://www.daml.org/2001/12/factbook/factbook-ont#Estimate'/>
    <NS0:year>1997</NS0:year>
  </rdf:Description>
  <rdf:Description rdf:about='#A113081'>
    <NS0:note>taro</NS0:note>
  </rdf:Description>
  <rdf:Description rdf:about='#A113048'>
    <NS0:year>1999</NS0:year>
  </rdf:Description>
  <rdf:Description rdf:about='#A112848'>
    <rdf:type rdf:resource='http://www.daml.org/2001/12/factbook/factbook-ont#Estimate'/>
    <NS0:year>2001</NS0:year>
  </rdf:Description>
  <rdf:Description rdf:about='#A112775'>
    <rdf:type rdf:resource='http://www.daml.org/2001/12/factbook/factbook-ont#ElevationExtreme'/>
    <NS0:name>Soufriere</NS0:name>
    <NS0:elevation>1234</NS0:elevation>
  </rdf:Description>
  <rdf:Description rdf:about='#A112917'>
    <rdf:type rdf:resource='http://www.daml.org/2001/12/factbook/factbook-ont#Estimate'/>
    <NS0:year>1970</NS0:year>
  </rdf:Description>
  <rdf:Description rdf:about='#A113153'>
    <rdf:type rdf:resource='http://www.daml.org/2001/12/factbook/factbook-ont#AirportBreakdown'/>
    <NS0:paved>false</NS0:paved>
    <NS0:maxRunway>913</NS0:maxRunway>
    <NS0:count>1 (2000 est.)</NS0:count>
  </rdf:Description>
  <rdf:Description rdf:about='#A112770'>
    <rdf:type rdf:resource='http://www.daml.org/2001/12/factbook/factbook-ont#ElevationExtreme'/>
    <NS0:name>Caribbean Sea</NS0:name>
    <NS0:elevation>0</NS0:elevation>
  </rdf:Description>
  <rdf:Description rdf:about='#A112998'>
    <rdf:type rdf:resource='http://www.daml.org/2001/12/factbook/factbook-ont#Estimate'/>
    <NS0:year>2000</NS0:year>
  </rdf:Description>
  <rdf:Description rdf:about='#A112786'>
    <rdf:type rdf:resource='http://www.daml.org/2001/12/factbook/factbook-ont#Estimate'/>
    <NS0:year>1993</NS0:year>
  </rdf:Description>
  <rdf:Description rdf:about='#A113147'>
    <rdf:type rdf:resource='http://www.daml.org/2001/12/factbook/factbook-ont#AirportBreakdown'/>
    <NS0:paved>true</NS0:paved>
    <NS0:maxRunway>913</NS0:maxRunway>
    <NS0:count>2 (2000 est.)</NS0:count>
  </rdf:Description>
  <rdf:Description rdf:about='#A113037'>
    <rdf:type rdf:resource='http://www.daml.org/2001/12/factbook/factbook-ont#Estimate'/>
    <NS0:year>1997</NS0:year>
  </rdf:Description>
  <rdf:Description rdf:about='#A112789'>
    <rdf:type rdf:resource='http://www.daml.org/2001/12/factbook/factbook-ont#Estimate'/>
    <NS0:year>1993</NS0:year>
  </rdf:Description>
  <rdf:Description rdf:about='#A112950'>
    <rdf:type rdf:resource='#Parish'/>
    <NS0:name>Saint Patrick</NS0:name>
  </rdf:Description>
  <rdf:Description rdf:about='#A113140'>
    <rdf:type rdf:resource='http://www.daml.org/2001/12/factbook/factbook-ont#AirportBreakdown'/>
    <NS0:paved>true</NS0:paved>
    <NS0:minRunway>914</NS0:minRunway>
    <NS0:maxRunway>1523</NS0:maxRunway>
    <NS0:count>3</NS0:count>
  </rdf:Description>
  <rdf:Description rdf:about='#A113009'>
    <rdf:type rdf:resource='http://www.daml.org/2001/12/factbook/factbook-ont#Estimate'/>
    <NS0:year>1999</NS0:year>
  </rdf:Description>
  <rdf:Description rdf:about='#A112946'>
    <rdf:type rdf:resource='#Parish'/>
    <NS0:name>Saint George</NS0:name>
  </rdf:Description>
  <rdf:Description rdf:about='#A112758'>
    <NS0:note>Saint Vincent 344 sq km</NS0:note>
  </rdf:Description>
  <rdf:Description rdf:about='#A113115'>
    <NS0:year>1998</NS0:year>
  </rdf:Description>
  <rdf:Description rdf:about='#A112752'>
    <rdf:type rdf:resource='http://www.daml.org/2001/12/factbook/factbook-ont#LatLon'/>
    <NS0:latitude>13.25</NS0:latitude>
    <NS0:longitude>-61.2</NS0:longitude>
  </rdf:Description>
  <rdf:Description rdf:about='#A112942'>
    <rdf:type rdf:resource='#Parish'/>
    <NS0:name>Saint David</NS0:name>
  </rdf:Description>
  <rdf:Description rdf:about='#A113133'>
    <rdf:type rdf:resource='http://www.daml.org/2001/12/factbook/factbook-ont#Port'/>
    <NS0:name>Kingstown</NS0:name>
  </rdf:Description>
  <rdf:Description rdf:about='#A113120'>
    <NS0:year>1997</NS0:year>
  </rdf:Description>
  <rdf:Description rdf:about='#A128792'>
    <rdf:type rdf:resource='http://www.daml.org/2001/12/factbook/factbook-ont#CountryPercent'/>
    <NS0:country rdf:resource='http://www.daml.org/2001/09/countries/fips#UK'/>
    <NS0:percent>13</NS0:percent>
  </rdf:Description>
  <rdf:Description rdf:about='#A112938'>
    <rdf:type rdf:resource='#Parish'/>
    <NS0:name>Saint Andrew</NS0:name>
  </rdf:Description>
  <rdf:Description rdf:about='#A128787'>
    <rdf:type rdf:resource='http://www.daml.org/2001/12/factbook/factbook-ont#CountryPercent'/>
    <NS0:country rdf:resource='http://www.daml.org/2001/09/countries/fips#US'/>
    <NS0:percent>36</NS0:percent>
  </rdf:Description>
  <rdf:Description rdf:about='#A112934'>
    <rdf:type rdf:resource='#Parish'/>
    <NS0:name>Grenadines</NS0:name>
  </rdf:Description>
  <rdf:Description rdf:about='#A112930'>
    <rdf:type rdf:resource='#Parish'/>
    <NS0:name>Charlotte</NS0:name>
  </rdf:Description>
  <rdf:Description rdf:about='#A128781'>
    <rdf:type rdf:resource='http://www.daml.org/2001/12/factbook/factbook-ont#CountryPercent'/>
    <NS0:country rdf:resource='http://www.daml.org/2001/09/countries/fips#US'/>
    <NS0:percent>10</NS0:percent>
  </rdf:Description>
  <rdf:Description rdf:about='#A128776'>
    <rdf:type rdf:resource='http://www.daml.org/2001/12/factbook/factbook-ont#CountryPercent'/>
    <NS0:country rdf:resource='http://www.daml.org/2001/09/countries/fips#UK'/>
    <NS0:percent>16</NS0:percent>
  </rdf:Description>
  <rdf:Description rdf:about='#A112923'>
    <rdf:type rdf:resource='http://www.daml.org/2001/12/factbook/factbook-ont#CapitalCity'/>
    <NS0:name>Kingstown</NS0:name>
  </rdf:Description>
  <rdf:Description rdf:about='#A113127'>
    <NS0:year>2000</NS0:year>
  </rdf:Description>
  <rdf:Description rdf:about='#A113106'>
    <rdf:type rdf:resource='http://www.daml.org/2001/12/factbook/factbook-ont#CommodityPercent'/>
    <NS0:importsCommodity rdf:resource='http://www.daml.org/2001/12/factbook/commodities#minerals_and_fuels'/>
  </rdf:Description>
  <rdf:Description rdf:about='#A113102'>
    <rdf:type rdf:resource='http://www.daml.org/2001/12/factbook/factbook-ont#CommodityPercent'/>
    <NS0:importsCommodity rdf:resource='http://www.daml.org/2001/12/factbook/commodities#chemicals_and_fertilizers'/>
  </rdf:Description>
  <rdf:Description rdf:about='#A112910'>
    <rdf:type rdf:resource='http://www.daml.org/2001/12/factbook/factbook-ont#LanguagePercent'/>
    <NS0:language rdf:resource='http://www.daml.org/2001/12/factbook/languages#French_patois'/>
  </rdf:Description>
  <rdf:Description rdf:about='#A113070'>
    <rdf:type rdf:resource='http://www.daml.org/2001/12/factbook/factbook-ont#Estimate'/>
    <NS0:year>2000</NS0:year>
  </rdf:Description>
  <rdf:Description rdf:about='#A113098'>
    <rdf:type rdf:resource='http://www.daml.org/2001/12/factbook/factbook-ont#CommodityPercent'/>
    <NS0:importsCommodity rdf:resource='http://www.daml.org/2001/12/factbook/commodities#machinery_and_equipment'/>
  </rdf:Description>
  <rdf:Description rdf:about='#A112906'>
    <rdf:type rdf:resource='http://www.daml.org/2001/12/factbook/factbook-ont#LanguagePercent'/>
    <NS0:language rdf:resource='http://www.daml.org/2001/12/factbook/languages#English'/>
  </rdf:Description>
  <rdf:Description rdf:about='#A113094'>
    <rdf:type rdf:resource='http://www.daml.org/2001/12/factbook/factbook-ont#CommodityPercent'/>
    <NS0:importsCommodity rdf:resource='http://www.daml.org/2001/12/factbook/commodities#foodstuffs'/>
  </rdf:Description>
  <rdf:Description rdf:about='#A112813'>
    <rdf:type rdf:resource='http://www.daml.org/2001/12/factbook/factbook-ont#Estimate'/>
    <NS0:year>2001</NS0:year>
  </rdf:Description>
  <rdf:Description rdf:about='#A112902'>
    <rdf:type rdf:resource='http://www.daml.org/2001/12/factbook/factbook-ont#ReligionPercent'/>
    <NS0:religion rdf:resource='http://www.daml.org/2001/12/factbook/religions#other_Protestant'/>
  </rdf:Description>
  <rdf:Description rdf:about='#A113057'>
    <NS0:year>1999</NS0:year>
  </rdf:Description>
  <rdf:Description rdf:about='#A112898'>
    <rdf:type rdf:resource='http://www.daml.org/2001/12/factbook/factbook-ont#ReligionPercent'/>
    <NS0:religion rdf:resource='http://www.daml.org/2001/12/factbook/religions#Hindu'/>
  </rdf:Description>
  <rdf:Description rdf:about='#A112819'>
    <rdf:type rdf:resource='http://www.daml.org/2001/12/factbook/factbook-ont#Estimate'/>
    <NS0:year>2001</NS0:year>
  </rdf:Description>
  <rdf:Description rdf:about='#A113012'>
    <rdf:type rdf:resource='http://www.daml.org/2001/12/factbook/factbook-ont#Estimate'/>
    <NS0:year>1984</NS0:year>
  </rdf:Description>
  <rdf:Description rdf:about='#A113087'>
    <rdf:type rdf:resource='http://www.daml.org/2001/12/factbook/factbook-ont#CommodityPercent'/>
    <NS0:exportsCommodity rdf:resource='http://www.daml.org/2001/12/factbook/commodities#tennis_racquets'/>
  </rdf:Description>
  <rdf:Description rdf:about='#A128785'>
    <NS0:note>1995</NS0:note>
  </rdf:Description>
  <rdf:Description rdf:about='#A113125'>
    <NS0:year>2000</NS0:year>
  </rdf:Description>
  <rdf:Description rdf:about='#A112894'>
    <rdf:type rdf:resource='http://www.daml.org/2001/12/factbook/factbook-ont#ReligionPercent'/>
    <NS0:religion rdf:resource='http://www.daml.org/2001/12/factbook/religions#Seventh-Day_Adventist'/>
  </rdf:Description>
  <rdf:Description rdf:about='#A113083'>
    <rdf:type rdf:resource='http://www.daml.org/2001/12/factbook/factbook-ont#CommodityPercent'/>
    <NS0:exportsCommodity rdf:resource='http://www.daml.org/2001/12/factbook/commodities#arrowroot_starch'/>
  </rdf:Description>
  <rdf:Description rdf:about='#A112889'>
    <rdf:type rdf:resource='http://www.daml.org/2001/12/factbook/factbook-ont#ReligionPercent'/>
    <NS0:religion rdf:resource='http://www.daml.org/2001/12/factbook/religions#Roman_Catholic'/>
    <NS0:percent>13</NS0:percent>
  </rdf:Description>
  <rdf:Description rdf:about='#A113055'>
    <NS0:year>1999</NS0:year>
  </rdf:Description>
  <rdf:Description rdf:about='#A113078'>
    <rdf:type rdf:resource='http://www.daml.org/2001/12/factbook/factbook-ont#CommodityPercent'/>
    <NS0:exportsCommodity rdf:resource='http://www.daml.org/2001/12/factbook/commodities#eddoes_and_dasheen'/>
  </rdf:Description>
  <rdf:Description rdf:about='#A112884'>
    <rdf:type rdf:resource='http://www.daml.org/2001/12/factbook/factbook-ont#ReligionPercent'/>
    <NS0:religion rdf:resource='http://www.daml.org/2001/12/factbook/religions#Methodist'/>
    <NS0:percent>28</NS0:percent>
  </rdf:Description>
  <rdf:Description rdf:about='#A113073'>
    <rdf:type rdf:resource='http://www.daml.org/2001/12/factbook/factbook-ont#CommodityPercent'/>
    <NS0:exportsCommodity rdf:resource='http://www.daml.org/2001/12/factbook/commodities#bananas'/>
    <NS0:percent>39</NS0:percent>
  </rdf:Description>
</rdf:RDF>
