<?xml version='1.0' encoding='ISO-8859-1'?>
<rdf:RDF
  xmlns:rdf='http://www.w3.org/1999/02/22-rdf-syntax-ns#'
  xmlns:NS0='http://www.daml.org/2001/12/factbook/factbook-ont#'
  xmlns:rdfs='http://www.w3.org/2000/01/rdf-schema#'
  xml:base="http://www.daml.org/2001/12/factbook/ve">
  <rdf:Description rdf:about='#A113365'>
    <rdf:type rdf:resource='#State'/>
    <NS0:name>Anzoategui</NS0:name>
  </rdf:Description>
  <rdf:Description rdf:about='#A113748'>
    <rdf:type rdf:resource='http://www.daml.org/2001/12/factbook/factbook-ont#AirportBreakdown'/>
    <NS0:paved>true</NS0:paved>
    <NS0:minRunway>914</NS0:minRunway>
    <NS0:maxRunway>1523</NS0:maxRunway>
    <NS0:count>59</NS0:count>
  </rdf:Description>
  <rdf:Description rdf:about='#A113646'>
    <NS0:year>2000</NS0:year>
  </rdf:Description>
  <rdf:Description rdf:about='#A113534'>
    <rdf:type rdf:resource='http://www.daml.org/2001/12/factbook/factbook-ont#Estimate'/>
    <NS0:year>1999</NS0:year>
  </rdf:Description>
  <rdf:Description rdf:about='#A113361'>
    <rdf:type rdf:resource='#State'/>
    <NS0:name>Amazonas</NS0:name>
  </rdf:Description>
  <rdf:Description rdf:about='#A113741'>
    <rdf:type rdf:resource='http://www.daml.org/2001/12/factbook/factbook-ont#AirportBreakdown'/>
    <NS0:paved>true</NS0:paved>
    <NS0:minRunway>1524</NS0:minRunway>
    <NS0:maxRunway>2437</NS0:maxRunway>
    <NS0:count>32</NS0:count>
  </rdf:Description>
  <rdf:Description rdf:about='#FederalDistrict'>
    <rdf:type rdf:resource='http://www.w3.org/2000/01/rdf-schema#Class'/>
    <rdfs:subClassOf rdf:resource='http://www.daml.org/2001/12/factbook/factbook-ont#AdministrativeDivision'/>
    <rdfs:label>FederalDistrict</rdfs:label>
  </rdf:Description>
  <rdf:Description rdf:about='#A113734'>
    <rdf:type rdf:resource='http://www.daml.org/2001/12/factbook/factbook-ont#AirportBreakdown'/>
    <NS0:paved>true</NS0:paved>
    <NS0:minRunway>2438</NS0:minRunway>
    <NS0:maxRunway>3047</NS0:maxRunway>
    <NS0:count>12</NS0:count>
  </rdf:Description>
  <rdf:Description rdf:about='#A113348'>
    <rdf:type rdf:resource='http://www.daml.org/2001/12/factbook/factbook-ont#CapitalCity'/>
    <NS0:name>Caracas</NS0:name>
  </rdf:Description>
  <rdf:Description rdf:about='#A113728'>
    <rdf:type rdf:resource='http://www.daml.org/2001/12/factbook/factbook-ont#AirportBreakdown'/>
    <NS0:paved>true</NS0:paved>
    <NS0:minRunway>3048</NS0:minRunway>
    <NS0:count>4</NS0:count>
  </rdf:Description>
  <rdf:Description rdf:about='#A113564'>
    <rdf:type rdf:resource='http://www.daml.org/2001/12/factbook/factbook-ont#Estimate'/>
    <NS0:year>2000</NS0:year>
  </rdf:Description>
  <rdf:Description rdf:about='#A113721'>
    <rdf:type rdf:resource='http://www.daml.org/2001/12/factbook/factbook-ont#Port'/>
    <NS0:name>Punta Cardon</NS0:name>
  </rdf:Description>
  <rdf:Description rdf:about='#A113717'>
    <rdf:type rdf:resource='http://www.daml.org/2001/12/factbook/factbook-ont#Port'/>
    <NS0:name>Puerto Sucre</NS0:name>
  </rdf:Description>
  <rdf:Description rdf:about='#A113340'>
    <rdf:type rdf:resource='http://www.daml.org/2001/12/factbook/factbook-ont#Estimate'/>
    <NS0:year>1995</NS0:year>
  </rdf:Description>
  <rdf:Description rdf:about='#A113333'>
    <rdf:type rdf:resource='http://www.daml.org/2001/12/factbook/factbook-ont#LanguagePercent'/>
    <NS0:language rdf:resource='http://www.daml.org/2001/12/factbook/languages#numerous_indigenous_dialects'/>
  </rdf:Description>
  <rdf:Description rdf:about='#A113577'>
    <NS0:year>1999</NS0:year>
  </rdf:Description>
  <rdf:Description rdf:about='#A113713'>
    <rdf:type rdf:resource='http://www.daml.org/2001/12/factbook/factbook-ont#Port'/>
    <NS0:name>Puerto Ordaz</NS0:name>
  </rdf:Description>
  <rdf:Description rdf:about='#A113328'>
    <rdf:type rdf:resource='http://www.daml.org/2001/12/factbook/factbook-ont#LanguagePercent'/>
    <NS0:language rdf:resource='http://www.daml.org/2001/12/factbook/languages#Spanish'/>
  </rdf:Description>
  <rdf:Description rdf:about='#A113709'>
    <rdf:type rdf:resource='http://www.daml.org/2001/12/factbook/factbook-ont#Port'/>
    <NS0:name>Puerto la Cruz</NS0:name>
  </rdf:Description>
  <rdf:Description rdf:about='#A113781'>
    <rdf:type rdf:resource='http://www.daml.org/2001/12/factbook/factbook-ont#Estimate'/>
    <NS0:year>2000</NS0:year>
  </rdf:Description>
  <rdf:Description rdf:about='#A113323'>
    <rdf:type rdf:resource='http://www.daml.org/2001/12/factbook/factbook-ont#ReligionPercent'/>
    <NS0:religion rdf:resource='http://www.daml.org/2001/12/factbook/religions#other'/>
    <NS0:percent>2</NS0:percent>
  </rdf:Description>
  <rdf:Description rdf:about='#A113705'>
    <rdf:type rdf:resource='http://www.daml.org/2001/12/factbook/factbook-ont#Port'/>
    <NS0:name>Puerto Cabello</NS0:name>
  </rdf:Description>
  <rdf:Description rdf:about='#A113529'>
    <rdf:type rdf:resource='http://www.daml.org/2001/12/factbook/factbook-ont#Estimate'/>
    <NS0:year>2000</NS0:year>
  </rdf:Description>
  <rdf:Description rdf:about='#A113318'>
    <rdf:type rdf:resource='http://www.daml.org/2001/12/factbook/factbook-ont#ReligionPercent'/>
    <NS0:religion rdf:resource='http://www.daml.org/2001/12/factbook/religions#Protestant'/>
    <NS0:percent>2</NS0:percent>
  </rdf:Description>
  <rdf:Description rdf:about='#A113701'>
    <rdf:type rdf:resource='http://www.daml.org/2001/12/factbook/factbook-ont#Port'/>
    <NS0:name>Palua</NS0:name>
  </rdf:Description>
  <rdf:Description rdf:about='#A113208'>
    <rdf:type rdf:resource='http://www.daml.org/2001/12/factbook/factbook-ont#Estimate'/>
    <NS0:year>1993</NS0:year>
  </rdf:Description>
  <rdf:Description rdf:about='#A113697'>
    <rdf:type rdf:resource='http://www.daml.org/2001/12/factbook/factbook-ont#Port'/>
    <NS0:name>Matanzas</NS0:name>
  </rdf:Description>
  <rdf:Description rdf:about='#A113313'>
    <rdf:type rdf:resource='http://www.daml.org/2001/12/factbook/factbook-ont#ReligionPercent'/>
    <NS0:religion rdf:resource='http://www.daml.org/2001/12/factbook/religions#nominally_Roman_Catholic'/>
    <NS0:percent>96</NS0:percent>
  </rdf:Description>
  <rdf:Description rdf:about='#A113537'>
    <rdf:type rdf:resource='http://www.daml.org/2001/12/factbook/factbook-ont#Estimate'/>
    <NS0:year>1997</NS0:year>
  </rdf:Description>
  <rdf:Description rdf:about='#A113693'>
    <rdf:type rdf:resource='http://www.daml.org/2001/12/factbook/factbook-ont#Port'/>
    <NS0:name>Maracaibo</NS0:name>
  </rdf:Description>
  <rdf:Description rdf:about='#A113309'>
    <rdf:type rdf:resource='http://www.daml.org/2001/12/factbook/factbook-ont#EthnicGroupPercent'/>
    <NS0:ethnicGroup rdf:resource='http://www.daml.org/2001/12/factbook/ethnicGroups#indigenous_people'/>
  </rdf:Description>
  <rdf:Description rdf:about='#A113689'>
    <rdf:type rdf:resource='http://www.daml.org/2001/12/factbook/factbook-ont#Port'/>
    <NS0:name>La Salina</NS0:name>
  </rdf:Description>
  <rdf:Description rdf:about='#A113582'>
    <NS0:year>1999</NS0:year>
  </rdf:Description>
  <rdf:Description rdf:about='#A113305'>
    <rdf:type rdf:resource='http://www.daml.org/2001/12/factbook/factbook-ont#EthnicGroupPercent'/>
    <NS0:ethnicGroup rdf:resource='http://www.daml.org/2001/12/factbook/ethnicGroups#African'/>
  </rdf:Description>
  <rdf:Description rdf:about='#A113685'>
    <rdf:type rdf:resource='http://www.daml.org/2001/12/factbook/factbook-ont#Port'/>
    <NS0:name>La Guaira</NS0:name>
  </rdf:Description>
  <rdf:Description rdf:about='#A113301'>
    <rdf:type rdf:resource='http://www.daml.org/2001/12/factbook/factbook-ont#EthnicGroupPercent'/>
    <NS0:ethnicGroup rdf:resource='http://www.daml.org/2001/12/factbook/ethnicGroups#German'/>
  </rdf:Description>
  <rdf:Description rdf:about='#A113681'>
    <rdf:type rdf:resource='http://www.daml.org/2001/12/factbook/factbook-ont#Port'/>
    <NS0:name>El Tablazo</NS0:name>
  </rdf:Description>
  <rdf:Description rdf:about='#A113297'>
    <rdf:type rdf:resource='http://www.daml.org/2001/12/factbook/factbook-ont#EthnicGroupPercent'/>
    <NS0:ethnicGroup rdf:resource='http://www.daml.org/2001/12/factbook/ethnicGroups#Arab'/>
  </rdf:Description>
  <rdf:Description rdf:about='#A113677'>
    <rdf:type rdf:resource='http://www.daml.org/2001/12/factbook/factbook-ont#Port'/>
    <NS0:name>Bajo Grande</NS0:name>
  </rdf:Description>
  <rdf:Description rdf:about='#A113293'>
    <rdf:type rdf:resource='http://www.daml.org/2001/12/factbook/factbook-ont#EthnicGroupPercent'/>
    <NS0:ethnicGroup rdf:resource='http://www.daml.org/2001/12/factbook/ethnicGroups#Portuguese'/>
  </rdf:Description>
  <rdf:Description rdf:about='#A113673'>
    <rdf:type rdf:resource='http://www.daml.org/2001/12/factbook/factbook-ont#Port'/>
    <NS0:name>Amuay</NS0:name>
  </rdf:Description>
  <rdf:Description rdf:about='#A113289'>
    <rdf:type rdf:resource='http://www.daml.org/2001/12/factbook/factbook-ont#EthnicGroupPercent'/>
    <NS0:ethnicGroup rdf:resource='http://www.daml.org/2001/12/factbook/ethnicGroups#Italian'/>
  </rdf:Description>
  <rdf:Description rdf:about='#A113285'>
    <rdf:type rdf:resource='http://www.daml.org/2001/12/factbook/factbook-ont#EthnicGroupPercent'/>
    <NS0:ethnicGroup rdf:resource='http://www.daml.org/2001/12/factbook/ethnicGroups#Spanish'/>
  </rdf:Description>
  <rdf:Description rdf:about='#A113665'>
    <NS0:note>248 km privately owned</NS0:note>
  </rdf:Description>
  <rdf:Description rdf:about='#A113274'>
    <rdf:type rdf:resource='http://www.daml.org/2001/12/factbook/factbook-ont#Estimate'/>
    <NS0:year>2001</NS0:year>
  </rdf:Description>
  <rdf:Description rdf:about='#A113271'>
    <rdf:type rdf:resource='http://www.daml.org/2001/12/factbook/factbook-ont#SexRatioBreakdown'/>
    <NS0:ratio>1.02</NS0:ratio>
  </rdf:Description>
  <rdf:Description rdf:about='#A113266'>
    <rdf:type rdf:resource='http://www.daml.org/2001/12/factbook/factbook-ont#SexRatioBreakdown'/>
    <NS0:minAge>65</NS0:minAge>
    <NS0:ratio>0.84</NS0:ratio>
  </rdf:Description>
  <rdf:Description rdf:about='#A113788'>
    <rdf:type rdf:resource='http://www.daml.org/2001/12/factbook/factbook-ont#Estimate'/>
    <NS0:year>2001</NS0:year>
  </rdf:Description>
  <rdf:Description rdf:about='#A131431'>
    <NS0:note>1999</NS0:note>
  </rdf:Description>
  <rdf:Description rdf:about='#A113331'>
    <NS0:note>official</NS0:note>
  </rdf:Description>
  <rdf:Description rdf:about='#A113260'>
    <rdf:type rdf:resource='http://www.daml.org/2001/12/factbook/factbook-ont#SexRatioBreakdown'/>
    <NS0:minAge>15</NS0:minAge>
    <NS0:maxAge>64</NS0:maxAge>
    <NS0:ratio>1.01</NS0:ratio>
  </rdf:Description>
  <rdf:Description rdf:about='#A113642'>
    <rdf:type rdf:resource='http://www.daml.org/2001/12/factbook/factbook-ont#CommodityPercent'/>
    <NS0:importsCommodity rdf:resource='http://www.daml.org/2001/12/factbook/commodities#construction_materials'/>
  </rdf:Description>
  <rdf:Description rdf:about='#A113586'>
    <NS0:year>1999</NS0:year>
  </rdf:Description>
  <rdf:Description rdf:about='#A113638'>
    <rdf:type rdf:resource='http://www.daml.org/2001/12/factbook/factbook-ont#CommodityPercent'/>
    <NS0:importsCommodity rdf:resource='http://www.daml.org/2001/12/factbook/commodities#transport_equipment'/>
  </rdf:Description>
  <rdf:Description rdf:about='#A113254'>
    <rdf:type rdf:resource='http://www.daml.org/2001/12/factbook/factbook-ont#SexRatioBreakdown'/>
    <NS0:minAge>0</NS0:minAge>
    <NS0:maxAge>14</NS0:maxAge>
    <NS0:ratio>1.07</NS0:ratio>
  </rdf:Description>
  <rdf:Description rdf:about='#A113634'>
    <rdf:type rdf:resource='http://www.daml.org/2001/12/factbook/factbook-ont#CommodityPercent'/>
    <NS0:importsCommodity rdf:resource='http://www.daml.org/2001/12/factbook/commodities#machinery_and_equipment'/>
  </rdf:Description>
  <rdf:Description rdf:about='#A113248'>
    <rdf:type rdf:resource='http://www.daml.org/2001/12/factbook/factbook-ont#SexRatioBreakdown'/>
    <NS0:minAge>0</NS0:minAge>
    <NS0:maxAge>0</NS0:maxAge>
    <NS0:ratio>1.08</NS0:ratio>
  </rdf:Description>
  <rdf:Description rdf:about='#A113630'>
    <rdf:type rdf:resource='http://www.daml.org/2001/12/factbook/factbook-ont#CommodityPercent'/>
    <NS0:importsCommodity rdf:resource='http://www.daml.org/2001/12/factbook/commodities#raw_materials'/>
  </rdf:Description>
  <rdf:Description rdf:about='#A113624'>
    <rdf:type rdf:resource='http://www.daml.org/2001/12/factbook/factbook-ont#CommodityPercent'/>
    <NS0:exportsCommodity rdf:resource='http://www.daml.org/2001/12/factbook/commodities#basic_manufactures'/>
  </rdf:Description>
  <rdf:Description rdf:about='#A113620'>
    <rdf:type rdf:resource='http://www.daml.org/2001/12/factbook/factbook-ont#CommodityPercent'/>
    <NS0:exportsCommodity rdf:resource='http://www.daml.org/2001/12/factbook/commodities#agricultural_products'/>
  </rdf:Description>
  <rdf:Description rdf:about='#A113616'>
    <rdf:type rdf:resource='http://www.daml.org/2001/12/factbook/factbook-ont#CommodityPercent'/>
    <NS0:exportsCommodity rdf:resource='http://www.daml.org/2001/12/factbook/commodities#chemicals'/>
  </rdf:Description>
  <rdf:Description rdf:about='#A113794'>
    <NS0:note>FY99</NS0:note>
  </rdf:Description>
  <rdf:Description rdf:about='#A113612'>
    <rdf:type rdf:resource='http://www.daml.org/2001/12/factbook/factbook-ont#CommodityPercent'/>
    <NS0:exportsCommodity rdf:resource='http://www.daml.org/2001/12/factbook/commodities#steel'/>
  </rdf:Description>
  <rdf:Description rdf:about='#A113608'>
    <rdf:type rdf:resource='http://www.daml.org/2001/12/factbook/factbook-ont#CommodityPercent'/>
    <NS0:exportsCommodity rdf:resource='http://www.daml.org/2001/12/factbook/commodities#bauxite_and_aluminum'/>
  </rdf:Description>
  <rdf:Description rdf:about='#A113280'>
    <rdf:type rdf:resource='http://www.daml.org/2001/12/factbook/factbook-ont#Estimate'/>
    <NS0:year>2001</NS0:year>
  </rdf:Description>
  <rdf:Description rdf:about='http://www.daml.org/2001/09/countries/fips#VE'>
    <NS0:background>Venezuela was one of the three countries that emerged from the collapse of Gran Colombia in 1830 (the others being Colombia and Ecuador). For most of the first half of the 20th century, Venezuela was ruled by generally benevolent military strongmen, who promoted the oil industry and allowed for some social reforms. Democratically elected governments have held sway since 1959. Current concerns include: drug-related conflicts along the Colombian border, increasing internal drug consumption, overdependence on the petroleum industry with its price fluctuations, and irresponsible mining operations that are endangering the rain forest and indigenous peoples.</NS0:background>
    <NS0:location>Northern South America, bordering the Caribbean Sea and the North Atlantic Ocean, between Colombia and Guyana</NS0:location>
    <NS0:geographicCoordinates rdf:resource='#A113166'/>
    <NS0:mapReferences>South America, Central America and the Caribbean</NS0:mapReferences>
    <NS0:totalArea>912050</NS0:totalArea>
    <NS0:landArea>882050</NS0:landArea>
    <NS0:waterArea>30000</NS0:waterArea>
    <NS0:comparativeArea>slightly more than twice the size of California</NS0:comparativeArea>
    <NS0:landBoundaries>4993</NS0:landBoundaries>
    <NS0:coastline>2800</NS0:coastline>
    <NS0:contiguousZone>15</NS0:contiguousZone>
    <NS0:exclusiveEconomicZone>200</NS0:exclusiveEconomicZone>
    <NS0:territorialSea>12</NS0:territorialSea>
    <NS0:climate>tropical; hot, humid; more moderate in highlands</NS0:climate>
    <NS0:terrain>Andes Mountains and Maracaibo Lowlands in northwest; central plains (llanos); Guiana Highlands in southeast</NS0:terrain>
    <NS0:lowestPoint rdf:resource='#A113183'/>
    <NS0:highestPoint rdf:resource='#A113188'/>
    <NS0:naturalResource rdf:resource='http://www.daml.org/2001/12/factbook/naturalResources#petroleum'/>
    <NS0:naturalResource rdf:resource='http://www.daml.org/2001/12/factbook/naturalResources#natural_gas'/>
    <NS0:naturalResource rdf:resource='http://www.daml.org/2001/12/factbook/naturalResources#iron_ore'/>
    <NS0:naturalResource rdf:resource='http://www.daml.org/2001/12/factbook/naturalResources#gold'/>
    <NS0:naturalResource rdf:resource='http://www.daml.org/2001/12/factbook/naturalResources#bauxite'/>
    <NS0:naturalResource rdf:resource='http://www.daml.org/2001/12/factbook/naturalResources#other_minerals'/>
    <NS0:naturalResource rdf:resource='http://www.daml.org/2001/12/factbook/naturalResources#hydropower'/>
    <NS0:naturalResource rdf:resource='http://www.daml.org/2001/12/factbook/naturalResources#diamonds'/>
    <NS0:arableLand>4</NS0:arableLand>
    <NS0:permanentCrops>1</NS0:permanentCrops>
    <NS0:permanentPastures>20</NS0:permanentPastures>
    <NS0:forestsAndWoodland>34</NS0:forestsAndWoodland>
    <NS0:otherLandUse rdf:ID='A113205'>41</NS0:otherLandUse>
    <NS0:irrigatedLand rdf:ID='A113208'>1900</NS0:irrigatedLand>
    <NS0:naturalHazard>subject to floods, rockslides, mudslides</NS0:naturalHazard>
    <NS0:naturalHazard>periodic droughts</NS0:naturalHazard>
    <NS0:environmentalIssue>sewage pollution of Lago de Valencia</NS0:environmentalIssue>
    <NS0:environmentalIssue>oil and urban pollution of Lago de Maracaibo</NS0:environmentalIssue>
    <NS0:environmentalIssue>deforestation</NS0:environmentalIssue>
    <NS0:environmentalIssue>soil degradation</NS0:environmentalIssue>
    <NS0:environmentalIssue>urban and industrial pollution, especially along the Caribbean coast</NS0:environmentalIssue>
    <NS0:environmentalIssue>threat to the rainforest ecosystem from irresponsible mining operations</NS0:environmentalIssue>
    <NS0:environmentalAgreementPartyTo rdf:resource='http://www.daml.org/2001/12/factbook/environmentalAgreements#Antarctic_Treaty'/>
    <NS0:environmentalAgreementPartyTo rdf:resource='http://www.daml.org/2001/12/factbook/environmentalAgreements#Biodiversity'/>
    <NS0:environmentalAgreementPartyTo rdf:resource='http://www.daml.org/2001/12/factbook/environmentalAgreements#Climate_Change'/>
    <NS0:environmentalAgreementPartyTo rdf:resource='http://www.daml.org/2001/12/factbook/environmentalAgreements#Desertification'/>
    <NS0:environmentalAgreementPartyTo rdf:resource='http://www.daml.org/2001/12/factbook/environmentalAgreements#Endangered_Species'/>
    <NS0:environmentalAgreementPartyTo rdf:resource='http://www.daml.org/2001/12/factbook/environmentalAgreements#Hazardous_Wastes'/>
    <NS0:environmentalAgreementPartyTo rdf:resource='http://www.daml.org/2001/12/factbook/environmentalAgreements#Marine_Life_Conservation'/>
    <NS0:environmentalAgreementPartyTo rdf:resource='http://www.daml.org/2001/12/factbook/environmentalAgreements#Nuclear_Test_Ban'/>
    <NS0:environmentalAgreementPartyTo rdf:resource='http://www.daml.org/2001/12/factbook/environmentalAgreements#Ozone_Layer_Protection'/>
    <NS0:environmentalAgreementPartyTo rdf:resource='http://www.daml.org/2001/12/factbook/environmentalAgreements#Ship_Pollution'/>
    <NS0:environmentalAgreementPartyTo rdf:resource='http://www.daml.org/2001/12/factbook/environmentalAgreements#Tropical_Timber_83'/>
    <NS0:environmentalAgreementPartyTo rdf:resource='http://www.daml.org/2001/12/factbook/environmentalAgreements#Tropical_Timber_94'/>
    <NS0:environmentalAgreementPartyTo rdf:resource='http://www.daml.org/2001/12/factbook/environmentalAgreements#Wetlands'/>
    <NS0:environmentalAgreementSigned rdf:resource='http://www.daml.org/2001/12/factbook/environmentalAgreements#Marine_Dumping'/>
    <NS0:population rdf:ID='A113233'>23916810</NS0:population>
    <NS0:populationGrowthRate rdf:ID='A113236'>1.56</NS0:populationGrowthRate>
    <NS0:birthRate rdf:ID='A113239'>20.65</NS0:birthRate>
    <NS0:deathRate rdf:ID='A113242'>4.92</NS0:deathRate>
    <NS0:netMigrationRate rdf:ID='A113245'>-0.15</NS0:netMigrationRate>
    <NS0:sexRatio rdf:resource='#A113248'/>
    <NS0:sexRatio rdf:resource='#A113254'/>
    <NS0:sexRatio rdf:resource='#A113260'/>
    <NS0:sexRatio rdf:resource='#A113266'/>
    <NS0:sexRatio rdf:ID='A113274' rdf:resource='#A113271'/>
    <NS0:infantMortalityRate rdf:ID='A113277'>25.37</NS0:infantMortalityRate>
    <NS0:totalFertilityRate rdf:ID='A113280'>2.46</NS0:totalFertilityRate>
    <NS0:nationalityNoun>Venezuelan(s)</NS0:nationalityNoun>
    <NS0:nationalityAdjective>Venezuelan</NS0:nationalityAdjective>
    <NS0:ethnicGroup rdf:resource='#A113285'/>
    <NS0:ethnicGroup rdf:resource='#A113289'/>
    <NS0:ethnicGroup rdf:resource='#A113293'/>
    <NS0:ethnicGroup rdf:resource='#A113297'/>
    <NS0:ethnicGroup rdf:resource='#A113301'/>
    <NS0:ethnicGroup rdf:resource='#A113305'/>
    <NS0:ethnicGroup rdf:resource='#A113309'/>
    <NS0:religion rdf:resource='#A113313'/>
    <NS0:religion rdf:resource='#A113318'/>
    <NS0:religion rdf:resource='#A113323'/>
    <NS0:language rdf:ID='A113331' rdf:resource='#A113328'/>
    <NS0:language rdf:resource='#A113333'/>
    <NS0:literacyDefinition>age 15 and over can read and write</NS0:literacyDefinition>
    <NS0:literacyTotal>91.1</NS0:literacyTotal>
    <NS0:literacyMale>91.8</NS0:literacyMale>
    <NS0:literacyFemale rdf:ID='A113340'>90.3</NS0:literacyFemale>
    <NS0:conventionalLongCountryName>Bolivarian Republic of Venezuela</NS0:conventionalLongCountryName>
    <NS0:conventionalShortCountryName>Venezuela</NS0:conventionalShortCountryName>
    <NS0:localLongCountryName>Republica Bolivariana de Venezuela</NS0:localLongCountryName>
    <NS0:localShortCountryName>Venezuela</NS0:localShortCountryName>
    <NS0:governmentType rdf:resource='http://www.daml.org/2001/12/factbook/governmentTypes#federal_republic'/>
    <NS0:capital rdf:resource='#A113348'/>
    <NS0:administrativeDivision rdf:resource='#A113361'/>
    <NS0:administrativeDivision rdf:resource='#A113365'/>
    <NS0:administrativeDivision rdf:resource='#A113369'/>
    <NS0:administrativeDivision rdf:resource='#A113373'/>
    <NS0:administrativeDivision rdf:resource='#A113377'/>
    <NS0:administrativeDivision rdf:resource='#A113381'/>
    <NS0:administrativeDivision rdf:resource='#A113385'/>
    <NS0:administrativeDivision rdf:resource='#A113389'/>
    <NS0:administrativeDivision rdf:resource='#A113393'/>
    <NS0:administrativeDivision rdf:resource='#A113397'/>
    <NS0:administrativeDivision rdf:resource='#A113401'/>
    <NS0:administrativeDivision rdf:resource='#A113405'/>
    <NS0:administrativeDivision rdf:resource='#A113409'/>
    <NS0:administrativeDivision rdf:resource='#A113413'/>
    <NS0:administrativeDivision rdf:resource='#A113417'/>
    <NS0:administrativeDivision rdf:resource='#A113421'/>
    <NS0:administrativeDivision rdf:resource='#A113425'/>
    <NS0:administrativeDivision rdf:resource='#A113429'/>
    <NS0:administrativeDivision rdf:resource='#A113433'/>
    <NS0:administrativeDivision rdf:resource='#A113437'/>
    <NS0:administrativeDivision rdf:resource='#A113441'/>
    <NS0:administrativeDivision rdf:resource='#A113445'/>
    <NS0:administrativeDivision rdf:resource='#A113449'/>
    <NS0:administrativeDivision rdf:resource='#A113453'/>
    <NS0:administrativeDivision rdf:resource='#A113457'/>
    <NS0:independence>5 July 1811 (from Spain)</NS0:independence>
    <NS0:constitution>30 December 1999</NS0:constitution>
    <NS0:legalSystem>based on organic laws as of July 1999; open, adversarial court system; has not accepted compulsory ICJ jurisdiction</NS0:legalSystem>
    <NS0:suffrage>18 years of age; universal</NS0:suffrage>
    <NS0:participatesIn rdf:resource='http://www.daml.org/2001/12/factbook/internationalOrganizations#CAN'/>
    <NS0:participatesIn rdf:resource='http://www.daml.org/2001/12/factbook/internationalOrganizations#Caricom'/>
    <NS0:participatesIn rdf:resource='http://www.daml.org/2001/12/factbook/internationalOrganizations#CCC'/>
    <NS0:participatesIn rdf:resource='http://www.daml.org/2001/12/factbook/internationalOrganizations#CDB'/>
    <NS0:participatesIn rdf:resource='http://www.daml.org/2001/12/factbook/internationalOrganizations#ECLAC'/>
    <NS0:participatesIn rdf:resource='http://www.daml.org/2001/12/factbook/internationalOrganizations#FAO'/>
    <NS0:participatesIn rdf:resource='http://www.daml.org/2001/12/factbook/internationalOrganizations#G-_3'/>
    <NS0:participatesIn rdf:resource='http://www.daml.org/2001/12/factbook/internationalOrganizations#G-11'/>
    <NS0:participatesIn rdf:resource='http://www.daml.org/2001/12/factbook/internationalOrganizations#G-15'/>
    <NS0:participatesIn rdf:resource='http://www.daml.org/2001/12/factbook/internationalOrganizations#G-19'/>
    <NS0:participatesIn rdf:resource='http://www.daml.org/2001/12/factbook/internationalOrganizations#G-24'/>
    <NS0:participatesIn rdf:resource='http://www.daml.org/2001/12/factbook/internationalOrganizations#G-77'/>
    <NS0:participatesIn rdf:resource='http://www.daml.org/2001/12/factbook/internationalOrganizations#IADB'/>
    <NS0:participatesIn rdf:resource='http://www.daml.org/2001/12/factbook/internationalOrganizations#IAEA'/>
    <NS0:participatesIn rdf:resource='http://www.daml.org/2001/12/factbook/internationalOrganizations#IBRD'/>
    <NS0:participatesIn rdf:resource='http://www.daml.org/2001/12/factbook/internationalOrganizations#ICAO'/>
    <NS0:participatesIn rdf:resource='http://www.daml.org/2001/12/factbook/internationalOrganizations#ICC'/>
    <NS0:participatesIn rdf:resource='http://www.daml.org/2001/12/factbook/internationalOrganizations#ICFTU'/>
    <NS0:participatesIn rdf:resource='http://www.daml.org/2001/12/factbook/internationalOrganizations#ICRM'/>
    <NS0:participatesIn rdf:resource='http://www.daml.org/2001/12/factbook/internationalOrganizations#IFAD'/>
    <NS0:participatesIn rdf:resource='http://www.daml.org/2001/12/factbook/internationalOrganizations#IFC'/>
    <NS0:participatesIn rdf:resource='http://www.daml.org/2001/12/factbook/internationalOrganizations#IFRCS'/>
    <NS0:participatesIn rdf:resource='http://www.daml.org/2001/12/factbook/internationalOrganizations#IHO'/>
    <NS0:participatesIn rdf:resource='http://www.daml.org/2001/12/factbook/internationalOrganizations#ILO'/>
    <NS0:participatesIn rdf:resource='http://www.daml.org/2001/12/factbook/internationalOrganizations#IMF'/>
    <NS0:participatesIn rdf:resource='http://www.daml.org/2001/12/factbook/internationalOrganizations#IMO'/>
    <NS0:participatesIn rdf:resource='http://www.daml.org/2001/12/factbook/internationalOrganizations#Intelsat'/>
    <NS0:participatesIn rdf:resource='http://www.daml.org/2001/12/factbook/internationalOrganizations#Interpol'/>
    <NS0:participatesIn rdf:resource='http://www.daml.org/2001/12/factbook/internationalOrganizations#IOC'/>
    <NS0:participatesIn rdf:resource='http://www.daml.org/2001/12/factbook/internationalOrganizations#IOM'/>
    <NS0:participatesIn rdf:resource='http://www.daml.org/2001/12/factbook/internationalOrganizations#ISO'/>
    <NS0:participatesIn rdf:resource='http://www.daml.org/2001/12/factbook/internationalOrganizations#ITU'/>
    <NS0:participatesIn rdf:resource='http://www.daml.org/2001/12/factbook/internationalOrganizations#LAES'/>
    <NS0:participatesIn rdf:resource='http://www.daml.org/2001/12/factbook/internationalOrganizations#LAIA'/>
    <NS0:participatesIn rdf:resource='http://www.daml.org/2001/12/factbook/internationalOrganizations#NAM'/>
    <NS0:participatesIn rdf:resource='http://www.daml.org/2001/12/factbook/internationalOrganizations#OAS'/>
    <NS0:participatesIn rdf:resource='http://www.daml.org/2001/12/factbook/internationalOrganizations#OPANAL'/>
    <NS0:participatesIn rdf:resource='http://www.daml.org/2001/12/factbook/internationalOrganizations#OPCW'/>
    <NS0:participatesIn rdf:resource='http://www.daml.org/2001/12/factbook/internationalOrganizations#OPEC'/>
    <NS0:participatesIn rdf:resource='http://www.daml.org/2001/12/factbook/internationalOrganizations#PCA'/>
    <NS0:participatesIn rdf:resource='http://www.daml.org/2001/12/factbook/internationalOrganizations#RG'/>
    <NS0:participatesIn rdf:resource='http://www.daml.org/2001/12/factbook/internationalOrganizations#UN'/>
    <NS0:participatesIn rdf:resource='http://www.daml.org/2001/12/factbook/internationalOrganizations#UNCTAD'/>
    <NS0:participatesIn rdf:resource='http://www.daml.org/2001/12/factbook/internationalOrganizations#UNESCO'/>
    <NS0:participatesIn rdf:resource='http://www.daml.org/2001/12/factbook/internationalOrganizations#UNHCR'/>
    <NS0:participatesIn rdf:resource='http://www.daml.org/2001/12/factbook/internationalOrganizations#UNIDO'/>
    <NS0:participatesIn rdf:resource='http://www.daml.org/2001/12/factbook/internationalOrganizations#UNIKOM'/>
    <NS0:participatesIn rdf:resource='http://www.daml.org/2001/12/factbook/internationalOrganizations#UNU'/>
    <NS0:participatesIn rdf:resource='http://www.daml.org/2001/12/factbook/internationalOrganizations#UPU'/>
    <NS0:participatesIn rdf:resource='http://www.daml.org/2001/12/factbook/internationalOrganizations#WCL'/>
    <NS0:participatesIn rdf:resource='http://www.daml.org/2001/12/factbook/internationalOrganizations#WFTU'/>
    <NS0:participatesIn rdf:resource='http://www.daml.org/2001/12/factbook/internationalOrganizations#WHO'/>
    <NS0:participatesIn rdf:resource='http://www.daml.org/2001/12/factbook/internationalOrganizations#WIPO'/>
    <NS0:participatesIn rdf:resource='http://www.daml.org/2001/12/factbook/internationalOrganizations#WMO'/>
    <NS0:participatesIn rdf:resource='http://www.daml.org/2001/12/factbook/internationalOrganizations#WToO'/>
    <NS0:participatesIn rdf:resource='http://www.daml.org/2001/12/factbook/internationalOrganizations#WTrO'/>
    <NS0:flagDescription>three equal horizontal bands of yellow (top), blue, and red with the coat of arms on the hoist side of the yellow band and an arc of seven white five-pointed stars centered in the blue band</NS0:flagDescription>
    <NS0:economyOverview>The petroleum sector dominates the economy, accounting for roughly a third of GDP, around 80% of export earnings, and more than half of government operating revenues. Venezuelan officials estimate that GDP grew by 3.2% in 2000. A strong rebound in international oil prices fueled the recovery from the steep recession in 1999. Nevertheless, a weak nonoil sector and capital flight undercut the recovery. The bolivar is widely believed to be overvalued by as much as 50%. The government is still rebuilding after massive flooding and landslides in December 1999 caused an estimated $15 billion to $20 billion in damage.</NS0:economyOverview>
    <NS0:grossDomesticProduct rdf:ID='A113523'>146200000000</NS0:grossDomesticProduct>
    <NS0:grossDomesticProductRealGrowth rdf:ID='A113526'>3.2</NS0:grossDomesticProductRealGrowth>
    <NS0:grossDomesticProductPerCapita rdf:ID='A113529'>6200</NS0:grossDomesticProductPerCapita>
    <NS0:grossDomesticProductAgriculture>5</NS0:grossDomesticProductAgriculture>
    <NS0:grossDomesticProductIndustry>24</NS0:grossDomesticProductIndustry>
    <NS0:grossDomesticProductServices rdf:ID='A113534'>71</NS0:grossDomesticProductServices>
    <NS0:populationBelowPovertyLine rdf:ID='A113537'>67</NS0:populationBelowPovertyLine>
    <NS0:householdIncomeLowest10Percent>1.5</NS0:householdIncomeLowest10Percent>
    <NS0:householdIncomeHighest10Percent rdf:ID='A113541'>35.6</NS0:householdIncomeHighest10Percent>
    <NS0:inflationRate rdf:ID='A113543'>13</NS0:inflationRate>
    <NS0:laborForce rdf:ID='A113545'>9900000</NS0:laborForce>
    <NS0:occupation rdf:resource='#A113547'/>
    <NS0:occupation rdf:resource='#A113552'/>
    <NS0:occupation rdf:ID='A113561' rdf:resource='#A113557'/>
    <NS0:unemploymentRate rdf:ID='A113564'>14</NS0:unemploymentRate>
    <NS0:budgetRevenues>26400000000</NS0:budgetRevenues>
    <NS0:budgetExpenditures>27000000000</NS0:budgetExpenditures>
    <NS0:industry rdf:resource='http://www.daml.org/2001/12/factbook/industries#petroleum'/>
    <NS0:industry rdf:resource='http://www.daml.org/2001/12/factbook/industries#iron_ore_mining'/>
    <NS0:industry rdf:resource='http://www.daml.org/2001/12/factbook/industries#construction_materials'/>
    <NS0:industry rdf:resource='http://www.daml.org/2001/12/factbook/industries#food_processing'/>
    <NS0:industry rdf:resource='http://www.daml.org/2001/12/factbook/industries#textiles'/>
    <NS0:industry rdf:resource='http://www.daml.org/2001/12/factbook/industries#steel'/>
    <NS0:industry rdf:resource='http://www.daml.org/2001/12/factbook/industries#aluminum'/>
    <NS0:industry rdf:resource='http://www.daml.org/2001/12/factbook/industries#motor_vehicle_assembly'/>
    <NS0:electricityProduction rdf:ID='A113577'>81215000000</NS0:electricityProduction>
    <NS0:electricityProductionFossilFuel>32.16</NS0:electricityProductionFossilFuel>
    <NS0:electricityProductionHydro>67.84</NS0:electricityProductionHydro>
    <NS0:electricityProductionNuclear>0</NS0:electricityProductionNuclear>
    <NS0:electricityProductionOther rdf:ID='A113582'>0</NS0:electricityProductionOther>
    <NS0:electricityConsumption rdf:ID='A113584'>75530000000</NS0:electricityConsumption>
    <NS0:electricityExports rdf:ID='A113586'>0</NS0:electricityExports>
    <NS0:electricityImports rdf:ID='A113588'>0</NS0:electricityImports>
    <NS0:agricultureProduct rdf:resource='http://www.daml.org/2001/12/factbook/agricultureProducts#corn'/>
    <NS0:agricultureProduct rdf:resource='http://www.daml.org/2001/12/factbook/agricultureProducts#sorghum'/>
    <NS0:agricultureProduct rdf:resource='http://www.daml.org/2001/12/factbook/agricultureProducts#sugarcane'/>
    <NS0:agricultureProduct rdf:resource='http://www.daml.org/2001/12/factbook/agricultureProducts#rice'/>
    <NS0:agricultureProduct rdf:resource='http://www.daml.org/2001/12/factbook/agricultureProducts#bananas'/>
    <NS0:agricultureProduct rdf:resource='http://www.daml.org/2001/12/factbook/agricultureProducts#vegetables'/>
    <NS0:agricultureProduct rdf:resource='http://www.daml.org/2001/12/factbook/agricultureProducts#coffee'/>
    <NS0:agricultureProduct rdf:resource='http://www.daml.org/2001/12/factbook/agricultureProducts#beef'/>
    <NS0:agricultureProduct rdf:resource='http://www.daml.org/2001/12/factbook/agricultureProducts#pork'/>
    <NS0:agricultureProduct rdf:resource='http://www.daml.org/2001/12/factbook/agricultureProducts#milk'/>
    <NS0:agricultureProduct rdf:resource='http://www.daml.org/2001/12/factbook/agricultureProducts#eggs'/>
    <NS0:agricultureProduct rdf:resource='http://www.daml.org/2001/12/factbook/agricultureProducts#fish'/>
    <NS0:exports rdf:ID='A113602'>32799999999</NS0:exports>
    <NS0:exportsCommodity rdf:resource='#A113604'/>
    <NS0:exportsCommodity rdf:resource='#A113608'/>
    <NS0:exportsCommodity rdf:resource='#A113612'/>
    <NS0:exportsCommodity rdf:resource='#A113616'/>
    <NS0:exportsCommodity rdf:resource='#A113620'/>
    <NS0:exportsCommodity rdf:resource='#A113624'/>
    <NS0:imports rdf:ID='A113628'>14700000000</NS0:imports>
    <NS0:importsCommodity rdf:resource='#A113630'/>
    <NS0:importsCommodity rdf:resource='#A113634'/>
    <NS0:importsCommodity rdf:resource='#A113638'/>
    <NS0:importsCommodity rdf:resource='#A113642'/>
    <NS0:externalDebt rdf:ID='A113646'>34000000000</NS0:externalDebt>
    <NS0:currency>bolivar (VEB)</NS0:currency>
    <NS0:currencyCode>VEB</NS0:currencyCode>
    <NS0:fiscalYear>calendar year</NS0:fiscalYear>
    <NS0:mobileTelephoneLines rdf:ID='A113651'>2000000</NS0:mobileTelephoneLines>
    <NS0:telephoneSystemGeneralAssessment>modern and expanding</NS0:telephoneSystemGeneralAssessment>
    <NS0:telephoneSystemDomestic>domestic satellite system with 3 earth stations; recent substantial improvement in telephone service in rural areas; substantial increase in digitalization of exchanges and trunk lines; installation of a national interurban fiber-optic network capable of digital multimedia services</NS0:telephoneSystemDomestic>
    <NS0:telephoneSystemInternational>3 submarine coaxial cables; satellite earth stations - 1 Intelsat (Atlantic Ocean) and 1 PanAmSat; participating with Colombia, Ecuador, Peru, and Bolivia in the construction of an international fiber-optic network</NS0:telephoneSystemInternational>
    <NS0:radios rdf:ID='A113656'>10750000</NS0:radios>
    <NS0:televisions rdf:ID='A113658'>4099999</NS0:televisions>
    <NS0:internetCountryCode>.ve</NS0:internetCountryCode>
    <NS0:internetServiceProviders rdf:ID='A113661'>16</NS0:internetServiceProviders>
    <NS0:internetUsers rdf:ID='A113663'>400000</NS0:internetUsers>
    <NS0:railwaysTotal rdf:ID='A113665'>584</NS0:railwaysTotal>
    <NS0:highwaysTotal>96155</NS0:highwaysTotal>
    <NS0:highwaysPaved>32308</NS0:highwaysPaved>
    <NS0:highwaysUnpaved rdf:ID='A113669'>63847</NS0:highwaysUnpaved>
    <NS0:waterways>7100</NS0:waterways>
    <NS0:port rdf:resource='#A113673'/>
    <NS0:port rdf:resource='#A113677'/>
    <NS0:port rdf:resource='#A113681'/>
    <NS0:port rdf:resource='#A113685'/>
    <NS0:port rdf:resource='#A113689'/>
    <NS0:port rdf:resource='#A113693'/>
    <NS0:port rdf:resource='#A113697'/>
    <NS0:port rdf:resource='#A113701'/>
    <NS0:port rdf:resource='#A113705'/>
    <NS0:port rdf:resource='#A113709'/>
    <NS0:port rdf:resource='#A113713'/>
    <NS0:port rdf:resource='#A113717'/>
    <NS0:port rdf:resource='#A113721'/>
    <NS0:airports rdf:ID='A113725'>371</NS0:airports>
    <NS0:airportBreakdown rdf:resource='#A113728'/>
    <NS0:airportBreakdown rdf:resource='#A113734'/>
    <NS0:airportBreakdown rdf:resource='#A113741'/>
    <NS0:airportBreakdown rdf:resource='#A113748'/>
    <NS0:airportBreakdown rdf:resource='#A113755'/>
    <NS0:airportBreakdown rdf:resource='#A113761'/>
    <NS0:airportBreakdown rdf:resource='#A113768'/>
    <NS0:airportBreakdown rdf:resource='#A113775'/>
    <NS0:heliports rdf:ID='A113781'>1</NS0:heliports>
    <NS0:militaryAge>18</NS0:militaryAge>
    <NS0:malesOfMilitaryAge rdf:ID='A113785'>6524809</NS0:malesOfMilitaryAge>
    <NS0:malesFitForMilitaryService rdf:ID='A113788'>4701062</NS0:malesFitForMilitaryService>
    <NS0:malesReachingMilitaryAgeAnnually rdf:ID='A113791'>246185</NS0:malesReachingMilitaryAgeAnnually>
    <NS0:militaryExpenditures rdf:ID='A113794'>934000000</NS0:militaryExpenditures>
    <NS0:militaryExpendituresPercentGDP rdf:ID='A113796'>0.9</NS0:militaryExpendituresPercentGDP>
    <NS0:internationalDispute>claims all of Guyana west of the Essequibo</NS0:internationalDispute>
    <NS0:internationalDispute>maritime boundary dispute with Colombia in the Gulf of Venezuela</NS0:internationalDispute>
    <NS0:illicitDrugs>illicit producer of opium for the international drug trade on a small scale</NS0:illicitDrugs>
    <NS0:illicitDrugs>however, large quantities of cocaine, heroin, and marijuana transit the country from Colombia bound for US and Europe</NS0:illicitDrugs>
    <NS0:illicitDrugs>important money-laundering center</NS0:illicitDrugs>
    <NS0:illicitDrugs>active eradication program primarily targeting opium</NS0:illicitDrugs>
    <NS0:illicitDrugs>increasing signs of drug-related activities by Colombian insurgents on border</NS0:illicitDrugs>
    <NS0:smallFlag>http://www.cia.gov/cia/publications/factbook/flags/ve-flag.jpg</NS0:smallFlag>
    <NS0:largeFlag>http://www.cia.gov/cia/publications/factbook/flags/ve-lgflag.jpg</NS0:largeFlag>
    <NS0:map>http://www.cia.gov/cia/publications/factbook/maps/ve-map.jpg</NS0:map>
    <NS0:border rdf:resource='#A131393'/>
    <NS0:border rdf:resource='#A131398'/>
    <NS0:border rdf:resource='#A131403'/>
    <NS0:exportPartner rdf:resource='#A131408'/>
    <NS0:exportPartner rdf:resource='#A131412'/>
    <NS0:exportPartner rdf:resource='#A131416'/>
    <NS0:exportPartner rdf:resource='#A131420'/>
    <NS0:exportPartner rdf:resource='#A131424'/>
    <NS0:exportPartner rdf:ID='A131431' rdf:resource='#A131428'/>
    <NS0:importPartner rdf:resource='#A131433'/>
    <NS0:importPartner rdf:resource='#A131438'/>
    <NS0:importPartner rdf:resource='#A131442'/>
    <NS0:importPartner rdf:resource='#A131446'/>
    <NS0:importPartner rdf:resource='#A131450'/>
    <NS0:importPartner rdf:resource='#A131454'/>
    <NS0:importPartner rdf:resource='#A131458'/>
    <NS0:importPartner rdf:ID='A131465' rdf:resource='#A131462'/>
  </rdf:Description>
  <rdf:Description rdf:about='#A113604'>
    <rdf:type rdf:resource='http://www.daml.org/2001/12/factbook/factbook-ont#CommodityPercent'/>
    <NS0:exportsCommodity rdf:resource='http://www.daml.org/2001/12/factbook/commodities#petroleum'/>
  </rdf:Description>
  <rdf:Description rdf:about='#A113669'>
    <rdf:type rdf:resource='http://www.daml.org/2001/12/factbook/factbook-ont#Estimate'/>
    <NS0:year>1997</NS0:year>
  </rdf:Description>
  <rdf:Description rdf:about='#A113545'>
    <NS0:year>1999</NS0:year>
  </rdf:Description>
  <rdf:Description rdf:about='#A113188'>
    <rdf:type rdf:resource='http://www.daml.org/2001/12/factbook/factbook-ont#ElevationExtreme'/>
    <NS0:name>Pico Bolivar (La Columna)</NS0:name>
    <NS0:elevation>5007</NS0:elevation>
  </rdf:Description>
  <rdf:Description rdf:about='#A113277'>
    <rdf:type rdf:resource='http://www.daml.org/2001/12/factbook/factbook-ont#Estimate'/>
    <NS0:year>2001</NS0:year>
  </rdf:Description>
  <rdf:Description rdf:about='#A113183'>
    <rdf:type rdf:resource='http://www.daml.org/2001/12/factbook/factbook-ont#ElevationExtreme'/>
    <NS0:name>Caribbean Sea</NS0:name>
    <NS0:elevation>0</NS0:elevation>
  </rdf:Description>
  <rdf:Description rdf:about='#A113661'>
    <NS0:year>2000</NS0:year>
  </rdf:Description>
  <rdf:Description rdf:about='#A113557'>
    <rdf:type rdf:resource='http://www.daml.org/2001/12/factbook/factbook-ont#OccupationPercent'/>
    <NS0:occupation rdf:resource='http://www.daml.org/2001/12/factbook/occupations#agriculture'/>
    <NS0:percent>13</NS0:percent>
  </rdf:Description>
  <rdf:Description rdf:about='#A113552'>
    <rdf:type rdf:resource='http://www.daml.org/2001/12/factbook/factbook-ont#OccupationPercent'/>
    <NS0:occupation rdf:resource='http://www.daml.org/2001/12/factbook/occupations#industry'/>
    <NS0:percent>23</NS0:percent>
  </rdf:Description>
  <rdf:Description rdf:about='#A131465'>
    <NS0:note>1999</NS0:note>
  </rdf:Description>
  <rdf:Description rdf:about='#A113166'>
    <rdf:type rdf:resource='http://www.daml.org/2001/12/factbook/factbook-ont#LatLon'/>
    <NS0:latitude>8.0</NS0:latitude>
    <NS0:longitude>-66.0</NS0:longitude>
  </rdf:Description>
  <rdf:Description rdf:about='#A113547'>
    <rdf:type rdf:resource='http://www.daml.org/2001/12/factbook/factbook-ont#OccupationPercent'/>
    <NS0:occupation rdf:resource='http://www.daml.org/2001/12/factbook/occupations#services'/>
    <NS0:percent>64</NS0:percent>
  </rdf:Description>
  <rdf:Description rdf:about='#A113584'>
    <NS0:year>1999</NS0:year>
  </rdf:Description>
  <rdf:Description rdf:about='#A113541'>
    <NS0:year>1995</NS0:year>
  </rdf:Description>
  <rdf:Description rdf:about='#A113656'>
    <NS0:year>1997</NS0:year>
  </rdf:Description>
  <rdf:Description rdf:about='#A113588'>
    <NS0:year>1999</NS0:year>
  </rdf:Description>
  <rdf:Description rdf:about='#A113796'>
    <NS0:note>FY99</NS0:note>
  </rdf:Description>
  <rdf:Description rdf:about='#A113602'>
    <NS0:note>f.o.b., 2000</NS0:note>
  </rdf:Description>
  <rdf:Description rdf:about='#A113205'>
    <rdf:type rdf:resource='http://www.daml.org/2001/12/factbook/factbook-ont#Estimate'/>
    <NS0:year>1993</NS0:year>
  </rdf:Description>
  <rdf:Description rdf:about='#A113791'>
    <rdf:type rdf:resource='http://www.daml.org/2001/12/factbook/factbook-ont#Estimate'/>
    <NS0:year>2001</NS0:year>
  </rdf:Description>
  <rdf:Description rdf:about='#A113725'>
    <rdf:type rdf:resource='http://www.daml.org/2001/12/factbook/factbook-ont#Estimate'/>
    <NS0:year>2000</NS0:year>
  </rdf:Description>
  <rdf:Description rdf:about='#A113785'>
    <rdf:type rdf:resource='http://www.daml.org/2001/12/factbook/factbook-ont#Estimate'/>
    <NS0:year>2001</NS0:year>
  </rdf:Description>
  <rdf:Description rdf:about='#A113561'>
    <rdf:type rdf:resource='http://www.daml.org/2001/12/factbook/factbook-ont#Estimate'/>
    <NS0:year>1997</NS0:year>
  </rdf:Description>
  <rdf:Description rdf:about='#A113245'>
    <rdf:type rdf:resource='http://www.daml.org/2001/12/factbook/factbook-ont#Estimate'/>
    <NS0:year>2001</NS0:year>
  </rdf:Description>
  <rdf:Description rdf:about='#State'>
    <rdf:type rdf:resource='http://www.w3.org/2000/01/rdf-schema#Class'/>
    <rdfs:subClassOf rdf:resource='http://www.daml.org/2001/12/factbook/factbook-ont#AdministrativeDivision'/>
    <rdfs:label>State</rdfs:label>
  </rdf:Description>
  <rdf:Description rdf:about='#FederalDependency'>
    <rdf:type rdf:resource='http://www.w3.org/2000/01/rdf-schema#Class'/>
    <rdfs:subClassOf rdf:resource='http://www.daml.org/2001/12/factbook/factbook-ont#AdministrativeDivision'/>
    <rdfs:label>FederalDependency</rdfs:label>
  </rdf:Description>
  <rdf:Description rdf:about='#A131462'>
    <rdf:type rdf:resource='http://www.daml.org/2001/12/factbook/factbook-ont#CountryPercent'/>
    <NS0:country rdf:resource='http://www.daml.org/2001/09/countries/fips#CA'/>
  </rdf:Description>
  <rdf:Description rdf:about='#A113663'>
    <NS0:year>2000</NS0:year>
  </rdf:Description>
  <rdf:Description rdf:about='#A113457'>
    <rdf:type rdf:resource='#State'/>
    <NS0:name>Zulia</NS0:name>
  </rdf:Description>
  <rdf:Description rdf:about='#A131458'>
    <rdf:type rdf:resource='http://www.daml.org/2001/12/factbook/factbook-ont#CountryPercent'/>
    <NS0:country rdf:resource='http://www.daml.org/2001/09/countries/fips#BR'/>
  </rdf:Description>
  <rdf:Description rdf:about='#A113651'>
    <NS0:year>1998</NS0:year>
  </rdf:Description>
  <rdf:Description rdf:about='#A113658'>
    <NS0:year>1997</NS0:year>
  </rdf:Description>
  <rdf:Description rdf:about='#A131454'>
    <rdf:type rdf:resource='http://www.daml.org/2001/12/factbook/factbook-ont#CountryPercent'/>
    <NS0:country rdf:resource='http://www.daml.org/2001/09/countries/fips#FR'/>
  </rdf:Description>
  <rdf:Description rdf:about='#A113453'>
    <rdf:type rdf:resource='#State'/>
    <NS0:name>Yaracuy</NS0:name>
  </rdf:Description>
  <rdf:Description rdf:about='#A113233'>
    <rdf:type rdf:resource='http://www.daml.org/2001/12/factbook/factbook-ont#Estimate'/>
    <NS0:note>July 2001</NS0:note>
  </rdf:Description>
  <rdf:Description rdf:about='#A131450'>
    <rdf:type rdf:resource='http://www.daml.org/2001/12/factbook/factbook-ont#CountryPercent'/>
    <NS0:country rdf:resource='http://www.daml.org/2001/09/countries/fips#GM'/>
  </rdf:Description>
  <rdf:Description rdf:about='#A113449'>
    <rdf:type rdf:resource='#State'/>
    <NS0:name>Vargas</NS0:name>
  </rdf:Description>
  <rdf:Description rdf:about='#A131446'>
    <rdf:type rdf:resource='http://www.daml.org/2001/12/factbook/factbook-ont#CountryPercent'/>
    <NS0:country rdf:resource='http://www.daml.org/2001/09/countries/fips#IT'/>
  </rdf:Description>
  <rdf:Description rdf:about='#A113445'>
    <rdf:type rdf:resource='#State'/>
    <NS0:name>Trujillo</NS0:name>
  </rdf:Description>
  <rdf:Description rdf:about='#A113242'>
    <rdf:type rdf:resource='http://www.daml.org/2001/12/factbook/factbook-ont#Estimate'/>
    <NS0:year>2001</NS0:year>
  </rdf:Description>
  <rdf:Description rdf:about='#A113526'>
    <rdf:type rdf:resource='http://www.daml.org/2001/12/factbook/factbook-ont#Estimate'/>
    <NS0:year>2000</NS0:year>
  </rdf:Description>
  <rdf:Description rdf:about='#A131442'>
    <rdf:type rdf:resource='http://www.daml.org/2001/12/factbook/factbook-ont#CountryPercent'/>
    <NS0:country rdf:resource='http://www.daml.org/2001/09/countries/fips#CO'/>
  </rdf:Description>
  <rdf:Description rdf:about='#A113441'>
    <rdf:type rdf:resource='#State'/>
    <NS0:name>Tachira</NS0:name>
  </rdf:Description>
  <rdf:Description rdf:about='#A131438'>
    <rdf:type rdf:resource='http://www.daml.org/2001/12/factbook/factbook-ont#CountryPercent'/>
    <NS0:country rdf:resource='http://www.daml.org/2001/09/countries/fips#JA'/>
  </rdf:Description>
  <rdf:Description rdf:about='#A113437'>
    <rdf:type rdf:resource='#State'/>
    <NS0:name>Sucre</NS0:name>
  </rdf:Description>
  <rdf:Description rdf:about='#A113543'>
    <NS0:year>2000</NS0:year>
  </rdf:Description>
  <rdf:Description rdf:about='#A113433'>
    <rdf:type rdf:resource='#State'/>
    <NS0:name>Portuguesa</NS0:name>
  </rdf:Description>
  <rdf:Description rdf:about='#A131433'>
    <rdf:type rdf:resource='http://www.daml.org/2001/12/factbook/factbook-ont#CountryPercent'/>
    <NS0:country rdf:resource='http://www.daml.org/2001/09/countries/fips#US'/>
    <NS0:percent>53</NS0:percent>
  </rdf:Description>
  <rdf:Description rdf:about='#A113429'>
    <rdf:type rdf:resource='#State'/>
    <NS0:name>Nueva Esparta</NS0:name>
  </rdf:Description>
  <rdf:Description rdf:about='#A131428'>
    <rdf:type rdf:resource='http://www.daml.org/2001/12/factbook/factbook-ont#CountryPercent'/>
    <NS0:country rdf:resource='http://www.daml.org/2001/09/countries/fips#IT'/>
  </rdf:Description>
  <rdf:Description rdf:about='#A113425'>
    <rdf:type rdf:resource='#State'/>
    <NS0:name>Monagas</NS0:name>
  </rdf:Description>
  <rdf:Description rdf:about='#A131424'>
    <rdf:type rdf:resource='http://www.daml.org/2001/12/factbook/factbook-ont#CountryPercent'/>
    <NS0:country rdf:resource='http://www.daml.org/2001/09/countries/fips#NL'/>
  </rdf:Description>
  <rdf:Description rdf:about='#A113421'>
    <rdf:type rdf:resource='#State'/>
    <NS0:name>Miranda</NS0:name>
  </rdf:Description>
  <rdf:Description rdf:about='#A131420'>
    <rdf:type rdf:resource='http://www.daml.org/2001/12/factbook/factbook-ont#CountryPercent'/>
    <NS0:country rdf:resource='http://www.daml.org/2001/09/countries/fips#GM'/>
  </rdf:Description>
  <rdf:Description rdf:about='#A113236'>
    <rdf:type rdf:resource='http://www.daml.org/2001/12/factbook/factbook-ont#Estimate'/>
    <NS0:year>2001</NS0:year>
  </rdf:Description>
  <rdf:Description rdf:about='#A113417'>
    <rdf:type rdf:resource='#State'/>
    <NS0:name>Merida</NS0:name>
  </rdf:Description>
  <rdf:Description rdf:about='#A131416'>
    <rdf:type rdf:resource='http://www.daml.org/2001/12/factbook/factbook-ont#CountryPercent'/>
    <NS0:country rdf:resource='http://www.daml.org/2001/09/countries/fips#JA'/>
  </rdf:Description>
  <rdf:Description rdf:about='#A113413'>
    <rdf:type rdf:resource='#State'/>
    <NS0:name>Lara</NS0:name>
  </rdf:Description>
  <rdf:Description rdf:about='#A131412'>
    <rdf:type rdf:resource='http://www.daml.org/2001/12/factbook/factbook-ont#CountryPercent'/>
    <NS0:country rdf:resource='http://www.daml.org/2001/09/countries/fips#BR'/>
  </rdf:Description>
  <rdf:Description rdf:about='#A113409'>
    <rdf:type rdf:resource='#State'/>
    <NS0:name>Guarico</NS0:name>
  </rdf:Description>
  <rdf:Description rdf:about='#A131408'>
    <rdf:type rdf:resource='http://www.daml.org/2001/12/factbook/factbook-ont#CountryPercent'/>
    <NS0:country rdf:resource='http://www.daml.org/2001/09/countries/fips#CO'/>
  </rdf:Description>
  <rdf:Description rdf:about='#A113405'>
    <rdf:type rdf:resource='#State'/>
    <NS0:name>Falcon</NS0:name>
  </rdf:Description>
  <rdf:Description rdf:about='#A113239'>
    <rdf:type rdf:resource='http://www.daml.org/2001/12/factbook/factbook-ont#Estimate'/>
    <NS0:year>2001</NS0:year>
  </rdf:Description>
  <rdf:Description rdf:about='#A131403'>
    <rdf:type rdf:resource='http://www.daml.org/2001/12/factbook/factbook-ont#Border'/>
    <NS0:country rdf:resource='http://www.daml.org/2001/09/countries/fips#GY'/>
    <NS0:distance>743</NS0:distance>
  </rdf:Description>
  <rdf:Description rdf:about='#A113401'>
    <rdf:type rdf:resource='#FederalDistrict'/>
    <NS0:name>Distrito Federal</NS0:name>
  </rdf:Description>
  <rdf:Description rdf:about='#A113397'>
    <rdf:type rdf:resource='#FederalDependency'/>
    <NS0:name>Dependencias Federales</NS0:name>
  </rdf:Description>
  <rdf:Description rdf:about='#A131398'>
    <rdf:type rdf:resource='http://www.daml.org/2001/12/factbook/factbook-ont#Border'/>
    <NS0:country rdf:resource='http://www.daml.org/2001/09/countries/fips#CO'/>
    <NS0:distance>2050</NS0:distance>
  </rdf:Description>
  <rdf:Description rdf:about='#A113393'>
    <rdf:type rdf:resource='#State'/>
    <NS0:name>Delta Amacuro</NS0:name>
  </rdf:Description>
  <rdf:Description rdf:about='#A113775'>
    <rdf:type rdf:resource='http://www.daml.org/2001/12/factbook/factbook-ont#AirportBreakdown'/>
    <NS0:paved>false</NS0:paved>
    <NS0:maxRunway>913</NS0:maxRunway>
    <NS0:count>140 (2000 est.)</NS0:count>
  </rdf:Description>
  <rdf:Description rdf:about='#A131393'>
    <rdf:type rdf:resource='http://www.daml.org/2001/12/factbook/factbook-ont#Border'/>
    <NS0:country rdf:resource='http://www.daml.org/2001/09/countries/fips#BR'/>
    <NS0:distance>2200</NS0:distance>
  </rdf:Description>
  <rdf:Description rdf:about='#A113389'>
    <rdf:type rdf:resource='#State'/>
    <NS0:name>Cojedes</NS0:name>
  </rdf:Description>
  <rdf:Description rdf:about='#A113628'>
    <NS0:note>f.o.b., 2000</NS0:note>
  </rdf:Description>
  <rdf:Description rdf:about='#A113385'>
    <rdf:type rdf:resource='#State'/>
    <NS0:name>Carabobo</NS0:name>
  </rdf:Description>
  <rdf:Description rdf:about='#A113768'>
    <rdf:type rdf:resource='http://www.daml.org/2001/12/factbook/factbook-ont#AirportBreakdown'/>
    <NS0:paved>false</NS0:paved>
    <NS0:minRunway>914</NS0:minRunway>
    <NS0:maxRunway>1523</NS0:maxRunway>
    <NS0:count>97</NS0:count>
  </rdf:Description>
  <rdf:Description rdf:about='#A113523'>
    <rdf:type rdf:resource='http://www.daml.org/2001/12/factbook/factbook-ont#Estimate'/>
    <NS0:year>2000</NS0:year>
  </rdf:Description>
  <rdf:Description rdf:about='#A113381'>
    <rdf:type rdf:resource='#State'/>
    <NS0:name>Bolivar</NS0:name>
  </rdf:Description>
  <rdf:Description rdf:about='#A113761'>
    <rdf:type rdf:resource='http://www.daml.org/2001/12/factbook/factbook-ont#AirportBreakdown'/>
    <NS0:paved>false</NS0:paved>
    <NS0:minRunway>1524</NS0:minRunway>
    <NS0:maxRunway>2437</NS0:maxRunway>
    <NS0:count>10</NS0:count>
  </rdf:Description>
  <rdf:Description rdf:about='#A113377'>
    <rdf:type rdf:resource='#State'/>
    <NS0:name>Barinas</NS0:name>
  </rdf:Description>
  <rdf:Description rdf:about='#A113373'>
    <rdf:type rdf:resource='#State'/>
    <NS0:name>Aragua</NS0:name>
  </rdf:Description>
  <rdf:Description rdf:about='#A113755'>
    <rdf:type rdf:resource='http://www.daml.org/2001/12/factbook/factbook-ont#AirportBreakdown'/>
    <NS0:paved>true</NS0:paved>
    <NS0:maxRunway>913</NS0:maxRunway>
    <NS0:count>17 (2000 est.)</NS0:count>
  </rdf:Description>
  <rdf:Description rdf:about='#A113369'>
    <rdf:type rdf:resource='#State'/>
    <NS0:name>Apure</NS0:name>
  </rdf:Description>
</rdf:RDF>
