<?xml version='1.0' encoding='ISO-8859-1'?>
<rdf:RDF
  xmlns:rdf='http://www.w3.org/1999/02/22-rdf-syntax-ns#'
  xmlns:NS0='http://www.daml.org/2001/12/factbook/factbook-ont#'
  xml:base="http://www.daml.org/2001/12/factbook/vq">
  <rdf:Description rdf:about='#A131574'>
    <rdf:type rdf:resource='http://www.daml.org/2001/12/factbook/factbook-ont#CountryPercent'/>
    <NS0:country rdf:resource='http://www.daml.org/2001/09/countries/fips#US'/>
  </rdf:Description>
  <rdf:Description rdf:about='#A115044'>
    <rdf:type rdf:resource='http://www.daml.org/2001/12/factbook/factbook-ont#ReligionPercent'/>
    <NS0:religion rdf:resource='http://www.daml.org/2001/12/factbook/religions#Roman_Catholic'/>
    <NS0:percent>34</NS0:percent>
  </rdf:Description>
  <rdf:Description rdf:about='#A115168'>
    <NS0:year>1997</NS0:year>
  </rdf:Description>
  <rdf:Description rdf:about='#A114947'>
    <rdf:type rdf:resource='http://www.daml.org/2001/12/factbook/factbook-ont#ElevationExtreme'/>
    <NS0:name>Caribbean Sea</NS0:name>
    <NS0:elevation>0</NS0:elevation>
  </rdf:Description>
  <rdf:Description rdf:about='#A115016'>
    <rdf:type rdf:resource='http://www.daml.org/2001/12/factbook/factbook-ont#Estimate'/>
    <NS0:year>2001</NS0:year>
  </rdf:Description>
  <rdf:Description rdf:about='#A131570'>
    <rdf:type rdf:resource='http://www.daml.org/2001/12/factbook/factbook-ont#CountryPercent'/>
    <NS0:country rdf:resource='http://www.daml.org/2001/09/countries/fips#RQ'/>
  </rdf:Description>
  <rdf:Description rdf:about='#A115128'>
    <NS0:year>1999</NS0:year>
  </rdf:Description>
  <rdf:Description rdf:about='#A115137'>
    <NS0:year>1999</NS0:year>
  </rdf:Description>
  <rdf:Description rdf:about='#A115039'>
    <rdf:type rdf:resource='http://www.daml.org/2001/12/factbook/factbook-ont#ReligionPercent'/>
    <NS0:religion rdf:resource='http://www.daml.org/2001/12/factbook/religions#Baptist'/>
    <NS0:percent>42</NS0:percent>
  </rdf:Description>
  <rdf:Description rdf:about='#A131566'>
    <rdf:type rdf:resource='http://www.daml.org/2001/12/factbook/factbook-ont#CountryPercent'/>
    <NS0:country rdf:resource='http://www.daml.org/2001/09/countries/fips#US'/>
  </rdf:Description>
  <rdf:Description rdf:about='#A115170'>
    <NS0:year>1992</NS0:year>
  </rdf:Description>
  <rdf:Description rdf:about='#A115182'>
    <NS0:year>2000</NS0:year>
  </rdf:Description>
  <rdf:Description rdf:about='#A115034'>
    <rdf:type rdf:resource='http://www.daml.org/2001/12/factbook/factbook-ont#EthnicGroupPercent'/>
    <NS0:ethnicGroup rdf:resource='http://www.daml.org/2001/12/factbook/ethnicGroups#other'/>
    <NS0:percent>5</NS0:percent>
  </rdf:Description>
  <rdf:Description rdf:about='#A115175'>
    <NS0:year>1997</NS0:year>
  </rdf:Description>
  <rdf:Description rdf:about='#A115019'>
    <rdf:type rdf:resource='http://www.daml.org/2001/12/factbook/factbook-ont#Estimate'/>
    <NS0:year>2001</NS0:year>
  </rdf:Description>
  <rdf:Description rdf:about='#A115029'>
    <rdf:type rdf:resource='http://www.daml.org/2001/12/factbook/factbook-ont#EthnicGroupPercent'/>
    <NS0:ethnicGroup rdf:resource='http://www.daml.org/2001/12/factbook/ethnicGroups#white'/>
    <NS0:percent>15</NS0:percent>
  </rdf:Description>
  <rdf:Description rdf:about='#A114932'>
    <rdf:type rdf:resource='http://www.daml.org/2001/12/factbook/factbook-ont#LatLon'/>
    <NS0:latitude>18.333333333333332</NS0:latitude>
    <NS0:longitude>-64.83333333333333</NS0:longitude>
  </rdf:Description>
  <rdf:Description rdf:about='#A114972'>
    <rdf:type rdf:resource='http://www.daml.org/2001/12/factbook/factbook-ont#Estimate'/>
    <NS0:note>July 2001</NS0:note>
  </rdf:Description>
  <rdf:Description rdf:about='#A115024'>
    <rdf:type rdf:resource='http://www.daml.org/2001/12/factbook/factbook-ont#EthnicGroupPercent'/>
    <NS0:ethnicGroup rdf:resource='http://www.daml.org/2001/12/factbook/ethnicGroups#black'/>
    <NS0:percent>80</NS0:percent>
  </rdf:Description>
  <rdf:Description rdf:about='#A114984'>
    <rdf:type rdf:resource='http://www.daml.org/2001/12/factbook/factbook-ont#Estimate'/>
    <NS0:year>2001</NS0:year>
  </rdf:Description>
  <rdf:Description rdf:about='#A115184'>
    <NS0:year>2000</NS0:year>
  </rdf:Description>
  <rdf:Description rdf:about='#A115109'>
    <rdf:type rdf:resource='http://www.daml.org/2001/12/factbook/factbook-ont#OccupationPercent'/>
    <NS0:occupation rdf:resource='http://www.daml.org/2001/12/factbook/occupations#services'/>
    <NS0:percent>79</NS0:percent>
  </rdf:Description>
  <rdf:Description rdf:about='#A114981'>
    <rdf:type rdf:resource='http://www.daml.org/2001/12/factbook/factbook-ont#Estimate'/>
    <NS0:year>2001</NS0:year>
  </rdf:Description>
  <rdf:Description rdf:about='#A115204'>
    <rdf:type rdf:resource='http://www.daml.org/2001/12/factbook/factbook-ont#AirportBreakdown'/>
    <NS0:paved>true</NS0:paved>
    <NS0:minRunway>1524</NS0:minRunway>
    <NS0:maxRunway>2437</NS0:maxRunway>
    <NS0:count>2 (2000 est.)</NS0:count>
  </rdf:Description>
  <rdf:Description rdf:about='http://www.daml.org/2001/09/countries/fips#VQ'>
    <NS0:background>During the 17th century, the archipelago was divided into two territorial units, one English and the other Danish. Sugarcane, produced by slave labor, drove the islands&apos; economy during the 18th and early 19th centuries. In 1917, the US purchased the Danish portion, which had been in economic decline since the abolition of slavery in 1848.</NS0:background>
    <NS0:location>Caribbean, islands between the Caribbean Sea and the North Atlantic Ocean, east of Puerto Rico</NS0:location>
    <NS0:geographicCoordinates rdf:resource='#A114932'/>
    <NS0:mapReferences>Central America and the Caribbean</NS0:mapReferences>
    <NS0:totalArea>352</NS0:totalArea>
    <NS0:landArea>349</NS0:landArea>
    <NS0:waterArea>3</NS0:waterArea>
    <NS0:comparativeArea>twice the size of Washington, DC</NS0:comparativeArea>
    <NS0:coastline>188</NS0:coastline>
    <NS0:exclusiveEconomicZone>200</NS0:exclusiveEconomicZone>
    <NS0:territorialSea>12</NS0:territorialSea>
    <NS0:climate>subtropical, tempered by easterly trade winds, relatively low humidity, little seasonal temperature variation; rainy season May to November</NS0:climate>
    <NS0:terrain>mostly hilly to rugged and mountainous with little level land</NS0:terrain>
    <NS0:lowestPoint rdf:resource='#A114947'/>
    <NS0:highestPoint rdf:resource='#A114952'/>
    <NS0:naturalResource rdf:resource='http://www.daml.org/2001/12/factbook/naturalResources#sun'/>
    <NS0:naturalResource rdf:resource='http://www.daml.org/2001/12/factbook/naturalResources#sand'/>
    <NS0:naturalResource rdf:resource='http://www.daml.org/2001/12/factbook/naturalResources#sea'/>
    <NS0:naturalResource rdf:resource='http://www.daml.org/2001/12/factbook/naturalResources#surf'/>
    <NS0:arableLand>15</NS0:arableLand>
    <NS0:permanentCrops>6</NS0:permanentCrops>
    <NS0:permanentPastures>26</NS0:permanentPastures>
    <NS0:forestsAndWoodland>6</NS0:forestsAndWoodland>
    <NS0:otherLandUse rdf:ID='A114965'>47</NS0:otherLandUse>
    <NS0:naturalHazard>several hurricanes in recent years</NS0:naturalHazard>
    <NS0:naturalHazard>frequent and severe droughts and floods</NS0:naturalHazard>
    <NS0:naturalHazard>occasional earthquakes</NS0:naturalHazard>
    <NS0:environmentalIssue>lack of natural freshwater resources</NS0:environmentalIssue>
    <NS0:population rdf:ID='A114972'>122211</NS0:population>
    <NS0:populationGrowthRate rdf:ID='A114975'>1.06</NS0:populationGrowthRate>
    <NS0:birthRate rdf:ID='A114978'>15.9</NS0:birthRate>
    <NS0:deathRate rdf:ID='A114981'>5.47</NS0:deathRate>
    <NS0:netMigrationRate rdf:ID='A114984'>0.12</NS0:netMigrationRate>
    <NS0:sexRatio rdf:resource='#A114987'/>
    <NS0:sexRatio rdf:resource='#A114993'/>
    <NS0:sexRatio rdf:resource='#A114999'/>
    <NS0:sexRatio rdf:resource='#A115005'/>
    <NS0:sexRatio rdf:ID='A115013' rdf:resource='#A115010'/>
    <NS0:infantMortalityRate rdf:ID='A115016'>9.43</NS0:infantMortalityRate>
    <NS0:totalFertilityRate rdf:ID='A115019'>2.25</NS0:totalFertilityRate>
    <NS0:nationalityNoun>Virgin Islander(s)</NS0:nationalityNoun>
    <NS0:nationalityAdjective>Virgin Islander</NS0:nationalityAdjective>
    <NS0:ethnicGroup rdf:resource='#A115024'/>
    <NS0:ethnicGroup rdf:resource='#A115029'/>
    <NS0:ethnicGroup rdf:resource='#A115034'/>
    <NS0:religion rdf:resource='#A115039'/>
    <NS0:religion rdf:resource='#A115044'/>
    <NS0:religion rdf:resource='#A115049'/>
    <NS0:religion rdf:resource='#A115054'/>
    <NS0:language rdf:ID='A115062' rdf:resource='#A115059'/>
    <NS0:language rdf:resource='#A115064'/>
    <NS0:language rdf:resource='#A115068'/>
    <NS0:literacyDefinition>NA</NS0:literacyDefinition>
    <NS0:conventionalLongCountryName>United States Virgin Islands</NS0:conventionalLongCountryName>
    <NS0:conventionalShortCountryName>Virgin Islands</NS0:conventionalShortCountryName>
    <NS0:formerCountryName>Danish West Indies</NS0:formerCountryName>
    <NS0:dependencyStatus>organized, unincorporated territory of the US with policy relations between the Virgin Islands and the US under the jurisdiction of the Office of Insular Affairs, US Department of the Interior</NS0:dependencyStatus>
    <NS0:governmentType rdf:resource='http://www.daml.org/2001/12/factbook/governmentTypes#NA'/>
    <NS0:capital rdf:resource='#A115078'/>
    <NS0:constitution>Revised Organic Act of 22 July 1954</NS0:constitution>
    <NS0:legalSystem>based on US laws</NS0:legalSystem>
    <NS0:suffrage>18 years of age; universal; note - indigenous inhabitants are US citizens but do not vote in US presidential elections</NS0:suffrage>
    <NS0:participatesIn rdf:resource='http://www.daml.org/2001/12/factbook/internationalOrganizations#ECLAC'/>
    <NS0:participatesIn rdf:resource='http://www.daml.org/2001/12/factbook/internationalOrganizations#Interpol'/>
    <NS0:participatesIn rdf:resource='http://www.daml.org/2001/12/factbook/internationalOrganizations#IOC'/>
    <NS0:flagDescription>white, with a modified US coat of arms in the center between the large blue initials V and I; the coat of arms shows a yellow eagle holding an olive branch in one talon and three arrows in the other with a superimposed shield of vertical red and white stripes below a blue panel</NS0:flagDescription>
    <NS0:economyOverview>Tourism is the primary economic activity, accounting for more than 70% of GDP and 70% of employment. The islands normally host 2 million visitors a year. The manufacturing sector consists of petroleum refining, textiles, electronics, pharmaceuticals, and watch assembly. The agricultural sector is small, with most food being imported. International business and financial services are a small but growing component of the economy. One of the world&apos;s largest petroleum refineries is at Saint Croix. The islands are subject to substantial damage from storms. The government is working to improve fiscal discipline, support construction projects in the private sector, expand tourist facilities, and protect the environment.</NS0:economyOverview>
    <NS0:grossDomesticProduct rdf:ID='A115090'>1800000000</NS0:grossDomesticProduct>
    <NS0:grossDomesticProductPerCapita rdf:ID='A115093'>15000</NS0:grossDomesticProductPerCapita>
    <NS0:laborForce rdf:ID='A115096'>47443</NS0:laborForce>
    <NS0:occupation rdf:resource='#A115099'/>
    <NS0:occupation rdf:resource='#A115104'/>
    <NS0:occupation rdf:ID='A115113' rdf:resource='#A115109'/>
    <NS0:unemploymentRate rdf:ID='A115116'>4.9</NS0:unemploymentRate>
    <NS0:budgetRevenues>364400000</NS0:budgetRevenues>
    <NS0:budgetExpenditures>364400000</NS0:budgetExpenditures>
    <NS0:industry rdf:resource='http://www.daml.org/2001/12/factbook/industries#tourism'/>
    <NS0:industry rdf:resource='http://www.daml.org/2001/12/factbook/industries#petroleum_refining'/>
    <NS0:industry rdf:resource='http://www.daml.org/2001/12/factbook/industries#watch_assembly'/>
    <NS0:industry rdf:resource='http://www.daml.org/2001/12/factbook/industries#rum_distilling'/>
    <NS0:industry rdf:resource='http://www.daml.org/2001/12/factbook/industries#construction'/>
    <NS0:industry rdf:resource='http://www.daml.org/2001/12/factbook/industries#pharmaceuticals'/>
    <NS0:industry rdf:resource='http://www.daml.org/2001/12/factbook/industries#textiles'/>
    <NS0:industry rdf:resource='http://www.daml.org/2001/12/factbook/industries#electronics'/>
    <NS0:electricityProduction rdf:ID='A115128'>1020000000</NS0:electricityProduction>
    <NS0:electricityProductionFossilFuel>100</NS0:electricityProductionFossilFuel>
    <NS0:electricityProductionHydro>0</NS0:electricityProductionHydro>
    <NS0:electricityProductionNuclear>0</NS0:electricityProductionNuclear>
    <NS0:electricityProductionOther rdf:ID='A115133'>0</NS0:electricityProductionOther>
    <NS0:electricityConsumption rdf:ID='A115135'>948600000</NS0:electricityConsumption>
    <NS0:electricityExports rdf:ID='A115137'>0</NS0:electricityExports>
    <NS0:electricityImports rdf:ID='A115139'>0</NS0:electricityImports>
    <NS0:agricultureProduct rdf:resource='http://www.daml.org/2001/12/factbook/agricultureProducts#fruit'/>
    <NS0:agricultureProduct rdf:resource='http://www.daml.org/2001/12/factbook/agricultureProducts#vegetables'/>
    <NS0:agricultureProduct rdf:resource='http://www.daml.org/2001/12/factbook/agricultureProducts#sorghum'/>
    <NS0:agricultureProduct rdf:resource='http://www.daml.org/2001/12/factbook/agricultureProducts#Senepol_cattle'/>
    <NS0:exportsCommodity rdf:resource='#A115145'/>
    <NS0:importsCommodity rdf:resource='#A115149'/>
    <NS0:importsCommodity rdf:resource='#A115153'/>
    <NS0:importsCommodity rdf:resource='#A115157'/>
    <NS0:importsCommodity rdf:resource='#A115161'/>
    <NS0:currency>US dollar (USD)</NS0:currency>
    <NS0:currencyCode>USD</NS0:currencyCode>
    <NS0:fiscalYear>1 October - 30 September</NS0:fiscalYear>
    <NS0:mainTelephoneLines rdf:ID='A115168'>62000</NS0:mainTelephoneLines>
    <NS0:mobileTelephoneLines rdf:ID='A115170'>2000</NS0:mobileTelephoneLines>
    <NS0:telephoneSystemGeneralAssessment>NA</NS0:telephoneSystemGeneralAssessment>
    <NS0:telephoneSystemDomestic>modern, uses fiber-optic cable and microwave radio relay</NS0:telephoneSystemDomestic>
    <NS0:telephoneSystemInternational>submarine cable and satellite communications; satellite earth stations - NA</NS0:telephoneSystemInternational>
    <NS0:radios rdf:ID='A115175'>107000</NS0:radios>
    <NS0:televisionBroadcastStations rdf:ID='A115177'>2</NS0:televisionBroadcastStations>
    <NS0:televisions rdf:ID='A115179'>68000</NS0:televisions>
    <NS0:internetCountryCode>.vi</NS0:internetCountryCode>
    <NS0:internetServiceProviders rdf:ID='A115182'>50</NS0:internetServiceProviders>
    <NS0:internetUsers rdf:ID='A115184'>12000</NS0:internetUsers>
    <NS0:highwaysTotal>856</NS0:highwaysTotal>
    <NS0:port rdf:resource='#A115187'/>
    <NS0:port rdf:resource='#A115191'/>
    <NS0:port rdf:resource='#A115195'/>
    <NS0:port rdf:resource='#A115199'/>
    <NS0:airports>2</NS0:airports>
    <NS0:airportBreakdown rdf:resource='#A115204'/>
    <NS0:internationalDispute>none</NS0:internationalDispute>
    <NS0:smallFlag>http://www.cia.gov/cia/publications/factbook/flags/vq-flag.jpg</NS0:smallFlag>
    <NS0:largeFlag>http://www.cia.gov/cia/publications/factbook/flags/vq-lgflag.jpg</NS0:largeFlag>
    <NS0:map>http://www.cia.gov/cia/publications/factbook/maps/vq-map.jpg</NS0:map>
    <NS0:exportPartner rdf:resource='#A131566'/>
    <NS0:exportPartner rdf:resource='#A131570'/>
    <NS0:importPartner rdf:resource='#A131574'/>
    <NS0:importPartner rdf:resource='#A131578'/>
  </rdf:Description>
  <rdf:Description rdf:about='#A115010'>
    <rdf:type rdf:resource='http://www.daml.org/2001/12/factbook/factbook-ont#SexRatioBreakdown'/>
    <NS0:ratio>0.88</NS0:ratio>
  </rdf:Description>
  <rdf:Description rdf:about='#A115104'>
    <rdf:type rdf:resource='http://www.daml.org/2001/12/factbook/factbook-ont#OccupationPercent'/>
    <NS0:occupation rdf:resource='http://www.daml.org/2001/12/factbook/occupations#industry'/>
    <NS0:percent>20</NS0:percent>
  </rdf:Description>
  <rdf:Description rdf:about='#A115199'>
    <rdf:type rdf:resource='http://www.daml.org/2001/12/factbook/factbook-ont#Port'/>
    <NS0:name>Port Alucroix</NS0:name>
  </rdf:Description>
  <rdf:Description rdf:about='#A115096'>
    <rdf:type rdf:resource='http://www.daml.org/2001/12/factbook/factbook-ont#Estimate'/>
    <NS0:year>1990</NS0:year>
  </rdf:Description>
  <rdf:Description rdf:about='#A114965'>
    <rdf:type rdf:resource='http://www.daml.org/2001/12/factbook/factbook-ont#Estimate'/>
    <NS0:year>1993</NS0:year>
  </rdf:Description>
  <rdf:Description rdf:about='#A115195'>
    <rdf:type rdf:resource='http://www.daml.org/2001/12/factbook/factbook-ont#Port'/>
    <NS0:name>Cruz Bay</NS0:name>
  </rdf:Description>
  <rdf:Description rdf:about='#A115005'>
    <rdf:type rdf:resource='http://www.daml.org/2001/12/factbook/factbook-ont#SexRatioBreakdown'/>
    <NS0:minAge>65</NS0:minAge>
    <NS0:ratio>0.76</NS0:ratio>
  </rdf:Description>
  <rdf:Description rdf:about='#A115099'>
    <rdf:type rdf:resource='http://www.daml.org/2001/12/factbook/factbook-ont#OccupationPercent'/>
    <NS0:occupation rdf:resource='http://www.daml.org/2001/12/factbook/occupations#agriculture'/>
    <NS0:percent>1</NS0:percent>
  </rdf:Description>
  <rdf:Description rdf:about='#A115191'>
    <rdf:type rdf:resource='http://www.daml.org/2001/12/factbook/factbook-ont#Port'/>
    <NS0:name>Christiansted</NS0:name>
  </rdf:Description>
  <rdf:Description rdf:about='#A115062'>
    <NS0:note>official</NS0:note>
  </rdf:Description>
  <rdf:Description rdf:about='#A114999'>
    <rdf:type rdf:resource='http://www.daml.org/2001/12/factbook/factbook-ont#SexRatioBreakdown'/>
    <NS0:minAge>15</NS0:minAge>
    <NS0:maxAge>64</NS0:maxAge>
    <NS0:ratio>0.83</NS0:ratio>
  </rdf:Description>
  <rdf:Description rdf:about='#A115187'>
    <rdf:type rdf:resource='http://www.daml.org/2001/12/factbook/factbook-ont#Port'/>
    <NS0:name>Charlotte Amalie</NS0:name>
  </rdf:Description>
  <rdf:Description rdf:about='#A115139'>
    <NS0:year>1999</NS0:year>
  </rdf:Description>
  <rdf:Description rdf:about='#A114993'>
    <rdf:type rdf:resource='http://www.daml.org/2001/12/factbook/factbook-ont#SexRatioBreakdown'/>
    <NS0:minAge>0</NS0:minAge>
    <NS0:maxAge>14</NS0:maxAge>
    <NS0:ratio>1.06</NS0:ratio>
  </rdf:Description>
  <rdf:Description rdf:about='#A115093'>
    <rdf:type rdf:resource='http://www.daml.org/2001/12/factbook/factbook-ont#Estimate'/>
    <NS0:year>2000</NS0:year>
  </rdf:Description>
  <rdf:Description rdf:about='#A114987'>
    <rdf:type rdf:resource='http://www.daml.org/2001/12/factbook/factbook-ont#SexRatioBreakdown'/>
    <NS0:minAge>0</NS0:minAge>
    <NS0:maxAge>0</NS0:maxAge>
    <NS0:ratio>1.06</NS0:ratio>
  </rdf:Description>
  <rdf:Description rdf:about='#A115078'>
    <rdf:type rdf:resource='http://www.daml.org/2001/12/factbook/factbook-ont#CapitalCity'/>
    <NS0:name>Charlotte Amalie</NS0:name>
  </rdf:Description>
  <rdf:Description rdf:about='#A115179'>
    <NS0:year>1997</NS0:year>
  </rdf:Description>
  <rdf:Description rdf:about='#A115177'>
    <NS0:year>1997</NS0:year>
  </rdf:Description>
  <rdf:Description rdf:about='#A115068'>
    <rdf:type rdf:resource='http://www.daml.org/2001/12/factbook/factbook-ont#LanguagePercent'/>
    <NS0:language rdf:resource='http://www.daml.org/2001/12/factbook/languages#Creole'/>
  </rdf:Description>
  <rdf:Description rdf:about='#A115133'>
    <NS0:year>1999</NS0:year>
  </rdf:Description>
  <rdf:Description rdf:about='#A115135'>
    <NS0:year>1999</NS0:year>
  </rdf:Description>
  <rdf:Description rdf:about='#A115161'>
    <rdf:type rdf:resource='http://www.daml.org/2001/12/factbook/factbook-ont#CommodityPercent'/>
    <NS0:importsCommodity rdf:resource='http://www.daml.org/2001/12/factbook/commodities#building_materials'/>
  </rdf:Description>
  <rdf:Description rdf:about='#A115064'>
    <rdf:type rdf:resource='http://www.daml.org/2001/12/factbook/factbook-ont#LanguagePercent'/>
    <NS0:language rdf:resource='http://www.daml.org/2001/12/factbook/languages#Spanish'/>
  </rdf:Description>
  <rdf:Description rdf:about='#A114978'>
    <rdf:type rdf:resource='http://www.daml.org/2001/12/factbook/factbook-ont#Estimate'/>
    <NS0:year>2001</NS0:year>
  </rdf:Description>
  <rdf:Description rdf:about='#A115157'>
    <rdf:type rdf:resource='http://www.daml.org/2001/12/factbook/factbook-ont#CommodityPercent'/>
    <NS0:importsCommodity rdf:resource='http://www.daml.org/2001/12/factbook/commodities#consumer_goods'/>
  </rdf:Description>
  <rdf:Description rdf:about='#A114975'>
    <rdf:type rdf:resource='http://www.daml.org/2001/12/factbook/factbook-ont#Estimate'/>
    <NS0:year>2001</NS0:year>
  </rdf:Description>
  <rdf:Description rdf:about='#A115116'>
    <NS0:note>March 1999</NS0:note>
  </rdf:Description>
  <rdf:Description rdf:about='#A115059'>
    <rdf:type rdf:resource='http://www.daml.org/2001/12/factbook/factbook-ont#LanguagePercent'/>
    <NS0:language rdf:resource='http://www.daml.org/2001/12/factbook/languages#English'/>
  </rdf:Description>
  <rdf:Description rdf:about='#A115153'>
    <rdf:type rdf:resource='http://www.daml.org/2001/12/factbook/factbook-ont#CommodityPercent'/>
    <NS0:importsCommodity rdf:resource='http://www.daml.org/2001/12/factbook/commodities#foodstuffs'/>
  </rdf:Description>
  <rdf:Description rdf:about='#A115149'>
    <rdf:type rdf:resource='http://www.daml.org/2001/12/factbook/factbook-ont#CommodityPercent'/>
    <NS0:importsCommodity rdf:resource='http://www.daml.org/2001/12/factbook/commodities#crude_oil'/>
  </rdf:Description>
  <rdf:Description rdf:about='#A115054'>
    <rdf:type rdf:resource='http://www.daml.org/2001/12/factbook/factbook-ont#ReligionPercent'/>
    <NS0:religion rdf:resource='http://www.daml.org/2001/12/factbook/religions#other'/>
    <NS0:percent>7</NS0:percent>
  </rdf:Description>
  <rdf:Description rdf:about='#A115013'>
    <rdf:type rdf:resource='http://www.daml.org/2001/12/factbook/factbook-ont#Estimate'/>
    <NS0:year>2001</NS0:year>
  </rdf:Description>
  <rdf:Description rdf:about='#A115113'>
    <rdf:type rdf:resource='http://www.daml.org/2001/12/factbook/factbook-ont#Estimate'/>
    <NS0:year>1990</NS0:year>
  </rdf:Description>
  <rdf:Description rdf:about='#A115090'>
    <rdf:type rdf:resource='http://www.daml.org/2001/12/factbook/factbook-ont#Estimate'/>
    <NS0:year>2000</NS0:year>
  </rdf:Description>
  <rdf:Description rdf:about='#A115145'>
    <rdf:type rdf:resource='http://www.daml.org/2001/12/factbook/factbook-ont#CommodityPercent'/>
    <NS0:exportsCommodity rdf:resource='http://www.daml.org/2001/12/factbook/commodities#refined_petroleum_products'/>
  </rdf:Description>
  <rdf:Description rdf:about='#A115049'>
    <rdf:type rdf:resource='http://www.daml.org/2001/12/factbook/factbook-ont#ReligionPercent'/>
    <NS0:religion rdf:resource='http://www.daml.org/2001/12/factbook/religions#Episcopalian'/>
    <NS0:percent>17</NS0:percent>
  </rdf:Description>
  <rdf:Description rdf:about='#A131578'>
    <rdf:type rdf:resource='http://www.daml.org/2001/12/factbook/factbook-ont#CountryPercent'/>
    <NS0:country rdf:resource='http://www.daml.org/2001/09/countries/fips#RQ'/>
  </rdf:Description>
  <rdf:Description rdf:about='#A114952'>
    <rdf:type rdf:resource='http://www.daml.org/2001/12/factbook/factbook-ont#ElevationExtreme'/>
    <NS0:name>Crown Mountain</NS0:name>
    <NS0:elevation>474</NS0:elevation>
  </rdf:Description>
</rdf:RDF>
