<?xml version='1.0' encoding='ISO-8859-1'?>
<rdf:RDF
  xmlns:rdf='http://www.w3.org/1999/02/22-rdf-syntax-ns#'
  xmlns:NS0='http://www.daml.org/2001/12/factbook/factbook-ont#'
  xmlns:rdfs='http://www.w3.org/2000/01/rdf-schema#'
  xml:base="http://www.daml.org/2001/12/factbook/wz">
  <rdf:Description rdf:about='#A117273'>
    <rdf:type rdf:resource='http://www.daml.org/2001/12/factbook/factbook-ont#CommodityPercent'/>
    <NS0:exportsCommodity rdf:resource='http://www.daml.org/2001/12/factbook/commodities#sugar'/>
  </rdf:Description>
  <rdf:Description rdf:about='#A129875'>
    <rdf:type rdf:resource='http://www.daml.org/2001/12/factbook/factbook-ont#CountryPercent'/>
    <NS0:country rdf:resource='http://www.daml.org/2001/09/countries/fips#SF'/>
    <NS0:percent>84</NS0:percent>
  </rdf:Description>
  <rdf:Description rdf:about='#A117269'>
    <rdf:type rdf:resource='http://www.daml.org/2001/12/factbook/factbook-ont#CommodityPercent'/>
    <NS0:exportsCommodity rdf:resource='http://www.daml.org/2001/12/factbook/commodities#soft_drink_concentrates'/>
  </rdf:Description>
  <rdf:Description rdf:about='#A117336'>
    <NS0:year>2000</NS0:year>
  </rdf:Description>
  <rdf:Description rdf:about='#A117074'>
    <rdf:type rdf:resource='http://www.daml.org/2001/12/factbook/factbook-ont#SexRatioBreakdown'/>
    <NS0:ratio>0.95</NS0:ratio>
  </rdf:Description>
  <rdf:Description rdf:about='#A129869'>
    <rdf:type rdf:resource='http://www.daml.org/2001/12/factbook/factbook-ont#CountryPercent'/>
    <NS0:country rdf:resource='http://www.daml.org/2001/09/countries/fips#US'/>
    <NS0:percent>5</NS0:percent>
  </rdf:Description>
  <rdf:Description rdf:about='#A117140'>
    <NS0:note>note - Lobamba is the royal and legislative capital</NS0:note>
  </rdf:Description>
  <rdf:Description rdf:about='#A117069'>
    <rdf:type rdf:resource='http://www.daml.org/2001/12/factbook/factbook-ont#SexRatioBreakdown'/>
    <NS0:minAge>65</NS0:minAge>
    <NS0:ratio>0.69</NS0:ratio>
  </rdf:Description>
  <rdf:Description rdf:about='#A129864'>
    <rdf:type rdf:resource='http://www.daml.org/2001/12/factbook/factbook-ont#CountryPercent'/>
    <NS0:country rdf:resource='http://www.daml.org/2001/09/countries/fips#MZ'/>
    <NS0:percent>11</NS0:percent>
  </rdf:Description>
  <rdf:Description rdf:about='#A116992'>
    <NS0:note>landlocked</NS0:note>
  </rdf:Description>
  <rdf:Description rdf:about='#A129889'>
    <NS0:note>1998</NS0:note>
  </rdf:Description>
  <rdf:Description rdf:about='#A117063'>
    <rdf:type rdf:resource='http://www.daml.org/2001/12/factbook/factbook-ont#SexRatioBreakdown'/>
    <NS0:minAge>15</NS0:minAge>
    <NS0:maxAge>64</NS0:maxAge>
    <NS0:ratio>0.93</NS0:ratio>
  </rdf:Description>
  <rdf:Description rdf:about='#A129859'>
    <rdf:type rdf:resource='http://www.daml.org/2001/12/factbook/factbook-ont#CountryPercent'/>
    <NS0:country rdf:resource='http://www.daml.org/2001/09/countries/fips#SF'/>
    <NS0:percent>65</NS0:percent>
  </rdf:Description>
  <rdf:Description rdf:about='#A117353'>
    <rdf:type rdf:resource='http://www.daml.org/2001/12/factbook/factbook-ont#Estimate'/>
    <NS0:year>2000</NS0:year>
  </rdf:Description>
  <rdf:Description rdf:about='#A117057'>
    <rdf:type rdf:resource='http://www.daml.org/2001/12/factbook/factbook-ont#SexRatioBreakdown'/>
    <NS0:minAge>0</NS0:minAge>
    <NS0:maxAge>14</NS0:maxAge>
    <NS0:ratio>0.99</NS0:ratio>
  </rdf:Description>
  <rdf:Description rdf:about='#A129854'>
    <rdf:type rdf:resource='http://www.daml.org/2001/12/factbook/factbook-ont#Border'/>
    <NS0:country rdf:resource='http://www.daml.org/2001/09/countries/fips#SF'/>
    <NS0:distance>430</NS0:distance>
  </rdf:Description>
  <rdf:Description rdf:about='#A117235'>
    <NS0:note>FY96/97</NS0:note>
  </rdf:Description>
  <rdf:Description rdf:about='#A117338'>
    <NS0:year>1997</NS0:year>
  </rdf:Description>
  <rdf:Description rdf:about='#A129849'>
    <rdf:type rdf:resource='http://www.daml.org/2001/12/factbook/factbook-ont#Border'/>
    <NS0:country rdf:resource='http://www.daml.org/2001/09/countries/fips#MZ'/>
    <NS0:distance>105</NS0:distance>
  </rdf:Description>
  <rdf:Description rdf:about='#A117051'>
    <rdf:type rdf:resource='http://www.daml.org/2001/12/factbook/factbook-ont#SexRatioBreakdown'/>
    <NS0:minAge>0</NS0:minAge>
    <NS0:maxAge>0</NS0:maxAge>
    <NS0:ratio>1.03</NS0:ratio>
  </rdf:Description>
  <rdf:Description rdf:about='#A117042'>
    <rdf:type rdf:resource='http://www.daml.org/2001/12/factbook/factbook-ont#Estimate'/>
    <NS0:year>2001</NS0:year>
  </rdf:Description>
  <rdf:Description rdf:about='#A117252'>
    <NS0:year>1999</NS0:year>
  </rdf:Description>
  <rdf:Description rdf:about='#A117121'>
    <NS0:note>official, government business conducted in English</NS0:note>
  </rdf:Description>
  <rdf:Description rdf:about='#A117225'>
    <rdf:type rdf:resource='http://www.daml.org/2001/12/factbook/factbook-ont#OccupationPercent'/>
    <NS0:occupation rdf:resource='http://www.daml.org/2001/12/factbook/occupations#public_sector'/>
    <NS0:percent>30</NS0:percent>
  </rdf:Description>
  <rdf:Description rdf:about='#A117220'>
    <rdf:type rdf:resource='http://www.daml.org/2001/12/factbook/factbook-ont#OccupationPercent'/>
    <NS0:occupation rdf:resource='http://www.daml.org/2001/12/factbook/occupations#private_sector'/>
    <NS0:percent>70</NS0:percent>
  </rdf:Description>
  <rdf:Description rdf:about='#A117131'>
    <rdf:type rdf:resource='http://www.daml.org/2001/12/factbook/factbook-ont#Estimate'/>
    <NS0:year>1995</NS0:year>
  </rdf:Description>
  <rdf:Description rdf:about='#A117048'>
    <rdf:type rdf:resource='http://www.daml.org/2001/12/factbook/factbook-ont#Estimate'/>
    <NS0:year>2001</NS0:year>
  </rdf:Description>
  <rdf:Description rdf:about='#A117293'>
    <NS0:note>f.o.b., 2000</NS0:note>
  </rdf:Description>
  <rdf:Description rdf:about='#A117203'>
    <rdf:type rdf:resource='http://www.daml.org/2001/12/factbook/factbook-ont#Estimate'/>
    <NS0:year>2000</NS0:year>
  </rdf:Description>
  <rdf:Description rdf:about='#A117248'>
    <NS0:year>1999</NS0:year>
  </rdf:Description>
  <rdf:Description rdf:about='#A117206'>
    <rdf:type rdf:resource='http://www.daml.org/2001/12/factbook/factbook-ont#Estimate'/>
    <NS0:year>2000</NS0:year>
  </rdf:Description>
  <rdf:Description rdf:about='#A117250'>
    <NS0:year>1999</NS0:year>
  </rdf:Description>
  <rdf:Description rdf:about='#A117376'>
    <rdf:type rdf:resource='http://www.daml.org/2001/12/factbook/factbook-ont#Estimate'/>
    <NS0:year>2001</NS0:year>
  </rdf:Description>
  <rdf:Description rdf:about='#A117126'>
    <NS0:note>official</NS0:note>
  </rdf:Description>
  <rdf:Description rdf:about='#A117001'>
    <rdf:type rdf:resource='http://www.daml.org/2001/12/factbook/factbook-ont#ElevationExtreme'/>
    <NS0:name>Emlembe</NS0:name>
    <NS0:elevation>1862</NS0:elevation>
  </rdf:Description>
  <rdf:Description rdf:about='#A117379'>
    <rdf:type rdf:resource='http://www.daml.org/2001/12/factbook/factbook-ont#Estimate'/>
    <NS0:year>2001</NS0:year>
  </rdf:Description>
  <rdf:Description rdf:about='#A116996'>
    <rdf:type rdf:resource='http://www.daml.org/2001/12/factbook/factbook-ont#ElevationExtreme'/>
    <NS0:name>Great Usutu River</NS0:name>
    <NS0:elevation>21</NS0:elevation>
  </rdf:Description>
  <rdf:Description rdf:about='#A117327'>
    <NS0:year>2000</NS0:year>
  </rdf:Description>
  <rdf:Description rdf:about='#A117214'>
    <rdf:type rdf:resource='http://www.daml.org/2001/12/factbook/factbook-ont#Estimate'/>
    <NS0:year>1998</NS0:year>
  </rdf:Description>
  <rdf:Description rdf:about='#A117382'>
    <NS0:note>FY00/01</NS0:note>
  </rdf:Description>
  <rdf:Description rdf:about='#A117370'>
    <rdf:type rdf:resource='http://www.daml.org/2001/12/factbook/factbook-ont#AirportBreakdown'/>
    <NS0:paved>false</NS0:paved>
    <NS0:maxRunway>913</NS0:maxRunway>
    <NS0:count>10 (2000 est.)</NS0:count>
  </rdf:Description>
  <rdf:Description rdf:about='#District'>
    <rdf:type rdf:resource='http://www.w3.org/2000/01/rdf-schema#Class'/>
    <rdfs:subClassOf rdf:resource='http://www.daml.org/2001/12/factbook/factbook-ont#AdministrativeDivision'/>
    <rdfs:label>District</rdfs:label>
  </rdf:Description>
  <rdf:Description rdf:about='#A117343'>
    <NS0:year>2000</NS0:year>
  </rdf:Description>
  <rdf:Description rdf:about='#A116981'>
    <rdf:type rdf:resource='http://www.daml.org/2001/12/factbook/factbook-ont#LatLon'/>
    <NS0:latitude>-26.5</NS0:latitude>
    <NS0:longitude>31.5</NS0:longitude>
  </rdf:Description>
  <rdf:Description rdf:about='#A117363'>
    <rdf:type rdf:resource='http://www.daml.org/2001/12/factbook/factbook-ont#AirportBreakdown'/>
    <NS0:paved>false</NS0:paved>
    <NS0:minRunway>914</NS0:minRunway>
    <NS0:maxRunway>1523</NS0:maxRunway>
    <NS0:count>7</NS0:count>
  </rdf:Description>
  <rdf:Description rdf:about='#A117329'>
    <NS0:year>2000</NS0:year>
  </rdf:Description>
  <rdf:Description rdf:about='#A117230'>
    <rdf:type rdf:resource='http://www.daml.org/2001/12/factbook/factbook-ont#Estimate'/>
    <NS0:year>1995</NS0:year>
  </rdf:Description>
  <rdf:Description rdf:about='#A117319'>
    <rdf:type rdf:resource='http://www.daml.org/2001/12/factbook/factbook-ont#Estimate'/>
    <NS0:year>2000</NS0:year>
  </rdf:Description>
  <rdf:Description rdf:about='#A117356'>
    <rdf:type rdf:resource='http://www.daml.org/2001/12/factbook/factbook-ont#AirportBreakdown'/>
    <NS0:paved>true</NS0:paved>
    <NS0:minRunway>2438</NS0:minRunway>
    <NS0:maxRunway>3047</NS0:maxRunway>
    <NS0:count>1 (2000 est.)</NS0:count>
  </rdf:Description>
  <rdf:Description rdf:about='#A117045'>
    <rdf:type rdf:resource='http://www.daml.org/2001/12/factbook/factbook-ont#Estimate'/>
    <NS0:year>2001</NS0:year>
  </rdf:Description>
  <rdf:Description rdf:about='#A117039'>
    <rdf:type rdf:resource='http://www.daml.org/2001/12/factbook/factbook-ont#Estimate'/>
    <NS0:year>2001</NS0:year>
  </rdf:Description>
  <rdf:Description rdf:about='#A117349'>
    <rdf:type rdf:resource='http://www.daml.org/2001/12/factbook/factbook-ont#Port'/>
    <NS0:name>none</NS0:name>
  </rdf:Description>
  <rdf:Description rdf:about='#A117157'>
    <rdf:type rdf:resource='#District'/>
    <NS0:name>Shiselweni</NS0:name>
  </rdf:Description>
  <rdf:Description rdf:about='#A117080'>
    <rdf:type rdf:resource='http://www.daml.org/2001/12/factbook/factbook-ont#Estimate'/>
    <NS0:year>2001</NS0:year>
  </rdf:Description>
  <rdf:Description rdf:about='#A117153'>
    <rdf:type rdf:resource='#District'/>
    <NS0:name>Manzini</NS0:name>
  </rdf:Description>
  <rdf:Description rdf:about='#A117334'>
    <NS0:year>1997</NS0:year>
  </rdf:Description>
  <rdf:Description rdf:about='#A117241'>
    <NS0:note>FY95/96</NS0:note>
  </rdf:Description>
  <rdf:Description rdf:about='#A117149'>
    <rdf:type rdf:resource='#District'/>
    <NS0:name>Lubombo</NS0:name>
  </rdf:Description>
  <rdf:Description rdf:about='#A117022'>
    <rdf:type rdf:resource='http://www.daml.org/2001/12/factbook/factbook-ont#Estimate'/>
    <NS0:year>1993</NS0:year>
  </rdf:Description>
  <rdf:Description rdf:about='#A117083'>
    <rdf:type rdf:resource='http://www.daml.org/2001/12/factbook/factbook-ont#Estimate'/>
    <NS0:year>2001</NS0:year>
  </rdf:Description>
  <rdf:Description rdf:about='#A117145'>
    <rdf:type rdf:resource='#District'/>
    <NS0:name>Hhohho</NS0:name>
  </rdf:Description>
  <rdf:Description rdf:about='#A117137'>
    <rdf:type rdf:resource='http://www.daml.org/2001/12/factbook/factbook-ont#CapitalCity'/>
    <NS0:name>Mbabane</NS0:name>
  </rdf:Description>
  <rdf:Description rdf:about='#A117267'>
    <NS0:note>f.o.b., 2000</NS0:note>
  </rdf:Description>
  <rdf:Description rdf:about='#A117341'>
    <NS0:year>2000</NS0:year>
  </rdf:Description>
  <rdf:Description rdf:about='#A117315'>
    <rdf:type rdf:resource='http://www.daml.org/2001/12/factbook/factbook-ont#CommodityPercent'/>
    <NS0:importsCommodity rdf:resource='http://www.daml.org/2001/12/factbook/commodities#chemicals'/>
  </rdf:Description>
  <rdf:Description rdf:about='#A117322'>
    <NS0:year>1995</NS0:year>
  </rdf:Description>
  <rdf:Description rdf:about='#A117384'>
    <NS0:note>FY00/01</NS0:note>
  </rdf:Description>
  <rdf:Description rdf:about='#A117123'>
    <rdf:type rdf:resource='http://www.daml.org/2001/12/factbook/factbook-ont#LanguagePercent'/>
    <NS0:language rdf:resource='http://www.daml.org/2001/12/factbook/languages#siSwati'/>
  </rdf:Description>
  <rdf:Description rdf:about='#A117311'>
    <rdf:type rdf:resource='http://www.daml.org/2001/12/factbook/factbook-ont#CommodityPercent'/>
    <NS0:importsCommodity rdf:resource='http://www.daml.org/2001/12/factbook/commodities#petroleum_products'/>
  </rdf:Description>
  <rdf:Description rdf:about='#A117118'>
    <rdf:type rdf:resource='http://www.daml.org/2001/12/factbook/factbook-ont#LanguagePercent'/>
    <NS0:language rdf:resource='http://www.daml.org/2001/12/factbook/languages#English'/>
  </rdf:Description>
  <rdf:Description rdf:about='#A117077'>
    <rdf:type rdf:resource='http://www.daml.org/2001/12/factbook/factbook-ont#Estimate'/>
    <NS0:year>2001</NS0:year>
  </rdf:Description>
  <rdf:Description rdf:about='#A117307'>
    <rdf:type rdf:resource='http://www.daml.org/2001/12/factbook/factbook-ont#CommodityPercent'/>
    <NS0:importsCommodity rdf:resource='http://www.daml.org/2001/12/factbook/commodities#foodstuffs'/>
  </rdf:Description>
  <rdf:Description rdf:about='#A117113'>
    <rdf:type rdf:resource='http://www.daml.org/2001/12/factbook/factbook-ont#ReligionPercent'/>
    <NS0:religion rdf:resource='http://www.daml.org/2001/12/factbook/religions#indigenous_beliefs'/>
    <NS0:percent>30</NS0:percent>
  </rdf:Description>
  <rdf:Description rdf:about='#A117303'>
    <rdf:type rdf:resource='http://www.daml.org/2001/12/factbook/factbook-ont#CommodityPercent'/>
    <NS0:importsCommodity rdf:resource='http://www.daml.org/2001/12/factbook/commodities#transport_equipment'/>
  </rdf:Description>
  <rdf:Description rdf:about='#A117108'>
    <rdf:type rdf:resource='http://www.daml.org/2001/12/factbook/factbook-ont#ReligionPercent'/>
    <NS0:religion rdf:resource='http://www.daml.org/2001/12/factbook/religions#Roman_Catholic'/>
    <NS0:percent>5</NS0:percent>
  </rdf:Description>
  <rdf:Description rdf:about='#A117299'>
    <rdf:type rdf:resource='http://www.daml.org/2001/12/factbook/factbook-ont#CommodityPercent'/>
    <NS0:importsCommodity rdf:resource='http://www.daml.org/2001/12/factbook/commodities#machinery'/>
  </rdf:Description>
  <rdf:Description rdf:about='#A117295'>
    <rdf:type rdf:resource='http://www.daml.org/2001/12/factbook/factbook-ont#CommodityPercent'/>
    <NS0:importsCommodity rdf:resource='http://www.daml.org/2001/12/factbook/commodities#motor_vehicles'/>
  </rdf:Description>
  <rdf:Description rdf:about='#A117103'>
    <rdf:type rdf:resource='http://www.daml.org/2001/12/factbook/factbook-ont#ReligionPercent'/>
    <NS0:religion rdf:resource='http://www.daml.org/2001/12/factbook/religions#Muslim'/>
    <NS0:percent>10</NS0:percent>
  </rdf:Description>
  <rdf:Description rdf:about='#A117217'>
    <rdf:type rdf:resource='http://www.daml.org/2001/12/factbook/factbook-ont#Estimate'/>
    <NS0:year>2000</NS0:year>
  </rdf:Description>
  <rdf:Description rdf:about='#A117289'>
    <rdf:type rdf:resource='http://www.daml.org/2001/12/factbook/factbook-ont#CommodityPercent'/>
    <NS0:exportsCommodity rdf:resource='http://www.daml.org/2001/12/factbook/commodities#citrus_and_canned_fruit'/>
  </rdf:Description>
  <rdf:Description rdf:about='#A117098'>
    <rdf:type rdf:resource='http://www.daml.org/2001/12/factbook/factbook-ont#ReligionPercent'/>
    <NS0:religion rdf:resource='http://www.daml.org/2001/12/factbook/religions#Protestant'/>
    <NS0:percent>55</NS0:percent>
  </rdf:Description>
  <rdf:Description rdf:about='#A117019'>
    <rdf:type rdf:resource='http://www.daml.org/2001/12/factbook/factbook-ont#Estimate'/>
    <NS0:year>1993</NS0:year>
  </rdf:Description>
  <rdf:Description rdf:about='#A117209'>
    <rdf:type rdf:resource='http://www.daml.org/2001/12/factbook/factbook-ont#Estimate'/>
    <NS0:year>2000</NS0:year>
  </rdf:Description>
  <rdf:Description rdf:about='#A117285'>
    <rdf:type rdf:resource='http://www.daml.org/2001/12/factbook/factbook-ont#CommodityPercent'/>
    <NS0:exportsCommodity rdf:resource='http://www.daml.org/2001/12/factbook/commodities#refrigerators'/>
  </rdf:Description>
  <rdf:Description rdf:about='#A129873'>
    <NS0:note>1998</NS0:note>
  </rdf:Description>
  <rdf:Description rdf:about='#A117093'>
    <rdf:type rdf:resource='http://www.daml.org/2001/12/factbook/factbook-ont#EthnicGroupPercent'/>
    <NS0:ethnicGroup rdf:resource='http://www.daml.org/2001/12/factbook/ethnicGroups#European'/>
    <NS0:percent>3</NS0:percent>
  </rdf:Description>
  <rdf:Description rdf:about='#A117347'>
    <NS0:year>1997</NS0:year>
  </rdf:Description>
  <rdf:Description rdf:about='http://www.daml.org/2001/09/countries/fips#WZ'>
    <NS0:background>Autonomy for the Swazis of southern Africa was guaranteed by the British in the late 19th century; independence was granted 1968. Student and labor unrest during the 1990s have pressured the monarchy (one of the oldest on the continent) to grudgingly allow political reform and greater democracy.</NS0:background>
    <NS0:location>Southern Africa, between Mozambique and South Africa</NS0:location>
    <NS0:geographicCoordinates rdf:resource='#A116981'/>
    <NS0:mapReferences>Africa</NS0:mapReferences>
    <NS0:totalArea>17363</NS0:totalArea>
    <NS0:landArea>17203</NS0:landArea>
    <NS0:waterArea>160</NS0:waterArea>
    <NS0:comparativeArea>slightly smaller than New Jersey</NS0:comparativeArea>
    <NS0:landBoundaries>535</NS0:landBoundaries>
    <NS0:coastline rdf:ID='A116992'>0</NS0:coastline>
    <NS0:climate>varies from tropical to near temperate</NS0:climate>
    <NS0:terrain>mostly mountains and hills; some moderately sloping plains</NS0:terrain>
    <NS0:lowestPoint rdf:resource='#A116996'/>
    <NS0:highestPoint rdf:resource='#A117001'/>
    <NS0:naturalResource rdf:resource='http://www.daml.org/2001/12/factbook/naturalResources#asbestos'/>
    <NS0:naturalResource rdf:resource='http://www.daml.org/2001/12/factbook/naturalResources#coal'/>
    <NS0:naturalResource rdf:resource='http://www.daml.org/2001/12/factbook/naturalResources#clay'/>
    <NS0:naturalResource rdf:resource='http://www.daml.org/2001/12/factbook/naturalResources#cassiterite'/>
    <NS0:naturalResource rdf:resource='http://www.daml.org/2001/12/factbook/naturalResources#hydropower'/>
    <NS0:naturalResource rdf:resource='http://www.daml.org/2001/12/factbook/naturalResources#forests'/>
    <NS0:naturalResource rdf:resource='http://www.daml.org/2001/12/factbook/naturalResources#small_gold_and_diamond_deposits'/>
    <NS0:naturalResource rdf:resource='http://www.daml.org/2001/12/factbook/naturalResources#quarry_stone'/>
    <NS0:naturalResource rdf:resource='http://www.daml.org/2001/12/factbook/naturalResources#and_talc'/>
    <NS0:arableLand>11</NS0:arableLand>
    <NS0:permanentCrops>0</NS0:permanentCrops>
    <NS0:permanentPastures>62</NS0:permanentPastures>
    <NS0:forestsAndWoodland>7</NS0:forestsAndWoodland>
    <NS0:otherLandUse rdf:ID='A117019'>20</NS0:otherLandUse>
    <NS0:irrigatedLand rdf:ID='A117022'>670</NS0:irrigatedLand>
    <NS0:naturalHazard>NA</NS0:naturalHazard>
    <NS0:environmentalIssue>limited supplies of potable water</NS0:environmentalIssue>
    <NS0:environmentalIssue>wildlife populations being depleted because of excessive hunting</NS0:environmentalIssue>
    <NS0:environmentalIssue>overgrazing</NS0:environmentalIssue>
    <NS0:environmentalIssue>soil degradation</NS0:environmentalIssue>
    <NS0:environmentalIssue>soil erosion</NS0:environmentalIssue>
    <NS0:environmentalAgreementPartyTo rdf:resource='http://www.daml.org/2001/12/factbook/environmentalAgreements#Biodiversity'/>
    <NS0:environmentalAgreementPartyTo rdf:resource='http://www.daml.org/2001/12/factbook/environmentalAgreements#Climate_Change'/>
    <NS0:environmentalAgreementPartyTo rdf:resource='http://www.daml.org/2001/12/factbook/environmentalAgreements#Endangered_Species'/>
    <NS0:environmentalAgreementPartyTo rdf:resource='http://www.daml.org/2001/12/factbook/environmentalAgreements#Nuclear_Test_Ban'/>
    <NS0:environmentalAgreementPartyTo rdf:resource='http://www.daml.org/2001/12/factbook/environmentalAgreements#Ozone_Layer_Protection'/>
    <NS0:environmentalAgreementSigned rdf:resource='http://www.daml.org/2001/12/factbook/environmentalAgreements#Desertification'/>
    <NS0:environmentalAgreementSigned rdf:resource='http://www.daml.org/2001/12/factbook/environmentalAgreements#Law_of_the_Sea'/>
    <NS0:population>1104343</NS0:population>
    <NS0:populationGrowthRate rdf:ID='A117039'>1.83</NS0:populationGrowthRate>
    <NS0:birthRate rdf:ID='A117042'>40.12</NS0:birthRate>
    <NS0:deathRate rdf:ID='A117045'>21.84</NS0:deathRate>
    <NS0:netMigrationRate rdf:ID='A117048'>0</NS0:netMigrationRate>
    <NS0:sexRatio rdf:resource='#A117051'/>
    <NS0:sexRatio rdf:resource='#A117057'/>
    <NS0:sexRatio rdf:resource='#A117063'/>
    <NS0:sexRatio rdf:resource='#A117069'/>
    <NS0:sexRatio rdf:ID='A117077' rdf:resource='#A117074'/>
    <NS0:infantMortalityRate rdf:ID='A117080'>109.19</NS0:infantMortalityRate>
    <NS0:totalFertilityRate rdf:ID='A117083'>5.82</NS0:totalFertilityRate>
    <NS0:nationalityNoun>Swazi(s)</NS0:nationalityNoun>
    <NS0:nationalityAdjective>Swazi</NS0:nationalityAdjective>
    <NS0:ethnicGroup rdf:resource='#A117088'/>
    <NS0:ethnicGroup rdf:resource='#A117093'/>
    <NS0:religion rdf:resource='#A117098'/>
    <NS0:religion rdf:resource='#A117103'/>
    <NS0:religion rdf:resource='#A117108'/>
    <NS0:religion rdf:resource='#A117113'/>
    <NS0:language rdf:ID='A117121' rdf:resource='#A117118'/>
    <NS0:language rdf:ID='A117126' rdf:resource='#A117123'/>
    <NS0:literacyDefinition>age 15 and over can read and write</NS0:literacyDefinition>
    <NS0:literacyTotal>76.7</NS0:literacyTotal>
    <NS0:literacyMale>78</NS0:literacyMale>
    <NS0:literacyFemale rdf:ID='A117131'>75.6</NS0:literacyFemale>
    <NS0:conventionalLongCountryName>Kingdom of Swaziland</NS0:conventionalLongCountryName>
    <NS0:conventionalShortCountryName>Swaziland</NS0:conventionalShortCountryName>
    <NS0:governmentType rdf:resource='http://www.daml.org/2001/12/factbook/governmentTypes#monarchy;_independent_member_of_Commonwealth'/>
    <NS0:capital rdf:ID='A117140' rdf:resource='#A117137'/>
    <NS0:administrativeDivision rdf:resource='#A117145'/>
    <NS0:administrativeDivision rdf:resource='#A117149'/>
    <NS0:administrativeDivision rdf:resource='#A117153'/>
    <NS0:administrativeDivision rdf:resource='#A117157'/>
    <NS0:independence>6 September 1968 (from UK)</NS0:independence>
    <NS0:constitution>none; constitution of 6 September 1968 was suspended 12 April 1973; a new constitution was promulgated 13 October 1978, but was not formally presented to the people; since then a few more outlines for a constitution have been compiled under the Constitutional Review Commission (CRC), but so far none have been accepted</NS0:constitution>
    <NS0:legalSystem>based on South African Roman-Dutch law in statutory courts and Swazi traditional law and custom in traditional courts; has not accepted compulsory ICJ jurisdiction</NS0:legalSystem>
    <NS0:suffrage>18 years of age</NS0:suffrage>
    <NS0:participatesIn rdf:resource='http://www.daml.org/2001/12/factbook/internationalOrganizations#ACP'/>
    <NS0:participatesIn rdf:resource='http://www.daml.org/2001/12/factbook/internationalOrganizations#AfDB'/>
    <NS0:participatesIn rdf:resource='http://www.daml.org/2001/12/factbook/internationalOrganizations#C'/>
    <NS0:participatesIn rdf:resource='http://www.daml.org/2001/12/factbook/internationalOrganizations#CCC'/>
    <NS0:participatesIn rdf:resource='http://www.daml.org/2001/12/factbook/internationalOrganizations#ECA'/>
    <NS0:participatesIn rdf:resource='http://www.daml.org/2001/12/factbook/internationalOrganizations#FAO'/>
    <NS0:participatesIn rdf:resource='http://www.daml.org/2001/12/factbook/internationalOrganizations#G-77'/>
    <NS0:participatesIn rdf:resource='http://www.daml.org/2001/12/factbook/internationalOrganizations#IBRD'/>
    <NS0:participatesIn rdf:resource='http://www.daml.org/2001/12/factbook/internationalOrganizations#ICAO'/>
    <NS0:participatesIn rdf:resource='http://www.daml.org/2001/12/factbook/internationalOrganizations#ICFTU'/>
    <NS0:participatesIn rdf:resource='http://www.daml.org/2001/12/factbook/internationalOrganizations#ICRM'/>
    <NS0:participatesIn rdf:resource='http://www.daml.org/2001/12/factbook/internationalOrganizations#IDA'/>
    <NS0:participatesIn rdf:resource='http://www.daml.org/2001/12/factbook/internationalOrganizations#IFAD'/>
    <NS0:participatesIn rdf:resource='http://www.daml.org/2001/12/factbook/internationalOrganizations#IFC'/>
    <NS0:participatesIn rdf:resource='http://www.daml.org/2001/12/factbook/internationalOrganizations#IFRCS'/>
    <NS0:participatesIn rdf:resource='http://www.daml.org/2001/12/factbook/internationalOrganizations#ILO'/>
    <NS0:participatesIn rdf:resource='http://www.daml.org/2001/12/factbook/internationalOrganizations#IMF'/>
    <NS0:participatesIn rdf:resource='http://www.daml.org/2001/12/factbook/internationalOrganizations#Intelsat'/>
    <NS0:participatesIn rdf:resource='http://www.daml.org/2001/12/factbook/internationalOrganizations#Interpol'/>
    <NS0:participatesIn rdf:resource='http://www.daml.org/2001/12/factbook/internationalOrganizations#IOC'/>
    <NS0:participatesIn rdf:resource='http://www.daml.org/2001/12/factbook/internationalOrganizations#ITU'/>
    <NS0:participatesIn rdf:resource='http://www.daml.org/2001/12/factbook/internationalOrganizations#NAM'/>
    <NS0:participatesIn rdf:resource='http://www.daml.org/2001/12/factbook/internationalOrganizations#OAU'/>
    <NS0:participatesIn rdf:resource='http://www.daml.org/2001/12/factbook/internationalOrganizations#OPCW'/>
    <NS0:participatesIn rdf:resource='http://www.daml.org/2001/12/factbook/internationalOrganizations#SACU'/>
    <NS0:participatesIn rdf:resource='http://www.daml.org/2001/12/factbook/internationalOrganizations#SADC'/>
    <NS0:participatesIn rdf:resource='http://www.daml.org/2001/12/factbook/internationalOrganizations#UN'/>
    <NS0:participatesIn rdf:resource='http://www.daml.org/2001/12/factbook/internationalOrganizations#UNCTAD'/>
    <NS0:participatesIn rdf:resource='http://www.daml.org/2001/12/factbook/internationalOrganizations#UNESCO'/>
    <NS0:participatesIn rdf:resource='http://www.daml.org/2001/12/factbook/internationalOrganizations#UNIDO'/>
    <NS0:participatesIn rdf:resource='http://www.daml.org/2001/12/factbook/internationalOrganizations#UPU'/>
    <NS0:participatesIn rdf:resource='http://www.daml.org/2001/12/factbook/internationalOrganizations#WHO'/>
    <NS0:participatesIn rdf:resource='http://www.daml.org/2001/12/factbook/internationalOrganizations#WIPO'/>
    <NS0:participatesIn rdf:resource='http://www.daml.org/2001/12/factbook/internationalOrganizations#WMO'/>
    <NS0:participatesIn rdf:resource='http://www.daml.org/2001/12/factbook/internationalOrganizations#WToO'/>
    <NS0:participatesIn rdf:resource='http://www.daml.org/2001/12/factbook/internationalOrganizations#WTrO'/>
    <NS0:flagDescription>three horizontal bands of blue (top), red (triple width), and blue; the red band is edged in yellow; centered in the red band is a large black and white shield covering two spears and a staff decorated with feather tassels, all placed horizontally</NS0:flagDescription>
    <NS0:economyOverview>In this small landlocked economy, subsistence agriculture occupies more than 60% of the population. Manufacturing features a number of agroprocessing factories. Mining has declined in importance in recent years: diamond mines have shut down because of the depletion of easily accessible reserves; high-grade iron ore deposits were depleted by 1978; and health concerns have cut world demand for asbestos. Exports of soft drink concentrate, sugar, and wood pulp are the main earners of hard currency. Surrounded by South Africa, except for a short border with Mozambique, Swaziland is heavily dependent on South Africa from which it receives four-fifths of its imports and to which it sends two-thirds of its exports. Remittances from the Southern African Customs Union and Swazi workers in South African mines substantially supplement domestically earned income. The government is trying to improve the atmosphere for foreign investment. Overgrazing, soil depletion, drought, and sometimes floods persist as problems for the future. Prospects for 2001 are strengthened by government millennium projects for a new convention center, additional hotels, an amusement park, a new airport, and stepped-up roadbuilding and factory construction plans.</NS0:economyOverview>
    <NS0:grossDomesticProduct rdf:ID='A117203'>4400000000</NS0:grossDomesticProduct>
    <NS0:grossDomesticProductRealGrowth rdf:ID='A117206'>2.4</NS0:grossDomesticProductRealGrowth>
    <NS0:grossDomesticProductPerCapita rdf:ID='A117209'>4000</NS0:grossDomesticProductPerCapita>
    <NS0:grossDomesticProductAgriculture>10</NS0:grossDomesticProductAgriculture>
    <NS0:grossDomesticProductIndustry>46</NS0:grossDomesticProductIndustry>
    <NS0:grossDomesticProductServices rdf:ID='A117214'>44</NS0:grossDomesticProductServices>
    <NS0:inflationRate rdf:ID='A117217'>6.4</NS0:inflationRate>
    <NS0:occupation rdf:resource='#A117220'/>
    <NS0:occupation rdf:resource='#A117225'/>
    <NS0:unemploymentRate rdf:ID='A117230'>22</NS0:unemploymentRate>
    <NS0:budgetRevenues>400000000</NS0:budgetRevenues>
    <NS0:budgetExpenditures>450000000</NS0:budgetExpenditures>
    <NS0:budgetCapitalExpenditures rdf:ID='A117235'>115000000</NS0:budgetCapitalExpenditures>
    <NS0:industry rdf:resource='http://www.daml.org/2001/12/factbook/industries#mining'/>
    <NS0:industry rdf:resource='http://www.daml.org/2001/12/factbook/industries#wood_pulp'/>
    <NS0:industry rdf:resource='http://www.daml.org/2001/12/factbook/industries#sugar'/>
    <NS0:industry rdf:resource='http://www.daml.org/2001/12/factbook/industries#soft_drink_concentrates'/>
    <NS0:industrialProductionGrowthRate rdf:ID='A117241'>3.7</NS0:industrialProductionGrowthRate>
    <NS0:electricityProduction rdf:ID='A117243'>375000000</NS0:electricityProduction>
    <NS0:electricityProductionFossilFuel>53.33</NS0:electricityProductionFossilFuel>
    <NS0:electricityProductionHydro>46.67</NS0:electricityProductionHydro>
    <NS0:electricityProductionNuclear>0</NS0:electricityProductionNuclear>
    <NS0:electricityProductionOther rdf:ID='A117248'>0</NS0:electricityProductionOther>
    <NS0:electricityConsumption rdf:ID='A117250'>198000000</NS0:electricityConsumption>
    <NS0:electricityExports rdf:ID='A117252'>852000000</NS0:electricityExports>
    <NS0:electricityImports>701000000</NS0:electricityImports>
    <NS0:agricultureProduct rdf:resource='http://www.daml.org/2001/12/factbook/agricultureProducts#sugarcane'/>
    <NS0:agricultureProduct rdf:resource='http://www.daml.org/2001/12/factbook/agricultureProducts#cotton'/>
    <NS0:agricultureProduct rdf:resource='http://www.daml.org/2001/12/factbook/agricultureProducts#corn'/>
    <NS0:agricultureProduct rdf:resource='http://www.daml.org/2001/12/factbook/agricultureProducts#tobacco'/>
    <NS0:agricultureProduct rdf:resource='http://www.daml.org/2001/12/factbook/agricultureProducts#rice'/>
    <NS0:agricultureProduct rdf:resource='http://www.daml.org/2001/12/factbook/agricultureProducts#citrus'/>
    <NS0:agricultureProduct rdf:resource='http://www.daml.org/2001/12/factbook/agricultureProducts#pineapples'/>
    <NS0:agricultureProduct rdf:resource='http://www.daml.org/2001/12/factbook/agricultureProducts#sorghum'/>
    <NS0:agricultureProduct rdf:resource='http://www.daml.org/2001/12/factbook/agricultureProducts#peanuts'/>
    <NS0:agricultureProduct rdf:resource='http://www.daml.org/2001/12/factbook/agricultureProducts#cattle'/>
    <NS0:agricultureProduct rdf:resource='http://www.daml.org/2001/12/factbook/agricultureProducts#goats'/>
    <NS0:agricultureProduct rdf:resource='http://www.daml.org/2001/12/factbook/agricultureProducts#sheep'/>
    <NS0:exports rdf:ID='A117267'>881000000</NS0:exports>
    <NS0:exportsCommodity rdf:resource='#A117269'/>
    <NS0:exportsCommodity rdf:resource='#A117273'/>
    <NS0:exportsCommodity rdf:resource='#A117277'/>
    <NS0:exportsCommodity rdf:resource='#A117281'/>
    <NS0:exportsCommodity rdf:resource='#A117285'/>
    <NS0:exportsCommodity rdf:resource='#A117289'/>
    <NS0:imports rdf:ID='A117293'>928000000</NS0:imports>
    <NS0:importsCommodity rdf:resource='#A117295'/>
    <NS0:importsCommodity rdf:resource='#A117299'/>
    <NS0:importsCommodity rdf:resource='#A117303'/>
    <NS0:importsCommodity rdf:resource='#A117307'/>
    <NS0:importsCommodity rdf:resource='#A117311'/>
    <NS0:importsCommodity rdf:resource='#A117315'/>
    <NS0:externalDebt rdf:ID='A117319'>281000000</NS0:externalDebt>
    <NS0:economicAidRecipient rdf:ID='A117322'>55000000</NS0:economicAidRecipient>
    <NS0:currency>lilangeni (SZL)</NS0:currency>
    <NS0:currencyCode>SZL</NS0:currencyCode>
    <NS0:fiscalYear>1 April - 31 March</NS0:fiscalYear>
    <NS0:mainTelephoneLines rdf:ID='A117327'>33500</NS0:mainTelephoneLines>
    <NS0:mobileTelephoneLines rdf:ID='A117329'>30000</NS0:mobileTelephoneLines>
    <NS0:telephoneSystemGeneralAssessment>not a modern system</NS0:telephoneSystemGeneralAssessment>
    <NS0:telephoneSystemDomestic>system consists of carrier-equipped, open-wire lines and low-capacity, microwave radio relay</NS0:telephoneSystemDomestic>
    <NS0:telephoneSystemInternational>satellite earth station - 1 Intelsat (Atlantic Ocean)</NS0:telephoneSystemInternational>
    <NS0:radios rdf:ID='A117334'>155000</NS0:radios>
    <NS0:televisionBroadcastStations rdf:ID='A117336'>10</NS0:televisionBroadcastStations>
    <NS0:televisions rdf:ID='A117338'>21000</NS0:televisions>
    <NS0:internetCountryCode>.sz</NS0:internetCountryCode>
    <NS0:internetServiceProviders rdf:ID='A117341'>3</NS0:internetServiceProviders>
    <NS0:internetUsers rdf:ID='A117343'>4000</NS0:internetUsers>
    <NS0:highwaysTotal>3000</NS0:highwaysTotal>
    <NS0:highwaysPaved>850</NS0:highwaysPaved>
    <NS0:highwaysUnpaved rdf:ID='A117347'>2150</NS0:highwaysUnpaved>
    <NS0:port rdf:resource='#A117349'/>
    <NS0:airports rdf:ID='A117353'>18</NS0:airports>
    <NS0:airportBreakdown rdf:resource='#A117356'/>
    <NS0:airportBreakdown rdf:resource='#A117363'/>
    <NS0:airportBreakdown rdf:resource='#A117370'/>
    <NS0:malesOfMilitaryAge rdf:ID='A117376'>248084</NS0:malesOfMilitaryAge>
    <NS0:malesFitForMilitaryService rdf:ID='A117379'>143618</NS0:malesFitForMilitaryService>
    <NS0:militaryExpenditures rdf:ID='A117382'>19198000</NS0:militaryExpenditures>
    <NS0:militaryExpendituresPercentGDP rdf:ID='A117384'>4.75</NS0:militaryExpendituresPercentGDP>
    <NS0:internationalDispute>Swaziland has asked South Africa to open negotiations on reincorporating some nearby South African territories that are populated by ethnic Swazis or that were long ago part of the Swazi Kingdom</NS0:internationalDispute>
    <NS0:smallFlag>http://www.cia.gov/cia/publications/factbook/flags/wz-flag.jpg</NS0:smallFlag>
    <NS0:largeFlag>http://www.cia.gov/cia/publications/factbook/flags/wz-lgflag.jpg</NS0:largeFlag>
    <NS0:map>http://www.cia.gov/cia/publications/factbook/maps/wz-map.jpg</NS0:map>
    <NS0:border rdf:resource='#A129849'/>
    <NS0:border rdf:resource='#A129854'/>
    <NS0:exportPartner rdf:resource='#A129859'/>
    <NS0:exportPartner rdf:resource='#A129864'/>
    <NS0:exportPartner rdf:ID='A129873' rdf:resource='#A129869'/>
    <NS0:importPartner rdf:resource='#A129875'/>
    <NS0:importPartner rdf:resource='#A129880'/>
    <NS0:importPartner rdf:ID='A129889' rdf:resource='#A129885'/>
  </rdf:Description>
  <rdf:Description rdf:about='#A117281'>
    <rdf:type rdf:resource='http://www.daml.org/2001/12/factbook/factbook-ont#CommodityPercent'/>
    <NS0:exportsCommodity rdf:resource='http://www.daml.org/2001/12/factbook/commodities#cotton_yarn'/>
  </rdf:Description>
  <rdf:Description rdf:about='#A117243'>
    <NS0:year>1999</NS0:year>
  </rdf:Description>
  <rdf:Description rdf:about='#A129885'>
    <rdf:type rdf:resource='http://www.daml.org/2001/12/factbook/factbook-ont#CountryPercent'/>
    <NS0:country rdf:resource='http://www.daml.org/2001/09/countries/fips#SN'/>
    <NS0:percent>2</NS0:percent>
  </rdf:Description>
  <rdf:Description rdf:about='#A117088'>
    <rdf:type rdf:resource='http://www.daml.org/2001/12/factbook/factbook-ont#EthnicGroupPercent'/>
    <NS0:ethnicGroup rdf:resource='http://www.daml.org/2001/12/factbook/ethnicGroups#African'/>
    <NS0:percent>97</NS0:percent>
  </rdf:Description>
  <rdf:Description rdf:about='#A117277'>
    <rdf:type rdf:resource='http://www.daml.org/2001/12/factbook/factbook-ont#CommodityPercent'/>
    <NS0:exportsCommodity rdf:resource='http://www.daml.org/2001/12/factbook/commodities#wood_pulp'/>
  </rdf:Description>
  <rdf:Description rdf:about='#A129880'>
    <rdf:type rdf:resource='http://www.daml.org/2001/12/factbook/factbook-ont#CountryPercent'/>
    <NS0:country rdf:resource='http://www.daml.org/2001/09/countries/fips#JA'/>
    <NS0:percent>2</NS0:percent>
  </rdf:Description>
</rdf:RDF>
