<?xml version='1.0' encoding='ISO-8859-1'?>
<rdf:RDF
  xmlns:rdf='http://www.w3.org/1999/02/22-rdf-syntax-ns#'
  xmlns:NS0='http://www.daml.org/2001/12/factbook/factbook-ont#'
  xmlns:rdfs='http://www.w3.org/2000/01/rdf-schema#'
  xml:base="http://www.daml.org/2001/12/factbook/ym">
  <rdf:Description rdf:about='#A118009'>
    <rdf:type rdf:resource='http://www.daml.org/2001/12/factbook/factbook-ont#Estimate'/>
    <NS0:year>2001</NS0:year>
  </rdf:Description>
  <rdf:Description rdf:about='#A117652'>
    <rdf:type rdf:resource='http://www.daml.org/2001/12/factbook/factbook-ont#LanguagePercent'/>
    <NS0:language rdf:resource='http://www.daml.org/2001/12/factbook/languages#Arabic'/>
  </rdf:Description>
  <rdf:Description rdf:about='#A117580'>
    <rdf:type rdf:resource='http://www.daml.org/2001/12/factbook/factbook-ont#Estimate'/>
    <NS0:year>2001</NS0:year>
  </rdf:Description>
  <rdf:Description rdf:about='#A117907'>
    <NS0:year>2000</NS0:year>
  </rdf:Description>
  <rdf:Description rdf:about='#A117648'>
    <rdf:type rdf:resource='http://www.daml.org/2001/12/factbook/factbook-ont#ReligionPercent'/>
    <NS0:religion rdf:resource='http://www.daml.org/2001/12/factbook/religions#Hindu'/>
  </rdf:Description>
  <rdf:Description rdf:about='#Governorate'>
    <rdf:type rdf:resource='http://www.w3.org/2000/01/rdf-schema#Class'/>
    <rdfs:subClassOf rdf:resource='http://www.daml.org/2001/12/factbook/factbook-ont#AdministrativeDivision'/>
    <rdfs:label>Governorate</rdfs:label>
  </rdf:Description>
  <rdf:Description rdf:about='#A117644'>
    <rdf:type rdf:resource='http://www.daml.org/2001/12/factbook/factbook-ont#ReligionPercent'/>
    <NS0:religion rdf:resource='http://www.daml.org/2001/12/factbook/religions#Christian'/>
  </rdf:Description>
  <rdf:Description rdf:about='#A117552'>
    <NS0:year>1999</NS0:year>
  </rdf:Description>
  <rdf:Description rdf:about='#A117862'>
    <rdf:type rdf:resource='http://www.daml.org/2001/12/factbook/factbook-ont#Estimate'/>
    <NS0:note>f.o.b., 2000</NS0:note>
  </rdf:Description>
  <rdf:Description rdf:about='#A117640'>
    <rdf:type rdf:resource='http://www.daml.org/2001/12/factbook/factbook-ont#ReligionPercent'/>
    <NS0:religion rdf:resource='http://www.daml.org/2001/12/factbook/religions#small_numbers_of_Jewish'/>
  </rdf:Description>
  <rdf:Description rdf:about='#A117615'>
    <rdf:type rdf:resource='http://www.daml.org/2001/12/factbook/factbook-ont#Estimate'/>
    <NS0:year>2001</NS0:year>
  </rdf:Description>
  <rdf:Description rdf:about='#A117635'>
    <rdf:type rdf:resource='http://www.daml.org/2001/12/factbook/factbook-ont#ReligionPercent'/>
    <NS0:religion rdf:resource='http://www.daml.org/2001/12/factbook/religions#Muslim_including_Shaf_i_and_Zaydi_(Shi_a)'/>
  </rdf:Description>
  <rdf:Description rdf:about='#A117823'>
    <rdf:type rdf:resource='http://www.daml.org/2001/12/factbook/factbook-ont#OccupationPercent'/>
    <NS0:occupation rdf:resource='http://www.daml.org/2001/12/factbook/occupations#commerce_account_for_less_than_one-fourth_of_the_labor_force'/>
  </rdf:Description>
  <rdf:Description rdf:about='#A117631'>
    <rdf:type rdf:resource='http://www.daml.org/2001/12/factbook/factbook-ont#EthnicGroupPercent'/>
    <NS0:ethnicGroup rdf:resource='http://www.daml.org/2001/12/factbook/ethnicGroups#Europeans'/>
  </rdf:Description>
  <rdf:Description rdf:about='#A117819'>
    <rdf:type rdf:resource='http://www.daml.org/2001/12/factbook/factbook-ont#OccupationPercent'/>
    <NS0:occupation rdf:resource='http://www.daml.org/2001/12/factbook/occupations#industry'/>
  </rdf:Description>
  <rdf:Description rdf:about='#A117627'>
    <rdf:type rdf:resource='http://www.daml.org/2001/12/factbook/factbook-ont#EthnicGroupPercent'/>
    <NS0:ethnicGroup rdf:resource='http://www.daml.org/2001/12/factbook/ethnicGroups#South_Asians'/>
  </rdf:Description>
  <rdf:Description rdf:about='#A117574'>
    <rdf:type rdf:resource='http://www.daml.org/2001/12/factbook/factbook-ont#Estimate'/>
    <NS0:year>2001</NS0:year>
  </rdf:Description>
  <rdf:Description rdf:about='#A117888'>
    <NS0:year>2000</NS0:year>
  </rdf:Description>
  <rdf:Description rdf:about='#A117815'>
    <rdf:type rdf:resource='http://www.daml.org/2001/12/factbook/factbook-ont#OccupationPercent'/>
    <NS0:occupation rdf:resource='http://www.daml.org/2001/12/factbook/occupations#construction'/>
  </rdf:Description>
  <rdf:Description rdf:about='#A117623'>
    <rdf:type rdf:resource='http://www.daml.org/2001/12/factbook/factbook-ont#EthnicGroupPercent'/>
    <NS0:ethnicGroup rdf:resource='http://www.daml.org/2001/12/factbook/ethnicGroups#predominantly_Arab;_but_also_Afro-Arab'/>
  </rdf:Description>
  <rdf:Description rdf:about='#A117909'>
    <NS0:year>2000</NS0:year>
  </rdf:Description>
  <rdf:Description rdf:about='#A117811'>
    <rdf:type rdf:resource='http://www.daml.org/2001/12/factbook/factbook-ont#OccupationPercent'/>
    <NS0:occupation rdf:resource='http://www.daml.org/2001/12/factbook/occupations#most_people_are_employed_in_agriculture_and_herding;_services'/>
  </rdf:Description>
  <rdf:Description rdf:about='#A118002'>
    <rdf:type rdf:resource='http://www.daml.org/2001/12/factbook/factbook-ont#AirportBreakdown'/>
    <NS0:paved>false</NS0:paved>
    <NS0:maxRunway>913</NS0:maxRunway>
    <NS0:count>5 (2000 est.)</NS0:count>
  </rdf:Description>
  <rdf:Description rdf:about='#A117995'>
    <rdf:type rdf:resource='http://www.daml.org/2001/12/factbook/factbook-ont#AirportBreakdown'/>
    <NS0:paved>false</NS0:paved>
    <NS0:minRunway>914</NS0:minRunway>
    <NS0:maxRunway>1523</NS0:maxRunway>
    <NS0:count>13</NS0:count>
  </rdf:Description>
  <rdf:Description rdf:about='#A117609'>
    <rdf:type rdf:resource='http://www.daml.org/2001/12/factbook/factbook-ont#SexRatioBreakdown'/>
    <NS0:ratio>1.04</NS0:ratio>
  </rdf:Description>
  <rdf:Description rdf:about='#A117902'>
    <NS0:year>1997</NS0:year>
  </rdf:Description>
  <rdf:Description rdf:about='#A117827'>
    <rdf:type rdf:resource='http://www.daml.org/2001/12/factbook/factbook-ont#Estimate'/>
    <NS0:year>1995</NS0:year>
  </rdf:Description>
  <rdf:Description rdf:about='#A117988'>
    <rdf:type rdf:resource='http://www.daml.org/2001/12/factbook/factbook-ont#AirportBreakdown'/>
    <NS0:paved>false</NS0:paved>
    <NS0:minRunway>1524</NS0:minRunway>
    <NS0:maxRunway>2437</NS0:maxRunway>
    <NS0:count>8</NS0:count>
  </rdf:Description>
  <rdf:Description rdf:about='#A117802'>
    <rdf:type rdf:resource='http://www.daml.org/2001/12/factbook/factbook-ont#Estimate'/>
    <NS0:year>1992</NS0:year>
  </rdf:Description>
  <rdf:Description rdf:about='#A117604'>
    <rdf:type rdf:resource='http://www.daml.org/2001/12/factbook/factbook-ont#SexRatioBreakdown'/>
    <NS0:minAge>65</NS0:minAge>
    <NS0:ratio>1.02</NS0:ratio>
  </rdf:Description>
  <rdf:Description rdf:about='#A117808'>
    <rdf:type rdf:resource='http://www.daml.org/2001/12/factbook/factbook-ont#Estimate'/>
    <NS0:year>2000</NS0:year>
  </rdf:Description>
  <rdf:Description rdf:about='#A117981'>
    <rdf:type rdf:resource='http://www.daml.org/2001/12/factbook/factbook-ont#AirportBreakdown'/>
    <NS0:paved>false</NS0:paved>
    <NS0:minRunway>2438</NS0:minRunway>
    <NS0:maxRunway>3047</NS0:maxRunway>
    <NS0:count>9</NS0:count>
  </rdf:Description>
  <rdf:Description rdf:about='#A118012'>
    <rdf:type rdf:resource='http://www.daml.org/2001/12/factbook/factbook-ont#Estimate'/>
    <NS0:year>2001</NS0:year>
  </rdf:Description>
  <rdf:Description rdf:about='#A117598'>
    <rdf:type rdf:resource='http://www.daml.org/2001/12/factbook/factbook-ont#SexRatioBreakdown'/>
    <NS0:minAge>15</NS0:minAge>
    <NS0:maxAge>64</NS0:maxAge>
    <NS0:ratio>1.04</NS0:ratio>
  </rdf:Description>
  <rdf:Description rdf:about='#A117975'>
    <rdf:type rdf:resource='http://www.daml.org/2001/12/factbook/factbook-ont#AirportBreakdown'/>
    <NS0:paved>false</NS0:paved>
    <NS0:minRunway>3048</NS0:minRunway>
    <NS0:count>2</NS0:count>
  </rdf:Description>
  <rdf:Description rdf:about='#A117592'>
    <rdf:type rdf:resource='http://www.daml.org/2001/12/factbook/factbook-ont#SexRatioBreakdown'/>
    <NS0:minAge>0</NS0:minAge>
    <NS0:maxAge>14</NS0:maxAge>
    <NS0:ratio>1.03</NS0:ratio>
  </rdf:Description>
  <rdf:Description rdf:about='#A117939'>
    <rdf:type rdf:resource='http://www.daml.org/2001/12/factbook/factbook-ont#Estimate'/>
    <NS0:year>2000</NS0:year>
  </rdf:Description>
  <rdf:Description rdf:about='#A117806'>
    <NS0:year>1992</NS0:year>
  </rdf:Description>
  <rdf:Description rdf:about='#A117969'>
    <rdf:type rdf:resource='http://www.daml.org/2001/12/factbook/factbook-ont#AirportBreakdown'/>
    <NS0:paved>true</NS0:paved>
    <NS0:maxRunway>913</NS0:maxRunway>
    <NS0:count>1 (2000 est.)</NS0:count>
  </rdf:Description>
  <rdf:Description rdf:about='#A117897'>
    <NS0:year>2000</NS0:year>
  </rdf:Description>
  <rdf:Description rdf:about='#A117586'>
    <rdf:type rdf:resource='http://www.daml.org/2001/12/factbook/factbook-ont#SexRatioBreakdown'/>
    <NS0:minAge>0</NS0:minAge>
    <NS0:maxAge>0</NS0:maxAge>
    <NS0:ratio>1.05</NS0:ratio>
  </rdf:Description>
  <rdf:Description rdf:about='#A117845'>
    <NS0:year>1999</NS0:year>
  </rdf:Description>
  <rdf:Description rdf:about='#A117838'>
    <NS0:year>1999</NS0:year>
  </rdf:Description>
  <rdf:Description rdf:about='#A131717'>
    <rdf:type rdf:resource='http://www.daml.org/2001/12/factbook/factbook-ont#CountryPercent'/>
    <NS0:country rdf:resource='http://www.daml.org/2001/09/countries/fips#IT'/>
    <NS0:percent>6</NS0:percent>
  </rdf:Description>
  <rdf:Description rdf:about='#A117962'>
    <rdf:type rdf:resource='http://www.daml.org/2001/12/factbook/factbook-ont#AirportBreakdown'/>
    <NS0:paved>true</NS0:paved>
    <NS0:minRunway>914</NS0:minRunway>
    <NS0:maxRunway>1523</NS0:maxRunway>
    <NS0:count>1</NS0:count>
  </rdf:Description>
  <rdf:Description rdf:about='#A117792'>
    <rdf:type rdf:resource='http://www.daml.org/2001/12/factbook/factbook-ont#Estimate'/>
    <NS0:year>2000</NS0:year>
  </rdf:Description>
  <rdf:Description rdf:about='#A131712'>
    <rdf:type rdf:resource='http://www.daml.org/2001/12/factbook/factbook-ont#CountryPercent'/>
    <NS0:country rdf:resource='http://www.daml.org/2001/09/countries/fips#FR'/>
    <NS0:percent>7</NS0:percent>
  </rdf:Description>
  <rdf:Description rdf:about='#A131707'>
    <rdf:type rdf:resource='http://www.daml.org/2001/12/factbook/factbook-ont#CountryPercent'/>
    <NS0:country rdf:resource='http://www.daml.org/2001/09/countries/fips#US'/>
    <NS0:percent>7</NS0:percent>
  </rdf:Description>
  <rdf:Description rdf:about='#A117955'>
    <rdf:type rdf:resource='http://www.daml.org/2001/12/factbook/factbook-ont#AirportBreakdown'/>
    <NS0:paved>true</NS0:paved>
    <NS0:minRunway>1524</NS0:minRunway>
    <NS0:maxRunway>2437</NS0:maxRunway>
    <NS0:count>1</NS0:count>
  </rdf:Description>
  <rdf:Description rdf:about='#A117847'>
    <NS0:year>1999</NS0:year>
  </rdf:Description>
  <rdf:Description rdf:about='#A131702'>
    <rdf:type rdf:resource='http://www.daml.org/2001/12/factbook/factbook-ont#CountryPercent'/>
    <NS0:country rdf:resource='http://www.daml.org/2001/09/countries/fips#TC'/>
    <NS0:percent>8</NS0:percent>
  </rdf:Description>
  <rdf:Description rdf:about='#A117948'>
    <rdf:type rdf:resource='http://www.daml.org/2001/12/factbook/factbook-ont#AirportBreakdown'/>
    <NS0:paved>true</NS0:paved>
    <NS0:minRunway>2438</NS0:minRunway>
    <NS0:maxRunway>3047</NS0:maxRunway>
    <NS0:count>8</NS0:count>
  </rdf:Description>
  <rdf:Description rdf:about='#A131697'>
    <rdf:type rdf:resource='http://www.daml.org/2001/12/factbook/factbook-ont#CountryPercent'/>
    <NS0:country rdf:resource='http://www.daml.org/2001/09/countries/fips#SA'/>
    <NS0:percent>10</NS0:percent>
  </rdf:Description>
  <rdf:Description rdf:about='#A117554'>
    <NS0:year>1999</NS0:year>
  </rdf:Description>
  <rdf:Description rdf:about='#A117942'>
    <rdf:type rdf:resource='http://www.daml.org/2001/12/factbook/factbook-ont#AirportBreakdown'/>
    <NS0:paved>true</NS0:paved>
    <NS0:minRunway>3048</NS0:minRunway>
    <NS0:count>2</NS0:count>
  </rdf:Description>
  <rdf:Description rdf:about='#A117638'>
    <NS0:note>Sunni</NS0:note>
  </rdf:Description>
  <rdf:Description rdf:about='#A117577'>
    <rdf:type rdf:resource='http://www.daml.org/2001/12/factbook/factbook-ont#Estimate'/>
    <NS0:year>2001</NS0:year>
  </rdf:Description>
  <rdf:Description rdf:about='#A131691'>
    <rdf:type rdf:resource='http://www.daml.org/2001/12/factbook/factbook-ont#CountryPercent'/>
    <NS0:country rdf:resource='http://www.daml.org/2001/09/countries/fips#JA'/>
    <NS0:percent>3</NS0:percent>
  </rdf:Description>
  <rdf:Description rdf:about='#A118020'>
    <NS0:note>FY99</NS0:note>
  </rdf:Description>
  <rdf:Description rdf:about='#A117935'>
    <rdf:type rdf:resource='http://www.daml.org/2001/12/factbook/factbook-ont#Port'/>
    <NS0:name>Nishtun</NS0:name>
  </rdf:Description>
  <rdf:Description rdf:about='#A131686'>
    <rdf:type rdf:resource='http://www.daml.org/2001/12/factbook/factbook-ont#CountryPercent'/>
    <NS0:country rdf:resource='http://www.daml.org/2001/09/countries/fips#KS'/>
    <NS0:percent>14</NS0:percent>
  </rdf:Description>
  <rdf:Description rdf:about='#A117583'>
    <rdf:type rdf:resource='http://www.daml.org/2001/12/factbook/factbook-ont#Estimate'/>
    <NS0:year>2001</NS0:year>
  </rdf:Description>
  <rdf:Description rdf:about='#A117931'>
    <rdf:type rdf:resource='http://www.daml.org/2001/12/factbook/factbook-ont#Port'/>
    <NS0:name>Mocha</NS0:name>
  </rdf:Description>
  <rdf:Description rdf:about='#A117738'>
    <rdf:type rdf:resource='#Governorate'/>
    <NS0:name>Ta&apos;izz</NS0:name>
  </rdf:Description>
  <rdf:Description rdf:about='#A131681'>
    <rdf:type rdf:resource='http://www.daml.org/2001/12/factbook/factbook-ont#CountryPercent'/>
    <NS0:country rdf:resource='http://www.daml.org/2001/09/countries/fips#CH'/>
    <NS0:percent>26</NS0:percent>
  </rdf:Description>
  <rdf:Description rdf:about='#A117927'>
    <rdf:type rdf:resource='http://www.daml.org/2001/12/factbook/factbook-ont#Port'/>
    <NS0:name>As Salif</NS0:name>
  </rdf:Description>
  <rdf:Description rdf:about='#A117734'>
    <rdf:type rdf:resource='#Governorate'/>
    <NS0:name>San&apos;a&apos;</NS0:name>
  </rdf:Description>
  <rdf:Description rdf:about='#A131676'>
    <rdf:type rdf:resource='http://www.daml.org/2001/12/factbook/factbook-ont#CountryPercent'/>
    <NS0:country rdf:resource='http://www.daml.org/2001/09/countries/fips#TH'/>
    <NS0:percent>34</NS0:percent>
  </rdf:Description>
  <rdf:Description rdf:about='#A117923'>
    <rdf:type rdf:resource='http://www.daml.org/2001/12/factbook/factbook-ont#Port'/>
    <NS0:name>Al Mukalla</NS0:name>
  </rdf:Description>
  <rdf:Description rdf:about='#A117849'>
    <NS0:year>1999</NS0:year>
  </rdf:Description>
  <rdf:Description rdf:about='#A117730'>
    <rdf:type rdf:resource='#Governorate'/>
    <NS0:name>Sa&apos;dah</NS0:name>
  </rdf:Description>
  <rdf:Description rdf:about='#A117843'>
    <NS0:year>1999</NS0:year>
  </rdf:Description>
  <rdf:Description rdf:about='#A117904'>
    <NS0:year>1997</NS0:year>
  </rdf:Description>
  <rdf:Description rdf:about='#A131671'>
    <rdf:type rdf:resource='http://www.daml.org/2001/12/factbook/factbook-ont#Border'/>
    <NS0:country rdf:resource='http://www.daml.org/2001/09/countries/fips#SA'/>
    <NS0:distance>1458</NS0:distance>
  </rdf:Description>
  <rdf:Description rdf:about='#A117919'>
    <rdf:type rdf:resource='http://www.daml.org/2001/12/factbook/factbook-ont#Port'/>
    <NS0:name>Al Hudaydah</NS0:name>
  </rdf:Description>
  <rdf:Description rdf:about='#A117726'>
    <rdf:type rdf:resource='#Governorate'/>
    <NS0:name>Ma&apos;rib</NS0:name>
  </rdf:Description>
  <rdf:Description rdf:about='#A117895'>
    <NS0:year>1999</NS0:year>
  </rdf:Description>
  <rdf:Description rdf:about='#A117533'>
    <rdf:type rdf:resource='http://www.daml.org/2001/12/factbook/factbook-ont#ElevationExtreme'/>
    <NS0:name>Jabal an Nabi Shu&apos;ayb</NS0:name>
    <NS0:elevation>3760</NS0:elevation>
  </rdf:Description>
  <rdf:Description rdf:about='#A117915'>
    <rdf:type rdf:resource='http://www.daml.org/2001/12/factbook/factbook-ont#Port'/>
    <NS0:name>Aden</NS0:name>
  </rdf:Description>
  <rdf:Description rdf:about='#A117571'>
    <rdf:type rdf:resource='http://www.daml.org/2001/12/factbook/factbook-ont#Estimate'/>
    <NS0:note>July 2001</NS0:note>
  </rdf:Description>
  <rdf:Description rdf:about='#A117659'>
    <rdf:type rdf:resource='http://www.daml.org/2001/12/factbook/factbook-ont#Estimate'/>
    <NS0:year>1990</NS0:year>
  </rdf:Description>
  <rdf:Description rdf:about='#A131666'>
    <rdf:type rdf:resource='http://www.daml.org/2001/12/factbook/factbook-ont#Border'/>
    <NS0:country rdf:resource='http://www.daml.org/2001/09/countries/fips#MU'/>
    <NS0:distance>288</NS0:distance>
  </rdf:Description>
  <rdf:Description rdf:about='#A117722'>
    <rdf:type rdf:resource='#Governorate'/>
    <NS0:name>Lahij</NS0:name>
  </rdf:Description>
  <rdf:Description rdf:about='#A117612'>
    <rdf:type rdf:resource='http://www.daml.org/2001/12/factbook/factbook-ont#Estimate'/>
    <NS0:year>2001</NS0:year>
  </rdf:Description>
  <rdf:Description rdf:about='#A117528'>
    <rdf:type rdf:resource='http://www.daml.org/2001/12/factbook/factbook-ont#ElevationExtreme'/>
    <NS0:name>Arabian Sea</NS0:name>
    <NS0:elevation>0</NS0:elevation>
  </rdf:Description>
  <rdf:Description rdf:about='#A131721'>
    <NS0:note>1999</NS0:note>
  </rdf:Description>
  <rdf:Description rdf:about='#A117718'>
    <rdf:type rdf:resource='#Governorate'/>
    <NS0:name>Ibb</NS0:name>
  </rdf:Description>
  <rdf:Description rdf:about='#A117795'>
    <rdf:type rdf:resource='http://www.daml.org/2001/12/factbook/factbook-ont#Estimate'/>
    <NS0:year>2000</NS0:year>
  </rdf:Description>
  <rdf:Description rdf:about='#A117714'>
    <rdf:type rdf:resource='#Governorate'/>
    <NS0:name>Hajjah</NS0:name>
  </rdf:Description>
  <rdf:Description rdf:about='http://www.daml.org/2001/09/countries/fips#YM'>
    <NS0:background>North Yemen became independent of the Ottoman Empire in 1918. The British, who had set up a protectorate area around the southern port of Aden in the 19th century, withdrew in 1967 from what became South Yemen. Three years later, the southern government adopted a Marxist orientation. The massive exodus of hundreds of thousands of Yemenis from the south to the north contributed to two decades of hostility between the states. The two countries were formally unified as the Republic of Yemen in 1990. A southern secessionist movement in 1994 was quickly subdued. In 2000, Saudi Arabia and Yemen agreed to a delimitation of their border.</NS0:background>
    <NS0:location>Middle East, bordering the Arabian Sea, Gulf of Aden, and Red Sea, between Oman and Saudi Arabia</NS0:location>
    <NS0:geographicCoordinates rdf:resource='#A117511'/>
    <NS0:mapReferences>Middle East</NS0:mapReferences>
    <NS0:totalArea>527970</NS0:totalArea>
    <NS0:landArea>527970</NS0:landArea>
    <NS0:waterArea>0</NS0:waterArea>
    <NS0:comparativeArea>slightly larger than twice the size of Wyoming</NS0:comparativeArea>
    <NS0:landBoundaries>1746</NS0:landBoundaries>
    <NS0:coastline>1906</NS0:coastline>
    <NS0:contiguousZone>24</NS0:contiguousZone>
    <NS0:exclusiveEconomicZone>200</NS0:exclusiveEconomicZone>
    <NS0:territorialSea>12</NS0:territorialSea>
    <NS0:climate>mostly desert; hot and humid along west coast; temperate in western mountains affected by seasonal monsoon; extraordinarily hot, dry, harsh desert in east</NS0:climate>
    <NS0:terrain>narrow coastal plain backed by flat-topped hills and rugged mountains; dissected upland desert plains in center slope into the desert interior of the Arabian Peninsula</NS0:terrain>
    <NS0:lowestPoint rdf:resource='#A117528'/>
    <NS0:highestPoint rdf:resource='#A117533'/>
    <NS0:naturalResource rdf:resource='http://www.daml.org/2001/12/factbook/naturalResources#petroleum'/>
    <NS0:naturalResource rdf:resource='http://www.daml.org/2001/12/factbook/naturalResources#fish'/>
    <NS0:naturalResource rdf:resource='http://www.daml.org/2001/12/factbook/naturalResources#rock_salt'/>
    <NS0:naturalResource rdf:resource='http://www.daml.org/2001/12/factbook/naturalResources#marble'/>
    <NS0:naturalResource rdf:resource='http://www.daml.org/2001/12/factbook/naturalResources#small_deposits_of_coal'/>
    <NS0:naturalResource rdf:resource='http://www.daml.org/2001/12/factbook/naturalResources#gold'/>
    <NS0:naturalResource rdf:resource='http://www.daml.org/2001/12/factbook/naturalResources#lead'/>
    <NS0:naturalResource rdf:resource='http://www.daml.org/2001/12/factbook/naturalResources#nickel'/>
    <NS0:naturalResource rdf:resource='http://www.daml.org/2001/12/factbook/naturalResources#and_copper'/>
    <NS0:naturalResource rdf:resource='http://www.daml.org/2001/12/factbook/naturalResources#fertile_soil_in_west'/>
    <NS0:arableLand>3</NS0:arableLand>
    <NS0:permanentCrops>13</NS0:permanentCrops>
    <NS0:permanentPastures>33.5</NS0:permanentPastures>
    <NS0:forestsAndWoodland>4</NS0:forestsAndWoodland>
    <NS0:otherLandUse rdf:ID='A117552'>46.5</NS0:otherLandUse>
    <NS0:irrigatedLand rdf:ID='A117554'>5674</NS0:irrigatedLand>
    <NS0:naturalHazard>sandstorms and dust storms in summer</NS0:naturalHazard>
    <NS0:environmentalIssue>very limited natural fresh water resources</NS0:environmentalIssue>
    <NS0:environmentalIssue>inadequate supplies of potable water</NS0:environmentalIssue>
    <NS0:environmentalIssue>overgrazing</NS0:environmentalIssue>
    <NS0:environmentalIssue>soil erosion</NS0:environmentalIssue>
    <NS0:environmentalIssue>desertification</NS0:environmentalIssue>
    <NS0:environmentalAgreementPartyTo rdf:resource='http://www.daml.org/2001/12/factbook/environmentalAgreements#Biodiversity'/>
    <NS0:environmentalAgreementPartyTo rdf:resource='http://www.daml.org/2001/12/factbook/environmentalAgreements#Climate_Change'/>
    <NS0:environmentalAgreementPartyTo rdf:resource='http://www.daml.org/2001/12/factbook/environmentalAgreements#Desertification'/>
    <NS0:environmentalAgreementPartyTo rdf:resource='http://www.daml.org/2001/12/factbook/environmentalAgreements#Endangered_Species'/>
    <NS0:environmentalAgreementPartyTo rdf:resource='http://www.daml.org/2001/12/factbook/environmentalAgreements#Environmental_Modification'/>
    <NS0:environmentalAgreementPartyTo rdf:resource='http://www.daml.org/2001/12/factbook/environmentalAgreements#Hazardous_Wastes'/>
    <NS0:environmentalAgreementPartyTo rdf:resource='http://www.daml.org/2001/12/factbook/environmentalAgreements#Law_of_the_Sea'/>
    <NS0:environmentalAgreementPartyTo rdf:resource='http://www.daml.org/2001/12/factbook/environmentalAgreements#Ozone_Layer_Protection'/>
    <NS0:environmentalAgreementSigned rdf:resource='http://www.daml.org/2001/12/factbook/environmentalAgreements#Nuclear_Test_Ban'/>
    <NS0:population rdf:ID='A117571'>18078035</NS0:population>
    <NS0:populationGrowthRate rdf:ID='A117574'>3.38</NS0:populationGrowthRate>
    <NS0:birthRate rdf:ID='A117577'>43.36</NS0:birthRate>
    <NS0:deathRate rdf:ID='A117580'>9.58</NS0:deathRate>
    <NS0:netMigrationRate rdf:ID='A117583'>0</NS0:netMigrationRate>
    <NS0:sexRatio rdf:resource='#A117586'/>
    <NS0:sexRatio rdf:resource='#A117592'/>
    <NS0:sexRatio rdf:resource='#A117598'/>
    <NS0:sexRatio rdf:resource='#A117604'/>
    <NS0:sexRatio rdf:ID='A117612' rdf:resource='#A117609'/>
    <NS0:infantMortalityRate rdf:ID='A117615'>68.53</NS0:infantMortalityRate>
    <NS0:totalFertilityRate rdf:ID='A117618'>6.97</NS0:totalFertilityRate>
    <NS0:nationalityNoun>Yemeni(s)</NS0:nationalityNoun>
    <NS0:nationalityAdjective>Yemeni</NS0:nationalityAdjective>
    <NS0:ethnicGroup rdf:resource='#A117623'/>
    <NS0:ethnicGroup rdf:resource='#A117627'/>
    <NS0:ethnicGroup rdf:resource='#A117631'/>
    <NS0:religion rdf:ID='A117638' rdf:resource='#A117635'/>
    <NS0:religion rdf:resource='#A117640'/>
    <NS0:religion rdf:resource='#A117644'/>
    <NS0:religion rdf:resource='#A117648'/>
    <NS0:language rdf:resource='#A117652'/>
    <NS0:literacyDefinition>age 15 and over can read and write</NS0:literacyDefinition>
    <NS0:literacyTotal>38</NS0:literacyTotal>
    <NS0:literacyMale>53</NS0:literacyMale>
    <NS0:literacyFemale rdf:ID='A117659'>26</NS0:literacyFemale>
    <NS0:conventionalLongCountryName>Republic of Yemen</NS0:conventionalLongCountryName>
    <NS0:conventionalShortCountryName>Yemen</NS0:conventionalShortCountryName>
    <NS0:localLongCountryName>Al Jumhuriyah al Yamaniyah</NS0:localLongCountryName>
    <NS0:localShortCountryName>Al Yaman</NS0:localShortCountryName>
    <NS0:governmentType rdf:resource='http://www.daml.org/2001/12/factbook/governmentTypes#republic'/>
    <NS0:capital rdf:resource='#A117667'/>
    <NS0:administrativeDivision rdf:resource='#A117674'/>
    <NS0:administrativeDivision rdf:resource='#A117678'/>
    <NS0:administrativeDivision rdf:resource='#A117682'/>
    <NS0:administrativeDivision rdf:resource='#A117686'/>
    <NS0:administrativeDivision rdf:resource='#A117690'/>
    <NS0:administrativeDivision rdf:resource='#A117694'/>
    <NS0:administrativeDivision rdf:resource='#A117698'/>
    <NS0:administrativeDivision rdf:resource='#A117702'/>
    <NS0:administrativeDivision rdf:resource='#A117706'/>
    <NS0:administrativeDivision rdf:resource='#A117710'/>
    <NS0:administrativeDivision rdf:resource='#A117714'/>
    <NS0:administrativeDivision rdf:resource='#A117718'/>
    <NS0:administrativeDivision rdf:resource='#A117722'/>
    <NS0:administrativeDivision rdf:resource='#A117726'/>
    <NS0:administrativeDivision rdf:resource='#A117730'/>
    <NS0:administrativeDivision rdf:resource='#A117734'/>
    <NS0:administrativeDivision rdf:resource='#A117738'/>
    <NS0:independence>22 May 1990, Republic of Yemen was established with the merger of the Yemen Arab Republic [Yemen (Sanaa) or North Yemen] and the Marxist-dominated People&apos;s Democratic Republic of Yemen [Yemen (Aden) or South Yemen]; previously North Yemen had become independent on NA November 1918 (from the Ottoman Empire) and South Yemen had become independent on 30 November 1967 (from the UK)</NS0:independence>
    <NS0:constitution>16 May 1991; amended 29 September 1994 and February 2001</NS0:constitution>
    <NS0:legalSystem>based on Islamic law, Turkish law, English common law, and local tribal customary law; has not accepted compulsory ICJ jurisdiction</NS0:legalSystem>
    <NS0:suffrage>18 years of age; universal</NS0:suffrage>
    <NS0:participatesIn rdf:resource='http://www.daml.org/2001/12/factbook/internationalOrganizations#ACC'/>
    <NS0:participatesIn rdf:resource='http://www.daml.org/2001/12/factbook/internationalOrganizations#AFESD'/>
    <NS0:participatesIn rdf:resource='http://www.daml.org/2001/12/factbook/internationalOrganizations#AL'/>
    <NS0:participatesIn rdf:resource='http://www.daml.org/2001/12/factbook/internationalOrganizations#AMF'/>
    <NS0:participatesIn rdf:resource='http://www.daml.org/2001/12/factbook/internationalOrganizations#CAEU'/>
    <NS0:participatesIn rdf:resource='http://www.daml.org/2001/12/factbook/internationalOrganizations#CCC'/>
    <NS0:participatesIn rdf:resource='http://www.daml.org/2001/12/factbook/internationalOrganizations#ESCWA'/>
    <NS0:participatesIn rdf:resource='http://www.daml.org/2001/12/factbook/internationalOrganizations#FAO'/>
    <NS0:participatesIn rdf:resource='http://www.daml.org/2001/12/factbook/internationalOrganizations#G-77'/>
    <NS0:participatesIn rdf:resource='http://www.daml.org/2001/12/factbook/internationalOrganizations#IAEA'/>
    <NS0:participatesIn rdf:resource='http://www.daml.org/2001/12/factbook/internationalOrganizations#IBRD'/>
    <NS0:participatesIn rdf:resource='http://www.daml.org/2001/12/factbook/internationalOrganizations#ICAO'/>
    <NS0:participatesIn rdf:resource='http://www.daml.org/2001/12/factbook/internationalOrganizations#ICRM'/>
    <NS0:participatesIn rdf:resource='http://www.daml.org/2001/12/factbook/internationalOrganizations#IDA'/>
    <NS0:participatesIn rdf:resource='http://www.daml.org/2001/12/factbook/internationalOrganizations#IDB'/>
    <NS0:participatesIn rdf:resource='http://www.daml.org/2001/12/factbook/internationalOrganizations#IFAD'/>
    <NS0:participatesIn rdf:resource='http://www.daml.org/2001/12/factbook/internationalOrganizations#IFC'/>
    <NS0:participatesIn rdf:resource='http://www.daml.org/2001/12/factbook/internationalOrganizations#IFRCS'/>
    <NS0:participatesIn rdf:resource='http://www.daml.org/2001/12/factbook/internationalOrganizations#ILO'/>
    <NS0:participatesIn rdf:resource='http://www.daml.org/2001/12/factbook/internationalOrganizations#IMF'/>
    <NS0:participatesIn rdf:resource='http://www.daml.org/2001/12/factbook/internationalOrganizations#IMO'/>
    <NS0:participatesIn rdf:resource='http://www.daml.org/2001/12/factbook/internationalOrganizations#Intelsat'/>
    <NS0:participatesIn rdf:resource='http://www.daml.org/2001/12/factbook/internationalOrganizations#Interpol'/>
    <NS0:participatesIn rdf:resource='http://www.daml.org/2001/12/factbook/internationalOrganizations#IOC'/>
    <NS0:participatesIn rdf:resource='http://www.daml.org/2001/12/factbook/internationalOrganizations#IOM'/>
    <NS0:participatesIn rdf:resource='http://www.daml.org/2001/12/factbook/internationalOrganizations#ITU'/>
    <NS0:participatesIn rdf:resource='http://www.daml.org/2001/12/factbook/internationalOrganizations#NAM'/>
    <NS0:participatesIn rdf:resource='http://www.daml.org/2001/12/factbook/internationalOrganizations#OAS'/>
    <NS0:participatesIn rdf:resource='http://www.daml.org/2001/12/factbook/internationalOrganizations#OIC'/>
    <NS0:participatesIn rdf:resource='http://www.daml.org/2001/12/factbook/internationalOrganizations#OPCW'/>
    <NS0:participatesIn rdf:resource='http://www.daml.org/2001/12/factbook/internationalOrganizations#UN'/>
    <NS0:participatesIn rdf:resource='http://www.daml.org/2001/12/factbook/internationalOrganizations#UNCTAD'/>
    <NS0:participatesIn rdf:resource='http://www.daml.org/2001/12/factbook/internationalOrganizations#UNESCO'/>
    <NS0:participatesIn rdf:resource='http://www.daml.org/2001/12/factbook/internationalOrganizations#UNIDO'/>
    <NS0:participatesIn rdf:resource='http://www.daml.org/2001/12/factbook/internationalOrganizations#UPU'/>
    <NS0:participatesIn rdf:resource='http://www.daml.org/2001/12/factbook/internationalOrganizations#WFTU'/>
    <NS0:participatesIn rdf:resource='http://www.daml.org/2001/12/factbook/internationalOrganizations#WHO'/>
    <NS0:participatesIn rdf:resource='http://www.daml.org/2001/12/factbook/internationalOrganizations#WIPO'/>
    <NS0:participatesIn rdf:resource='http://www.daml.org/2001/12/factbook/internationalOrganizations#WMO'/>
    <NS0:participatesIn rdf:resource='http://www.daml.org/2001/12/factbook/internationalOrganizations#WToO'/>
    <NS0:participatesIn rdf:resource='http://www.daml.org/2001/12/factbook/internationalOrganizations#WTrO'/>
    <NS0:flagDescription>three equal horizontal bands of red (top), white, and black; similar to the flag of Syria which has two green stars and of Iraq which has three green stars (plus an Arabic inscription) in a horizontal line centered in the white band; also similar to the flag of Egypt which has a heraldic eagle centered in the white band</NS0:flagDescription>
    <NS0:economyOverview>Yemen, one of the poorest countries in the Arab world, reported strong growth in the mid-1990s with the onset of oil production, but was harmed by low oil prices in 1998. Yemen has embarked on an IMF-supported structural adjustment program designed to modernize and streamline the economy, which has led to foreign debt relief and restructuring. Aided by higher oil prices in 1999-2000, Yemen worked to maintain tight control over spending and implement additional components of the IMF program. A high population growth rate of nearly 3.4% and internal political dissension complicate the government&apos;s task.</NS0:economyOverview>
    <NS0:grossDomesticProduct rdf:ID='A117789'>14400000000</NS0:grossDomesticProduct>
    <NS0:grossDomesticProductRealGrowth rdf:ID='A117792'>6</NS0:grossDomesticProductRealGrowth>
    <NS0:grossDomesticProductPerCapita rdf:ID='A117795'>820</NS0:grossDomesticProductPerCapita>
    <NS0:grossDomesticProductAgriculture>20</NS0:grossDomesticProductAgriculture>
    <NS0:grossDomesticProductIndustry>42</NS0:grossDomesticProductIndustry>
    <NS0:grossDomesticProductServices rdf:ID='A117800'>38</NS0:grossDomesticProductServices>
    <NS0:populationBelowPovertyLine rdf:ID='A117802'>19</NS0:populationBelowPovertyLine>
    <NS0:householdIncomeLowest10Percent>2.3</NS0:householdIncomeLowest10Percent>
    <NS0:householdIncomeHighest10Percent rdf:ID='A117806'>30.8</NS0:householdIncomeHighest10Percent>
    <NS0:inflationRate rdf:ID='A117808'>10</NS0:inflationRate>
    <NS0:occupation rdf:resource='#A117811'/>
    <NS0:occupation rdf:resource='#A117815'/>
    <NS0:occupation rdf:resource='#A117819'/>
    <NS0:occupation rdf:resource='#A117823'/>
    <NS0:unemploymentRate rdf:ID='A117827'>30</NS0:unemploymentRate>
    <NS0:budgetRevenues>3000000000</NS0:budgetRevenues>
    <NS0:budgetExpenditures>3100000000</NS0:budgetExpenditures>
    <NS0:industry rdf:resource='http://www.daml.org/2001/12/factbook/industries#crude_oil_production_and_petroleum_refining'/>
    <NS0:industry rdf:resource='http://www.daml.org/2001/12/factbook/industries#small-scale_production_of_cotton_textiles_and_leather_goods'/>
    <NS0:industry rdf:resource='http://www.daml.org/2001/12/factbook/industries#food_processing'/>
    <NS0:industry rdf:resource='http://www.daml.org/2001/12/factbook/industries#handicrafts'/>
    <NS0:industry rdf:resource='http://www.daml.org/2001/12/factbook/industries#small_aluminum_products_factory'/>
    <NS0:industry rdf:resource='http://www.daml.org/2001/12/factbook/industries#cement'/>
    <NS0:electricityProduction rdf:ID='A117838'>2400000000</NS0:electricityProduction>
    <NS0:electricityProductionFossilFuel>100</NS0:electricityProductionFossilFuel>
    <NS0:electricityProductionHydro>0</NS0:electricityProductionHydro>
    <NS0:electricityProductionNuclear>0</NS0:electricityProductionNuclear>
    <NS0:electricityProductionOther rdf:ID='A117843'>0</NS0:electricityProductionOther>
    <NS0:electricityConsumption rdf:ID='A117845'>2232000000</NS0:electricityConsumption>
    <NS0:electricityExports rdf:ID='A117847'>0</NS0:electricityExports>
    <NS0:electricityImports rdf:ID='A117849'>0</NS0:electricityImports>
    <NS0:agricultureProduct rdf:resource='http://www.daml.org/2001/12/factbook/agricultureProducts#grain'/>
    <NS0:agricultureProduct rdf:resource='http://www.daml.org/2001/12/factbook/agricultureProducts#fruits'/>
    <NS0:agricultureProduct rdf:resource='http://www.daml.org/2001/12/factbook/agricultureProducts#vegetables'/>
    <NS0:agricultureProduct rdf:resource='http://www.daml.org/2001/12/factbook/agricultureProducts#pulses'/>
    <NS0:agricultureProduct rdf:resource='http://www.daml.org/2001/12/factbook/agricultureProducts#qat'/>
    <NS0:agricultureProduct rdf:resource='http://www.daml.org/2001/12/factbook/agricultureProducts#coffee'/>
    <NS0:agricultureProduct rdf:resource='http://www.daml.org/2001/12/factbook/agricultureProducts#cotton'/>
    <NS0:agricultureProduct rdf:resource='http://www.daml.org/2001/12/factbook/agricultureProducts#dairy_products'/>
    <NS0:agricultureProduct rdf:resource='http://www.daml.org/2001/12/factbook/agricultureProducts#livestock'/>
    <NS0:agricultureProduct rdf:resource='http://www.daml.org/2001/12/factbook/agricultureProducts#poultry'/>
    <NS0:agricultureProduct rdf:resource='http://www.daml.org/2001/12/factbook/agricultureProducts#fish'/>
    <NS0:exports rdf:ID='A117862'>4200000000</NS0:exports>
    <NS0:exportsCommodity rdf:resource='#A117865'/>
    <NS0:exportsCommodity rdf:resource='#A117869'/>
    <NS0:exportsCommodity rdf:resource='#A117873'/>
    <NS0:imports rdf:ID='A117877'>2700000000</NS0:imports>
    <NS0:importsCommodity rdf:resource='#A117880'/>
    <NS0:importsCommodity rdf:resource='#A117884'/>
    <NS0:externalDebt rdf:ID='A117888'>4400000000</NS0:externalDebt>
    <NS0:economicAidRecipient rdf:ID='A117890'>176100000</NS0:economicAidRecipient>
    <NS0:currency>Yemeni rial (YER)</NS0:currency>
    <NS0:currencyCode>YER</NS0:currencyCode>
    <NS0:fiscalYear>calendar year</NS0:fiscalYear>
    <NS0:mainTelephoneLines rdf:ID='A117895'>291359</NS0:mainTelephoneLines>
    <NS0:mobileTelephoneLines rdf:ID='A117897'>32042</NS0:mobileTelephoneLines>
    <NS0:telephoneSystemGeneralAssessment>since unification in 1990, efforts have been made to create a national telecommunications network</NS0:telephoneSystemGeneralAssessment>
    <NS0:telephoneSystemDomestic>the national network consists of microwave radio relay, cable, tropospheric scatter, and GSM cellular mobile telephone systems</NS0:telephoneSystemDomestic>
    <NS0:telephoneSystemInternational>satellite earth stations - 3 Intelsat (2 Indian Ocean and 1 Atlantic Ocean), 1 Intersputnik (Atlantic Ocean region), and 2 Arabsat; microwave radio relay to Saudi Arabia and Djibouti</NS0:telephoneSystemInternational>
    <NS0:radios rdf:ID='A117902'>1050000</NS0:radios>
    <NS0:televisions rdf:ID='A117904'>470000</NS0:televisions>
    <NS0:internetCountryCode>.ye</NS0:internetCountryCode>
    <NS0:internetServiceProviders rdf:ID='A117907'>1</NS0:internetServiceProviders>
    <NS0:internetUsers rdf:ID='A117909'>12000</NS0:internetUsers>
    <NS0:highwaysTotal>69263</NS0:highwaysTotal>
    <NS0:highwaysPaved>9963</NS0:highwaysPaved>
    <NS0:highwaysUnpaved rdf:ID='A117913'>59300</NS0:highwaysUnpaved>
    <NS0:port rdf:resource='#A117915'/>
    <NS0:port rdf:resource='#A117919'/>
    <NS0:port rdf:resource='#A117923'/>
    <NS0:port rdf:resource='#A117927'/>
    <NS0:port rdf:resource='#A117931'/>
    <NS0:port rdf:resource='#A117935'/>
    <NS0:airports rdf:ID='A117939'>50</NS0:airports>
    <NS0:airportBreakdown rdf:resource='#A117942'/>
    <NS0:airportBreakdown rdf:resource='#A117948'/>
    <NS0:airportBreakdown rdf:resource='#A117955'/>
    <NS0:airportBreakdown rdf:resource='#A117962'/>
    <NS0:airportBreakdown rdf:resource='#A117969'/>
    <NS0:airportBreakdown rdf:resource='#A117975'/>
    <NS0:airportBreakdown rdf:resource='#A117981'/>
    <NS0:airportBreakdown rdf:resource='#A117988'/>
    <NS0:airportBreakdown rdf:resource='#A117995'/>
    <NS0:airportBreakdown rdf:resource='#A118002'/>
    <NS0:militaryAge>14</NS0:militaryAge>
    <NS0:malesOfMilitaryAge rdf:ID='A118009'>4103093</NS0:malesOfMilitaryAge>
    <NS0:malesFitForMilitaryService rdf:ID='A118012'>2303257</NS0:malesFitForMilitaryService>
    <NS0:malesReachingMilitaryAgeAnnually rdf:ID='A118015'>238690</NS0:malesReachingMilitaryAgeAnnually>
    <NS0:militaryExpenditures rdf:ID='A118018'>414000000</NS0:militaryExpenditures>
    <NS0:militaryExpendituresPercentGDP rdf:ID='A118020'>7.6</NS0:militaryExpendituresPercentGDP>
    <NS0:internationalDispute>a June 2000 treaty delimited the boundary with Saudi Arabia, but final demarcation requires adjustments based on tribal considerations</NS0:internationalDispute>
    <NS0:smallFlag>http://www.cia.gov/cia/publications/factbook/flags/ym-flag.jpg</NS0:smallFlag>
    <NS0:largeFlag>http://www.cia.gov/cia/publications/factbook/flags/ym-lgflag.jpg</NS0:largeFlag>
    <NS0:map>http://www.cia.gov/cia/publications/factbook/maps/ym-map.jpg</NS0:map>
    <NS0:border rdf:resource='#A131666'/>
    <NS0:border rdf:resource='#A131671'/>
    <NS0:exportPartner rdf:resource='#A131676'/>
    <NS0:exportPartner rdf:resource='#A131681'/>
    <NS0:exportPartner rdf:resource='#A131686'/>
    <NS0:exportPartner rdf:ID='A131695' rdf:resource='#A131691'/>
    <NS0:importPartner rdf:resource='#A131697'/>
    <NS0:importPartner rdf:resource='#A131702'/>
    <NS0:importPartner rdf:resource='#A131707'/>
    <NS0:importPartner rdf:resource='#A131712'/>
    <NS0:importPartner rdf:ID='A131721' rdf:resource='#A131717'/>
  </rdf:Description>
  <rdf:Description rdf:about='#A117710'>
    <rdf:type rdf:resource='#Governorate'/>
    <NS0:name>Hadhramawt</NS0:name>
  </rdf:Description>
  <rdf:Description rdf:about='#A117800'>
    <NS0:year>1998</NS0:year>
  </rdf:Description>
  <rdf:Description rdf:about='#A117706'>
    <rdf:type rdf:resource='#Governorate'/>
    <NS0:name>Dhamar</NS0:name>
  </rdf:Description>
  <rdf:Description rdf:about='#A117702'>
    <rdf:type rdf:resource='#Governorate'/>
    <NS0:name>&apos;Ataq</NS0:name>
  </rdf:Description>
  <rdf:Description rdf:about='#A117511'>
    <rdf:type rdf:resource='http://www.daml.org/2001/12/factbook/factbook-ont#LatLon'/>
    <NS0:latitude>15.0</NS0:latitude>
    <NS0:longitude>48.0</NS0:longitude>
  </rdf:Description>
  <rdf:Description rdf:about='#A117698'>
    <rdf:type rdf:resource='#Governorate'/>
    <NS0:name>Al Mahwit</NS0:name>
  </rdf:Description>
  <rdf:Description rdf:about='#A117694'>
    <rdf:type rdf:resource='#Governorate'/>
    <NS0:name>Al Mahrah</NS0:name>
  </rdf:Description>
  <rdf:Description rdf:about='#A117884'>
    <rdf:type rdf:resource='http://www.daml.org/2001/12/factbook/factbook-ont#CommodityPercent'/>
    <NS0:importsCommodity rdf:resource='http://www.daml.org/2001/12/factbook/commodities#machinery_and_equipment'/>
  </rdf:Description>
  <rdf:Description rdf:about='#A117877'>
    <rdf:type rdf:resource='http://www.daml.org/2001/12/factbook/factbook-ont#Estimate'/>
    <NS0:note>f.o.b., 2000</NS0:note>
  </rdf:Description>
  <rdf:Description rdf:about='#A117618'>
    <rdf:type rdf:resource='http://www.daml.org/2001/12/factbook/factbook-ont#Estimate'/>
    <NS0:year>2001</NS0:year>
  </rdf:Description>
  <rdf:Description rdf:about='#A117690'>
    <rdf:type rdf:resource='#Governorate'/>
    <NS0:name>Al Jawf</NS0:name>
  </rdf:Description>
  <rdf:Description rdf:about='#A117880'>
    <rdf:type rdf:resource='http://www.daml.org/2001/12/factbook/factbook-ont#CommodityPercent'/>
    <NS0:importsCommodity rdf:resource='http://www.daml.org/2001/12/factbook/commodities#food_and_live_animals'/>
  </rdf:Description>
  <rdf:Description rdf:about='#A117686'>
    <rdf:type rdf:resource='#Governorate'/>
    <NS0:name>Al Hudaydah</NS0:name>
  </rdf:Description>
  <rdf:Description rdf:about='#A131695'>
    <NS0:note>1999</NS0:note>
  </rdf:Description>
  <rdf:Description rdf:about='#A117682'>
    <rdf:type rdf:resource='#Governorate'/>
    <NS0:name>Al Bayda&apos;</NS0:name>
  </rdf:Description>
  <rdf:Description rdf:about='#A117873'>
    <rdf:type rdf:resource='http://www.daml.org/2001/12/factbook/factbook-ont#CommodityPercent'/>
    <NS0:exportsCommodity rdf:resource='http://www.daml.org/2001/12/factbook/commodities#dried_and_salted_fish'/>
  </rdf:Description>
  <rdf:Description rdf:about='#A117678'>
    <rdf:type rdf:resource='#Governorate'/>
    <NS0:name>&apos;Adan</NS0:name>
  </rdf:Description>
  <rdf:Description rdf:about='#A117869'>
    <rdf:type rdf:resource='http://www.daml.org/2001/12/factbook/factbook-ont#CommodityPercent'/>
    <NS0:exportsCommodity rdf:resource='http://www.daml.org/2001/12/factbook/commodities#coffee'/>
  </rdf:Description>
  <rdf:Description rdf:about='#A117890'>
    <NS0:year>1995</NS0:year>
  </rdf:Description>
  <rdf:Description rdf:about='#A117789'>
    <rdf:type rdf:resource='http://www.daml.org/2001/12/factbook/factbook-ont#Estimate'/>
    <NS0:year>2000</NS0:year>
  </rdf:Description>
  <rdf:Description rdf:about='#A117865'>
    <rdf:type rdf:resource='http://www.daml.org/2001/12/factbook/factbook-ont#CommodityPercent'/>
    <NS0:exportsCommodity rdf:resource='http://www.daml.org/2001/12/factbook/commodities#crude_oil'/>
  </rdf:Description>
  <rdf:Description rdf:about='#A117674'>
    <rdf:type rdf:resource='#Governorate'/>
    <NS0:name>Abyan</NS0:name>
  </rdf:Description>
  <rdf:Description rdf:about='#A117913'>
    <NS0:year>1999</NS0:year>
  </rdf:Description>
  <rdf:Description rdf:about='#A117667'>
    <rdf:type rdf:resource='http://www.daml.org/2001/12/factbook/factbook-ont#CapitalCity'/>
    <NS0:name>Sanaa</NS0:name>
  </rdf:Description>
  <rdf:Description rdf:about='#A118015'>
    <rdf:type rdf:resource='http://www.daml.org/2001/12/factbook/factbook-ont#Estimate'/>
    <NS0:year>2001</NS0:year>
  </rdf:Description>
  <rdf:Description rdf:about='#A118018'>
    <NS0:note>FY99</NS0:note>
  </rdf:Description>
</rdf:RDF>
