<?xml version='1.0' encoding='ISO-8859-1'?>
<rdf:RDF
  xmlns:rdf='http://www.w3.org/1999/02/22-rdf-syntax-ns#'
  xmlns:NS0='http://www.daml.org/2001/12/factbook/factbook-ont#'
  xml:base="http://www.daml.org/2001/12/factbook/zh">
  <rdf:Description rdf:about='#A118672'>
    <rdf:type rdf:resource='http://www.daml.org/2001/12/factbook/factbook-ont#Port'/>
    <NS0:name>Naples</NS0:name>
  </rdf:Description>
  <rdf:Description rdf:about='#A118624'>
    <rdf:type rdf:resource='http://www.daml.org/2001/12/factbook/factbook-ont#Port'/>
    <NS0:name>Copenhagen</NS0:name>
  </rdf:Description>
  <rdf:Description rdf:about='#A118668'>
    <rdf:type rdf:resource='http://www.daml.org/2001/12/factbook/factbook-ont#Port'/>
    <NS0:name>Montreal</NS0:name>
  </rdf:Description>
  <rdf:Description rdf:about='#A118574'>
    <rdf:type rdf:resource='http://www.daml.org/2001/12/factbook/factbook-ont#ElevationExtreme'/>
    <NS0:name>sea level</NS0:name>
    <NS0:elevation>0</NS0:elevation>
  </rdf:Description>
  <rdf:Description rdf:about='#A118620'>
    <rdf:type rdf:resource='http://www.daml.org/2001/12/factbook/factbook-ont#Port'/>
    <NS0:name>Colon</NS0:name>
  </rdf:Description>
  <rdf:Description rdf:about='http://www.daml.org/2001/09/countries/fips#ZH'>
    <NS0:background>The Atlantic Ocean is the second-largest of the world&apos;s five oceans (after the Pacific Ocean, but larger than the Indian Ocean, Southern Ocean, and Arctic Ocean). The Kiel Canal (Germany), Oresund (Denmark-Sweden), Bosporus (Turkey), Strait of Gibraltar (Morocco-Spain), and the St. Lawrence Seaway (Canada-US) are important strategic access waterways. The decision by the International Hydrographic Organization in the spring of 2000 to delimit a fifth world ocean, the Southern Ocean, removed the portion of the Atlantic Ocean south of 60 degrees south.</NS0:background>
    <NS0:location>body of water between Africa, Europe, the Southern Ocean, and the Western Hemisphere</NS0:location>
    <NS0:geographicCoordinates rdf:resource='#A118558'/>
    <NS0:mapReferences>World</NS0:mapReferences>
    <NS0:totalArea>76762000</NS0:totalArea>
    <NS0:comparativeArea>slightly less than 6.5 times the size of the US</NS0:comparativeArea>
    <NS0:coastline>111866</NS0:coastline>
    <NS0:climate>tropical cyclones (hurricanes) develop off the coast of Africa near Cape Verde and move westward into the Caribbean Sea; hurricanes can occur from May to December, but are most frequent from August to November</NS0:climate>
    <NS0:terrain>surface usually covered with sea ice in Labrador Sea, Denmark Strait, and Baltic Sea from October to June; clockwise warm-water gyre (broad, circular system of currents) in the northern Atlantic, counterclockwise warm-water gyre in the southern Atlantic; the ocean floor is dominated by the Mid-Atlantic Ridge, a rugged north-south centerline for the entire Atlantic basin</NS0:terrain>
    <NS0:lowestPoint rdf:resource='#A118569'/>
    <NS0:highestPoint rdf:resource='#A118574'/>
    <NS0:naturalResource rdf:resource='http://www.daml.org/2001/12/factbook/naturalResources#oil_and_gas_fields'/>
    <NS0:naturalResource rdf:resource='http://www.daml.org/2001/12/factbook/naturalResources#fish'/>
    <NS0:naturalResource rdf:resource='http://www.daml.org/2001/12/factbook/naturalResources#marine_mammals'/>
    <NS0:naturalResource rdf:resource='http://www.daml.org/2001/12/factbook/naturalResources#sand_and_gravel_aggregates'/>
    <NS0:naturalResource rdf:resource='http://www.daml.org/2001/12/factbook/naturalResources#placer_deposits'/>
    <NS0:naturalResource rdf:resource='http://www.daml.org/2001/12/factbook/naturalResources#polymetallic_nodules'/>
    <NS0:naturalResource rdf:resource='http://www.daml.org/2001/12/factbook/naturalResources#precious_stones'/>
    <NS0:naturalHazard>icebergs common in Davis Strait, Denmark Strait, and the northwestern Atlantic Ocean from February to August and have been spotted as far south as Bermuda and the Madeira Islands</NS0:naturalHazard>
    <NS0:naturalHazard>ships subject to superstructure icing in extreme northern Atlantic from October to May</NS0:naturalHazard>
    <NS0:naturalHazard>persistent fog can be a maritime hazard from May to September</NS0:naturalHazard>
    <NS0:naturalHazard>hurricanes</NS0:naturalHazard>
    <NS0:environmentalIssue>endangered marine species include the manatee, seals, sea lions, turtles, and whales</NS0:environmentalIssue>
    <NS0:environmentalIssue>drift net fishing is hastening the decline of fish stocks and contributing to international disputes</NS0:environmentalIssue>
    <NS0:environmentalIssue>municipal sludge pollution off eastern US, southern Brazil, and eastern Argentina</NS0:environmentalIssue>
    <NS0:environmentalIssue>oil pollution in Caribbean Sea, Gulf of Mexico, Lake Maracaibo, Mediterranean Sea, and North Sea</NS0:environmentalIssue>
    <NS0:environmentalIssue>industrial waste and municipal sewage pollution in Baltic Sea, North Sea, and Mediterranean Sea</NS0:environmentalIssue>
    <NS0:economyOverview>The Atlantic Ocean provides some of the world&apos;s most heavily trafficked sea routes, between and within the Eastern and Western Hemispheres. Other economic activity includes the exploitation of natural resources, e.g., fishing, the dredging of aragonite sands (The Bahamas), and production of crude oil and natural gas (Caribbean Sea, Gulf of Mexico, and North Sea).</NS0:economyOverview>
    <NS0:port rdf:resource='#A118596'/>
    <NS0:port rdf:resource='#A118600'/>
    <NS0:port rdf:resource='#A118604'/>
    <NS0:port rdf:resource='#A118608'/>
    <NS0:port rdf:resource='#A118612'/>
    <NS0:port rdf:resource='#A118616'/>
    <NS0:port rdf:resource='#A118620'/>
    <NS0:port rdf:resource='#A118624'/>
    <NS0:port rdf:resource='#A118628'/>
    <NS0:port rdf:resource='#A118632'/>
    <NS0:port rdf:resource='#A118636'/>
    <NS0:port rdf:resource='#A118640'/>
    <NS0:port rdf:resource='#A118644'/>
    <NS0:port rdf:resource='#A118648'/>
    <NS0:port rdf:resource='#A118652'/>
    <NS0:port rdf:resource='#A118656'/>
    <NS0:port rdf:resource='#A118660'/>
    <NS0:port rdf:resource='#A118664'/>
    <NS0:port rdf:resource='#A118668'/>
    <NS0:port rdf:resource='#A118672'/>
    <NS0:port rdf:resource='#A118676'/>
    <NS0:port rdf:resource='#A118680'/>
    <NS0:port rdf:resource='#A118684'/>
    <NS0:port rdf:resource='#A118688'/>
    <NS0:port rdf:resource='#A118692'/>
    <NS0:port rdf:resource='#A118696'/>
    <NS0:port rdf:resource='#A118700'/>
    <NS0:port rdf:resource='#A118704'/>
    <NS0:port rdf:resource='#A118708'/>
    <NS0:internationalDispute>some maritime disputes</NS0:internationalDispute>
    <NS0:smallFlag>http://www.cia.gov/cia/publications/factbook/flags/zh-flag.jpg</NS0:smallFlag>
    <NS0:largeFlag>http://www.cia.gov/cia/publications/factbook/flags/zh-lgflag.jpg</NS0:largeFlag>
    <NS0:map>http://www.cia.gov/cia/publications/factbook/maps/zh-map.jpg</NS0:map>
  </rdf:Description>
  <rdf:Description rdf:about='#A118664'>
    <rdf:type rdf:resource='http://www.daml.org/2001/12/factbook/factbook-ont#Port'/>
    <NS0:name>Montevideo</NS0:name>
  </rdf:Description>
  <rdf:Description rdf:about='#A118569'>
    <rdf:type rdf:resource='http://www.daml.org/2001/12/factbook/factbook-ont#ElevationExtreme'/>
    <NS0:name>Milwaukee Deep in the Puerto Rico Trench</NS0:name>
    <NS0:elevation>-8605</NS0:elevation>
  </rdf:Description>
  <rdf:Description rdf:about='#A118616'>
    <rdf:type rdf:resource='http://www.daml.org/2001/12/factbook/factbook-ont#Port'/>
    <NS0:name>Casablanca</NS0:name>
  </rdf:Description>
  <rdf:Description rdf:about='#A118708'>
    <rdf:type rdf:resource='http://www.daml.org/2001/12/factbook/factbook-ont#Port'/>
    <NS0:name>Stockholm</NS0:name>
  </rdf:Description>
  <rdf:Description rdf:about='#A118660'>
    <rdf:type rdf:resource='http://www.daml.org/2001/12/factbook/factbook-ont#Port'/>
    <NS0:name>Marseille</NS0:name>
  </rdf:Description>
  <rdf:Description rdf:about='#A118612'>
    <rdf:type rdf:resource='http://www.daml.org/2001/12/factbook/factbook-ont#Port'/>
    <NS0:name>Buenos Aires</NS0:name>
  </rdf:Description>
  <rdf:Description rdf:about='#A118704'>
    <rdf:type rdf:resource='http://www.daml.org/2001/12/factbook/factbook-ont#Port'/>
    <NS0:name>Saint Petersburg</NS0:name>
  </rdf:Description>
  <rdf:Description rdf:about='#A118656'>
    <rdf:type rdf:resource='http://www.daml.org/2001/12/factbook/factbook-ont#Port'/>
    <NS0:name>London</NS0:name>
  </rdf:Description>
  <rdf:Description rdf:about='#A118608'>
    <rdf:type rdf:resource='http://www.daml.org/2001/12/factbook/factbook-ont#Port'/>
    <NS0:name>Barcelona</NS0:name>
  </rdf:Description>
  <rdf:Description rdf:about='#A118700'>
    <rdf:type rdf:resource='http://www.daml.org/2001/12/factbook/factbook-ont#Port'/>
    <NS0:name>Rotterdam</NS0:name>
  </rdf:Description>
  <rdf:Description rdf:about='#A118652'>
    <rdf:type rdf:resource='http://www.daml.org/2001/12/factbook/factbook-ont#Port'/>
    <NS0:name>Lisbon</NS0:name>
  </rdf:Description>
  <rdf:Description rdf:about='#A118558'>
    <rdf:type rdf:resource='http://www.daml.org/2001/12/factbook/factbook-ont#LatLon'/>
    <NS0:latitude>0.0</NS0:latitude>
    <NS0:longitude>-25.0</NS0:longitude>
  </rdf:Description>
  <rdf:Description rdf:about='#A118604'>
    <rdf:type rdf:resource='http://www.daml.org/2001/12/factbook/factbook-ont#Port'/>
    <NS0:name>Antwerp</NS0:name>
  </rdf:Description>
  <rdf:Description rdf:about='#A118696'>
    <rdf:type rdf:resource='http://www.daml.org/2001/12/factbook/factbook-ont#Port'/>
    <NS0:name>Rio de Janeiro</NS0:name>
  </rdf:Description>
  <rdf:Description rdf:about='#A118648'>
    <rdf:type rdf:resource='http://www.daml.org/2001/12/factbook/factbook-ont#Port'/>
    <NS0:name>Le Havre</NS0:name>
  </rdf:Description>
  <rdf:Description rdf:about='#A118600'>
    <rdf:type rdf:resource='http://www.daml.org/2001/12/factbook/factbook-ont#Port'/>
    <NS0:name>Algiers</NS0:name>
  </rdf:Description>
  <rdf:Description rdf:about='#A118692'>
    <rdf:type rdf:resource='http://www.daml.org/2001/12/factbook/factbook-ont#Port'/>
    <NS0:name>Peiraiefs or Piraeus</NS0:name>
  </rdf:Description>
  <rdf:Description rdf:about='#A118644'>
    <rdf:type rdf:resource='http://www.daml.org/2001/12/factbook/factbook-ont#Port'/>
    <NS0:name>Las Palmas</NS0:name>
  </rdf:Description>
  <rdf:Description rdf:about='#A118596'>
    <rdf:type rdf:resource='http://www.daml.org/2001/12/factbook/factbook-ont#Port'/>
    <NS0:name>Alexandria</NS0:name>
  </rdf:Description>
  <rdf:Description rdf:about='#A118688'>
    <rdf:type rdf:resource='http://www.daml.org/2001/12/factbook/factbook-ont#Port'/>
    <NS0:name>Oslo</NS0:name>
  </rdf:Description>
  <rdf:Description rdf:about='#A118640'>
    <rdf:type rdf:resource='http://www.daml.org/2001/12/factbook/factbook-ont#Port'/>
    <NS0:name>Helsinki</NS0:name>
  </rdf:Description>
  <rdf:Description rdf:about='#A118684'>
    <rdf:type rdf:resource='http://www.daml.org/2001/12/factbook/factbook-ont#Port'/>
    <NS0:name>Oran</NS0:name>
  </rdf:Description>
  <rdf:Description rdf:about='#A118636'>
    <rdf:type rdf:resource='http://www.daml.org/2001/12/factbook/factbook-ont#Port'/>
    <NS0:name>Hamburg</NS0:name>
  </rdf:Description>
  <rdf:Description rdf:about='#A118680'>
    <rdf:type rdf:resource='http://www.daml.org/2001/12/factbook/factbook-ont#Port'/>
    <NS0:name>New York</NS0:name>
  </rdf:Description>
  <rdf:Description rdf:about='#A118632'>
    <rdf:type rdf:resource='http://www.daml.org/2001/12/factbook/factbook-ont#Port'/>
    <NS0:name>Gdansk</NS0:name>
  </rdf:Description>
  <rdf:Description rdf:about='#A118676'>
    <rdf:type rdf:resource='http://www.daml.org/2001/12/factbook/factbook-ont#Port'/>
    <NS0:name>New Orleans</NS0:name>
  </rdf:Description>
  <rdf:Description rdf:about='#A118628'>
    <rdf:type rdf:resource='http://www.daml.org/2001/12/factbook/factbook-ont#Port'/>
    <NS0:name>Dakar</NS0:name>
  </rdf:Description>
</rdf:RDF>
