<?xml version="1.0" encoding="UTF-8"?><div class="match-list-date anchor" id="20140630" data-title="The matches of the 2014 FIFA World Cup Brazil™ - FIFA.com">
      <h3>
        <span class="h3-wrap">Monday 30 June</span>
      </h3>
      <div class="col-xs-12 clear-grid ">
        <div data-id="300186462" match-split="true" class="mu result">
          <a href="/worldcup/matches/round=255951/match=300186462/index.html#nosticky" class="mu-m-link">
            <div class="mu-i">
              <div class="mu-i-datetime">30 Jun 2014 - 13:00
                <span class="wrap-localtime">Local time</span>
              </div>
              <div class="mu-i-date">30 Jun 2014</div>
              <div class="mu-i-matchnum">Match 53</div>
              <div class="mu-i-group">Round of 16</div>
              <div class="mu-i-location">
                <div class="mu-i-stadium">Estadio Nacional</div>
                <div class="mu-i-venue">Brasilia</div>
              </div>
            </div>
            <div class="mu-day">
              <span class="t-day">30</span>
              <span class="t-month">Jun</span>
            </div>
            <div class="mu-m">
              <div class="t home" data-team-id="43946">
                <div class="t-i i-4">
                  <span class="t-i-wrap">
                    <img src="http://img.fifa.com/images/flags/4/fra.png" alt="France" class="FRA i-4-flag flag"/>
                  </span>
                </div>
                <div class="t-n">
                  <span class="t-nText ">France</span>
                  <span class="t-nTri">FRA</span>
                </div>
              </div>
              <div class="t away" data-team-id="43876">
                <div class="t-i i-4">
                  <span class="t-i-wrap">
                    <img src="http://img.fifa.com/images/flags/4/nga.png" alt="Nigeria" class="NGA i-4-flag flag"/>
                  </span>
                </div>
                <div class="t-n">
                  <span class="t-nText ">Nigeria</span>
                  <span class="t-nTri">NGA</span>
                </div>
              </div>
              <div class="s">
                <div class="s-fixture">
                  <div class="s-status">Full-time</div>
                  <div class="s-status-abbr">FT</div>
                  <div class="s-score s-date-HHmm" data-daymonthutc="3006">
                    <span class="s-scoreText">2-0</span>
                  </div>
                </div>
              </div>
              <div class="mu-reasonwin">
                <span class="text-reasonwin"/>
                <span class="icon-mrep"/>
                <span class="icon-hl"/>
              </div>
              <div class="mu-reasonwin-abbr">
                <span class="text-reasonwin"/>
                <span class="icon-mrep"/>
                <span class="icon-hl"/>
              </div>
            </div>
          </a>
        </div>
      </div>
      <div class="col-xs-12 clear-grid ">
        <div data-id="300186460" match-split="true" class="mu result">
          <a href="/worldcup/matches/round=255951/match=300186460/index.html#nosticky" class="mu-m-link">
            <div class="mu-i">
              <div class="mu-i-datetime">30 Jun 2014 - 17:00
                <span class="wrap-localtime">Local time</span>
              </div>
              <div class="mu-i-date">30 Jun 2014</div>
              <div class="mu-i-matchnum">Match 54</div>
              <div class="mu-i-group">Round of 16</div>
              <div class="mu-i-location">
                <div class="mu-i-stadium">Estadio Beira-Rio</div>
                <div class="mu-i-venue">Porto Alegre</div>
              </div>
            </div>
            <div class="mu-day">
              <span class="t-day">30</span>
              <span class="t-month">Jun</span>
            </div>
            <div class="mu-m">
              <div class="t home" data-team-id="43948">
                <div class="t-i i-4">
                  <span class="t-i-wrap">
                    <img src="http://img.fifa.com/images/flags/4/ger.png" alt="Germany" title="Germany" class="GER i-4-flag flag"/>
                  </span>
                </div>
                <div class="t-n">
                  <span class="t-nText ">Germany</span>
                  <span class="t-nTri">GER</span>
                </div>
              </div>
              <div class="t away" data-team-id="43843">
                <div class="t-i i-4">
                  <span class="t-i-wrap">
                    <img src="http://img.fifa.com/images/flags/4/alg.png" alt="Algeria" title="Algeria" class="ALG i-4-flag flag"/>
                  </span>
                </div>
                <div class="t-n">
                  <span class="t-nText ">Algeria</span>
                  <span class="t-nTri">ALG</span>
                </div>
              </div>
              <div class="s">
                <div class="s-fixture">
                  <div class="s-status">Full-time</div>
                  <div class="s-status-abbr">FT</div>
                  <div class="s-score s-date-HHmm" data-daymonthutc="3006">
                    <span class="s-scoreText">2-1</span>
                  </div>
                </div>
              </div>
              <div class="mu-reasonwin">
                <span class="text-reasonwin">Germany win after extra time</span>
                <span class="icon-mrep"/>
                <span class="icon-hl"/>
              </div>
              <div class="mu-reasonwin-abbr">
                <span class="text-reasonwin">AET</span>
                <span class="icon-mrep"/>
                <span class="icon-hl"/>
              </div>
            </div>
          </a>
        </div>
      </div>
    </div>