<?xml version="1.0" encoding="UTF-8"?><div class="match-list-date anchor" id="20140624" data-title="The matches of the 2014 FIFA World Cup Brazil™ - FIFA.com">
      <h3>
        <span class="h3-wrap">Tuesday 24 June</span>
      </h3>
      <div class="col-xs-12 clear-grid ">
        <div data-id="300186465" match-split="true" class="mu result">
          <a href="/worldcup/matches/round=255931/match=300186465/index.html#nosticky" class="mu-m-link">
            <div class="mu-i">
              <div class="mu-i-datetime">24 Jun 2014 - 13:00
                <span class="wrap-localtime">Local time</span>
              </div>
              <div class="mu-i-date">24 Jun 2014</div>
              <div class="mu-i-matchnum">Match 39</div>
              <div class="mu-i-group">Group D</div>
              <div class="mu-i-location">
                <div class="mu-i-stadium">Estadio das Dunas</div>
                <div class="mu-i-venue">Natal</div>
              </div>
            </div>
            <div class="mu-day">
              <span class="t-day">24</span>
              <span class="t-month">Jun</span>
            </div>
            <div class="mu-m">
              <div class="t home" data-team-id="43954">
                <div class="t-i i-4">
                  <span class="t-i-wrap">
                    <img src="http://img.fifa.com/images/flags/4/ita.png" alt="Italy" class="ITA i-4-flag flag"/>
                  </span>
                </div>
                <div class="t-n">
                  <span class="t-nText ">Italy</span>
                  <span class="t-nTri">ITA</span>
                </div>
              </div>
              <div class="t away" data-team-id="43930">
                <div class="t-i i-4">
                  <span class="t-i-wrap">
                    <img src="http://img.fifa.com/images/flags/4/uru.png" alt="Uruguay" class="URU i-4-flag flag"/>
                  </span>
                </div>
                <div class="t-n">
                  <span class="t-nText ">Uruguay</span>
                  <span class="t-nTri">URU</span>
                </div>
              </div>
              <div class="s">
                <div class="s-fixture">
                  <div class="s-status">Full-time</div>
                  <div class="s-status-abbr">FT</div>
                  <div class="s-score s-date-HHmm" data-daymonthutc="2406">
                    <span class="s-scoreText">0-1</span>
                  </div>
                </div>
              </div>
              <div class="mu-reasonwin">
                <span class="text-reasonwin"/>
                <span class="icon-mrep"/>
                <span class="icon-hl"/>
              </div>
              <div class="mu-reasonwin-abbr">
                <span class="text-reasonwin"/>
                <span class="icon-mrep"/>
                <span class="icon-hl"/>
              </div>
            </div>
          </a>
        </div>
      </div>
      <div class="col-xs-12 clear-grid ">
        <div data-id="300186484" match-split="true" class="mu result">
          <a href="/worldcup/matches/round=255931/match=300186484/index.html#nosticky" class="mu-m-link">
            <div class="mu-i">
              <div class="mu-i-datetime">24 Jun 2014 - 13:00
                <span class="wrap-localtime">Local time</span>
              </div>
              <div class="mu-i-date">24 Jun 2014</div>
              <div class="mu-i-matchnum">Match 40</div>
              <div class="mu-i-group">Group D</div>
              <div class="mu-i-location">
                <div class="mu-i-stadium">Estadio Mineirao</div>
                <div class="mu-i-venue">Belo Horizonte</div>
              </div>
            </div>
            <div class="mu-day">
              <span class="t-day">24</span>
              <span class="t-month">Jun</span>
            </div>
            <div class="mu-m">
              <div class="t home" data-team-id="43901">
                <div class="t-i i-4">
                  <span class="t-i-wrap">
                    <img src="http://img.fifa.com/images/flags/4/crc.png" alt="Costa Rica" class="CRC i-4-flag flag"/>
                  </span>
                </div>
                <div class="t-n">
                  <span class="t-nText ">Costa Rica</span>
                  <span class="t-nTri">CRC</span>
                </div>
              </div>
              <div class="t away" data-team-id="43942">
                <div class="t-i i-4">
                  <span class="t-i-wrap">
                    <img src="http://img.fifa.com/images/flags/4/eng.png" alt="England" class="ENG i-4-flag flag"/>
                  </span>
                </div>
                <div class="t-n">
                  <span class="t-nText ">England</span>
                  <span class="t-nTri">ENG</span>
                </div>
              </div>
              <div class="s">
                <div class="s-fixture">
                  <div class="s-status">Full-time</div>
                  <div class="s-status-abbr">FT</div>
                  <div class="s-score s-date-HHmm" data-daymonthutc="2406">
                    <span class="s-scoreText">0-0</span>
                  </div>
                </div>
              </div>
              <div class="mu-reasonwin">
                <span class="text-reasonwin"/>
                <span class="icon-mrep"/>
                <span class="icon-hl"/>
              </div>
              <div class="mu-reasonwin-abbr">
                <span class="text-reasonwin"/>
                <span class="icon-mrep"/>
                <span class="icon-hl"/>
              </div>
            </div>
          </a>
        </div>
      </div>
      <div class="col-xs-12 clear-grid ">
        <div data-id="300186457" match-split="true" class="mu result">
          <a href="/worldcup/matches/round=255931/match=300186457/index.html#nosticky" class="mu-m-link">
            <div class="mu-i">
              <div class="mu-i-datetime">24 Jun 2014 - 16:00
                <span class="wrap-localtime">Local time</span>
              </div>
              <div class="mu-i-date">24 Jun 2014</div>
              <div class="mu-i-matchnum">Match 37</div>
              <div class="mu-i-group">Group C</div>
              <div class="mu-i-location">
                <div class="mu-i-stadium">Arena Pantanal</div>
                <div class="mu-i-venue">Cuiaba</div>
              </div>
            </div>
            <div class="mu-day">
              <span class="t-day">24</span>
              <span class="t-month">Jun</span>
            </div>
            <div class="mu-m">
              <div class="t home" data-team-id="43819">
                <div class="t-i i-4">
                  <span class="t-i-wrap">
                    <img src="http://img.fifa.com/images/flags/4/jpn.png" alt="Japan" class="JPN i-4-flag flag"/>
                  </span>
                </div>
                <div class="t-n">
                  <span class="t-nText ">Japan</span>
                  <span class="t-nTri">JPN</span>
                </div>
              </div>
              <div class="t away" data-team-id="43926">
                <div class="t-i i-4">
                  <span class="t-i-wrap">
                    <img src="http://img.fifa.com/images/flags/4/col.png" alt="Colombia" class="COL i-4-flag flag"/>
                  </span>
                </div>
                <div class="t-n">
                  <span class="t-nText ">Colombia</span>
                  <span class="t-nTri">COL</span>
                </div>
              </div>
              <div class="s">
                <div class="s-fixture">
                  <div class="s-status">Full-time</div>
                  <div class="s-status-abbr">FT</div>
                  <div class="s-score s-date-HHmm" data-daymonthutc="2406">
                    <span class="s-scoreText">1-4</span>
                  </div>
                </div>
              </div>
              <div class="mu-reasonwin">
                <span class="text-reasonwin"/>
                <span class="icon-mrep"/>
                <span class="icon-hl"/>
              </div>
              <div class="mu-reasonwin-abbr">
                <span class="text-reasonwin"/>
                <span class="icon-mrep"/>
                <span class="icon-hl"/>
              </div>
            </div>
          </a>
        </div>
      </div>
      <div class="col-xs-12 clear-grid ">
        <div data-id="300186455" match-split="true" class="mu result">
          <a href="/worldcup/matches/round=255931/match=300186455/index.html#nosticky" class="mu-m-link">
            <div class="mu-i">
              <div class="mu-i-datetime">24 Jun 2014 - 17:00
                <span class="wrap-localtime">Local time</span>
              </div>
              <div class="mu-i-date">24 Jun 2014</div>
              <div class="mu-i-matchnum">Match 38</div>
              <div class="mu-i-group">Group C</div>
              <div class="mu-i-location">
                <div class="mu-i-stadium">Estadio Castelao</div>
                <div class="mu-i-venue">Fortaleza</div>
              </div>
            </div>
            <div class="mu-day">
              <span class="t-day">24</span>
              <span class="t-month">Jun</span>
            </div>
            <div class="mu-m">
              <div class="t home" data-team-id="43949">
                <div class="t-i i-4">
                  <span class="t-i-wrap">
                    <img src="http://img.fifa.com/images/flags/4/gre.png" alt="Greece" class="GRE i-4-flag flag"/>
                  </span>
                </div>
                <div class="t-n">
                  <span class="t-nText ">Greece</span>
                  <span class="t-nTri">GRE</span>
                </div>
              </div>
              <div class="t away" data-team-id="43854">
                <div class="t-i i-4">
                  <span class="t-i-wrap">
                    <img src="http://img.fifa.com/images/flags/4/civ.png" alt="Côte d'Ivoire" class="CIV i-4-flag flag"/>
                  </span>
                </div>
                <div class="t-n">
                  <span class="t-nText ">Côte d'Ivoire</span>
                  <span class="t-nTri">CIV</span>
                </div>
              </div>
              <div class="s">
                <div class="s-fixture">
                  <div class="s-status">Full-time</div>
                  <div class="s-status-abbr">FT</div>
                  <div class="s-score s-date-HHmm" data-daymonthutc="2406">
                    <span class="s-scoreText">2-1</span>
                  </div>
                </div>
              </div>
              <div class="mu-reasonwin">
                <span class="text-reasonwin"/>
                <span class="icon-mrep"/>
                <span class="icon-hl"/>
              </div>
              <div class="mu-reasonwin-abbr">
                <span class="text-reasonwin"/>
                <span class="icon-mrep"/>
                <span class="icon-hl"/>
              </div>
            </div>
          </a>
        </div>
      </div>
    </div>