<?xml version="1.0" encoding="UTF-8"?><div class="match-list-date anchor" id="20140618">
      <h3>
        <span class="h3-wrap">Wednesday 18 June</span>
      </h3>
      <div class="col-xs-12 clear-grid ">
        <div data-id="300186478" match-split="true" class="mu result">
          <a href="/worldcup/matches/round=255931/match=300186478/index.html#nosticky" class="mu-m-link">
            <div class="mu-i">
              <div class="mu-i-datetime">18 Jun 2014 - 13:00
                <span class="wrap-localtime">Local time</span>
              </div>
              <div class="mu-i-date">18 Jun 2014</div>
              <div class="mu-i-matchnum">Match 20</div>
              <div class="mu-i-group">Group B</div>
              <div class="mu-i-location">
                <div class="mu-i-stadium">Estadio Beira-Rio</div>
                <div class="mu-i-venue">Porto Alegre</div>
              </div>
            </div>
            <div class="mu-day">
              <span class="t-day">18</span>
              <span class="t-month">Jun</span>
            </div>
            <div class="mu-m">
              <div class="t home" data-team-id="43976">
                <div class="t-i i-4">
                  <span class="t-i-wrap">
                    <img src="http://img.fifa.com/images/flags/4/aus.png" alt="Australia" class="AUS i-4-flag flag"/>
                  </span>
                </div>
                <div class="t-n">
                  <span class="t-nText ">Australia</span>
                  <span class="t-nTri">AUS</span>
                </div>
              </div>
              <div class="t away" data-team-id="43960">
                <div class="t-i i-4">
                  <span class="t-i-wrap">
                    <img src="http://img.fifa.com/images/flags/4/ned.png" alt="Netherlands" class="NED i-4-flag flag"/>
                  </span>
                </div>
                <div class="t-n">
                  <span class="t-nText ">Netherlands</span>
                  <span class="t-nTri">NED</span>
                </div>
              </div>
              <div class="s">
                <div class="s-fixture">
                  <div class="s-status">Full-time</div>
                  <div class="s-status-abbr">FT</div>
                  <div class="s-score s-date-HHmm" data-daymonthutc="1806">
                    <span class="s-scoreText">2-3</span>
                  </div>
                </div>
              </div>
              <div class="mu-reasonwin">
                <span class="text-reasonwin"/>
                <span class="icon-mrep"/>
                <span class="icon-hl"/>
              </div>
              <div class="mu-reasonwin-abbr">
                <span class="text-reasonwin"/>
                <span class="icon-mrep"/>
                <span class="icon-hl"/>
              </div>
            </div>
          </a>
        </div>
      </div>
      <div class="col-xs-12 clear-grid ">
        <div data-id="300186498" match-split="true" class="mu result">
          <a href="/worldcup/matches/round=255931/match=300186498/index.html#nosticky" class="mu-m-link">
            <div class="mu-i">
              <div class="mu-i-datetime">18 Jun 2014 - 16:00
                <span class="wrap-localtime">Local time</span>
              </div>
              <div class="mu-i-date">18 Jun 2014</div>
              <div class="mu-i-matchnum">Match 19</div>
              <div class="mu-i-group">Group B</div>
              <div class="mu-i-location">
                <div class="mu-i-stadium">Estadio do Maracana</div>
                <div class="mu-i-venue">Rio De Janeiro</div>
              </div>
            </div>
            <div class="mu-day">
              <span class="t-day">18</span>
              <span class="t-month">Jun</span>
            </div>
            <div class="mu-m">
              <div class="t home" data-team-id="43969">
                <div class="t-i i-4">
                  <span class="t-i-wrap">
                    <img src="http://img.fifa.com/images/flags/4/esp.png" alt="Spain" class="ESP i-4-flag flag"/>
                  </span>
                </div>
                <div class="t-n">
                  <span class="t-nText ">Spain</span>
                  <span class="t-nTri">ESP</span>
                </div>
              </div>
              <div class="t away" data-team-id="43925">
                <div class="t-i i-4">
                  <span class="t-i-wrap">
                    <img src="http://img.fifa.com/images/flags/4/chi.png" alt="Chile" class="CHI i-4-flag flag"/>
                  </span>
                </div>
                <div class="t-n">
                  <span class="t-nText ">Chile</span>
                  <span class="t-nTri">CHI</span>
                </div>
              </div>
              <div class="s">
                <div class="s-fixture">
                  <div class="s-status">Full-time</div>
                  <div class="s-status-abbr">FT</div>
                  <div class="s-score s-date-HHmm" data-daymonthutc="1806">
                    <span class="s-scoreText">0-2</span>
                  </div>
                </div>
              </div>
              <div class="mu-reasonwin">
                <span class="text-reasonwin"/>
                <span class="icon-mrep"/>
                <span class="icon-hl"/>
              </div>
              <div class="mu-reasonwin-abbr">
                <span class="text-reasonwin"/>
                <span class="icon-mrep"/>
                <span class="icon-hl"/>
              </div>
            </div>
          </a>
        </div>
      </div>
      <div class="col-xs-12 clear-grid ">
        <div data-id="300186453" match-split="true" class="mu result">
          <a href="/worldcup/matches/round=255931/match=300186453/index.html#nosticky" class="mu-m-link">
            <div class="mu-i">
              <div class="mu-i-datetime">18 Jun 2014 - 18:00
                <span class="wrap-localtime">Local time</span>
              </div>
              <div class="mu-i-date">18 Jun 2014</div>
              <div class="mu-i-matchnum">Match 18</div>
              <div class="mu-i-group">Group A</div>
              <div class="mu-i-location">
                <div class="mu-i-stadium">Arena Amazonia</div>
                <div class="mu-i-venue">Manaus</div>
              </div>
            </div>
            <div class="mu-day">
              <span class="t-day">18</span>
              <span class="t-month">Jun</span>
            </div>
            <div class="mu-m">
              <div class="t home" data-team-id="43849">
                <div class="t-i i-4">
                  <span class="t-i-wrap">
                    <img src="http://img.fifa.com/images/flags/4/cmr.png" alt="Cameroon" title="Cameroon" class="CMR i-4-flag flag"/>
                  </span>
                </div>
                <div class="t-n">
                  <span class="t-nText ">Cameroon</span>
                  <span class="t-nTri">CMR</span>
                </div>
              </div>
              <div class="t away" data-team-id="43938">
                <div class="t-i i-4">
                  <span class="t-i-wrap">
                    <img src="http://img.fifa.com/images/flags/4/cro.png" alt="Croatia" title="Croatia" class="CRO i-4-flag flag"/>
                  </span>
                </div>
                <div class="t-n">
                  <span class="t-nText ">Croatia</span>
                  <span class="t-nTri">CRO</span>
                </div>
              </div>
              <div class="s">
                <div class="s-fixture">
                  <div class="s-status">Full-time</div>
                  <div class="s-status-abbr">FT</div>
                  <div class="s-score s-date-HHmm" data-daymonthutc="1806">
                    <span class="s-scoreText">0-4</span>
                  </div>
                </div>
              </div>
              <div class="mu-reasonwin">
                <span class="text-reasonwin"/>
                <span class="icon-mrep"/>
                <span class="icon-hl"/>
              </div>
              <div class="mu-reasonwin-abbr">
                <span class="text-reasonwin"/>
                <span class="icon-mrep"/>
                <span class="icon-hl"/>
              </div>
            </div>
          </a>
        </div>
      </div>
    </div>