<?xml version="1.0" encoding="UTF-8"?><div class="match-list-date anchor" id="20140616">
      <h3>
        <span class="h3-wrap">Monday 16 June</span>
      </h3>
      <div class="col-xs-12 clear-grid ">
        <div data-id="300186475" match-split="true" class="mu result">
          <a href="/worldcup/matches/round=255931/match=300186475/index.html#nosticky" class="mu-m-link">
            <div class="mu-i">
              <div class="mu-i-datetime">16 Jun 2014 - 13:00
                <span class="wrap-localtime">Local time</span>
              </div>
              <div class="mu-i-date">16 Jun 2014</div>
              <div class="mu-i-matchnum">Match 13</div>
              <div class="mu-i-group">Group G</div>
              <div class="mu-i-location">
                <div class="mu-i-stadium">Arena Fonte Nova</div>
                <div class="mu-i-venue">Salvador</div>
              </div>
            </div>
            <div class="mu-day">
              <span class="t-day">16</span>
              <span class="t-month">Jun</span>
            </div>
            <div class="mu-m">
              <div class="t home" data-team-id="43948">
                <div class="t-i i-4">
                  <span class="t-i-wrap">
                    <img src="http://img.fifa.com/images/flags/4/ger.png" alt="Germany" class="GER i-4-flag flag"/>
                  </span>
                </div>
                <div class="t-n">
                  <span class="t-nText ">Germany</span>
                  <span class="t-nTri">GER</span>
                </div>
              </div>
              <div class="t away" data-team-id="43963">
                <div class="t-i i-4">
                  <span class="t-i-wrap">
                    <img src="http://img.fifa.com/images/flags/4/por.png" alt="Portugal" class="POR i-4-flag flag"/>
                  </span>
                </div>
                <div class="t-n">
                  <span class="t-nText ">Portugal</span>
                  <span class="t-nTri">POR</span>
                </div>
              </div>
              <div class="s">
                <div class="s-fixture">
                  <div class="s-status">Full-time</div>
                  <div class="s-status-abbr">FT</div>
                  <div class="s-score s-date-HHmm" data-daymonthutc="1606">
                    <span class="s-scoreText">4-0</span>
                  </div>
                </div>
              </div>
              <div class="mu-reasonwin">
                <span class="text-reasonwin"/>
                <span class="icon-mrep"/>
                <span class="icon-hl"/>
              </div>
              <div class="mu-reasonwin-abbr">
                <span class="text-reasonwin"/>
                <span class="icon-mrep"/>
                <span class="icon-hl"/>
              </div>
            </div>
          </a>
        </div>
      </div>
      <div class="col-xs-12 clear-grid ">
        <div data-id="300186505" match-split="true" class="mu result">
          <a href="/worldcup/matches/round=255931/match=300186505/index.html#nosticky" class="mu-m-link">
            <div class="mu-i">
              <div class="mu-i-datetime">16 Jun 2014 - 16:00
                <span class="wrap-localtime">Local time</span>
              </div>
              <div class="mu-i-date">16 Jun 2014</div>
              <div class="mu-i-matchnum">Match 12</div>
              <div class="mu-i-group">Group F</div>
              <div class="mu-i-location">
                <div class="mu-i-stadium">Arena da Baixada</div>
                <div class="mu-i-venue">Curitiba</div>
              </div>
            </div>
            <div class="mu-day">
              <span class="t-day">16</span>
              <span class="t-month">Jun</span>
            </div>
            <div class="mu-m">
              <div class="t home" data-team-id="43817">
                <div class="t-i i-4">
                  <span class="t-i-wrap">
                    <img src="http://img.fifa.com/images/flags/4/irn.png" alt="Iran" class="IRN i-4-flag flag"/>
                  </span>
                </div>
                <div class="t-n">
                  <span class="t-nText ">Iran</span>
                  <span class="t-nTri">IRN</span>
                </div>
              </div>
              <div class="t away" data-team-id="43876">
                <div class="t-i i-4">
                  <span class="t-i-wrap">
                    <img src="http://img.fifa.com/images/flags/4/nga.png" alt="Nigeria" class="NGA i-4-flag flag"/>
                  </span>
                </div>
                <div class="t-n">
                  <span class="t-nText ">Nigeria</span>
                  <span class="t-nTri">NGA</span>
                </div>
              </div>
              <div class="s">
                <div class="s-fixture">
                  <div class="s-status">Full-time</div>
                  <div class="s-status-abbr">FT</div>
                  <div class="s-score s-date-HHmm" data-daymonthutc="1606">
                    <span class="s-scoreText">0-0</span>
                  </div>
                </div>
              </div>
              <div class="mu-reasonwin">
                <span class="text-reasonwin"/>
                <span class="icon-mrep"/>
                <span class="icon-hl"/>
              </div>
              <div class="mu-reasonwin-abbr">
                <span class="text-reasonwin"/>
                <span class="icon-mrep"/>
                <span class="icon-hl"/>
              </div>
            </div>
          </a>
        </div>
      </div>
      <div class="col-xs-12 clear-grid ">
        <div data-id="300186512" match-split="true" class="mu result">
          <a href="/worldcup/matches/round=255931/match=300186512/index.html#nosticky" class="mu-m-link">
            <div class="mu-i">
              <div class="mu-i-datetime">16 Jun 2014 - 19:00
                <span class="wrap-localtime">Local time</span>
              </div>
              <div class="mu-i-date">16 Jun 2014</div>
              <div class="mu-i-matchnum">Match 14</div>
              <div class="mu-i-group">Group G</div>
              <div class="mu-i-location">
                <div class="mu-i-stadium">Estadio das Dunas</div>
                <div class="mu-i-venue">Natal</div>
              </div>
            </div>
            <div class="mu-day">
              <span class="t-day">16</span>
              <span class="t-month">Jun</span>
            </div>
            <div class="mu-m">
              <div class="t home" data-team-id="43860">
                <div class="t-i i-4">
                  <span class="t-i-wrap">
                    <img src="http://img.fifa.com/images/flags/4/gha.png" alt="Ghana" class="GHA i-4-flag flag"/>
                  </span>
                </div>
                <div class="t-n">
                  <span class="t-nText ">Ghana</span>
                  <span class="t-nTri">GHA</span>
                </div>
              </div>
              <div class="t away" data-team-id="43921">
                <div class="t-i i-4">
                  <span class="t-i-wrap">
                    <img src="http://img.fifa.com/images/flags/4/usa.png" alt="USA" class="USA i-4-flag flag"/>
                  </span>
                </div>
                <div class="t-n">
                  <span class="t-nText ">USA</span>
                  <span class="t-nTri">USA</span>
                </div>
              </div>
              <div class="s">
                <div class="s-fixture">
                  <div class="s-status">Full-time</div>
                  <div class="s-status-abbr">FT</div>
                  <div class="s-score s-date-HHmm" data-daymonthutc="1606">
                    <span class="s-scoreText">1-2</span>
                  </div>
                </div>
              </div>
              <div class="mu-reasonwin">
                <span class="text-reasonwin"/>
                <span class="icon-mrep"/>
                <span class="icon-hl"/>
              </div>
              <div class="mu-reasonwin-abbr">
                <span class="text-reasonwin"/>
                <span class="icon-mrep"/>
                <span class="icon-hl"/>
              </div>
            </div>
          </a>
        </div>
      </div>
    </div>