<?xml version="1.0" encoding="UTF-8"?><div class="match-list-date anchor" id="20140701">
      <h3>
        <span class="h3-wrap">Tuesday 01 July</span>
      </h3>
      <div class="col-xs-12 clear-grid ">
        <div data-id="300186503" match-split="true" class="mu result">
          <a href="/worldcup/matches/round=255951/match=300186503/index.html#nosticky" class="mu-m-link">
            <div class="mu-i">
              <div class="mu-i-datetime">01 Jul 2014 - 13:00
                <span class="wrap-localtime">Local time</span>
              </div>
              <div class="mu-i-date">01 Jul 2014</div>
              <div class="mu-i-matchnum">Match 55</div>
              <div class="mu-i-group">Round of 16</div>
              <div class="mu-i-location">
                <div class="mu-i-stadium">Arena de Sao Paulo</div>
                <div class="mu-i-venue">Sao Paulo</div>
              </div>
            </div>
            <div class="mu-day">
              <span class="t-day">01</span>
              <span class="t-month">Jul</span>
            </div>
            <div class="mu-m">
              <div class="t home" data-team-id="43922">
                <div class="t-i i-4">
                  <span class="t-i-wrap">
                    <img src="http://img.fifa.com/images/flags/4/arg.png" alt="Argentina" class="ARG i-4-flag flag"/>
                  </span>
                </div>
                <div class="t-n">
                  <span class="t-nText ">Argentina</span>
                  <span class="t-nTri">ARG</span>
                </div>
              </div>
              <div class="t away" data-team-id="43971">
                <div class="t-i i-4">
                  <span class="t-i-wrap">
                    <img src="http://img.fifa.com/images/flags/4/sui.png" alt="Switzerland" class="SUI i-4-flag flag"/>
                  </span>
                </div>
                <div class="t-n">
                  <span class="t-nText ">Switzerland</span>
                  <span class="t-nTri">SUI</span>
                </div>
              </div>
              <div class="s">
                <div class="s-fixture">
                  <div class="s-status">Full-time</div>
                  <div class="s-status-abbr">FT</div>
                  <div class="s-score s-date-HHmm" data-daymonthutc="0107">
                    <span class="s-scoreText">1-0</span>
                  </div>
                </div>
              </div>
              <div class="mu-reasonwin">
                <span class="text-reasonwin">Argentina win after extra time</span>
                <span class="icon-mrep"/>
                <span class="icon-hl"/>
              </div>
              <div class="mu-reasonwin-abbr">
                <span class="text-reasonwin">AET</span>
                <span class="icon-mrep"/>
                <span class="icon-hl"/>
              </div>
            </div>
          </a>
        </div>
      </div>
      <div class="col-xs-12 clear-grid ">
        <div data-id="300186497" match-split="true" class="mu result">
          <a href="/worldcup/matches/round=255951/match=300186497/index.html#nosticky" class="mu-m-link">
            <div class="mu-i">
              <div class="mu-i-datetime">01 Jul 2014 - 17:00
                <span class="wrap-localtime">Local time</span>
              </div>
              <div class="mu-i-date">01 Jul 2014</div>
              <div class="mu-i-matchnum">Match 56</div>
              <div class="mu-i-group">Round of 16</div>
              <div class="mu-i-location">
                <div class="mu-i-stadium">Arena Fonte Nova</div>
                <div class="mu-i-venue">Salvador</div>
              </div>
            </div>
            <div class="mu-day">
              <span class="t-day">01</span>
              <span class="t-month">Jul</span>
            </div>
            <div class="mu-m">
              <div class="t home" data-team-id="43935">
                <div class="t-i i-4">
                  <span class="t-i-wrap">
                    <img src="http://img.fifa.com/images/flags/4/bel.png" alt="Belgium" class="BEL i-4-flag flag"/>
                  </span>
                </div>
                <div class="t-n">
                  <span class="t-nText ">Belgium</span>
                  <span class="t-nTri">BEL</span>
                </div>
              </div>
              <div class="t away" data-team-id="43921">
                <div class="t-i i-4">
                  <span class="t-i-wrap">
                    <img src="http://img.fifa.com/images/flags/4/usa.png" alt="USA" class="USA i-4-flag flag"/>
                  </span>
                </div>
                <div class="t-n">
                  <span class="t-nText ">USA</span>
                  <span class="t-nTri">USA</span>
                </div>
              </div>
              <div class="s">
                <div class="s-fixture">
                  <div class="s-status">Full-time</div>
                  <div class="s-status-abbr">FT</div>
                  <div class="s-score s-date-HHmm" data-daymonthutc="0107">
                    <span class="s-scoreText">2-1</span>
                  </div>
                </div>
              </div>
              <div class="mu-reasonwin">
                <span class="text-reasonwin">Belgium win after extra time</span>
                <span class="icon-mrep"/>
                <span class="icon-hl"/>
              </div>
              <div class="mu-reasonwin-abbr">
                <span class="text-reasonwin">AET</span>
                <span class="icon-mrep"/>
                <span class="icon-hl"/>
              </div>
            </div>
          </a>
        </div>
      </div>
    </div>