<?xml version="1.0" encoding="UTF-8"?><div class="match-list-date anchor" id="20140612">
      <h3>
        <span class="h3-wrap">Thursday 12 June</span>
      </h3>
      <div class="col-xs-12 clear-grid ">
        <div data-id="300186456" match-split="true" class="mu result">
          <a href="/worldcup/matches/round=255931/match=300186456/index.html#nosticky" class="mu-m-link">
            <div class="mu-i">
              <div class="mu-i-datetime">12 Jun 2014 - 17:00
                <span class="wrap-localtime">Local time</span>
              </div>
              <div class="mu-i-date">12 Jun 2014</div>
              <div class="mu-i-matchnum">Match 1</div>
              <div class="mu-i-group">Group A</div>
              <div class="mu-i-location">
                <div class="mu-i-stadium">Arena de Sao Paulo</div>
                <div class="mu-i-venue">Sao Paulo</div>
              </div>
            </div>
            <div class="mu-day">
              <span class="t-day">12</span>
              <span class="t-month">Jun</span>
            </div>
            <div class="mu-m">
              <div class="t home" data-team-id="43924">
                <div class="t-i i-4">
                  <span class="t-i-wrap">
                    <img src="http://img.fifa.com/images/flags/4/bra.png" alt="Brazil" title="Brazil" class="BRA i-4-flag flag"/>
                  </span>
                </div>
                <div class="t-n">
                  <span class="t-nText ">Brazil</span>
                  <span class="t-nTri">BRA</span>
                </div>
              </div>
              <div class="t away" data-team-id="43938">
                <div class="t-i i-4">
                  <span class="t-i-wrap">
                    <img src="http://img.fifa.com/images/flags/4/cro.png" alt="Croatia" title="Croatia" class="CRO i-4-flag flag"/>
                  </span>
                </div>
                <div class="t-n">
                  <span class="t-nText ">Croatia</span>
                  <span class="t-nTri">CRO</span>
                </div>
              </div>
              <div class="s">
                <div class="s-fixture">
                  <div class="s-status">Full-time</div>
                  <div class="s-status-abbr">FT</div>
                  <div class="s-score s-date-HHmm" data-daymonthutc="1206">
                    <span class="s-scoreText">3-1</span>
                  </div>
                </div>
              </div>
              <div class="mu-reasonwin">
                <span class="text-reasonwin"/>
                <span class="icon-mrep"/>
                <span class="icon-hl"/>
              </div>
              <div class="mu-reasonwin-abbr">
                <span class="text-reasonwin"/>
                <span class="icon-mrep"/>
                <span class="icon-hl"/>
              </div>
            </div>
          </a>
        </div>
      </div>
    </div>