<?xml version="1.0" encoding="UTF-8"?><div class="match-list-date anchor" id="20140626" data-title="The matches of the 2014 FIFA World Cup Brazil™ - FIFA.com">
      <h3>
        <span class="h3-wrap">Thursday 26 June</span>
      </h3>
      <div class="col-xs-12 clear-grid ">
        <div data-id="300186476" match-split="true" class="mu result">
          <a href="/worldcup/matches/round=255931/match=300186476/index.html#nosticky" class="mu-m-link">
            <div class="mu-i">
              <div class="mu-i-datetime">26 Jun 2014 - 13:00
                <span class="wrap-localtime">Local time</span>
              </div>
              <div class="mu-i-date">26 Jun 2014</div>
              <div class="mu-i-matchnum">Match 46</div>
              <div class="mu-i-group">Group G</div>
              <div class="mu-i-location">
                <div class="mu-i-stadium">Estadio Nacional</div>
                <div class="mu-i-venue">Brasilia</div>
              </div>
            </div>
            <div class="mu-day">
              <span class="t-day">26</span>
              <span class="t-month">Jun</span>
            </div>
            <div class="mu-m">
              <div class="t home" data-team-id="43963">
                <div class="t-i i-4">
                  <span class="t-i-wrap">
                    <img src="http://img.fifa.com/images/flags/4/por.png" alt="Portugal" class="POR i-4-flag flag"/>
                  </span>
                </div>
                <div class="t-n">
                  <span class="t-nText ">Portugal</span>
                  <span class="t-nTri">POR</span>
                </div>
              </div>
              <div class="t away" data-team-id="43860">
                <div class="t-i i-4">
                  <span class="t-i-wrap">
                    <img src="http://img.fifa.com/images/flags/4/gha.png" alt="Ghana" class="GHA i-4-flag flag"/>
                  </span>
                </div>
                <div class="t-n">
                  <span class="t-nText ">Ghana</span>
                  <span class="t-nTri">GHA</span>
                </div>
              </div>
              <div class="s">
                <div class="s-fixture">
                  <div class="s-status">Full-time</div>
                  <div class="s-status-abbr">FT</div>
                  <div class="s-score s-date-HHmm" data-daymonthutc="2606">
                    <span class="s-scoreText">2-1</span>
                  </div>
                </div>
              </div>
              <div class="mu-reasonwin">
                <span class="text-reasonwin"/>
                <span class="icon-mrep"/>
                <span class="icon-hl"/>
              </div>
              <div class="mu-reasonwin-abbr">
                <span class="text-reasonwin"/>
                <span class="icon-mrep"/>
                <span class="icon-hl"/>
              </div>
            </div>
          </a>
        </div>
      </div>
      <div class="col-xs-12 clear-grid ">
        <div data-id="300186469" match-split="true" class="mu result">
          <a href="/worldcup/matches/round=255931/match=300186469/index.html#nosticky" class="mu-m-link">
            <div class="mu-i">
              <div class="mu-i-datetime">26 Jun 2014 - 13:00
                <span class="wrap-localtime">Local time</span>
              </div>
              <div class="mu-i-date">26 Jun 2014</div>
              <div class="mu-i-matchnum">Match 45</div>
              <div class="mu-i-group">Group G</div>
              <div class="mu-i-location">
                <div class="mu-i-stadium">Arena Pernambuco</div>
                <div class="mu-i-venue">Recife</div>
              </div>
            </div>
            <div class="mu-day">
              <span class="t-day">26</span>
              <span class="t-month">Jun</span>
            </div>
            <div class="mu-m">
              <div class="t home" data-team-id="43921">
                <div class="t-i i-4">
                  <span class="t-i-wrap">
                    <img src="http://img.fifa.com/images/flags/4/usa.png" alt="USA" class="USA i-4-flag flag"/>
                  </span>
                </div>
                <div class="t-n">
                  <span class="t-nText ">USA</span>
                  <span class="t-nTri">USA</span>
                </div>
              </div>
              <div class="t away" data-team-id="43948">
                <div class="t-i i-4">
                  <span class="t-i-wrap">
                    <img src="http://img.fifa.com/images/flags/4/ger.png" alt="Germany" class="GER i-4-flag flag"/>
                  </span>
                </div>
                <div class="t-n">
                  <span class="t-nText ">Germany</span>
                  <span class="t-nTri">GER</span>
                </div>
              </div>
              <div class="s">
                <div class="s-fixture">
                  <div class="s-status">Full-time</div>
                  <div class="s-status-abbr">FT</div>
                  <div class="s-score s-date-HHmm" data-daymonthutc="2606">
                    <span class="s-scoreText">0-1</span>
                  </div>
                </div>
              </div>
              <div class="mu-reasonwin">
                <span class="text-reasonwin"/>
                <span class="icon-mrep"/>
                <span class="icon-hl"/>
              </div>
              <div class="mu-reasonwin-abbr">
                <span class="text-reasonwin"/>
                <span class="icon-mrep"/>
                <span class="icon-hl"/>
              </div>
            </div>
          </a>
        </div>
      </div>
      <div class="col-xs-12 clear-grid ">
        <div data-id="300186480" match-split="true" class="mu result">
          <a href="/worldcup/matches/round=255931/match=300186480/index.html#nosticky" class="mu-m-link">
            <div class="mu-i">
              <div class="mu-i-datetime">26 Jun 2014 - 17:00
                <span class="wrap-localtime">Local time</span>
              </div>
              <div class="mu-i-date">26 Jun 2014</div>
              <div class="mu-i-matchnum">Match 47</div>
              <div class="mu-i-group">Group H</div>
              <div class="mu-i-location">
                <div class="mu-i-stadium">Arena de Sao Paulo</div>
                <div class="mu-i-venue">Sao Paulo</div>
              </div>
            </div>
            <div class="mu-day">
              <span class="t-day">26</span>
              <span class="t-month">Jun</span>
            </div>
            <div class="mu-m">
              <div class="t home" data-team-id="43822">
                <div class="t-i i-4">
                  <span class="t-i-wrap">
                    <img src="http://img.fifa.com/images/flags/4/kor.png" alt="Korea Republic" class="KOR i-4-flag flag"/>
                  </span>
                </div>
                <div class="t-n">
                  <span class="t-nText ">Korea Republic</span>
                  <span class="t-nTri">KOR</span>
                </div>
              </div>
              <div class="t away" data-team-id="43935">
                <div class="t-i i-4">
                  <span class="t-i-wrap">
                    <img src="http://img.fifa.com/images/flags/4/bel.png" alt="Belgium" class="BEL i-4-flag flag"/>
                  </span>
                </div>
                <div class="t-n">
                  <span class="t-nText ">Belgium</span>
                  <span class="t-nTri">BEL</span>
                </div>
              </div>
              <div class="s">
                <div class="s-fixture">
                  <div class="s-status">Full-time</div>
                  <div class="s-status-abbr">FT</div>
                  <div class="s-score s-date-HHmm" data-daymonthutc="2606">
                    <span class="s-scoreText">0-1</span>
                  </div>
                </div>
              </div>
              <div class="mu-reasonwin">
                <span class="text-reasonwin"/>
                <span class="icon-mrep"/>
                <span class="icon-hl"/>
              </div>
              <div class="mu-reasonwin-abbr">
                <span class="text-reasonwin"/>
                <span class="icon-mrep"/>
                <span class="icon-hl"/>
              </div>
            </div>
          </a>
        </div>
      </div>
      <div class="col-xs-12 clear-grid ">
        <div data-id="300186506" match-split="true" class="mu result">
          <a href="/worldcup/matches/round=255931/match=300186506/index.html#nosticky" class="mu-m-link">
            <div class="mu-i">
              <div class="mu-i-datetime">26 Jun 2014 - 17:00
                <span class="wrap-localtime">Local time</span>
              </div>
              <div class="mu-i-date">26 Jun 2014</div>
              <div class="mu-i-matchnum">Match 48</div>
              <div class="mu-i-group">Group H</div>
              <div class="mu-i-location">
                <div class="mu-i-stadium">Arena da Baixada</div>
                <div class="mu-i-venue">Curitiba</div>
              </div>
            </div>
            <div class="mu-day">
              <span class="t-day">26</span>
              <span class="t-month">Jun</span>
            </div>
            <div class="mu-m">
              <div class="t home" data-team-id="43843">
                <div class="t-i i-4">
                  <span class="t-i-wrap">
                    <img src="http://img.fifa.com/images/flags/4/alg.png" alt="Algeria" class="ALG i-4-flag flag"/>
                  </span>
                </div>
                <div class="t-n">
                  <span class="t-nText ">Algeria</span>
                  <span class="t-nTri">ALG</span>
                </div>
              </div>
              <div class="t away" data-team-id="43965">
                <div class="t-i i-4">
                  <span class="t-i-wrap">
                    <img src="http://img.fifa.com/images/flags/4/rus.png" alt="Russia" class="RUS i-4-flag flag"/>
                  </span>
                </div>
                <div class="t-n">
                  <span class="t-nText ">Russia</span>
                  <span class="t-nTri">RUS</span>
                </div>
              </div>
              <div class="s">
                <div class="s-fixture">
                  <div class="s-status">Full-time</div>
                  <div class="s-status-abbr">FT</div>
                  <div class="s-score s-date-HHmm" data-daymonthutc="2606">
                    <span class="s-scoreText">1-1</span>
                  </div>
                </div>
              </div>
              <div class="mu-reasonwin">
                <span class="text-reasonwin"/>
                <span class="icon-mrep"/>
                <span class="icon-hl"/>
              </div>
              <div class="mu-reasonwin-abbr">
                <span class="text-reasonwin"/>
                <span class="icon-mrep"/>
                <span class="icon-hl"/>
              </div>
            </div>
          </a>
        </div>
      </div>
    </div>