<?xml version="1.0" encoding="UTF-8"?><div class="match-list-date anchor" id="20140628">
      <h3>
        <span class="h3-wrap">Saturday 28 June</span>
      </h3>
      <div class="col-xs-12 clear-grid ">
        <div data-id="300186487" match-split="true" class="mu result">
          <a href="/worldcup/matches/round=255951/match=300186487/index.html#nosticky" class="mu-m-link">
            <div class="mu-i">
              <div class="mu-i-datetime">28 Jun 2014 - 13:00
                <span class="wrap-localtime">Local time</span>
              </div>
              <div class="mu-i-date">28 Jun 2014</div>
              <div class="mu-i-matchnum">Match 49</div>
              <div class="mu-i-group">Round of 16</div>
              <div class="mu-i-location">
                <div class="mu-i-stadium">Estadio Mineirao</div>
                <div class="mu-i-venue">Belo Horizonte</div>
              </div>
            </div>
            <div class="mu-day">
              <span class="t-day">28</span>
              <span class="t-month">Jun</span>
            </div>
            <div class="mu-m">
              <div class="t home" data-team-id="43924">
                <div class="t-i i-4">
                  <span class="t-i-wrap">
                    <img src="http://img.fifa.com/images/flags/4/bra.png" alt="Brazil" class="BRA i-4-flag flag"/>
                  </span>
                </div>
                <div class="t-n">
                  <span class="t-nText ">Brazil</span>
                  <span class="t-nTri">BRA</span>
                </div>
              </div>
              <div class="t away" data-team-id="43925">
                <div class="t-i i-4">
                  <span class="t-i-wrap">
                    <img src="http://img.fifa.com/images/flags/4/chi.png" alt="Chile" class="CHI i-4-flag flag"/>
                  </span>
                </div>
                <div class="t-n">
                  <span class="t-nText ">Chile</span>
                  <span class="t-nTri">CHI</span>
                </div>
              </div>
              <div class="s">
                <div class="s-fixture">
                  <div class="s-status">Full-time</div>
                  <div class="s-status-abbr">FT</div>
                  <div class="s-score s-date-HHmm" data-daymonthutc="2806">
                    <span class="s-scoreText">1-1</span>
                  </div>
                </div>
              </div>
              <div class="mu-reasonwin">
                <span class="text-reasonwin">Brazil win on penalties (3 - 2)</span>
                <span class="icon-mrep"/>
                <span class="icon-hl"/>
              </div>
              <div class="mu-reasonwin-abbr">
                <span class="text-reasonwin">PSO (3 - 2)</span>
                <span class="icon-mrep"/>
                <span class="icon-hl"/>
              </div>
            </div>
          </a>
        </div>
      </div>
      <div class="col-xs-12 clear-grid ">
        <div data-id="300186491" match-split="true" class="mu result">
          <a href="/worldcup/matches/round=255951/match=300186491/index.html#nosticky" class="mu-m-link">
            <div class="mu-i">
              <div class="mu-i-datetime">28 Jun 2014 - 17:00
                <span class="wrap-localtime">Local time</span>
              </div>
              <div class="mu-i-date">28 Jun 2014</div>
              <div class="mu-i-matchnum">Match 50</div>
              <div class="mu-i-group">Round of 16</div>
              <div class="mu-i-location">
                <div class="mu-i-stadium">Estadio do Maracana</div>
                <div class="mu-i-venue">Rio De Janeiro</div>
              </div>
            </div>
            <div class="mu-day">
              <span class="t-day">28</span>
              <span class="t-month">Jun</span>
            </div>
            <div class="mu-m">
              <div class="t home" data-team-id="43926">
                <div class="t-i i-4">
                  <span class="t-i-wrap">
                    <img src="http://img.fifa.com/images/flags/4/col.png" alt="Colombia" class="COL i-4-flag flag"/>
                  </span>
                </div>
                <div class="t-n">
                  <span class="t-nText ">Colombia</span>
                  <span class="t-nTri">COL</span>
                </div>
              </div>
              <div class="t away" data-team-id="43930">
                <div class="t-i i-4">
                  <span class="t-i-wrap">
                    <img src="http://img.fifa.com/images/flags/4/uru.png" alt="Uruguay" class="URU i-4-flag flag"/>
                  </span>
                </div>
                <div class="t-n">
                  <span class="t-nText ">Uruguay</span>
                  <span class="t-nTri">URU</span>
                </div>
              </div>
              <div class="s">
                <div class="s-fixture">
                  <div class="s-status">Full-time</div>
                  <div class="s-status-abbr">FT</div>
                  <div class="s-score s-date-HHmm" data-daymonthutc="2806">
                    <span class="s-scoreText">2-0</span>
                  </div>
                </div>
              </div>
              <div class="mu-reasonwin">
                <span class="text-reasonwin"/>
                <span class="icon-mrep"/>
                <span class="icon-hl"/>
              </div>
              <div class="mu-reasonwin-abbr">
                <span class="text-reasonwin"/>
                <span class="icon-mrep"/>
                <span class="icon-hl"/>
              </div>
            </div>
          </a>
        </div>
      </div>
    </div>