<?xml version="1.0" encoding="UTF-8"?><div class="match-list-date anchor" id="20140614">
      <h3>
        <span class="h3-wrap">Saturday 14 June</span>
      </h3>
      <div class="col-xs-12 clear-grid ">
        <div data-id="300186471" match-split="true" class="mu result">
          <a href="/worldcup/matches/round=255931/match=300186471/index.html#nosticky" class="mu-m-link">
            <div class="mu-i">
              <div class="mu-i-datetime">14 Jun 2014 - 13:00
                <span class="wrap-localtime">Local time</span>
              </div>
              <div class="mu-i-date">14 Jun 2014</div>
              <div class="mu-i-matchnum">Match 5</div>
              <div class="mu-i-group">Group C</div>
              <div class="mu-i-location">
                <div class="mu-i-stadium">Estadio Mineirao</div>
                <div class="mu-i-venue">Belo Horizonte</div>
              </div>
            </div>
            <div class="mu-day">
              <span class="t-day">14</span>
              <span class="t-month">Jun</span>
            </div>
            <div class="mu-m">
              <div class="t home" data-team-id="43926">
                <div class="t-i i-4">
                  <span class="t-i-wrap">
                    <img src="http://img.fifa.com/images/flags/4/col.png" alt="Colombia" class="COL i-4-flag flag"/>
                  </span>
                </div>
                <div class="t-n">
                  <span class="t-nText ">Colombia</span>
                  <span class="t-nTri">COL</span>
                </div>
              </div>
              <div class="t away" data-team-id="43949">
                <div class="t-i i-4">
                  <span class="t-i-wrap">
                    <img src="http://img.fifa.com/images/flags/4/gre.png" alt="Greece" class="GRE i-4-flag flag"/>
                  </span>
                </div>
                <div class="t-n">
                  <span class="t-nText ">Greece</span>
                  <span class="t-nTri">GRE</span>
                </div>
              </div>
              <div class="s">
                <div class="s-fixture">
                  <div class="s-status">Full-time</div>
                  <div class="s-status-abbr">FT</div>
                  <div class="s-score s-date-HHmm" data-daymonthutc="1406">
                    <span class="s-scoreText">3-0</span>
                  </div>
                </div>
              </div>
              <div class="mu-reasonwin">
                <span class="text-reasonwin"/>
                <span class="icon-mrep"/>
                <span class="icon-hl"/>
              </div>
              <div class="mu-reasonwin-abbr">
                <span class="text-reasonwin"/>
                <span class="icon-mrep"/>
                <span class="icon-hl"/>
              </div>
            </div>
          </a>
        </div>
      </div>
      <div class="col-xs-12 clear-grid ">
        <div data-id="300186489" match-split="true" class="mu result">
          <a href="/worldcup/matches/round=255931/match=300186489/index.html#nosticky" class="mu-m-link">
            <div class="mu-i">
              <div class="mu-i-datetime">14 Jun 2014 - 16:00
                <span class="wrap-localtime">Local time</span>
              </div>
              <div class="mu-i-date">14 Jun 2014</div>
              <div class="mu-i-matchnum">Match 7</div>
              <div class="mu-i-group">Group D</div>
              <div class="mu-i-location">
                <div class="mu-i-stadium">Estadio Castelao</div>
                <div class="mu-i-venue">Fortaleza</div>
              </div>
            </div>
            <div class="mu-day">
              <span class="t-day">14</span>
              <span class="t-month">Jun</span>
            </div>
            <div class="mu-m">
              <div class="t home" data-team-id="43930">
                <div class="t-i i-4">
                  <span class="t-i-wrap">
                    <img src="http://img.fifa.com/images/flags/4/uru.png" alt="Uruguay" class="URU i-4-flag flag"/>
                  </span>
                </div>
                <div class="t-n">
                  <span class="t-nText ">Uruguay</span>
                  <span class="t-nTri">URU</span>
                </div>
              </div>
              <div class="t away" data-team-id="43901">
                <div class="t-i i-4">
                  <span class="t-i-wrap">
                    <img src="http://img.fifa.com/images/flags/4/crc.png" alt="Costa Rica" class="CRC i-4-flag flag"/>
                  </span>
                </div>
                <div class="t-n">
                  <span class="t-nText ">Costa Rica</span>
                  <span class="t-nTri">CRC</span>
                </div>
              </div>
              <div class="s">
                <div class="s-fixture">
                  <div class="s-status">Full-time</div>
                  <div class="s-status-abbr">FT</div>
                  <div class="s-score s-date-HHmm" data-daymonthutc="1406">
                    <span class="s-scoreText">1-3</span>
                  </div>
                </div>
              </div>
              <div class="mu-reasonwin">
                <span class="text-reasonwin"/>
                <span class="icon-mrep"/>
                <span class="icon-hl"/>
              </div>
              <div class="mu-reasonwin-abbr">
                <span class="text-reasonwin"/>
                <span class="icon-mrep"/>
                <span class="icon-hl"/>
              </div>
            </div>
          </a>
        </div>
      </div>
      <div class="col-xs-12 clear-grid ">
        <div data-id="300186513" match-split="true" class="mu result">
          <a href="/worldcup/matches/round=255931/match=300186513/index.html#nosticky" class="mu-m-link">
            <div class="mu-i">
              <div class="mu-i-datetime">14 Jun 2014 - 18:00
                <span class="wrap-localtime">Local time</span>
              </div>
              <div class="mu-i-date">14 Jun 2014</div>
              <div class="mu-i-matchnum">Match 8</div>
              <div class="mu-i-group">Group D</div>
              <div class="mu-i-location">
                <div class="mu-i-stadium">Arena Amazonia</div>
                <div class="mu-i-venue">Manaus</div>
              </div>
            </div>
            <div class="mu-day">
              <span class="t-day">14</span>
              <span class="t-month">Jun</span>
            </div>
            <div class="mu-m">
              <div class="t home" data-team-id="43942">
                <div class="t-i i-4">
                  <span class="t-i-wrap">
                    <img src="http://img.fifa.com/images/flags/4/eng.png" alt="England" title="England" class="ENG i-4-flag flag"/>
                  </span>
                </div>
                <div class="t-n">
                  <span class="t-nText ">England</span>
                  <span class="t-nTri">ENG</span>
                </div>
              </div>
              <div class="t away" data-team-id="43954">
                <div class="t-i i-4">
                  <span class="t-i-wrap">
                    <img src="http://img.fifa.com/images/flags/4/ita.png" alt="Italy" title="Italy" class="ITA i-4-flag flag"/>
                  </span>
                </div>
                <div class="t-n">
                  <span class="t-nText ">Italy</span>
                  <span class="t-nTri">ITA</span>
                </div>
              </div>
              <div class="s">
                <div class="s-fixture">
                  <div class="s-status">Full-time</div>
                  <div class="s-status-abbr">FT</div>
                  <div class="s-score s-date-HHmm" data-daymonthutc="1406">
                    <span class="s-scoreText">1-2</span>
                  </div>
                </div>
              </div>
              <div class="mu-reasonwin">
                <span class="text-reasonwin"/>
                <span class="icon-mrep"/>
                <span class="icon-hl"/>
              </div>
              <div class="mu-reasonwin-abbr">
                <span class="text-reasonwin"/>
                <span class="icon-mrep"/>
                <span class="icon-hl"/>
              </div>
            </div>
          </a>
        </div>
      </div>
      <div class="col-xs-12 clear-grid ">
        <div data-id="300186507" match-split="true" class="mu result">
          <a href="/worldcup/matches/round=255931/match=300186507/index.html#nosticky" class="mu-m-link">
            <div class="mu-i">
              <div class="mu-i-datetime">14 Jun 2014 - 22:00
                <span class="wrap-localtime">Local time</span>
              </div>
              <div class="mu-i-date">14 Jun 2014</div>
              <div class="mu-i-matchnum">Match 6</div>
              <div class="mu-i-group">Group C</div>
              <div class="mu-i-location">
                <div class="mu-i-stadium">Arena Pernambuco</div>
                <div class="mu-i-venue">Recife</div>
              </div>
            </div>
            <div class="mu-day">
              <span class="t-day">14</span>
              <span class="t-month">Jun</span>
            </div>
            <div class="mu-m">
              <div class="t home" data-team-id="43854">
                <div class="t-i i-4">
                  <span class="t-i-wrap">
                    <img src="http://img.fifa.com/images/flags/4/civ.png" alt="Côte d'Ivoire" class="CIV i-4-flag flag"/>
                  </span>
                </div>
                <div class="t-n">
                  <span class="t-nText ">Côte d'Ivoire</span>
                  <span class="t-nTri">CIV</span>
                </div>
              </div>
              <div class="t away" data-team-id="43819">
                <div class="t-i i-4">
                  <span class="t-i-wrap">
                    <img src="http://img.fifa.com/images/flags/4/jpn.png" alt="Japan" class="JPN i-4-flag flag"/>
                  </span>
                </div>
                <div class="t-n">
                  <span class="t-nText ">Japan</span>
                  <span class="t-nTri">JPN</span>
                </div>
              </div>
              <div class="s">
                <div class="s-fixture">
                  <div class="s-status">Full-time</div>
                  <div class="s-status-abbr">FT</div>
                  <div class="s-score s-date-HHmm" data-daymonthutc="1506">
                    <span class="s-scoreText">2-1</span>
                  </div>
                </div>
              </div>
              <div class="mu-reasonwin">
                <span class="text-reasonwin"/>
                <span class="icon-mrep"/>
                <span class="icon-hl"/>
              </div>
              <div class="mu-reasonwin-abbr">
                <span class="text-reasonwin"/>
                <span class="icon-mrep"/>
                <span class="icon-hl"/>
              </div>
            </div>
          </a>
        </div>
      </div>
    </div>