<?xml version="1.0" encoding="UTF-8"?><div class="match-list-date anchor" id="20140620">
      <h3>
        <span class="h3-wrap">Friday 20 June</span>
      </h3>
      <div class="col-xs-12 clear-grid ">
        <div data-id="300186500" match-split="true" class="mu result">
          <a href="/worldcup/matches/round=255931/match=300186500/index.html#nosticky" class="mu-m-link">
            <div class="mu-i">
              <div class="mu-i-datetime">20 Jun 2014 - 13:00
                <span class="wrap-localtime">Local time</span>
              </div>
              <div class="mu-i-date">20 Jun 2014</div>
              <div class="mu-i-matchnum">Match 24</div>
              <div class="mu-i-group">Group D</div>
              <div class="mu-i-location">
                <div class="mu-i-stadium">Arena Pernambuco</div>
                <div class="mu-i-venue">Recife</div>
              </div>
            </div>
            <div class="mu-day">
              <span class="t-day">20</span>
              <span class="t-month">Jun</span>
            </div>
            <div class="mu-m">
              <div class="t home" data-team-id="43954">
                <div class="t-i i-4">
                  <span class="t-i-wrap">
                    <img src="http://img.fifa.com/images/flags/4/ita.png" alt="Italy" class="ITA i-4-flag flag"/>
                  </span>
                </div>
                <div class="t-n">
                  <span class="t-nText ">Italy</span>
                  <span class="t-nTri">ITA</span>
                </div>
              </div>
              <div class="t away" data-team-id="43901">
                <div class="t-i i-4">
                  <span class="t-i-wrap">
                    <img src="http://img.fifa.com/images/flags/4/crc.png" alt="Costa Rica" class="CRC i-4-flag flag"/>
                  </span>
                </div>
                <div class="t-n">
                  <span class="t-nText ">Costa Rica</span>
                  <span class="t-nTri">CRC</span>
                </div>
              </div>
              <div class="s">
                <div class="s-fixture">
                  <div class="s-status">Full-time</div>
                  <div class="s-status-abbr">FT</div>
                  <div class="s-score s-date-HHmm" data-daymonthutc="2006">
                    <span class="s-scoreText">0-1</span>
                  </div>
                </div>
              </div>
              <div class="mu-reasonwin">
                <span class="text-reasonwin"/>
                <span class="icon-mrep"/>
                <span class="icon-hl"/>
              </div>
              <div class="mu-reasonwin-abbr">
                <span class="text-reasonwin"/>
                <span class="icon-mrep"/>
                <span class="icon-hl"/>
              </div>
            </div>
          </a>
        </div>
      </div>
      <div class="col-xs-12 clear-grid ">
        <div data-id="300186514" match-split="true" class="mu result">
          <a href="/worldcup/matches/round=255931/match=300186514/index.html#nosticky" class="mu-m-link">
            <div class="mu-i">
              <div class="mu-i-datetime">20 Jun 2014 - 16:00
                <span class="wrap-localtime">Local time</span>
              </div>
              <div class="mu-i-date">20 Jun 2014</div>
              <div class="mu-i-matchnum">Match 25</div>
              <div class="mu-i-group">Group E</div>
              <div class="mu-i-location">
                <div class="mu-i-stadium">Arena Fonte Nova</div>
                <div class="mu-i-venue">Salvador</div>
              </div>
            </div>
            <div class="mu-day">
              <span class="t-day">20</span>
              <span class="t-month">Jun</span>
            </div>
            <div class="mu-m">
              <div class="t home" data-team-id="43971">
                <div class="t-i i-4">
                  <span class="t-i-wrap">
                    <img src="http://img.fifa.com/images/flags/4/sui.png" alt="Switzerland" class="SUI i-4-flag flag"/>
                  </span>
                </div>
                <div class="t-n">
                  <span class="t-nText ">Switzerland</span>
                  <span class="t-nTri">SUI</span>
                </div>
              </div>
              <div class="t away" data-team-id="43946">
                <div class="t-i i-4">
                  <span class="t-i-wrap">
                    <img src="http://img.fifa.com/images/flags/4/fra.png" alt="France" class="FRA i-4-flag flag"/>
                  </span>
                </div>
                <div class="t-n">
                  <span class="t-nText ">France</span>
                  <span class="t-nTri">FRA</span>
                </div>
              </div>
              <div class="s">
                <div class="s-fixture">
                  <div class="s-status">Full-time</div>
                  <div class="s-status-abbr">FT</div>
                  <div class="s-score s-date-HHmm" data-daymonthutc="2006">
                    <span class="s-scoreText">2-5</span>
                  </div>
                </div>
              </div>
              <div class="mu-reasonwin">
                <span class="text-reasonwin"/>
                <span class="icon-mrep"/>
                <span class="icon-hl"/>
              </div>
              <div class="mu-reasonwin-abbr">
                <span class="text-reasonwin"/>
                <span class="icon-mrep"/>
                <span class="icon-hl"/>
              </div>
            </div>
          </a>
        </div>
      </div>
      <div class="col-xs-12 clear-grid ">
        <div data-id="300186463" match-split="true" class="mu result">
          <a href="/worldcup/matches/round=255931/match=300186463/index.html#nosticky" class="mu-m-link">
            <div class="mu-i">
              <div class="mu-i-datetime">20 Jun 2014 - 19:00
                <span class="wrap-localtime">Local time</span>
              </div>
              <div class="mu-i-date">20 Jun 2014</div>
              <div class="mu-i-matchnum">Match 26</div>
              <div class="mu-i-group">Group E</div>
              <div class="mu-i-location">
                <div class="mu-i-stadium">Arena da Baixada</div>
                <div class="mu-i-venue">Curitiba</div>
              </div>
            </div>
            <div class="mu-day">
              <span class="t-day">20</span>
              <span class="t-month">Jun</span>
            </div>
            <div class="mu-m">
              <div class="t home" data-team-id="43909">
                <div class="t-i i-4">
                  <span class="t-i-wrap">
                    <img src="http://img.fifa.com/images/flags/4/hon.png" alt="Honduras" class="HON i-4-flag flag"/>
                  </span>
                </div>
                <div class="t-n">
                  <span class="t-nText ">Honduras</span>
                  <span class="t-nTri">HON</span>
                </div>
              </div>
              <div class="t away" data-team-id="43927">
                <div class="t-i i-4">
                  <span class="t-i-wrap">
                    <img src="http://img.fifa.com/images/flags/4/ecu.png" alt="Ecuador" class="ECU i-4-flag flag"/>
                  </span>
                </div>
                <div class="t-n">
                  <span class="t-nText ">Ecuador</span>
                  <span class="t-nTri">ECU</span>
                </div>
              </div>
              <div class="s">
                <div class="s-fixture">
                  <div class="s-status">Full-time</div>
                  <div class="s-status-abbr">FT</div>
                  <div class="s-score s-date-HHmm" data-daymonthutc="2006">
                    <span class="s-scoreText">1-2</span>
                  </div>
                </div>
              </div>
              <div class="mu-reasonwin">
                <span class="text-reasonwin"/>
                <span class="icon-mrep"/>
                <span class="icon-hl"/>
              </div>
              <div class="mu-reasonwin-abbr">
                <span class="text-reasonwin"/>
                <span class="icon-mrep"/>
                <span class="icon-hl"/>
              </div>
            </div>
          </a>
        </div>
      </div>
    </div>