<?xml version="1.0" encoding="UTF-8"?><div class="match-list-date anchor" id="20140708">
      <h3>
        <span class="h3-wrap">Tuesday 08 July</span>
      </h3>
      <div class="col-xs-12 clear-grid ">
        <div data-id="300186474" match-split="true" class="mu result">
          <a href="/worldcup/matches/round=255955/match=300186474/index.html#nosticky" class="mu-m-link">
            <div class="mu-i">
              <div class="mu-i-datetime">08 Jul 2014 - 17:00
                <span class="wrap-localtime">Local time</span>
              </div>
              <div class="mu-i-date">08 Jul 2014</div>
              <div class="mu-i-matchnum">Match 61</div>
              <div class="mu-i-group">Semi-finals</div>
              <div class="mu-i-location">
                <div class="mu-i-stadium">Estadio Mineirao</div>
                <div class="mu-i-venue">Belo Horizonte</div>
              </div>
            </div>
            <div class="mu-day">
              <span class="t-day">08</span>
              <span class="t-month">Jul</span>
            </div>
            <div class="mu-m">
              <div class="t home" data-team-id="43924">
                <div class="t-i i-4">
                  <span class="t-i-wrap">
                    <img src="http://img.fifa.com/images/flags/4/bra.png" alt="Brazil" title="Brazil" class="BRA i-4-flag flag"/>
                  </span>
                </div>
                <div class="t-n">
                  <span class="t-nText ">Brazil</span>
                  <span class="t-nTri">BRA</span>
                </div>
              </div>
              <div class="t away" data-team-id="43948">
                <div class="t-i i-4">
                  <span class="t-i-wrap">
                    <img src="http://img.fifa.com/images/flags/4/ger.png" alt="Germany" title="Germany" class="GER i-4-flag flag"/>
                  </span>
                </div>
                <div class="t-n">
                  <span class="t-nText ">Germany</span>
                  <span class="t-nTri">GER</span>
                </div>
              </div>
              <div class="s">
                <div class="s-fixture">
                  <div class="s-status">Full-time</div>
                  <div class="s-status-abbr">FT</div>
                  <div class="s-score s-date-HHmm" data-daymonthutc="0807">
                    <span class="s-scoreText">1-7</span>
                  </div>
                </div>
              </div>
              <div class="mu-reasonwin">
                <span class="text-reasonwin"/>
                <span class="icon-mrep"/>
                <span class="icon-hl"/>
              </div>
              <div class="mu-reasonwin-abbr">
                <span class="text-reasonwin"/>
                <span class="icon-mrep"/>
                <span class="icon-hl"/>
              </div>
            </div>
          </a>
        </div>
      </div>
    </div>